Title,Average Rating,Number of Ratings
10 Little Robots (Apple IIgs - 1989),0.00,0
1893: A World's Fair Mystery (Mac - 2003),5.00,2
2x2 (DOS - 1995),3.67,3
3D Hypermaths (C64 - 1984),5.00,1
A.I. (Apple II - 1987),4.00,1
A.J.'s World of Discovery (DOS - 1992),4.12,17
ABC Fun Keys (DOS - 1991),0.00,0
ABC: Alphabet Beasts & Co. (C64 - 1984),0.00,0
ACME Animation Factory (SNES - 1994),3.00,2
Across the USA (DOS - 1991),4.33,6
Add It! (DOS - 1992),5.00,1
Addition-Master (DOS - 1990),3.75,4
Advanced DOS Quiz (DOS - 1991),5.00,2
Advanced Thinking Skills (DOS - 1992),4.33,6
Adventures in Math (DOS - 1983),4.50,12
Aeromathics (DOS - 1986),2.50,2
Africa Trail (Mac - 1997),2.33,6
"Agent USA (DOS, Apple II, Atari 8-bit, C64 - 1985)",4.57,14
"ALF in the Color Caves (Atari 8-bit, C64 - 1984)",5.00,1
Alf's Party Kit (DOS - 1988),4.33,3
ALF's Thinking Skills (DOS - 1988),5.00,2
ALF: World of Words (DOS - 1988),0.00,0
Alge-Blaster 3 (Mac - 1995),4.33,3
All About America (Apple IIgs - 1988),5.00,2
All Nighthawk Programs (DOS - 1991),5.00,1
"Alphabet Zoo (Atari 8-bit, C64, VIC-20 - 1983)",0.00,0
"Alpine Tram Ride (DOS, C64 - 1989)",0.00,0
Amazon Trail 3rd Edition (Mac - 1998),4.22,23
Animal Math (DOS - 1986),3.50,6
Animal Vegetable Mineral (Amstrad CPC - 1984),0.00,0
Animated Math (DOS - 1991),4.00,3
Ante-Up at the Friday Night Poker Club (DOS - 1990),3.50,4
"Arcade Trivia Quiz (DOS, Amstrad CPC, Atari ST, C64 - 1993)",5.00,1
Arithmetic Games Set 1 (DOS - 1981),4.75,4
Art Alive (Genesis - 1991),0.00,0
Arthur's Birthday (Mac - 1994),3.88,8
"Astro-Grover (DOS, Atari 8-bit, C64 - 1987)",4.58,9
BackPacker Junior (Mac - 2001),5.00,2
Bagasaurus (C64 - 1988),5.00,1
Bailey's Book House (Mac - 1993),4.61,23
"Balance of the Planet (DOS, Mac - 1990)",4.79,19
Ballons & Rainbows 5.0 (DOS - 1992),0.00,0
Bank Street Music Writer (DOS - 1986),4.20,5
"Bannercatch (Atari 8-bit, C64 - 1984)",4.00,1
Barney Bear Goes to Farm (DOS - 1993),4.00,6
Barney Bear Goes to School (DOS - 1992),4.67,3
Barney Bear Goes to Space (DOS - 1992),3.25,4
Barry the Bear (Windows 3.x - 1994),5.00,1
BBC Ask the Family (C64 - 1984),5.00,1
Berlin Connection (Mac - 1998),5.00,1
"Bible Adventures (Genesis, NES - 1995)",0.00,0
Bible Buffet (NES - 1993),0.00,0
Bible Builder (DOS - 1992),3.37,8
Big Bird's Hide and Speak (NES - 1990),0.00,0
Big Rig (DOS - 1987),4.50,4
Black Cats and Pointed Hats (Mac - 2000),4.67,3
BMX Number Jump (C64 - 1984),1.00,1
Bobby Fischer Teaches Chess (DOS - 1994),5.00,2
Bodyworks Voyager: Missions in Anatomy (DOS - 1994),4.50,6
Bop (C64 - 1983),4.00,1
Bouncy Bee Learns Letters (DOS - 1985),5.00,2
Brain Strainers (Atari 8-bit - 1983),4.00,1
Brandon's Big Lunchbox (DOS - 1989),5.00,1
Bronkie The Bronchiasaurus (SNES - 1994),0.00,0
Brzdąc (DOS - 1995),2.33,3
Bugs Bunny Cartoon Workshop (DOS - 1990),4.77,13
Bumble Games (DOS - 1983),5.00,2
Bumble Plot (DOS - 1983),1.00,1
Bush Buck: Global Treasure Hunter (DOS - 1991),4.94,15
C.Y.P.H.E.R. Operation US Presidents (DOS - 1992),5.00,4
Caesar's Travels (C64 - 1984),0.00,0
Caillou: Magic Playhouse (Mac - 2001),5.00,2
Captain Bible in Dome of Darkness (DOS - 1994),4.05,21
Captain Novolin (SNES - 1992),0.00,0
Car Builder (DOS - 1982),4.20,63
Carmen Sandiego Word Detective (Mac - 1997),3.73,15
Carmen Sandiego: Junior Detective Edition (Mac - 1995),3.80,5
Cartooners (DOS - 1989),4.69,16
Castle Explorer (Mac - 1996),5.00,8
Castle Infinity (Windows - 1996),4.00,1
"Castle of Dr. Brain (DOS, Amiga, Mac - 1991)",4.75,28
Catch Simona in New York City (DOS - 1993),4.43,7
Catz: Your Computer Petz (Mac - 1996),4.50,2
Catz: Your Computer Petz (Windows - 1996),4.36,11
Cave of the Word Wizard (C64 - 1983),3.00,2
Change Maker (DOS - 1991),5.00,1
Charlie Brown's ABCs (C64 - 1984),0.00,0
Chatterbee (Atari 8-bit - 1983),0.00,0
Christmas Carols (DOS - 1984),5.00,5
Christmas Matchup (DOS - 1994),5.00,2
ClueFinders: 3rd Grade Adventures (Windows - 1998),0.00,0
"ClueFinders: Mystery Mansion Arcade (Windows, Mac - 2000)",5.00,4
ClueFinders: The Incredible Toy Store Adventure (Mac - 2001),5.00,4
"Coco Notes (Atari 8-bit, C64 - 1984)",0.00,0
Code: Europe (DOS - 1993),4.00,5
Color a Dinosaur (NES - 1993),1.00,1
Columbus Discovery (DOS - 1992),4.29,7
Combination Wars (C64 - 1982),5.00,2
Computer Operator (DOS - 1982),5.00,1
Connections (Mac - 1995),4.75,4
Cops and Robbers: Police Subtraction (C64 - 1985),4.00,1
"Countdown (Amstrad CPC, C64 - 1986)",4.00,1
Cranky (Dragon 32/64 - 1984),4.00,1
Crime Lab: Case of the Missing Masterpiece (DOS - 1987),5.00,5
Crosscountry Canada (DOS - 1991),4.62,45
Crosscountry USA (Home Edition) (Mac - 1995),4.83,6
Crossword (DOS - 1987),1.00,1
Crusader: Adventure Out of Time (Mac - 1997),5.00,4
"Crypto Cube (Atari 8-bit, C64 - 1983)",0.00,0
Cyberchase: Castleblanca Quest (Mac - 2003),5.00,3
"Daffy Duck, P.I.: The Case of the Missing Letters (DOS - 1991)",3.40,5
Dance of the Planet 2.0 (DOS - 1990),5.00,5
Dark Mist: The Wizard Vanishes (Mac - 2001),4.00,1
"Das Erbe (DOS, Amiga - 1991)",4.60,5
Davidic Matchup (DOS - 1995),4.00,4
De verdwenen kleuren van Van Gogh (Windows - 2001),0.00,0
Deluxe Trivial Pursuit (DOS - 1992),4.80,14
Demolition Division (C64 - 1984),0.00,0
"Des Chiffres et des Lettres (DOS, Amstrad CPC, C64 - 1987)",4.64,11
"Designasaurus (DOS, Amiga, Apple IIgs - 1988)",5.00,3
Designasaurus II (DOS - 1990),4.52,25
"Destination: Mars! (DOS, Mac - 1991)",4.50,8
Dig-Dogs: Streetbusters (DOS - 1994),4.29,45
Digi Duck (Atari 8-bit - 1992),0.00,0
Dino-Sorcerer (DOS - 1990),5.00,3
"Dinopark Tycoon (DOS, Mac - 1993)",4.32,155
Dinosaur Safari (Windows - 1996),5.00,3
Discover Space (DOS - 1992),5.00,7
Discover the World II (Mac - 1995),5.00,6
Discovering America (DOS - 1994),4.83,6
Disney Learning Adventure: Search for the Secret Keys (Mac - 2002),5.00,1
Disney presents Ariel's Story Studio (Mac - 1999),4.80,5
Disney's Animated Storybook: The Hunchback of Notre Dame (Windows - 1996),5.00,1
Disney's Animated Storybook: Toy Story (Windows - 1996),0.00,0
Disney's Beauty and the Beast (DOS - 1992),4.29,30
Disney's Math Quest with Aladdin (Mac - 1998),4.73,15
Disney's The Emperor's New Groove: Groove Center (Mac - 2002),4.43,7
Disney's The Lion King Activity Center (Windows - 1995),5.00,2
Disney's The Lion King II: Simba's Pride - Active Play (Windows - 1998),0.00,0
Disney's Toy Story Activity Center (Windows - 1996),5.00,1
Distant Armies: A Playing History of Chess (Amiga - 1988),5.00,3
Diva Starz: Mall Mania (Game Boy Color - 2001),0.00,0
Don't Shoot That Word! (Atari 8-bit - 1983),0.00,0
"Donald Duck's Playground (DOS, Amiga, Apple II, Atari ST, C64 - 1986)",4.70,13
"Donald's Alphabet Chase (DOS, Amstrad CPC, C64 - 1988)",4.70,36
Donkey Kong Jr. Math (NES - 1983),0.00,0
Dora the Explorer: Lost City Adventure (Mac - 2002),4.50,16
"Dr. Ruth's Computer Game of Good Sex (DOS, C64 - 1986)",3.72,25
Dr. Seuss's Fix-Up the Mix-Up Puzzler (Atari 8-bit - 1984),5.00,1
"Dragon's Keep (Atari 8-bit, C64 - 1984)",2.00,1
Drum Blaster (DOS - 1992),3.33,3
Eagle Eye Mysteries (DOS - 1993),4.85,13
Eagle Eye Mysteries in London (DOS - 1994),4.00,14
"Early Games for Young Children (DOS, Atari 8-bit, C64 - 1984)",3.00,2
Earth Quest (DOS - 1990),4.57,7
Eco-Saurus (DOS - 1991),4.40,10
EcoQuest: The Search for Cetus (DOS - 1991),4.79,25
Education Series: General Knowledge Builder (C64 - 1989),4.00,1
Egypt 1156 B.C.: Tomb of the Pharaoh (Mac - 1997),5.00,1
Einstein Jr.s Classroom (DOS - 1992),5.00,2
Electric Crayon 3.0: Inspector Gadget: Safety Patrol (DOS - 1991),0.00,0
Electric Crayon 3.1: At the Zoo (DOS - 1992),5.00,1
Electric Crayon 3.1: Super Mario Bros & Friends: When I Grow Up (DOS - 1992),4.37,32
Electric Crayon Deluxe: At the Zoo (DOS - 1990),4.50,4
Electric Crayon Deluxe: Dinosaurs Are Forever (DOS - 1988),4.43,7
"Electric Crayon Deluxe: Teenage Mutant Ninja Turtles: World Tour (DOS, C64 - 1990)",4.00,7
Electronic Grammar: Parts of Speech (DOS - 1986),5.00,1
Elroy Goes Bugzerk (Mac - 1995),5.00,1
Elroy Hits the Pavement (Mac - 1996),4.00,5
Emergency Mission (DOS - 1986),4.00,1
"Encyclopedia of War: Ancient Battles (DOS, Amiga, Amstrad CPC - 1988)",5.00,7
"Energie-Manager (DOS, Amiga - 1993)",4.17,6
Energy Czar (Atari 8-bit - 1980),5.00,3
Ernie's Big Splash (DOS - 1987),5.00,13
"Every Second Counts (Amstrad CPC, C64 - 1988)",5.00,1
Evolution: The Game of Intelligent Life (Windows - 1997),4.62,13
"Exodus: Journey to the Promised Land (DOS, Game Boy, Genesis, NES - 1992)",4.07,14
Exotic Car Showroom (DOS - 1992),4.33,6
Expert Common Knowledge (DOS - 1992),5.00,1
"FaceMaker (DOS, Atari 8-bit, C64, VIC-20 - 1984)",3.00,2
Facemaker (VIC-20 - 1982),0.00,0
Factor Blast (Atari 8-bit - 1983),4.00,1
"Fatty Bear's Birthday Surprise (DOS, Mac - 1993)",4.59,176
Firestorm: The Forest Fire Simulation Program (DOS - 1995),5.00,2
First Class with the Shoe People (Amstrad CPC - 1991),0.00,0
Fisher-Price Great Adventures: Wild Western Town (Mac - 1997),4.50,6
Fisher-Price I Can Remember (NES - 1990),0.00,0
Fisher-Price Perfect Fit (NES - 1990),5.00,1
Flippy's Circus Coins (DOS - 1988),2.50,4
Foxtrot Delta (DOS - 1990),3.00,2
Fraction Action (C64 - 1984),0.00,0
"Fraction Fever (Atari 8-bit, C64 - 1983)",0.00,0
Freddi Fish 2: The Case of the Haunted Schoolhouse (Mac - 1996),4.44,31
Freddi Fish 3: The Case of the Stolen Conch Shell (Mac - 1998),4.53,68
Freddi Fish 4: The Case of the Hogfish Rustlers of Briny Gulch (Mac - 1999),4.41,22
Freddi Fish 5: The Case of the Creature of Coral Cove (Mac - 2001),4.58,34
Freddi Fish and the Case of the Missing Kelp Seeds (Mac - 1995),4.11,19
Freedom! (Apple II - 1992),3.00,2
"Fun School 2: For 6-8 Year Olds (Amstrad CPC, C64 - 1989)",0.00,0
"Fun School 2: For the Over-8s (Amstrad CPC, C64 - 1989)",0.00,0
"Fun School 2: For the Under-6s (Amstrad CPC, C64 - 1989)",5.00,1
"Fun School 3 for the Under 5s (Amstrad CPC, Atari ST, C64 - 1990)",0.00,0
"Fun School 3: for 5 to 7 Year Olds (Amstrad CPC, C64 - 1991)",5.00,1
"Fun School 3: for the over 7s (Amstrad CPC, C64 - 1990)",0.00,0
"Fun School 4: For 5 to 7 Year Olds (Amstrad CPC, C64 - 1992)",0.00,0
Fun School 4: for 7 to 11 year olds (C64 - 1992),0.00,0
"Fun School 4: for the under 5s (DOS, C64 - 1992)",3.00,1
Funny Face (DOS - 1990),3.67,6
G-Netix (Mac - 1993),5.00,3
Galleons of Glory: The Secret Voyage of Magellan (DOS - 1990),4.89,9
Garfield's Mad About Cats (Mac - 2000),5.00,1
"Gertrude's Puzzles (DOS, C64 - 1984)",4.50,2
"Gertrude's Secrets (DOS, C64 - 1984)",4.71,7
Go West! The Homesteader's Challenge (Windows - 1996),5.00,4
Golden Gate (Mac - 1997),4.00,1
"Goofy's Railway Express (DOS, Amiga, C64 - 1991)",4.56,16
"Granny's Garden (Amstrad CPC, C64 - 1987)",1.00,1
Grossology (Windows - 1997),5.00,1
Gumboots Australia (DOS - 1990),4.43,7
"Headline Harry and The Great Paper Race (DOS, Mac - 1991)",4.67,9
Heathcliff: Fun with Spelling (Atari 8-bit - 1984),0.00,0
Hi-Q-Quiz (C64 - 1988),0.00,0
Hoofdrekenen (DOS - 1990),1.00,1
How to Weigh an Elephant (DOS - 1989),0.00,0
Humpty Dumpty & Cock Robin (C64 - 1984),0.00,0
I Spy Spooky Mansion (Mac - 1999),3.90,10
I.M. Meen (DOS - 1995),4.67,33
Ikinari Musician (NES - 1987),0.00,0
In Search of the Lost Words (Windows 3.x - 1996),5.00,6
In the Days of Knights & Kings (DOS - 1989),4.56,9
Inspector Gadget: Mission 1 - Global Terror! (DOS - 1992),4.65,18
Invaders Addition (VIC-20 - 1982),0.00,0
Jabbertalky (DOS - 1982),0.00,0
Jenny of the Prairie (DOS - 1985),0.00,0
Jenny's Journeys (Apple II - 1984),4.00,1
Jesus Matchup (DOS - 1994),4.00,2
"Jeu du Pendu, Le (DOS - 1987)",1.00,1
"Joshua & the Battle of Jericho (Game Boy, Genesis, NES - 1993)",0.00,0
Journey to the Promised Land (DOS - 1992),5.00,3
Juggles' Butterfly (DOS - 1983),2.00,1
"Juilliard Music Adventure (Windows 3.x, Mac - 1995)",5.00,2
"Jungle Quest (DOS, Apple II, C64 - 1984)",0.00,0
Jurassic Spelling (DOS - 1993),0.00,0
Just Grandma and Me (Mac - 1992),4.90,10
"Katie's Farm (DOS, Amiga - 1990)",3.00,3
Kevin The Kangaroo (Windows 3.x - 1994),3.50,2
Kid Pix Studio Deluxe (Mac - 1998),4.52,33
Kid Works 2 (DOS - 1992),5.00,4
Kid's Stuff (DOS - 1990),5.00,1
"Kids on Keys (DOS, Atari 8-bit, C64, VIC-20 - 1984)",4.00,2
"Kindercomp (DOS, C64, VIC-20 - 1983)",0.00,0
King James Bible For Use On Game Boy (Game Boy - 1994),4.00,2
King of Kings: The Early Years (NES - 1991),5.00,1
Laser Surgeon: The Microscopic Mission (DOS - 1987),5.00,5
"Le Labyrinthe d'Errare (Amstrad CPC, Atari ST - 1989)",0.00,0
"Le labyrinthe d'Orthophus (DOS, Amstrad CPC, Atari ST - 1989)",4.00,1
"Le Labyrinthe de Morphintax (Amstrad CPC, Atari ST - 1991)",0.00,0
Learn about Fractions (DOS - 1992),5.00,2
Learn about Programming (DOS - 1992),5.00,2
"Learn to Add (DOS, C64 - 1987)",5.00,1
Learning with FuzzyWOMP (Apple II - 1984),5.00,1
Learning with Leeper (C64 - 1983),0.00,0
LEGO Friends (Windows - 1999),0.00,0
LEGO MindStorms Star Wars Droid Developer Kit (Windows - 1999),0.00,0
LEGO Spybotics (Windows - 2002),0.00,0
LEGO Stunt Rally (Windows - 2001),4.50,2
LEGO Technic Cybermaster (Windows - 1998),0.00,0
LEGO Technic Search Sub (Windows - 1997),0.00,0
LEGO Technic TechLab 01 (Windows 3.x - 1997),0.00,0
Literki - Cyferki (DOS - 1993),4.00,1
Little Monster at School (Mac - 1994),5.00,3
"Logical Journey of the Zoombinis (Windows, Mac - 1996)",4.38,391
Logo (DOS - 1983),4.00,1
Lost Secret of the Rainforest (DOS - 1993),4.51,28
Louis The Lion (Windows 3.x - 1994),0.00,0
M*A*T*H*S Circus (DOS - 1992),3.91,65
Madeline and the Magnificent Puppet Show (Windows - 1995),4.50,4
Madeline European Adventures (Windows - 1996),4.64,14
Magic Boxes (DOS - 1989),5.00,1
Magic Crayon (DOS - 1990),0.00,0
Magic Fairy Tales: Barbie As Rapunzel (Mac - 1997),4.44,18
Magic School Bus Lands on Mars (Mac - 2000),4.50,4
Magic School Bus Volcano Adventure (Mac - 2001),4.00,7
Magical Myths (Apple IIgs - 1988),5.00,1
Magiczne Karty (DOS - 1993),0.00,0
Maisy's Playhouse (Mac - 1999),4.00,3
Maker's Matchup (DOS - 1994),5.00,2
Marathon (C64 - 1983),4.00,1
"Mario is Missing! (DOS, Mac, NES, SNES - 1992)",4.58,164
Mario Paint (SNES - 1992),5.00,1
"Mario Teaches Typing (DOS, Mac - 1992)",4.42,1586
Mario Teaches Typing 2 (Mac - 1997),4.51,182
"Mario's Early Years: Fun With Letters (DOS, SNES - 1993)",4.76,17
Mario's Early Years: Fun with Numbers (SNES - 1994),0.00,0
Mario's Early Years: Preschool Fun (SNES - 1994),5.00,1
"Mario's Time Machine (DOS, NES, SNES - 1993)",5.00,17
Masters of the Elements (Mac - 1999),4.80,5
"MasterType (Mac, Apple II, C64, VIC-20 - 1984)",0.00,0
Match Wits (Atari 8-bit - 1984),0.00,0
Math Blaster Ages 7-8 Mission 2: Race For The Omega Trophy (Windows - 2000),0.00,0
"Math Blaster Plus! (DOS, Apple IIgs - 1987)",4.60,30
"Math Blaster! (DOS, C64 - 1983)",5.00,3
"Math Blaster: Episode One - In Search of Spot (Mac, Genesis, SNES - 1995)",4.52,23
Math Mileage (Atari 8-bit - 1984),4.00,1
Math Rabbit (DOS - 1986),4.46,13
Math Rescue (DOS - 1992),4.38,21
Math Workshop (Mac - 1995),4.30,10
Matrix Madness (DOS - 1984),4.00,1
"Mavis Beacon Teaches Typing! (DOS, C64 - 1987)",4.18,167
Max and the Magician (Mac - 2001),4.50,2
McGee at the Fun Fair (Amiga - 1991),5.00,1
Mega Math (DOS - 1992),4.33,9
Memory Lane (DOS - 1990),0.00,0
"Memory Manor (Atari 8-bit, C64 - 1984)",0.00,0
Merlin's Math (DOS - 1992),2.00,2
"Mickey's 123: The Big Surprise Party (DOS, Amiga - 1992)",4.33,45
Mickey's ABC's: A Day at the Fair (DOS - 1992),4.36,14
Mickey's Adventures in Numberland (NES - 1994),1.00,1
Mickey's Colors & Shapes (DOS - 1991),4.67,3
Mickey's Crossword Puzzle Maker (DOS - 1991),5.00,2
Mickey's Jigsaw Puzzles (DOS - 1991),5.00,2
Mickey's Memory Challenge (DOS - 1990),5.00,4
"Mickey's Runaway Zoo (DOS, Atari ST, C64 - 1991)",5.00,1
Mickey's Safari In Letterland (NES - 1993),5.00,1
"Mickey's Space Adventure (DOS, Apple II, C64 - 1986)",3.87,15
Microsoft Space Simulator (DOS - 1994),4.73,49
Millie's Math House (Mac - 1992),4.45,29
Mind Castle (DOS - 1993),5.00,2
Mind Castle I (Apple II - 1984),5.00,1
"Mind Prober (DOS, C64 - 1984)",4.45,11
"Mind Pursuit (Apple II, C64 - 1986)",0.00,0
Mix And Match (DOS - 1991),5.00,1
Mixed Up Fairy Tales (DOS - 1992),4.40,15
Mixed-Up Mother Goose (DOS - 1991),4.30,36
Mixed-Up Mother Goose Deluxe (Mac - 1995),4.33,6
"Monkey Business (DOS, C64 - 1986)",5.00,2
Monster Math (DOS - 1983),4.50,8
Monster Trivia (C64 - 1985),0.00,0
"Moptown Parade (DOS, C64 - 1984)",0.00,0
"Mortimer and the Riddles of the Medallion (Windows, Mac - 1996)",0.00,0
Moses Matchup (DOS - 1994),5.00,5
Motoko-chan no Wonder Kitchen (SNES - 1993),0.00,0
Mr. Potato Head Saves Veggie Valley (Mac - 1996),3.88,17
"Museum Madness (DOS, Mac - 1994)",4.78,9
My First Alphabet (Atari 8-bit - 1981),0.00,0
"My Letters, Numbers and Words (DOS - 1990)",5.00,2
Mystery at the Museums (DOS - 1993),5.00,2
Nederland (DOS - 1991),0.00,0
Nephi's Quest (DOS - 1990),5.00,1
Nickelodeon Director's Lab (DOS - 1994),5.00,1
Nigel's World (DOS - 1991),4.00,2
Night Café (Mac - 1997),0.00,0
Notable Phantom (DOS - 1984),5.00,2
Number Builder (Commodore 16 - 1985),0.00,0
Number Chaser (Commodore 16 - 1985),0.00,0
Number Fun 1 (DOS - 1986),0.00,0
Number Munchers (DOS - 1990),4.51,65
Number Puzzler (Dragon 32/64 - 1984),4.00,2
NumberMaze (Mac - 1988),4.75,4
"Odell Down Under (Windows 3.x, Mac - 1994)",4.12,25
"Odell Lake (Apple II, C64 - 1986)",5.00,4
Oeka Kids: Anpanman no Hiragana Daisuki (NES - 1991),0.00,0
Off To Europe (DOS - 1992),1.60,10
"Once Upon A Time: Abracadabra (DOS, Amiga - 1991)",3.50,2
"Once Upon A Time: Little Red Riding Hood (DOS, Amiga - 1991)",4.17,6
Opera Fatal (Mac - 1996),5.00,3
Operation Neptune (DOS - 1991),4.80,49
"Operation: Frog (DOS, Apple II, C64 - 1992)",5.00,5
Orbits Voyage through The Solar System (DOS - 1991),4.67,9
Oregon Trail Deluxe (DOS - 1992),4.17,1137
"Oregon Trail II (Windows, Mac - 1995)",4.22,210
Ortografia (Atari 8-bit - 1991),3.00,1
"Ortotris (DOS, C64 - 1992)",4.00,2
Osprey! (C64 - 1984),4.00,1
Oz: The Magical Adventure (Mac - 2000),3.90,10
P-Robots (DOS - 1988),3.71,7
P.A.W.S. - Personal Automated Wagging System (Mac - 1995),5.00,1
"P.T.O.: Pacific Theater of Operations (Genesis, PC-88, SNES - 1992)",4.50,4
Pac-Maine (DOS - 1988),1.00,1
Packy & Marlon (SNES - 1995),0.00,0
Pajama Sam 2: Thunder and Lightning aren't so Frightening (Mac - 1998),4.68,45
Pajama Sam 3: You Are What You Eat From Your Head To Your Feet (Mac - 2001),4.65,54
Pajama Sam: No Need to Hide When It's Dark Outside (Mac - 1996),4.61,178
Panoplia: The Full Armor of God (DOS - 1991),5.00,1
Paris 1313: The Mystery of Notre-Dame Cathedral (Mac - 1999),3.50,2
"Patton Strikes Back: The Battle of the Bulge (DOS, Mac - 1991)",4.75,16
PC-BLOX 2 (DOS - 1993),0.00,0
PC-BLOX 3 (DOS - 1998),0.00,0
Pepper's Adventures in Time (DOS - 1993),4.74,19
Perfect Match (Atari ST - 1987),0.00,0
PET Nuclear Power Plant (C64 - 1982),5.00,2
Peter Pan and Robin Hood Fairy Tale Factory (DOS - 1989),5.00,1
Peter Pan: A Story Painting Adventure (DOS - 1993),4.50,20
Phonics Plus (DOS - 1991),0.00,0
Phrase Master (DOS - 1990),0.00,0
Physicus: Save the World with Science! (Mac - 1999),5.00,4
"Piece of Cake (DOS, Atari 8-bit, C64 - 1984)",5.00,3
Pilgrim Quest (DOS - 1991),4.75,8
"Pipes (DOS, C64, VIC-20 - 1983)",3.67,3
Pippi (Mac - 1995),1.00,1
Pirates: Captain's Quest (Mac - 1997),5.00,2
Pok The Little Artiste (Windows 3.x - 1994),0.00,0
Polowanie na Litery (C64 - 1994),0.00,0
Pop-Quiz (DOS - 1991),0.00,0
Popeye no Eigo Asobi (NES - 1983),0.00,0
PQ: The Party Quiz Game (Atari 8-bit - 1984),0.00,0
"Project: Space Station (DOS, Apple II, C64 - 1987)",4.74,23
Proto Type (DOS - 1989),5.00,1
Provincies (DOS - 1991),0.00,0
"Pub Trivia Simulator (Amiga, Amstrad CPC, C64 - 1989)",0.00,0
"Putt-Putt Goes to the Moon (DOS, Mac - 1993)",4.68,142
Putt-Putt Joins the Circus (Mac - 2000),4.81,35
"Putt-Putt Joins the Parade (DOS, Mac - 1992)",4.58,283
Putt-Putt Saves the Zoo (Mac - 1996),4.53,65
Putt-Putt Travels Through Time (Mac - 1997),4.83,29
Putt-Putt's Fun Pack (DOS - 1994),4.32,38
Qin: Tomb of the Middle Kingdom (Mac - 1996),0.00,0
Quarky & Quaysoo's Turbo Science (DOS - 1992),5.00,8
"Quiwi (Amstrad CPC, C64 - 1986)",0.00,0
Rainbow Fish and the Whale (Mac - 2001),0.00,0
"Reader Rabbit (DOS, Apple IIgs, C64 - 1987)",4.31,26
Reader Rabbit 2 (DOS - 1991),4.63,16
Reader Rabbit 3 (Mac - 1996),3.75,4
Reader Rabbit's Kindergarten (Mac - 1997),3.93,14
Reader Rabbit's Ready for Letters (DOS - 1992),5.00,11
Reader Rabbit's Toddler (Mac - 1998),4.50,24
Reading and Me (DOS - 1988),4.50,4
Reading Blaster 9-12 1.0 (Mac - 1998),4.31,29
Reading Blaster Junior (Windows - 1995),4.20,5
Reading Blaster: Invasion of the Word Snatchers (Windows - 1995),0.00,0
Return of The Dinosaur (DOS - 1988),5.00,2
Rex Ronan: Experimental Surgeon (SNES - 1993),4.00,1
Richard Scarry's BusyTown (Genesis - 1994),0.00,0
Robinson Crusoe (Mac - 2001),4.00,2
Robot Odyssey (DOS - 1985),4.78,49
Rock and Bach Studio (DOS - 1993),0.00,0
"Rocky's Boots (DOS, C64 - 1984)",4.45,9
Rodney's Funscreen (DOS - 1992),5.00,2
Ruler (C64 - 1984),5.00,1
Run for the Money (Atari 8-bit - 1984),5.00,2
Safe Opening Simulator (DOS - 1993),4.43,7
Sammy's Science House (Mac - 1994),4.74,19
Sansū 1-nen: Keisan Game (NES - 1986),0.00,0
Sansū 2-nen: Keisan Game (NES - 1986),0.00,0
Sansū 3-nen: Keisan Game (NES - 1986),0.00,0
Sansū 4-nen: Keisan Game (NES - 1986),0.00,0
Sansū 5・6-nen: Keisan Game (NES - 1986),0.00,0
Scholastic's The Magic School Bus Explores the Human Body (Mac - 1994),4.85,13
Scholastic's The Magic School Bus: Space Exploration Game (Genesis - 1995),0.00,0
Schoolhouse (DOS - 1991),4.00,2
Scooby-Doo!: Case File #1 - The Glowing Bug Man (Windows - 2002),0.00,0
Scooter's Magic Castle (DOS - 1993),4.36,14
"Scrabble (Amiga, Atari ST - 1993)",0.00,0
Scrabble: The Deluxe Computer Edition (DOS - 1990),4.48,25
Sea Horse Hide'n Seek (Atari 8-bit - 1984),0.00,0
Sea Speller (C64 - 1984),4.00,1
See the U.S.A. (DOS - 1987),5.00,4
Sesame Street 1 2 3 (NES - 1989),5.00,1
Sesame Street 1 2 3/A B C (NES - 1991),0.00,0
Sesame Street A B C (NES - 1989),0.00,0
Sesame Street Countdown (NES - 1992),5.00,1
Sesame Street: Counting Cafe (Genesis - 1994),5.00,1
"Sesame Street: Letter-Go-Round (DOS, Atari 8-bit, C64 - 1988)",4.91,11
Sethi and the Inca Wizard (Mac - 2001),0.00,0
"Sheila Rae, the Brave (Windows - 1996)",4.00,2
"SimEarth: The Living Planet (DOS, Amiga, SNES - 1990)",4.49,76
SimHealth (DOS - 1994),4.45,11
"Sir AddaLot's ""Mini"" Math Adventure (DOS - 1993)",4.10,10
Sky Writer (Atari 8-bit - 1983),0.00,0
Skyworker (Amiga - 1994),0.00,0
Slater & Charlie Go Camping (DOS - 1993),5.00,3
Smoke Attack (Windows - 2002),4.00,2
Smoke Attack 2 (Windows - 2004),3.00,1
Snap Dragon (DOS - 1992),4.59,27
"Snooper Troops (DOS, Apple II, C64 - 1982)",4.07,15
"Snooper Troops: Case #2 - The Case of the Disappearing Dolphin (DOS, C64 - 1982)",4.10,10
Snoopy's Campfire Stories (Mac - 1996),5.00,1
Snoopy's Game Club (DOS - 1992),4.67,9
"Sooty's Fun With Numbers (Amstrad CPC, C64 - 1990)",0.00,0
Space Kids (DOS - 1994),4.50,4
Space Math (VIC-20 - 1981),4.00,1
Spell Castle (DOS - 1986),0.00,0
Spell It Plus! (DOS - 1989),4.25,4
Spellicopter (Atari 8-bit - 1983),0.00,0
Spider Eater (C64 - 1983),0.00,0
Spills & Fills (VIC-20 - 1983),4.00,1
"Spiritual Warfare (DOS, Game Boy, Genesis, NES - 1993)",4.81,16
"Spy Fox 2: ""Some Assembly Required"" (Mac - 1999)",4.40,15
"Spy Fox in ""Dry Cereal"" (Mac - 1997)",4.50,32
Stack-Up (NES - 1985),0.00,0
Star Trek: The Next Generation - Trivia (DOS - 1990),4.25,4
Star Wars: DroidWorks (Mac - 1998),4.56,9
"Star Wars: Yoda's Challenge - Activity Center (Windows, Mac - 1999)",3.67,3
States and Capitals (DOS - 1988),4.00,1
States and Capitals (DOS - 1983),4.00,1
Stickybear Math (Apple II - 1984),0.00,0
"Stickybear Town Builder (DOS, C64 - 1992)",4.33,3
"Story Machine (Atari 8-bit, C64, VIC-20 - 1982)",0.00,0
Storybook Weaver (DOS - 1994),4.51,229
Storybook Weaver Deluxe 95 (Windows - 1996),4.24,21
Sum Ducks (C64 - 1985),0.00,0
Super Munchers: The Challenge Continues... (DOS - 1991),4.40,90
Super Solvers Mission: T.H.I.N.K. (Mac - 1999),4.00,10
Super Solvers: Challenge of the Ancient Empires! (DOS - 1990),4.76,45
Super Solvers: Gizmos & Gadgets! (DOS - 1993),4.46,176
Super Solvers: Midnight Rescue! (DOS - 1989),4.64,66
Super Solvers: Outnumbered! (DOS - 1990),4.67,42
"Super Solvers: Spellbound! (DOS, Mac - 1991)",4.92,26
Super Solvers: Treasure Mountain! (DOS - 1990),4.42,120
Super Spellicopter (DOS - 1991),4.50,2
Taglit: Nahesh Ota! (DOS - 1991),4.00,1
Taipan (DOS - 1982),4.43,7
Talking Phonics Plus (DOS - 1991),0.00,0
Techno Quest (Windows - 1997),4.56,9
The Aeronautics Quiz MK 2 (DOS - 1991),5.00,1
The Alcor Trivia Pro Classic Star Trek (Star Log - I) (DOS - 1992),5.00,1
"The Amazon Trail (DOS, Mac - 1993)",4.10,134
The Astronomy Quiz (DOS - 1988),5.00,4
The Awesome Adventures of Victor Vector & Yondo: The Cyberplasm Formula (Mac - 1995),4.00,1
The Awesome Adventures of Victor Vector & Yondo: The Hypnotic Harp (Mac - 1993),3.33,3
The Awesome Adventures of Victor Vector & Yondo: The Last Dinosaur Egg (Mac - 1993),4.00,1
The Backyard (DOS - 1993),4.20,5
The ClueFinders: 4th Grade Adventures (Mac - 1998),4.34,29
The Computer Quiz (DOS - 1988),4.71,7
The Fennels Figure Math (Windows - 1996),0.00,0
The Global Dilemma: Guns or Butter (DOS - 1990),4.00,18
"The Halley Project: A Mission In Our Solar System (Amiga, C64 - 1986)",4.00,4
The Hitchhiker's Guide to the Galaxy Trivia Challenge (DOS - 1990),5.00,2
The IBM Basic Quiz (DOS - 1989),3.75,4
The Island of Dr. Brain (DOS - 1992),4.33,37
"The Krypton Factor (Amstrad CPC, C64 - 1987)",0.00,0
The Land Before Time: Kindergarten Adventure (Mac - 1998),5.00,1
The Lost Mind of Dr. Brain (Mac - 1995),4.35,17
"The Lost Tribe (DOS, Mac - 1992)",4.31,13
The Magic School Bus Explores Bugs (Mac - 2000),4.64,11
"The Manhole (DOS, Mac - 1989)",4.67,6
"The Miracle Piano Teaching System (Genesis, NES - 1992)",5.00,1
"The Oregon Trail (DOS, Mac, Apple II - 1990)",4.31,131
The Oregon Trail 1.2 for Windows (Windows - 1995),4.32,175
"The Playroom (DOS, Mac - 1989)",4.62,13
The Playworld (DOS - 1993),3.67,3
The Railroad Works (C64 - 1984),5.00,3
The Second Kids' World Almanac Adventure (DOS - 1990),5.00,2
The Secret Codes of C.Y.P.H.E.R.: Operation Wildlife (DOS - 1991),3.83,6
"The Secret Island of Dr. Quandary (DOS, Mac - 1992)",4.28,29
The Sesame Street Crayon: Opposites Attract (DOS - 1987),5.00,2
The Simpsons Cartoon Studio (Mac - 1996),4.69,16
The Smelly Mystery (Mac - 1997),5.00,1
The Spy's Adventures in Europe (DOS - 1986),4.60,5
The Spy's Adventures in North America (DOS - 1987),4.60,5
The Spy's Adventures in South America (DOS - 1987),5.00,3
The Time Warp of Dr. Brain (Mac - 1996),4.30,10
The Tortoise and the Hare (Mac - 1993),5.00,2
"The Toy Shop (DOS, Mac, C64 - 1986)",4.50,2
The Treehouse (DOS - 1991),4.28,18
The Wild Science Arcade (DOS - 1993),4.40,5
The Wonders of The Animal Kingdom (Apple IIgs - 1988),4.00,1
The World Name Game (DOS - 1989),4.00,1
"The Yukon Trail (Windows 3.x, Mac - 1994)",4.31,26
These United States (DOS - 1984),5.00,1
Think Quick! (DOS - 1987),4.89,9
Thinkin' Things Collection 1 (Mac - 1993),3.91,11
Thinkin' Things Collection 2 (Mac - 1995),4.82,11
Thinkin' Things Collection 3 (Mac - 1995),4.29,7
Thinkin' Things: Sky Island Mysteries (Mac - 1998),5.00,2
Thinking Games 2 (DOS - 1993),4.29,7
"Thomas the Tank Engine's Fun With Words (Amstrad CPC, C64 - 1990)",4.50,2
Three Mile Island (Apple II - 1979),4.60,5
Thuis In Het Milieu (DOS - 1990),4.33,3
Time Machine I (DOS - 1993),0.00,0
Time Riders in American History (DOS - 1992),4.67,3
Time Trucker (C64 - 1984),4.00,1
Timeman One (Amstrad CPC - 1984),4.00,1
Tinker Tales (DOS - 1984),2.50,2
Tommy's Hollywords (DOS - 1992),0.00,0
Tommy's Silo (DOS - 1986),0.00,0
Toonesia (DOS - 1995),3.00,2
Toy Story 2 Activity Centre (Windows - 1999),1.00,1
"Treasure Cove! (DOS, Mac - 1992)",4.60,48
"Treasure Galaxy! (DOS, Mac - 1994)",4.59,39
"Treasure Hunt (C64, ZX Spectrum - 1985)",4.00,1
"Treasure MathStorm! (DOS, Mac - 1992)",4.55,95
Trek Trivia (DOS - 1988),4.25,4
Trishow (Windows - 1998),5.00,1
Trivia Quest (Atari 8-bit - 1984),0.00,0
"Trivia U.K. (Amstrad CPC, C64 - 1985)",0.00,0
Trivia Whiz (DOS - 1990),4.33,3
Trivial Fruit (C64 - 1988),0.00,0
"Trivial Pursuit: Young Players Edition (Amstrad CPC, ZX Spectrum - 1987)",4.00,1
Trivial Trek (DOS - 1986),4.00,1
Troggle Trouble Math (Mac - 1994),4.50,4
Trust and Betrayal: The Legacy of Siboot (DOS - 1987),3.75,4
Trust and Betrayal: The Legacy of Siboot (Mac - 1987),4.00,1
Turtle Toyland Jr. (C64 - 1983),0.00,0
"Type Attack (C64, VIC-20 - 1982)",3.00,2
Type To Learn 3 (Windows - 2002),5.00,2
Type-Rope (ZX Spectrum - 1985),0.00,0
U.S. States and Capitals (DOS - 1983),4.00,1
Ultra-Quiz (DOS - 1992),0.00,0
United States Quiz (DOS - 1993),4.67,3
Up Side Town (DOS - 1993),0.00,0
Versailles 1685 (DOS - 1997),3.75,4
Video Easel (Atari 8-bit - 1979),0.00,0
"Virtual Pool (DOS, Mac - 1995)",4.54,13
Virtual Reality Studio 2.0 (DOS - 1992),4.29,7
Volcanoes (DOS - 1985),5.00,1
Wall $treet Raider (DOS - 1986),5.00,6
Wall$treet (DOS - 1989),4.31,13
"Wall$treet (Amiga, C64 - 1989)",4.56,9
Wally Bear and the NO! Gang (NES - 1992),0.00,0
"Webster: The Word Game (DOS, Atari 8-bit, C64 - 1984)",0.00,0
Where in America's Past is Carmen Sandiego? (DOS - 1991),4.30,10
"Where in Europe is Carmen Sandiego? (DOS, Amiga, Mac, Apple II, C64 - 1988)",4.00,10
Where in Space is Carmen Sandiego? (Deluxe Edition) (DOS - 1993),4.43,7
Where in Space is Carmen Sandiego? (Enhanced) (DOS - 1993),4.46,13
"Where in the U.S.A. is Carmen Sandiego? (DOS, Amiga, Mac, Apple II, Apple IIgs, C64 - 1986)",4.50,4
Where in the U.S.A. is Carmen Sandiego? (Enhanced) (DOS - 1990),4.39,55
Where in the USA is Carmen Sandiego? (Deluxe Edition) (DOS - 1993),4.41,29
"Where in the World is Carmen Sandiego? (DOS, Amiga, Apple IIgs, Atari ST, Genesis, SNES - 1990)",4.32,134
"Where in the World is Carmen Sandiego? (DOS, Mac, Amstrad CPC, C64 - 1985)",4.55,18
Where in the World is Carmen Sandiego? (Deluxe Edition) (DOS - 1990),4.27,56
"Where in Time is Carmen Sandiego? (DOS, Amiga, C64, Genesis, NES, SNES - 1990)",3.85,13
Wild Learning Safari (DOS - 1992),0.00,0
Will Harvey's Music Construction Set (DOS - 1984),5.00,4
Wishbone and the Amazing Odyssey (Mac - 1996),4.25,4
Wizard of Id's WizMath (C64 - 1984),0.00,0
"Wizard of Id's WizType (DOS, Apple II, Atari 8-bit, C64 - 1984)",3.00,2
Wolf (DOS - 1994),4.63,111
Word Attack Plus! (DOS - 1988),3.18,11
Word Munchers (Apple II - 1985),5.00,1
Word Rescue (DOS - 1992),4.19,47
Word Seeking (DOS - 1984),0.00,0
Word Spinner (C64 - 1984),0.00,0
Word Whiz (DOS - 1990),4.00,2
"World Cup Soccer (Amstrad CPC, C64, ZX Spectrum - 1985)",5.00,1
Wrath of the Gods (Mac - 1994),5.00,7
"Xanagrams (Amstrad CPC, C64, ZX Spectrum - 1984)",0.00,0
Yogi Bear's Math Adventures (DOS - 1990),5.00,5
Young Math (DOS - 1985),3.00,1
Zap! (Mac - 1998),5.00,5
"Zeppelin: Giants of the Sky (DOS, Amiga - 1995)",2.57,14
