Title,Average Rating,Number of Ratings
Alfred Chicken (Amiga CD32 - 1993),5.00,1
ATR: All Terrain Racing (Amiga CD32 - 1995),4.60,5
Brutal Sports Football (Amiga CD32 - 1994),4.33,15
Bump 'N' Burn (Amiga CD32 - 1994),0.00,0
Chambers of Shaolin (Amiga CD32 - 1993),4.00,1
Deep Core (Amiga CD32 - 1993),5.00,1
Diggers (Amiga CD32 - 1993),4.56,25
Fears (Amiga CD32 - 1995),4.00,2
Fire & Ice (Amiga CD32 - 1994),4.43,32
Flink (Amiga CD32 - 1995),5.00,1
Fly Harder (Amiga CD32 - 1994),4.00,1
Global Effect (Amiga CD32 - 1994),4.67,9
Guardian (Amiga CD32 - 1994),0.00,0
Humans 1 and 2 (Amiga CD32 - 1994),5.00,3
John Barnes European Football (Amiga CD32 - 1994),4.00,1
Lemmings (Amiga CD32 - 1994),4.69,111
Magic Island: The Secret of Stones (Amiga CD32 - 1995),2.00,1
Mean Arenas (Amiga CD32 - 1994),3.50,2
Nick Faldo's Championship Golf (Amiga CD32 - 1994),4.00,1
Oscar (Amiga CD32 - 1993),4.20,10
Pinball Fantasies (Amiga CD32 - 1993),4.59,79
Ryder Cup: Johnnie Walker (Amiga CD32 - 1994),3.50,2
Sensible Soccer: European Champions - 92/93 Edition (Amiga CD32 - 1993),4.61,18
Soldiers of Fortune (Amiga CD32 - 1994),4.87,15
Speedball 2: Brutal Deluxe (Amiga CD32 - 1995),4.50,40
Striker (Amiga CD32 - 1994),4.41,17
Summer Olympix (Amiga CD32 - 1994),5.00,1
Super Methane Bros (Amiga CD32 - 1994),3.00,1
Wild Cup Soccer (Amiga CD32 - 1994),0.00,0
