Title,Average Rating,Number of Ratings
"""Get Dexter!"" (Amstrad CPC - 1986)",4.06,32
007: Licence to Kill (Amstrad CPC - 1989),4.00,45
10 Computer Hits: Volume Five (Amstrad CPC - 1989),4.25,4
100% Dynamite (Amstrad CPC - 1990),5.00,1
10th Frame (Amstrad CPC - 1986),3.79,19
1815 (Amstrad CPC - 1985),5.00,2
1942 (Amstrad CPC - 1986),4.33,6
1943: The Battle of Midway (Amstrad CPC - 1988),4.38,13
1st Division Manager (Amstrad CPC - 1991),3.40,5
2 Player Soccer Squad (Amstrad CPC - 1991),3.00,3
"20,000 Leagues Under the Sea (Amstrad CPC - 1988)",3.20,15
3-D Monster Chase (Amstrad CPC - 1985),4.00,1
3D Boxing (Amstrad CPC - 1985),0.00,0
3D Starstrike (Amstrad CPC - 1985),4.00,2
3D Stunt Rider (Amstrad CPC - 1985),4.80,5
3D Time Trek (Amstrad CPC - 1985),2.00,1
3D-Pinball (Amstrad CPC - 1989),5.00,1
4 Soccer Simulators (Amstrad CPC - 1989),0.00,0
4x4 Off-Road Racing (Amstrad CPC - 1988),4.00,24
6*Pak Vol. 2 (Amstrad CPC - 1987),0.00,0
6*Pak Vol. 3 (Amstrad CPC - 1988),0.00,0
720º (Amstrad CPC - 1988),5.00,2
750cc Grand Prix (Amstrad CPC - 1989),4.00,4
A Question of Scruples: The Computer Edition (Amstrad CPC - 1987),5.00,1
A Question of Sport (Amstrad CPC - 1988),5.00,1
A View to a Kill: The Computer Game (Amstrad CPC - 1985),1.00,1
A.L.C.O.N. (Amstrad CPC - 1987),4.50,2
A.M.C.: Astro Marine Corps (Amstrad CPC - 1989),5.00,1
AAARGH! (Amstrad CPC - 1989),4.08,13
Abracadabra (Amstrad CPC - 1988),5.00,1
Abu Simbel Profanation (Amstrad CPC - 1985),5.00,2
ACE 2 (Amstrad CPC - 1987),3.00,2
Ace of Aces (Amstrad CPC - 1986),4.17,12
ACE: Air Combat Emulator (Amstrad CPC - 1986),4.00,6
Acrojet (Amstrad CPC - 1987),4.00,1
Action Fighter (Amstrad CPC - 1989),4.20,5
Action Force (Amstrad CPC - 1988),5.00,3
Activator (Amstrad CPC - 1986),5.00,1
Adidas Championship Football (Amstrad CPC - 1990),0.00,0
Admiral Graf Spee (Amstrad CPC - 1984),3.00,2
Advanced Destroyer Simulator (Amstrad CPC - 1990),4.70,10
Advanced Pinball Simulator (Amstrad CPC - 1988),5.00,1
Adventure 1 (Amstrad CPC - 1984),5.00,1
Adventure A (Amstrad CPC - 1985),0.00,0
Adventure B (Amstrad CPC - 1985),0.00,0
Adventure C (Amstrad CPC - 1985),0.00,0
Adventure Quest (Amstrad CPC - 1984),5.00,1
African Trail Simulator (Amstrad CPC - 1990),4.10,10
After Shock (Amstrad CPC - 1986),0.00,0
After the War (Amstrad CPC - 1989),4.75,8
Aftermath (Amstrad CPC - 1988),3.00,1
Afteroids (Amstrad CPC - 1988),0.00,0
Agent Orange (Amstrad CPC - 1986),0.00,0
Agent X II: The Mad Prof's Back! (Amstrad CPC - 1987),0.00,0
Airborne Ranger (Amstrad CPC - 1988),4.50,32
Airwolf (Amstrad CPC - 1985),3.80,5
Airwolf 2 (Amstrad CPC - 1987),5.00,1
Ajax (Amstrad CPC - 1989),5.00,4
Alex Higgins' World Snooker (Amstrad CPC - 1985),4.20,5
Alien (Amstrad CPC - 1985),4.33,3
Alien 8 (Amstrad CPC - 1985),0.00,0
Alien Storm (Amstrad CPC - 1991),5.00,4
Alien Syndrome (Amstrad CPC - 1988),4.10,10
Aliens: The Computer Game (Amstrad CPC - 1987),3.67,3
Aliens: The Computer Game (Amstrad CPC - 1987),5.00,2
Alpine Games (Amstrad CPC - 1987),5.00,1
Altered Beast (Amstrad CPC - 1989),4.46,26
Amaurote (Amstrad CPC - 1987),3.00,1
Amelie Minuit (Amstrad CPC - 1985),0.00,0
American Football (Amstrad CPC - 1984),0.00,0
American Tag-Team Wrestling (Amstrad CPC - 1992),5.00,1
Anarchy (Amstrad CPC - 1987),0.00,0
Android One: The Reactor Run (Amstrad CPC - 1985),5.00,1
Android Two (Amstrad CPC - 1985),2.00,1
Andy Capp (Amstrad CPC - 1988),5.00,1
Angel Nieto Pole 500 (Amstrad CPC - 1990),4.18,17
Angle Ball (Amstrad CPC - 1987),0.00,0
Animal Vegetable Mineral (Amstrad CPC - 1984),0.00,0
Annals of Rome (Amstrad CPC - 1986),4.58,12
APB (Amstrad CPC - 1989),3.85,13
Arachnophobia (Amstrad CPC - 1991),4.63,16
Arcade Flight Simulator (Amstrad CPC - 1989),5.00,1
Arcade Fruit Machine (Amstrad CPC - 1990),5.00,2
Arcade Trivia Quiz (Amstrad CPC - 1989),5.00,1
Archon II: Adept (Amstrad CPC - 1989),5.00,2
Archon: The Light and the Dark (Amstrad CPC - 1985),4.32,25
Arcticfox (Amstrad CPC - 1988),3.94,16
Arkanoid (Amstrad CPC - 1987),4.56,25
Arkanoid: Revenge of DOH (Amstrad CPC - 1988),4.12,25
Army Moves (Amstrad CPC - 1986),5.00,2
Artura (Amstrad CPC - 1989),4.40,5
Asphalt (Amstrad CPC - 1987),3.00,1
Assault Course: Combat Academy (Amstrad CPC - 1990),0.00,0
Assault On Port Stanley (Amstrad CPC - 1985),5.00,1
Asterix and the Magic Carpet (Amstrad CPC - 1987),4.00,4
Asterix and the Magic Cauldron (Amstrad CPC - 1986),2.00,1
Astérix et la Potion Magique (Amstrad CPC - 1986),5.00,1
Astro Plumber (Amstrad CPC - 1985),5.00,1
ATF: Advanced Tactical Fighter (Amstrad CPC - 1988),0.00,0
Atlantis (Amstrad CPC - 1985),2.00,1
Atom Ant (Amstrad CPC - 1990),4.00,2
Atomic Driver (Amstrad CPC - 1988),0.00,0
Attack of the Killer Tomatoes (Amstrad CPC - 1986),0.00,0
ATV Simulator (Amstrad CPC - 1987),5.00,1
Auf Wiedersehen Monty (Amstrad CPC - 1987),5.00,1
Austerlitz (Amstrad CPC - 1986),5.00,2
Australian Rules Football (Amstrad CPC - 1989),0.00,0
Autocrash (Amstrad CPC - 1991),0.00,0
Avalanche: The Struggle for Italy (Amstrad CPC - 1991),5.00,3
Avenger (Amstrad CPC - 1986),4.00,2
Awesome Earl in SkateRock (Amstrad CPC - 1987),2.50,2
Axe of Rage (Amstrad CPC - 1989),4.50,14
B.A.T. (Amstrad CPC - 1991),3.61,18
"Baby Jo in: ""Going Home"" (Amstrad CPC - 1991)",4.08,13
Back to Reality (Amstrad CPC - 1986),5.00,2
Back to the Future (Amstrad CPC - 1986),5.00,2
Back to the Future Part II (Amstrad CPC - 1990),4.50,16
Back to the Future Part III (Amstrad CPC - 1991),4.18,11
Bactron (Amstrad CPC - 1986),5.00,1
Bad Dudes (Amstrad CPC - 1988),4.42,12
Badlands (Amstrad CPC - 1991),4.33,3
Ballblazer (Amstrad CPC - 1986),5.00,1
Ballbreaker II (Amstrad CPC - 1988),5.00,1
Balloonacy (Amstrad CPC - 2007),5.00,1
Ballyhoo (Amstrad CPC - 1986),4.50,2
Bangers & Mash (Amstrad CPC - 1992),4.00,3
Barbarian (Amstrad CPC - 1988),4.63,16
Basil the Great Mouse Detective (Amstrad CPC - 1987),5.00,1
Batman (Amstrad CPC - 1989),4.16,25
Batman (Amstrad CPC - 1986),5.00,2
Batman: The Caped Crusader (Amstrad CPC - 1988),4.54,13
Battle Chopper (Amstrad CPC - 1989),4.00,1
Battle Command (Amstrad CPC - 1991),4.14,7
Battle Droidz (Amstrad CPC - 1987),4.00,1
Battle for Midway (Amstrad CPC - 1985),4.33,3
Battle of Britain (Amstrad CPC - 1985),3.80,5
Battle of the Planets (Amstrad CPC - 1986),0.00,0
Battle Valley (Amstrad CPC - 1988),5.00,1
Battleship (Amstrad CPC - 1987),5.00,1
Batty (Amstrad CPC - 1988),5.00,1
Beach Buggy Simulator (Amstrad CPC - 1987),0.00,0
Beach Volley (Amstrad CPC - 1989),3.00,1
Beach-Head (Amstrad CPC - 1984),5.00,4
Beach-Head II: The Dictator Strikes Back (Amstrad CPC - 1985),4.75,4
Bedlam (Amstrad CPC - 1988),5.00,2
Best of the Best Championship Karate (Amstrad CPC - 1992),4.33,18
Bestial Warrior (Amstrad CPC - 1989),5.00,1
Beverly Hills Cop (Amstrad CPC - 1990),4.36,14
Beyond the Ice Palace (Amstrad CPC - 1988),4.50,4
Biff (Amstrad CPC - 1992),3.50,2
Big Trouble in Little China (Amstrad CPC - 1987),5.00,1
Biggles (Amstrad CPC - 1986),5.00,3
Billy 2 (Amstrad CPC - 1987),5.00,1
Billy la Banlieue (Amstrad CPC - 1986),5.00,3
Binky (Amstrad CPC - 1985),0.00,0
Bionic Commando (Amstrad CPC - 1988),4.00,11
Bionic Ninja (Amstrad CPC - 1989),4.00,2
Birdie (Amstrad CPC - 1987),0.00,0
Black Beard (Amstrad CPC - 1988),5.00,1
Black Magic (Amstrad CPC - 1987),4.00,2
Black Tiger (Amstrad CPC - 1990),4.50,6
Blade Runner (Amstrad CPC - 1986),5.00,1
Blagger (Amstrad CPC - 1984),4.00,1
Blasteroids (Amstrad CPC - 1989),5.00,2
Blazing Thunder (Amstrad CPC - 1990),5.00,1
Blockbuster (Amstrad CPC - 1988),4.60,5
Blockbusters (Amstrad CPC - 1984),5.00,1
Blood Brothers (Amstrad CPC - 1988),5.00,1
Bloodwych (Amstrad CPC - 1990),4.55,29
BMX Freestyle (Amstrad CPC - 1989),5.00,1
BMX Kidz (Amstrad CPC - 1988),2.00,1
BMX Ninja (Amstrad CPC - 1988),5.00,1
BMX Simulator (Amstrad CPC - 1987),5.00,3
BMX Simulator 2 (Amstrad CPC - 1989),5.00,1
Bob Morane: Chevalerie 1 (Amstrad CPC - 1987),4.00,4
Bob Morane: Jungle 1 (Amstrad CPC - 1987),3.00,2
Bob Morane: Science Fiction 1 (Amstrad CPC - 1987),3.00,2
Bob Winner (Amstrad CPC - 1986),5.00,3
Bob's Full House (Amstrad CPC - 1988),0.00,0
Bobby Bearing (Amstrad CPC - 1986),0.00,0
Bobsleigh (Amstrad CPC - 1987),0.00,0
Bomb Fusion (Amstrad CPC - 1989),5.00,2
Bomb Jack (Amstrad CPC - 1986),5.00,3
Bomb Jack II (Amstrad CPC - 1987),5.00,1
Bomb Scare (Amstrad CPC - 1986),0.00,0
Bonanza Bros. (Amstrad CPC - 1991),5.00,1
Booly (Amstrad CPC - 1991),5.00,3
Boot Camp (Amstrad CPC - 1987),4.20,5
Booty (Amstrad CPC - 1984),5.00,1
Bop'N Wrestle (Amstrad CPC - 1985),3.75,4
Bored of the Rings (Amstrad CPC - 1985),4.00,1
Bosconian '87 (Amstrad CPC - 1987),5.00,1
Boulder Dash (Amstrad CPC - 1984),5.00,6
Boulder Dash Construction Kit (Amstrad CPC - 1988),0.00,0
Boulder Dash III (Amstrad CPC - 1986),5.00,2
Bounder (Amstrad CPC - 1986),0.00,0
Bounty Bob Strikes Back! (Amstrad CPC - 1985),0.00,0
Brainstorm (Amstrad CPC - 1988),0.00,0
BraveStarr (Amstrad CPC - 1987),5.00,1
BreakThru (Amstrad CPC - 1986),0.00,0
Brian Bloodaxe (Amstrad CPC - 1985),0.00,0
Brian Clough's Football Fortunes (Amstrad CPC - 1987),4.50,2
Brian Jacks Superstar Challenge (Amstrad CPC - 1985),5.00,1
Bride of Frankenstein (Amstrad CPC - 1987),0.00,0
Bridge-It (Amstrad CPC - 1984),5.00,1
British Super League (Amstrad CPC - 1990),0.00,0
Bruce Lee (Amstrad CPC - 1986),4.33,18
Bubble Bobble (Amstrad CPC - 1987),4.36,120
Bubble Dizzy (Amstrad CPC - 1991),5.00,4
Bubble Ghost (Amstrad CPC - 1988),4.14,7
Bubbler (Amstrad CPC - 1987),0.00,0
Budokan: The Martial Spirit (Amstrad CPC - 1991),4.84,31
Buffalo Bill's Wild West Show (Amstrad CPC - 1989),3.75,4
Bugaboo (The Flea) (Amstrad CPC - 1984),5.00,1
Buggy Ranger (Amstrad CPC - 1990),5.00,1
Bugsy (Amstrad CPC - 1986),4.00,1
Builderland: The Story of Melba (Amstrad CPC - 1991),5.00,1
Bullseye (Amstrad CPC - 1985),0.00,0
Bumpy (Amstrad CPC - 1989),4.88,8
Bumpy's Arcade Fantasy (Amstrad CPC - 1992),4.44,67
Bunny Bricks (Amstrad CPC - 1992),0.00,0
Buster Block (Amstrad CPC - 1986),0.00,0
Butcher Hill (Amstrad CPC - 1989),5.00,1
By Fair Means or Foul (Amstrad CPC - 1988),5.00,1
Cabal (Amstrad CPC - 1989),4.74,15
California Games (Amstrad CPC - 1987),4.34,33
Camelot Warriors (Amstrad CPC - 1986),5.00,2
Capitán Sevilla (Amstrad CPC - 1988),0.00,0
Captain America in: The Doom Tube of Dr. Megalomann (Amstrad CPC - 1988),0.00,0
Captain Blood (Amstrad CPC - 1988),4.76,17
Captain Dynamo (Amstrad CPC - 1992),4.60,5
Captain Planet (Amstrad CPC - 1992),5.00,2
Captain Zapp (Amstrad CPC - 1987),0.00,0
Carlos Sainz (Amstrad CPC - 1990),5.00,5
Carrier Command (Amstrad CPC - 1989),4.54,26
Casanova (Amstrad CPC - 1989),0.00,0
Castle Blackstar (Amstrad CPC - 1984),0.00,0
Castle Master (Amstrad CPC - 1990),4.82,17
Castle Master + Castle Master II: The Crypt (Amstrad CPC - 1990),4.00,2
Catastrophes (Amstrad CPC - 1985),0.00,0
Catch 23 (Amstrad CPC - 1987),0.00,0
Cauldron (Amstrad CPC - 1985),5.00,2
Cauldron II: The Pumpkin Strikes Back (Amstrad CPC - 1986),4.00,2
Cavemania (Amstrad CPC - 1991),5.00,1
Caves of Doom (Amstrad CPC - 1985),5.00,1
Centurions: Power X Treme (Amstrad CPC - 1987),0.00,0
Cerberus (Amstrad CPC - 1986),0.00,0
Chain Reaction (Amstrad CPC - 1988),0.00,0
Challenge of the Gobots (Amstrad CPC - 1987),0.00,0
Champions! (Amstrad CPC - 1985),0.00,0
Championship Baseball (Amstrad CPC - 1987),0.00,0
Championship Sprint (Amstrad CPC - 1988),5.00,1
Championship Water-Skiing (Amstrad CPC - 1987),0.00,0
Charlie Chaplin (Amstrad CPC - 1988),4.10,10
Chase H.Q. (Amstrad CPC - 1989),4.00,4
Chevy Chase (Amstrad CPC - 1991),5.00,1
Chicago 30's (Amstrad CPC - 1988),5.00,1
Chicago 90 (Amstrad CPC - 1989),0.00,0
Chicken Chase (Amstrad CPC - 1987),5.00,1
Chiller (Amstrad CPC - 1986),3.00,1
Chimera (Amstrad CPC - 1985),0.00,0
Chip's Challenge (Amstrad CPC - 1990),4.27,116
Cholo (Amstrad CPC - 1987),0.00,0
Chop N' Drop (Amstrad CPC - 1988),5.00,3
Choy-Lee-Fut Kung-Fu Warrior (Amstrad CPC - 1990),4.00,7
Christmas Collection (Amstrad CPC - 1989),0.00,0
Chubby Gristle (Amstrad CPC - 1988),0.00,0
Chuck Yeager's Advanced Flight Simulator (Amstrad CPC - 1989),3.70,10
Chuckie Egg (Amstrad CPC - 1985),4.00,13
Chuckie Egg II (Amstrad CPC - 1985),3.00,1
Circus Games (Amstrad CPC - 1988),5.00,1
Cisco Heat: All American Police Car Race (Amstrad CPC - 1991),3.75,12
Classic Invaders (Amstrad CPC - 1986),5.00,1
Classic Muncher (Amstrad CPC - 1987),5.00,1
Classic Punter (Amstrad CPC - 1989),0.00,0
Classic Trainer (Amstrad CPC - 1989),0.00,0
Clever & Smart (Amstrad CPC - 1987),5.00,1
Clive Barker's Nightbreed: The Action Game (Amstrad CPC - 1990),4.78,9
Cluedo (Amstrad CPC - 1986),5.00,1
Cobra (Amstrad CPC - 1987),5.00,6
Cobra (Amstrad CPC - 1987),5.00,1
Cobra's Arc (Amstrad CPC - 1986),0.00,0
Codename MAT (Amstrad CPC - 1984),5.00,1
Codename MAT II (Amstrad CPC - 1985),4.00,1
Coil Cop (Amstrad CPC - 1987),0.00,0
Coliseum (Amstrad CPC - 1988),0.00,0
Collapse (Amstrad CPC - 1985),0.00,0
Colony (Amstrad CPC - 1987),5.00,1
Colossus Bridge 4 (Amstrad CPC - 1986),0.00,0
Colossus Chess 4 (Amstrad CPC - 1986),4.00,1
Colossus Mah Jong (Amstrad CPC - 1988),0.00,0
Comando Tracer (Amstrad CPC - 1988),5.00,1
Combat Course (Amstrad CPC - 1988),4.00,3
Combat Lynx (Amstrad CPC - 1985),0.00,0
Commando (Amstrad CPC - 1985),3.89,9
Computer Scrabble (Amstrad CPC - 1985),0.00,0
Computer Scrabble De Luxe (Amstrad CPC - 1987),0.00,0
Con-Quest (Amstrad CPC - 1986),0.00,0
Confuzion (Amstrad CPC - 1985),0.00,0
Conquestador (Amstrad CPC - 1986),5.00,1
Continental Circus (Amstrad CPC - 1989),5.00,2
Contra (Amstrad CPC - 1987),4.27,41
Convoy Raider (Amstrad CPC - 1987),0.00,0
Core (Amstrad CPC - 1986),5.00,1
Corruption (Amstrad CPC - 1988),4.70,10
Corsarios (Amstrad CPC - 1989),5.00,4
Cosa Nostra (Amstrad CPC - 1986),0.00,0
Cosmic Relief: Prof. Renegade to the Rescue (Amstrad CPC - 1988),3.50,2
Cosmic Sheriff (Amstrad CPC - 1989),5.00,2
Count Duckula 2 Featuring Tremendous Terence (Amstrad CPC - 1992),5.00,1
Count Duckula in No Sax Please - We're Egyptian (Amstrad CPC - 1989),5.00,2
Countdown (Amstrad CPC - 1986),4.00,1
Crack Down (Amstrad CPC - 1990),4.57,7
Crack-Up (Amstrad CPC - 1989),0.00,0
Crazy Cars (Amstrad CPC - 1988),4.25,12
Crazy Golf (Amstrad CPC - 1984),0.00,0
Crazy Shot (Amstrad CPC - 1989),4.67,6
Crete 1941: Fallschirmjager (Amstrad CPC - 1990),4.00,1
Cricket Captain (Amstrad CPC - 1990),0.00,0
Crystal Castles (Amstrad CPC - 1986),5.00,1
Crystal Kingdom Dizzy (Amstrad CPC - 1992),5.00,3
Cutthroats (Amstrad CPC - 1986),4.50,2
Cyberball (Amstrad CPC - 1990),5.00,1
Cybernoid II: The Revenge (Amstrad CPC - 1989),4.50,2
Cybernoid: The Fighting Machine (Amstrad CPC - 1988),5.00,1
Cylu (Amstrad CPC - 1985),0.00,0
Cyrus II Chess (Amstrad CPC - 1985),4.50,2
D-Day (Amstrad CPC - 1992),4.64,14
Daley Thompson's Decathlon (Amstrad CPC - 1985),4.50,2
Daley Thompson's Olympic Challenge (Amstrad CPC - 1988),5.00,2
Daley Thompson's Super-Test (Amstrad CPC - 1985),0.00,0
Dames Simulator (Amstrad CPC - 1990),3.50,4
Dan Dare II: Mekon's Revenge (Amstrad CPC - 1988),0.00,0
Dan Dare III: The Escape (Amstrad CPC - 1990),5.00,1
Dan Dare: Pilot of the Future (Amstrad CPC - 1986),5.00,1
Dandy (Amstrad CPC - 1986),0.00,0
Danger Mouse in Double Trouble (Amstrad CPC - 1985),5.00,2
Dark Century (Amstrad CPC - 1990),3.67,3
Dark Fusion (Amstrad CPC - 1988),5.00,1
Dark Sceptre (Amstrad CPC - 1988),0.00,0
Dark Side (Amstrad CPC - 1988),5.00,5
Dark Star (Amstrad CPC - 1985),0.00,0
Darkman (Amstrad CPC - 1991),5.00,1
Deactivators (Amstrad CPC - 1986),4.00,1
Dead on Time (Amstrad CPC - 2010),5.00,2
Dead or Alive (Amstrad CPC - 1987),3.00,1
Deadenders (Amstrad CPC - 1988),0.00,0
Deadline (Amstrad CPC - 1986),4.50,6
Deadly Evil (Amstrad CPC - 1990),5.00,1
Death or Glory (Amstrad CPC - 1987),0.00,0
Death Stalker (Amstrad CPC - 1989),0.00,0
Death Wake (Amstrad CPC - 1985),0.00,0
Death Wish 3 (Amstrad CPC - 1987),0.00,0
Deathscape (Amstrad CPC - 1987),0.00,0
Deep Strike (Amstrad CPC - 1986),4.00,1
Defcom (Amstrad CPC - 1986),0.00,0
Defender of The Crown (Amstrad CPC - 1989),4.58,61
Defenders of the Earth (Amstrad CPC - 1990),5.00,1
Deflektor (Amstrad CPC - 1987),0.00,0
Deliverance: Stormlord II (Amstrad CPC - 1990),4.80,5
Des Chiffres et des Lettres (Amstrad CPC - 1987),4.64,11
Desert Fox (Amstrad CPC - 1986),4.50,2
Desert Rats: The North Africa Campaign (Amstrad CPC - 1986),4.88,8
Desperado 2 (Amstrad CPC - 1991),4.50,4
Destructo (Amstrad CPC - 1987),0.00,0
Devil's Crown (Amstrad CPC - 1985),2.00,1
Dick Tracy (Amstrad CPC - 1990),4.63,11
Die Alien Slime (Amstrad CPC - 1989),0.00,0
Disc (Amstrad CPC - 1991),5.00,2
Dive Bomber (Amstrad CPC - 1988),4.25,8
Dizzy Dice (Amstrad CPC - 1987),3.00,2
Dizzy Panic (Amstrad CPC - 1991),0.00,0
Dizzy: Prince of the Yolkfolk (Amstrad CPC - 1991),5.00,4
Dizzy: The Ultimate Cartoon Adventure (Amstrad CPC - 1987),4.40,10
DJ Puff (Amstrad CPC - 1992),5.00,1
Doctor Who and the Mines of Terror (Amstrad CPC - 1986),3.00,1
Dogfight 2187 (Amstrad CPC - 1987),0.00,0
Dominator (Amstrad CPC - 1989),4.00,2
Don Juan (Amstrad CPC - 1984),0.00,0
Don Quijote (Amstrad CPC - 1987),4.50,4
Donald's Alphabet Chase (Amstrad CPC - 1991),4.70,36
Donkey Kong (Amstrad CPC - 1986),4.37,120
Doomdark's Revenge (Amstrad CPC - 1986),4.71,7
Double Dragon (Amstrad CPC - 1988),4.73,31
Double Dragon 3: The Rosetta Stone (Amstrad CPC - 1991),4.54,19
Double Dragon II: The Revenge (Amstrad CPC - 1989),4.14,60
Double Gold: The Black Fountain and Sharpe's Deeds (Amstrad CPC - 1987),5.00,1
Downhill Challenge (Amstrad CPC - 1987),3.43,7
Dracula (Amstrad CPC - 1986),4.67,3
Dragon Breed (Amstrad CPC - 1990),0.00,0
Dragon Spirit (Amstrad CPC - 1989),4.78,9
Dragon's Lair (Amstrad CPC - 1986),3.00,1
Dragon's Lair Part II: Escape from Singe's Castle (Amstrad CPC - 1987),3.00,1
Dragons of Flame (Amstrad CPC - 1990),3.00,9
Dragontorc (Amstrad CPC - 1985),5.00,1
Drakkar (Amstrad CPC - 1989),5.00,1
Drazen Petrovic Basket (Amstrad CPC - 1989),3.80,5
Dream Warrior (Amstrad CPC - 1988),5.00,1
Druid (Amstrad CPC - 1986),5.00,1
Duel Master: Blood Valley (Amstrad CPC - 1987),5.00,1
Dun Darach (Amstrad CPC - 1985),0.00,0
Dungeon Adventure (Amstrad CPC - 1984),5.00,1
"Dungeons, Amethysts, Alchemists 'n' Everythin' (Amstrad CPC - 1987)",0.00,0
Dustin (Amstrad CPC - 1986),0.00,0
Dynamic Duo (Amstrad CPC - 1989),5.00,1
Dynamite Dan (Amstrad CPC - 1985),3.00,1
Dynamite Dan II (Amstrad CPC - 1986),0.00,0
Dynamite Düx (Amstrad CPC - 1989),1.00,1
Dynasty Wars (Amstrad CPC - 1990),5.00,2
E-SWAT: Cyber Police (Amstrad CPC - 1990),4.75,4
Eagle's Rider (Amstrad CPC - 1990),0.00,0
Echelon (Amstrad CPC - 1988),4.44,9
Edd the Duck! (Amstrad CPC - 1991),0.00,0
Eden Blues (Amstrad CPC - 1987),5.00,6
El Capitán Trueno (Amstrad CPC - 1989),5.00,4
El Cid (Amstrad CPC - 1987),0.00,0
Election (Amstrad CPC - 1987),4.50,2
Elektraglide (Amstrad CPC - 1986),0.00,0
Elevator Action (Amstrad CPC - 1987),5.00,1
Elidon (Amstrad CPC - 1985),5.00,1
Eliminator (Amstrad CPC - 1988),0.00,0
Elite (Amstrad CPC - 1986),4.24,33
Emerald Isle (Amstrad CPC - 1985),4.00,1
Emilio Butragueño ¡Fútbol! (Amstrad CPC - 1987),3.00,2
Emilio Sanchez Vicario Grand Slam (Amstrad CPC - 1989),3.50,2
Emlyn Hughes Arcade Quiz (Amstrad CPC - 1991),0.00,0
Emlyn Hughes International Soccer (Amstrad CPC - 1989),5.00,1
Empire! (Amstrad CPC - 1986),5.00,1
Enchanter (Amstrad CPC - 1986),4.00,10
Encyclopedia of War: Ancient Battles (Amstrad CPC - 1988),5.00,7
Endurance (Amstrad CPC - 1985),0.00,0
Enduro Racer (Amstrad CPC - 1987),4.67,3
Enlightenment (Amstrad CPC - 1988),5.00,1
Equinox (Amstrad CPC - 1986),3.00,1
Escape from the Planet of the Robot Monsters (Amstrad CPC - 1990),4.73,11
Espionage (Amstrad CPC - 1988),5.00,1
Espionage Island (Amstrad CPC - 1985),0.00,0
European 5-A-Side (Amstrad CPC - 1988),0.00,0
European Soccer Challenge (Amstrad CPC - 1989),0.00,0
European Superleague (Amstrad CPC - 1991),0.00,0
Evening Star (Amstrad CPC - 1987),0.00,0
Every Second Counts (Amstrad CPC - 1988),5.00,1
Everyone's A Wally (The Life of Wally) (Amstrad CPC - 1985),0.00,0
Execution (Amstrad CPC - 1985),0.00,0
Exolon (Amstrad CPC - 1987),5.00,1
Explorer (Amstrad CPC - 1987),0.00,0
Express Raider (Amstrad CPC - 1987),5.00,1
Exterminator (Amstrad CPC - 1991),3.33,3
Extreme (Amstrad CPC - 1991),5.00,1
Eye (Amstrad CPC - 1987),0.00,0
F-1 (Amstrad CPC - 1991),5.00,2
F-15 Strike Eagle (Amstrad CPC - 1987),4.00,8
F-16 Combat Pilot (Amstrad CPC - 1991),4.74,38
F.A. Cup Football (Amstrad CPC - 1986),0.00,0
F1 Tornado (Amstrad CPC - 1991),4.00,1
F40 Pursuit Simulator (Amstrad CPC - 1988),4.11,18
Fairlight (Amstrad CPC - 1986),4.33,3
Fairlight II (Amstrad CPC - 1988),0.00,0
Fantasy World Dizzy (Amstrad CPC - 1989),4.18,11
Fast Food (Amstrad CPC - 1989),4.25,4
Fernandez Must Die (Amstrad CPC - 1988),5.00,1
Fernando Martín Basket Master (Amstrad CPC - 1987),4.20,5
Feud (Amstrad CPC - 1987),4.86,7
Fiendish Freddy's Big Top O' Fun (Amstrad CPC - 1989),4.60,5
Fighter Pilot (Amstrad CPC - 1985),4.50,2
Fighting Soccer (Amstrad CPC - 1989),0.00,0
Fighting Warrior (Amstrad CPC - 1985),5.00,1
Final Assault (Amstrad CPC - 1987),3.11,9
Final Fight (Amstrad CPC - 1991),5.00,2
Finders Keepers (Amstrad CPC - 1985),4.00,1
Fire & Forget II (Amstrad CPC - 1990),3.80,10
Fire and Forget (Amstrad CPC - 1988),4.13,8
Fire Ant (Amstrad CPC - 1984),5.00,1
Fire! (Amstrad CPC - 1990),0.00,0
Firelord (Amstrad CPC - 1986),4.33,3
FireTrap (Amstrad CPC - 1987),0.00,0
Firezone (Amstrad CPC - 1987),4.50,6
First Class with the Shoe People (Amstrad CPC - 1991),0.00,0
Five Star Games (Amstrad CPC - 1986),0.00,0
Flight Path 737 (Amstrad CPC - 1984),4.00,1
Flimbo's Quest (Amstrad CPC - 1990),4.25,4
Flippit (Amstrad CPC - 1988),0.00,0
Flunky (Amstrad CPC - 1987),0.00,0
Football Manager (Amstrad CPC - 1985),4.08,12
Football Manager 2 (Amstrad CPC - 1988),4.78,9
Football Manager 3 (Amstrad CPC - 1992),4.00,4
Football Manager: World Cup Edition 1990 (Amstrad CPC - 1990),0.00,0
Footballer of the Year (Amstrad CPC - 1986),5.00,1
Footballer of the Year 2 (Amstrad CPC - 1989),2.00,1
Forbidden Planet (Amstrad CPC - 1986),0.00,0
Forgotten Worlds (Amstrad CPC - 1989),3.17,6
Formula 1 Simulator (Amstrad CPC - 1985),0.00,0
Formula One (Amstrad CPC - 1985),0.00,0
Four Smash Hits from Hewson (Amstrad CPC - 1987),0.00,0
Frank Bruno's Boxing (Amstrad CPC - 1985),0.00,0
Frank N Stein (Amstrad CPC - 1985),0.00,0
Frankenstein Jnr. (Amstrad CPC - 1990),0.00,0
Frankie Goes to Hollywood (Amstrad CPC - 1986),0.00,0
Fred (Amstrad CPC - 1984),5.00,1
Freddy Hardest (Amstrad CPC - 1987),5.00,1
Freddy Hardest in South Manhattan (Amstrad CPC - 1989),4.33,3
Freedom Fighter (Amstrad CPC - 1988),0.00,0
Freedom: Rebels in the Darkness (Amstrad CPC - 1988),3.00,2
Friday the 13th (Amstrad CPC - 1986),4.83,6
Froggy (Amstrad CPC - 1985),0.00,0
Frost Byte (Amstrad CPC - 1986),3.50,2
Fruit Machine (Amstrad CPC - 1984),0.00,0
Fruit Machine Simulator (Amstrad CPC - 1988),4.00,2
Fruit Machine Simulator 2 (Amstrad CPC - 1990),3.00,1
Fruity Frank (Amstrad CPC - 1984),4.00,5
Fugitif: Les Aventures de Jack Bludfield - Part 1 (Amstrad CPC - 1991),5.00,1
Fun School 2: For 6-8 Year Olds (Amstrad CPC - 1989),0.00,0
Fun School 2: For the Over-8s (Amstrad CPC - 1989),0.00,0
Fun School 2: For the Under-6s (Amstrad CPC - 1989),5.00,1
Fun School 3 for the Under 5s (Amstrad CPC - 1990),0.00,0
Fun School 3: for 5 to 7 Year Olds (Amstrad CPC - 1991),5.00,1
Fun School 3: for the over 7s (Amstrad CPC - 1990),0.00,0
Fun School 4: For 5 to 7 Year Olds (Amstrad CPC - 1992),0.00,0
Future Bike Simulator (Amstrad CPC - 1990),0.00,0
Future Knight (Amstrad CPC - 1986),3.00,1
G-Loc Air Battle (Amstrad CPC - 1992),5.00,1
Galactic Conqueror (Amstrad CPC - 1988),4.67,3
Galactic Games (Amstrad CPC - 1987),0.00,0
Galactic Plague (Amstrad CPC - 1984),2.00,1
Galaxy Force II (Amstrad CPC - 1989),5.00,1
Galivan (Amstrad CPC - 1986),0.00,0
Galletron (Amstrad CPC - 1987),0.00,0
Game Over (Amstrad CPC - 1987),4.88,8
Game Over II (Amstrad CPC - 1988),4.83,6
Game Set and Match (Amstrad CPC - 1987),0.00,0
"Garfield: Big, Fat, Hairy Deal (Amstrad CPC - 1988)",0.00,0
Garfield: Winter's Tail (Amstrad CPC - 1989),5.00,1
Gary Lineker's Hot-Shot! (Amstrad CPC - 1989),0.00,0
Gary Linekers Superskills (Amstrad CPC - 1988),0.00,0
Gauntlet (Amstrad CPC - 1986),4.91,23
Gauntlet II (Amstrad CPC - 1987),4.67,18
Gauntlet III: The Final Quest (Amstrad CPC - 1991),5.00,3
Gauntlet: The Deeper Dungeons (Amstrad CPC - 1987),4.33,3
Gazza II (Amstrad CPC - 1990),0.00,0
Gazza's Super Soccer (Amstrad CPC - 1989),5.00,1
GBA Championship Basketball: Two-on-Two (Amstrad CPC - 1986),3.20,5
Gee Bee Air Rally (Amstrad CPC - 1988),4.00,1
Gemini Wing (Amstrad CPC - 1989),0.00,0
Genghis Khan (Amstrad CPC - 1991),4.17,12
Geoff Capes Strongman (Amstrad CPC - 1985),0.00,0
Gerbil Riot of '67 (Amstrad CPC - 1988),0.00,0
Get Dexter 2 (Amstrad CPC - 1988),5.00,1
GFL Championship Football (Amstrad CPC - 1987),3.33,3
Ghost Hunters (Amstrad CPC - 1987),0.00,0
Ghostbusters (Amstrad CPC - 1985),3.67,3
Ghostbusters II (Amstrad CPC - 1989),5.00,1
Ghosts 'n Goblins (Amstrad CPC - 1986),4.43,49
Ghouls (Amstrad CPC - 1984),5.00,2
Ghouls 'N Ghosts (Amstrad CPC - 1989),4.57,7
GI Hero (Amstrad CPC - 1988),0.00,0
Gilbert: Escape from Drill (Amstrad CPC - 1989),0.00,0
Gilligan's Gold (Amstrad CPC - 1984),0.00,0
Gladiator (Amstrad CPC - 1991),0.00,0
Gladiator (Amstrad CPC - 1986),0.00,0
Glen Hoddle Soccer (Amstrad CPC - 1985),0.00,0
Glider Rider (Amstrad CPC - 1986),0.00,0
Global Commander (Amstrad CPC - 1987),5.00,5
Gnome Ranger (Amstrad CPC - 1987),4.78,9
"Gold, Silver, Bronze (Amstrad CPC - 1988)",0.00,0
Golden Axe (Amstrad CPC - 1990),4.70,40
Golden Basket (Amstrad CPC - 1990),4.75,4
Golden Eagle (Amstrad CPC - 1991),3.25,4
Goody (Amstrad CPC - 1988),4.84,13
Gothik (Amstrad CPC - 1988),5.00,1
Gradius (Amstrad CPC - 1987),4.00,1
Graham Gooch's Test Cricket (Amstrad CPC - 1985),5.00,1
Grand Prix 500 2 (Amstrad CPC - 1991),5.00,2
Grand Prix 500 cc (Amstrad CPC - 1986),0.00,0
Grand Prix Circuit (Amstrad CPC - 1990),4.67,51
Grand Prix Master (Amstrad CPC - 1988),3.67,6
Grand Prix Simulator (Amstrad CPC - 1987),5.00,1
Grand Prix Simulator 2 (Amstrad CPC - 1989),0.00,0
Grand Prix Tennis (Amstrad CPC - 1987),5.00,1
Grange Hill (Amstrad CPC - 1987),0.00,0
Granny's Garden (Amstrad CPC - 1987),1.00,1
Gremlins 2: The New Batch (Amstrad CPC - 1990),4.67,9
Gremlins: The Adventure (Amstrad CPC - 1985),3.00,1
Greyfell: Legend of Norman (Amstrad CPC - 1987),5.00,1
Grid Iron 2 (Amstrad CPC - 1989),0.00,0
Gridtrap (Amstrad CPC - 1985),0.00,0
Grumpy Gumphrey Supersleuth (Amstrad CPC - 1985),0.00,0
Guadalcanal (Amstrad CPC - 1987),5.00,3
Guardian II: Revenge of the Mutants (Amstrad CPC - 1990),0.00,0
Guardians (Amstrad CPC - 1991),3.00,1
Guerrilla War (Amstrad CPC - 1988),4.89,9
Guilermo Tell (Amstrad CPC - 1989),0.00,0
Gun.Smoke (Amstrad CPC - 1987),5.00,2
Gunboat (Amstrad CPC - 1990),4.39,23
Gunboat (Amstrad CPC - 1987),0.00,0
Gunfighter (Amstrad CPC - 1990),0.00,0
Gunfright (Amstrad CPC - 1986),0.00,0
Gunship (Amstrad CPC - 1987),4.64,25
Gunstar (Amstrad CPC - 1987),0.00,0
Gutter (Amstrad CPC - 1985),0.00,0
Guzzler (Amstrad CPC - 1986),0.00,0
Gyroscope (Amstrad CPC - 1985),0.00,0
Hacker (Amstrad CPC - 1986),3.82,17
Hacker II: The Doomsday Papers (Amstrad CPC - 1987),4.91,11
Halls of the Things (Amstrad CPC - 1985),0.00,0
Hammer Boy (Amstrad CPC - 1990),4.67,3
Hammer-Head (Amstrad CPC - 1992),0.00,0
Hammerfist (Amstrad CPC - 1990),1.00,1
Hanse (Amstrad CPC - 1986),4.50,8
Hard Drivin' (Amstrad CPC - 1989),3.88,25
Hard Hat Mack (Amstrad CPC - 1984),4.77,17
Harrier Attack! (Amstrad CPC - 1984),5.00,2
Harrier Mission (Amstrad CPC - 1985),5.00,2
Harvey Headbanger (Amstrad CPC - 1986),0.00,0
Hawk Storm (Amstrad CPC - 1990),5.00,1
Head Over Heels (Amstrad CPC - 1987),3.67,3
Heartland (Amstrad CPC - 1986),0.00,0
Heathrow International Air Traffic Control (Amstrad CPC - 1984),5.00,1
Heavy Metal (Amstrad CPC - 1990),4.57,7
Heavy on the Magick (Amstrad CPC - 1986),0.00,0
Helichopper (Amstrad CPC - 1986),0.00,0
Helter Skelter (Amstrad CPC - 1990),3.00,6
Herbert's Dummy Run (Amstrad CPC - 1986),0.00,0
Hercules: Slayer of the Damned! (Amstrad CPC - 1988),4.00,2
Hero of the Golden Talisman (Amstrad CPC - 1986),4.00,1
Herobotix (Amstrad CPC - 1988),0.00,0
Heroes of Karn (Amstrad CPC - 1984),4.00,1
Heroes of the Lance (Amstrad CPC - 1988),4.33,6
HeroQuest: Return of the Witch Lord (Amstrad CPC - 1991),4.00,5
Hideous (Amstrad CPC - 1992),0.00,0
High Frontier (Amstrad CPC - 1987),5.00,2
High Steel (Amstrad CPC - 1989),5.00,2
Highlander (Amstrad CPC - 1986),5.00,2
Highway Encounter (Amstrad CPC - 1985),4.67,3
Hijack (Amstrad CPC - 1986),0.00,0
Hit Pak: 6 Pak (Amstrad CPC - 1987),0.00,0
Hive (Amstrad CPC - 1987),0.00,0
HKM (Amstrad CPC - 1989),4.20,5
HMS Cobra: Convois pour Mourmansk (Amstrad CPC - 1986),0.00,0
Hobgoblin (Amstrad CPC - 1991),4.50,2
Hold-Up (Amstrad CPC - 1984),0.00,0
Hollywood Hijinx (Amstrad CPC - 1987),4.60,5
Hollywood or Bust (Amstrad CPC - 1986),5.00,1
Hong Kong Phooey: No.1 Super Guy (Amstrad CPC - 1990),2.00,1
Hoppin' Mad (Amstrad CPC - 1988),0.00,0
Hostage: Rescue Mission (Amstrad CPC - 1990),4.39,23
Hot Rod (Amstrad CPC - 1990),3.00,2
Hotshot (Amstrad CPC - 1988),5.00,2
How to be a Complete Bastard (Amstrad CPC - 1987),5.00,1
How to be a Hero (Amstrad CPC - 1987),0.00,0
Howard the Duck (Amstrad CPC - 1987),0.00,0
Hudson Hawk (Amstrad CPC - 1991),3.00,2
Humphrey (Amstrad CPC - 1988),0.00,0
Hunchback (Amstrad CPC - 1984),4.67,3
Hunchback II: Quasimodo's Revenge (Amstrad CPC - 1985),5.00,1
Hunchback: the Adventure (Amstrad CPC - 1986),0.00,0
Hundra (Amstrad CPC - 1988),5.00,1
Huxley Pig (Amstrad CPC - 1990),0.00,0
Hybrid (Amstrad CPC - 1987),0.00,0
Hydra (Amstrad CPC - 1990),2.00,1
Hydrofool (Amstrad CPC - 1987),0.00,0
Hyper Sports (Amstrad CPC - 1985),4.00,1
Hyperbowl (Amstrad CPC - 1987),1.00,1
I Ball II (Amstrad CPC - 1987),0.00,0
"I, Ball (Amstrad CPC - 1987)",0.00,0
I-Alien (Amstrad CPC - 1988),0.00,0
Ian Botham's Test Match (Amstrad CPC - 1985),0.00,0
Ian Fleming's James Bond 007 in Live and Let Die: The Computer Game (Amstrad CPC - 1988),5.00,1
Icon Jon (Amstrad CPC - 1986),0.00,0
Ikari Warriors (Amstrad CPC - 1987),4.30,17
Ikari Warriors II: Victory Road (Amstrad CPC - 1988),3.88,8
Imagination (Amstrad CPC - 1987),0.00,0
Impossaball (Amstrad CPC - 1987),0.00,0
Impossamole (Amstrad CPC - 1990),4.00,2
Impossible Mission (Amstrad CPC - 1986),4.00,2
Impossible Mission II (Amstrad CPC - 1988),4.20,39
Incredible Shrinking Sphere (Amstrad CPC - 1989),4.00,1
Indiana Jones and The Fate of Atlantis: The Action Game (Amstrad CPC - 1992),4.00,4
Indiana Jones and The Last Crusade: The Action Game (Amstrad CPC - 1989),4.07,15
Indiana Jones and The Temple of Doom (Amstrad CPC - 1987),4.10,10
Indoor Soccer (Amstrad CPC - 1986),0.00,0
Infernal Runner (Amstrad CPC - 1985),3.00,2
Infidel (Amstrad CPC - 1986),4.71,7
Infiltrator (Amstrad CPC - 1986),5.00,6
Infodroid (Amstrad CPC - 1986),0.00,0
Ingrid's Back! (Amstrad CPC - 1988),5.00,3
International 3D Tennis (Amstrad CPC - 1990),0.00,0
International Football (Amstrad CPC - 1990),0.00,0
International Ninja Rabbits (Amstrad CPC - 1991),4.00,3
International Rugby Simulator (Amstrad CPC - 1988),0.00,0
International Speedway (Amstrad CPC - 1988),0.00,0
Into The Eagle's Nest (Amstrad CPC - 1987),4.13,8
Invasion (Amstrad CPC - 1987),4.00,1
Invitation (Amstrad CPC - 1987),0.00,0
Iron Lord (Amstrad CPC - 1990),4.25,8
Iron Trackers (Amstrad CPC - 1989),0.00,0
Isoleur (Amstrad CPC - 1985),0.00,0
It's a Knockout (Amstrad CPC - 1986),5.00,1
Ivan 'Ironman' Stewart's Super Off Road (Amstrad CPC - 1990),4.55,50
Iznogoud (Amstrad CPC - 1987),2.33,3
J.R.R. Tolkien's War in Middle Earth (Amstrad CPC - 1989),5.00,2
Jack and the Beanstalk (Amstrad CPC - 1985),3.00,1
Jack Nicklaus' Greatest 18 Holes of Major Championship Golf (Amstrad CPC - 1989),3.40,5
Jack the Nipper (Amstrad CPC - 1986),0.00,0
Jack the Nipper... II in Coconut Capers (Amstrad CPC - 1987),4.00,1
Jack the Ripper (Amstrad CPC - 1987),4.00,2
Jackal (Amstrad CPC - 1987),4.31,19
Jackle & Wide (Amstrad CPC - 1987),0.00,0
Jackson City (Amstrad CPC - 1990),5.00,1
Jahangir Khan World Championship Squash (Amstrad CPC - 1991),4.00,6
Jai Alai (Amstrad CPC - 1991),1.00,1
Jail Break (Amstrad CPC - 1986),5.00,1
James Bond 007 in The Living Daylights: The Computer Game (Amstrad CPC - 1987),0.00,0
James Clavell's Shogun (Amstrad CPC - 1986),5.00,4
Jason of the Argonauts (Amstrad CPC - 1990),0.00,0
Jaws (Amstrad CPC - 1989),2.00,1
"Jeffrey Archer: Not a Penny More, Not a Penny Less - The Computer Game (Amstrad CPC - 1987)",5.00,1
Jet Bike Simulator (Amstrad CPC - 1988),0.00,0
Jet Set Willy (Amstrad CPC - 1985),0.00,0
Jet-Boot Jack (Amstrad CPC - 1984),4.00,1
Jetsons: The Computer Game (Amstrad CPC - 1992),4.67,6
Jewels of Babylon (Amstrad CPC - 1984),5.00,1
"Jim Power in ""Mutant Planet"" (Amstrad CPC - 1992)",4.00,2
Jimmy Connors Pro Tennis Tour (Amstrad CPC - 1989),3.75,4
Jimmy's Soccer Manager (Amstrad CPC - 1992),0.00,0
Jinks (Amstrad CPC - 1988),1.00,1
Jinxter (Amstrad CPC - 1988),5.00,3
Jocky Wilson's Compendium of Darts (Amstrad CPC - 1990),2.00,1
Jocky Wilson's Darts Challenge (Amstrad CPC - 1988),3.00,2
Joe Blade (Amstrad CPC - 1987),3.00,2
Joe Blade II (Amstrad CPC - 1988),5.00,1
John Elway's Quarterback (Amstrad CPC - 1990),1.33,3
Johnny Reb (Amstrad CPC - 1984),0.00,0
Johnny Reb II (Amstrad CPC - 1986),5.00,1
Jonah Barrington's Squash (Amstrad CPC - 1985),0.00,0
Jonny Quest (Amstrad CPC - 1991),0.00,0
Jump (Amstrad CPC - 1992),5.00,1
Jungle Warfare (Amstrad CPC - 1989),0.00,0
Kaiser (Amstrad CPC - 1984),5.00,4
Kane (Amstrad CPC - 1986),5.00,1
Karateka (Amstrad CPC - 1990),4.71,34
Karnov (Amstrad CPC - 1988),4.67,12
Kat Trap (Amstrad CPC - 1987),0.00,0
Keith Van Eron's Pro Soccer (Amstrad CPC - 1988),4.29,14
Kenny Dalglish Soccer Manager (Amstrad CPC - 1989),0.00,0
Kenny Dalglish Soccer Match (Amstrad CPC - 1990),0.00,0
Kentilla (Amstrad CPC - 1986),3.00,1
Kentucky Racing (Amstrad CPC - 1990),0.00,0
Kick Off (Amstrad CPC - 1989),4.00,4
Kick Off 2 (Amstrad CPC - 1990),4.17,29
Kikstart 2 (Amstrad CPC - 1988),3.00,1
Killapede (Amstrad CPC - 1986),0.00,0
Killed Until Dead (Amstrad CPC - 1987),5.00,1
Killer Gorilla (Amstrad CPC - 1984),0.00,0
Killerball (Amstrad CPC - 1991),0.00,0
Kinetik (Amstrad CPC - 1987),3.00,1
Klax (Amstrad CPC - 1990),4.22,9
Knight Force (Amstrad CPC - 1989),3.67,3
Knight Games (Amstrad CPC - 1986),3.33,3
Knight Lore (Amstrad CPC - 1985),5.00,2
Knight Orc (Amstrad CPC - 1987),4.83,6
Knight Rider (Amstrad CPC - 1986),2.00,1
Knight Tyme (Amstrad CPC - 1986),0.00,0
Knightmare (Amstrad CPC - 1987),5.00,1
Kobyashi Naru (Amstrad CPC - 1987),1.33,3
Kokotoni Wilf (Amstrad CPC - 1986),2.00,1
Konami Coin-Op Hits (Amstrad CPC - 1986),0.00,0
Konami's Arcade Collection (Amstrad CPC - 1988),0.00,0
Konami's Golf (Amstrad CPC - 1987),5.00,1
Kong Strikes Back! (Amstrad CPC - 1984),3.00,1
Kong's Revenge (Amstrad CPC - 1991),5.00,1
Koronis Rift (Amstrad CPC - 1987),5.00,3
Krakout (Amstrad CPC - 1987),5.00,1
Kung-Fu Master (Amstrad CPC - 1987),5.00,3
Kung-Fu: The Way of the Exploding Fist (Amstrad CPC - 1985),5.00,2
Kwik Snax (Amstrad CPC - 1990),4.00,3
Kyros (Amstrad CPC - 1988),0.00,0
L'Aigle d'Or (Amstrad CPC - 1986),0.00,0
L.E.D. Storm (Amstrad CPC - 1988),3.50,4
La Abadía del Crimen (Amstrad CPC - 1988),4.84,6
La Aventura Espacial (Amstrad CPC - 1990),4.00,1
La Aventura Original (Amstrad CPC - 1989),4.50,4
La Corona Mágica (Amstrad CPC - 1990),3.00,1
La Diosa de Cozumel (Amstrad CPC - 1990),4.33,3
La Espada Sagrada (Amstrad CPC - 1990),5.00,4
La Guerra de las Vajillas (Amstrad CPC - 1988),0.00,0
La Marque Jaune (Amstrad CPC - 1988),0.00,0
Lagaf': Les Aventures de Moktar - Vol 1: La Zoubida (Amstrad CPC - 1992),4.55,40
Lamborghini: American Challenge (Amstrad CPC - 1992),4.07,28
Lancelot (Amstrad CPC - 1988),4.44,9
Las Vegas Casino (Amstrad CPC - 1989),0.00,0
Last Duel: Inter Planet War 2012 (Amstrad CPC - 1989),5.00,1
Last Ninja 2: Back With a Vengeance (Amstrad CPC - 1988),4.35,17
Lazer Tag (Amstrad CPC - 1987),0.00,0
Le Diamant de l'Île Maudite (Amstrad CPC - 1986),0.00,0
Le Labyrinthe d'Errare (Amstrad CPC - 1989),0.00,0
Le labyrinthe d'Orthophus (Amstrad CPC - 1989),4.00,1
Le Labyrinthe de Morphintax (Amstrad CPC - 1991),0.00,0
Le Maître des âmes (Amstrad CPC - 1987),4.00,3
Le Mystère de Kikekankoi (Amstrad CPC - 1985),0.00,0
Leader Board (Amstrad CPC - 1987),0.00,0
Leaderboard Tournament (Amstrad CPC - 1987),0.00,0
League Challenge (Amstrad CPC - 1987),0.00,0
Leather Goddesses Of Phobos (Amstrad CPC - 1986),4.15,20
Legions of Death (Amstrad CPC - 1986),4.00,1
Lemmings (Amstrad CPC - 1992),4.69,111
Leviathan (Amstrad CPC - 1987),3.00,2
Life Force (Amstrad CPC - 1988),5.00,1
Lightforce (Amstrad CPC - 1986),3.00,1
Line of Fire (Amstrad CPC - 1990),3.50,2
Little Computer People (Amstrad CPC - 1987),4.45,45
Little Puff in Dragonland (Amstrad CPC - 1989),1.00,1
Liverpool (Amstrad CPC - 1990),0.00,0
Livingstone II (Amstrad CPC - 1989),4.45,11
"Livingstone, I Presume? (Amstrad CPC - 1987)",4.50,10
Lode Runner (Amstrad CPC - 1989),4.88,24
Lone Wolf: The Mirror of Death (Amstrad CPC - 1991),4.60,5
Loopz (Amstrad CPC - 1990),5.00,1
Lords of Chaos (Amstrad CPC - 1990),4.60,5
Lords of Time (Amstrad CPC - 1984),0.00,0
Lorna (Amstrad CPC - 1990),4.25,8
Los Angeles SWAT (Amstrad CPC - 1987),0.00,0
Los Inhumanos (Amstrad CPC - 1990),0.00,0
Los Pájaros de Bangkok (Amstrad CPC - 1988),0.00,0
Los Templos Sagrados (Amstrad CPC - 1991),5.00,2
Lotus Esprit Turbo Challenge (Amstrad CPC - 1990),5.00,5
Lucky Luke (Amstrad CPC - 1987),3.88,8
Macadam Bumper (Amstrad CPC - 1985),4.50,6
Mach 3 (Amstrad CPC - 1987),3.75,8
Mad Mix 2: En el castillo de los fantasmas (Amstrad CPC - 1990),0.00,0
Mad Mix Game (Amstrad CPC - 1988),5.00,3
Madballs (Amstrad CPC - 1988),2.00,1
Magic Johnson's Fast Break (Amstrad CPC - 1990),4.80,5
Magicland Dizzy (Amstrad CPC - 1990),4.36,11
Magnetik Tank (Amstrad CPC - 1986),5.00,3
Mambo (Amstrad CPC - 1989),5.00,1
Manchester United (Amstrad CPC - 1990),3.80,5
Mandragore (Amstrad CPC - 1986),3.50,2
Manic Miner (Amstrad CPC - 1985),5.00,2
Marauder (Amstrad CPC - 1988),3.00,1
Marble Madness Construction Set (Amstrad CPC - 1986),3.00,1
Marble Madness Deluxe Edition (Amstrad CPC - 1987),0.00,0
Mario Bros. (Amstrad CPC - 1987),4.50,10
Marsport (Amstrad CPC - 1985),0.00,0
Martianoids (Amstrad CPC - 1987),0.00,0
MASK (Amstrad CPC - 1987),0.00,0
MASK Two Two (Amstrad CPC - 1988),0.00,0
Master Chess (Amstrad CPC - 1987),5.00,1
Master of the Lamps (Amstrad CPC - 1985),4.00,1
Masters of the Universe: The Movie (Amstrad CPC - 1987),0.00,0
Mata Hari (Amstrad CPC - 1988),0.00,0
Match Day (Amstrad CPC - 1985),3.33,3
Match Day II (Amstrad CPC - 1987),5.00,3
Max Headroom (Amstrad CPC - 1986),4.00,1
Maze Mania (Amstrad CPC - 1989),5.00,1
Mega Phoenix (Amstrad CPC - 1991),4.00,2
Mega Sports (Amstrad CPC - 1992),0.00,0
Mega-Apocalypse (Amstrad CPC - 1988),4.00,1
Mega-Bucks (Amstrad CPC - 1986),0.00,0
Meganova (Amstrad CPC - 1988),0.00,0
Mercenary (Amstrad CPC - 1987),5.00,3
Mercs (Amstrad CPC - 1991),4.00,2
Mermaid Madness (Amstrad CPC - 1986),0.00,0
Message from Andromeda (Amstrad CPC - 1985),0.00,0
Metaplex (Amstrad CPC - 1988),0.00,0
Metro Cross (Amstrad CPC - 1987),0.00,0
Metropolis (Amstrad CPC - 1989),5.00,1
Metropolis (Amstrad CPC - 1988),0.00,0
Méwilo (Amstrad CPC - 1987),0.00,0
Miami Dice (Amstrad CPC - 1986),0.00,0
Miami Vice (Amstrad CPC - 1986),0.00,0
Michel Futbol Master + Super Skills (Amstrad CPC - 1989),1.00,1
Mickey Mouse: The Computer Game (Amstrad CPC - 1988),5.00,1
Microball (Amstrad CPC - 1988),0.00,0
MicroLeague Action Sports Soccer (Amstrad CPC - 1991),4.20,5
Midnight Resistance (Amstrad CPC - 1990),5.00,3
Mig-29 Soviet Fighter (Amstrad CPC - 1989),2.50,2
Mike Gunner (Amstrad CPC - 1989),0.00,0
Mike Read's Computer Pop Quiz (Amstrad CPC - 1989),0.00,0
Mikie (Amstrad CPC - 1986),0.00,0
Milk Race (Amstrad CPC - 1987),5.00,1
Minder (Amstrad CPC - 1985),0.00,0
Mindfighter (Amstrad CPC - 1988),5.00,4
Mindshadow (Amstrad CPC - 1985),4.25,8
Mindtrap (Amstrad CPC - 1989),0.00,0
Minnesota Fats' Pool Challenge (Amstrad CPC - 1985),0.00,0
Mission (Amstrad CPC - 1987),0.00,0
Mission Elevator (Amstrad CPC - 1986),4.00,3
Mission Genocide (Amstrad CPC - 1987),0.00,0
Mission Omega (Amstrad CPC - 1986),5.00,3
Mobile Man (Amstrad CPC - 1989),0.00,0
Molecule Man (Amstrad CPC - 1986),0.00,0
Monopoly (Amstrad CPC - 1985),5.00,8
Monte Carlo Casino (Amstrad CPC - 1989),5.00,1
Monty on the Run (Amstrad CPC - 1985),5.00,1
Monty Python's Flying Circus (Amstrad CPC - 1990),3.60,5
Moon Blaster (Amstrad CPC - 1990),2.00,1
Moon Buggy (Amstrad CPC - 1985),5.00,1
Moon Cresta (Amstrad CPC - 1986),3.00,1
Moonmist (Amstrad CPC - 1986),4.00,5
Moontorc (Amstrad CPC - 1991),5.00,1
Moonwalker (Amstrad CPC - 1989),4.44,9
Mordon's Quest (Amstrad CPC - 1985),0.00,0
Mortadelo y Filemón II: Safari Callejero (Amstrad CPC - 1989),5.00,3
Mortville Manor (Amstrad CPC - 1988),5.00,4
MOT (Amstrad CPC - 1989),3.50,2
Moto X Simulator (Amstrad CPC - 1989),2.50,2
Motorbike Madness (Amstrad CPC - 1988),2.75,4
Motos (Amstrad CPC - 1987),3.00,1
Mountains of Ket (Amstrad CPC - 1986),0.00,0
Mountie Mick's Deathride (Amstrad CPC - 1987),0.00,0
Movie (Amstrad CPC - 1986),0.00,0
Movie Premiere (Amstrad CPC - 1991),0.00,0
Mr Wino (Amstrad CPC - 1988),0.00,0
Multi-Player Soccer Manager (Amstrad CPC - 1990),5.00,1
Mundial de Fútbol (Amstrad CPC - 1990),4.33,3
Murder off Miami (Amstrad CPC - 1986),4.00,1
Murder on The Atlantic (Amstrad CPC - 1986),4.00,3
Murders in Venice (Amstrad CPC - 1989),4.29,7
Mutan Zone (Amstrad CPC - 1988),5.00,5
Mutant Monty (Amstrad CPC - 1984),0.00,0
Mutants (Amstrad CPC - 1987),0.00,0
Mystery of the Nile (Amstrad CPC - 1986),5.00,2
Mystical (Amstrad CPC - 1990),4.00,3
Myth: History in the Making (Amstrad CPC - 1989),4.60,10
Mythos (Amstrad CPC - 1990),5.00,2
NARC (Amstrad CPC - 1990),3.67,3
Narco Police (Amstrad CPC - 1990),4.11,26
Navy Moves (Amstrad CPC - 1988),4.08,13
Necris Dome (Amstrad CPC - 1986),3.00,1
NEIL Android (Amstrad CPC - 1988),0.00,0
Nemesis the Warlock (Amstrad CPC - 1987),3.00,1
Nether Earth (Amstrad CPC - 1987),4.00,1
Netherworld (Amstrad CPC - 1988),4.54,13
Nexus (Amstrad CPC - 1986),0.00,0
Nibbler (Amstrad CPC - 1985),3.00,1
Nick Faldo Plays The Open (Amstrad CPC - 1986),0.00,0
Nigel Mansell's Grand Prix (Amstrad CPC - 1988),0.00,0
Nigel Mansell's World Championship Racing (Amstrad CPC - 1993),4.10,10
Night Hunter (Amstrad CPC - 1990),4.88,8
Night Shift (Amstrad CPC - 1991),3.00,2
Nightshade (Amstrad CPC - 1985),3.00,1
Ninja Commando (Amstrad CPC - 1988),5.00,1
Ninja Gaiden (Amstrad CPC - 1990),3.67,9
Ninja Hamster (Amstrad CPC - 1987),0.00,0
Ninja Massacre (Amstrad CPC - 1989),3.00,1
Ninja Master (Amstrad CPC - 1986),0.00,0
Ninja Remix (Amstrad CPC - 1990),5.00,2
Ninja Scooter Simulator (Amstrad CPC - 1988),0.00,0
Ninja Spirit (Amstrad CPC - 1990),4.00,2
No Exit (Amstrad CPC - 1990),3.33,3
Nodes of Yesod (Amstrad CPC - 1985),0.00,0
Nonamed (Amstrad CPC - 1986),0.00,0
Nonterraqueous (Amstrad CPC - 1985),0.00,0
North & South (Amstrad CPC - 1990),4.44,45
NorthStar (Amstrad CPC - 1988),0.00,0
Nosferatu the Vampyre (Amstrad CPC - 1986),4.00,2
Nuclear Heist (Amstrad CPC - 1986),5.00,1
NY Warriors (Amstrad CPC - 1990),4.50,4
Oberon 69 (Amstrad CPC - 1990),4.00,2
Obliterator (Amstrad CPC - 1988),4.67,3
Ocean Conqueror (Amstrad CPC - 1987),4.00,1
Off Shore Warrior (Amstrad CPC - 1988),4.50,4
Oh Mummy (Amstrad CPC - 1984),5.00,2
Oink! (Amstrad CPC - 1987),0.00,0
Ole! (Amstrad CPC - 1987),5.00,1
"Olé, Toro (Amstrad CPC - 1985)",0.00,0
Olli & Lissa 3: The Candlelight Adventure (Amstrad CPC - 1989),0.00,0
Olli & Lissa: The Ghost of Shilmore Castle (Amstrad CPC - 1987),0.00,0
Omni-Play Horse Racing (Amstrad CPC - 1986),3.17,6
On Cue (Amstrad CPC - 1987),0.00,0
One Man and His Droid (Amstrad CPC - 1985),0.00,0
Operation Gunship (Amstrad CPC - 1989),0.00,0
Operation Hanoi (Amstrad CPC - 1990),0.00,0
Operation Thunderbolt (Amstrad CPC - 1990),4.00,2
Operation Wolf (Amstrad CPC - 1988),4.44,25
Oriental Games (Amstrad CPC - 1990),2.00,1
Out Board (Amstrad CPC - 1990),0.00,0
Out of this World (Amstrad CPC - 1987),0.00,0
OutRun (Amstrad CPC - 1987),4.31,29
OutRun Europa (Amstrad CPC - 1991),4.75,4
Overlander (Amstrad CPC - 1988),3.67,3
P47 Thunderbolt (Amstrad CPC - 1990),4.00,5
Pac-Land (Amstrad CPC - 1988),4.20,5
Pac-Mania (Amstrad CPC - 1988),4.46,13
Pacific (Amstrad CPC - 1986),0.00,0
Panza Kick Boxing (Amstrad CPC - 1990),4.48,25
Panzadrome (Amstrad CPC - 1985),0.00,0
PaperBoy (Amstrad CPC - 1987),4.47,17
PaperBoy 2 (Amstrad CPC - 1991),4.33,24
Para Academy (Amstrad CPC - 1990),0.00,0
Para Assault Course (Amstrad CPC - 1988),0.00,0
Paris-Dakar (Amstrad CPC - 1988),3.71,7
Park Patrol (Amstrad CPC - 1986),4.00,1
Passengers on The Wind (Amstrad CPC - 1986),3.88,8
Passengers on the Wind II (Amstrad CPC - 1988),4.00,4
Passing Shot (Amstrad CPC - 1989),5.00,1
Paste-Man Pat (Amstrad CPC - 1989),0.00,0
Paws (Amstrad CPC - 1985),0.00,0
Pearl Harbour (Amstrad CPC - 1985),5.00,1
Pegasus Bridge (Amstrad CPC - 1987),4.50,4
Penalty Soccer (Amstrad CPC - 1990),5.00,1
Perico Delgado Maillot Amarillo (Amstrad CPC - 1989),3.71,7
Periscope Up (Amstrad CPC - 1989),0.00,0
Peter Beardsley's International Football (Amstrad CPC - 1988),0.00,0
Peter Pack Rat (Amstrad CPC - 1988),0.00,0
Peter Pan (Amstrad CPC - 1988),5.00,2
Peter Shilton's Handball Maradona! (Amstrad CPC - 1986),0.00,0
Phileas Fogg's Balloon Battles (Amstrad CPC - 1991),0.00,0
PHM Pegasus (Amstrad CPC - 1988),4.33,9
Pick 'n Pile (Amstrad CPC - 1990),3.40,5
Pictionary: The Game of Quick Draw (Amstrad CPC - 1989),4.15,13
Pinball Magic (Amstrad CPC - 1990),4.67,3
Pinball Wizard (Amstrad CPC - 1985),0.00,0
Ping Pong (Amstrad CPC - 1985),0.00,0
Pink Panther (Amstrad CPC - 1988),3.00,2
Pipe Dream (Amstrad CPC - 1990),4.40,5
Piso Zero (Amstrad CPC - 1991),0.00,0
Pit-Fighter (Amstrad CPC - 1991),4.23,13
Planetfall (Amstrad CPC - 1986),4.36,14
Platinum (Amstrad CPC - 1990),0.00,0
Platoon (Amstrad CPC - 1988),4.67,9
Plundered Hearts (Amstrad CPC - 1987),4.89,9
Pneumatic Hammers (Amstrad CPC - 1987),0.00,0
Poli Díaz (Amstrad CPC - 1990),4.25,4
Poogaboo: La Pulga 2 (Amstrad CPC - 1991),4.00,3
Popeye (Amstrad CPC - 1986),5.00,1
Popeye 3: WrestleCrazy (Amstrad CPC - 1992),1.00,1
Postman Pat (Amstrad CPC - 1989),3.25,4
Postman Pat 2 (Amstrad CPC - 1989),0.00,0
Potsworth & Co. (Amstrad CPC - 1992),5.00,1
Power (Amstrad CPC - 1985),0.00,0
Power Drift (Amstrad CPC - 1989),4.36,11
Powerplay: The Game of the Gods (Amstrad CPC - 1986),4.25,4
Predator (Amstrad CPC - 1987),3.50,2
Predator 2 (Amstrad CPC - 1991),5.00,6
Prehistorik (Amstrad CPC - 1991),4.69,64
Prehistorik 2 (Amstrad CPC - 1993),4.42,128
Premier 2: Superleague (Amstrad CPC - 1987),0.00,0
President (Amstrad CPC - 1987),5.00,4
Prince of Persia (Amstrad CPC - 1990),4.61,206
Prison Riot (Amstrad CPC - 1990),0.00,0
Pro Powerboat Simulator (Amstrad CPC - 1989),3.67,3
Pro Skateboard Simulator (Amstrad CPC - 1989),0.00,0
Pro Tennis Simulator (Amstrad CPC - 1989),3.67,3
Prodigy (Amstrad CPC - 1986),0.00,0
Professional BMX Simulator (Amstrad CPC - 1988),5.00,1
Professional Footballer (Amstrad CPC - 1991),0.00,0
Professional Ski Simulator (Amstrad CPC - 1988),4.50,2
Professional Snooker Simulator (Amstrad CPC - 1987),0.00,0
Professional Tennis Simulator (Amstrad CPC - 1990),3.43,7
Prohibition (Amstrad CPC - 1987),4.88,8
Project Future (Amstrad CPC - 1985),1.00,1
Project Neptune (Amstrad CPC - 1988),4.07,14
Protector (Amstrad CPC - 1989),0.00,0
Psi 5 Trading Co. (Amstrad CPC - 1987),4.67,9
Psyborg (Amstrad CPC - 1992),0.00,0
Psycho Hopper (Amstrad CPC - 1989),0.00,0
Psycho Pigs UXB (Amstrad CPC - 1988),0.00,0
Psycho Soldier (Amstrad CPC - 1988),0.00,0
Pub Darts (Amstrad CPC - 1986),4.50,2
Pub Games (Amstrad CPC - 1987),0.00,0
Pub Trivia Simulator (Amstrad CPC - 1989),0.00,0
Puffy's Saga (Amstrad CPC - 1989),1.00,1
Pulsator (Amstrad CPC - 1987),0.00,0
Pulsoids (Amstrad CPC - 1988),0.00,0
Punch & Judy (Amstrad CPC - 1989),0.00,0
Punchy (Amstrad CPC - 1984),0.00,0
Purple Saturn Day (Amstrad CPC - 1989),4.00,6
Puzznic (Amstrad CPC - 1990),4.55,11
Pyjamarama (Amstrad CPC - 1984),0.00,0
Q10 Tankbuster (Amstrad CPC - 1992),0.00,0
Qabbalah (Amstrad CPC - 1986),0.00,0
Quad (Amstrad CPC - 1987),0.00,0
Quadrel (Amstrad CPC - 1991),4.00,3
Quartet (Amstrad CPC - 1987),0.00,0
Questprobe: Featuring Human Torch and the Thing (Amstrad CPC - 1985),4.25,4
Quiwi (Amstrad CPC - 1986),0.00,0
R-Type (Amstrad CPC - 1989),4.00,2
R.B.I. Baseball 2 (Amstrad CPC - 1991),3.88,8
Rad Ramp Racer (Amstrad CPC - 1989),5.00,1
Rad Warrior (Amstrad CPC - 1986),4.25,4
Radius (Amstrad CPC - 1987),0.00,0
Raid Over Moscow (Amstrad CPC - 1985),4.83,6
Rainbow Islands (Amstrad CPC - 1990),4.00,4
Rally Cross Challenge (Amstrad CPC - 1989),1.00,1
Rally Driver (Amstrad CPC - 1986),0.00,0
Rally Simulator (Amstrad CPC - 1988),0.00,0
Rambo III (Amstrad CPC - 1988),3.50,26
Rambo: First Blood Part II (Amstrad CPC - 1986),3.00,1
Rampage (Amstrad CPC - 1988),4.84,12
Ramparts (Amstrad CPC - 1988),0.00,0
Rana Rama (Amstrad CPC - 1987),4.00,1
Rasputin (Amstrad CPC - 1986),5.00,1
Rastan (Amstrad CPC - 1988),4.51,51
Raster Runner (Amstrad CPC - 1990),0.00,0
Rasterscan (Amstrad CPC - 1987),5.00,3
Rath-Tha (Amstrad CPC - 1989),5.00,1
Realm (Amstrad CPC - 1987),0.00,0
Realm of Chaos: Village of Lost Souls (Amstrad CPC - 1987),0.00,0
Rebel Planet (Amstrad CPC - 1986),0.00,0
Rebelstar (Amstrad CPC - 1987),5.00,1
Reckless Rufus (Amstrad CPC - 1992),0.00,0
Red Arrows (Amstrad CPC - 1985),0.00,0
Red Heat (Amstrad CPC - 1989),4.00,3
Red Moon (Amstrad CPC - 1985),5.00,1
Red Scorpion (Amstrad CPC - 1987),0.00,0
Renegade (Amstrad CPC - 1987),4.82,11
Renegade III: The Final Chapter (Amstrad CPC - 1989),0.00,0
Rescate En El Golfo (Amstrad CPC - 1990),5.00,4
Rescue from Atlantis (Amstrad CPC - 1989),0.00,0
Rescue on Fractalus! (Amstrad CPC - 1986),4.00,5
Return to Eden (Amstrad CPC - 1984),3.00,1
Return to Oz (Amstrad CPC - 1986),5.00,1
Revolution (Amstrad CPC - 1986),0.00,0
Rex (Amstrad CPC - 1989),4.00,1
Rick Dangerous (Amstrad CPC - 1989),4.05,21
Rick Dangerous 2 (Amstrad CPC - 1990),4.62,21
Rick Davis's World Trophy Soccer (Amstrad CPC - 1989),4.64,14
Rig Attack (Amstrad CPC - 1985),0.00,0
Rigel's Revenge (Amstrad CPC - 1987),5.00,1
Road Raider (Amstrad CPC - 1988),3.00,2
Road Runner (Amstrad CPC - 1987),4.50,16
Road Runner and Wile E. Coyote (Amstrad CPC - 1991),5.00,2
RoadBlasters (Amstrad CPC - 1988),5.00,1
Robbbot (Amstrad CPC - 1986),0.00,0
Robin Hood: Legend Quest (Amstrad CPC - 1993),5.00,2
Robin of Sherwood: The Touchstones of Rhiannon (Amstrad CPC - 1985),4.50,2
Robinson Crusoe (Amstrad CPC - 1987),0.00,0
RoboCop (Amstrad CPC - 1989),0.00,0
Robozone (Amstrad CPC - 1991),1.00,1
Rocco (Amstrad CPC - 1985),0.00,0
Rock 'n Roll (Amstrad CPC - 1989),4.27,11
Rock Star Ate My Hamster (Amstrad CPC - 1989),5.00,2
Rock'N Roller (Amstrad CPC - 1988),3.00,1
Rockford: The Arcade Game (Amstrad CPC - 1988),4.00,8
Rodeo (Amstrad CPC - 1986),0.00,0
Rodland (Amstrad CPC - 1991),3.50,2
Rogue (Amstrad CPC - 1988),4.37,35
Rogue Trooper (Amstrad CPC - 1986),5.00,1
Roland Goes Digging (Amstrad CPC - 1984),0.00,0
Roland in Time (Amstrad CPC - 1985),5.00,1
Rollaround (Amstrad CPC - 1988),0.00,0
Rolling Thunder (Amstrad CPC - 1988),3.25,4
Room Ten (Amstrad CPC - 1986),0.00,0
Roy of the Rovers (Amstrad CPC - 1988),0.00,0
Ruff and Reddy in the Space Adventure (Amstrad CPC - 1990),1.00,1
Rugby Boss (Amstrad CPC - 1989),0.00,0
Rugby Coach (Amstrad CPC - 1991),0.00,0
Run for Gold (Amstrad CPC - 1985),5.00,1
Run the Gauntlet (Amstrad CPC - 1989),3.00,2
Runestone (Amstrad CPC - 1985),0.00,0
Rush'n Attack (Amstrad CPC - 1986),3.92,24
Rygar (Amstrad CPC - 1987),4.50,2
S.T.U.N. Runner (Amstrad CPC - 1990),4.54,13
S.W.I.V. (Amstrad CPC - 1991),3.67,3
Sabotage (Amstrad CPC - 1988),5.00,1
Saboteur (Amstrad CPC - 1986),5.00,1
Saboteur II (Amstrad CPC - 1987),4.54,24
Sabre Wulf (Amstrad CPC - 1985),3.67,3
Sabrina (Amstrad CPC - 1988),0.00,0
Sai Combat (Amstrad CPC - 1986),0.00,0
Sailing (Amstrad CPC - 1987),5.00,1
Saint and Greavsie (Amstrad CPC - 1989),0.00,0
Saint Dragon (Amstrad CPC - 1990),4.67,3
Samantha Fox Strip Poker (Amstrad CPC - 1986),5.00,2
Samurai Trilogy (Amstrad CPC - 1987),0.00,0
Samurai Warrior: The Battles of.... Usagi Yojimbo (Amstrad CPC - 1988),5.00,2
Santa's Xmas Caper (Amstrad CPC - 1991),5.00,1
Sapiens (Amstrad CPC - 1986),3.50,8
Saracen (Amstrad CPC - 1987),0.00,0
SAS Combat Simulator (Amstrad CPC - 1989),1.00,1
Satan (Amstrad CPC - 1990),3.89,9
Savage (Amstrad CPC - 1988),4.43,7
Scapeghost (Amstrad CPC - 1989),4.67,6
Scooby-Doo (Amstrad CPC - 1986),0.00,0
Scooby-Doo and Scrappy-Doo (Amstrad CPC - 1991),3.67,3
Score 3020 (Amstrad CPC - 1988),0.00,0
Scramble Spirits (Amstrad CPC - 1990),5.00,2
Scuba Kidz (Amstrad CPC - 1989),5.00,1
SDI: Strategic Defense Initiative (Amstrad CPC - 1989),2.00,1
Seabase Delta (Amstrad CPC - 1986),0.00,0
Seas of Blood (Amstrad CPC - 1985),0.00,0
Seastalker (Amstrad CPC - 1986),4.60,5
Sergeant Seymour: Robot Cop (Amstrad CPC - 1992),0.00,0
Seymour Goes to Hollywood (Amstrad CPC - 1991),4.00,2
Sgrizam (Amstrad CPC - 1985),5.00,1
Shackled (Amstrad CPC - 1988),0.00,0
Shadow Dancer (Amstrad CPC - 1991),4.75,4
Shadow of the Beast (Amstrad CPC - 1990),5.00,3
Shadow Skimmer (Amstrad CPC - 1987),0.00,0
Shadowfire (Amstrad CPC - 1986),0.00,0
Shanghai (Amstrad CPC - 1988),4.20,5
Shanghai Karate (Amstrad CPC - 1988),0.00,0
Shanghai Warriors (Amstrad CPC - 1989),0.00,0
Shao Lin's Road (Amstrad CPC - 1987),0.00,0
Shard of Inovar (Amstrad CPC - 1987),5.00,2
Shark (Amstrad CPC - 1989),0.00,0
Sharkey's 3D Pool (Amstrad CPC - 1989),4.57,7
Sharkey's Moll (Amstrad CPC - 1991),3.00,1
Sherman M4 (Amstrad CPC - 1990),5.00,12
Shinobi (Amstrad CPC - 1989),3.63,24
Shockway Rider (Amstrad CPC - 1987),0.00,0
Short Circuit (Amstrad CPC - 1987),0.00,0
Shufflepuck Cafe (Amstrad CPC - 1989),4.42,45
Sid Meier's Pirates! (Amstrad CPC - 1987),4.56,43
Sidewalk (Amstrad CPC - 1987),5.00,1
Sigma 7 (Amstrad CPC - 1987),0.00,0
Silent Service (Amstrad CPC - 1986),4.67,36
Silent Shadow (Amstrad CPC - 1988),4.50,2
Silicon Dreams (Amstrad CPC - 1986),4.25,8
Silkworm (Amstrad CPC - 1988),5.00,1
SimCity (Amstrad CPC - 1989),4.36,70
Sir Fred (Amstrad CPC - 1986),4.00,1
Sir Lancelot (Amstrad CPC - 1984),4.00,1
Sirwood (Amstrad CPC - 1990),4.40,5
Sito Pons 500cc Grand Prix (Amstrad CPC - 1990),4.25,8
Skate Crazy (Amstrad CPC - 1988),0.00,0
Skate or Die (Amstrad CPC - 1989),3.92,13
Skateball (Amstrad CPC - 1989),0.00,0
Skateboard Kidz (Amstrad CPC - 1988),0.00,0
Skatin' USA (Amstrad CPC - 1990),0.00,0
Skull & Crossbones (Amstrad CPC - 1991),4.00,4
Skweek (Amstrad CPC - 1989),4.00,7
Sky Shark (Amstrad CPC - 1987),4.33,3
Skyfox (Amstrad CPC - 1986),5.00,2
"Sláine, the Celtic Barbarian (Amstrad CPC - 1987)",4.00,2
Slapshot (Amstrad CPC - 1984),0.00,0
Sliders (Amstrad CPC - 1991),0.00,0
Slightly Magic (Amstrad CPC - 1991),2.00,1
Slot Car Racer (Amstrad CPC - 1987),5.00,2
Smash T.V. (Amstrad CPC - 1991),3.67,3
Snoopy: The Cool Computer Game (Amstrad CPC - 1989),4.37,16
Snow Strike (Amstrad CPC - 1990),3.50,4
Snowball (Amstrad CPC - 1984),0.00,0
Soccer Pinball (Amstrad CPC - 1992),3.00,2
Soccer Rivals (Amstrad CPC - 1991),0.00,0
Soccer Star (Amstrad CPC - 1989),0.00,0
Software Star (Amstrad CPC - 1985),4.00,1
Sol Negro (Amstrad CPC - 1988),4.40,5
Solar Star (Amstrad CPC - 1987),0.00,0
Solid Gold (Amstrad CPC - 1987),0.00,0
Solo (Amstrad CPC - 1989),0.00,0
Solomon's Key (Amstrad CPC - 1987),4.17,6
Sonic Boom (Amstrad CPC - 1990),1.00,1
Sooty & Sweep (Amstrad CPC - 1989),0.00,0
Sooty's Fun With Numbers (Amstrad CPC - 1990),0.00,0
Sorcerer (Amstrad CPC - 1986),4.25,8
Sorcerer Lord (Amstrad CPC - 1987),4.00,5
Sorcery (Amstrad CPC - 1985),4.67,3
Sorcery+ (Amstrad CPC - 1985),3.00,2
Soul of a Robot (Amstrad CPC - 1986),0.00,0
Southern Belle (Amstrad CPC - 1985),5.00,1
Soviet (Amstrad CPC - 1990),4.43,7
Space Ace (Amstrad CPC - 1988),5.00,1
Space Crusade (Amstrad CPC - 1992),4.41,29
Space Gun (Amstrad CPC - 1992),1.00,1
Space Harrier (Amstrad CPC - 1987),5.00,7
Space Harrier II (Amstrad CPC - 1990),3.67,3
Space Hawks (Amstrad CPC - 1985),0.00,0
Space Racer (Amstrad CPC - 1988),5.00,4
Space School Simulator: The Academy (Amstrad CPC - 1987),4.00,4
Space Shuttle: A Journey into Space (Amstrad CPC - 1986),3.67,3
Space Station Oblivion (Amstrad CPC - 1987),4.80,5
Spaghetti Western Simulator (Amstrad CPC - 1990),5.00,1
Special Operations (Amstrad CPC - 1984),4.00,1
Speed Buggy (Amstrad CPC - 1987),4.50,6
Speed King (Amstrad CPC - 1986),0.00,0
Speed Zone (Amstrad CPC - 1988),5.00,2
Spellbound (Amstrad CPC - 1985),0.00,0
Spellbreaker (Amstrad CPC - 1986),4.80,5
Spherical (Amstrad CPC - 1990),3.00,2
Spiky Harold (Amstrad CPC - 1986),5.00,1
Spindizzy (Amstrad CPC - 1986),5.00,1
Spirits (Amstrad CPC - 1987),0.00,0
Spitfire (Amstrad CPC - 1989),4.00,1
Spitfire '40 (Amstrad CPC - 1986),4.00,1
Spitting Image: The Computer Game (Amstrad CPC - 1988),0.00,0
Splat! (Amstrad CPC - 1985),0.00,0
Split Personalities (Amstrad CPC - 1986),5.00,1
Spooked (Amstrad CPC - 1989),0.00,0
Spooky Castle (Amstrad CPC - 1990),5.00,1
Sporting Triangles (Amstrad CPC - 1989),0.00,0
Sports-A-Roni (Amstrad CPC - 1987),0.00,0
Spy Hunter (Amstrad CPC - 1986),4.45,11
Spy vs Spy (Amstrad CPC - 1985),4.38,8
Spy vs. Spy: The Island Caper (Amstrad CPC - 1987),4.38,8
Spy-Trek Adventure (Amstrad CPC - 1986),0.00,0
Stainless Steel (Amstrad CPC - 1986),0.00,0
Star Control (Amstrad CPC - 1990),4.80,20
Star Dust (Amstrad CPC - 1987),5.00,3
Star Firebirds (Amstrad CPC - 1986),0.00,0
Star Raiders II (Amstrad CPC - 1987),0.00,0
Star Rank Boxing (Amstrad CPC - 1985),0.00,0
Star Sabre (Amstrad CPC - 2008),5.00,1
Star Trap (Amstrad CPC - 1989),0.00,0
Star Wars (Amstrad CPC - 1987),4.46,24
Star Wars: Droids (Amstrad CPC - 1988),3.00,2
Star Wars: Return of the Jedi (Amstrad CPC - 1988),3.00,2
Star Wars: The Empire Strikes Back (Amstrad CPC - 1988),3.67,3
Star Wreck (Amstrad CPC - 1987),0.00,0
Starcross (Amstrad CPC - 1986),3.91,11
StarGlider (Amstrad CPC - 1986),4.56,9
Starion (Amstrad CPC - 1985),4.00,1
Starquake (Amstrad CPC - 1986),4.60,10
Starstrike II (Amstrad CPC - 1986),4.00,1
Stationfall (Amstrad CPC - 1987),5.00,2
Steg the Slug (Amstrad CPC - 1992),4.50,2
Steve Davis Snooker (Amstrad CPC - 1984),0.00,0
Stifflip & Co. (Amstrad CPC - 1987),4.00,1
Stir Crazy featuring BoBo (Amstrad CPC - 1988),3.00,2
Storm (Amstrad CPC - 1986),5.00,2
Stormbringer (Amstrad CPC - 1987),0.00,0
Stormlord (Amstrad CPC - 1989),4.62,13
Strange Loop (Amstrad CPC - 1985),0.00,0
Streaker (Amstrad CPC - 1987),0.00,0
Street Cat (Amstrad CPC - 1987),4.30,10
Street Cred Boxing (Amstrad CPC - 1989),0.00,0
Street Cred Football (Amstrad CPC - 1989),0.00,0
Street Fighter (Amstrad CPC - 1988),3.85,13
Street Gang (Amstrad CPC - 1988),2.00,1
Street Hawk (Amstrad CPC - 1986),0.00,0
Street Machine (Amstrad CPC - 1986),0.00,0
Street Sports Basketball (Amstrad CPC - 1988),5.00,5
Strider (Amstrad CPC - 1989),4.64,11
Strider 2 (Amstrad CPC - 1990),3.00,3
Strike (Amstrad CPC - 1987),5.00,1
Strike Aces (Amstrad CPC - 1990),4.38,8
Strike Force Harrier (Amstrad CPC - 1986),4.43,7
Strike Force: Cobra (Amstrad CPC - 1986),4.00,1
Striker (Amstrad CPC - 1990),5.00,1
Striker Manager (Amstrad CPC - 1990),0.00,0
Strip Poker (Amstrad CPC - 1985),0.00,0
Strip Poker II Plus (Amstrad CPC - 1988),4.15,13
Stryker in the Crypts of Trogan (Amstrad CPC - 1992),0.00,0
Stunt Bike Simulator (Amstrad CPC - 1988),0.00,0
Stunt Track Racer (Amstrad CPC - 1990),4.50,12
Stuntman Seymour (Amstrad CPC - 1992),0.00,0
Subbuteo (Amstrad CPC - 1990),3.67,6
Subway Vigilante (Amstrad CPC - 1989),5.00,2
Sudoku (Amstrad CPC - 2008),3.00,1
Sultan's Maze (Amstrad CPC - 1984),0.00,0
Super Cauldron (Amstrad CPC - 1993),4.73,11
Super Cycle (Amstrad CPC - 1986),5.00,1
Super Gran (Amstrad CPC - 1985),0.00,0
Super Hang-On (Amstrad CPC - 1987),4.85,14
Super Monaco GP (Amstrad CPC - 1991),5.00,2
Super Nudge 2000 (Amstrad CPC - 1989),0.00,0
Super Pipeline II (Amstrad CPC - 1985),3.00,1
Super Robin Hood (Amstrad CPC - 1986),5.00,2
Super Scramble Simulator (Amstrad CPC - 1989),2.00,1
Super Seymour Saves the Planet (Amstrad CPC - 1991),1.00,1
Super Skweek (Amstrad CPC - 1991),3.00,2
Super Sprint (Amstrad CPC - 1987),0.00,0
Super Stock Car (Amstrad CPC - 1990),0.00,0
Super Stuntman (Amstrad CPC - 1987),0.00,0
Super Tank Simulator (Amstrad CPC - 1989),0.00,0
Super Trolley (Amstrad CPC - 1988),0.00,0
Super Trux (Amstrad CPC - 1989),5.00,1
Superkid (Amstrad CPC - 1990),0.00,0
Superman: The Man of Steel (Amstrad CPC - 1989),4.75,16
Supersports: The Alternative Olympics (Amstrad CPC - 1988),0.00,0
Superstar Indoor Sports (Amstrad CPC - 1987),5.00,3
SuperStar Soccer (Amstrad CPC - 1987),3.67,6
Survivor (Amstrad CPC - 1987),0.00,0
Survivor (Amstrad CPC - 1984),5.00,1
Suspect (Amstrad CPC - 1986),4.80,5
Suspended (Amstrad CPC - 1986),5.00,6
Swap (Amstrad CPC - 1990),0.00,0
Sweevo's World (Amstrad CPC - 1986),0.00,0
Switchblade (Amstrad CPC - 1990),3.00,2
Swords & Sorcery (Amstrad CPC - 1986),4.00,1
T-Bird (Amstrad CPC - 1989),1.00,1
Tai-Pan (Amstrad CPC - 1987),4.50,2
Taito's Super Space Invaders (Amstrad CPC - 1991),4.60,15
Tales of the Arabian Nights (Amstrad CPC - 1985),0.00,0
Tales of the Unknown: Volume I - The Bard's Tale (Amstrad CPC - 1988),4.71,17
Tanium (Amstrad CPC - 1988),0.00,0
Tank (Amstrad CPC - 1987),0.00,0
Tank Attack (Amstrad CPC - 1989),4.50,4
Tapper (Amstrad CPC - 1986),4.36,14
Target Plus (Amstrad CPC - 1988),0.00,0
Target: Renegade (Amstrad CPC - 1988),4.00,2
Targhan (Amstrad CPC - 1990),4.64,11
Tarzan (Amstrad CPC - 1986),3.00,1
Tau Ceti (Amstrad CPC - 1986),4.56,9
Technician Ted (Amstrad CPC - 1984),0.00,0
Techno Cop (Amstrad CPC - 1988),5.00,3
Teenage Mutant Ninja Turtles (Amstrad CPC - 1990),4.45,40
Teenage Mutant Ninja Turtles (Amstrad CPC - 1991),4.33,85
Teenage Queen (Amstrad CPC - 1988),4.12,16
Tempest (Amstrad CPC - 1987),4.50,2
Tennis Cup (Amstrad CPC - 1990),1.00,1
Tenpin Challenge (Amstrad CPC - 1987),0.00,0
Terminator 2: Judgment Day (Amstrad CPC - 1991),4.37,19
Terminus: The Prison Planet (Amstrad CPC - 1986),0.00,0
Terra Cognita (Amstrad CPC - 1986),5.00,1
Terror of the Deep (Amstrad CPC - 1987),5.00,1
Test Match + One Day Cricket (Amstrad CPC - 1985),0.00,0
Tetris (Amstrad CPC - 1988),4.30,20
Thai Boxing (Amstrad CPC - 1986),1.00,1
Thanatos (Amstrad CPC - 1986),3.50,2
The A-Team (Amstrad CPC - 1989),0.00,0
The Addams Family (Amstrad CPC - 1992),5.00,1
The Adventures of Bond... Basildon Bond (Amstrad CPC - 1986),0.00,0
The Amazing Spider-Man and Captain America in Dr. Doom's Revenge! (Amstrad CPC - 1990),4.33,27
The Ancient Art of War (Amstrad CPC - 1990),4.32,50
The Archers (Amstrad CPC - 1987),0.00,0
The Astonishing Adventures of Mr. Weems and the She Vampires (Amstrad CPC - 1987),0.00,0
The Bells (Amstrad CPC - 1986),0.00,0
The Big Sleaze (Amstrad CPC - 1987),0.00,0
The Blues Brothers (Amstrad CPC - 1991),4.52,23
The Boggit: Bored Too (Amstrad CPC - 1986),0.00,0
The Brainies (Amstrad CPC - 1991),4.00,2
The Brick (Amstrad CPC - 1989),0.00,0
The Case of the Mixed-Up Shymer (Amstrad CPC - 1987),0.00,0
The Chessmaster 2000 (Amstrad CPC - 1990),4.30,20
The Colour of Magic (Amstrad CPC - 1986),0.00,0
The Comet Game (Amstrad CPC - 1986),0.00,0
The Cycles: International Grand Prix Racing (Amstrad CPC - 1990),4.40,25
The Dam Busters (Amstrad CPC - 1986),4.80,10
The Deep (Amstrad CPC - 1988),1.00,1
The Duel: Test Drive II (Amstrad CPC - 1989),4.32,68
The Eidolon (Amstrad CPC - 1986),4.00,1
The Famous Five: Five on a Treasure Island (Amstrad CPC - 1990),3.33,3
The Fellowship of The Ring (Amstrad CPC - 1986),4.48,21
The Fifth Axis (Amstrad CPC - 1985),4.00,2
The Fifth Quadrant (Amstrad CPC - 1987),0.00,0
The Final Matrix (Amstrad CPC - 1987),0.00,0
The Flintstones (Amstrad CPC - 1988),3.50,2
The Fourth Protocol (Amstrad CPC - 1986),4.33,6
The Fury (Amstrad CPC - 1988),0.00,0
The Game of Harmony (Amstrad CPC - 1990),5.00,3
The Games: Summer Edition (Amstrad CPC - 1989),4.50,10
The Games: Winter Edition (Amstrad CPC - 1988),4.63,8
The Goonies (Amstrad CPC - 1986),5.00,1
The Great Escape (Amstrad CPC - 1986),4.20,10
The Growing Pains of Adrian Mole (Amstrad CPC - 1988),2.50,2
The Guild of Thieves (Amstrad CPC - 1987),4.44,9
The Hitchhiker's Guide to the Galaxy (Amstrad CPC - 1987),4.33,80
The Hobbit (Amstrad CPC - 1985),4.65,37
The Hunt for Red October (Amstrad CPC - 1988),4.71,14
The Hunt for Red October (Amstrad CPC - 1991),4.00,4
The Ice Temple (Amstrad CPC - 1989),3.00,1
The Krypton Factor (Amstrad CPC - 1987),0.00,0
The Last Mission (Amstrad CPC - 1987),4.83,6
The Last V8 (Amstrad CPC - 1986),0.00,0
The Legend of Apache Gold (Amstrad CPC - 1986),5.00,1
The Legend of Kage (Amstrad CPC - 1986),0.00,0
The Light Corridor (Amstrad CPC - 1990),4.60,5
The Loopz Collection (Amstrad CPC - 1991),0.00,0
The Lords of Midnight (Amstrad CPC - 1984),5.00,7
The Lurking Horror (Amstrad CPC - 1987),4.05,60
The Match (Amstrad CPC - 1991),0.00,0
The Munsters (Amstrad CPC - 1989),1.00,1
The Neverending Story (Amstrad CPC - 1985),5.00,1
The New Zealand Story (Amstrad CPC - 1989),4.25,8
The Ninja Warriors (Amstrad CPC - 1989),5.00,1
The Official America's Cup Sailing Simulation (Amstrad CPC - 1986),0.00,0
The Official Father Christmas (Amstrad CPC - 1989),0.00,0
The Paranoia Complex (Amstrad CPC - 1989),1.00,1
The Pawn (Amstrad CPC - 1987),4.37,8
The Price of Magik (Amstrad CPC - 1986),3.00,1
The Quest for the Golden Eggcup (Amstrad CPC - 1988),0.00,0
The Race Against Time (Amstrad CPC - 1988),2.00,1
The Real Ghostbusters (Amstrad CPC - 1989),5.00,2
The Rocky Horror Show (Amstrad CPC - 1985),0.00,0
The Rubicon Alliance (Amstrad CPC - 1987),4.00,1
The Running Man (Amstrad CPC - 1989),5.00,1
The Saga of Erik the Viking (Amstrad CPC - 1984),4.00,3
The Secret Diary of Adrian Mole Aged 13¾ (Amstrad CPC - 1985),5.00,1
The Sentry (Amstrad CPC - 1987),4.70,10
The Shadows of Mordor (Amstrad CPC - 1987),4.54,13
The Simpsons: Bart vs. the Space Mutants (Amstrad CPC - 1991),4.24,17
The Slugger (Amstrad CPC - 1985),1.00,1
The Spy Who Loved Me (Amstrad CPC - 1990),3.67,3
The Story So Far: Vol 4 (Amstrad CPC - 1990),0.00,0
The Survivors (Amstrad CPC - 1988),0.00,0
The Sydney Affair (Amstrad CPC - 1986),3.00,1
The Tolkien Trilogy (Amstrad CPC - 1989),0.00,0
The Train: Escape to Normandy (Amstrad CPC - 1988),5.00,8
The Trap Door (Amstrad CPC - 1986),5.00,1
The Untouchables (Amstrad CPC - 1989),5.00,1
The Very Big Cave Adventure (Amstrad CPC - 1986),3.00,1
The Vikings (Amstrad CPC - 1986),5.00,1
The Way of the Tiger (Amstrad CPC - 1986),0.00,0
The Wild Bunch (Amstrad CPC - 1985),4.00,1
The Witness (Amstrad CPC - 1986),3.67,3
The Worm in Paradise (Amstrad CPC - 1986),3.50,2
Theatre Europe (Amstrad CPC - 1985),5.00,3
They $tole a Million (Amstrad CPC - 1986),4.00,1
They Sold a Million (Amstrad CPC - 1986),0.00,0
They Sold a Million 3 (Amstrad CPC - 1986),0.00,0
They Sold a Million II (Amstrad CPC - 1986),5.00,1
Thing on a Spring (Amstrad CPC - 1986),0.00,0
Thomas the Tank Engine's Fun With Words (Amstrad CPC - 1990),4.50,2
Three Weeks in Paradise (Amstrad CPC - 1986),0.00,0
Throne of Fire (Amstrad CPC - 1987),0.00,0
Through the Trap Door (Amstrad CPC - 1987),3.00,1
Thrust (Amstrad CPC - 1986),3.00,1
Thrust II (Amstrad CPC - 1987),0.00,0
Thunder Burner (Amstrad CPC - 1991),1.00,1
Thunderbirds (Amstrad CPC - 1989),1.00,1
Thunderblade (Amstrad CPC - 1988),4.40,5
Thundercats (Amstrad CPC - 1987),3.50,2
ThunderJaws (Amstrad CPC - 1991),1.00,2
Tie Break (Amstrad CPC - 1990),3.67,3
Tiger Road (Amstrad CPC - 1989),3.00,2
Tim Love's Cricket (Amstrad CPC - 1985),0.00,0
Time Machine (Amstrad CPC - 1990),1.00,1
Time Scanner (Amstrad CPC - 1989),5.00,1
Timeman One (Amstrad CPC - 1984),4.00,1
Times of Lore (Amstrad CPC - 1990),4.80,10
Tintin on the Moon (Amstrad CPC - 1989),3.43,7
Tir Na Nog (Amstrad CPC - 1986),5.00,1
Titan (Amstrad CPC - 1988),3.00,2
Titanic (Amstrad CPC - 1988),3.50,2
Titanic Blinky (Amstrad CPC - 1992),1.00,1
Titus the Fox: To Marrakech and Back (Amstrad CPC - 1992),4.77,26
TLL: Tornado Low Level (Amstrad CPC - 1985),4.00,1
Tobruk: The Clash of Armour (Amstrad CPC - 1987),4.00,2
Toi Acid Game (Amstrad CPC - 1989),3.00,2
Tom & Jerry (Amstrad CPC - 1989),2.33,3
Tomahawk (Amstrad CPC - 1986),4.86,7
Tomcat (Amstrad CPC - 1989),5.00,1
Toobin' (Amstrad CPC - 1989),3.67,3
Top Cat in Beverly Hills Cats (Amstrad CPC - 1990),2.00,1
Top Gun (Amstrad CPC - 1986),4.25,4
Top Secret (Amstrad CPC - 1986),5.00,1
Total Eclipse (Amstrad CPC - 1988),4.80,10
Total Eclipse: Special Edition (Amstrad CPC - 1989),0.00,0
Total Recall (Amstrad CPC - 1991),0.00,0
Tour 91 (Amstrad CPC - 1991),4.80,5
Tournament Tennis (Amstrad CPC - 1985),3.00,6
Tower Toppler (Amstrad CPC - 1988),4.54,13
Toyota Celica GT Rally (Amstrad CPC - 1991),4.56,18
Tracksuit Manager (Amstrad CPC - 1988),5.00,4
Traffic (Amstrad CPC - 1985),4.00,2
Trailblazer (Amstrad CPC - 1986),0.00,0
Trans-Atlantic Balloon Challenge: The Game (Amstrad CPC - 1987),0.00,0
Transmuter (Amstrad CPC - 1987),0.00,0
Trantor the Last Stormtrooper (Amstrad CPC - 1987),5.00,3
Trap (Amstrad CPC - 1987),3.00,1
Trashman (Amstrad CPC - 1986),3.00,1
Treasure Island Dizzy (Amstrad CPC - 1989),5.00,2
Trevor Brooking's World Cup Glory (Amstrad CPC - 1990),0.00,0
Triaxos (Amstrad CPC - 1987),0.00,0
Trigger (Amstrad CPC - 1989),5.00,2
Trivia U.K. (Amstrad CPC - 1985),0.00,0
Trivial Pursuit (Amstrad CPC - 1987),3.60,5
Trivial Pursuit: A New Beginning (Amstrad CPC - 1988),2.00,1
Trivial Pursuit: Baby Boomer Edition (Amstrad CPC - 1987),0.00,0
Trivial Pursuit: Young Players Edition (Amstrad CPC - 1987),4.00,1
Troll (Amstrad CPC - 1988),0.00,0
Trollie Wallie (Amstrad CPC - 1986),3.00,1
TT Racer (Amstrad CPC - 1986),0.00,0
Tuareg (Amstrad CPC - 1988),5.00,1
Turbo Boat Simulator (Amstrad CPC - 1988),0.00,0
Turbo Cup (Amstrad CPC - 1988),5.00,6
Turbo Esprit (Amstrad CPC - 1986),0.00,0
Turbo Girl (Amstrad CPC - 1988),0.00,0
Turbo Kart Racer (Amstrad CPC - 1990),0.00,0
Turbo Out Run (Amstrad CPC - 1989),4.79,14
Turbo the Tortoise (Amstrad CPC - 1992),4.50,2
Turrican (Amstrad CPC - 1990),4.50,4
Turrican II: The Final Fight (Amstrad CPC - 1991),4.45,44
Tusker (Amstrad CPC - 1990),3.50,2
Twice Shy (Amstrad CPC - 1986),0.00,0
Twin Turbo V8 (Amstrad CPC - 1988),0.00,0
TwinWorld: Land of Vision (Amstrad CPC - 1990),4.50,2
U.N. Squadron (Amstrad CPC - 1990),4.00,3
Uchi Mata (Amstrad CPC - 1987),0.00,0
Ulises (Amstrad CPC - 1989),4.67,3
Ultima Ratio (Amstrad CPC - 1987),0.00,0
Une affaire en or (Amstrad CPC - 1985),0.00,0
Uridium (Amstrad CPC - 1987),4.75,4
V (Amstrad CPC - 1986),0.00,0
Vagan Attack (Amstrad CPC - 1985),0.00,0
Vampire (Amstrad CPC - 1986),0.00,0
Vampire Killer (Amstrad CPC - 1984),0.00,0
Vectorball (Amstrad CPC - 1988),0.00,0
Vendetta (Amstrad CPC - 1990),5.00,2
Venom (Amstrad CPC - 1988),4.00,2
Vera Cruz (Amstrad CPC - 1985),5.00,1
Vermeer (Amstrad CPC - 1987),4.37,27
Viaje Al Centro De La Tierra (Amstrad CPC - 1989),3.00,2
Vigilante (Amstrad CPC - 1989),5.00,2
Vindicators (Amstrad CPC - 1989),1.00,1
Vixen (Amstrad CPC - 1988),4.40,5
Viz: The Game (Amstrad CPC - 1991),4.29,7
Volleyball Simulator (Amstrad CPC - 1989),4.17,6
Vulcan: The Tunisian Campaign (Amstrad CPC - 1987),5.00,7
Wacky Darts (Amstrad CPC - 1992),1.50,2
Wacky Races (Amstrad CPC - 1992),3.00,1
Wanderer (Amstrad CPC - 1989),3.00,1
Wanted (Amstrad CPC - 1990),4.00,3
War Cars Construction Set (Amstrad CPC - 1987),0.00,0
War Hawk (Amstrad CPC - 1986),3.00,1
War Machine (Amstrad CPC - 1989),1.00,1
Warlock (Amstrad CPC - 1987),0.00,0
Warlord (Amstrad CPC - 1985),4.00,1
WEC Le Mans (Amstrad CPC - 1988),5.00,1
Weetabix Versus the Titchies (Amstrad CPC - 1984),0.00,0
Wells & Fargo (Amstrad CPC - 1988),5.00,1
Welltris (Amstrad CPC - 1990),3.84,19
Wembley Greyhounds (Amstrad CPC - 1989),0.00,0
Werewolf Simulator (Amstrad CPC - 1988),0.00,0
Werewolves of London (Amstrad CPC - 1987),0.00,0
Werner: Let's go! (Amstrad CPC - 1987),0.00,0
West Bank (Amstrad CPC - 1986),3.00,1
West Phaser (Amstrad CPC - 1989),3.00,2
Western Games (Amstrad CPC - 1987),2.50,2
Where in the World is Carmen Sandiego? (Amstrad CPC - 1990),4.55,18
Who Dares Wins II (Amstrad CPC - 1986),5.00,1
Whopper Chase (Amstrad CPC - 1987),0.00,0
Wibstars (Amstrad CPC - 1987),0.00,0
Wild Streets (Amstrad CPC - 1989),4.14,7
Wild West Seymour (Amstrad CPC - 1992),0.00,0
Willow Pattern (Amstrad CPC - 1985),0.00,0
Windsurf Willy (Amstrad CPC - 1989),0.00,0
Wings of Fury (Amstrad CPC - 1990),4.65,23
Winter Games (Amstrad CPC - 1986),4.44,16
Winter Olympics (Amstrad CPC - 1986),0.00,0
Winter Sports (Amstrad CPC - 1985),0.00,0
Winter Wonderland (Amstrad CPC - 1987),5.00,1
Wishbringer (Amstrad CPC - 1986),4.71,7
Wiz Biz (Amstrad CPC - 1987),0.00,0
Wizard Warz (Amstrad CPC - 1987),2.50,2
Wizard Willy (Amstrad CPC - 1989),0.00,0
Wizard's Lair (Amstrad CPC - 1985),5.00,1
Wizball (Amstrad CPC - 1987),4.27,11
Wolfman (Amstrad CPC - 1988),0.00,0
Wonder Boy in Monster Land (Amstrad CPC - 1989),4.50,2
World Championship Boxing Manager (Amstrad CPC - 1990),4.01,28
World Championship Soccer (Amstrad CPC - 1990),5.00,1
World Class Leader Board (Amstrad CPC - 1988),4.62,26
World Class Rugby (Amstrad CPC - 1991),4.38,8
World Class Soccer (Amstrad CPC - 1990),1.00,2
World Cup (Amstrad CPC - 1985),0.00,0
World Cup Challenge (Amstrad CPC - 1990),0.00,0
World Cup Soccer (Amstrad CPC - 1985),5.00,1
World Games (Amstrad CPC - 1987),4.53,12
Wreckless Roger (Amstrad CPC - 1984),0.00,0
Wrestling Superstars (Amstrad CPC - 1993),0.00,0
Wriggler (Amstrad CPC - 1985),0.00,0
Wriggler (Amstrad CPC - 1984),0.00,0
WWF Wrestlemania (Amstrad CPC - 1991),3.92,12
X-Out (Amstrad CPC - 1990),3.67,3
Xanagrams (Amstrad CPC - 1984),0.00,0
XARQ: The Zimmerman Trenches (Amstrad CPC - 1986),0.00,0
Xcel (Amstrad CPC - 1986),0.00,0
Xeno (Amstrad CPC - 1986),5.00,1
Xenon (Amstrad CPC - 1988),4.38,8
Xenophobe (Amstrad CPC - 1989),3.50,2
Xevious (Amstrad CPC - 1986),5.00,2
Xor (Amstrad CPC - 1987),0.00,0
Xybots (Amstrad CPC - 1989),0.00,0
Xyphoes Fantasy (Amstrad CPC - 1991),5.00,1
Yabba Dabba Doo! (Amstrad CPC - 1986),5.00,1
Yes Prime Minister: The Computer Game (Amstrad CPC - 1987),4.20,10
Yie Ar Kung-Fu (Amstrad CPC - 1986),5.00,3
Yie Ar Kung-Fu 2: The Emperor Yie-Gah (Amstrad CPC - 1987),5.00,1
Yogi Bear (Amstrad CPC - 1987),0.00,0
Yogi Bear & Friends in the Greed Monster: A Treasure Hunt (Amstrad CPC - 1990),3.00,3
Yogi's Great Escape (Amstrad CPC - 1990),1.00,1
Zampabolas (Amstrad CPC - 1989),0.00,0
Zap't'Balls (Amstrad CPC - 1992),0.00,0
Zap't'Balls: The Advanced Edition (Amstrad CPC - 1992),0.00,0
Zarkon (Amstrad CPC - 1987),0.00,0
Zblast SD (Amstrad CPC - 2005),0.00,0
Zoids (Amstrad CPC - 1986),4.67,3
Zolyx (Amstrad CPC - 1987),0.00,0
Zombi (Amstrad CPC - 1986),4.08,15
Zona 0 (Amstrad CPC - 1991),4.25,8
Zone Trooper (Amstrad CPC - 1988),0.00,0
Zork II: The Wizard of Frobozz (Amstrad CPC - 1986),4.40,15
Zork III: The Dungeon Master (Amstrad CPC - 1986),4.15,13
Zork: The Great Underground Empire (Amstrad CPC - 1986),4.29,171
Zorro (Amstrad CPC - 1986),5.00,2
Zub (Amstrad CPC - 1986),0.00,0
Zynaps (Amstrad CPC - 1987),3.67,3
