Title,Average Rating,Number of Ratings
10 Little Robots (Apple IIgs - 1989),0.00,0
4th & Inches (Apple IIgs - 1988),3.55,18
AAARGH! (Apple IIgs - 1988),4.08,13
Accolade's Mean 18: Famous Course Disk - Volume III (Apple IIgs - 1987),3.50,2
Accolade's Mean 18: Famous Course Disk - Volume IV (Apple IIgs - 1987),4.00,2
Airball (Apple IIgs - 1989),3.92,13
Alien Mind (Apple IIgs - 1988),1.00,1
All About America (Apple IIgs - 1988),5.00,2
Arkanoid (Apple IIgs - 1988),4.56,25
Arkanoid: Revenge of DOH (Apple IIgs - 1989),4.12,25
Balance of Power: The 1990 Edition (Apple IIgs - 1989),4.09,47
Battle Chess (Apple IIgs - 1989),4.42,365
Beyond Zork: The Coconut of Quendor (Apple IIgs - 1988),4.00,22
BlackJack Academy (Apple IIgs - 1988),4.00,1
Blockout (Apple IIgs - 1989),4.55,22
Bubble Ghost (Apple IIgs - 1988),4.14,7
California Games (Apple IIgs - 1988),4.34,33
Captain Blood (Apple IIgs - 1989),4.76,17
Cavern Cobra (Apple IIgs - 1987),0.00,0
Club Backgammon (Apple IIgs - 1988),0.00,0
Crystal Quest (Apple IIgs - 1989),5.00,5
Dark Castle (Apple IIgs - 1989),4.73,29
Defender of The Crown (Apple IIgs - 1988),4.58,61
Déjà Vu II: Lost in Las Vegas (Apple IIgs - 1989),4.25,20
Deja Vu: A Nightmare Comes True!! (Apple IIgs - 1988),4.95,37
Designasaurus (Apple IIgs - 1988),5.00,3
Destroyer (Apple IIgs - 1987),4.20,5
Dondra: A New Beginning (Apple IIgs - 1988),5.00,2
Downhill Challenge (Apple IIgs - 1989),3.43,7
Dream Zone (Apple IIgs - 1988),4.33,3
Dungeon Master (Apple IIgs - 1989),4.68,50
Fast Break (Apple IIgs - 1989),4.56,9
Final Assault (Apple IIgs - 1988),3.11,9
Fire Power (Apple IIgs - 1989),4.55,11
Gauntlet (Apple IIgs - 1988),4.91,23
GBA Championship Basketball: Two-on-Two (Apple IIgs - 1987),3.20,5
Gnarly Golf (Apple IIgs - 1989),0.00,0
Grand Prix Circuit (Apple IIgs - 1989),4.67,51
Great Western Shootout (Apple IIgs - 1989),4.00,1
Hacker II: The Doomsday Papers (Apple IIgs - 1987),4.91,11
HardBall! (Apple IIgs - 1987),3.25,8
Impossible Mission II (Apple IIgs - 1988),4.20,39
J.R.R. Tolkien's War in Middle Earth (Apple IIgs - 1989),4.53,20
Jack Nicklaus' Greatest 18 Holes of Major Championship Golf (Apple IIgs - 1989),3.40,5
KaleidoKubes (Apple IIgs - 1989),0.00,0
Keef the Thief: A Boy and His Lockpick (Apple IIgs - 1989),3.63,8
King's Quest (Apple IIgs - 1987),4.37,105
King's Quest II: Romancing the Throne (Apple IIgs - 1987),4.46,33
King's Quest III: To Heir is Human (Apple IIgs - 1988),4.31,49
King's Quest IV: The Perils of Rosella (Apple IIgs - 1989),4.14,75
Laser Force (Apple IIgs - 1989),0.00,0
Leisure Suit Larry in the Land of the Lounge Lizards (Apple IIgs - 1987),4.27,102
LemminGS (Apple IIgs - 1997),0.00,0
Life & Death (Apple IIgs - 1989),4.29,34
Magical Myths (Apple IIgs - 1988),5.00,1
Mancala (Apple IIgs - 1988),0.00,0
Manhunter: New York (Apple IIgs - 1988),4.80,10
Marble Madness (Apple IIgs - 1988),4.60,25
Math Blaster Plus! (Apple IIgs - 1989),4.60,30
Mean 18 (Apple IIgs - 1987),4.00,11
Mean 18: Famous Course Disk Volume II (Apple IIgs - 1987),4.00,2
Mixed-Up Mother Goose (Apple IIgs - 1988),4.30,10
Monte Carlo (Apple IIgs - 1987),0.00,0
Neuromancer (Apple IIgs - 1989),4.80,20
PaperBoy (Apple IIgs - 1988),4.47,17
Police Quest: In Pursuit of the Death Angel (Apple IIgs - 1987),4.48,30
Questron II (Apple IIgs - 1988),4.27,11
Reach for the Stars: The Conquest of the Galaxy (Apple IIgs - 1988),4.67,12
Reader Rabbit (Apple IIgs - 1987),4.31,26
Revolution '76 (Apple IIgs - 1989),3.91,11
RoadWar 2000 (Apple IIgs - 1987),4.77,13
Rocket Ranger (Apple IIgs - 1989),4.33,27
Sea Strike (Apple IIgs - 1987),3.00,1
Serve & Volley (Apple IIgs - 1988),2.80,5
Shadowgate (Apple IIgs - 1989),4.22,9
Shanghai (Apple IIgs - 1986),4.20,5
Sid Meier's Pirates! (Apple IIgs - 1988),4.56,43
Silent Service (Apple IIgs - 1987),4.67,36
Silpheed (Apple IIgs - 1988),4.46,13
Skate or Die (Apple IIgs - 1988),3.92,13
Solitaire Royale (Apple IIgs - 1989),4.00,8
Space Quest II: Chapter II - Vohaul's Revenge (Apple IIgs - 1988),4.11,27
Space Quest: Chapter I - The Sarien Encounter (Apple IIgs - 1987),4.60,52
Star Saga: One - Beyond the Boundary (Apple IIgs - 1988),5.00,4
Star Saga: Two - The Clathran Menace (Apple IIgs - 1989),5.00,4
Street Sports Soccer (Apple IIgs - 1988),4.33,3
Strip Poker II (Apple IIgs - 1988),4.17,24
Sub Battle Simulator (Apple IIgs - 1987),4.35,17
Tales of the Unknown: Volume I - The Bard's Tale (Apple IIgs - 1987),4.71,17
Tass Times in Tonetown (Apple IIgs - 1986),4.29,14
Test Drive II Scenery Disk: California Challenge (Apple IIgs - 1989),4.50,10
Tetris (Apple IIgs - 1988),4.30,20
The Bard's Tale II: The Destiny Knight (Apple IIgs - 1988),4.21,19
The Black Cauldron (Apple IIgs - 1987),4.52,23
The Duel: Test Drive II (Apple IIgs - 1989),4.32,68
The Fidelity Chessmaster 2100 (Apple IIgs - 1988),4.50,12
The Hunt for Red October (Apple IIgs - 1989),4.71,14
The Last Ninja (Apple IIgs - 1988),4.32,22
The Supercars: Test Drive II Car Disk (Apple IIgs - 1989),4.64,14
The Three Stooges (Apple IIgs - 1989),4.53,15
The Wonders of The Animal Kingdom (Apple IIgs - 1988),4.00,1
Thexder (Apple IIgs - 1987),4.37,27
Tomahawk (Apple IIgs - 1988),4.86,7
Tower of Myraglen (Apple IIgs - 1987),4.00,1
TrianGO (Apple IIgs - 1989),1.00,1
Tunnels of Armageddon (Apple IIgs - 1989),4.72,7
Uninvited (Apple IIgs - 1988),3.82,11
Vegas Gambler (Apple IIgs - 1988),2.50,4
Warlock (Apple IIgs - 1988),4.29,7
Where in the U.S.A. is Carmen Sandiego? (Apple IIgs - 1989),4.50,4
Where in the World is Carmen Sandiego? (Apple IIgs - 1989),4.32,134
Will Harvey's Zany Golf (Apple IIgs - 1988),4.61,18
Winter Games (Apple IIgs - 1987),4.44,16
Wolfenstein 3D (Apple IIgs - 1998),4.47,36
World Games (Apple IIgs - 1987),4.53,12
World Tour Golf (Apple IIgs - 1987),4.00,5
Xenocide (Apple IIgs - 1987),3.00,2
Ys: The Vanished Omens (Apple IIgs - 1989),4.50,8
