Title,Average Rating,Number of Ratings
Advanced Power Dolls 2 (PC-98 - 1996),4.57,7
Battle Clash (SNES - 1992),5.00,1
"BattleTech: A Game of Armored Combat (Genesis, SNES - 1994)",4.33,3
"BattleTech: The Crescent Hawk's Inception (DOS, Amiga, Apple II, C64 - 1988)",4.46,22
BattleTech: The Crescent Hawks' Revenge (DOS - 1990),4.85,13
Bedlam (DOS - 1996),4.56,16
Chō Jikū Yōsai Macross (NES - 1985),0.00,0
Chō Jikū Yōsai Macross: Love Stories (PC-98 - 1994),5.00,1
Chō Jikū Yōsai Macross: Remember Me (PC-98 - 1993),5.00,1
Chō Jikū Yōsai Macross: Scrambled Valkyrie (SNES - 1993),0.00,0
Chō Jikū Yōsai Macross: Skull Leader (PC-98 - 1994),5.00,1
"Cruise Chaser Blassty (PC-88, PC-98 - 1986)",0.00,0
"Cyber Empires (DOS, Amiga - 1992)",4.57,21
Cyber Troopers Virtual On (Windows - 1997),3.33,3
Cybernator (SNES - 1992),0.00,0
Cyberstorm 2: Corporate Wars (Windows - 1998),4.86,7
Dai-2-ji Super Robot Taisen (NES - 1991),0.00,0
Dai-3-ji Super Robot Taisen (SNES - 1993),0.00,0
Dark Horizons: Lore (Windows - 2004),4.50,2
Darklyte (Atari ST - 1993),4.00,1
Death Duel (Genesis - 1992),0.00,0
EarthSiege 2 (Windows - 1996),5.00,9
Elm Knight (PC-98 - 1992),0.00,0
Exo Squad (Genesis - 1995),0.00,0
Final Orbit (DOS - 1990),3.75,4
Final Zone (Genesis - 1990),4.00,1
"Fire Hawk: Thexder - The Second Contact (DOS, PC-88 - 1990)",5.00,5
"Formation Z (NES, PC-88 - 1985)",5.00,2
Front Mission (SNES - 1995),5.00,1
Front Mission: Gun Hazard (SNES - 1996),5.00,1
"Future Cop: L.A.P.D. (Windows, Mac - 1998)",4.73,125
Gaiflame (PC-88 - 1987),0.00,0
Genocide 2 (SNES - 1994),0.00,0
Genocide 2: Master of the Dark Communion (DOS - 1995),5.00,4
Gundam 0079: The War for Earth (Mac - 1997),4.20,5
Head Buster (Game Gear - 1991),0.00,0
Heavy Gear (Windows - 1997),4.80,5
Heavy Gear II (Windows - 1999),5.00,6
Heavy Unit (Genesis - 1990),0.00,0
Herzog (PC-88 - 1988),5.00,2
Herzog Zwei (Genesis - 1989),5.00,1
Iron Blood (DOS - 1996),4.50,4
Joy Mecha Fight (NES - 1993),0.00,0
Kidō Butōden G Gundam (SNES - 1994),0.00,0
Kidō Keisatsu Patlabor (SNES - 1994),0.00,0
Kidō Keisatsu Patlabor: 98-Shiki Kidō seyo! (Genesis - 1992),0.00,0
Kidō Senshi V Gundam (SNES - 1994),0.00,0
Kikou Keisatsu Metal Jack (SNES - 1992),0.00,0
Krazy Ivan (Windows - 1996),5.00,1
Lightning Vaccus: The Knight of Iron (PC-88 - 1989),0.00,0
Macross (PC-88 - 1985),0.00,0
"MagMax (C64, NES - 1986)",5.00,2
"MASK (Amstrad CPC, C64 - 1987)",0.00,0
Massive Assault (Mac - 2005),5.00,5
Mazin Saga: Mutant Fighter (Genesis - 1993),4.00,1
Mazinger Z (SNES - 1993),0.00,0
Mech Commander: Gold (Windows - 1999),4.83,54
MechCommander 2 (Windows - 2001),4.52,58
MechWarrior (DOS - 1989),4.52,31
MechWarrior (SNES - 1993),0.00,0
"MechWarrior 2: 31st Century Combat (DOS, Windows, Mac - 1995)",4.61,124
"MechWarrior 2: Mercenaries (DOS, Windows - 1996)",4.58,45
MechWarrior 3 (Windows - 1999),4.55,49
MechWarrior 4: Mercenaries (Windows - 2002),4.58,355
Megatron VGA (DOS - 1993),1.00,1
Metal & Lace: The Battle of the Robo Babes (DOS - 1993),4.65,17
Metal Combat: Falcon's Revenge (SNES - 1993),0.00,0
Metal Fatigue (Windows - 2000),4.78,67
Metal Head (SEGA 32X - 1994),0.00,0
Metal Marines (SNES - 1993),5.00,1
Metal Storm (NES - 1991),0.00,0
Metal Warriors (SNES - 1995),5.00,1
Metal: A Robot Combat Simulation (Amiga - 1989),1.00,1
Metaltech: Battledrome (DOS - 1994),4.67,6
Metaltech: Earthsiege (DOS - 1994),4.59,22
Mighty Morphin Power Rangers: The Movie (Genesis - 1995),4.60,5
MissionForce: CyberStorm (Windows - 1996),4.79,14
Mobile Suit Z Gundam: Hot Scramble (NES - 1986),0.00,0
Nemac IV (Amiga - 1996),0.00,0
"Nether Earth (Amstrad CPC, C64 - 1987)",4.00,1
One Must Fall 2097 (DOS - 1994),4.55,64
Power Dolls (DOS - 1995),4.63,19
Ranger X (Genesis - 1993),5.00,2
Robo Wres 2001 (PC-88 - 1986),0.00,0
SD Gundam World: Gachapon Senshi 2 - Capsule Senki (NES - 1989),0.00,0
Shattered Steel (Mac - 1997),5.00,3
Shin Kidō Senki Gundam Wing: Endless Duel (SNES - 1996),0.00,0
Shogo: Mobile Armor Division (Mac - 2000),4.55,11
Solid Runner (SNES - 1997),0.00,0
Starsiege (Windows - 1999),5.00,8
Super Robot Taisen (Game Boy - 1991),0.00,0
Super Robot Taisen EX (SNES - 1994),0.00,0
Target Earth (Genesis - 1990),5.00,1
The Adventures of Star Saver (Game Boy - 1991),0.00,0
The Transformers: Battle to Save the Earth (C64 - 1986),4.40,5
"Thexder (DOS, Amiga, Mac, Apple II, Apple IIgs, NES, PC-88 - 1987)",4.37,27
"Thunder Burner (Amiga, Amstrad CPC, Atari ST - 1992)",1.00,1
Titans of Steel: Warring Suns (Windows - 2003),5.00,4
Uchūsen: Cosmo Carrier (NES - 1987),0.00,0
Ultrabots (DOS - 1993),4.62,24
Veritech: Variable Fighter Simulator (DOS - 1994),3.80,5
Vixen 357 (Genesis - 1992),0.00,0
Volguard (PC-88 - 1984),0.00,0
Volguard II (NES - 1985),0.00,0
Vortex (SNES - 1994),0.00,0
War 2410 (SNES - 1995),4.00,1
"Wibarm (DOS, PC-88 - 1989)",4.60,5
"Zoids (Amstrad CPC, C64, ZX Spectrum - 1986)",4.67,3
Zoids Densetsu (Game Boy - 1990),0.00,0
