Title,Average Rating,Number of Ratings
Astérix & Obélix (Game Boy - 1995),0.00,0
Astérix and the Great Rescue (Game Gear - 1994),0.00,0
Astérix and the Power of the Gods (Genesis - 1995),0.00,0
Astérix and the Secret Mission (Game Gear - 1993),0.00,0
"Caesar (DOS, Amiga, Mac, Atari ST - 1993)",4.45,20
"Caesar II (DOS, Mac - 1995)",4.57,94
Caesar III (Mac - 1999),4.18,84
"Centurion: Defender of Rome (DOS, Amiga, Genesis - 1990)",4.59,72
"Cohort II (DOS, Amiga - 1993)",4.25,4
Herakles no Eikō II: Titan no Metsubō (NES - 1989),0.00,0
Herakles no Eikō: Tōjin Makyō Den (NES - 1987),0.00,0
Phelios (Genesis - 1990),0.00,0
RAM! (DOS - 1985),3.00,2
"The Battle of Olympus (Game Boy, NES - 1993)",4.50,2
