Title,Average Rating,Number of Ratings
"A-10 Tank Killer (DOS, Amiga - 1989)",4.50,16
"Birds of Prey (DOS, Amiga - 1992)",3.67,9
Buzz Aldrin's Race into Space (DOS - 1993),4.42,31
"Conflict: Korea - The First Year 1950-51 (DOS, Amiga - 1992)",4.54,13
F/A-18 Interceptor (Amiga - 1988),5.00,2
"Geopolitique 1990 (Apple II, C64 - 1983)",5.00,5
JetFighter: The Adventure (DOS - 1988),4.64,15
M1 Tank Platoon II (Windows - 1998),4.41,32
"Mech Brigade (DOS, Apple II, Atari 8-bit, C64 - 1987)",3.80,5
"Nukewar (Apple II, C64, VIC-20 - 1980)",4.00,3
"Pacific Islands (DOS, Amiga, Atari ST - 1992)",4.10,19
Tank: The M1A1 Abrams Battle Tank Simulation (DOS - 1989),4.44,16
"Team Yankee (DOS, Amiga, Atari ST - 1990)",4.21,14
