Title,Average Rating,Number of Ratings
'g'man (Commodore 16 - 1986),5.00,1
0 and x (Commodore 16 - 1986),4.00,1
1k-mini-bdash (Commodore 16 - 2008),0.00,0
3-D Glooper (Commodore 16 - 1985),2.33,3
3D Quasars (Commodore 16 - 1986),0.00,0
3D Time Trek (Commodore 16 - 1985),2.00,1
Aardvark (Commodore 16 - 1986),0.00,0
ACE 2 (Commodore 16 - 1987),3.00,2
ACE: Air Combat Emulator (Commodore 16 - 1985),4.00,6
Airwolf (Commodore 16 - 1985),3.80,5
Airwolf 2 (Commodore 16 - 1989),5.00,1
Alien Attack (Commodore 16 - 1985),0.00,0
Aliens: The Computer Game (Commodore 16 - 1987),3.67,3
Apollo Rescue (Commodore 16 - 1985),0.00,0
Arena 3000 (Commodore 16 - 1985),0.00,0
Arrow of Death: Part I (Commodore 16 - 1985),5.00,1
Arthur Noid (Commodore 16 - 1988),0.00,0
Astro Plumber (Commodore 16 - 1987),5.00,1
Atlantis (Commodore 16 - 1985),2.00,1
Auf Wiedersehen Monty (Commodore 16 - 1987),5.00,1
Auriga (Commodore 16 - 1986),0.00,0
Auto Zone (Commodore 16 - 1987),0.00,0
Baby Berks (Commodore 16 - 1985),0.00,0
Bandits at Zero (Commodore 16 - 1986),0.00,0
Battle (Commodore 16 - 1987),0.00,0
Battlestar (Commodore 16 - 1987),5.00,1
Berks (Commodore 16 - 1985),4.00,1
Berks 3: They're Angry! (Commodore 16 - 1985),5.00,1
Blagger (Commodore 16 - 1985),4.00,1
Blaze (Commodore 16 - 1985),0.00,0
Blockbusters (Commodore 16 - 1986),5.00,1
BMX Racers (Commodore 16 - 1985),0.00,0
BMX Simulator (Commodore 16 - 1986),5.00,3
Bomb Jack II (Commodore 16 - 1986),5.00,1
Bongo (Commodore 16 - 1986),0.00,0
Booty (Commodore 16 - 1986),5.00,1
Bridgehead (Commodore 16 - 1986),0.00,0
Bubble Trouble (Commodore 16 - 1987),5.00,1
Canoe Slalom (Commodore 16 - 1985),0.00,0
Cave Fighter (Commodore 16 - 1985),5.00,1
Champions! (Commodore 16 - 1987),0.00,0
Championship Wrestling (Commodore 16 - 1987),0.00,0
Chipy (Commodore 16 - 1989),0.00,0
Chopper War (Commodore 16 - 1986),0.00,0
Climb-It (Commodore 16 - 1984),0.00,0
Commando (Commodore 16 - 1986),3.89,9
Cops n' Robbers (Commodore 16 - 1986),5.00,1
Corman (Commodore 16 - 1985),0.00,0
Crazy Golf (Commodore 16 - 1984),0.00,0
Crillion (Commodore 16 - 1989),0.00,0
Cruncher (Commodore 16 - 1985),0.00,0
Cuthbert Enters the Tombs Of Doom (Commodore 16 - 1984),1.00,1
Cuthbert in Space (Commodore 16 - 1985),0.00,0
Cyborg (Commodore 16 - 1985),0.00,0
Danger Zone (Commodore 16 - 1986),0.00,0
Death Race (Commodore 16 - 1985),0.00,0
Death River (Commodore 16 - 1986),0.00,0
Demolition (Commodore 16 - 1987),0.00,0
Diagon (Commodore 16 - 1984),0.00,0
Diamond Mine (Commodore 16 - 1985),0.00,0
Diamond Mine II (Commodore 16 - 1987),0.00,0
Dingbat (Commodore 16 - 1988),0.00,0
Dirty Den (Commodore 16 - 1986),5.00,1
Dizasterblaster (Commodore 16 - 1987),0.00,0
Dizzy Dice (Commodore 16 - 1987),3.00,2
Dork's Dilemma? (Commodore 16 - 1985),0.00,0
Droid One (Commodore 16 - 1986),0.00,0
Emerald Mine (Commodore 16 - 1988),0.00,0
Emerald Mine II (Commodore 16 - 1989),0.00,0
Eoroid Professional (Commodore 16 - 1994),0.00,0
European Games (Commodore 16 - 1987),5.00,1
Exorcist (Commodore 16 - 1984),0.00,0
Falcon Patrol (Commodore 16 - 1986),3.00,2
Fiends (Commodore 16 - 1987),4.00,1
Finders Keepers (Commodore 16 - 1986),4.00,1
Fire Ant (Commodore 16 - 1984),5.00,1
Footballer of the Year (Commodore 16 - 1986),5.00,1
Formula 1 Simulator (Commodore 16 - 1985),0.00,0
Fortress Underground (Commodore 16 - 1987),3.50,2
Frenesis (Commodore 16 - 1987),0.00,0
Fury (Commodore 16 - 1986),0.00,0
Future Knight (Commodore 16 - 1986),3.00,1
Galaxy (Commodore 16 - 1985),0.00,0
Ghost Town (Commodore 16 - 1985),0.00,0
Goldrush (Commodore 16 - 1986),3.00,1
Grandmaster (Commodore 16 - 1985),5.00,2
Gullwing Falcon (Commodore 16 - 1985),0.00,0
Gunslinger (Commodore 16 - 1984),0.00,0
Guzzler (Commodore 16 - 1986),0.00,0
GWNN (Commodore 16 - 1987),0.00,0
Harbour Attack (Commodore 16 - 1984),0.00,0
Harvey Headbanger (Commodore 16 - 1986),0.00,0
Icicle Works (Commodore 16 - 1985),3.50,2
Ikari Warriors (Commodore 16 - 1987),4.30,17
Indoor Soccer (Commodore 16 - 1987),0.00,0
Into the Deep (Commodore 16 - 1986),0.00,0
Jack Attack (Commodore 16 - 1984),3.33,3
Jet Set Willy (Commodore 16 - 1986),0.00,0
Jetbrix (Commodore 16 - 1986),0.00,0
Kane (Commodore 16 - 1986),5.00,1
Karate King (Commodore 16 - 1986),0.00,0
Kikstart: Off-Road Simulator (Commodore 16 - 1986),0.00,0
Killapede (Commodore 16 - 1986),0.00,0
Kung-Fu Kid (Commodore 16 - 1986),0.00,0
Kung-Fu: The Way of the Exploding Fist (Commodore 16 - 1986),5.00,2
Las Vegas (Commodore 16 - 1984),0.00,0
Las Vegas Video Poker (Commodore 16 - 1986),3.00,2
Leaper (Commodore 16 - 1986),5.00,1
Legionnaire (Commodore 16 - 1986),4.00,1
Liberator (Commodore 16 - 1987),0.00,0
Loco-Coco (Commodore 16 - 1986),0.00,0
Locomotion (Commodore 16 - 1985),5.00,1
Major Blink: Berks 2 (Commodore 16 - 1985),0.00,0
Maniax (Commodore 16 - 1988),0.00,0
Manic Death Chase (Commodore 16 - 1985),0.00,0
Matrix and Laserzone (Commodore 16 - 1986),0.00,0
Mayhem (Commodore 16 - 1984),0.00,0
Megabolts (Commodore 16 - 1986),0.00,0
Mercenary (Commodore 16 - 1986),5.00,3
Mercenary: Escape from Targ - The Second City (Commodore 16 - 1986),5.00,2
Minnesota Fats' Pool Challenge (Commodore 16 - 1985),0.00,0
Molecule Man (Commodore 16 - 1987),0.00,0
Monkey Magic (Commodore 16 - 1985),0.00,0
Monty on the Run (Commodore 16 - 1986),5.00,1
Moon Buggy (Commodore 16 - 1985),5.00,1
Mr. Puniverse (Commodore 16 - 1986),0.00,0
Ninja Master (Commodore 16 - 1986),0.00,0
Number Builder (Commodore 16 - 1985),0.00,0
Number Chaser (Commodore 16 - 1985),0.00,0
Oblido (Commodore 16 - 1986),0.00,0
Olympic Skier (Commodore 16 - 1985),0.00,0
One Man and His Droid (Commodore 16 - 1986),0.00,0
Out on a Limb (Commodore 16 - 1984),3.00,1
P.O.D.: Proof of Destruction (Commodore 16 - 1986),0.00,0
Pacmania (Commodore 16 - 1985),3.67,3
Pancho (Commodore 16 - 1985),0.00,0
Panik! (Commodore 16 - 1987),0.00,0
PaperBoy (Commodore 16 - 1986),4.47,17
Petals of Doom (Commodore 16 - 1985),0.00,0
Petch (Commodore 16 - 1985),0.00,0
Phantom (Commodore 16 - 1987),0.00,0
Pharaoh's Tomb (Commodore 16 - 1986),0.00,0
Pheenix (Commodore 16 - 1986),0.00,0
Pin Point (Commodore 16 - 1986),0.00,0
Powerball (Commodore 16 - 1986),0.00,0
Project Nova (Commodore 16 - 1986),0.00,0
Prospector Pete (Commodore 16 - 1986),0.00,0
Punchy (Commodore 16 - 1984),0.00,0
Purple Turtles (Commodore 16 - 1984),5.00,1
Quick Draw (Commodore 16 - 1985),0.00,0
Raffles (Commodore 16 - 1985),0.00,0
Reach for the Sky (Commodore 16 - 1986),0.00,0
Reflex (Commodore 16 - 1988),0.00,0
Rescue From Zylon (Commodore 16 - 1986),0.00,0
Rig Attack (Commodore 16 - 1984),0.00,0
Robo Knight (Commodore 16 - 1986),0.00,0
Rockman (Commodore 16 - 1985),0.00,0
Roller Kong (Commodore 16 - 1985),0.00,0
Room Ten (Commodore 16 - 1987),0.00,0
Runner (Commodore 16 - 1985),0.00,0
Rush'n Attack (Commodore 16 - 1989),3.92,24
Saboteur (Commodore 16 - 1986),5.00,1
Savage Island (Commodore 16 - 1986),0.00,0
Sea Strike (Commodore 16 - 1985),4.00,1
Shark (Commodore 16 - 1986),0.00,0
Skramble (Commodore 16 - 1984),0.00,0
Solar Star (Commodore 16 - 1987),0.00,0
Space Sweep & Invaders (Commodore 16 - 1984),0.00,0
Spectipede (Commodore 16 - 1985),0.00,0
Speed King (Commodore 16 - 1986),0.00,0
Spiky Harold (Commodore 16 - 1986),5.00,1
Spore (Commodore 16 - 1987),0.00,0
Spy vs Spy (Commodore 16 - 1987),4.38,8
Squirm (Commodore 16 - 1985),0.00,0
Starforce Nova (Commodore 16 - 1987),0.00,0
Steve Davis Snooker (Commodore 16 - 1985),0.00,0
Storm (Commodore 16 - 1986),5.00,2
Street Olympics (Commodore 16 - 1986),0.00,0
Strip Poker: A Sizzling Game of Chance (Commodore 16 - 1986),4.65,14
Suicide Run (Commodore 16 - 1985),3.00,1
Superstar Indoor Sports (Commodore 16 - 1988),5.00,3
Sword of Destiny (Commodore 16 - 1985),0.00,0
Taskforce (Commodore 16 - 1989),0.00,0
Tazz (Commodore 16 - 1986),0.00,0
Terra Cognita (Commodore 16 - 1986),5.00,1
Thai Boxing (Commodore 16 - 1985),1.00,1
The Chip Factory (Commodore 16 - 1985),0.00,0
The Exploits of Fingers Malone (Commodore 16 - 1986),3.00,1
The Magicians Curse (Commodore 16 - 1986),0.00,0
The Return of Rockman (Commodore 16 - 1986),0.00,0
The Survivors (Commodore 16 - 1987),0.00,0
Thrust (Commodore 16 - 1987),3.00,1
Timeslip (Commodore 16 - 1985),0.00,0
Tom (Commodore 16 - 1986),0.00,0
Tomb of Tarrabash (Commodore 16 - 1985),0.00,0
Tomcat (Commodore 16 - 1989),5.00,1
Torpedo Alley (Commodore 16 - 1986),0.00,0
Trailblazer (Commodore 16 - 1986),0.00,0
Treasure Hunter (Commodore 16 - 1986),0.00,0
Treasure Island (Commodore 16 - 1985),5.00,2
Tube Runner (Commodore 16 - 1988),0.00,0
Tutti Frutti (Commodore 16 - 1985),0.00,0
Twin Kingdom Valley (Commodore 16 - 1985),5.00,1
Two to One (Commodore 16 - 1990),0.00,0
Tycoon Tex (Commodore 16 - 1985),0.00,0
Vegas Jackpot (Commodore 16 - 1985),4.50,2
Video Meanies (Commodore 16 - 1986),0.00,0
Who Dares Wins II (Commodore 16 - 1986),5.00,1
Wimbledon (Commodore 16 - 1986),0.00,0
Wolf Pack (Commodore 16 - 1985),0.00,0
World Cup (Commodore 16 - 1985),0.00,0
Xargon Wars (Commodore 16 - 1984),5.00,1
Xargon's Revenge (Commodore 16 - 1985),0.00,0
Yie Ar Kung-Fu (Commodore 16 - 1986),5.00,3
Zagan Warrior (Commodore 16 - 1986),0.00,0
Zodiac (Commodore 16 - 1985),0.00,0
Zolyx (Commodore 16 - 1987),0.00,0
