Title,Average Rating,Number of Ratings
10 Computer Hits (ZX Spectrum - 1985),4.00,5
10 Computer Hits 2 (ZX Spectrum - 1986),2.00,1
10 Computer Hits 3 (ZX Spectrum - 1987),5.00,1
10 Computer Hits 4 (ZX Spectrum - 1987),4.50,4
10 Computer Hits: Volume Five (Amstrad CPC - 1989),4.25,4
10 Computer Hits: Volume Five (ZX Spectrum - 1989),5.00,1
10 Great Games 3 (ZX Spectrum - 1988),0.00,0
10 Great Games II (ZX Spectrum - 1988),5.00,1
10 Mega Games: Volume-One (ZX Spectrum - 1989),0.00,0
10 Mega Hits (ZX Spectrum - 1985),0.00,0
"100% Dynamite (Amstrad CPC, ZX Spectrum - 1990)",5.00,1
20 Chart Busters (ZX Spectrum - 1988),0.00,0
6*Pak Vol. 2 (Amstrad CPC - 1987),0.00,0
6*Pak Vol. 3 (Amstrad CPC - 1988),0.00,0
Action 52 (Genesis - 1993),2.33,3
Action 52 (NES - 1991),0.00,0
Activision's Atari 2600 Action Pack (Mac - 1995),5.00,2
Activision's Atari 2600 Action Pack 2 (Mac - 1995),5.00,2
Advanced Dungeons & Dragons: Collector's Edition (Mac - 1994),4.24,20
Adventure Fun-Pak (DOS - 1987),3.00,5
Age of Empires II: Gold Edition (Mac - 2001),4.11,362
Aliens Versus Predator 2: Gold Edition (Windows - 2003),5.00,1
Aliens Versus Predator: Gold Edition (Mac - 2001),4.43,28
Anyone for Cards? (Mac - 1994),0.00,0
Arcade Classic 1: Asteroids / Missile Command (Game Boy - 1995),0.00,0
Arcade Classic 2: Centipede / Millipede (Game Boy - 1995),0.00,0
Arcade Classic 3: Galaga / Galaxian (Game Boy - 1995),0.00,0
Arcade Classics (Genesis - 1996),0.00,0
Arcade Hits (DOS - 1991),4.00,4
Battlezone/Super Breakout (Game Boy - 1996),0.00,0
Big Blue Disk #20 (DOS - 1988),1.50,2
Big Blue Disk #21 (DOS - 1988),1.00,1
Big Blue Disk #26 (DOS - 1988),5.00,1
Big Blue Disk #28 (DOS - 1989),3.00,2
Big Blue Disk #29 (DOS - 1989),5.00,1
Big Blue Disk #30 (DOS - 1989),3.00,2
Big Blue Disk #32 (DOS - 1989),3.00,4
Big Blue Disk #35 (DOS - 1989),5.00,4
Big Blue Disk #39 (DOS - 1990),5.00,1
Big Blue Disk #40 (DOS - 1990),3.00,2
Big Blue Disk #41 (DOS - 1990),5.00,2
Big Blue Disk #44 (DOS - 1990),3.00,2
Big Blue Disk #47 (DOS - 1990),4.50,2
Billy 2 (Amstrad CPC - 1987),5.00,1
Billy la Banlieue (Amstrad CPC - 1986),5.00,3
Blaze Out (C64 - 1989),0.00,0
Caravan Shooting Collection (SNES - 1995),0.00,0
Cartoon Collection (Amiga - 1992),0.00,0
Cassette 50 (VIC-20 - 1983),0.00,0
Christmas Collection (Amstrad CPC - 1989),0.00,0
Civilization II (Multiplayer Gold Edition) (Mac - 1999),4.57,40
Classic Arcadia & Baby Arcadia (Amiga - 1994),0.00,0
Classic Collection (Genesis - 1996),0.00,0
Classic Text Adventure Masterpieces (Mac - 1996),5.00,1
Comanche CD (Mac - 1995),5.00,3
Command & Conquer: Special Gold Edition (Windows - 1997),5.00,2
Disney's Atlantis: The Lost Empire - The Lost Games (Mac - 2001),5.00,1
Dizzy Collection (Amiga - 1991),0.00,0
"Dizzy's Excellent Adventures (Amiga, Game Gear - 1992)",4.00,1
Dragon Quest I & II (SNES - 1993),4.00,1
EA Sports Double Header (Genesis - 1993),5.00,1
Enchanter Trilogy (Mac - 1986),5.00,1
Epic Pinball (DOS - 1993),4.41,59
Family BASIC (NES - 1984),0.00,0
Fantastic Worlds (Atari ST - 1992),0.00,0
Final Fantasy I•II (NES - 1994),0.00,0
Five Brilliant Sport Action Games (C64 - 1990),0.00,0
Five Star Games (Amstrad CPC - 1986),0.00,0
Four Smash Hits from Hewson (Amstrad CPC - 1987),0.00,0
FriendlyWare P.C. Arcade (DOS - 1983),5.00,1
Funny World & Balloon Boy (Genesis - 1993),0.00,0
"Future Classics Collection (DOS, Amiga - 1990)",4.26,12
Game & Watch Gallery (Game Boy - 1997),5.00,1
"Game & Watch Gallery 2 (Game Boy, Game Boy Color - 1997)",5.00,1
Game Boy Gallery (Game Boy - 1995),3.00,1
Game no Kanzume: Otokuyō (Genesis - 1995),0.00,0
Game Set and Match (Amstrad CPC - 1987),0.00,0
Games That Didn't Make It (Mac - 1999),5.00,1
"Gold, Silver, Bronze (Amstrad CPC - 1988)",0.00,0
Golden Oldies: Volume 1 - Computer Software Classics (DOS - 1985),3.33,3
"Harpoon Classic (DOS, Mac - 1994)",4.65,23
Harpoon II: Admiral's Edition (DOS - 1996),4.57,7
Heart of the Alien: Out of this World parts I and II (SEGA CD - 1994),5.00,1
Heroes of Might and Magic III: Complete - Collector's Edition (Mac - 2000),4.34,411
Hit Pak: 6 Pak (Amstrad CPC - 1987),0.00,0
"Humans 1 and 2 (DOS, Amiga CD32 - 1993)",5.00,3
Imagic 1-2-3 (Atari 8-bit - 1984),0.00,0
"Jewels of Darkness (DOS, Amiga - 1987)",4.25,4
Jill of the Jungle: The Complete Trilogy (DOS - 1993),4.44,27
Jumpman Lives! (DOS - 1991),4.20,10
King of Kings: The Early Years (NES - 1991),5.00,1
Konami Coin-Op Hits (Amstrad CPC - 1986),0.00,0
Konami GB Collection: Vol.1 (Game Boy - 1997),5.00,1
Konami GB Collection: Vol.2 (Game Boy - 1998),0.00,0
Konami GB Collection: Vol.3 (Game Boy - 1997),0.00,0
Konami GB Collection: Vol.4 (Game Boy - 1998),5.00,1
Konami's Arcade Collection (Amstrad CPC - 1988),0.00,0
"Lemmings & Oh No! More Lemmings (Windows, Mac - 1995)",4.71,7
Light Force (Amiga - 1990),0.00,0
LucasArts Classic Adventures (DOS - 1992),3.80,15
Lucky's Casino Adventure (DOS - 1993),4.84,6
Magic Carpet Plus (DOS - 1995),4.62,24
Marathon Trilogy Box Set (Mac - 1997),4.00,1
Mario's Early Years: CD-ROM Collection (DOS - 1995),4.67,3
Matrix and Laserzone (Commodore 16 - 1986),0.00,0
Maze Adventures (DOS - 1986),1.00,1
Mech Commander: Gold (Windows - 1999),4.83,54
Mega Games 10 (Genesis - 2002),0.00,0
Mega Games 3 (Genesis - 1993),0.00,0
Mega Games 6 Vol. 1 (Genesis - 1995),0.00,0
Mega Games 6 Vol. 3 (Genesis - 1995),0.00,0
Mega Man: The Wily Wars (Genesis - 1994),5.00,1
Mega Sports (Amstrad CPC - 1992),0.00,0
Menacer 6-Game Cartridge (Genesis - 1992),0.00,0
"Mental Blocks (DOS, C64 - 1989)",2.00,2
Microsoft Arcade (Mac - 1994),5.00,1
Microsoft Entertainment Pack 2 (Windows 3.x - 1991),4.25,4
Microsoft Entertainment Pack 3 (Windows 3.x - 1991),4.00,3
Microsoft Entertainment Pack 4 (Windows 3.x - 1992),4.50,2
Microsoft Entertainment Pack for Windows (Windows 3.x - 1990),4.00,5
Microsoft Entertainment Pack: The Puzzle Collection (Windows - 1997),4.63,8
Might and Magic Trilogy (DOS - 1995),3.78,14
Might and Magic: Swords of Xeen (DOS - 1995),4.15,13
"Might and Magic: World of Xeen (DOS, Mac - 1994)",4.44,45
Mortal Kombat & Mortal Kombat II (Game Boy - 1998),0.00,0
Movie Premiere (Amstrad CPC - 1991),0.00,0
Namco Gallery Vol. 1 (Game Boy - 1996),0.00,0
Namco Gallery Vol. 2 (Game Boy - 1996),0.00,0
Namco Gallery Vol. 3 (Game Boy - 1997),0.00,0
Napoleonics (Amiga - 1993),5.00,2
Ninja Gaiden Trilogy (SNES - 1995),5.00,1
Nintendo World Championships 1990 (NES - 1990),5.00,1
NIV Bible & the 20 Lost Levels of Joshua (Game Boy - 1996),0.00,0
Pinball 2000 (DOS - 1995),4.44,9
Pinball Deluxe (Game Boy - 1995),0.00,0
Pink Sox (PC-98 - 1989),5.00,1
Pink Sox 2 (PC-98 - 1990),0.00,0
Pink Sox 3 (PC-98 - 1990),0.00,0
"Populous / Populous: The Promised Lands (Amiga, Atari ST - 1993)",5.00,2
Premier Manager 3 De-Luxe (Amiga - 1995),5.00,1
Pub Games (Amstrad CPC - 1987),0.00,0
Puzzle Fun-Pak (DOS - 1987),1.00,1
Quattro Arcade (NES - 1992),5.00,1
Railroad Tycoon II: Gold Edition (Mac - 1999),4.34,24
Russian 6 Pak (DOS - 1993),5.00,1
Secret Weapons of the Luftwaffe (CD-ROM) (DOS - 1992),4.33,29
Sega Game Pack 4in1 (Game Gear - 1992),0.00,0
SEGA Sports 1 (Genesis - 1995),3.00,2
Sega Top Five (Genesis - 1997),0.00,0
Shining Force CD (SEGA CD - 1994),5.00,1
Short Order/Eggsplode (NES - 1989),0.00,0
"Silicon Dreams (DOS, Amstrad CPC, Atari ST - 1987)",4.25,8
SimCity 2000: CD Collection (DOS - 1996),4.58,62
So You Wanna Be A Redneck (DOS - 1998),0.00,0
Solid Gold (Amstrad CPC - 1987),0.00,0
Sonic Classics (Genesis - 1995),5.00,2
Space Ace (Amstrad CPC - 1988),5.00,1
Sports Collection (Game Boy - 1996),0.00,0
Sports Spectacular (DOS - 1987),5.00,1
Strategy Games (DOS - 1983),4.20,5
Sunday Funday: The Ride (NES - 1995),0.00,0
"Super Boulder Dash (DOS, Atari 8-bit, C64 - 1986)",3.60,5
Super Mario All-Stars (SNES - 1993),5.00,7
Super Mario All-Stars + Super Mario World (SNES - 1994),4.00,23
Super Mario Bros. / Duck Hunt (NES - 1988),5.00,2
Super Mario Bros. / Duck Hunt / World Class Track Meet (NES - 1988),4.50,2
Super Mario Bros. / Tetris / Nintendo World Cup (NES - 1990),5.00,2
Super Spike V'Ball / Nintendo World Cup (NES - 1990),0.00,0
Syndicate Plus (DOS - 1994),4.78,49
"Talespin (Amiga, Atari ST - 1989)",0.00,0
Ten Great Games (ZX Spectrum - 1988),0.00,0
Tetris & Dr. Mario (SNES - 1994),5.00,1
"Tetris Gold (DOS, Mac - 1993)",5.00,4
The Adventure Collection (DOS - 1995),4.50,2
The Bogus Guru (Mac - 2000),0.00,0
The Comedy Collection (DOS - 1995),4.00,8
The Definitive Wargame Collection (DOS - 1995),4.22,9
The Disney Collection: Quackshot Starring Donald Duck & Castle of Illusion Starring Mickey Mouse (Genesis - 1996),0.00,0
The Fantasy Collection (Windows 3.x - 1995),4.67,3
The Infocom Collection (DOS - 1992),2.67,6
The Loopz Collection (Amstrad CPC - 1991),0.00,0
The Lost Kingdom of Zkul / West (Atari ST - 1986),0.00,0
The Lost Treasures of Infocom (Amiga - 1992),5.00,1
"The Lost Treasures of Infocom II (DOS, Mac - 1992)",5.00,1
The Settlers II: Gold Edition (DOS - 1997),4.51,343
The Sims: Complete Collection (Windows - 2005),5.00,4
The Sims: Deluxe Edition (Windows - 2002),5.00,1
The Story So Far: Vol 4 (Amstrad CPC - 1990),0.00,0
The Thor Trilogy (DOS - 1990),5.00,1
The Tolkien Trilogy (Amstrad CPC - 1989),0.00,0
They Sold a Million (Amstrad CPC - 1986),0.00,0
They Sold a Million 3 (Amstrad CPC - 1986),0.00,0
They Sold a Million II (Amstrad CPC - 1986),5.00,1
Time and Magik: The Trilogy (DOS - 1988),3.80,5
Total Eclipse: Special Edition (Amstrad CPC - 1989),0.00,0
Trilogy (DOS - 1987),3.00,2
Triple Score: 3 Games In One (Genesis - 1992),0.00,0
Trump Castle 3 (DOS - 1993),2.50,2
Trump Castle II (DOS - 1991),3.00,2
U.S. Navy Fighters (Gold) (DOS - 1995),4.72,19
Ultimate Cards (DOS - 1992),1.00,2
Wacky Funsters! The Geekwad's Guide to Gaming (DOS - 1992),3.82,16
Warcraft II: Battle.net Edition (Mac - 2000),4.03,38
Warlords III: Darklords Rising (Windows - 1998),4.73,15
Western U.S. Scenery Set (DOS - 1986),5.00,2
"Williams Arcade Classics (DOS, Genesis, SNES - 1995)",4.69,13
"Wolfenstein 3D (Mac, Apple IIgs - 1995)",4.47,36
Wolfenstein 3D Super Upgrades (DOS - 1994),3.33,24
X-Plane 5 (Mac - 1999),4.00,2
Xargon (DOS - 1993),4.80,47
"Zork Trilogy (DOS, Mac - 1986)",4.48,23
