Title,Average Rating,Number of Ratings
"Bugsy (Amstrad CPC, C64 - 1986)",4.00,1
"Chase H.Q. (Amiga, Amstrad CPC, Atari ST, C64, Game Boy, Game Gear, NES - 1989)",4.00,4
Chase H.Q. II (Genesis - 1992),0.00,0
Cowboy Kid (NES - 1991),5.00,1
"Crime Does Not Pay (DOS, Amiga, Atari ST - 1991)",4.40,5
Dime City (DOS - 1995),3.78,31
"Driver (Windows, Mac - 1999)",4.87,16
Druglord (DOS - 1991),3.83,12
Gangsters 2 (Windows - 2001),4.00,2
Gangsters: Organized Crime (Windows - 1998),4.50,2
Grand Theft Auto (Windows - 1997),4.40,92
Grand Theft Auto 2 (Windows - 1999),4.37,89
Gumshoe (NES - 1986),2.00,1
Hogan's Alley (NES - 1984),4.00,1
"NARC (Amiga, Amstrad CPC, Atari ST, C64, NES - 1990)",3.67,3
"Pizza Tycoon (DOS, Amiga - 1994)",4.46,65
"RoboCop (DOS, Amiga, Apple II, Atari ST - 1989)",4.21,14
"RoboCop 2 (C64, NES - 1991)",0.00,0
RoboCop 2 (Amiga - 1990),3.67,3
RoboCop 2 (Game Boy - 1991),0.00,0
RoboCop 2 (Atari ST - 1990),0.00,0
RoboCop 2D (Windows - 2004),0.00,0
Robocop 2D 3 (Windows - 2007),0.00,0
RoboCop 3 (C64 - 1992),0.00,0
"RoboCop 3 (Game Gear, Genesis, NES, SNES - 1993)",5.00,1
"S.C.I.: Special Criminal Investigation (Amiga, Atari ST, C64 - 1990)",5.00,3
Street Cop (NES - 1987),5.00,1
Super Chase H.Q. (Game Boy - 1994),0.00,0
Super Chase H.Q. (SNES - 1993),5.00,1
The Adventures of Batman & Robin (Genesis - 1995),5.00,2
"The Clue! (DOS, Amiga - 1994)",4.82,22
"The Godfather: The Action Game (DOS, Amiga, Atari ST - 1991)",4.17,12
"The King of Chicago (DOS, Amiga, Mac - 1987)",3.67,6
The Sting! (Windows - 2001),4.25,4
"The Untouchables (DOS, Amiga, Amstrad CPC, Atari ST, C64, ZX Spectrum - 1989)",5.00,1
"Turbo Esprit (Amstrad CPC, C64, ZX Spectrum - 1986)",0.00,0
Undercover Cops (SNES - 1995),4.67,3
