Title,Average Rating,Number of Ratings
"A Mind Forever Voyaging (DOS, Amiga, Mac, Apple II, Atari ST - 1985)",4.33,22
Abomination (Windows - 1999),4.00,1
Alvin the Android (C64 - 1983),0.00,0
Ancipital (C64 - 1984),0.00,0
Another World (C64 - 1991),3.33,3
Assault Rigs (DOS - 1996),4.87,8
"B.A.T. (DOS, Amiga, Amstrad CPC, Atari ST, C64 - 1990)",3.61,18
"Bargon Attack (DOS, Amiga, Atari ST - 1992)",3.00,10
"Beneath a Steel Sky (DOS, Amiga - 1994)",4.73,41
Blade Runner (Windows - 1997),4.67,42
"BloodNet (DOS, Amiga - 1993)",4.40,26
Burn:Cycle (Mac - 1995),3.50,4
Burnin Rubber (C64 - 1983),4.00,2
Chaos Overlords (Mac - 1996),4.70,10
Circuit's Edge (DOS - 1990),4.84,14
Computer Underground (DOS - 1993),4.60,5
"Corporation (DOS, Amiga, Atari ST, Genesis - 1991)",3.33,3
Cyber Force: Zniewolony Umysł (Amiga - 1995),5.00,2
Cyber Illusion (PC-98 - 1995),0.00,0
Cyberbykes: Shadow Racer VR (DOS - 1995),3.38,8
Cyberia (DOS - 1994),4.10,10
CyberJudas (DOS - 1996),3.74,19
CyberMage: Darklight Awakening (DOS - 1995),4.82,17
"Cyborg (DOS, Mac, Atari 8-bit, C64 - 1982)",4.50,4
Damage: The Sadistic Butchering of Humanity (Amiga - 1996),5.00,2
Defcon 1 (DOS - 1992),4.00,5
Defcon 5 (DOS - 1995),4.50,6
Delta V (DOS - 1994),3.75,4
Deus Ex (Mac - 2000),4.50,14
Digital Devil Monogatari: Megami Tensei (PC-88 - 1987),5.00,2
Digital Devil Story: Megami Tensei (NES - 1987),1.67,3
Digital Devil Story: Megami Tensei II (NES - 1990),2.00,2
"Dream Warrior (DOS, Amstrad CPC, C64 - 1989)",5.00,1
"Dreamweb (DOS, Amiga - 1994)",4.45,31
Drowned God: Conspiracy of the Ages (Windows - 1996),5.00,1
Edo no Kiba (SNES - 1993),0.00,0
"Elektraglide (Amstrad CPC, Atari 8-bit, C64 - 1986)",0.00,0
"Flashback: The Quest for Identity (DOS, Amiga, Genesis, PC-98, SNES - 1993)",4.80,40
Futuria (Mac - 1985),0.00,0
"Gadget: Invention, Travel & Adventure (Mac - 1994)",5.00,1
"Game Over (DOS, Amstrad CPC, C64 - 1988)",4.88,8
"Game Over II (DOS, Amstrad CPC, Atari ST, C64 - 1987)",4.83,6
Gord@k (Mac - 1997),0.00,0
"Hacker (DOS, Amiga, Mac, Amstrad CPC, Atari 8-bit, Atari ST, C64, PC-88 - 1985)",3.82,17
Hagane: The Final Conflict (SNES - 1994),0.00,0
"Hammerfist (Amiga, Amstrad CPC, Atari ST, C64 - 1990)",1.00,1
"Hard Nova (DOS, Amiga, Atari ST - 1990)",4.06,17
"Harlan Ellison: I Have No Mouth, and I Must Scream (DOS, Mac - 1995)",4.54,64
"Heavy Metal: F.A.K.K. 2 (Windows, Mac - 2000)",4.67,15
Hell: A Cyberpunk Thriller (DOS - 1994),3.54,24
"Interphase (DOS, Amiga, Atari ST - 1989)",4.75,4
Italian Night 1999 (Amiga - 1992),0.00,0
Kabuki: Quantum Fighter (NES - 1990),0.00,0
Kayleth (C64 - 1987),3.00,1
"Killerball (DOS, Amiga, Amstrad CPC, Atari ST - 1991)",0.00,0
Kyūyaku Megami Tensei: Megami Tensei I ・II (SNES - 1995),0.00,0
"Lorna (DOS, Amiga, Amstrad CPC, Atari ST - 1990)",4.25,8
Mach Rider (NES - 1985),0.00,0
Main Frame (C64 - 1988),0.00,0
Maten Densetsu: Senritsu no Ooparts (SNES - 1995),0.00,0
"Max Headroom (Amstrad CPC, C64 - 1986)",4.00,1
Metal Fangs (Genesis - 1993),0.00,0
"Midnight Resistance (Amiga, Amstrad CPC, Atari ST, C64, Genesis - 1990)",5.00,3
"Mission (DOS, Amstrad CPC, Atari ST - 1987)",0.00,0
Mobile Man (Amstrad CPC - 1989),0.00,0
"Narco Police (DOS, Amiga, Amstrad CPC, Atari ST, C64 - 1990)",4.11,26
Necrodome (Windows - 1996),5.00,1
"Neuromancer (DOS, Amiga, Apple II, Apple IIgs, C64 - 1989)",4.80,20
Nightlong: Union City Conspiracy (Windows - 1998),0.00,0
Ninja Gaiden III: The Ancient Ship of Doom (NES - 1991),5.00,2
Nogginknockers 2 (DOS - 1996),0.00,0
"Nonterraqueous (Amstrad CPC, C64 - 1985)",0.00,0
"NY Warriors (DOS, Amiga, Amstrad CPC - 1991)",4.50,4
"Obsidian (Windows, Mac - 1997)",4.60,5
"Psyborg (Amiga, Amstrad CPC, Atari ST - 1992)",0.00,0
Pyrotechnica (DOS - 1995),5.00,3
Quantum Gate (Windows 3.x - 1993),3.67,3
Quarantine (DOS - 1994),4.67,39
Quarantine II: Road Warrior (DOS - 1996),4.58,19
"Ranx: The Video Game (DOS, Amiga, Atari ST - 1990)",3.82,11
"Reunion (DOS, Amiga - 1994)",4.69,32
"Rise of The Dragon (DOS, Amiga, Mac - 1990)",4.60,53
"Rise of the Robots (DOS, Amiga, Game Gear, Genesis, SNES - 1994)",3.87,15
RoboCop 2D (Windows - 2004),0.00,0
Robocop 2D 2: Robocop vs Terminator (Windows - 2005),0.00,0
Robocop 2D 3 (Windows - 2007),0.00,0
RoboCop Versus the Terminator (SNES - 1993),4.00,1
"Rogue Trooper (Amiga, Atari ST - 1991)",2.00,1
Sengoku (SNES - 1993),0.00,0
Sentient (Windows - 1997),4.00,2
Shadow President (DOS - 1993),4.29,70
Shadowrun (SNES - 1993),5.00,1
"Snatcher (PC-88, SEGA CD - 1988)",5.00,4
Spectre Supreme (Mac - 1993),4.60,5
"Spectre VR (DOS, Mac - 1993)",4.70,10
Starflight: A Cosmic Adventure (C64 - 1993),4.50,2
"Syndicate (DOS, Amiga - 1993)",4.42,128
"Syndicate (Genesis, SNES - 1994)",5.00,1
Syndicate Plus (DOS - 1994),4.78,49
"Syndicate: American Revolt (DOS, Amiga - 1993)",4.33,27
System Shock (DOS - 1994),4.77,46
"Techno Cop (DOS, Amiga, Amstrad CPC, Apple II, Atari ST, C64, Genesis - 1988)",5.00,3
The Adventures of Batman & Robin (Genesis - 1995),5.00,2
"The C.H.A.O.S. Continuum (Windows 3.x, Mac - 1994)",5.00,2
The Dark Convergence II (DOS - 1994),3.50,2
The Hybrid Front (Genesis - 1994),0.00,0
"The Koshan Conspiracy (DOS, Amiga, Atari ST - 1992)",4.56,9
The Lawnmower Man (DOS - 1993),3.00,2
"The Paranoia Complex (Amiga, Amstrad CPC, C64 - 1989)",1.00,1
"The Running Man (Amiga, Amstrad CPC, Atari ST, C64 - 1989)",5.00,1
The Screamer (PC-98 - 1986),5.00,2
The Terminator 2029 (DOS - 1992),4.71,17
The Terminator 2029: Operation Scour (DOS - 1993),4.50,8
The Terminator: Future Shock (DOS - 1995),4.58,12
The Terminator: Rampage (DOS - 1993),4.45,11
The Ultimate Arena (Atari ST - 1994),0.00,0
Totally Smashed (DOS - 1995),3.00,2
TRON 2.0 (Mac - 2004),4.79,14
Two Crude Dudes (Genesis - 1992),0.00,0
Unreal Tournament (Mac - 2000),4.15,27
Venus Senki (NES - 1989),4.00,2
Virus-Farm (DOS - 1992),5.00,1
Wing Commander: Privateer (DOS - 1993),4.60,50
X-Kaliber 2097 (SNES - 1994),0.00,0
