Title,Average Rating,Number of Ratings
"007: James Bond - The Stealth Affair (DOS, Atari ST - 1990)",4.30,27
1893: A World's Fair Mystery (Mac - 2003),5.00,2
"221 B Baker St. (DOS, Apple II, Atari 8-bit, Atari ST, C64 - 1987)",4.00,13
Abunai Tengu Densetsu (PC-88 - 1989),0.00,0
Adventure in the Fifth Dimension (Atari 8-bit - 1983),0.00,0
Akagawa Jirō no Yūrei Ressha (NES - 1991),0.00,0
Alfabet Śmierci (Amiga - 1996),0.00,0
"Alone in the Dark 2 (DOS, Mac, PC-98 - 1994)",4.43,51
Alone in the Dark: The New Nightmare (Game Boy Color - 2001),0.00,0
"Amnesia (DOS, Apple II, C64 - 1986)",4.00,11
Are You Afraid of the Dark? The Tale of Orpheo's Curse (DOS - 1994),4.16,39
Ark of Time (DOS - 1997),0.00,0
"Astate: La Malédiction des Templiers (Amiga, Atari ST - 1990)",0.00,0
Ballade for Maria (PC-98 - 1995),0.00,0
"Ballyhoo (DOS, Amiga, Mac, Amstrad CPC, Apple II, Atari 8-bit, Atari ST, C64 - 1986)",4.50,2
Batman Returns (DOS - 1992),4.56,32
"Black Sect (DOS, Amiga, Atari ST - 1993)",4.16,12
Blade Runner (Windows - 1997),4.67,42
Blue Force (DOS - 1993),4.61,23
"Borrowed Time (DOS, Amiga, Apple II, Atari ST, C64 - 1985)",4.45,11
Burning Point (PC-88 - 1989),5.00,1
Calixto Island (DOS - 1984),3.50,6
Carmen Sandiego Word Detective (Mac - 1997),3.73,15
Carmen Sandiego: Junior Detective Edition (Mac - 1995),3.80,5
Casablanca ni Ai o: Satsujinsha wa Jikū o Koete (PC-88 - 1986),0.00,0
Castle (C64 - 1993),4.00,4
Catch Simona in New York City (DOS - 1993),4.43,7
Catz: Your Computer Petz (Mac - 1996),4.50,2
Catz: Your Computer Petz (Windows - 1996),4.36,11
"Chrono Quest (Amiga, Atari ST - 1988)",5.00,1
Ciemna Strona (Amiga - 1997),2.33,3
Circuit's Edge (DOS - 1990),4.84,14
"Clue (Genesis, SNES - 1992)",5.00,2
"Clue: Master Detective (DOS, Apple II, C64 - 1989)",4.49,23
"Cluedo (Amstrad CPC, C64 - 1986)",5.00,1
ClueFinders: 3rd Grade Adventures (Windows - 1998),0.00,0
Countdown (DOS - 1990),4.47,15
"Crime City (DOS, Amiga, Atari ST - 1993)",4.06,17
Crime Lab: Case of the Missing Masterpiece (DOS - 1987),5.00,5
Crime Stopper: Murder at Midnight! (C64 - 1984),4.00,2
"Crime Time (DOS, Amiga, C64 - 1991)",3.60,5
"Cruise for a Corpse (DOS, Amiga, Atari ST - 1991)",4.08,37
Curses (DOS - 1993),4.67,3
Cybernetic Hi-School Part 2: Highway Buster (PC-98 - 1989),4.00,1
"Dark Seed II (Windows 3.x, Mac - 1995)",3.76,21
Daryl F. Gates Police Quest: Open Season (DOS - 1993),4.65,26
Daughter of Serpents (DOS - 1992),3.91,11
Dead End (C64 - 1988),5.00,1
"Deadline (DOS, Amiga, Mac, Amstrad CPC, Atari 8-bit, C64 - 1984)",4.50,6
Defender of Boston: The Rock Island Mystery (DOS - 1992),3.43,7
"Déjà Vu II: Lost in Las Vegas (DOS, Amiga, Mac, Apple IIgs, Atari ST, PC-98 - 1990)",4.25,20
"Deja Vu: A Nightmare Comes True!! (DOS, Amiga, Mac, Apple IIgs, Atari ST, C64, NES, PC-98 - 1987)",4.95,37
Dick Tracy (NES - 1990),0.00,0
Dick Tracy: The Crime-Solving Adventure (DOS - 1991),4.60,5
Die Stadt der Löwen (Amiga - 1989),2.50,2
Discworld Noir (Windows - 1999),4.64,36
"Dylan Dog: Through the Looking Glass (DOS, Amiga - 1993)",4.80,5
Eagle Eye Mysteries (DOS - 1993),4.85,13
Eagle Eye Mysteries in London (DOS - 1994),4.00,14
"Earthly Delights (DOS, Mac, Apple II - 1984)",4.00,4
Egypt 1156 B.C.: Tomb of the Pharaoh (Mac - 1997),5.00,1
Es no Hōteishiki (PC-98 - 1996),5.00,1
Escape from Delirium (DOS - 1995),4.00,14
EVE burst error (PC-98 - 1995),4.00,2
Evidence: The Last Report (DOS - 1996),3.33,6
"Fascination (DOS, Amiga, Atari ST - 1992)",4.35,49
"Fish (DOS, Amiga, Atari ST, C64 - 1988)",4.89,9
"Floor 13 (DOS, Amiga - 1992)",3.82,11
Foul Play: Mystery at Awkward Manor (Mac - 1995),5.00,3
"Frankie Goes to Hollywood (Amstrad CPC, C64 - 1986)",0.00,0
Freddi Fish 4: The Case of the Hogfish Rustlers of Briny Gulch (Mac - 1999),4.41,22
Freddi Fish 5: The Case of the Creature of Coral Cove (Mac - 2001),4.58,34
Free D.C! (DOS - 1991),3.00,2
Fugitif: Les Aventures de Jack Bludfield - Part 1 (Amstrad CPC - 1991),5.00,1
"Gabriel Knight: Sins of the Fathers (DOS, Mac - 1993)",4.49,69
"Geisha (DOS, Amiga, Atari ST - 1990)",3.84,19
Golden Gate (Mac - 1997),4.00,1
Gumboots Australia (DOS - 1990),4.43,7
"Headline Harry and The Great Paper Race (DOS, Mac - 1991)",4.67,9
Hell: A Cyberpunk Thriller (DOS - 1994),3.54,24
Herewith the Clues (Atari ST - 1990),4.00,1
"Hexuma: Das Auge des Kal (DOS, Amiga - 1992)",4.75,4
"Hi-Res Adventure #1: Mystery House (Apple II, PC-88 - 1980)",5.00,1
"High $take$ (DOS, Apple II - 1986)",1.00,1
"Hill Street Blues (DOS, Amiga, Atari ST - 1992)",4.39,13
"Hokkaidō Rensa Satsujin: Okhotsk ni Kiyu (NES, PC-88, PC-98 - 1987)",0.00,0
Holiday Maker (Amiga - 1988),0.00,0
"Hoshi no Suna Monogatari (PC-88, PC-98 - 1991)",0.00,0
Hotel Detective (Amiga - 1989),3.00,1
Hugo II: Whodunit? (DOS - 1991),3.73,11
Igor: Objective Uikokahonia (DOS - 1995),4.00,7
In the 1st Degree (Mac - 1996),5.00,2
"In the Dead of Night (DOS, Amiga - 1995)",5.00,17
"Indiana Jones and The Fate of Atlantis (DOS, Amiga - 1992)",4.62,96
"Inherit the Earth: Quest for the Orb (DOS, Mac - 1994)",4.45,15
"Inspektor Griffu (DOS, Amiga - 1990)",2.67,3
Intrigue! (C64 - 1986),5.00,2
"It Came from The Desert (DOS, Amiga - 1990)",4.61,18
Italian Night 1999 (Amiga - 1992),0.00,0
"J.B. Harold 3: D.C. Connection (PC-88, PC-98 - 1989)",5.00,1
J.B. Harold Series #2: Manhattan Requiem - Angels Flying in the Dark (PC-88 - 1987),5.00,1
Jack the Ripper (DOS - 1995),4.29,7
"James Bond 007: A View to a Kill (DOS, Mac, Apple II - 1985)",3.80,10
James Bond 007: Goldfinger (DOS - 1986),3.73,11
Jantei Monogatari (Genesis - 1991),0.00,0
Jesus II (PC-88 - 1991),5.00,1
Kamaitachi no Yoru (SNES - 1994),0.00,0
Karuizawa Yūkai Annai (PC-88 - 1985),0.00,0
"KGB (DOS, Amiga - 1992)",4.31,26
"Killed Until Dead (Amstrad CPC, Apple II, C64 - 1987)",5.00,1
L'affaire Morlov (DOS - 1996),3.50,6
L'Affaire... (DOS - 1986),0.00,0
"La Marque Jaune (Amstrad CPC, Atari ST - 1988)",0.00,0
Legends of Murder II: Grey Haven (DOS - 1991),3.89,9
Legends of Murder: Volume 1 - Stonedale Castle (DOS - 1989),3.60,5
"Lethal Weapon (DOS, Amiga, Atari ST, C64 - 1992)",5.00,4
Lipstick Adventure (PC-98 - 1988),0.00,0
"Lipstick Adventure 2 (PC-88, PC-98 - 1989)",0.00,0
Lost in Time (DOS - 1993),4.73,22
Lost Secret of the Rainforest (DOS - 1993),4.51,28
Lula 3D (Windows - 2005),0.00,0
Majestic Part 1: Alien Encounter (Mac - 1995),4.00,1
"Make Your Own Murder Party (Apple II, C64 - 1986)",4.00,1
Marlowe (Atari ST - 1992),0.00,0
Martian Memorandum (DOS - 1991),4.68,28
"Masquerade (Apple II, C64, PC-88 - 1983)",0.00,0
"Maupiti Island (DOS, Amiga, Atari ST - 1991)",5.00,23
"Mean Streets (DOS, Amiga, Atari ST, C64 - 1989)",4.67,12
Meitantei Conan: Chika Yūenchi Satsujin Jiken (Game Boy - 1996),0.00,0
Mel Odius goes Six String Searchin' (DOS - 1992),2.50,2
"Méwilo (Amiga, Amstrad CPC, Atari ST - 1988)",0.00,0
"Mindshadow (DOS, Mac, Amstrad CPC, Apple II, Atari 8-bit, Atari ST, C64 - 1984)",4.25,8
Misty Blue (PC-88 - 1990),3.50,2
Misty Vol.5 (PC-88 - 1990),0.00,0
"Moonmist (DOS, Amiga, Mac, Amstrad CPC, Apple II, Atari 8-bit, C64 - 1986)",4.00,5
"Mortville Manor (DOS, Amiga, Amstrad CPC, Atari ST - 1988)",5.00,4
Movie (Amstrad CPC - 1986),0.00,0
"Murder Club (DOS, PC-88 - 1991)",4.07,15
Murder Makes Strange Deadfellows (DOS - 1991),4.38,8
"Murder off Miami (Amstrad CPC, C64 - 1986)",4.00,1
"Murder on The Atlantic (DOS, Amstrad CPC, C64 - 1988)",4.00,3
"Murder on the Mississippi (Apple II, C64, NES - 1986)",5.00,2
"Murder on The Zinderneuf (DOS, Apple II, Atari 8-bit, C64 - 1984)",3.86,7
Murder! (DOS - 1991),4.30,10
"Murders in Space (DOS, Amiga, Atari ST - 1990)",3.80,5
"Murders in Venice (DOS, Amiga, Amstrad CPC, Atari ST - 1990)",4.29,7
"Mystery Fun House (Atari 8-bit, PC-88 - 1981)",0.00,0
"Mystery Master: Felony! (DOS, Apple II, C64 - 1986)",5.00,4
"Mystery Master: Murder by the Dozen (DOS, Mac, Apple II, C64 - 1983)",4.50,6
Mystery of Munroe Manor (C64 - 1984),0.00,0
"Mystery of the Mummy (DOS, Amiga, C64 - 1988)",3.33,3
Nightlong: Union City Conspiracy (Windows - 1998),0.00,0
Nightshade (NES - 1992),5.00,2
Nishimura Kyōtarō Mystery: Blue Train Satsujinjiken (NES - 1989),5.00,1
Noctropolis (DOS - 1994),4.59,24
Nocturne (Windows - 1999),0.00,0
"Omnicron Conspiracy (DOS, Amiga, Atari ST - 1989)",3.60,5
"Ooze: Creepy Nites (DOS, Amiga, Atari ST - 1989)",4.60,5
Paris 1313: The Mystery of Notre-Dame Cathedral (Mac - 1999),3.50,2
Pechowy Prezent (Amiga - 1995),2.00,1
"Perry Mason: The Case of the Mandarin Murder (DOS, Apple II, Atari ST, C64 - 1985)",4.60,5
"Pias (PC-88, PC-98 - 1990)",0.00,0
"Plan 9 from Outer Space (DOS, Amiga, Atari ST - 1992)",4.13,8
Pocky 2: Kaijin Aka Manto no Chōsen (PC-88 - 1991),0.00,0
"Police Quest 2: The Vengeance (DOS, Amiga, Atari ST - 1988)",4.68,25
"Police Quest 3: The Kindred (DOS, Amiga - 1991)",4.19,59
"Police Quest: In Pursuit of the Death Angel (DOS, Amiga, Mac, Apple IIgs, Atari ST - 1987)",4.48,30
Police Quest: In Pursuit of the Death Angel (DOS - 1992),3.99,42
"Portopia Renzoku Satsujin Jiken (NES, PC-88 - 1985)",0.00,0
"Presumed Guilty! (DOS, C64 - 1989)",5.00,4
Psychic Detective (DOS - 1995),4.14,12
"Psycho (DOS, Amiga, Atari ST, C64 - 1988)",3.00,4
Psycho Killer (DOS - 1993),2.92,12
Raiders (Dragon 32/64 - 1982),0.00,0
Return of the Phantom (DOS - 1993),4.37,19
Ripper! (C64 - 1984),4.00,1
"Rise of The Dragon (DOS, Amiga, Mac - 1990)",4.60,53
Robot City (Mac - 1995),5.00,1
"Robots of Dawn (Apple II, C64 - 1984)",0.00,0
Russki Duck (Apple II - 1982),0.00,0
Safe Opening Simulator (DOS - 1993),4.43,7
Sam & Max: Hit the Road (Mac - 1996),4.33,6
Sanma no Meitantei (NES - 1987),0.00,0
"Scapeghost (DOS, Amiga, Amstrad CPC, Atari ST, C64 - 1989)",4.67,6
School Maze (Dragon 32/64 - 1982),0.00,0
Scooby-Doo Mystery (Genesis - 1995),4.00,4
Scooby-Doo!: Case File N°2 - The Scary Stone Dragon (Windows - 2003),0.00,0
Scooby-Doo!: Jinx at the Sphinx (Windows - 2001),0.00,0
Scooby-Doo!: Mystery of the Fun Park Phantom (Windows - 1999),0.00,0
Scooby-Doo!: Phantom of the Knight (Windows - 2001),0.00,0
Scooby-Doo!: Show Down in Ghost Town (Windows - 2000),0.00,0
Sentient (Windows - 1997),4.00,2
Sethi and the Inca Wizard (Mac - 2001),0.00,0
Shadowrun (SNES - 1993),5.00,1
Sheer Agony (Atari ST - 1995),3.00,2
"Shenanigans (DOS, Dragon 32/64 - 1984)",5.00,2
Sherlock (C64 - 1985),4.50,2
"Sherlock Holmes in ""Another Bow"" (DOS, C64 - 1985)",3.67,3
"Sherlock Holmes: Consulting Detective (DOS, Mac - 1991)",4.26,19
Sherlock Holmes: Consulting Detective - Volume II (DOS - 1992),4.00,4
Sherlock Holmes: Consulting Detective - Volume III (DOS - 1993),3.75,4
Sherlock Holmes: Hakushaku Reijō Yūkai Jiken (NES - 1986),4.00,1
Sherlock Holmes: The Vatican Cameos (DOS - 1986),5.00,4
"Sherlock: The Riddle of the Crown Jewels (DOS, Amiga, Mac, C64 - 1988)",5.00,6
Sleuth (DOS - 1983),4.25,16
"Snatcher (PC-88, SEGA CD - 1988)",5.00,4
"Snooper Troops (DOS, Apple II, C64 - 1982)",4.07,15
"Snooper Troops: Case #2 - The Case of the Disappearing Dolphin (DOS, C64 - 1982)",4.10,10
Solid Runner (SNES - 1997),0.00,0
"Soul Crystal (DOS, Amiga, C64 - 1992)",3.86,7
SPQR: The Empire's Darkest Hour (Mac - 1997),4.20,5
Starflight: A Cosmic Adventure (C64 - 1993),4.50,2
"Suspect (DOS, Amiga, Mac, Amstrad CPC, Apple II, Atari 8-bit, C64 - 1984)",4.80,5
Sweet Home (NES - 1989),4.00,1
Symbiocom (Mac - 1998),0.00,0
Tajemnica Bursztynowej Komnaty (Amiga - 1996),5.00,1
Tantei Jingūji Saburō: Toki no Sugiyuku Mama ni (NES - 1990),0.00,0
Tantei Jingūji Saburō: Yokohama-kō Renzoku Satsujin Jiken (NES - 1988),0.00,0
"Teen Agent (DOS, Amiga - 1995)",4.23,22
Ten Little Indians (C64 - 1984),0.00,0
The 11th Hour (DOS - 1995),4.30,20
The Abbey (DOS - 1993),0.00,0
The Big Red Adventure (DOS - 1995),3.13,8
"The Big Sleaze (Amstrad CPC, C64 - 1987)",0.00,0
The Black Sanctum (DOS - 1984),3.25,4
The Case of the Cautious Condor (DOS - 1992),3.00,5
The Child Murderer (Amiga - 1994),4.00,1
The ClueFinders: 4th Grade Adventures (Mac - 1998),4.34,29
"The Colonel's Bequest (DOS, Amiga, Atari ST - 1989)",4.73,115
The Curse of Crowley Manor (Apple II - 1982),0.00,0
The Dagger of Amon Ra (DOS - 1992),4.87,39
The Dark Half (DOS - 1992),3.86,7
The Detective (C64 - 1986),0.00,0
"The Fourth Protocol (DOS, Amstrad CPC, C64 - 1987)",4.33,6
"The Hound of Shadow (DOS, Amiga, Atari ST - 1989)",4.40,10
The House at the Edge of Time (DOS - 1990),1.00,1
The Last Express (Mac - 1997),3.00,4
The Legacy: Realm of Terror (DOS - 1993),4.47,15
The Lost Files of Sherlock Holmes (DOS - 1992),4.63,24
The Magic Death: Virtual Murder 2 (Windows 3.x - 1993),0.00,0
The Mummy Mystery (Mac - 2001),4.67,6
The New Addams Family Series (Game Boy Color - 2002),0.00,0
"The President is Missing (DOS, Amiga, C64 - 1988)",4.29,7
"The Punisher (DOS, Amiga, Atari ST - 1990)",4.43,14
"The Residents' Bad Day on the Midway (Windows 3.x, Mac - 1995)",5.00,5
"The Sands of Egypt (Apple II, Atari 8-bit - 1983)",0.00,0
The Scoop (DOS - 1989),4.67,3
The Second Kids' World Almanac Adventure (DOS - 1990),5.00,2
The Secrets of Atlantis: The Sacred Legacy (Windows - 2006),0.00,0
The Smelly Mystery (Mac - 1997),5.00,1
The Spy's Adventures in Europe (DOS - 1986),4.60,5
The Spy's Adventures in North America (DOS - 1987),4.60,5
The Spy's Adventures in South America (DOS - 1987),5.00,3
"The Sydney Affair (DOS, Amstrad CPC, C64 - 1987)",3.00,1
"The Third Courier (DOS, Amiga - 1989)",3.80,10
"The Tracer Sanction (DOS, Apple II, C64 - 1984)",5.00,2
The Vortex Factor (DOS - 1985),3.00,2
The Vortex Factor (Dragon 32/64 - 1986),0.00,0
"The Witch's Cauldron (C64, ZX Spectrum - 1985)",3.00,1
"The Witness (DOS, Mac, Amstrad CPC, Apple II, Atari 8-bit, C64 - 1983)",3.67,3
Time Machine I (DOS - 1993),0.00,0
"Tōdō Ryūnosuke Tantei Nikki: Kohakuiro no Yuigon (PC-88, PC-98 - 1988)",0.00,0
Tōdō Ryūnosuke Tantei Nikki: Ōgon no Rashinban (PC-98 - 1990),0.00,0
Tombs & Treasure (NES - 1988),0.00,0
Tommy's Manor (DOS - 1989),1.00,1
"Top Secret (DOS, Amstrad CPC - 1987)",5.00,1
"Total Eclipse (DOS, Amiga, Amstrad CPC, Atari ST, C64 - 1989)",4.80,10
Total Eclipse: Special Edition (Amstrad CPC - 1989),0.00,0
Treasure Quest (Mac - 1996),5.00,1
Trick or Treat (DOS - 1994),3.33,6
"Twice Shy (Amstrad CPC, ZX Spectrum - 1986)",0.00,0
VariTale (DOS - 1987),3.00,1
"Vera Cruz (DOS, Amstrad CPC, C64, ZX Spectrum - 1987)",5.00,1
Versailles 1685 (DOS - 1997),3.75,4
Vice: Project Doom (NES - 1991),0.00,0
"Vision: The 5 Dimension Utopia (DOS, Amiga - 1992)",1.00,1
"Voyeur (DOS, Mac - 1994)",3.80,20
Where in America's Past is Carmen Sandiego? (DOS - 1991),4.30,10
"Where in Europe is Carmen Sandiego? (DOS, Amiga, Mac, Apple II, C64 - 1988)",4.00,10
Where in Space is Carmen Sandiego? (Deluxe Edition) (DOS - 1993),4.43,7
Where in Space is Carmen Sandiego? (Enhanced) (DOS - 1993),4.46,13
"Where in the U.S.A. is Carmen Sandiego? (DOS, Amiga, Mac, Apple II, Apple IIgs, C64 - 1986)",4.50,4
Where in the U.S.A. is Carmen Sandiego? (Enhanced) (DOS - 1990),4.39,55
Where in the USA is Carmen Sandiego? (Deluxe Edition) (DOS - 1993),4.41,29
"Where in the World is Carmen Sandiego? (DOS, Amiga, Apple IIgs, Atari ST, Genesis, SNES - 1990)",4.32,134
"Where in the World is Carmen Sandiego? (DOS, Mac, Amstrad CPC, C64 - 1985)",4.55,18
Where in the World is Carmen Sandiego? (Deluxe Edition) (DOS - 1990),4.27,56
"Where in Time is Carmen Sandiego? (DOS, Amiga, C64, Genesis, NES, SNES - 1990)",3.85,13
Who Framed Roger Rabbit (NES - 1989),5.00,1
Who Killed Brett Penance?: The Environmental Surfer (Windows - 1995),0.00,0
Who Killed Sam Rupert: Virtual Murder 1 (Windows 3.x - 1993),0.00,0
Who Killed Taylor French?: The Case of the Undressed Reporter (Windows - 1995),0.00,0
Will: The Death Trap II (PC-88 - 1985),1.00,1
Wolfsbane (DOS - 1995),3.75,8
Yamamura Misa Suspense: Kyōto Zai-tech Satsujin Jiken (NES - 1990),3.00,1
Zero Critical (Mac - 1998),5.00,2
