Title,Average Rating,Number of Ratings
3D Lunattack (Dragon 32/64 - 1984),0.00,0
747 Flight Simulator (Dragon 32/64 - 1982),5.00,3
Adventureland (Dragon 32/64 - 1985),5.00,1
Airball (Dragon 32/64 - 1987),3.92,13
Android Attack (Dragon 32/64 - 1983),0.00,0
Arcadia (Dragon 32/64 - 1984),3.00,1
AstroBlast (Dragon 32/64 - 1982),0.00,0
B.C. Bill (Dragon 32/64 - 1984),4.00,2
Backgammon (Dragon 32/64 - 1983),0.00,0
Balldozer (Dragon 32/64 - 1988),0.00,0
Bandito (Dragon 32/64 - 1984),0.00,0
Barmy Burgers (Dragon 32/64 - 1984),0.00,0
Beanstalker (Dragon 32/64 - 1986),0.00,0
Blochead (Dragon 32/64 - 1983),0.00,0
Bonka (Dragon 32/64 - 1983),0.00,0
Boris the Bold (Dragon 32/64 - 1984),0.00,0
Bug Diver (Dragon 32/64 - 1984),0.00,0
Bust-out! (Dragon 32/64 - 1988),0.00,0
Buzzard Bait (Dragon 32/64 - 1984),0.00,0
Cave Fighter (Dragon 32/64 - 1983),0.00,0
Chuckie Egg (Dragon 32/64 - 1983),4.00,13
City Defence (Dragon 32/64 - 1983),0.00,0
Copta Snatch (Dragon 32/64 - 1984),0.00,0
Cranky (Dragon 32/64 - 1984),4.00,1
Crazy Foota (Dragon 32/64 - 1987),0.00,0
Crazy Painter (Dragon 32/64 - 1983),0.00,0
Crossfire (Dragon 32/64 - 1983),0.00,0
Crystle Castles (Dragon 32/64 - 1984),0.00,0
Cuthbert Goes Digging (Dragon 32/64 - 1983),0.00,0
Cuthbert Goes Walkabout (Dragon 32/64 - 1983),5.00,1
Cuthbert in Space (Dragon 32/64 - 1984),0.00,0
Cuthbert in the Cooler (Dragon 32/64 - 1985),0.00,0
Cuthbert in the Mines (Dragon 32/64 - 1984),0.00,0
Cyrus (Dragon 32/64 - 1982),3.92,12
Danger Ranger (Dragon 32/64 - 1983),0.00,0
Demon Knight (Dragon 32/64 - 1984),0.00,0
Desperado Dan and His Amazing Escape to Freedom (Dragon 32/64 - 1984),0.00,0
Devil Assault (Dragon 32/64 - 1983),0.00,0
Donkey King (Dragon 32/64 - 1983),5.00,2
Doodle Bug (Dragon 32/64 - 1983),0.00,0
Downland (Dragon 32/64 - 1984),5.00,1
Dragon Trek (Dragon 32/64 - 1982),0.00,0
Dunkey Munkey (Dragon 32/64 - 1982),0.00,0
Eddie Steady Go! (Dragon 32/64 - 1985),0.00,0
Football Manager (Dragon 32/64 - 1984),4.08,12
Frogger (Dragon 32/64 - 1983),4.20,20
Galax Attax (Dragon 32/64 - 1983),0.00,0
Ghost Attack (Dragon 32/64 - 1982),0.00,0
Glaxxons (Dragon 32/64 - 1983),0.00,0
Grabber (Dragon 32/64 - 1984),0.00,0
Gridrunner (Dragon 32/64 - 1983),1.00,1
Handicap Golf (Dragon 32/64 - 1983),0.00,0
Home Base (Dragon 32/64 - 1984),0.00,0
Horace Goes Skiing (Dragon 32/64 - 1984),0.00,0
Hunchback (Dragon 32/64 - 1984),4.67,3
Hungry Horace (Dragon 32/64 - 1983),0.00,0
Ice Master (Dragon 32/64 - 1983),0.00,0
Jet Set Willy (Dragon 32/64 - 1985),0.00,0
Jet Set Willy Screen Designer (Dragon 32/64 - 1988),0.00,0
Jump Jet (Dragon 32/64 - 1983),0.00,0
Jumping Jack (Dragon 32/64 - 1983),0.00,0
Junior's Revenge (Dragon 32/64 - 1983),0.00,0
Kriegspiel (Dragon 32/64 - 1983),0.00,0
Laser Run (Dragon 32/64 - 1983),0.00,0
Laser Zone (Dragon 32/64 - 1983),0.00,0
Lucifer's Kingdom (Dragon 32/64 - 1986),0.00,0
Lunar Rover Patrol (Dragon 32/64 - 1983),0.00,0
Madness & the Minotaur (Dragon 32/64 - 1982),0.00,0
Major Istar: Under the Doomed Sea (Dragon 32/64 - 1986),0.00,0
Manic Miner (Dragon 32/64 - 1984),5.00,2
Mined-Out (Dragon 32/64 - 1983),0.00,0
Monkey Kong (Dragon 32/64 - 1984),0.00,0
Monsters (Dragon 32/64 - 1983),0.00,0
Moon Cresta (Dragon 32/64 - 1986),3.00,1
Moon Hopper (Dragon 32/64 - 1983),0.00,0
Mr. Dig (Dragon 32/64 - 1984),0.00,0
Mudpies (Dragon 32/64 - 1985),0.00,0
Number Puzzler (Dragon 32/64 - 1984),4.00,2
Pac Droids (Dragon 32/64 - 1983),0.00,0
Pedro (Dragon 32/64 - 1984),0.00,0
Pengon (Dragon 32/64 - 1984),0.00,0
Perseus & Andromeda (Dragon 32/64 - 1984),0.00,0
Pimania (Dragon 32/64 - 1982),0.00,0
Pinball (Dragon 32/64 - 1983),0.00,0
Pit Fiend (Dragon 32/64 - 1984),0.00,0
Planet Invasion (Dragon 32/64 - 1983),0.00,0
Pterodactyl (Dragon 32/64 - 1983),0.00,0
Pyramid of Doom (Dragon 32/64 - 1984),0.00,0
Raiders (Dragon 32/64 - 1982),0.00,0
Rolaball (Dragon 32/64 - 1987),0.00,0
Roman Empire (Dragon 32/64 - 1983),0.00,0
Rommel 3-D (Dragon 32/64 - 1986),0.00,0
Rommel's Revenge (Dragon 32/64 - 1984),0.00,0
ROTABB: Revenge Of The Alien Bongo Beast in the Criss-Crossy Lines Dimension (Dragon 32/64 - 1989),0.00,0
Scarfman (Dragon 32/64 - 1982),0.00,0
School Maze (Dragon 32/64 - 1982),0.00,0
Secret Mission (Dragon 32/64 - 1984),3.00,1
Shanghai (Dragon 32/64 - 1991),0.00,0
Shenanigans (Dragon 32/64 - 1984),5.00,2
Shock Trooper (Dragon 32/64 - 1986),0.00,0
Shuttle Simulator (Dragon 32/64 - 1983),3.75,4
Skramble (Dragon 32/64 - 1983),0.00,0
Snakes (Dragon 32/64 - 1982),0.00,0
Space Invaders (Dragon 32/64 - 1982),0.00,0
Star Fighter (Dragon 32/64 - 1984),0.00,0
Star Trek (Dragon 32/64 - 1982),4.50,2
Stone Raider II (Dragon 32/64 - 1986),0.00,0
Storm (Dragon 32/64 - 1983),0.00,0
Storm Arrows (Dragon 32/64 - 1983),0.00,0
Strange Odyssey (Dragon 32/64 - 1984),0.00,0
Supa Nova (Dragon 32/64 - 1988),0.00,0
Super Lander (Dragon 32/64 - 1982),0.00,0
Super Spy (Dragon 32/64 - 1983),0.00,0
The Bells (Dragon 32/64 - 1986),0.00,0
The Golden Voyage (Dragon 32/64 - 1984),0.00,0
The Phantom Slayer (Dragon 32/64 - 1983),0.00,0
The Vortex Factor (Dragon 32/64 - 1986),0.00,0
The White Barrows (Dragon 32/64 - 1984),0.00,0
Tim Love's Cricket (Dragon 32/64 - 1984),0.00,0
Time Bandit (Dragon 32/64 - 1984),5.00,7
Total Eclipse (Dragon 32/64 - 1985),0.00,0
Transylvanian Tower (Dragon 32/64 - 1983),0.00,0
Trapfall (Dragon 32/64 - 1983),0.00,0
Trekboer (Dragon 32/64 - 1985),5.00,1
Trun (Dragon 32/64 - 1986),0.00,0
Tube Way Army (Dragon 32/64 - 1984),0.00,0
Ugh! (Dragon 32/64 - 1983),3.00,1
Ultimate: Adventure 4 (Dragon 32/64 - 1983),0.00,0
Up Periscope (Dragon 32/64 - 1983),0.00,0
UXB (Dragon 32/64 - 1983),0.00,0
Vultures (Dragon 32/64 - 1983),0.00,0
Warlord (Dragon 32/64 - 1982),5.00,1
Waxworks (Dragon 32/64 - 1984),0.00,0
Weetabix Versus the Titchies (Dragon 32/64 - 1984),0.00,0
Worlds of Flight (Dragon 32/64 - 1984),0.00,0
Write your own Adventure Programs for your Microcomputer (Dragon 32/64 - 1983),0.00,0
Zak's Son (Dragon 32/64 - 1984),0.00,0
