Title,Average Rating,Number of Ratings
"Abandoned Places: A Time for Heroes (DOS, Amiga - 1992)",4.41,12
Akalabeth: World of Doom (DOS - 1980),3.88,25
"Alternate Reality: The City (DOS, Amiga, Mac, Apple II, Atari 8-bit, Atari ST, C64 - 1988)",4.59,17
"Amberstar (DOS, Amiga, Atari ST - 1992)",4.47,20
Ancients 1: Death Watch (DOS - 1991),4.50,10
Ancients II: Approaching Evil (DOS - 1994),3.55,11
Anvil of Dawn (DOS - 1995),4.23,30
"Bloodwych (DOS, Amiga, Amstrad CPC, Atari ST, C64 - 1991)",4.55,29
"Buck Rogers: Countdown to Doomsday (DOS, Amiga, C64 - 1990)",4.42,26
Buck Rogers: Matrix Cubed (DOS - 1992),4.62,20
"Captive (DOS, Amiga, Atari ST - 1992)",4.44,18
"Champions of Krynn (DOS, Amiga, Apple II, C64 - 1990)",4.64,22
"Curse of the Azure Bonds (DOS, Amiga, Mac, Apple II, C64, PC-98 - 1989)",4.43,35
"Death Bringer (DOS, Amiga, C64 - 1989)",4.75,8
"Death Knights of Krynn (DOS, Amiga, C64 - 1991)",4.33,15
Desperabis (DOS - 2000),5.00,2
Don't Go Alone (DOS - 1989),3.71,7
Dungeon Hack (DOS - 1993),4.28,51
"Dungeon Master (DOS, Amiga, Apple IIgs, Atari ST, PC-98, SNES - 1992)",4.68,50
"Dungeon Master II: Skullkeep (DOS, Amiga, Mac - 1995)",4.62,47
"Elvira (DOS, Amiga, Atari ST, C64, PC-98 - 1990)",4.65,37
"Elvira II: The Jaws of Cerberus (DOS, Amiga, Atari ST, C64 - 1991)",4.19,31
"Elvira: The Arcade Game (DOS, Amiga, Atari ST, C64 - 1991)",4.22,14
"Eye of the Beholder (DOS, Amiga, SNES - 1991)",4.53,61
"Eye of the Beholder II: The Legend of Darkmoon (DOS, Amiga - 1991)",4.52,45
"Eye of the Beholder III: Assault on Myth Drannor (DOS, PC-98 - 1993)",4.34,29
Fates of Twinion (DOS - 1993),4.14,7
"Gateway to the Savage Frontier (DOS, Amiga, C64 - 1991)",4.57,14
"Hired Guns (DOS, Amiga - 1993)",4.43,14
"Ishar 2: Messengers of Doom (DOS, Amiga, Atari ST - 1993)",4.13,23
"Ishar 3: The Seven Gates of Infinity (DOS, Amiga, Atari ST - 1994)",4.27,26
Knightmare (DOS - 1992),3.89,9
Lands of Lore: The Throne of Chaos (DOS - 1993),4.56,69
"Legend of Faerghail (DOS, Amiga, Atari ST - 1990)",4.20,10
"Mars Saga (DOS, Apple II, C64 - 1989)",4.27,11
"Might and Magic II: Gates to Another World (DOS, Amiga, Mac, C64, Genesis, PC-88, SNES - 1988)",4.48,31
Might and Magic Trilogy (DOS - 1995),3.78,14
"Might and Magic: Book One - Secret of the Inner Sanctum (DOS, Mac, C64, PC-88 - 1987)",4.22,18
Might and Magic: Clouds of Xeen (DOS - 1992),4.57,13
Might and Magic: Darkside of Xeen (DOS - 1993),4.56,18
Might and Magic: Swords of Xeen (DOS - 1995),4.15,13
"Might and Magic: World of Xeen (DOS, Mac - 1994)",4.44,45
Moraff's Dungeons of the Unforgiven (DOS - 1993),3.78,9
Moraff's Revenge (DOS - 1988),4.00,9
Moraff's World (DOS - 1991),3.74,19
Neverwinter Nights (DOS - 1991),4.46,24
"Oubliette (DOS, C64 - 1983)",4.27,11
"Pool of Radiance (DOS, Amiga, Mac, Apple II, C64, NES - 1988)",4.56,52
"Pools of Darkness (DOS, Amiga, Mac - 1991)",4.78,18
"Realms of Arkania: Blade of Destiny (DOS, Amiga - 1993)",4.74,23
Realms of Arkania: Star Trail (DOS - 1994),4.59,24
"Secret of the Silver Blades (DOS, Amiga, Mac, C64 - 1990)",4.33,27
Shadow of Yserbius (DOS - 1993),4.42,12
"Spirit of Adventure (DOS, Amiga, Atari ST, C64 - 1991)",4.27,15
Stonekeep (DOS - 1995),4.38,61
"Tales of the Unknown: Volume I - The Bard's Tale (DOS, Amstrad CPC, Apple IIgs, Atari ST, C64, NES - 1987)",4.71,17
"The Bard's Tale II: The Destiny Knight (DOS, Amiga, Apple II, Apple IIgs, C64, NES - 1988)",4.21,19
"The Bard's Tale III: Thief of Fate (DOS, Amiga, Apple II, C64 - 1990)",4.20,20
"The Dark Heart of Uukrul (DOS, Apple II - 1990)",4.65,17
"The Dark Queen of Krynn (DOS, Amiga, Mac - 1992)",4.37,27
The Infernal Tome (DOS - 1994),3.00,2
The Legacy: Realm of Terror (DOS - 1993),4.47,15
"The Return of Medusa (DOS, Amiga, Atari ST - 1991)",4.67,6
"Treasures of the Savage Frontier (DOS, Amiga - 1992)",4.64,11
"Waxworks (DOS, Amiga - 1992)",4.34,36
"Whale's Voyage (DOS, Amiga - 1995)",4.20,10
"Wizardry: Bane of the Cosmic Forge (DOS, Amiga, Mac, SNES - 1990)",4.46,33
Wizardry: Crusaders of the Dark Savant (DOS - 1992),4.75,29
"Wizardry: Knight of Diamonds - The Second Scenario (DOS, Apple II, C64, NES, PC-88 - 1987)",3.85,20
"Wizardry: Legacy of Llylgamyn - The Third Scenario (DOS, Apple II, C64, NES, PC-88 - 1986)",4.50,8
"Wizardry: Proving Grounds of the Mad Overlord (DOS, Mac, Apple II, C64, NES, PC-88 - 1984)",4.29,34
"Wizardry: The Return of Werdna - The Fourth Scenario (DOS, Apple II, PC-88 - 1988)",4.89,9
"Xenomorph (DOS, Amiga, Atari ST, C64 - 1990)",4.30,10
Yendorian Tales: Book I - Chapter 2 (DOS - 1996),4.80,5
