Title,Average Rating,Number of Ratings
20th Century Frog (DOS - 1988),4.00,12
Africa Trail (Mac - 1997),2.33,6
Alien Garden (Atari 8-bit - 1982),0.00,0
Amazon Trail 3rd Edition (Mac - 1998),4.22,23
"Balance of the Planet (DOS, Mac - 1990)",4.79,19
Bodyworks Voyager: Missions in Anatomy (DOS - 1994),4.50,6
ClueFinders: 3rd Grade Adventures (Windows - 1998),0.00,0
"Das Erbe (DOS, Amiga - 1991)",4.60,5
"Designasaurus (DOS, Amiga, Apple IIgs - 1988)",5.00,3
Designasaurus II (DOS - 1990),4.52,25
Dino-Sorcerer (DOS - 1990),5.00,3
Dinosaur Safari (Windows - 1996),5.00,3
Disney's The Emperor's New Groove: Groove Center (Mac - 2002),4.43,7
EcoQuest: The Search for Cetus (DOS - 1991),4.79,25
Electric Crayon 3.1: At the Zoo (DOS - 1992),5.00,1
Electric Crayon Deluxe: At the Zoo (DOS - 1990),4.50,4
Elroy Goes Bugzerk (Mac - 1995),5.00,1
"Energie-Manager (DOS, Amiga - 1993)",4.17,6
Evolution: The Game of Intelligent Life (Windows - 1997),4.62,13
Evolve (DOS - 1983),3.00,2
Expert Common Knowledge (DOS - 1992),5.00,1
Firestorm: The Forest Fire Simulation Program (DOS - 1995),5.00,2
Garfield's Mad About Cats (Mac - 2000),5.00,1
Jenny of the Prairie (DOS - 1985),0.00,0
Kolibri (SEGA 32X - 1995),4.00,1
Lost Secret of the Rainforest (DOS - 1993),4.51,28
Masters of the Elements (Mac - 1999),4.80,5
"Mind Pursuit (Apple II, C64 - 1986)",0.00,0
"Mortimer and the Riddles of the Medallion (Windows, Mac - 1996)",0.00,0
"Museum Madness (DOS, Mac - 1994)",4.78,9
"Odell Down Under (Windows 3.x, Mac - 1994)",4.12,25
"Odell Lake (Apple II, C64 - 1986)",5.00,4
"Operation: Frog (DOS, Apple II, C64 - 1992)",5.00,5
"Oregon Trail II (Windows, Mac - 1995)",4.22,210
Osprey! (C64 - 1984),4.00,1
Sammy's Science House (Mac - 1994),4.74,19
Sea Horse Hide'n Seek (Atari 8-bit - 1984),0.00,0
"SimAnt: The Electronic Ant Colony (DOS, Amiga, SNES - 1991)",4.42,551
"SimEarth: The Living Planet (DOS, Amiga, SNES - 1990)",4.49,76
Star Wars: Episode I - The Gungan Frontier (Mac - 1999),3.87,16
Super Munchers: The Challenge Continues... (DOS - 1991),4.40,90
"The Amazon Trail (DOS, Mac - 1993)",4.10,134
The Awesome Adventures of Victor Vector & Yondo: The Last Dinosaur Egg (Mac - 1993),4.00,1
The Secret Codes of C.Y.P.H.E.R.: Operation Wildlife (DOS - 1991),3.83,6
The Wonders of The Animal Kingdom (Apple IIgs - 1988),4.00,1
Thuis In Het Milieu (DOS - 1990),4.33,3
"Treasure Cove! (DOS, Mac - 1992)",4.60,48
Trivia Quest (Atari 8-bit - 1984),0.00,0
"Trivial Pursuit: Young Players Edition (Amstrad CPC, ZX Spectrum - 1987)",4.00,1
Volcanoes (DOS - 1985),5.00,1
Wolf (DOS - 1994),4.63,111
