Title,Average Rating,Number of Ratings
Africa Trail (Mac - 1997),2.33,6
"Agent USA (DOS, Apple II, Atari 8-bit, C64 - 1985)",4.57,14
All About America (Apple IIgs - 1988),5.00,2
Amazon Trail 3rd Edition (Mac - 1998),4.22,23
"Arcade Trivia Quiz (DOS, Amstrad CPC, Atari ST, C64 - 1993)",5.00,1
BackPacker Junior (Mac - 2001),5.00,2
Big Rig (DOS - 1987),4.50,4
Bush Buck: Global Treasure Hunter (DOS - 1991),4.94,15
Carmen Sandiego: Junior Detective Edition (Mac - 1995),3.80,5
Catch Simona in New York City (DOS - 1993),4.43,7
ClueFinders: 3rd Grade Adventures (Windows - 1998),0.00,0
Code: Europe (DOS - 1993),4.00,5
Crosscountry Canada (DOS - 1991),4.62,45
Crosscountry USA (Home Edition) (Mac - 1995),4.83,6
"Designasaurus (DOS, Amiga, Apple IIgs - 1988)",5.00,3
Designasaurus II (DOS - 1990),4.52,25
"Destination: Mars! (DOS, Mac - 1991)",4.50,8
Discover the World II (Mac - 1995),5.00,6
Eagle Eye Mysteries in London (DOS - 1994),4.00,14
"Electric Crayon Deluxe: Teenage Mutant Ninja Turtles: World Tour (DOS, C64 - 1990)",4.00,7
Europa Universalis II (Mac - 2003),4.27,11
Expert Common Knowledge (DOS - 1992),5.00,1
Freedom! (Apple II - 1992),3.00,2
"Fun School 2: For the Over-8s (Amstrad CPC, C64 - 1989)",0.00,0
"Fun School 3: for 5 to 7 Year Olds (Amstrad CPC, C64 - 1991)",5.00,1
Fun School 4: for 7 to 11 year olds (C64 - 1992),0.00,0
Garfield's Mad About Cats (Mac - 2000),5.00,1
Gumboots Australia (DOS - 1990),4.43,7
"Headline Harry and The Great Paper Race (DOS, Mac - 1991)",4.67,9
Hi-Q-Quiz (C64 - 1988),0.00,0
Jenny's Journeys (Apple II - 1984),4.00,1
"Mario is Missing! (DOS, Mac, NES, SNES - 1992)",4.58,164
"Mind Pursuit (Apple II, C64 - 1986)",0.00,0
Mystery at the Museums (DOS - 1993),5.00,2
Nederland (DOS - 1991),0.00,0
"Oregon Trail II (Windows, Mac - 1995)",4.22,210
"P.T.O.: Pacific Theater of Operations (Genesis, PC-88, SNES - 1992)",4.50,4
Pirates: Captain's Quest (Mac - 1997),5.00,2
Provincies (DOS - 1991),0.00,0
"Quiwi (Amstrad CPC, C64 - 1986)",0.00,0
Schoolhouse (DOS - 1991),4.00,2
See the U.S.A. (DOS - 1987),5.00,4
Sethi and the Inca Wizard (Mac - 2001),0.00,0
States and Capitals (DOS - 1988),4.00,1
States and Capitals (DOS - 1983),4.00,1
"Stickybear Town Builder (DOS, C64 - 1992)",4.33,3
Super Munchers: The Challenge Continues... (DOS - 1991),4.40,90
"The Amazon Trail (DOS, Mac - 1993)",4.10,134
The ClueFinders: 4th Grade Adventures (Mac - 1998),4.34,29
"The Oregon Trail (DOS, Mac, Apple II - 1990)",4.31,131
The Second Kids' World Almanac Adventure (DOS - 1990),5.00,2
The Spy's Adventures in Europe (DOS - 1986),4.60,5
The Spy's Adventures in North America (DOS - 1987),4.60,5
The Spy's Adventures in South America (DOS - 1987),5.00,3
The World Name Game (DOS - 1989),4.00,1
"The Yukon Trail (Windows 3.x, Mac - 1994)",4.31,26
These United States (DOS - 1984),5.00,1
Thinkin' Things Collection 2 (Mac - 1995),4.82,11
Thinking Games 2 (DOS - 1993),4.29,7
Time Machine I (DOS - 1993),0.00,0
"Treasure Hunt (C64, ZX Spectrum - 1985)",4.00,1
Trivia Quest (Atari 8-bit - 1984),0.00,0
Trivia Whiz (DOS - 1990),4.33,3
"Trivial Pursuit: Young Players Edition (Amstrad CPC, ZX Spectrum - 1987)",4.00,1
U.S. States and Capitals (DOS - 1983),4.00,1
United States Quiz (DOS - 1993),4.67,3
"Where in Europe is Carmen Sandiego? (DOS, Amiga, Mac, Apple II, C64 - 1988)",4.00,10
Where in Space is Carmen Sandiego? (Deluxe Edition) (DOS - 1993),4.43,7
"Where in the U.S.A. is Carmen Sandiego? (DOS, Amiga, Mac, Apple II, Apple IIgs, C64 - 1986)",4.50,4
Where in the U.S.A. is Carmen Sandiego? (Enhanced) (DOS - 1990),4.39,55
Where in the USA is Carmen Sandiego? (Deluxe Edition) (DOS - 1993),4.41,29
"Where in the World is Carmen Sandiego? (DOS, Amiga, Apple IIgs, Atari ST, Genesis, SNES - 1990)",4.32,134
"Where in the World is Carmen Sandiego? (DOS, Mac, Amstrad CPC, C64 - 1985)",4.55,18
Where in the World is Carmen Sandiego? (Deluxe Edition) (DOS - 1990),4.27,56
"Where in Time is Carmen Sandiego? (DOS, Amiga, C64, Genesis, NES, SNES - 1990)",3.85,13
Wishbone and the Amazing Odyssey (Mac - 1996),4.25,4
