Title,Average Rating,Number of Ratings
"Beneath a Steel Sky (DOS, Amiga - 1994)",4.73,41
"BloodNet (DOS, Amiga - 1993)",4.40,26
Bureau 13 (DOS - 1995),4.60,10
Computer Underground (DOS - 1993),4.60,5
Deus Ex (Mac - 2000),4.50,14
"Hacker (DOS, Amiga, Mac, Amstrad CPC, Atari 8-bit, Atari ST, C64, PC-88 - 1985)",3.82,17
"Hacker II: The Doomsday Papers (DOS, Amiga, Amstrad CPC, Apple IIgs, Atari ST, C64 - 1986)",4.91,11
"Interphase (DOS, Amiga, Atari ST - 1989)",4.75,4
"Neuromancer (DOS, Amiga, Apple II, Apple IIgs, C64 - 1989)",4.80,20
"Portal (DOS, Amiga, Apple II, C64 - 1986)",4.80,5
"Sid Meier's Covert Action (DOS, Amiga - 1990)",4.60,58
System Shock (DOS - 1994),4.77,46
"The C.H.A.O.S. Continuum (Windows 3.x, Mac - 1994)",5.00,2
TRON 2.0 (Mac - 2004),4.79,14
Virus-Farm (DOS - 1992),5.00,1
Webmaster (Mac - 1999),5.00,1
