Title,Average Rating,Number of Ratings
"007: Licence to Kill (DOS, Amiga, Amstrad CPC, Atari ST, C64, MSX, ZX Spectrum - 1989)",4.00,45
"Action Force (Amstrad CPC, C64 - 1988)",5.00,3
"AH-3: ThunderStrike (DOS, SEGA CD - 1996)",5.00,1
Air Cavalry (SNES - 1995),5.00,1
"Air Rescue I (Atari 8-bit, C64 - 1984)",0.00,0
"Airwolf (Amstrad CPC, Commodore 16, C64 - 1985)",3.80,5
Airwolf (NES - 1989),0.00,0
Airwolf (NES - 1988),0.00,0
"Airwolf 2 (Amstrad CPC, Commodore 16, C64 - 1987)",5.00,1
"Ajax (DOS, Amstrad CPC, C64 - 1989)",5.00,4
"Apache (DOS, Mac - 1995)",4.89,18
"Apache Flight (Amiga, Atari ST - 1992)",0.00,0
Apocalypse (Amiga - 1994),4.00,1
"Armor Alley (DOS, Mac - 1991)",4.77,13
"Armour-Geddon (DOS, Amiga, Atari ST - 1992)",4.60,10
Army Men: Air Combat (Game Boy Color - 2000),0.00,0
"Army Moves (DOS, Amiga, Amstrad CPC, Atari ST, C64 - 1989)",5.00,2
"Battle Chopper (Amiga, Amstrad CPC, Atari ST, C64 - 1989)",4.00,1
Battle Chopper (C64 - 1987),5.00,1
"Battle Valley (Amiga, Amstrad CPC, C64 - 1989)",5.00,1
"Beach-Head II: The Dictator Strikes Back (Amstrad CPC, Apple II, Atari 8-bit, C64 - 1985)",4.75,4
"Biggles (Amstrad CPC, C64 - 1986)",5.00,3
Blitzer (Windows 3.x - 1991),5.00,1
"Blue Thunder (Atari 8-bit, C64 - 1984)",0.00,0
Buried Buck$ (Atari 8-bit - 1982),0.00,0
Captain Planet and the Planeteers (NES - 1991),0.00,0
"Catastrophes (Amstrad CPC, C64 - 1985)",0.00,0
Cavern Cobra (Apple IIgs - 1987),0.00,0
Choplifter II: Rescue Survive (Game Boy - 1991),0.00,0
"Choplifter III (Game Boy, Game Gear - 1994)",0.00,0
Choplifter III: Rescue Survive (SNES - 1994),0.00,0
"Choplifter! (Apple II, Atari 8-bit, ColecoVision, C64, NES, PC-88, VIC-20 - 1982)",3.50,2
Chopper Commando (DOS - 1990),4.00,3
Chopper Duel (DOS - 1993),3.67,3
"Chopper Hunt (Atari 8-bit, C64 - 1984)",0.00,0
Chopper Rescue (Atari 8-bit - 1982),0.00,0
COALA (Amiga - 1995),5.00,1
Cobra Command (NES - 1988),0.00,0
Comanche 2 (DOS - 1995),4.46,27
Comanche CD (Mac - 1995),5.00,3
Comanche: Maximum Overkill (DOS - 1992),4.52,31
"Combat Lynx (Amstrad CPC, C64 - 1985)",0.00,0
Copta Snatch (Dragon 32/64 - 1984),0.00,0
CrossFire (Genesis - 1991),0.00,0
D-Force (SNES - 1991),0.00,0
Deadly Skies (VIC-20 - 1983),4.00,1
Desert Hawk (C64 - 1986),0.00,0
"Desert Strike: Return to the Gulf (DOS, Amiga, Game Boy, Game Gear, Genesis, SNES - 1994)",4.57,23
"Dyter-07 (Amiga, Atari ST, C64 - 1990)",5.00,1
Extreme Assault (DOS - 1997),4.29,7
"Fire! (Amiga, Amstrad CPC - 1989)",0.00,0
Firehawk (Amiga - 1993),0.00,0
"Firepower 2000 (Genesis, SNES - 1994)",1.00,1
Flapper (C64 - 2008),0.00,0
Fly! (Windows - 1999),5.00,3
Fly! II (Windows - 2001),5.00,5
"Fort Apocalypse (Atari 8-bit, C64 - 1982)",5.00,1
"Fortress Underground (Amiga, Atari 8-bit, Commodore 16, C64 - 1987)",3.50,2
Golgo 13: Top Secret Episode (NES - 1988),0.00,0
"Gunship (DOS, Amiga, Amstrad CPC, Atari ST, C64 - 1986)",4.64,25
Gunship (Genesis - 1993),0.00,0
"Gunship 2000 (DOS, Amiga - 1991)",4.64,76
"Gyrodine (NES, PC-88 - 1986)",0.00,0
Helichopper (Amstrad CPC - 1986),0.00,0
Helicopter Mission (Amiga - 1994),5.00,1
Helikopter-Jagd (C64 - 1986),0.00,0
"Hellfire Attack (Amiga, C64 - 1988)",2.00,1
Hellfire Zone (DOS - 1995),5.00,5
Herzog Zwei (Genesis - 1989),5.00,1
HIND: The Russian Combat Helicopter Simulation (Mac - 1997),4.75,4
"Hunter (Amiga, Atari ST - 1991)",4.33,3
"Infiltrator (DOS, Amstrad CPC, Apple II, Atari 8-bit, C64, ZX Spectrum - 1987)",5.00,6
"Infiltrator II (DOS, C64, NES - 1988)",5.00,4
Island Strike: The Ultimate Conflict (Atari ST - 1996),0.00,0
"Jetstrike (DOS, Amiga - 1994)",4.67,12
"Jungle Strike (DOS, Amiga, Game Boy, Game Gear, Genesis, SNES - 1995)",4.75,16
KA-50 Hokum (DOS - 1995),4.34,6
Kult (Atari 8-bit - 1992),0.00,0
Laser Invasion (NES - 1991),0.00,0
"LHX: Attack Chopper (DOS, Genesis - 1990)",4.52,47
M.I.A.: Missing In Action (Windows - 1998),4.15,13
Merlin Challenge (DOS - 1993),4.50,6
Mission Cobra (NES - 1989),0.00,0
"NAM (Apple II, Atari 8-bit, C64 - 1986)",4.00,2
Operation Gunship (Amstrad CPC - 1989),0.00,0
Pesterminator: The Western Exterminator (NES - 1990),0.00,0
"Protector (Amstrad CPC, Atari 8-bit, C64 - 1989)",0.00,0
"Prowler (DOS, C64 - 1987)",3.50,2
"Raid on Bungeling Bay (C64, NES - 1984)",4.80,5
Red Zone (Genesis - 1994),5.00,5
Rescue Raiders (Apple II - 1984),5.00,5
Return Fire (Windows - 1996),3.50,4
"Rig Attack (Amstrad CPC, Commodore 16 - 1985)",0.00,0
"S.W.I.V. (Amiga, Amstrad CPC, Atari ST, C64 - 1991)",3.67,3
Sarge (DOS - 1989),0.00,0
Sea Strike (Apple IIgs - 1987),3.00,1
Seek and Destroy (Amiga - 1993),4.67,6
Sidewinder (Atari 8-bit - 1986),0.00,0
Sierra's 3-D Helicopter Simulator (DOS - 1987),4.34,6
"Silkworm (Amstrad CPC, C64, NES - 1988)",5.00,1
SimCopter (Windows - 1996),4.71,17
"Sky High Stuntman (Atari ST, C64 - 1991)",0.00,0
"Stealth (Atari 8-bit, C64 - 1984)",5.00,1
"Steel Talons (Genesis, SNES - 1992)",4.00,1
"Steigar (Amiga, Atari ST, C64 - 1989)",1.00,1
Striker (DOS - 1985),4.31,13
StuntCopter (Mac - 1986),0.00,0
"Super Cobra (Atari 8-bit, ColecoVision - 1983)",0.00,0
"Super Huey II (DOS, C64 - 1988)",3.67,9
"Super Huey UH-IX (DOS, Amiga, Apple II, Atari 8-bit, Atari ST, C64 - 1988)",4.33,6
Super Thunder Blade (Genesis - 1988),0.00,0
"Thunderblade (DOS, Amiga, Amstrad CPC, Atari ST, C64 - 1989)",4.40,5
"Thunderchopper (DOS, C64 - 1989)",4.86,7
"Thunderhawk AH-73M (DOS, Amiga, Atari ST - 1991)",4.67,6
Thunderstrike 2 (DOS - 1995),4.50,16
Tiger Mission (C64 - 1987),5.00,1
Tiger-Heli (NES - 1986),0.00,0
"Tomahawk (DOS, Amstrad CPC, Apple II, Apple IIgs, Atari 8-bit, C64 - 1987)",4.86,7
Tommy's Airshark (DOS - 1986),3.00,1
"Treasure Hunt (C64, ZX Spectrum - 1985)",4.00,1
"Twin Cobra (Genesis, NES - 1991)",0.00,0
Twin Eagle (NES - 1989),0.00,0
"Urban Strike (Game Boy, Game Gear, Genesis, SNES - 1996)",5.00,1
Valkyrie (Mac - 1993),5.00,1
Wargasm (Windows - 1998),4.17,6
Werewolf (DOS - 1995),5.00,4
Zaga Mission (C64 - 1984),0.00,0
Zak's Son (Dragon 32/64 - 1984),0.00,0
Zeewolf (Amiga - 1994),3.00,2
Zeewolf 2: Wild Justice (Amiga - 1995),1.00,1
