Title,Average Rating,Number of Ratings
All About America (Apple IIgs - 1988),5.00,2
"Arcade Trivia Quiz (DOS, Amstrad CPC, Atari ST, C64 - 1993)",5.00,1
Avon (DOS - 1985),4.00,1
BackPacker Junior (Mac - 2001),5.00,2
Berlin Connection (Mac - 1998),5.00,1
Carmen Sandiego: Junior Detective Edition (Mac - 1995),3.80,5
Castle Explorer (Mac - 1996),5.00,8
Code: Europe (DOS - 1993),4.00,5
Columbus Discovery (DOS - 1992),4.29,7
Connections (Mac - 1995),4.75,4
"Crusade in Europe (DOS, Apple II, Atari 8-bit, C64 - 1985)",4.30,17
Crusader: Adventure Out of Time (Mac - 1997),5.00,4
De verdwenen kleuren van Van Gogh (Windows - 2001),0.00,0
"Decision in the Desert (DOS, Apple II, Atari 8-bit, C64 - 1985)",4.27,11
Discover the World II (Mac - 1995),5.00,6
Discovering America (DOS - 1994),4.83,6
Eagle Eye Mysteries in London (DOS - 1994),4.00,14
Egypt 1156 B.C.: Tomb of the Pharaoh (Mac - 1997),5.00,1
Electric Crayon Deluxe: Dinosaurs Are Forever (DOS - 1988),4.43,7
"Encyclopedia of War: Ancient Battles (DOS, Amiga, Amstrad CPC - 1988)",5.00,7
Europa Universalis II (Mac - 2003),4.27,11
Evolution: The Game of Intelligent Life (Windows - 1997),4.62,13
Expert Common Knowledge (DOS - 1992),5.00,1
"Fields of Glory (DOS, Amiga - 1994)",4.35,29
Freedom! (Apple II - 1992),3.00,2
Fun School 4: for 7 to 11 year olds (C64 - 1992),0.00,0
Galleons of Glory: The Secret Voyage of Magellan (DOS - 1990),4.89,9
Gary Grigsby's Pacific War (DOS - 1992),4.35,23
Go West! The Homesteader's Challenge (Windows - 1996),5.00,4
"Gold of the Americas: The Conquest of the New World (DOS, Amiga - 1989)",4.55,18
Golden Gate (Mac - 1997),4.00,1
Gumboots Australia (DOS - 1990),4.43,7
"Headline Harry and The Great Paper Race (DOS, Mac - 1991)",4.67,9
Hi-Q-Quiz (C64 - 1988),0.00,0
In the Days of Knights & Kings (DOS - 1989),4.56,9
Jenny of the Prairie (DOS - 1985),0.00,0
"Joan of Arc: Siege & the Sword (DOS, Amiga, Atari ST - 1989)",4.57,21
Legions (Mac - 1994),5.00,6
"Mario's Time Machine (DOS, NES, SNES - 1993)",5.00,17
"Méwilo (Amiga, Amstrad CPC, Atari ST - 1988)",0.00,0
"Mind Pursuit (Apple II, C64 - 1986)",0.00,0
"Museum Madness (DOS, Mac - 1994)",4.78,9
Mystery at the Museums (DOS - 1993),5.00,2
Oregon Trail Deluxe (DOS - 1992),4.17,1137
"Oregon Trail II (Windows, Mac - 1995)",4.22,210
"P.T.O.: Pacific Theater of Operations (Genesis, PC-88, SNES - 1992)",4.50,4
Paris 1313: The Mystery of Notre-Dame Cathedral (Mac - 1999),3.50,2
"Patton Strikes Back: The Battle of the Bulge (DOS, Mac - 1991)",4.75,16
Pepper's Adventures in Time (DOS - 1993),4.74,19
Pilgrim Quest (DOS - 1991),4.75,8
Pirates: Captain's Quest (Mac - 1997),5.00,2
PQ: The Party Quiz Game (Atari 8-bit - 1984),0.00,0
Qin: Tomb of the Middle Kingdom (Mac - 1996),0.00,0
"Quiwi (Amstrad CPC, C64 - 1986)",0.00,0
Schoolhouse (DOS - 1991),4.00,2
See the U.S.A. (DOS - 1987),5.00,4
Sethi and the Inca Wizard (Mac - 2001),0.00,0
SPQR: The Empire's Darkest Hour (Mac - 1997),4.20,5
Super Munchers: The Challenge Continues... (DOS - 1991),4.40,90
Super Solvers: Challenge of the Ancient Empires! (DOS - 1990),4.76,46
The Aeronautics Quiz MK 2 (DOS - 1991),5.00,1
"The Amazon Trail (DOS, Mac - 1993)",4.10,134
The Awesome Adventures of Victor Vector & Yondo: The Hypnotic Harp (Mac - 1993),3.33,3
The Awesome Adventures of Victor Vector & Yondo: The Last Dinosaur Egg (Mac - 1993),4.00,1
The ClueFinders: 4th Grade Adventures (Mac - 1998),4.34,29
The Computer Quiz (DOS - 1988),4.71,7
"The Lost Tribe (DOS, Mac - 1992)",4.31,13
"The Oregon Trail (DOS, Mac, Apple II - 1990)",4.31,131
The Sacred Amulet (Windows - 1999),0.00,0
The Second Kids' World Almanac Adventure (DOS - 1990),5.00,2
"The Yukon Trail (Windows 3.x, Mac - 1994)",4.31,26
These United States (DOS - 1984),5.00,1
Time Machine I (DOS - 1993),0.00,0
Time Riders in American History (DOS - 1992),4.67,3
"Treasure Hunt (C64, ZX Spectrum - 1985)",4.00,1
Trivia Quest (Atari 8-bit - 1984),0.00,0
Trivia Whiz (DOS - 1990),4.33,3
United States Quiz (DOS - 1993),4.67,3
Versailles 1685 (DOS - 1997),3.75,4
Where in America's Past is Carmen Sandiego? (DOS - 1991),4.30,10
Where in the U.S.A. is Carmen Sandiego? (Enhanced) (DOS - 1990),4.39,55
"Where in Time is Carmen Sandiego? (DOS, Amiga, C64, Genesis, NES, SNES - 1990)",3.85,13
Wishbone and the Amazing Odyssey (Mac - 1996),4.25,4
"World Cup Soccer (Amstrad CPC, C64, ZX Spectrum - 1985)",5.00,1
"Zeppelin: Giants of the Sky (DOS, Amiga - 1995)",2.57,14
