Title,Average Rating,Number of Ratings
1893: A World's Fair Mystery (Mac - 2003),5.00,2
2112 (DOS - 1994),3.67,3
A Change in the Weather (DOS - 1995),3.50,4
A Dark Sky Over Paradise (C64 - 1989),0.00,0
A Dudley Dilemma (DOS - 1988),3.67,3
A Journey into Xanth (DOS - 1993),3.25,4
A Lenda da Gávea (MSX - 1988),5.00,1
"A Mind Forever Voyaging (DOS, Amiga, Mac, Apple II, Atari ST - 1985)",4.33,22
"Abracadabra (Amstrad CPC, MSX - 1988)",5.00,1
Abyss (PC-88 - 1984),5.00,2
Abyss II: Tears of Emperor (PC-88 - 1985),0.00,0
Acheton (DOS - 1987),3.00,2
Advanced Xoru (DOS - 1989),3.50,10
"Adventure 1 (Amstrad CPC, C64, MSX - 1984)",5.00,1
Adventure 3: Haunted Mansion (C64 - 1982),5.00,1
"Adventure A (Amstrad CPC, C64 - 1985)",0.00,0
"Adventure B (Amstrad CPC, C64 - 1985)",0.00,0
"Adventure C (Amstrad CPC, C64 - 1985)",0.00,0
Adventure in Humongous Cave (DOS - 1993),4.00,1
Adventure in the Fifth Dimension (Atari 8-bit - 1983),0.00,0
Adventure in Time and Space (C64 - 1992),0.00,0
"Adventure Master (Atari 8-bit, C64 - 1984)",5.00,1
"Adventure Quest (Amstrad CPC, Atari 8-bit, C64 - 1984)",5.00,1
Adventure XT (DOS - 2007),1.00,1
"Adventureland (C64, Dragon 32/64, VIC-20 - 1982)",5.00,1
Adventures of Barsak the Dwarf (C64 - 1984),0.00,0
AdventureWriter (DOS - 1983),4.17,6
Africa Gardens (C64 - 1984),0.00,0
African Adventure (DOS - 1997),0.00,0
After Shock (Amstrad CPC - 1986),0.00,0
Akira (NES - 1988),5.00,1
Aliard's Tome (C64 - 1983),5.00,1
Alice In Wonderland (DOS - 1989),3.80,5
"Alice in Wonderland (Apple II, C64 - 1985)",5.00,3
Alice: Adventures in Wonderland (PC-88 - 1984),4.33,3
Alien (DOS - 1982),4.00,4
Alpha (PC-88 - 1986),5.00,2
Altair 4 (C64 - 1983),0.00,0
Alvin the Android (C64 - 1983),0.00,0
"Amazon (DOS, Mac, Apple II, C64 - 1984)",5.00,5
"Amnesia (DOS, Apple II, C64 - 1986)",4.00,11
Animal Magic (C64 - 1983),0.00,0
Another Lifeless Planet and Me With No Beer (DOS - 1989),3.00,2
Arazok's Tomb (Amiga - 1987),5.00,2
Arnold the Adventurer (C64 - 1992),0.00,0
Arrow of Death Part II (C64 - 1983),3.00,1
"Arrow of Death: Part I (C64, Commodore 16, VIC-20 - 1983)",5.00,1
"Arthur: The Quest for Excalibur (DOS, Amiga, Mac - 1989)",5.00,11
Asteka (PC-88 - 1985),0.00,0
Astérix und Obélix: Die Odyssee (C64 - 1986),0.00,0
Asylum II (C64 - 1985),3.50,2
Atalan (C64 - 1988),0.00,0
Aztec Tomb Adventure (C64 - 1983),5.00,1
Aztec Tomb Revisited (Part II) (C64 - 1984),0.00,0
"Ballyhoo (DOS, Amiga, Mac, Amstrad CPC, Apple II, Atari 8-bit, Atari ST, C64 - 1986)",4.50,2
BarneySplat (DOS - 1993),3.40,5
Beatle Quest (C64 - 1985),3.00,1
Beneath Folly (C64 - 1987),0.00,0
Beyond the Tesseract (DOS - 1988),5.00,1
Beyond The Titanic (DOS - 1986),5.00,2
"Beyond Zork: The Coconut of Quendor (DOS, Amiga, Mac, Apple IIgs, Atari ST - 1987)",4.00,22
Black Crystal (C64 - 1985),0.00,0
Black Knight Adventure (C64 - 1988),0.00,0
Blackscar Mountain (Atari ST - 1991),0.00,0
Blizzard Pass (C64 - 1986),0.00,0
Bones: The Game of the Haunted Mansion (DOS - 1991),3.67,3
Book of the Dead (C64 - 1987),0.00,0
"Border Zone (DOS, Mac, C64 - 1987)",4.75,8
"Bored of the Rings (Amstrad CPC, C64 - 1985)",4.00,1
"Borrowed Time (DOS, Amiga, Apple II, Atari ST, C64 - 1985)",4.45,11
Braminar (DOS - 1987),5.00,2
"Breakers (DOS, Atari ST, C64 - 1986)",3.67,3
"Bride of the Robot (Amiga, Atari ST - 1989)",3.00,2
"Brimstone (DOS, Mac, Atari 8-bit, C64 - 1985)",1.00,1
"Bugsy (Amstrad CPC, C64 - 1986)",4.00,1
"Bureaucracy (DOS, Mac, Apple II - 1987)",4.23,14
"C.I.A. Adventure (DOS, C64 - 1982)",3.77,8
Calixto Island (DOS - 1984),3.50,6
Casablanca ni Ai o: Satsujinsha wa Jikū o Koete (PC-88 - 1986),0.00,0
Castle Adventure (DOS - 1984),3.90,10
"Castle Blackstar (Amstrad CPC, C64 - 1984)",0.00,0
Castle Dracula (C64 - 1985),0.00,0
Castle Elsinore (DOS - 1992),3.00,2
Castle of Skull Lord (C64 - 1984),0.00,0
Castle of Terror (C64 - 1985),0.00,0
Castle Ralf (DOS - 1987),5.00,3
Catacombs (C64 - 1984),2.33,3
Caverns of Chaos (DOS - 1992),2.00,3
Chichén Itzá (DOS - 1992),4.75,4
Circle World (C64 - 1983),0.00,0
"Circus (Atari 8-bit, C64 - 1983)",0.00,0
City of Madness (DOS - 1989),1.00,1
Cobra's Arc (Amstrad CPC - 1986),0.00,0
"Colossal Adventure (Atari 8-bit, C64 - 1983)",0.00,0
"COMPUTE!'s Guide to Adventure Games (included game) (DOS, C64 - 1984)",0.00,0
Convention Blues (C64 - 1994),0.00,0
"Corruption (DOS, Amiga, Mac, Amstrad CPC, C64 - 1988)",4.70,10
Corya the Warrior-Sage (C64 - 1992),0.00,0
Cosmic Capers (C64 - 1983),0.00,0
Countdown to Doom (DOS - 1987),4.38,6
Country Quest (C64 - 1984),0.00,0
Cracks of Fire (C64 - 1983),0.00,0
Crash Dive! (Atari 8-bit - 1984),0.00,0
Cricket Crazy (C64 - 1988),4.00,1
cRiMe (DOS - 1985),2.67,3
Crime Stopper: Murder at Midnight! (C64 - 1984),4.00,2
Crystals Of Carus (C64 - 1985),0.00,0
Curses (DOS - 1993),4.67,3
"Cutthroats (DOS, Amiga, Mac, Amstrad CPC, Atari 8-bit, C64 - 1984)",4.50,2
"Cyborg (DOS, Mac, Atari 8-bit, C64 - 1982)",4.50,4
Dance of the Vampires (C64 - 1988),4.33,3
Dances With Bunny Rabbits (C64 - 1992),0.00,0
Danger Mouse in the Black Forest Chateau (C64 - 1984),0.00,0
Dark Continent (DOS - 1987),3.50,5
Dark Dungeons (C64 - 1983),0.00,0
"Dark Lord (Apple II, C64 - 1987)",4.33,3
"Das Stundenglas (DOS, Amiga - 1990)",4.50,2
David Ahl's Basic Computer Adventures (DOS - 1986),0.00,0
Dead End (C64 - 1988),5.00,1
"Deadenders (Amstrad CPC, C64 - 1988)",0.00,0
"Deadline (DOS, Amiga, Mac, Amstrad CPC, Atari 8-bit, C64 - 1984)",4.50,6
"Death in the Caribbean (Apple II, C64 - 1983)",4.00,2
"Demon's Tomb: The Awakening (DOS, Amiga - 1989)",5.00,4
"Demoniak (DOS, Amiga, Atari ST - 1991)",4.00,3
"Denis Through the Drinking Glass (Atari 8-bit, C64 - 1984)",0.00,0
Deranged Wizard's Castle (DOS - 2005),1.00,2
Derelict (C64 - 1982),0.00,0
Devil's Island (C64 - 1984),0.00,0
Dezeni Land (PC-88 - 1983),5.00,1
Dezeni World (PC-88 - 1985),0.00,0
Diamond Trail (C64 - 1984),0.00,0
"Die Kathedrale (DOS, Amiga - 1991)",4.75,4
"Disney presents Ariel's Story Studio (Windows, Mac - 1999)",4.80,5
Doc the Destroyer (C64 - 1987),4.00,1
Dodgy Geezers (C64 - 1986),0.00,0
"Don Quijote (DOS, Amstrad CPC, C64 - 1987)",4.50,4
"Dondra: A New Beginning (DOS, Apple IIgs, C64 - 1989)",5.00,2
Dopplegänger (DOS - 1985),0.00,0
"Dr. Dumont's Wild P.A.R.T.I. (DOS, Mac - 1988)",5.00,2
"Drachen von Laas (DOS, Amiga, Atari ST - 1991)",5.00,1
"Dracula (Amstrad CPC, C64 - 1986)",4.67,3
"Dragon's Keep (Atari 8-bit, C64 - 1984)",2.00,1
"Dragonworld (DOS, Apple II, C64 - 1984)",4.00,8
Dratewka the Shoemaker (Atari 8-bit - 2008),0.00,0
Dream Prisoner (DOS - 1995),3.33,3
"Dream Zone (DOS, Amiga, Apple IIgs - 1988)",4.33,3
Drink & Drown (C64 - 1986),0.00,0
"Drive-In (DOS, C64 - 1982)",3.73,11
Drug Wars: A Game Based on the New York Drug Market (DOS - 1984),3.78,9
"Dungeon (DOS, Amiga, Atari ST - 1987)",4.50,3
"Dungeon Adventure (Amstrad CPC, C64 - 1984)",5.00,1
Dungeon Quest (Amiga - 1989),0.00,0
"Dungeons, Amethysts, Alchemists 'n' Everythin' (Amstrad CPC - 1987)",0.00,0
Dylan Dog: Le Notti della Luna Piena (C64 - 1988),5.00,1
Eamon (DOS - 1988),3.67,3
"Earthly Delights (DOS, Mac, Apple II - 1984)",4.00,4
Earthquake (C64 - 1983),5.00,1
"Earthquake San Francisco 1906 (Apple II, Atari 8-bit - 1983)",0.00,0
"Eliza (DOS, C64 - 1988)",4.51,45
"Emerald Isle (Amstrad CPC, Atari 8-bit, C64 - 1985)",4.00,1
Empire of Karn (C64 - 1985),4.00,2
"Empire of the Over-Mind (Apple II, Atari 8-bit - 1981)",0.00,0
Enchanted Castle (DOS - 1987),3.00,2
Enchanted Scepters (Mac - 1984),5.00,2
"Enchanter (DOS, Amiga, Amstrad CPC, Apple II, Atari 8-bit, Atari ST, C64 - 1983)",4.00,10
Enchanter: Wakaki Madōshi no Shiren (PC-98 - 1993),0.00,0
Eric the Unready (DOS - 1993),4.67,18
Escape from Pulsar 7 (C64 - 1983),0.00,0
"Escape from Rungistan (Apple II, PC-88 - 1982)",0.00,0
Escape from Traam (Apple II - 1981),0.00,0
Escape to Freedom (C64 - 1989),0.00,0
"Espionage Island (Amstrad CPC, C64 - 1985)",0.00,0
"Essex (DOS, Atari 8-bit, C64 - 1985)",5.00,1
Eureka! (C64 - 1984),4.50,2
Faerie (C64 - 1985),0.00,0
"Fahrenheit 451 (DOS, Mac, Apple II, Atari ST, C64 - 1984)",4.71,7
Fallthru (DOS - 1990),1.00,1
"Feasibility Experiment (Atari 8-bit, C64 - 1982)",0.00,0
Final Soul (DOS - 1995),5.00,5
"Fish (DOS, Amiga, Atari ST, C64 - 1988)",4.89,9
Fool's Gold (C64 - 1983),0.00,0
Football Frenzy (C64 - 1987),0.00,0
Forbidden Castle (DOS - 1985),2.50,2
"Forbidden Quest (DOS, Mac - 1983)",3.00,1
Forestland (C64 - 1983),0.00,0
Four Gates to Freedom (VIC-20 - 1983),0.00,0
"Frankenstein Adventure (DOS, C64 - 1992)",4.67,3
Frederik Pohl's Gateway (DOS - 1992),4.59,27
Futuria (Mac - 1985),0.00,0
Games That Didn't Make It (Mac - 1999),5.00,1
Gateway (Mac - 1986),0.00,0
Gateway II: Homeworld (DOS - 1993),4.93,14
"Gerbil Riot of '67 (DOS, Amstrad CPC - 1992)",0.00,0
Ghost Town (C64 - 1983),0.00,0
Giantkiller (DOS - 1987),4.50,2
"Gnome Ranger (DOS, Amiga, Amstrad CPC, Atari 8-bit, C64 - 1987)",4.78,9
Goblin Towers (C64 - 1983),0.00,0
"Granny's Garden (Amstrad CPC, C64 - 1987)",1.00,1
Granny's Place (DOS - 1983),3.75,4
"Gremlins: The Adventure (Amstrad CPC, C64 - 1985)",3.00,1
"Gruds In Space (Apple II, Atari 8-bit, C64 - 1983)",4.00,1
Guardians of Infinity: To Save Kennedy (DOS - 1988),4.50,4
"Gunslinger (Atari 8-bit, C64 - 1987)",0.00,0
"Gwendolyn: Pursuit of a Princess (Atari 8-bit, C64 - 1983)",0.00,0
Hamil (DOS - 1987),4.60,5
Hampstead (C64 - 1984),0.00,0
Haunted Mission Adventure (DOS - 1986),4.50,4
Heavy on the Magick (Amstrad CPC - 1986),0.00,0
"Hellowoon: Das Geheimnis des Zauberstabs (Amiga, Atari ST, C64 - 1987)",0.00,0
Herakles: The Early Trials (C64 - 1987),3.00,1
"Heroes of Karn (Amstrad CPC, C64 - 1984)",4.00,1
"Hexuma: Das Auge des Kal (DOS, Amiga - 1992)",4.75,4
"Hi-Res Adventure #0: Mission Asteroid (Apple II, Atari 8-bit, C64, PC-88 - 1980)",0.00,0
"Hi-Res Adventure #1: Mystery House (Apple II, PC-88 - 1980)",5.00,1
"Hi-Res Adventure #2: The Wizard and the Princess (DOS, Atari 8-bit, C64, PC-88 - 1982)",3.50,10
Hi-Res Adventure #3: Cranston Manor (PC-88 - 1983),0.00,0
"Hi-Res Adventure #4: Ulysses and the Golden Fleece (DOS, Apple II, Atari 8-bit, C64, PC-88 - 1982)",3.17,6
"Hi-Res Adventure #6: The Dark Crystal (Apple II, Atari 8-bit, PC-88 - 1983)",0.00,0
"High $take$ (DOS, Apple II - 1986)",1.00,1
Hippy's Quest I: PEACE MAN (DOS - 1990),5.00,1
Hobbit: The True Story (DOS - 1993),3.14,7
"Hokkaidō Rensa Satsujin: Okhotsk ni Kiyu (NES, PC-88, PC-98 - 1987)",0.00,0
"Hollywood Hijinx (DOS, Amiga, Mac, Amstrad CPC, Apple II, Atari 8-bit, Atari ST, C64 - 1987)",4.60,5
Humbug (DOS - 1990),5.00,3
"Hunchback: the Adventure (Amstrad CPC, C64 - 1986)",0.00,0
I Dare You (C64 - 1992),0.00,0
"I, Damiano: The Wizard of Partestrada (DOS - 1985)",5.00,4
I-0: Jailbait on Interstate Zero (DOS - 1997),3.67,3
"Ice Station Zero (C64, ZX Spectrum - 1985)",0.00,0
"Imagination (Amstrad CPC, C64, ZX Spectrum - 1987)",0.00,0
"Indiana Jones in Revenge of the Ancients (DOS, Apple II - 1987)",4.71,7
"Infidel (DOS, Amiga, Mac, Amstrad CPC, Atari 8-bit, C64 - 1983)",4.71,7
"Ingrid's Back! (DOS, Amiga, Amstrad CPC, Atari 8-bit, C64, ZX Spectrum - 1988)",5.00,3
Inhumane (Apple II - 1984),0.00,0
"Inspektor Griffu (DOS, Amiga - 1990)",2.67,3
Intercept (DOS - 1981),1.00,1
Island of Mystery Adventure (DOS - 1985),5.00,3
"Island of Secrets (C64, VIC-20 - 1984)",0.00,0
"Jabato (DOS, Amiga, Atari ST, C64, ZX Spectrum - 1989)",5.00,2
Jacaranda Jim (DOS - 1987),5.00,1
"Jack the Ripper (Amstrad CPC, C64 - 1987)",4.00,2
"James Bond 007: A View to a Kill (DOS, Mac, Apple II - 1985)",3.80,10
James Bond 007: Goldfinger (DOS - 1986),3.73,11
"James Clavell's Shogun (DOS, Amiga - 1989)",3.20,5
James Herbert's The Rats (C64 - 1985),3.50,2
"Jason of the Argonauts (Amstrad CPC, C64 - 1990)",0.00,0
"Jeffrey Archer: Not a Penny More, Not a Penny Less - The Computer Game (Amstrad CPC, Atari ST, C64 - 1987)",5.00,1
"Jewels of Babylon (Amstrad CPC, C64 - 1984)",5.00,1
"Jewels of Darkness (DOS, Amiga - 1987)",4.25,4
Jigoku no Renshū Mondai (PC-88 - 1984),0.00,0
"Jinxter (DOS, Amiga, Mac, Amstrad CPC, Atari 8-bit, Atari ST, C64 - 1988)",5.00,3
Jolly Jack's Run Ashore (C64 - 1984),0.00,0
"Jungle Quest (DOS, Apple II, C64 - 1984)",0.00,0
"Jupiter Mission 1999 (Atari 8-bit, C64 - 1984)",4.00,1
Kayleth (C64 - 1987),3.00,1
"Kentilla (Amstrad CPC, C64 - 1986)",3.00,1
Kingdom of Hamil (DOS - 1987),4.33,3
"Knight Orc (DOS, Amiga, Mac, Amstrad CPC, Atari 8-bit, C64 - 1987)",4.83,6
Kwah! (C64 - 1986),0.00,0
"La Aventura Original (DOS, Amstrad CPC, Atari ST, C64 - 1989)",4.50,4
"La Diosa de Cozumel (DOS, Amiga, Amstrad CPC, Atari ST, C64 - 1990)",4.33,3
"La Guerra de las Vajillas (Amstrad CPC, C64 - 1988)",0.00,0
"Lancelot (DOS, Amiga, Mac, Amstrad CPC, Atari 8-bit, Atari ST, C64 - 1988)",4.44,9
Land of Tezrel (C64 - 1984),0.00,0
Land of the Purple Sea (C64 - 1992),0.00,0
Landing Party (DOS - 1989),4.75,4
Lapis Philosophorum: The Philosophers' Stone (C64 - 1985),0.00,0
Las Vegas (PC-88 - 1987),5.00,1
Le Diamant de l'Île Maudite (Amstrad CPC - 1986),0.00,0
Le Mystère de Kikekankoi (Amstrad CPC - 1985),0.00,0
"Leather Goddesses Of Phobos (DOS, Amiga, Mac, Amstrad CPC, Apple II, Atari 8-bit, Atari ST, C64 - 1986)",4.15,20
"Les Portes du Temps (DOS, Amiga, Atari ST - 1989)",1.00,1
Life-Term (C64 - 1987),0.00,0
Lifeboat Adventure (C64 - 1988),0.00,0
Lolita 2: Gekō Chase (PC-88 - 1983),5.00,2
"Lords of Time (Amstrad CPC, Atari 8-bit, C64 - 1984)",0.00,0
"Los Pájaros de Bangkok (DOS, Amstrad CPC, C64 - 1988)",0.00,0
"Los Templos Sagrados (DOS, Amiga, Amstrad CPC, Atari ST, C64 - 1991)",5.00,2
Lost Dutchman's Gold (DOS - 1982),2.50,2
Love's Fiery Imbroglio (DOS - 1988),5.00,1
"Lucifer's Realm (Apple II, Atari 8-bit, C64 - 1984)",5.00,1
Macbeth (C64 - 1984),5.00,2
Madness & the Minotaur (Dragon 32/64 - 1982),0.00,0
Magic Castle (C64 - 1984),5.00,1
Magic Stone (C64 - 1984),0.00,0
Majik (C64 - 1988),3.00,1
Major Istar: Under the Doomed Sea (Dragon 32/64 - 1986),0.00,0
Marooned Again (DOS - 1990),3.00,1
Mars (C64 - 1982),0.00,0
"Masquerade (Apple II, C64, PC-88 - 1983)",0.00,0
Masters of the Universe: Super Adventure (C64 - 1986),5.00,1
Matchmaker (C64 - 1988),0.00,0
McMurphy's Mansion (DOS - 1984),3.60,5
"Megacorp (DOS, C64 - 1989)",4.75,4
Mel Odius goes Six String Searchin' (DOS - 1992),2.50,2
Merlin (C64 - 1992),0.00,0
Message from Andromeda (Amstrad CPC - 1985),0.00,0
Microsoft Adventure (Apple II - 1981),0.00,0
Million Dollar Jewel Heist (C64 - 1991),0.00,0
Mindbender (C64 - 1984),0.00,0
"Mindfighter (DOS, Amiga, Amstrad CPC, C64 - 1988)",5.00,4
"Mindshadow (DOS, Mac, Amstrad CPC, Apple II, Atari 8-bit, Atari ST, C64 - 1984)",4.25,8
"Mindwheel (DOS, Apple II, Atari ST, C64 - 1984)",4.33,3
Misty Island (C64 - 1994),0.00,0
Mit Jeans und Hellebarde (C64 - 1989),0.00,0
"Moonmist (DOS, Amiga, Mac, Amstrad CPC, Apple II, Atari 8-bit, C64 - 1986)",4.00,5
"Mordon's Quest (Amstrad CPC, Atari 8-bit, C64 - 1985)",0.00,0
Motorcycle Crazy (C64 - 1984),0.00,0
Mountains of Ket (Amstrad CPC - 1986),0.00,0
"Murder off Miami (Amstrad CPC, C64 - 1986)",4.00,1
Mutant (C64 - 1988),0.00,0
"Mystery Fun House (Atari 8-bit, PC-88 - 1981)",0.00,0
Mystery of Munroe Manor (C64 - 1984),0.00,0
Mystery of the Indus Valley (C64 - 1988),0.00,0
Mystery Voyage (C64 - 1986),0.00,0
"Myth (DOS, Amiga, Atari ST, C64 - 1989)",3.60,5
Naughty Tales (C64 - 2007),3.50,4
"Necris Dome (Amstrad CPC, C64 - 1986)",3.00,1
Nellan is Thirsty (C64 - 1982),0.00,0
"Nine Princes in Amber (DOS, Apple II, Atari ST, C64 - 1985)",4.46,11
Nirvana (DOS - 1989),1.00,1
Nomad of Time (C64 - 1984),4.00,1
"Nord and Bert Couldn't Make Head or Tail of It (DOS, Amiga, Mac, Apple II, Atari ST, C64 - 1987)",4.67,9
Og the Great (C64 - 1993),0.00,0
Once a King (Atari ST - 1988),0.00,0
"Oo-Topos (DOS, Amiga, Apple II, Atari ST, C64 - 1987)",4.67,3
"Ooze: Creepy Nites (DOS, Amiga, Atari ST - 1989)",4.60,5
Operation Feuersturm (C64 - 1989),0.00,0
Orion Quest (C64 - 1984),0.00,0
Orphée: Voyage aux Enfers (DOS - 1985),5.00,2
Panoplia: The Full Armor of God (DOS - 1991),5.00,1
Paranoiak (Apple II - 1984),0.00,0
Party Quest (C64 - 1995),0.00,0
"Passengers on The Wind (DOS, Amiga, Amstrad CPC, Atari ST, C64 - 1987)",3.88,8
"Passengers on the Wind II (DOS, Amstrad CPC, Atari ST, C64 - 1987)",4.00,4
"Perry Mason: The Case of the Mandarin Murder (DOS, Apple II, Atari ST, C64 - 1985)",4.60,5
"Perseus & Andromeda (C64, Dragon 32/64 - 1983)",0.00,0
Philosopher's Quest (DOS - 1987),4.67,6
Photopia (DOS - 1998),5.00,1
Pięć Gówien Eepcha (Atari 8-bit - 1991),0.00,0
Pilgrim (C64 - 1986),0.00,0
Pimania (Dragon 32/64 - 1982),0.00,0
"Pirate Adventure (Atari 8-bit, C64, VIC-20 - 1981)",0.00,0
"Planet of Lust (DOS, Amiga, Atari ST - 1989)",3.77,13
"Planetfall (DOS, Amiga, Amstrad CPC, Apple II, Atari 8-bit, C64 - 1983)",4.36,14
"Plundered Hearts (DOS, Amiga, Mac, Amstrad CPC, Apple II, Atari 8-bit, C64 - 1987)",4.89,9
Pork 2 (Atari ST - 1989),0.00,0
Pork I: The Great Underground Sewer System (DOS - 1991),0.00,0
"Portopia Renzoku Satsujin Jiken (NES, PC-88 - 1985)",0.00,0
Prisoner 2 (Apple II - 1982),0.00,0
Projekt Prometheus (C64 - 1991),0.00,0
Pub Quest (C64 - 1984),0.00,0
"Pyramid (C64, VIC-20 - 1983)",0.00,0
Pyramid of Doom (Dragon 32/64 - 1984),0.00,0
Quann Tulla (C64 - 1985),0.00,0
Quest ][ (DOS - 1995),1.50,2
"Questprobe: Featuring Human Torch and the Thing (DOS, Amstrad CPC, Atari 8-bit, C64 - 1985)",4.25,4
"Racter (DOS, Amiga, Mac, Apple II - 1984)",4.00,9
Raiders (Dragon 32/64 - 1982),0.00,0
Rambo: First Blood Part II (DOS - 1985),4.08,43
Realm of Darkness (C64 - 1988),0.00,0
"Rebel Planet (Amstrad CPC, C64 - 1986)",0.00,0
"Red Moon (Amstrad CPC, Atari 8-bit, C64 - 1985)",5.00,1
Redhawk (C64 - 1986),4.00,1
"Rendezvous with Rama (DOS, Apple II, C64 - 1985)",4.43,7
Return to Doom (DOS - 1988),4.40,5
"Return to Eden (Amstrad CPC, Atari 8-bit, C64 - 1984)",3.00,1
"Rigel's Revenge (Amstrad CPC, C64 - 1987)",5.00,1
Ring of Power (C64 - 1983),0.00,0
"Ring Quest (Apple II, PC-88 - 1985)",0.00,0
Ripper! (C64 - 1984),4.00,1
RJ's Ultimatum (C64 - 1993),0.00,0
"Robin of Sherwood: The Touchstones of Rhiannon (Amstrad CPC, C64 - 1985)",4.50,2
"Robots of Dawn (Apple II, C64 - 1984)",0.00,0
"Romantic Encounters at The Dome (DOS, Amiga, Mac - 1988)",4.80,5
S*M*A*S*H*E*D (C64 - 1987),5.00,1
Saigon: The Final Days (Atari 8-bit - 1981),0.00,0
Salad no Kuni no Tomato-hime (PC-88 - 1984),5.00,1
Salvage (C64 - 1985),0.00,0
"Savage Island (Commodore 16, C64 - 1986)",0.00,0
"Scapeghost (DOS, Amiga, Amstrad CPC, Atari ST, C64 - 1989)",4.67,6
Scoop! (C64 - 1985),0.00,0
"Scott Adams' Graphic Adventure #1: Adventureland (Atari 8-bit, C64 - 1983)",2.00,1
"Scott Adams' Graphic Adventure #2: Pirate Adventure (Atari 8-bit, C64 - 1982)",2.00,1
Scott Adams' Graphic Adventure #3: Secret Mission (Atari 8-bit - 1982),0.00,0
"Scott Adams' Graphic Adventure #4: Voodoo Castle (Atari 8-bit, C64 - 1983)",3.50,2
Scott Adams' Graphic Adventure #5: The Count (Atari 8-bit - 1982),0.00,0
Scott Adams' Graphic Adventure #6: Strange Odyssey (Atari 8-bit - 1982),0.00,0
Se-Kaa of Assiah (C64 - 1985),3.00,1
Sea Quest (DOS - 1984),5.00,2
"Seabase Delta (Amstrad CPC, C64 - 1986)",0.00,0
"Seas of Blood (Amstrad CPC, C64 - 1985)",0.00,0
"Seastalker (DOS, Amiga, Mac, Amstrad CPC, Apple II, Atari 8-bit, C64 - 1984)",4.60,5
"Secret Mission (C64, Dragon 32/64, PC-88, VIC-20 - 1984)",3.00,1
Sex And Violence Vol 1 (C64 - 1988),3.43,7
"Sex Vixens from Space (DOS, Amiga, Atari ST, C64 - 1989)",3.74,39
Shadowkeep (Apple II - 1984),0.00,0
Shadows in the Night (C64 - 1995),0.00,0
"Shard of Inovar (DOS, Amstrad CPC, C64 - 1987)",5.00,2
"Shenanigans (DOS, Dragon 32/64 - 1984)",5.00,2
Sherlock (C64 - 1985),4.50,2
"Sherlock Holmes in ""Another Bow"" (DOS, C64 - 1985)",3.67,3
Sherlock Holmes: The Vatican Cameos (DOS - 1986),5.00,4
"Sherlock: The Riddle of the Crown Jewels (DOS, Amiga, Mac, C64 - 1988)",5.00,6
Sherwood Forest (Apple II - 1982),0.00,0
"Silicon Dreams (DOS, Amstrad CPC, Atari ST - 1987)",4.25,8
Skegpool Rock: Operation Annihilation (C64 - 1988),0.00,0
Skull Island (C64 - 1985),0.00,0
"Snowball (Amstrad CPC, Atari 8-bit, C64 - 1984)",0.00,0
"Softporn Adventure (DOS, Apple II, Atari 8-bit - 1991)",3.50,10
Softporn II (DOS - 1985),3.40,5
"Sorcerer (DOS, Amstrad CPC, Apple II, Atari 8-bit, Atari ST, C64 - 1984)",4.25,8
"Sorcerer of Claymorgue Castle (DOS, Apple II, Atari 8-bit, C64 - 1993)",4.33,6
Sorcerer's Castle Adventure (C64 - 1982),0.00,0
Souls of Darkon (C64 - 1986),0.00,0
"Spellbreaker (DOS, Amiga, Amstrad CPC, Apple II, Atari 8-bit, C64 - 1985)",4.80,5
Spellcasting 101: Sorcerers get all the Girls (DOS - 1990),4.67,21
Spellcasting 201: The Sorcerer's Appliance (DOS - 1991),4.92,12
"Spider-Man (DOS, Atari 8-bit - 1986)",4.67,15
Spore (DOS - 1991),0.00,0
Spy Snatcher (DOS - 1992),4.00,4
Spy-Trek Adventure (Amstrad CPC - 1986),0.00,0
Staff of Power (C64 - 1993),0.00,0
"Star Saga: Two - The Clathran Menace (DOS, Apple IIgs - 1989)",5.00,4
Star Trek: First Contact (DOS - 1988),5.00,3
"Star Trek: The Kobayashi Alternative (DOS, Apple II, C64 - 1985)",4.75,4
"Star Trek: The Promethean Prophecy (DOS, Mac, C64 - 1986)",4.50,6
"Star Wreck (Amstrad CPC, C64 - 1987)",0.00,0
"Starcross (DOS, Amiga, Mac, Amstrad CPC, Apple II, Atari 8-bit, C64 - 1982)",3.91,11
Starflight: A Cosmic Adventure (C64 - 1993),4.50,2
Starship Titanic (Mac - 1999),4.56,9
"Stationfall (DOS, Amiga, Mac, Amstrad CPC, Atari 8-bit, Atari ST, C64 - 1987)",5.00,2
Steve Meretzky's Spellcasting 301: Spring Break (DOS - 1992),5.00,12
"Strange Odyssey (Atari 8-bit, C64, Dragon 32/64 - 1981)",0.00,0
Streets of London (C64 - 1983),0.00,0
Stugan (DOS - 1986),3.00,1
Subsunk (C64 - 1985),5.00,1
Super Spy (Dragon 32/64 - 1983),0.00,0
Supernova (DOS - 1987),2.33,3
Susan (A lustful Game) (DOS - 1988),4.50,4
"Suspect (DOS, Amiga, Mac, Amstrad CPC, Apple II, Atari 8-bit, C64 - 1984)",4.80,5
"Suspended (DOS, Amiga, Mac, Amstrad CPC, Apple II, Atari 8-bit, C64 - 1983)",5.00,6
"Suspicious Cargo (Amiga, Atari ST - 1991)",0.00,0
Sweet Sixteen (C64 - 1986),4.50,2
"Swiss Family Robinson (Apple II, C64 - 1984)",3.60,5
SwordThrust (Apple II - 1981),0.00,0
T-Zero (DOS - 1991),2.50,2
"Talespin (Amiga, Atari ST - 1989)",0.00,0
Talisman: Challenging the Sands of Time (DOS - 1987),4.75,4
"Tass Times in Tonetown (DOS, Amiga, Mac, Apple II, Apple IIgs, C64 - 1986)",4.29,14
Temple of Terror (C64 - 1987),5.00,1
Ten Little Indians (C64 - 1984),0.00,0
Tenshitachi no Gogo (PC-88 - 1985),5.00,1
Tenshitachi no Gogo II: Minako (PC-88 - 1987),0.00,0
Terrormolinos (C64 - 1985),0.00,0
The Abbey (DOS - 1993),0.00,0
The Adventure (DOS - 1988),0.00,0
The Adventure Collection (DOS - 1995),4.50,2
The Adventures of Alice who Went Through the Looking-Glass and Came Back Though Not Much Changed (DOS - 1986),3.67,3
"The Adventures of Buckaroo Banzai: Across the Eighth Dimension (DOS, Apple II, Atari 8-bit, C64 - 1985)",2.33,3
"The Alpine Encounter (DOS, Apple II, C64 - 1985)",4.25,4
"The Archers (Amstrad CPC, Atari 8-bit, C64 - 1987)",0.00,0
The Argon Factor (C64 - 1990),0.00,0
The Awe-Chasm (DOS - 1991),0.00,0
"The Big Sleaze (Amstrad CPC, C64 - 1987)",0.00,0
The Black Sanctum (DOS - 1984),3.25,4
The Blade of Blackpoole (Atari 8-bit - 1983),0.00,0
"The Boggit: Bored Too (Amstrad CPC, C64 - 1986)",0.00,0
The Bounty Hunter (C64 - 1987),0.00,0
"The Case of the Mixed-Up Shymer (Amstrad CPC, C64 - 1987)",0.00,0
The Causes of Chaos (C64 - 1985),0.00,0
"The Cave of Time (Apple II, C64 - 1985)",0.00,0
The Child Murderer (Amiga - 1994),4.00,1
The Citadel of Chaos (C64 - 1984),0.00,0
"The Colour of Magic (Amstrad CPC, C64 - 1986)",0.00,0
"The Count (Atari 8-bit, C64, VIC-20 - 1981)",0.00,0
"The Crack of Doom (DOS, Mac, Apple II, C64 - 1989)",3.86,7
"The Crimson Crown (DOS, Amiga, Mac, Apple II, Atari ST, C64, PC-88 - 1986)",3.83,6
The Crystal Frog (C64 - 1984),0.00,0
The Curse (C64 - 1984),0.00,0
The Curse of Crowley Manor (Apple II - 1982),0.00,0
"The Dallas Quest (Apple II, Atari 8-bit, C64 - 1984)",5.00,1
The Darkest Road (C64 - 1993),0.00,0
The Death Trap (PC-88 - 1984),0.00,0
"The Demon's Forge (DOS, Apple II - 1987)",3.67,6
The Dungeons (C64 - 1983),0.00,0
The Enchanted Realm (Atari ST - 1988),0.00,0
"The Famous Five: Five on a Treasure Island (Amstrad CPC, C64 - 1990)",3.33,3
The Fantasy Collection (Windows 3.x - 1995),4.67,3
The Farmer's Daughter (C64 - 1988),5.00,2
"The Fellowship of The Ring (DOS, Mac, Amstrad CPC, Apple II, C64 - 1986)",4.48,21
The Forest of Doom (C64 - 1984),5.00,1
"The Fourth Protocol (DOS, Amstrad CPC, C64 - 1987)",4.33,6
"The Golden Baton (C64, VIC-20 - 1983)",0.00,0
"The Golden Voyage (C64, Dragon 32/64 - 1983)",0.00,0
The Graphic Adventure Creator (C64 - 1986),4.67,3
The Great Machine (DOS - 2005),0.00,0
"The Growing Pains of Adrian Mole (Amstrad CPC, C64 - 1988)",2.50,2
"The Guild of Thieves (DOS, Amiga, Amstrad CPC, Atari 8-bit, Atari ST, C64 - 1987)",4.44,9
The Helm (C64 - 1985),0.00,0
The Hermit's Secret (DOS - 1982),4.00,1
"The Hitchhiker's Guide to the Galaxy (DOS, Amiga, Mac, Amstrad CPC, Apple II, Atari 8-bit, C64 - 1984)",4.33,80
"The Hobbit (DOS, Mac, Amstrad CPC, C64 - 1983)",4.65,37
"The Holy Grail (DOS, Apple II - 1984)",4.50,4
"The Hound of Shadow (DOS, Amiga, Atari ST - 1989)",4.40,10
The House at the Edge of Time (DOS - 1990),1.00,1
"The Hulk (DOS, C64 - 1984)",4.50,12
The Infocom Collection (DOS - 1992),2.67,6
"The Institute (Apple II, Atari 8-bit, C64 - 1983)",0.00,0
The Island of Lost Hope (Amiga - 1989),0.00,0
The Jade Necklace (C64 - 1987),0.00,0
The Jetsons: George Jetson and the Legend of Robotopia (Amiga - 1989),5.00,2
The Last Inca (Amiga - 1989),5.00,1
The Lost City (C64 - 1985),0.00,0
"The Lost Crown of Queen Anne (DOS, C64 - 1988)",4.00,2
The Lost Kingdom of Zkul / West (Atari ST - 1986),0.00,0
The Lost World (C64 - 1993),0.00,0
"The Lurking Horror (DOS, Amiga, Mac, Amstrad CPC, Apple II, Atari 8-bit, C64 - 1987)",4.05,60
The Magic Toyshop (DOS - 1995),1.00,1
The Magician's Ball (C64 - 1985),0.00,0
"The Magnetic Scrolls Collection (DOS, Amiga, Atari ST - 1991)",4.30,17
"The Mask of the Sun (Apple II, Atari 8-bit, C64 - 1982)",0.00,0
The Mind Electric (DOS - 1995),3.67,3
The Miser's House (DOS - 1981),4.50,4
"The Mist (DOS, Mac - 1985)",3.83,6
The Multi-dimensional Thief (DOS - 1991),0.00,0
The Mystery of the Lost Sheep (C64 - 1986),0.00,0
"The Neverending Story (Amstrad CPC, Apple II, Atari 8-bit, C64 - 1985)",5.00,1
The Odyssey (C64 - 1986),5.00,1
The One that Got Away (DOS - 1995),0.00,0
"The Pawn (DOS, Amiga, Mac, Amstrad CPC, Apple II, Atari 8-bit, Atari ST, C64 - 1986)",4.37,8
The Pay Off (C64 - 1987),0.00,0
The Phantom's Revenge (DOS - 1982),4.50,4
"The Price of Magik (Amstrad CPC, Atari 8-bit, C64 - 1986)",3.00,1
The Prisoner (Apple II - 1980),5.00,1
The Pyramid (C64 - 1992),0.00,0
"The Quest (DOS, Mac, Apple II, Atari 8-bit, C64, PC-88 - 1984)",3.00,1
"The Quest for the Golden Eggcup (Amstrad CPC, C64 - 1988)",0.00,0
The Quest for the Holy Grail (C64 - 1985),3.00,1
"The Quest of Merravid (C64, VIC-20 - 1983)",0.00,0
"The Saga of Erik the Viking (Amstrad CPC, C64 - 1984)",4.00,3
"The Sands of Egypt (Apple II, Atari 8-bit - 1983)",0.00,0
The Scroll of Akbar Khan (C64 - 1985),3.00,1
"The Secret Diary of Adrian Mole Aged 13¾ (Amstrad CPC, Atari 8-bit, C64 - 1985)",5.00,1
The Serpent's Star (Atari 8-bit - 1983),0.00,0
"The Shadows of Mordor (DOS, Mac, Amstrad CPC, Apple II, C64 - 1988)",4.54,13
The Snow Queen (C64 - 1986),0.00,0
The Star Portal (DOS - 1988),3.75,4
"The Stone of Sisyphus (Apple II, Atari 8-bit - 1980)",1.00,1
The Tarturian (Apple II - 1980),0.00,0
The Thing (DOS - 1988),1.80,5
The Thompson Twins Adventure (C64 - 1984),0.00,0
"The Time Machine (C64, VIC-20 - 1983)",0.00,0
"The Tracer Sanction (DOS, Apple II, C64 - 1984)",5.00,2
"The Twilight Zone (DOS, Amiga - 1988)",3.72,7
"The Unorthodox Engineers: The Pen and the Dark (C64, ZX Spectrum - 1984)",0.00,0
The Usurper: The Mines Of Qyntárr (DOS - 1989),5.00,3
"The Very Big Cave Adventure (Amstrad CPC, C64, ZX Spectrum - 1986)",3.00,1
The Vortex Factor (DOS - 1985),3.00,2
The Vortex Factor (Dragon 32/64 - 1986),0.00,0
The Westbury Mystery (C64 - 1993),0.00,0
"The Witch's Cauldron (C64, ZX Spectrum - 1985)",3.00,1
"The Witness (DOS, Mac, Amstrad CPC, Apple II, Atari 8-bit, C64 - 1983)",3.67,3
"The Wizard of Akyrz (Atari 8-bit, C64 - 1983)",0.00,0
"The Wizard of Oz (DOS, Apple II, C64 - 1985)",4.67,6
The Wizard's Castle (DOS - 1981),2.75,8
"The Worm in Paradise (Amstrad CPC, C64 - 1986)",3.50,2
Thermo Nuclear War Games (C64 - 1984),4.00,1
Time and Magik: The Trilogy (DOS - 1988),3.80,5
"Time Bandit (DOS, Amiga, Atari ST, Dragon 32/64 - 1988)",5.00,7
"Time Zone (Apple II, PC-88 - 1982)",0.00,0
Timequest (DOS - 1991),5.00,7
Titanic: The Adventure Begins... (C64 - 1986),5.00,1
Token Of Ghall (C64 - 1983),0.00,0
Tombs of Xeiops (C64 - 1983),0.00,0
Tommy's Manor (DOS - 1989),1.00,1
Toonesia (DOS - 1995),3.00,2
Tower of Despair (C64 - 1985),0.00,0
"Transylvania (DOS, Amiga, Mac, Apple II, Atari 8-bit, Atari ST, C64 - 1986)",4.23,13
Transylvania III: Vanquish the Night (DOS - 1990),5.00,3
Treasure Hunter (Commodore 16 - 1986),0.00,0
"Treasure Island (DOS, Apple II, C64 - 1985)",4.82,11
Treasure Island (C64 - 1987),3.00,1
Trek Adventure (C64 - 1983),0.00,0
"Trekboer (DOS, Dragon 32/64 - 1985)",5.00,1
"Trinity (DOS, Amiga, Apple II, Atari ST - 1986)",4.29,7
"Twice Shy (Amstrad CPC, ZX Spectrum - 1986)",0.00,0
Twilight Zone (PC-88 - 1987),0.00,0
"Twin Kingdom Valley (Commodore 16, C64, ZX Spectrum - 1985)",5.00,1
Ultimate: Adventure 4 (Dragon 32/64 - 1983),0.00,0
Uncle Zebulon's Will (DOS - 1995),5.00,2
Universe II (DOS - 1986),5.00,4
Upper Gumtree and Professor Blowitovitz (C64 - 1984),0.00,0
"Urban Upstart (C64, ZX Spectrum - 1984)",5.00,1
"Valhalla (C64, ZX Spectrum - 1984)",4.67,3
"Valkyrie 17 (C64, ZX Spectrum - 1985)",0.00,0
Vampire's Castle Adventure (DOS - 1984),3.40,5
VariTale (DOS - 1987),3.00,1
"Venom (DOS, Amstrad CPC, C64, ZX Spectrum - 1987)",4.00,2
Volcanic Dungeon (ZX Spectrum - 1983),0.00,0
"Voodoo Castle (C64, VIC-20 - 1985)",0.00,0
Voodoo Island (DOS - 1985),5.00,3
Voyage to Atlantis (C64 - 1983),0.00,0
"Warlord (Amstrad CPC, ZX Spectrum - 1985)",4.00,1
"Waxworks (Atari 8-bit, C64, Dragon 32/64, ZX Spectrum - 1984)",0.00,0
"Werewolf Simulator (Amstrad CPC, C64, ZX Spectrum - 1988)",0.00,0
West (C64 - 1984),0.00,0
Will 'o the Wisp (C64 - 1984),0.00,0
Will: The Death Trap II (PC-88 - 1985),1.00,1
Wingman (PC-88 - 1984),0.00,0
"Winter Wonderland (Amstrad CPC, C64, ZX Spectrum - 1987)",5.00,1
"Wishbringer (DOS, Amiga, Mac, Amstrad CPC, Apple II, Atari 8-bit, C64 - 1985)",4.71,7
"Witch Hunt (C64, ZX Spectrum - 1988)",0.00,0
"Wiz Biz (Amstrad CPC, C64, ZX Spectrum - 1987)",0.00,0
Wizards Spell (ZX Spectrum - 1986),0.00,0
"Wolfman (Amstrad CPC, C64, ZX Spectrum - 1988)",0.00,0
"Wonderland (DOS, Amiga, Atari ST - 1990)",3.80,10
"Write your own Adventure Programs for your Microcomputer (Apple II, Dragon 32/64 - 1983)",0.00,0
Wyspa (Atari 8-bit - 1993),0.00,0
Xtrek (DOS - 1991),4.10,10
Yellow Lemon (PC-88 - 1985),5.00,1
Yellow Peril (C64 - 1994),0.00,0
Yenght (ZX Spectrum - 1984),0.00,0
"Yes Prime Minister: The Computer Game (DOS, Amstrad CPC, C64, ZX Spectrum - 1988)",4.20,10
Zarth (PC-88 - 1984),5.00,1
Zauberschloß (C64 - 1984),0.00,0
Zodiac / The Search for the Secret of Life (C64 - 1987),5.00,1
"Zork II: The Wizard of Frobozz (DOS, Amiga, Amstrad CPC, Apple II, Atari 8-bit, Atari ST, C64 - 1983)",4.40,15
"Zork III: The Dungeon Master (DOS, Amiga, Amstrad CPC, Apple II, Atari 8-bit, Atari ST, C64 - 1983)",4.15,13
"Zork Trilogy (DOS, Mac - 1986)",4.48,23
"Zork Zero: The Revenge of Megaboz (DOS, Amiga, Mac, Apple II - 1989)",4.55,11
"Zork: The Great Underground Empire (DOS, Amiga, Amstrad CPC, Apple II, Atari 8-bit, Atari ST, C64 - 1982)",4.29,171
"Zork: The Undiscovered Underground (Windows, Mac, C64 - 1997)",5.00,1
Zyll (DOS - 1984),3.80,5
"Zzzz (C64, ZX Spectrum - 1985)",0.00,0
