Title,Average Rating,Number of Ratings
"'Nam 1965-1975 (DOS, Amiga, Atari ST - 1991)",3.76,66
1830: Railroads & Robber Barons (DOS - 1995),4.58,31
"1869 (DOS, Amiga - 1992)",4.47,47
1984: A Game of Government Management (ZX Spectrum - 1984),4.33,9
"1st Division Manager (Amiga, Amstrad CPC, Atari ST, C64, ZX Spectrum - 1992)",3.40,5
"2 Player Soccer Squad (Amstrad CPC, C64, ZX Spectrum - 1991)",3.00,3
500cc Motomanager (C64 - 1991),5.00,3
"A Ressha de Ikō (NES, PC-88 - 1991)",5.00,2
"A-Train (DOS, Amiga, Mac - 1992)",4.39,58
"A-Train Construction Set (DOS, Amiga - 1992)",4.50,14
"Aerobiz (Genesis, PC-98, SNES - 1992)",5.00,4
"Aerobiz Supersonic (Genesis, SNES - 1994)",5.00,5
Africa Trail (Mac - 1997),2.33,6
Afterlife (Mac - 1996),3.92,12
"Air Bucks (DOS, Amiga, Atari ST - 1992)",4.33,37
Air Traffic Controller (DOS - 1985),4.00,5
Air Trax (DOS - 1983),2.33,3
Airline (DOS - 1991),5.00,2
Airline Tycoon (Windows - 1998),5.00,2
Airline Tycoon Evolution (Windows - 2002),5.00,2
Airlines (DOS - 1994),4.09,11
Airport Tycoon 2 (Windows - 2003),5.00,1
Airport Tycoon 3 (Windows - 2003),5.00,4
Allegiance (Windows - 2000),5.00,6
Amazon Trail 3rd Edition (Mac - 1998),4.22,23
American Football (C64 - 1988),4.00,1
Anacreon: Reconstruction 4021 (DOS - 1987),4.67,3
Atlas (SNES - 1995),5.00,1
"Aufschwung Ost (DOS, Amiga - 1993)",3.50,4
"Balance of the Planet (DOS, Mac - 1990)",4.79,19
Banana Drama (C64 - 1983),5.00,3
"Bandit Kings of Ancient China (DOS, Amiga, Mac, NES, PC-88 - 1989)",4.50,16
Banger Racer (C64 - 1991),0.00,0
"Barbie Super Model (DOS, Genesis, SNES - 1993)",4.50,14
Baseball Mogul 2006 (Windows - 2005),5.00,1
"Basket Playoff (DOS, C64 - 1992)",5.00,1
Battlecruiser 3000AD v2.0 (Windows - 1998),5.00,6
"Betrayal (DOS, Amiga, Atari ST, C64 - 1990)",4.50,4
"Big Business (DOS, Amiga, Atari ST - 1990)",4.22,23
"Big Game Fishing (DOS, Amiga, C64 - 1991)",4.35,20
Big Rig (DOS - 1987),4.50,4
Big Rigs: Over the Road Racing (Windows - 2003),3.67,3
"Big Sea: The Better One Will Win (DOS, Amiga - 1994)",4.29,14
"Biing!: Sex, Intrigue and Scalpels (Amiga - 1995)",4.83,6
Biznesman (DOS - 1988),3.25,4
Black & White (Windows - 2001),4.39,67
Black Friday #3 (DOS - 1983),4.00,2
"Black Gold (DOS, Amiga, Atari ST, C64 - 1989)",4.33,27
"Black Gold (DOS, Amiga, Atari ST, C64 - 1991)",3.82,11
Black Monday (DOS - 1987),3.60,5
"Bobsleigh (Amstrad CPC, C64 - 1987)",0.00,0
Bograts: The Puzzling Misadventure (Amiga - 1996),5.00,1
"Brian Clough's Football Fortunes (Amstrad CPC, Atari 8-bit, Atari ST, C64 - 1987)",4.50,2
"British Super League (Amstrad CPC, C64 - 1990)",0.00,0
Bundesliga Live (C64 - 1985),0.00,0
"Bundesliga Manager (DOS, Amiga, Atari ST, C64 - 1990)",4.14,7
"Bundesliga Manager Professional (DOS, Amiga, Atari ST - 1991)",4.00,30
Buzz Aldrin's Race into Space (DOS - 1993),4.42,31
C.E.O. (DOS - 1995),4.42,19
"Caesar II (DOS, Mac - 1995)",4.57,94
Caesar III (Mac - 1999),4.18,84
Call to Arms (DOS - 1982),3.80,5
Canton: An Atlas Pathfinder Adventure (DOS - 1994),3.50,4
"Capitalism (DOS, Mac - 1995)",4.40,48
Car Tycoon (Windows - 2001),4.00,2
"Cartels & Cutthroat$ (DOS, Apple II, C64 - 1985)",4.50,10
Cash (Amiga - 1991),5.00,1
"Castles II: Siege & Conquest (DOS, Amiga, Mac - 1992)",4.45,94
Centerbase (Amiga - 1992),5.00,5
"Champion of The Raj (DOS, Amiga, Atari ST - 1991)",4.29,14
"Champions! (Amstrad CPC, Commodore 16, C64 - 1985)",0.00,0
Championship Golf (C64 - 1989),3.50,2
"Championship Manager (DOS, Amiga, Atari ST - 1992)",4.41,22
Championship Manager 2 (DOS - 1995),4.07,43
Championship Manager 4 (Windows - 2003),4.20,10
Championship Manager 93 (Amiga - 1993),3.50,2
Championship Manager Italia (Amiga - 1993),3.50,4
"Championship Manager: End of 1994 Season Data Up-date Disk (DOS, Amiga, Atari ST - 1994)",4.35,18
"Championship Manager: Season 00/01 (Windows, Mac - 2000)",3.82,38
Championship Manager: Season 01/02 (Windows - 2001),4.67,9
Championship Manager: Season 97/98 (DOS - 1997),4.16,183
Chancellor Of The Exchequer (Atari 8-bit - 1983),4.00,1
Chart Wars 3 (Windows - 2004),3.09,11
Civilization II (Multiplayer Gold Edition) (Mac - 1999),4.57,40
Civilization II: Test of Time (Windows - 1999),4.49,51
"Civilization: Call to Power (Windows, Mac - 1999)",4.95,20
"Classic Trainer (Amstrad CPC, C64 - 1989)",0.00,0
Club & Country (Amiga - 1995),0.00,0
Codename MAT (Amstrad CPC - 1984),5.00,1
"Colony (Amstrad CPC, Atari 8-bit, C64 - 1987)",5.00,1
"Computer Acquire (DOS, Atari 8-bit - 1980)",4.46,11
Computer Baseball Strategy (Atari 8-bit - 1982),0.00,0
"Computer Stocks & Bonds (DOS, Atari 8-bit, C64 - 1982)",4.25,8
"Conflict (DOS, Amiga - 1990)",4.51,35
Conglomerates Collide (Apple II - 1981),4.50,2
Conquering Everest (C64 - 1983),4.00,1
Conqueror: A.D. 1086 (DOS - 1995),4.41,22
"Conquest of the New World (DOS, Mac - 1996)",4.40,15
Conquest of the New World: Deluxe Edition (DOS - 1996),4.71,17
"Conquestador: Szenario Generator (Amiga, C64 - 1992)",0.00,0
Constellation (Atari 8-bit - 1992),0.00,0
Constructor (DOS - 1997),4.51,21
County Cricket (C64 - 1989),0.00,0
Cricket Captain (C64 - 1991),0.00,0
"Cricket Captain (Amstrad CPC, C64 - 1990)",0.00,0
"Cricket Captain (Amiga, Atari ST - 1989)",0.00,0
Cricket Master (C64 - 1988),0.00,0
Crisis in The Kremlin (DOS - 1992),4.38,40
Crosscountry Canada (DOS - 1991),4.62,45
Crosscountry USA (Home Edition) (Mac - 1995),4.83,6
Cup Football (C64 - 1990),0.00,0
"D-Day: The Beginning of the End (DOS, Amiga - 1994)",4.50,8
Dallas (Atari ST - 1987),0.00,0
Dark Legions (DOS - 1994),4.38,13
Das Haus (Amiga - 1990),0.00,0
"Das Magazin (Amiga, C64 - 1990)",0.00,0
"Day of the Pharaoh (DOS, Amiga, Atari ST - 1989)",3.63,16
Deadlock: Planetary Conquest (Mac - 1997),4.73,15
Delivery Agent (Amiga - 1993),5.00,1
Der Produzent: Die Welt des Films (Amiga - 1996),0.00,0
"Detroit (DOS, Amiga - 1993)",4.05,20
Dictator (C64 - 1983),4.00,2
Dime City (DOS - 1995),3.78,31
"Dinopark Tycoon (DOS, Mac - 1993)",4.32,155
"Doomdark's Revenge (Amstrad CPC, C64 - 1986)",4.71,7
Dope Wars (DOS - 1985),3.72,7
Druglord (DOS - 1991),3.83,12
"E.S.S. (Amiga, Atari ST - 1989)",5.00,2
"Earth Orbit Stations (Apple II, C64 - 1987)",4.64,14
"Eco (Amiga, Atari ST - 1988)",4.00,2
"Eishockey Manager (DOS, Amiga - 1993)",4.43,28
"Elite (DOS, Amiga, Amstrad CPC, Apple II, Atari ST, C64, NES - 1987)",4.24,33
"Elysium (DOS, Amiga - 1992)",5.00,3
"Emlyn Hughes International Soccer (Amiga, Amstrad CPC, Atari ST, C64 - 1990)",5.00,1
Emperor of the Fading Suns (Windows - 1996),4.50,18
Endurance (Amstrad CPC - 1985),0.00,0
Endzone (C64 - 1988),0.00,0
"Energie-Manager (DOS, Amiga - 1993)",4.17,6
Energy Czar (Atari 8-bit - 1980),5.00,3
England Team Manager (Atari ST - 1990),0.00,0
Epic Baseball (DOS - 1995),3.20,5
ESLA League Manager III (Atari ST - 1995),0.00,0
Europa Universalis II (Mac - 2003),4.27,11
European Champions (C64 - 1990),0.00,0
European II (C64 - 1987),0.00,0
"European Superleague (DOS, Amiga, Amstrad CPC - 1991)",0.00,0
Everest Ascent (C64 - 1984),0.00,0
Executive Suite (DOS - 1982),4.46,26
"Exploration (DOS, Amiga - 1995)",4.50,93
"F.1 Manager (Amiga, Atari ST, C64 - 1989)",5.00,1
F1 Manager (DOS - 1996),4.11,36
Face-Off (Amiga - 1991),0.00,0
Fantasy Manager: The Computer Game (Amiga - 1994),0.00,0
Fast Food Tycoon (Windows - 1999),4.50,6
"FIFA Soccer 96 (DOS, Genesis, SEGA 32X, SNES - 1995)",4.24,131
FIFA Soccer Manager (Windows - 1997),4.43,7
Fighter Command: The Battle of Britain (C64 - 1985),4.25,4
Final Whistle (C64 - 1989),0.00,0
"Firelord (Amstrad CPC, C64 - 1986)",4.33,3
First Past the Post (C64 - 1988),0.00,0
Flamingo Tours (Amiga - 1994),0.00,0
"Floor 13 (DOS, Amiga - 1992)",3.82,11
Football Director (C64 - 1988),5.00,2
"Football Manager (DOS, Amiga, Amstrad CPC, Atari 8-bit, C64, Dragon 32/64, VIC-20 - 1987)",4.08,12
"Football Manager 2 (DOS, Amiga, Amstrad CPC, Atari ST, C64 - 1988)",4.78,9
"Football Manager 3 (DOS, Amstrad CPC, C64 - 1993)",4.00,4
"Football Manager II: Expansion Kit (DOS, C64 - 1989)",3.00,3
"Football Manager: World Cup Edition 1990 (Amiga, Amstrad CPC, Atari ST, C64 - 1990)",0.00,0
"Footballer of the Year 2 (Amiga, Amstrad CPC, Atari ST, C64 - 1989)",2.00,1
Formel 1 - Manager (Atari ST - 1987),0.00,0
Formula 1 3D: F.1 Manager II (C64 - 1991),5.00,1
Formula 1 Masters (Amiga - 1996),0.00,0
Formula One (Amstrad CPC - 1985),0.00,0
Front Page Sports: Football Pro '95 Season (DOS - 1995),4.56,9
"Frontier: Elite II (DOS, Amiga, Atari ST - 1993)",4.65,34
Frontier: First Encounters (DOS - 1995),4.58,24
"Fugger (Amiga, Atari ST, C64 - 1988)",5.00,1
Funturatum (Amiga - 1996),0.00,0
"G.P. Tennis Manager (Amiga, C64 - 1991)",5.00,3
Gangbusters (C64 - 1982),3.00,1
Gangsters 2 (Windows - 2001),4.00,2
Gangsters: Organized Crime (Windows - 1998),4.50,2
"Gazza II (DOS, Amiga - 1992)",5.00,3
Geo Slave: Aidorei no Shōzō (PC-98 - 1996),0.00,0
"Geopolitique 1990 (Apple II, C64 - 1983)",5.00,5
Giants: Citizen Kabuto (Mac - 2001),5.00,6
"Global Domination (DOS, Amiga - 1993)",3.88,8
"Global Effect (DOS, Amiga, Amiga CD32 - 1992)",4.67,9
Global Thermonuclear War (DOS - 1985),4.50,2
Golf Resort Tycoon (Windows - 2001),0.00,0
Golf Resort Tycoon II (Windows - 2002),4.00,1
"Graeme Souness Soccer Manager (DOS, Amiga, Atari ST, C64 - 1993)",4.50,2
"Graham Taylor's Soccer Challenge (Amiga, Atari ST - 1992)",2.50,2
Grand National (Amiga - 1989),0.00,0
Grand Prix (C64 - 1990),5.00,2
Grand Prix Manager (Windows - 1995),5.00,1
Grand Prix Manager 2 (Windows - 1996),5.00,1
"Grid Iron 2 (Amstrad CPC, C64 - 1989)",0.00,0
Gwiezdny Kupiec (C64 - 1996),5.00,1
Hamurabi (C64 - 1995),5.00,1
"Hannibal (DOS, Amiga - 1993)",4.00,12
"Hanse (DOS, Amiga, Amstrad CPC, Atari ST, C64 - 1988)",4.50,8
"Hanse: Die Expedition (DOS, Amiga - 1994)",4.32,19
Harvest Moon (SNES - 1996),4.50,2
Harvest Moon GB (Game Boy - 1998),5.00,1
Hattrick! (Amiga - 1996),5.00,1
Head Coach v3 (Amiga - 1991),0.00,0
Hearts of Iron (Mac - 2003),4.25,12
"Heirs to The Throne (DOS, Amiga - 1994)",4.33,6
Heliosfera (Amiga - 1996),1.00,1
"Hidden Agenda (DOS, Mac - 1989)",4.42,32
"High Frontier (Amstrad CPC, C64 - 1987)",5.00,2
"High Seas Trader (DOS, Amiga - 1995)",4.42,24
Hijack (Amstrad CPC - 1986),0.00,0
Hillsea Lido (Amiga - 1995),3.75,4
"Hockey League Simulator (DOS, Amiga - 1990)",4.80,5
Hockey League Simulator II (DOS - 1992),3.88,8
Hollywood Pictures (Amiga - 1995),5.00,2
Horse Racing Simulator (Atari ST - 1990),0.00,0
"I Play: 3D Tennis (DOS, Amiga, C64 - 1992)",0.00,0
Imperialism (Mac - 1997),4.72,18
Imperialism II: The Age of Exploration (Mac - 1999),5.00,12
"Imperium (DOS, Amiga, Atari ST - 1990)",4.43,7
"In the Chips (C64, VIC-20 - 1983)",4.00,1
International Bridge Contractors (DOS - 1985),4.40,10
"International Football (Amstrad CPC, C64, ZX Spectrum - 1990)",0.00,0
"International Manager (C64, ZX Spectrum - 1986)",0.00,0
"Invasion (Amstrad CPC, Atari 8-bit, C64 - 1987)",4.00,1
"Inve$t (DOS, Amiga, C64 - 1991)",5.00,1
It's Only Rock 'n' Roll (C64 - 1984),4.00,1
"Jimmy's Soccer Manager (Amstrad CPC, C64 - 1992)",0.00,0
Jimmy's Super League (C64 - 1993),0.00,0
Jones in the Fast Lane: CD-ROM (DOS - 1992),4.16,32
K240 (Amiga - 1994),4.56,9
"Kaiser (Amstrad CPC, Atari 8-bit, C64 - 1984)",5.00,4
Kaiser (Atari ST - 1988),0.00,0
Kaiser Deluxe (DOS - 1995),4.00,26
"Kenny Dalglish Soccer Manager (Amstrad CPC, Atari 8-bit, C64 - 1989)",0.00,0
King of the Road (Windows - 2001),4.00,1
"Kolony (Atari 8-bit, C64 - 1991)",5.00,1
Kristor (DOS - 1988),1.00,1
"League Challenge (Amiga, Amstrad CPC, C64 - 1991)",0.00,0
League Football (C64 - 1991),0.00,0
"Leeds United Champions! (Amiga, Atari ST - 1992)",0.00,0
Lemonade (C64 - 1986),5.00,2
Liga Polska (Amiga - 1995),1.00,1
Liga Polska (Atari 8-bit - 1995),0.00,0
Liga Polska Manager '95 (Amiga - 1995),1.00,1
"LinCity-NG (Linux, Windows, Mac - 2009)",4.33,3
Lunar Command (DOS - 1993),4.63,8
Machiavelli the Prince (DOS - 1995),4.35,23
"Mad News (DOS, Amiga - 1994)",5.00,15
"Mad TV (DOS, Amiga - 1991)",4.74,54
Mad TV 2 (DOS - 1996),5.00,1
"Maelstrom (DOS, Amiga - 1992)",4.33,6
Magic: The Gathering - Battlemage (Windows - 1997),5.00,3
Majesty: The Fantasy Kingdom Sim (Mac - 2000),4.91,11
Major League Manager (DOS - 1986),4.25,8
Mall Tycoon 2 (Windows - 2003),4.00,1
Mall Tycoon 3 (Windows - 2005),3.00,1
"Manchester United Premier League Champions (DOS, Amiga - 1994)",4.00,9
Manor (DOS - 1986),5.00,2
Marco Polo (DOS - 1995),4.57,7
Master of Magic (DOS - 1994),4.62,148
Master of Orion (DOS - 1993),4.38,148
Master of Orion II: Battle at Antares (Mac - 1997),4.79,20
"Match of the Day (DOS, Amiga, Atari ST - 1992)",2.25,8
Matsumoto Tōru no Kabushiki Hisshōgaku (NES - 1988),0.00,0
"Medieval Lords: Build, Defend, Expand (Windows - 2004)",5.00,1
"Merchant Colony (DOS, Amiga - 1991)",4.69,13
Merchant Prince (DOS - 1993),5.00,11
Merchant Prince II (Windows - 2001),4.50,10
Metal Marines (SNES - 1993),5.00,1
"MicroLeague Baseball II (DOS, Mac - 1989)",3.40,5
MicroLeague Baseball IV (DOS - 1992),3.86,7
MicroLeague Football 2 (DOS - 1993),2.50,4
MicroLeague Football: The Coach's Challenge - Deluxe Edition (DOS - 1993),3.20,10
"Millennium: Return to Earth (DOS, Amiga, Atari ST - 1991)",4.54,26
"Millionaire: The Stock Market Simulation (Mac, Atari 8-bit, C64 - 1984)",3.80,5
Millionaire: The Stock Market Simulation (Release 2) (DOS - 1987),4.00,5
Minder (Amstrad CPC - 1985),0.00,0
"Mission Omega (Amstrad CPC, C64 - 1986)",5.00,3
Mistrz Polski '96 (Amiga - 1996),1.00,1
Money Bags: Beat the Gnome of Zurich (DOS - 1988),5.00,4
Moon Tycoon (Windows - 2001),4.00,1
"Moonbase (DOS, Amiga, Mac - 1990)",4.46,13
"Moonfall (Amiga, Atari ST, C64 - 1991)",3.00,2
"Motor City (DOS, Amiga - 1994)",4.49,23
Motorcycle 500 (C64 - 1990),4.00,1
Mugsy's Revenge (C64 - 1986),4.00,1
"Multi-Player Soccer Manager (Amiga, Amstrad CPC, C64 - 1991)",5.00,1
NFL Pro League Football (DOS - 1995),4.00,6
NFL Pro League Football: New 1991 Version (DOS - 1991),3.60,5
"No Greater Glory: The American Civil War (DOS, Amiga, Mac - 1991)",4.05,18
Nomad (DOS - 1993),4.44,16
Ocean Trader (DOS - 1996),4.56,25
"Oil Barons (DOS, Amiga - 1992)",4.50,8
Oligopoly (DOS - 1987),3.83,6
"Omni-Play Horse Racing (DOS, Amiga, Amstrad CPC, C64 - 1989)",3.17,6
"On the Ball (DOS, Amiga - 1994)",4.57,7
"On the Ball: World Cup Edition (DOS, Amiga - 1993)",4.23,13
On the Bench (C64 - 1988),0.00,0
"On the Road (Amiga, Atari ST - 1990)",4.00,1
One-Nil Soccer Manager (DOS - 1992),4.16,13
Oregon Trail Deluxe (DOS - 1992),4.17,1137
"Oregon Trail II (Windows, Mac - 1995)",4.22,210
Osprey! (C64 - 1984),4.00,1
"P.T.O.: Pacific Theater of Operations (Genesis, PC-88, SNES - 1992)",4.50,4
Panzer General III: Scorched Earth (Windows - 2000),0.00,0
Patriot (DOS - 1993),4.43,7
Pax Imperia (Mac - 1992),5.00,1
PC Fútbol (DOS - 1993),4.43,7
PC Fútbol 3.0 (DOS - 1994),4.08,13
PC Fútbol 4.0 (DOS - 1995),4.29,14
Perihelion (Amiga - 1993),3.25,4
PET Nuclear Power Plant (C64 - 1982),5.00,2
Pilgrim Quest (DOS - 1991),4.75,8
"Pizza Tycoon (DOS, Amiga - 1994)",4.45,64
"Planet Miners (Apple II, Atari 8-bit - 1980)",4.00,3
Planetfall (Atari 8-bit - 1983),4.00,1
"Player Manager (Amiga, Atari ST - 1990)",4.67,3
"Player Manager 2 (DOS, Amiga - 1995)",3.85,21
"Populous (DOS, Amiga, Atari ST, Genesis, SNES - 1989)",4.61,33
"Populous / Populous: The Promised Lands (Amiga, Atari ST - 1993)",5.00,2
Populous: The Final Frontier (Amiga - 1989),4.67,3
"Populous: The Promised Lands (DOS, Amiga, Atari ST - 1989)",4.71,17
Populous: World Editor (Amiga - 1991),5.00,2
"Ports of Call (DOS, Amiga - 1992)",4.43,72
"Premier 2: Superleague (Amstrad CPC, C64 - 1987)",0.00,0
Premier League (C64 - 1986),0.00,0
"Premier Manager (DOS, Amiga, Atari ST, Genesis - 1992)",4.08,26
"Premier Manager 2 (DOS, Amiga, Atari ST - 1993)",4.22,38
"Premier Manager 3 (DOS, Amiga - 1994)",4.21,24
Premier Manager 3 De-Luxe (Amiga - 1995),5.00,1
"Premier Manager 97 (Windows, Genesis - 1996)",2.90,10
"Premier Multi-Edit System (DOS, Amiga - 1995)",3.67,3
"President (Amstrad CPC, C64 - 1987)",5.00,4
"President Elect (Apple II, C64 - 1981)",4.75,4
"President Elect: 1988 Edition (DOS, C64 - 1987)",4.74,28
"Prime Time (DOS, Amiga, Atari ST - 1988)",3.86,7
"Professional Footballer (Amstrad CPC, C64 - 1991)",0.00,0
"Project: Space Station (DOS, Apple II, C64 - 1987)",4.74,23
Pure-Stat College Basketball (C64 - 1989),0.00,0
QuarterPole (DOS - 1993),4.67,6
"R.O.M. Gold: Rings of Medusa (DOS, Amiga - 1994)",4.50,8
Radio Baseball (DOS - 1986),4.50,2
Rags to Riches: The Financial Market Simulation (DOS - 1993),4.12,17
Railroad Empire (DOS - 1989),5.00,11
"Rails West! (Apple II, C64 - 1984)",5.00,4
"Reach for the Stars: The Conquest of the Galaxy (DOS, Amiga, Apple IIgs, C64 - 1988)",4.67,12
"Reederei (Amiga, C64 - 1988)",1.00,1
"Ringside Seat (Apple II, C64 - 1983)",4.00,1
"Robin Smith's International Cricket (Amiga, Atari ST, C64 - 1991)",0.00,0
"Rock Star Ate My Hamster (Amstrad CPC, Atari ST, C64 - 1989)",5.00,2
Rockstar! (DOS - 1989),4.64,14
Rockstar: Never Trust Rotten Tangerines (Amiga - 1996),5.00,3
"Rugby Boss (Amstrad CPC, C64 - 1989)",0.00,0
"Rugby Coach (Amstrad CPC, C64 - 1991)",0.00,0
"Run for Gold (Amstrad CPC, C64 - 1985)",5.00,1
Run for the Money (Atari 8-bit - 1984),5.00,2
Rush Hour (DOS - 1987),4.67,3
"Santa Paravia and Fiumaccio (DOS, Amiga, C64 - 1989)",5.00,9
"Search for The Titanic (DOS, C64 - 1989)",3.00,3
Sensible Soccer: European Champions (Atari ST - 1992),0.00,0
"Sensible World of Soccer (DOS, Amiga - 1995)",4.58,82
"Serf City: Life is Feudal (DOS, Amiga - 1995)",4.68,61
Seven Cities of Gold: Commemorative Edition (DOS - 1993),4.50,32
Shadow Company: Left for Dead (Windows - 1999),5.00,8
"Sid Meier's Civilization (DOS, Amiga, Windows 3.x, Mac, Atari ST, SNES - 1991)",4.52,580
Sid Meier's Civilization II (Windows - 1996),4.48,113
"Sid Meier's Colonization (DOS, Amiga, Mac - 1994)",4.58,470
"Sid Meier's Railroad Tycoon (DOS, Amiga, Atari ST - 1990)",4.81,21
Sid Meier's Railroad Tycoon Deluxe (DOS - 1993),4.25,36
Sid Meier's SimGolf (Windows - 2002),4.64,14
"Sierra Championship Boxing (DOS, Mac, Apple II, C64 - 1985)",4.50,4
Sim Farm (DOS - 1993),4.23,121
Sim Theme Park (Windows - 1999),4.44,25
"SimCity (DOS, Amiga, Amstrad CPC, Atari ST, C64, SNES - 1989)",4.36,70
"SimCity 2000 (DOS, Amiga, SNES - 1993)",4.40,921
SimCity 2000 Scenarios Volume 1: Great Disasters (DOS - 1994),4.80,5
SimCity 2000: CD Collection (DOS - 1996),4.58,62
SimCity Classic Graphics (DOS - 1994),4.83,6
SimCity Enhanced CD-ROM (DOS - 1993),4.36,14
"SimCity Graphics Set 1: Ancient Cities (DOS, Amiga - 1990)",4.50,8
"SimCity Graphics Set 2: Future Cities (DOS, Amiga - 1991)",4.25,4
"SimCity: Terrain Editor (DOS, Amiga, Atari ST - 1989)",5.00,6
SimCoaster (Windows - 2001),4.50,14
SimHealth (DOS - 1994),4.45,11
SimLife (DOS - 1992),4.46,50
"SimTower: The Vertical Empire (Windows 3.x, Mac - 1995)",4.33,30
SimTown (Windows - 1995),5.00,1
Skateboard Park Tycoon: Back in the USA 2004 (Windows - 2003),3.00,1
SkateBoard Park Tycoon: World Tour 2003 (Windows - 2002),0.00,0
Ski Resort Tycoon (Windows - 2000),5.00,1
Ski Resort Tycoon: Deep Powder (Windows - 2004),5.00,1
Snap-on presents Gearhead Garage: The Virtual Mechanic (Windows - 2000),4.35,40
"Soccer Manager Plus (Amiga, Atari ST - 1989)",5.00,1
Soccer Quiz (C64 - 1989),0.00,0
"Soccer Rivals (Amstrad CPC, C64 - 1991)",0.00,0
"Soccer Star (Amstrad CPC, C64 - 1989)",0.00,0
Soccer Team Manager (Amiga - 1994),1.00,1
Software Manager (Amiga - 1994),5.00,1
"Software Star (Amstrad CPC, C64 - 1985)",4.00,1
Solidarność (DOS - 1991),4.00,4
Space Hunter (C64 - 1985),0.00,0
"Space M+A+X (DOS, Amiga - 1992)",4.33,3
"Spaceward Ho! (DOS, Amiga - 1992)",4.75,8
Speedway Manager 2 (Amiga - 1995),5.00,1
"Spoils of War (DOS, Amiga, C64 - 1991)",4.50,6
Sports Spectacular (DOS - 1987),5.00,1
"Star Rank Boxing (Amstrad CPC, C64 - 1985)",0.00,0
Star Reach (DOS - 1994),5.00,11
Star Traders (DOS - 1984),5.00,3
Star Trek: Starfleet Command - Orion Pirates (Windows - 2001),0.00,0
Star Trek: Starship Creator (Mac - 1998),4.71,7
Star Trek: The Next Generation - Birth of the Federation (Windows - 1999),4.00,1
Star Wars: Episode I - The Gungan Frontier (Mac - 1999),3.87,16
"Starbyte Super Soccer (Amiga, Atari ST, C64 - 1991)",3.00,2
"Starlord (DOS, Amiga - 1993)",4.40,20
"Steigenberger Hotelmanager (DOS, Amiga, C64 - 1991)",3.33,3
Sternsiedler (Amiga - 1994),0.00,0
"Stock Market: The Game (DOS, Amiga - 1990)",3.90,20
"Storm Master (DOS, Amiga, Atari ST - 1992)",5.00,4
"Street Rod (DOS, Amiga, C64 - 1989)",4.57,132
"Street Rod 2: The Next Generation (DOS, Amiga - 1991)",4.42,136
"Striker Manager (Amstrad CPC, C64 - 1990)",0.00,0
Stronghold (DOS - 1993),4.33,36
Sub Culture (Windows - 1997),4.50,2
Submarine (DOS - 1989),3.67,3
"Subtrade: Return to Irata (DOS, Amiga - 1992)",4.43,7
Sundog: Frozen Legacy (Atari ST - 1985),4.64,25
Super Bowl (C64 - 1986),0.00,0
Super League Manager (Amiga - 1995),0.00,0
Super Wrestle Angels (SNES - 1994),5.00,1
Superleague Soccer (C64 - 1989),0.00,0
"SuperStar Soccer (DOS, Amstrad CPC, C64 - 1987)",3.67,6
"Sword of Aragon (DOS, Amiga - 1989)",4.76,37
Swords and Galleons (Amiga - 1991),3.00,2
"Tactical Manager (DOS, Amiga, Atari ST - 1994)",3.80,5
Tactical Manager 2 (Amiga - 1995),0.00,0
Tactical Manager Italia (Amiga - 1994),0.00,0
Tactical Soccer (SNES - 1995),0.00,0
"Tai-Pan (Amstrad CPC, C64 - 1987)",4.50,2
Taipan (DOS - 1982),4.43,7
Tamagotchi (Game Boy - 1997),5.00,1
Tamper (DOS - 1993),3.34,9
Team F1 (DOS - 1996),4.50,8
"The Basket Manager (DOS, Amiga, Atari ST, C64 - 1991)",2.67,3
"The Cardinal of The Kremlin (DOS, Amiga - 1990)",4.83,6
The Evil Crown (C64 - 1985),5.00,1
The Footballer (C64 - 1990),0.00,0
"The Games '92 - España (DOS, Atari ST - 1992)",2.67,3
The Global Dilemma: Guns or Butter (DOS - 1990),4.00,18
"The Lemmings Chronicles (DOS, Amiga - 1994)",4.25,20
"The Lost Tribe (DOS, Mac - 1992)",4.31,13
"The Manager (DOS, Amiga - 1992)",4.03,33
"The Match (Amstrad CPC, C64 - 1991)",0.00,0
The Money Game (NES - 1988),0.00,0
The Movies (Windows - 2005),4.50,2
The National (C64 - 1991),5.00,1
"The Oakflat Nuclear Power Plant Simulator (DOS, C64 - 1992)",5.00,4
"The Oregon Trail (DOS, Mac, Apple II - 1990)",4.31,131
The Oregon Trail 1.2 for Windows (Windows - 1995),4.32,175
"The Patrician (DOS, Amiga, Atari ST - 1993)",4.79,14
The Premiership (DOS - 1994),2.00,2
The Railroad Works (C64 - 1984),5.00,3
"The Settlers II: Veni, Vidi, Vici (Mac - 1997)",4.67,9
"The Seven Cities of Gold (Amiga, Apple II, Atari 8-bit, C64 - 1985)",4.75,8
The Sims (Windows - 2000),3.67,3
The Soccer Game (DOS - 1989),4.75,4
The Soccer Game II (DOS - 1990),2.67,3
"The World's Greatest Baseball Game (DOS, Apple II, C64 - 1985)",5.00,1
Theme Hospital (DOS - 1997),4.43,801
"Theme Park (DOS, Amiga, Genesis, SNES - 1994)",4.52,156
Three Mile Island (Apple II - 1979),4.60,5
Titans of Steel: Warring Suns (Windows - 2003),5.00,4
Tom Clancy's Politika (Mac - 1997),4.20,5
"Tom Landry Strategy Football (DOS, Amiga, Mac - 1993)",3.00,5
"Tom Landry Strategy Football Deluxe Edition (DOS, Amiga - 1993)",3.50,2
Tony La Russa Baseball (Genesis - 1993),3.00,1
Tony La Russa Baseball II (DOS - 1993),3.00,1
"Tony La Russa's Ultimate Baseball (DOS, C64 - 1991)",3.11,9
"Tracksuit Manager (Amiga, Amstrad CPC, Atari ST, C64 - 1988)",5.00,4
"Tracon II (DOS, Amiga - 1990)",4.33,21
Tracon: Air Traffic Control Simulator (DOS - 1989),4.37,30
"Traders: The Intergalactic Trading Game (DOS, Amiga - 1992)",4.50,10
Trailer Park Tycoon (Windows - 2002),1.00,1
"Trains (DOS, Atari 8-bit, C64 - 1983)",4.60,5
Transport Tycoon (DOS - 1994),4.73,30
Transport Tycoon Deluxe (DOS - 1995),4.49,215
"Transworld (DOS, Amiga, Atari ST, C64 - 1990)",4.60,5
Treble Champions (Amiga - 1990),0.00,0
Treble Champions II (Amiga - 1993),0.00,0
Trener (C64 - 1995),0.00,0
"Trevor Brooking's World Cup Glory (Amstrad CPC, C64, ZX Spectrum - 1990)",0.00,0
Trevor Sorensen's Star Legions (DOS - 1992),4.28,14
Tropico (Mac - 2001),4.08,12
"Troy Aikman NFL Football (Genesis, SNES - 1994)",0.00,0
Tycoon (Atari ST - 1988),3.00,1
Tyrant of Athens (ZX Spectrum - 1982),0.00,0
Ultimate NFL Coaches Club Football (DOS - 1994),4.17,6
"Ultimate Soccer Manager (DOS, Amiga - 1995)",4.52,29
Ultimate Soccer Manager 2 (DOS - 1996),4.58,38
Umut Tarlaları (Amiga - 1993),5.00,1
Une affaire en or (Amstrad CPC - 1985),0.00,0
"Universal Warrior (DOS, Amiga - 1995)",5.00,1
"Utopia: The Creation of a Nation (DOS, Amiga, Atari ST, SNES - 1992)",4.08,13
"Utopia: The New Worlds (DOS, Amiga - 1992)",4.67,6
"Vagan Attack (Amstrad CPC, C64, ZX Spectrum - 1985)",0.00,0
Victoria: An Empire Under the Sun (Mac - 2004),4.46,13
Virtual Seoul (Windows - 1999),0.00,0
Wall $treet Raider (DOS - 1986),5.00,6
Wall Street (Atari ST - 1988),5.00,2
Wall Street Kid (NES - 1989),5.00,4
Wall$treet (DOS - 1989),4.31,13
"Wall$treet (Amiga, C64 - 1989)",4.56,9
Warehouse (C64 - 1983),5.00,2
"Warlord (Dragon 32/64, ZX Spectrum - 1982)",5.00,1
Warren's World: Lost Colony (DOS - 1982),5.00,3
"Wayne Gretzky Hockey (DOS, Amiga, Mac, Atari ST, NES - 1990)",4.14,7
Wayne Gretzky Hockey 3 (DOS - 1992),4.00,7
Westminster (C64 - 1983),5.00,2
Wet Attack: The Empire Cums Back (Windows - 1999),0.00,0
"When Two Worlds War (DOS, Amiga - 1993)",3.72,7
"Wibstars (Amstrad CPC, C64, ZX Spectrum - 1987)",0.00,0
"Wild West World (DOS, Amiga - 1991)",4.09,11
"Wilderness: A Survival Adventure (DOS, Apple II - 1986)",4.58,24
"Winzer (DOS, Amiga, Atari ST, C64 - 1991)",3.67,3
"World Championship Boxing Manager (DOS, Amiga, Amstrad CPC, Atari ST, C64, ZX Spectrum - 1990)",4.01,28
"World Cricket (Amiga, Atari ST, C64, ZX Spectrum - 1991)",0.00,0
"World Cup Challenge (Amstrad CPC, ZX Spectrum - 1990)",0.00,0
"World Cup Soccer (Amstrad CPC, C64, ZX Spectrum - 1985)",5.00,1
"World Rugby (Amiga, Atari ST, C64, ZX Spectrum - 1992)",0.00,0
"World Soccer (Amiga, Atari 8-bit, C64, ZX Spectrum - 1990)",0.00,0
World Tour Tennis (DOS - 1993),3.40,5
Yoot Tower (Mac - 1998),4.24,17
"Yuppi's Revenge (DOS, Amiga, Atari ST, C64 - 1988)",5.00,5
"Zeppelin: Giants of the Sky (DOS, Amiga - 1995)",2.57,14
Zico Soccer (SNES - 1994),0.00,0
Zoo Tycoon (Windows - 2001),4.47,59
Życie Maklera (C64 - 1986),5.00,1
