Title,Average Rating,Number of Ratings
10 Little Robots (Apple IIgs - 1989),0.00,0
2x2 (DOS - 1995),3.67,3
3D Hypermaths (C64 - 1984),5.00,1
A.I. (Apple II - 1987),4.00,1
A.J.'s World of Discovery (DOS - 1992),4.12,17
Add It! (DOS - 1992),5.00,1
Addition-Master (DOS - 1990),3.75,4
Advanced Thinking Skills (DOS - 1992),4.33,6
Adventures in Math (DOS - 1983),4.50,12
Aeromathics (DOS - 1986),2.50,2
Alge-Blaster 3 (Mac - 1995),4.33,3
"Alpine Tram Ride (DOS, C64 - 1989)",0.00,0
Animal Math (DOS - 1986),3.50,6
Animal Vegetable Mineral (Amstrad CPC - 1984),0.00,0
Animated Math (DOS - 1991),4.00,3
Arithmetic Games Set 1 (DOS - 1981),4.75,4
"Astro-Grover (DOS, Atari 8-bit, C64 - 1987)",4.58,9
BackPacker Junior (Mac - 2001),5.00,2
"Bannercatch (Atari 8-bit, C64 - 1984)",4.00,1
Barney Bear Goes to School (DOS - 1992),4.67,3
BMX Number Jump (C64 - 1984),1.00,1
Bobby Fischer Teaches Chess (DOS - 1994),5.00,2
Bop (C64 - 1983),4.00,1
Brain Strainers (Atari 8-bit - 1983),4.00,1
Brandon's Big Lunchbox (DOS - 1989),5.00,1
Bumble Games (DOS - 1983),5.00,2
Bumble Plot (DOS - 1983),1.00,1
Caesar's Travels (C64 - 1984),0.00,0
Caillou: Magic Playhouse (Mac - 2001),5.00,2
Carmen Sandiego: Junior Detective Edition (Mac - 1995),3.80,5
"Cartels & Cutthroat$ (DOS, Apple II, C64 - 1985)",4.50,10
Castle Infinity (Windows - 1996),4.00,1
Change Maker (DOS - 1991),5.00,1
ClueFinders: 3rd Grade Adventures (Windows - 1998),0.00,0
"Cogito (Windows 3.x, Mac - 1992)",3.80,5
Columbus Discovery (DOS - 1992),4.29,7
Combination Wars (C64 - 1982),5.00,2
Cops and Robbers: Police Subtraction (C64 - 1985),4.00,1
"Countdown (Amstrad CPC, C64 - 1986)",4.00,1
Cranky (Dragon 32/64 - 1984),4.00,1
Crosscountry Canada (DOS - 1991),4.62,45
Cyberchase: Castleblanca Quest (Mac - 2003),5.00,3
Demolition Division (C64 - 1984),0.00,0
Digi Duck (Atari 8-bit - 1992),0.00,0
Disney Learning Adventure: Search for the Secret Keys (Mac - 2002),5.00,1
Disney's Animated Storybook: The Hunchback of Notre Dame (Windows - 1996),5.00,1
Disney's Math Quest with Aladdin (Mac - 1998),4.73,15
Disney's The Lion King Activity Center (Windows - 1995),5.00,2
Disney's The Lion King II: Simba's Pride - Active Play (Windows - 1998),0.00,0
Disney's Toy Story Activity Center (Windows - 1996),5.00,1
"Donald Duck's Playground (DOS, Amiga, Apple II, Atari ST, C64 - 1986)",4.70,13
Donkey Kong Jr. Math (NES - 1983),0.00,0
Dora the Explorer: Lost City Adventure (Mac - 2002),4.50,16
Dr. Seuss's Fix-Up the Mix-Up Puzzler (Atari 8-bit - 1984),5.00,1
"Early Games for Young Children (DOS, Atari 8-bit, C64 - 1984)",3.00,2
Education Series: General Knowledge Builder (C64 - 1989),4.00,1
Expert Common Knowledge (DOS - 1992),5.00,1
Factor Blast (Atari 8-bit - 1983),4.00,1
First Class with the Shoe People (Amstrad CPC - 1991),0.00,0
Fisher-Price Great Adventures: Wild Western Town (Mac - 1997),4.50,6
Fisher-Price I Can Remember (NES - 1990),0.00,0
Fisher-Price Perfect Fit (NES - 1990),5.00,1
Flippy's Circus Coins (DOS - 1988),2.50,4
Fraction Action (C64 - 1984),0.00,0
"Fraction Fever (Atari 8-bit, C64 - 1983)",0.00,0
Freddi Fish 3: The Case of the Stolen Conch Shell (Mac - 1998),4.53,68
Freddi Fish 4: The Case of the Hogfish Rustlers of Briny Gulch (Mac - 1999),4.41,22
Freddi Fish 5: The Case of the Creature of Coral Cove (Mac - 2001),4.58,34
"Fun School 2: For 6-8 Year Olds (Amstrad CPC, C64 - 1989)",0.00,0
"Fun School 2: For the Over-8s (Amstrad CPC, C64 - 1989)",0.00,0
"Fun School 3 for the Under 5s (Amstrad CPC, Atari ST, C64 - 1990)",0.00,0
"Fun School 3: for 5 to 7 Year Olds (Amstrad CPC, C64 - 1991)",5.00,1
"Fun School 3: for the over 7s (Amstrad CPC, C64 - 1990)",0.00,0
"Fun School 4: For 5 to 7 Year Olds (Amstrad CPC, C64 - 1992)",0.00,0
Fun School 4: for 7 to 11 year olds (C64 - 1992),0.00,0
"Fun School 4: for the under 5s (DOS, C64 - 1992)",3.00,1
"Gertrude's Puzzles (DOS, C64 - 1984)",4.50,2
"Gertrude's Secrets (DOS, C64 - 1984)",4.71,7
"Granny's Garden (Amstrad CPC, C64 - 1987)",1.00,1
Hoofdrekenen (DOS - 1990),1.00,1
How to Weigh an Elephant (DOS - 1989),0.00,0
Invaders Addition (VIC-20 - 1982),0.00,0
Jenny's Journeys (Apple II - 1984),4.00,1
Juggles' Butterfly (DOS - 1983),2.00,1
"Jungle Quest (DOS, Apple II, C64 - 1984)",0.00,0
Kid Works 2 (DOS - 1992),5.00,4
"Kindercomp (DOS, C64, VIC-20 - 1983)",0.00,0
"Learn to Add (DOS, C64 - 1987)",5.00,1
Learning with FuzzyWOMP (Apple II - 1984),5.00,1
Literki - Cyferki (DOS - 1993),4.00,1
"Logical Journey of the Zoombinis (Windows, Mac - 1996)",4.38,391
Magic Boxes (DOS - 1989),5.00,1
Magiczne Karty (DOS - 1993),0.00,0
Maisy's Playhouse (Mac - 1999),4.00,3
Marathon (C64 - 1983),4.00,1
Mario's Early Years: Fun with Numbers (SNES - 1994),0.00,0
Masters of the Elements (Mac - 1999),4.80,5
"Math Blaster Plus! (DOS, Apple IIgs - 1987)",4.60,30
"Math Blaster! (DOS, C64 - 1983)",5.00,3
"Math Blaster: Episode One - In Search of Spot (Mac, Genesis, SNES - 1995)",4.52,23
Math Mileage (Atari 8-bit - 1984),4.00,1
Math Rabbit (DOS - 1986),4.46,13
Math Rescue (DOS - 1992),4.38,21
Math Workshop (Mac - 1995),4.30,10
Matrix Madness (DOS - 1984),4.00,1
Mega Math (DOS - 1992),4.33,9
Mickey's Adventures in Numberland (NES - 1994),1.00,1
Mickey's Memory Challenge (DOS - 1990),5.00,4
"Mickey's Runaway Zoo (DOS, Atari ST, C64 - 1991)",5.00,1
Millie's Math House (Mac - 1992),4.45,29
Mind Castle I (Apple II - 1984),5.00,1
"Monkey Business (DOS, C64 - 1986)",5.00,2
Monster Math (DOS - 1983),4.50,8
"Moptown Parade (DOS, C64 - 1984)",0.00,0
Moving Puzzle: Cats (Mac - 1998),0.00,0
Moving Puzzle: Jungle World (Mac - 1998),5.00,1
Mystery at the Museums (DOS - 1993),5.00,2
Number Builder (Commodore 16 - 1985),0.00,0
Number Chaser (Commodore 16 - 1985),0.00,0
Number Fun 1 (DOS - 1986),0.00,0
Number Munchers (DOS - 1990),4.51,65
Number Puzzler (Dragon 32/64 - 1984),4.00,2
NumberMaze (Mac - 1988),4.75,4
Operation Neptune (DOS - 1991),4.80,49
Oz: The Magical Adventure (Mac - 2000),3.90,10
P-Robots (DOS - 1988),3.71,7
"Piece of Cake (DOS, Atari 8-bit, C64 - 1984)",5.00,3
"Pipes (DOS, C64, VIC-20 - 1983)",3.67,3
Pippi (Mac - 1995),1.00,1
PQ: The Party Quiz Game (Atari 8-bit - 1984),0.00,0
Reader Rabbit's Kindergarten (Mac - 1997),3.93,14
Richard Scarry's BusyTown (Genesis - 1994),0.00,0
"Rocky's Boots (DOS, C64 - 1984)",4.45,9
Rodney's Funscreen (DOS - 1992),5.00,2
Ruler (C64 - 1984),5.00,1
Safe Opening Simulator (DOS - 1993),4.43,7
Sansū 1-nen: Keisan Game (NES - 1986),0.00,0
Sansū 2-nen: Keisan Game (NES - 1986),0.00,0
Sansū 3-nen: Keisan Game (NES - 1986),0.00,0
Sansū 4-nen: Keisan Game (NES - 1986),0.00,0
Sansū 5・6-nen: Keisan Game (NES - 1986),0.00,0
Schoolhouse (DOS - 1991),4.00,2
Scooby-Doo!: Case File #1 - The Glowing Bug Man (Windows - 2002),0.00,0
Scooter's Magic Castle (DOS - 1993),4.36,14
Sesame Street 1 2 3 (NES - 1989),5.00,1
Sesame Street Countdown (NES - 1992),5.00,1
Sesame Street: Counting Cafe (Genesis - 1994),5.00,1
"Sir AddaLot's ""Mini"" Math Adventure (DOS - 1993)",4.10,10
"Sooty's Fun With Numbers (Amstrad CPC, C64 - 1990)",0.00,0
Space Math (VIC-20 - 1981),4.00,1
"Spy Fox 2: ""Some Assembly Required"" (Mac - 1999)",4.40,15
"Spy Fox in ""Dry Cereal"" (Mac - 1997)",4.50,32
Stack-Up (NES - 1985),0.00,0
"Star Wars: Yoda's Challenge - Activity Center (Windows, Mac - 1999)",3.67,3
Stickybear Math (Apple II - 1984),0.00,0
Sum Ducks (C64 - 1985),0.00,0
Super Munchers: The Challenge Continues... (DOS - 1991),4.40,90
Super Solvers Mission: T.H.I.N.K. (Mac - 1999),4.00,10
Super Solvers: Gizmos & Gadgets! (DOS - 1993),4.46,176
Super Solvers: Midnight Rescue! (DOS - 1989),4.60,67
Super Solvers: Outnumbered! (DOS - 1990),4.67,42
Super Solvers: Treasure Mountain! (DOS - 1990),4.42,120
The ClueFinders: 4th Grade Adventures (Mac - 1998),4.34,29
The Computer Quiz (DOS - 1988),4.71,7
The Fennels Figure Math (Windows - 1996),0.00,0
The IBM Basic Quiz (DOS - 1989),3.75,4
The Land Before Time: Kindergarten Adventure (Mac - 1998),5.00,1
The Lost Mind of Dr. Brain (Mac - 1995),4.35,17
The Secret Codes of C.Y.P.H.E.R.: Operation Wildlife (DOS - 1991),3.83,6
"The Secret Island of Dr. Quandary (DOS, Mac - 1992)",4.28,29
The Time Warp of Dr. Brain (Mac - 1996),4.30,10
Think Quick! (DOS - 1987),4.89,9
Thinkin' Things Collection 1 (Mac - 1993),3.91,11
Thinkin' Things Collection 2 (Mac - 1995),4.82,11
Thinkin' Things Collection 3 (Mac - 1995),4.29,7
Thinkin' Things: Sky Island Mysteries (Mac - 1998),5.00,2
Time Trucker (C64 - 1984),4.00,1
"Treasure Cove! (DOS, Mac - 1992)",4.60,48
"Treasure Galaxy! (DOS, Mac - 1994)",4.59,39
"Treasure MathStorm! (DOS, Mac - 1992)",4.55,95
Troggle Trouble Math (Mac - 1994),4.50,4
Up Side Town (DOS - 1993),0.00,0
"Virtual Pool (DOS, Mac - 1995)",4.54,13
Virtual Reality Studio 2.0 (DOS - 1992),4.29,7
Wizard of Id's WizMath (C64 - 1984),0.00,0
Yogi Bear's Math Adventures (DOS - 1990),5.00,5
Young Math (DOS - 1985),3.00,1
