Title,Average Rating,Number of Ratings
007: Licence to Kill (MSX - 1989),4.00,45
10-Yard Fight (MSX - 1986),5.00,1
10th Frame (MSX - 1986),3.79,19
1942 (MSX - 1987),4.33,6
4x4 Off-Road Racing (MSX - 1988),4.00,24
737 Flight Simulator (MSX - 1984),5.00,2
A Lenda da Gávea (MSX - 1988),5.00,1
A View to a Kill: The Computer Game (MSX - 1985),1.00,1
A.E. (MSX - 1984),5.00,1
A.M.C.: Astro Marine Corps (MSX - 1989),5.00,1
Abracadabra (MSX - 1988),5.00,1
Abu Simbel Profanation (MSX - 1985),5.00,2
Ace of Aces (MSX - 1986),4.17,12
Addicta Ball (MSX - 1987),5.00,1
Adven'chuta! (MSX - 1983),0.00,0
Adventure 1 (MSX - 1985),5.00,1
Adventure Island (MSX - 1986),4.50,6
African Trail Simulator (MSX - 1990),4.10,10
After the War (MSX - 1989),4.75,8
Afteroids (MSX - 1988),0.00,0
Albatross (MSX - 1986),0.00,0
Alcazar: The Forgotten Fortress (MSX - 1985),0.00,0
Ale Hop! (MSX - 1988),3.00,1
Alibaba and 40 Thieves (MSX - 1984),5.00,1
Alien 8 (MSX - 1987),0.00,0
Alien Syndrome (MSX - 1988),4.10,10
Aliens: Alien 2 (MSX - 1987),4.00,2
Aliens: The Computer Game (MSX - 1987),3.67,3
Alpha Blaster (MSX - 1984),0.00,0
Amaurote (MSX - 1987),3.00,1
American Truck (MSX - 1985),5.00,1
Angel Nieto Pole 500 (MSX - 1990),4.18,17
Laser Squad (MSX - 1988),4.70,33
Metal Gear 2: Solid Snake (MSX - 1990),4.41,76
The A-Team (MSX - 1989),0.00,0
