Title,Average Rating,Number of Ratings
"007: Licence to Kill (DOS, Amiga, Amstrad CPC, Atari ST, C64, MSX, ZX Spectrum - 1989)",4.00,45
5th Fleet (DOS - 1994),4.33,30
"688 Attack Sub (DOS, Amiga, Genesis - 1989)",4.87,141
Aces of the Deep (DOS - 1994),4.28,46
Action in The North Atlantic (DOS - 1989),3.80,5
"Action Stations! (DOS, Amiga - 1991)",4.62,13
"Admiral Graf Spee (Amstrad CPC, C64 - 1984)",3.00,2
"Advanced Destroyer Simulator (DOS, Amiga, Amstrad CPC, Atari ST - 1990)",4.70,10
AEGIS: Guardian of the Fleet (DOS - 1994),3.96,23
Aquattack (ColecoVision - 1984),0.00,0
"Armada (DOS, Amiga - 1989)",5.00,3
Assault On Port Stanley (Amstrad CPC - 1985),5.00,1
Atlantic Patrol (C64 - 1982),4.00,1
Attack Sub (DOS - 1989),4.33,3
"AV-8B Harrier Assault (DOS, Amiga, Atari ST - 1993)",4.19,21
Barracuda: Secret Mission 1 (DOS - 1992),3.00,2
Battle (Commodore 16 - 1987),0.00,0
Battle Cruiser (C64 - 1987),4.00,1
Battle Fleet (DOS - 1991),2.67,3
"Battle for Midway (Amstrad CPC, C64 - 1985)",4.33,3
Battle On The Black Sea (DOS - 1992),5.00,4
Battle Ships (Atari 8-bit - 1989),0.00,0
"Battle Stations (DOS, C64 - 1990)",4.33,6
Battleship (DOS - 1991),0.00,0
"Battleship (Amiga, Amstrad CPC, C64 - 1987)",5.00,1
"Battleship (Game Gear, NES - 1993)",0.00,0
Battleship: The Classic Naval Combat Game (Game Boy - 1989),0.00,0
Battleships (C64 - 1982),0.00,0
"Beach-Head (Amstrad CPC, Apple II, Atari 8-bit, C64 - 1984)",5.00,4
"Big Game Fishing (DOS, Amiga, C64 - 1991)",4.35,20
Bimini Run (Genesis - 1990),0.00,0
"Bismarck (Amiga, Apple II, Atari 8-bit, Atari ST, C64 - 1988)",0.00,0
"Bravo Romeo Delta (DOS, Amiga - 1993)",4.00,7
"Broadsides (Apple II, Atari 8-bit, C64 - 1983)",5.00,1
"Carrier Command (DOS, Amiga, Mac, Amstrad CPC, Atari ST, C64 - 1989)",4.54,26
"Carrier Force (Apple II, C64 - 1983)",5.00,2
Carrier Strike Add-On (DOS - 1992),4.38,8
Carrier Strike: South Pacific 1942-44 (DOS - 1992),4.39,18
"Carriers at War (DOS, Mac - 1992)",4.16,19
Carriers at War 1941-1945: Fleet Carrier Operations in the Pacific (C64 - 1984),5.00,2
Carriers at War II (DOS - 1993),4.31,19
Clear for Action (Atari 8-bit - 1984),3.00,1
Cobra Triangle (NES - 1989),0.00,0
"Code-Name: Iceman (DOS, Amiga, Atari ST - 1989)",4.65,17
Computer Bismarck (Apple II - 1980),0.00,0
"Convoy Raider (Amstrad CPC, C64 - 1987)",0.00,0
"Das Boot: German U-Boat Simulation (DOS, Amiga - 1990)",3.94,17
Dawn Treader (C64 - 1984),4.00,1
Depth Charge (C64 - 1983),0.00,0
"Destroyer (DOS, Amiga, Apple II, Apple IIgs, C64 - 1987)",4.20,5
Destroyer Escort (C64 - 1989),5.00,4
"Destructo (Amstrad CPC, C64 - 1987)",0.00,0
Devil's Crown (Amstrad CPC - 1985),2.00,1
Discover the World II (Mac - 1995),5.00,6
Discovery: In the Steps of Columbus (DOS - 1992),4.80,5
Dive (C64 - 1983),0.00,0
"Dreadnoughts (DOS, Amiga, Atari ST - 1992)",5.00,4
"Dreadnoughts (Apple II, C64 - 1984)",5.00,2
Eliminator Boat Duel (NES - 1991),5.00,1
Fathom's 40 (PC-88 - 1984),3.00,2
Fighting Steel: World War II Surface Combat 1939-1942 (Windows - 1999),0.00,0
Final Legacy (Atari 8-bit - 1987),3.00,1
First Expedition (DOS - 1987),4.00,1
Flying Nightmares (Mac - 1994),5.00,1
Frigate (DOS - 1988),4.75,4
"Gato (DOS, Mac, Apple II, Atari 8-bit, Atari ST - 1984)",4.40,25
Global Conquest (DOS - 1992),4.50,20
Grand Fleet (DOS - 1988),3.88,8
Great Naval Battles Vol. II: Guadalcanal 1942-43 (DOS - 1994),4.50,10
"Great Naval Battles Vol. III: Fury in the Pacific, 1941-44 (DOS - 1995)",4.21,14
"Great Naval Battles Vol. IV: Burning Steel, 1939-1942 (DOS - 1995)",4.47,19
Great Naval Battles: North Atlantic 1939-43 (DOS - 1992),4.57,28
"Guadalcanal (Amstrad CPC, C64 - 1987)",5.00,3
"Gunboat (DOS, Amiga, Amstrad CPC - 1990)",4.39,23
"Gunboat (Amstrad CPC, C64 - 1987)",0.00,0
"Harbour Attack (Commodore 16, C64 - 1984)",0.00,0
"Harpoon (DOS, Amiga, Mac - 1989)",4.22,106
"Harpoon Classic (DOS, Mac - 1994)",4.65,23
"Harpoon II (DOS, Mac - 1994)",4.26,27
Harpoon II: Admiral's Edition (DOS - 1996),4.57,7
"Heat Wave: Offshore Superboat Racing (DOS, Amiga, Atari ST, C64 - 1990)",4.74,9
Hide & Sink (DOS - 1983),4.00,1
"HMS Cobra: Convois pour Mourmansk (Amstrad CPC, Atari ST - 1986)",0.00,0
"Hunter (Amiga, Atari ST - 1991)",4.33,3
Jane's Combat Simulations: F/A-18 Simulator (Windows - 2000),4.67,9
JetFighter II: Advanced Tactical Fighter (DOS - 1990),4.37,40
JetFighter: The Adventure (DOS - 1988),4.64,15
KA-50 Hokum (DOS - 1995),4.34,6
Kaisen Game: NavyBlue '90 (Game Boy - 1990),0.00,0
"Legions of Death (Amstrad CPC, C64 - 1986)",4.00,1
Lone Eagle: Colombian Encounter (DOS - 1994),3.25,4
Merlin Challenge (DOS - 1993),4.50,6
"Midway Campaign (DOS, Apple II, C64, VIC-20 - 1983)",4.42,12
Midway: The Battle that Doomed Japan (DOS - 1989),5.00,3
Moby Dick (C64 - 1983),0.00,0
"Navcom 6: The Persian Gulf Defense (DOS, C64 - 1988)",3.75,4
Navy Strike (DOS - 1996),4.40,20
"New Horizons (DOS, Genesis, SNES - 1995)",4.34,32
"North Atlantic '86 (Mac, Apple II - 1987)",5.00,2
"North Atlantic Convoy Raider (Apple II, C64 - 1980)",3.67,3
"Ocean Conqueror (Amstrad CPC, C64 - 1987)",4.00,1
"Ocean Ranger (DOS, C64 - 1989)",4.90,10
"Odell Down Under (Windows 3.x, Mac - 1994)",4.12,25
"Off Shore Warrior (DOS, Amstrad CPC - 1988)",4.50,4
Old Ironsides (Apple II - 1982),5.00,1
Operation Spruance: The Naval Warfare Simulation (Amiga - 1990),5.00,2
"Out Board (Amstrad CPC, Atari ST - 1990)",0.00,0
"OutRun Europa (Amiga, Amstrad CPC, Atari ST, C64, Game Gear - 1991)",4.75,4
"P.T.O.: Pacific Theater of Operations (Genesis, PC-88, SNES - 1992)",4.50,4
P.T.O.: Pacific Theater of Operations II (SNES - 1995),5.00,1
Pacific (Amstrad CPC - 1986),0.00,0
Pearl Harbour (Amstrad CPC - 1985),5.00,1
"Periscope Up (Amstrad CPC, Atari 8-bit, C64 - 1989)",0.00,0
"PHM Pegasus (DOS, Amstrad CPC, Apple II, C64 - 1988)",4.33,9
Pink Shock Pirates II (PC-98 - 1990),4.00,1
"Pirates of The Barbary Coast (DOS, Atari 8-bit, C64 - 1987)",4.40,5
"Pirates! Gold (DOS, Windows 3.x, Mac, Genesis - 1993)",4.47,128
Polaris (VIC-20 - 1983),0.00,0
"Ports of Call (DOS, Amiga - 1992)",4.43,72
Power at Sea (C64 - 1987),5.00,3
Power Mission (Game Boy - 1990),4.00,1
"Project Neptune (DOS, Amiga, Amstrad CPC, Atari ST, C64 - 1989)",4.07,14
"PT-109 (DOS, Mac - 1987)",4.59,12
Pursuit of the Graf Spee (Apple II - 1982),4.00,1
Radar Mission (Game Boy - 1990),0.00,0
"Ralph Bosson's High Seas (DOS, C64 - 1988)",3.00,2
"Red Storm Rising (DOS, Amiga, Atari ST, C64 - 1989)",4.67,46
"Reederei (Amiga, C64 - 1988)",1.00,1
Rescue from Atlantis (Amstrad CPC - 1989),0.00,0
Sea Invasion (VIC-20 - 1982),0.00,0
Sea Quest (DOS - 1992),1.00,1
Sea Rogue (DOS - 1992),4.77,13
Sea Wolf (C64 - 1982),0.00,0
"Seabase Delta (Amstrad CPC, C64 - 1986)",0.00,0
"Seafox (Atari 8-bit, C64, VIC-20 - 1982)",0.00,0
"SeaQuest DSV (Genesis, SNES - 1994)",0.00,0
SeaQuest DSV (Game Boy - 1994),0.00,0
Search and Destroy (DOS - 1987),4.00,4
Search for the Golden Dolphin (Mac - 1999),5.00,1
Ship of the Line (C64 - 1984),0.00,0
"Sid Meier's Pirates! (DOS, Amiga, Amstrad CPC, Apple II, Apple IIgs, C64, NES, PC-88 - 1994)",4.56,43
Silent Hunter (DOS - 1996),4.23,93
"Silent Service (DOS, Amiga, Amstrad CPC, Apple II, Apple IIgs, Atari 8-bit, Atari ST, C64, NES - 1985)",4.67,36
"Silent Service II (DOS, Amiga, Atari ST - 1990)",4.37,62
"Speedboat Assassins (Amiga, Atari ST - 1989)",3.50,2
Sqoon (NES - 1986),0.00,0
SSN-21 Seawolf (DOS - 1994),4.56,16
"Strike Fleet (DOS, Amiga, Apple II, Atari ST, C64 - 1988)",4.69,19
"Sub Battle Simulator (DOS, Amiga, Mac, Apple IIgs, Atari ST, C64 - 1987)",4.35,17
"Sub Mission (DOS, Apple II - 1987)",3.00,2
Submarine (DOS - 1989),3.67,3
"Submarine Commander (Atari 8-bit, VIC-20 - 1982)",0.00,0
Submarine Fury (DOS - 1999),0.00,0
Submarine Titans (Windows - 2000),4.00,1
Subsunk (C64 - 1985),5.00,1
Subwar 2050 (DOS - 1993),4.21,14
"Super Battleship: The Classic Naval Combat Game (Genesis, SNES - 1993)",4.00,2
Super Conflict (SNES - 1993),5.00,1
Super-VGA Harrier (DOS - 1993),4.67,15
Swords and Galleons (Amiga - 1991),3.00,2
"Tai-Pan (Amstrad CPC, C64 - 1987)",4.50,2
Taipan (DOS - 1982),4.43,7
Task Force 1942 (DOS - 1992),4.63,36
"The American Challenge: A Sailing Simulation (DOS, Apple II, C64 - 1986)",3.75,4
"The Ancient Art of War at Sea (DOS, Mac, Apple II - 1987)",4.55,22
The Grandest Fleet (DOS - 1994),4.42,12
"The Hunt for Red October (DOS, Amiga, Mac, Amstrad CPC, Apple IIgs, Atari ST, C64 - 1988)",4.71,14
"The Hunt for Red October (DOS, Amiga, Amstrad CPC, Atari ST, C64 - 1990)",4.00,4
"The Hunt for Red October (Game Boy, NES, SNES - 1991)",0.00,0
The Lost Admiral (DOS - 1991),4.78,9
"The Spy Who Loved Me (Amiga, Amstrad CPC, Atari ST, C64 - 1990)",3.67,3
Tides of War (Windows - 1999),0.00,0
"Titanic (DOS, Amstrad CPC - 1991)",3.50,2
"Torpedo Alley (DOS, C64 - 1985)",0.00,0
Torpedo Alley (Commodore 16 - 1986),0.00,0
Torpedo Fire (Apple II - 1981),4.00,1
"Treasure Island (DOS, Apple II, C64 - 1985)",4.82,11
"Tsushima (Apple II, C64 - 1986)",4.00,1
"Turbo Boat Simulator (Amstrad CPC, C64, ZX Spectrum - 1988)",0.00,0
"Typhoon Thompson in Search for the Sea Child (Amiga, Atari ST - 1990)",4.00,3
"Uncharted Waters (DOS, Mac, Genesis, NES, PC-88, SNES - 1991)",4.35,20
Up Periscope (Dragon 32/64 - 1983),0.00,0
"Up Periscope! (DOS, C64 - 1988)",4.06,16
USS Stinger (DOS - 1989),5.00,3
Vic-torian Follies: Adv. 1 - Seaquest (VIC-20 - 1983),0.00,0
War in the South Pacific (C64 - 1986),5.00,3
"Warship (DOS, Apple II, Atari ST, C64 - 1988)",5.00,4
Waterski 3D (C64 - 1984),0.00,0
Waterworld (SNES - 1995),0.00,0
"Wavy Navy (Atari 8-bit, C64 - 1983)",0.00,0
Wolf Pack (Commodore 16 - 1985),0.00,0
"Wolfpack (DOS, Amiga, Mac, Atari ST - 1990)",4.80,20
World War II: Battles of the South Pacific (DOS - 1993),4.89,9
Worse Things Happen at Sea (ZX Spectrum - 1984),0.00,0
"Wulfpack (C64, ZX Spectrum - 1988)",0.00,0
