Title,Average Rating,Number of Ratings
Armorik the Viking: The Eight Conquests (DOS - 1988),4.50,2
Dusk of the Gods (DOS - 1991),4.57,7
God of Thunder (DOS - 1993),4.89,9
Hammer of the Gods (DOS - 1994),4.50,20
"Heimdall 2: Into the Hall of Worlds (DOS, Amiga - 1994)",4.43,14
ICON: Quest for The Ring (DOS - 1984),4.11,9
King's Table: The Legend of Ragnarok (DOS - 1993),4.30,10
"Prophecy: Viking Child (DOS, Amiga, Atari ST, Game Boy - 1991)",4.80,5
Ragnarok (DOS - 1993),4.45,18
Ring: The Legend of the Nibelungen (Mac - 1998),5.00,1
Rune (Mac - 2000),4.44,9
"The Lost Vikings (DOS, Amiga, Genesis, SNES - 1993)",4.71,63
"Vikings: Fields of Conquest - Kingdoms of England II (DOS, Amiga - 1993)",4.44,18
