Title,Average Rating,Number of Ratings
"""Get Dexter!"" (Amstrad CPC, Atari ST - 1986)",4.03,31
"007: James Bond - The Stealth Affair (DOS, Atari ST - 1990)",4.30,27
15 Move Hole Puzzle (DOS - 1994),3.66,38
15 Piętnastka (C64 - 1994),3.50,4
1k-mini-bdash (Commodore 16 - 2008),0.00,0
"20,000 Leagues Under the Sea (DOS, Amiga, Amstrad CPC, Atari ST - 1988)",3.20,15
"221 B Baker St. (DOS, Apple II, Atari 8-bit, Atari ST, C64 - 1987)",4.00,13
2x2 (DOS - 1995),3.67,3
3 In Three (Mac - 1989),3.80,5
3 Skulls of the Toltecs (DOS - 1996),4.25,35
3D Land (DOS - 1992),4.00,1
3D Maze (VIC-20 - 1984),4.50,2
3d24 (Atari 8-bit - 1993),0.00,0
3DCube (DOS - 1994),3.60,5
3x Logic Games (DOS - 1993),0.00,0
3x3 Eyes: Jūma Hōkan (SNES - 1995),0.00,0
4 Play (Windows 3.x - 1993),3.00,2
4D Prince of Persia (DOS - 1994),4.37,218
5 Days a Stranger (Windows - 2003),4.00,5
5-Letter-Kruiswoord (DOS - 1990),2.50,2
7 Dní a 7 nocí (DOS - 1994),3.57,7
8088 Othello (DOS - 1985),3.50,4
9: The Last Resort (Mac - 1996),4.00,9
A Clue's Solution (DOS - 1993),0.00,0
A Journey into Xanth (DOS - 1993),3.25,4
A Midsummer Daytime's Dream Plus (PC-98 - 1990),4.80,5
"A Prehistoric Tale (Amiga, Atari ST - 1990)",3.00,1
A.D. 2044: Seksmisja (Atari 8-bit - 1991),5.00,1
ABC (Atari 8-bit - 1995),5.00,1
Abenteuer Atlantis (DOS - 1992),2.71,7
Abenteuer Europa (DOS - 1994),4.00,1
"Abyss (Amiga, C64 - 1991)",3.00,1
Abyss (PC-88 - 1984),5.00,2
Abyss II: Tears of Emperor (PC-88 - 1985),0.00,0
Acheton (DOS - 1987),3.00,2
Acia (C64 - 1989),0.00,0
Acrostix (DOS - 1993),0.00,0
Adax (Atari 8-bit - 1992),0.00,0
Advanced Xoru (DOS - 1989),3.50,10
"Adventure 1 (Amstrad CPC, C64, MSX - 1984)",5.00,1
"Adventure Master (Atari 8-bit, C64 - 1984)",5.00,1
"Adventure Quest (Amstrad CPC, Atari 8-bit, C64 - 1984)",5.00,1
African Adventure (DOS - 1997),0.00,0
African Safari (C64 - 1984),5.00,1
After Dark Games (Mac - 1998),4.33,98
"Agent USA (DOS, Apple II, Atari 8-bit, C64 - 1985)",4.57,14
"Airball (DOS, Amiga, Apple IIgs, Atari 8-bit, Atari ST, Dragon 32/64 - 1987)",3.92,13
"Alcazar: The Forgotten Fortress (Apple II, ColecoVision, C64, MSX - 1985)",0.00,0
Alfreds Kistenlager Schiebereien (Atari ST - 1990),0.00,0
Alice In Wonderland (DOS - 1989),3.80,5
"Alice in Wonderland (Apple II, C64 - 1985)",5.00,3
Alice: An Interactive Museum (Mac - 1994),5.00,2
Alien (DOS - 1982),4.00,4
"Alien 8 (Amstrad CPC, MSX - 1985)",0.00,0
Alien Incident (DOS - 1996),4.92,13
Alien Odyssey (DOS - 1995),4.33,6
Alien Rampage (DOS - 1996),4.72,25
Alien Virus (DOS - 1995),4.22,9
"Aliens: The Computer Game (Amstrad CPC, Apple II, C64 - 1987)",5.00,2
"Alien³ (Amiga, C64, Game Gear, Genesis - 1992)",4.50,2
Alien³ (Game Boy - 1993),5.00,1
Alien³ (SNES - 1993),3.00,1
All Dogs Go To Heaven (DOS - 1989),3.30,10
All Nighthawk Programs (DOS - 1991),5.00,1
"Alone in the Dark (DOS, PC-98 - 1993)",4.51,158
"Alone in the Dark 2 (DOS, Mac, PC-98 - 1994)",4.43,51
"Alone in the Dark 3 (DOS, Mac - 1995)",4.55,53
Alone in the Dark: The New Nightmare (Game Boy Color - 2001),0.00,0
Alpha Man (DOS - 1992),3.00,2
Altered Space: A 3-D Alien Adventure (Game Boy - 1991),5.00,2
Amazing (DOS - 1993),0.00,0
Amazing Maze (DOS - 1983),3.00,2
"Amazon (DOS, Mac, Apple II, C64 - 1984)",5.00,5
AMBER: Journeys Beyond (Mac - 1996),3.67,6
Amelie Minuit (Amstrad CPC - 1985),0.00,0
American McGee's Alice (Windows - 2000),4.69,108
Amerzone: The Explorer's Legacy (Mac - 2010),4.33,3
Ami Puzzle (Amiga - 1994),4.00,1
Amida (Game Boy - 1990),0.00,0
Amiga Solitaire (Amiga - 1991),3.00,1
"Anarchy (Amstrad CPC, C64 - 1987)",0.00,0
Ancient Domains of Mystery (DOS - 1996),4.87,8
Animal (DOS - 1996),5.00,1
Animal Math (DOS - 1986),3.50,6
"Animaniacs (Game Boy, Genesis - 1995)",5.00,1
Animaniacs (SNES - 1993),5.00,1
"Ankh (Apple II, Atari 8-bit, C64 - 1984)",3.00,1
"Anna's Gram (DOS, C64 - 1987)",2.00,1
Another World (C64 - 1991),3.33,3
Ant Run (DOS - 1996),4.75,4
"Antago (Amiga, Atari ST - 1990)",0.00,0
AntiC (DOS - 1991),0.00,0
AntiXonix (DOS - 1985),5.00,1
Anyworld (DOS - 1992),5.00,1
"Aquanaut (Amiga, Atari ST - 1989)",5.00,1
"Archipelagos (DOS, Amiga, Atari ST - 1989)",5.00,5
"Arctic (NES, PC-88 - 1990)",4.00,1
Arcy 2 (DOS - 1994),4.50,4
Are We There Yet? (DOS - 1991),4.50,6
Arena (Amiga - 1992),0.00,0
Arkista's Ring (NES - 1990),0.00,0
Armaëth: The Lost Kingdom (DOS - 1993),3.80,5
Arnie Goes 4 Gold (DOS - 1994),4.00,3
Arnold the Adventurer (C64 - 1992),0.00,0
Asteka (PC-88 - 1985),0.00,0
Astérix et la Potion Magique (Amstrad CPC - 1986),5.00,1
Astérix und Obélix: Die Odyssee (C64 - 1986),0.00,0
Asylum II (C64 - 1985),3.50,2
"At the Carnival (DOS, Mac - 1990)",4.20,5
Atlantis: Evolution (Windows - 2004),4.50,2
Atomic Punk (Game Boy - 1990),0.00,0
Attack of the Killer Tomatoes (Amstrad CPC - 1986),0.00,0
"Auf Wiedersehen Monty (Amstrad CPC, Commodore 16, C64 - 1987)",5.00,1
Auto-Upturn (NES - 1991),1.00,1
Avish! (DOS - 1993),5.00,1
Ayumi (PC-88 - 1990),3.00,2
Babel no Tō (NES - 1986),0.00,0
"Back to the Future Part II (DOS, Amiga, Amstrad CPC, Atari ST, C64 - 1990)",4.50,16
Back to the Future Part II & III (NES - 1990),0.00,0
Backstage (DOS - 1993),0.00,0
Backstreet Boys: Puzzles in Motion (Mac - 1999),3.33,3
Bactron (Amstrad CPC - 1986),5.00,1
Bad Milk (Mac - 2000),3.71,7
Bad Mojo: Redux (Mac - 2004),5.00,2
Ballgame 2 (DOS - 1992),4.67,3
Balloon Challenge (DOS - 1993),3.67,3
"Ballyhoo (DOS, Amiga, Mac, Amstrad CPC, Apple II, Atari 8-bit, Atari ST, C64 - 1986)",4.50,2
Banana (NES - 1986),1.00,1
Barahir (Atari 8-bit - 1993),5.00,1
"Bargon Attack (DOS, Amiga, Atari ST - 1992)",3.00,10
"Baron Baldric: A Grave Adventure (DOS, Amiga - 1993)",5.00,4
Barracuda: Secret Mission 1 (DOS - 1992),3.00,2
"Basil the Great Mouse Detective (Amstrad CPC, Atari 8-bit, C64 - 1987)",5.00,1
"Batman (DOS, Amiga, Amstrad CPC, Atari ST, C64 - 1990)",4.16,25
Batman (Amstrad CPC - 1986),5.00,2
"Batman: The Caped Crusader (DOS, Amiga, Amstrad CPC, Apple II, Atari ST, C64 - 1989)",4.54,13
"Beastlord (Amiga, Atari ST - 1993)",0.00,0
Beatle Quest (C64 - 1985),3.00,1
Beetlejuice (Game Boy - 1992),0.00,0
"Below The Root (DOS, Apple II, C64 - 1984)",4.23,44
"Beneath a Steel Sky (DOS, Amiga - 1994)",4.73,41
Beneath Folly (C64 - 1987),0.00,0
Benefactor (Amiga - 1994),5.00,1
Berlin Connection (Mac - 1998),5.00,1
"Bermuda Project (Amiga, Atari ST - 1987)",0.00,0
Bermuda Syndrome (Windows - 1996),4.89,9
"Beyond Dark Castle (Mac, C64 - 1987)",4.75,12
Beyond Oasis (Genesis - 1994),0.00,0
Beyond the Tesseract (DOS - 1988),5.00,1
"Beyond the Wall of Stars (Windows 3.x, Mac - 1992)",4.00,3
Bez Kompromisu (Amiga - 1996),0.00,0
Big Blue Disk #40 (DOS - 1990),3.00,2
Big Sky Trooper (SNES - 1995),0.00,0
"Bill & Ted's Excellent Adventure (DOS, Amiga, C64 - 1990)",3.67,15
Billy la Banlieue (Amstrad CPC - 1986),5.00,3
Binary Land (NES - 1985),4.00,1
Bishōjo Senshi Sailor Moon S: Kurukkurin (SNES - 1995),0.00,0
Black Box (DOS - 1982),3.00,3
"Black Sect (DOS, Amiga, Atari ST - 1993)",4.16,12
Blackwyche (C64 - 1985),3.00,1
"Blade Warrior (DOS, Amiga - 1991)",4.46,13
Blob (Amiga - 1993),5.00,1
Block Man 2 (DOS - 1995),0.00,0
Block-Man 1 (DOS - 1994),4.50,4
Block-O-Mania (DOS - 1989),3.33,3
Blockhead (Amiga - 1997),0.00,0
Blodia (Game Boy - 1990),0.00,0
"BloodNet (DOS, Amiga - 1993)",4.40,26
Blow Up! (DOS - 1987),3.00,1
Blue Balls (DOS - 1991),5.00,1
Blue Code (DOS - 1991),0.00,0
Blue Force (DOS - 1993),4.61,23
"Blue Ice (DOS, Mac - 1995)",3.36,14
"Bob Morane: Jungle 1 (DOS, Amstrad CPC, Atari ST - 1987)",3.00,2
Bob's Bad Day (Amiga - 1993),0.00,0
"Bobby Bearing (Amstrad CPC, C64 - 1986)",0.00,0
Boggle (DOS - 1990),3.67,3
Bograts: The Puzzling Misadventure (Amiga - 1996),5.00,1
Bolo Adventures I (DOS - 1992),4.00,2
Bolo Adventures II (DOS - 1991),1.50,2
Bolo Adventures III (DOS - 1996),3.50,4
Bolo Ball (DOS - 1992),4.66,15
Bomb Disposal (Atari ST - 1992),4.00,1
Bomb Scare (Amstrad CPC - 1986),0.00,0
Bomb Squad (DOS - 1992),3.33,3
"Bomb'X (DOS, Amiga - 1993)",3.77,13
Bomber Quest (PC-98 - 1994),5.00,1
Bomberman GB (Game Boy - 1995),0.00,0
Bomberman Max: Blue Champion (Game Boy Color - 2000),0.00,0
Bomberman Max: Red Challenger (Game Boy Color - 2000),0.00,0
Bomberman Quest (Game Boy Color - 1998),0.00,0
"Bombuzal (DOS, Amiga, Atari ST, C64, SNES - 1989)",4.00,6
"Bone Cruncher (Amiga, C64 - 1987)",0.00,0
Bones: The Game of the Haunted Mansion (DOS - 1991),3.67,3
"Booly (DOS, Amiga, Amstrad CPC, Atari ST - 1991)",5.00,3
Boomer's Adventure in ASMIK World (Game Boy - 1989),4.00,1
"Boppin' (DOS, Amiga - 1994)",4.40,5
Borobodur: The Planet of Doom (Amiga - 1992),0.00,0
"Boston Bomb Club (DOS, Amiga, Atari ST - 1991)",5.00,4
"Boulder Dash (DOS, Amstrad CPC, Apple II, Atari 8-bit, Atari ST, ColecoVision, C64, Game Boy, NES - 1984)",5.00,6
"Boulder Dash II: Rockford's Revenge (DOS, Atari 8-bit, C64 - 1985)",4.50,2
Boulderoid (DOS - 1994),2.00,1
"Bounty Bob Strikes Back! (Amstrad CPC, Atari 8-bit, C64 - 1985)",0.00,0
Boxer Rebellion (DOS - 1982),3.50,2
Boxworld (Windows 3.x - 1991),5.00,5
BoxWorld (C64 - 2004),0.00,0
"Brain Artifice (DOS, Amiga - 1991)",0.00,0
Brain Blasters (Amiga - 1990),0.00,0
Brain Lord (SNES - 1994),5.00,1
BrainBreaker (DOS - 1991),0.00,0
Bram Stoker's Dracula (DOS - 1993),4.65,23
"Brat (Amiga, Atari ST - 1991)",5.00,1
"Brataccas (Amiga, Atari ST - 1986)",4.00,1
"Breakers (DOS, Atari ST, C64 - 1986)",3.67,3
Bride of Frankenstein (Amstrad CPC - 1987),0.00,0
Bridge Hopper (DOS - 1990),4.00,2
Bridge-It (Amstrad CPC - 1984),5.00,1
"Brimstone (DOS, Mac, Atari 8-bit, C64 - 1985)",1.00,1
Brix (DOS - 1991),5.00,1
BS Zelda no Densetsu (SNES - 1995),0.00,0
"Bubba 'N' Stix (Amiga, Genesis - 1994)",5.00,2
"Bubble and Squeak (Amiga, Genesis - 1994)",0.00,0
Bubble Blobb (DOS - 1993),3.00,2
Bubble Blobb II (DOS - 1994),3.00,2
"Bubble Ghost (DOS, Amiga, Amstrad CPC, Apple IIgs, Atari ST, C64, Game Boy - 1988)",4.14,7
"Bubble+ (Amiga, Atari ST - 1990)",0.00,0
Bubbler (Amstrad CPC - 1987),0.00,0
Buddyros (DOS - 1995),0.00,0
Bugs Bunny: Crazy Castle 3 (Game Boy Color - 1999),3.00,2
Build-It: Das Bauhaus (C64 - 1991),0.00,0
"Builderland: The Story of Melba (Amiga, Amstrad CPC, Atari ST - 1991)",5.00,1
Bumble Games (DOS - 1983),5.00,2
"Bumpy's Arcade Fantasy (DOS, Amiga, Amstrad CPC, Atari ST - 1992)",4.44,67
"Bunny Bricks (DOS, Amiga, Amstrad CPC, Atari ST - 1993)",0.00,0
Bureau 13 (DOS - 1995),4.60,10
Burger Time Deluxe (Game Boy - 1991),0.00,0
Burn:Cycle (Mac - 1995),3.50,4
Bust-A-Move 3 DX (Game Boy - 1998),0.00,0
Buster Block (Amstrad CPC - 1986),0.00,0
Button Madness (Windows 3.x - 1993),0.00,0
"Cadaver (DOS, Amiga, Atari ST - 1991)",4.70,13
Caillou: Magic Playhouse (Mac - 2001),5.00,2
Call of Cthulhu: Shadow of the Comet (DOS - 1994),4.73,25
Callahan's Crosstime Saloon (DOS - 1997),4.63,16
"Cannon Fodder 2 (DOS, Amiga - 1994)",4.43,37
Captain Planet and the Planeteers (Atari ST - 1992),0.00,0
Captron (C64 - 1989),0.00,0
Card & Puzzle Collection: Ginga (Game Boy - 1990),0.00,0
Cargo Bay Deluxe (DOS - 1995),5.00,3
Carmen Sandiego Word Detective (Mac - 1997),3.73,15
Castle Adventure (DOS - 1984),3.90,10
Castle Infinity (Windows - 1996),4.00,1
"Castle Master (DOS, Amiga, Amstrad CPC, Atari ST, C64 - 1990)",4.82,17
"Castle of Dr. Brain (DOS, Amiga, Mac - 1991)",4.75,28
Castle of Terror (C64 - 1985),0.00,0
Castle Ralf (DOS - 1987),5.00,3
"Castlequest (NES, PC-88 - 1986)",5.00,1
Castor (C64 - 1995),0.00,0
"Catch 'em (DOS, Amiga - 1992)",4.00,3
Caterpillar Construction Zone (Game Boy Color - 1999),0.00,0
Cave Dig 3 (Mac - 2001),4.00,1
Caverns of Kroz (DOS - 1989),5.00,1
Caverns of Kroz II (DOS - 1990),5.00,2
Cedric and the Lost Sceptre (Amiga - 1995),0.00,0
"Centerfold Squares (DOS, Amiga, Atari ST - 1988)",4.33,21
Ceremony of Innocence (Mac - 1997),4.75,4
"Chack'n Pop (NES, PC-88 - 1985)",5.00,1
Chagunitzu (DOS - 1990),4.29,7
"Chamber of the Sci-Mutant Priestess (DOS, Amiga, Atari ST - 1989)",4.63,8
"Championship Lode Runner (Apple II, Atari 8-bit, C64, NES, PC-88 - 1984)",5.00,1
Charly (Amiga - 1989),0.00,0
"Chimera (Amstrad CPC, Atari 8-bit, C64 - 1985)",0.00,0
"Chip's Challenge (DOS, Amiga, Amstrad CPC, Atari ST, C64 - 1991)",4.27,116
Chivalry (Apple II - 1983),4.00,1
Choro Q Holiday Puzzle (PC-88 - 1984),0.00,0
"Chrono Quest (Amiga, Atari ST - 1988)",5.00,1
"Chrono Quest II (DOS, Amiga, Atari ST - 1989)",4.17,6
"Chuckie Egg II (Amiga, Amstrad CPC, C64 - 1989)",3.00,1
Citadel (C64 - 1989),3.00,1
"Classic Concentration (DOS, C64, NES - 1988)",4.51,27
"Classic Concentration: 2nd Edition (DOS, C64 - 1989)",4.36,14
Claymates (SNES - 1993),0.00,0
"Clever & Smart (Amiga, Amstrad CPC, C64 - 1988)",5.00,1
Clock Tower (SNES - 1995),0.00,0
"ClockWerx (Windows, Mac - 1995)",2.83,6
"Clockwiser: Time is Running Out... (DOS, Amiga - 1994)",3.50,2
Clogged Up (Atari ST - 2004),0.00,0
"Cloud Kingdoms (DOS, Amiga, C64 - 1990)",4.71,7
Clu Clu Land (NES - 1984),5.00,1
"Cluedo (Amstrad CPC, C64 - 1986)",5.00,1
Cobra Commando (DOS - 1989),5.00,2
Code: Europe (DOS - 1993),4.00,5
"Cogito (Windows 3.x, Mac - 1992)",3.80,5
"Collapse (Amstrad CPC, Atari 8-bit, C64 - 1985)",0.00,0
Color Buster (DOS - 1992),4.28,18
Color Lines (DOS - 1992),4.67,69
"Colossal Adventure (Atari 8-bit, C64 - 1983)",0.00,0
Columbus Discovery (DOS - 1992),4.29,7
Companions of Xanth (DOS - 1993),4.62,21
Complete Kroz Series (DOS - 1987),4.00,10
Computer Maniacs 1989 Diary (C64 - 1988),0.00,0
"Computer Scrabble (Amstrad CPC, C64 - 1985)",0.00,0
"Computer Scrabble De Luxe (Amiga, Amstrad CPC, Atari ST, C64 - 1988)",0.00,0
Computer Underground (DOS - 1993),4.60,5
Computer War (Atari 8-bit - 1983),4.00,1
Computer-Wordsearch (C64 - 1986),5.00,1
"Confuzion (Amstrad CPC, C64 - 1985)",0.00,0
"Conquests of Camelot: The Search for the Grail (DOS, Amiga, Atari ST - 1990)",4.49,39
"Conquests of the Longbow: The Legend of Robin Hood (DOS, Amiga - 1991)",4.73,73
"Continuum (DOS, Amiga, Atari ST - 1990)",5.00,5
"Contraption Zack (DOS, Amiga - 1992)",3.43,7
"Corporation (DOS, Amiga, Atari ST, Genesis - 1991)",3.33,3
"Corruption (DOS, Amiga, Mac, Amstrad CPC, C64 - 1988)",4.70,10
"Cosmic Hero (Atari 8-bit, C64 - 2004)",0.00,0
"Cosmic Spacehead (DOS, Amiga, Game Gear, Genesis, NES - 1993)",4.67,4
"Count Duckula in No Sax Please - We're Egyptian (Amiga, Amstrad CPC, C64 - 1990)",5.00,2
Countdown (DOS - 1990),4.47,15
"Countdown (Amstrad CPC, C64 - 1986)",4.00,1
Countdown to Shutdown (C64 - 1986),5.00,2
Cranky (Dragon 32/64 - 1984),4.00,1
Crates (DOS - 1991),5.00,1
"Crazy Golf (Amstrad CPC, Commodore 16 - 1984)",0.00,0
Crazy Seasons (Amiga - 1992),0.00,0
Creatures 2: Torture Trouble (C64 - 1992),4.00,1
Creepers (DOS - 1993),3.67,3
"Crime City (DOS, Amiga, Atari ST - 1993)",4.06,17
"Crime Time (DOS, Amiga, C64 - 1991)",3.60,5
Critical Path (Mac - 1993),0.00,0
Cross of insanity (DOS - 1990),1.00,1
Crossword Puzzle (C64 - 1982),0.00,0
Croustibat (DOS - 1995),3.25,4
Cruel World (DOS - 1993),1.00,2
"Cruise for a Corpse (DOS, Amiga, Atari ST - 1991)",4.08,37
Crusher (DOS - 1991),3.50,10
"Crypto Cube (Atari 8-bit, C64 - 1983)",0.00,0
Crystal Dragon (Amiga - 1994),5.00,1
"Crystal Kingdom Dizzy (Amiga, Amstrad CPC, C64 - 1993)",5.00,3
Crystal Mines (NES - 1989),0.00,0
"Curse of Enchantia (DOS, Amiga - 1992)",3.83,23
Curses (DOS - 1993),4.67,3
Cyber Force: Zniewolony Umysł (Amiga - 1995),5.00,2
Cyber Snake (Atari ST - 1992),0.00,0
Cyberbox 2 (DOS - 1992),3.00,2
"Cybercon III (DOS, Amiga, Atari ST - 1991)",4.50,4
Cyberia (DOS - 1994),4.10,10
Cyberwar (Mac - 1994),5.00,1
Cyborg (C64 - 1987),0.00,0
Cyborg (Atari 8-bit - 1994),0.00,0
"Cylu (Amstrad CPC, C64 - 1985)",0.00,0
Cyraid (Game Boy - 1991),0.00,0
D/Generation (DOS - 1991),4.15,27
Daedalian Opus (Game Boy - 1990),0.00,0
Dagobar (Atari 8-bit - 1993),0.00,0
Dai Meiro: Meikyū no Tatsujin (NES - 1990),0.00,0
"Dal'X (Amiga, Atari ST - 1994)",4.00,1
Damocles: Mercenary II (Amiga - 1990),5.00,3
Dan Dare: Pilot of the Future (C64 - 1986),4.50,2
"Dangerous Dave in the Deserted Pirate's Hideout! (DOS, Apple II - 1990)",4.51,79
Dante's Inferno (C64 - 1986),5.00,2
Darby the Dragon (Mac - 1996),4.75,8
Daria's Inferno (Mac - 2000),4.50,8
Dark Disciples (Windows - 2004),5.00,8
Dark Disciples 2 (Windows - 2009),4.60,15
Dark Mist: The Wizard Vanishes (Mac - 2001),4.00,1
"Dark Side (DOS, Amiga, Amstrad CPC, Atari ST, C64 - 1988)",5.00,5
Dark Woods 2 (DOS - 2002),0.00,0
Darwin's Dilemma (Mac - 1990),5.00,2
"Das Erbe (DOS, Amiga - 1991)",4.60,5
"Das Stundenglas (DOS, Amiga - 1990)",4.50,2
Das Telekommando kehrt zurück (Amiga - 1993),5.00,1
Daughter of Serpents (DOS - 1992),3.91,11
David Crane's The Rescue of Princess Blobette Starring A Boy and his Blob (Game Boy - 1990),5.00,1
De verdwenen kleuren van Van Gogh (Windows - 2001),0.00,0
"Deadenders (Amstrad CPC, C64 - 1988)",0.00,0
Death Gate (DOS - 1994),4.67,15
Dedale (DOS - 1986),1.00,1
Defensor (Atari 8-bit - 1995),0.00,0
"Déjà Vu II: Lost in Las Vegas (DOS, Amiga, Mac, Apple IIgs, Atari ST, PC-98 - 1990)",4.25,20
"Deja Vu: A Nightmare Comes True!! (DOS, Amiga, Mac, Apple IIgs, Atari ST, C64, NES, PC-98 - 1987)",4.95,37
"Deliverance: Stormlord II (Amiga, Mac, Amstrad CPC, Atari ST, C64 - 1992)",4.80,5
"Dell Crossword Puzzles Volume III (DOS, C64 - 1987)",4.00,1
Demolition Division (C64 - 1984),0.00,0
"Denis Through the Drinking Glass (Atari 8-bit, C64 - 1984)",0.00,0
Detonator (Atari ST - 1990),0.00,0
Deviants (C64 - 1987),0.00,0
Devil's Crown (Amstrad CPC - 1985),2.00,1
"Devious Designs (Amiga, Atari ST - 1991)",1.00,1
"Devon Aire in the Hidden Diamond Caper (Amiga, Atari ST, C64 - 1989)",0.00,0
Dexterity (Game Boy - 1990),0.00,0
Diamaze (DOS - 1990),3.00,2
Dick Tracy (NES - 1990),0.00,0
"Die Kathedrale (DOS, Amiga - 1991)",4.75,4
Die Maus (Game Boy - 1998),0.00,0
Digger (DOS - 1992),3.67,3
Digger T. Rock: Legend of the Lost City (NES - 1990),0.00,0
"Diggers (DOS, Amiga, Amiga CD32 - 1994)",4.56,25
Diggers 2: Extractors (DOS - 1995),4.63,8
Digi Duck (Atari 8-bit - 1992),0.00,0
"Dimo's Quest (DOS, Amiga - 1993)",5.00,5
Discworld (DOS - 1995),4.33,45
Discworld II: Mortality Bytes! (DOS - 1996),4.68,12
Discworld Noir (Windows - 1999),4.64,36
Disney's Animated Storybook: The Hunchback of Notre Dame (Windows - 1996),5.00,1
Disney's Atlantis: The Lost Empire - The Lost Games (Mac - 2001),5.00,1
Disney's Beauty and the Beast: Belle's Quest (Genesis - 1993),5.00,1
Disney's The Emperor's New Groove: Groove Center (Mac - 2002),4.43,7
"Disney's Villains' Revenge (Windows, Mac - 1999)",4.47,15
Dizzy Lizzy (Atari ST - 1990),0.00,0
Dizzy Lizzy 2: A Winters Tale (Atari ST - 1991),1.00,1
"Dizzy Panic (Amstrad CPC, Atari ST, C64 - 1991)",0.00,0
"Dizzy's Excellent Adventures (Amiga, Game Gear - 1992)",4.00,1
"Dizzy: The Ultimate Cartoon Adventure (DOS, Amstrad CPC - 1988)",4.40,10
"Do! Run Run (Amiga, Atari ST - 1990)",4.00,1
"Doctor Who and the Mines of Terror (Amstrad CPC, C64 - 1986)",3.00,1
Doctor Who: Destiny of the Doctors (Windows - 1997),4.00,1
Doki Doki Penguin Land (Game Boy - 1990),0.00,0
Don Doko Don (NES - 1990),0.00,0
Donkey Kong Jr. Math (NES - 1983),0.00,0
Donkey Kong Land (Game Boy - 1995),4.00,1
Dossun! Ganseki Battle (SNES - 1994),0.00,0
Dotso (DOS - 1995),3.00,3
Double Cross (DOS - 1991),0.00,0
Double Gold: The Black Fountain and Sharpe's Deeds (Amstrad CPC - 1987),5.00,1
Douglas Rockmoor (Atari ST - 1990),0.00,0
Down in the Dumps (DOS - 1996),0.00,0
Downland (Dragon 32/64 - 1984),5.00,1
"Dr. Dumont's Wild P.A.R.T.I. (DOS, Mac - 1988)",5.00,2
Dr. Franken (Game Boy - 1992),0.00,0
Dr. Pimple's Dog (C64 - 1983),0.00,0
Dr. Seuss's Fix-Up the Mix-Up Puzzler (Atari 8-bit - 1984),5.00,1
"Dracula (Amstrad CPC, C64 - 1986)",4.67,3
Dracula: Crazy Vampire (Game Boy Color - 2001),0.00,0
Dragon History (DOS - 1995),4.73,12
Dragon's Eye Plus Shanghai III (Genesis - 1991),0.00,0
Dragon's Lair 3D: Return to the Lair (Windows - 2002),5.00,6
Dragonskulle (C64 - 1986),0.00,0
Dragonsphere (DOS - 1994),4.06,13
Dragontorc (Amstrad CPC - 1985),5.00,1
"Dragonworld (DOS, Apple II, C64 - 1984)",4.00,8
Dream Prisoner (DOS - 1995),3.33,3
"Dream Zone (DOS, Amiga, Apple IIgs - 1988)",4.33,3
"Dreamweb (DOS, Amiga - 1994)",4.45,31
Droids (C64 - 1986),0.00,0
Drop It! (Atari 8-bit - 1993),4.00,1
Dudes with Attitude (NES - 1990),0.00,0
Dun Darach (Amstrad CPC - 1985),0.00,0
"Dungeon Adventure (Amstrad CPC, C64 - 1984)",5.00,1
Dungeon Hack (DOS - 1993),4.28,51
"Dungeon Master (DOS, Amiga, Apple IIgs, Atari ST, PC-98, SNES - 1992)",4.68,50
"Dungeon Master II: Skullkeep (DOS, Amiga, Mac - 1995)",4.62,47
Dungeon Quest (Amiga - 1989),0.00,0
Dungeons of Kroz (DOS - 1989),5.00,1
"Dust: A Tale of the Wired West (Windows 3.x, Mac - 1995)",4.10,10
Dustin (Amstrad CPC - 1986),0.00,0
"Dylan Dog: Murderers (DOS, C64 - 1992)",3.54,13
"Dylan Dog: Through the Looking Glass (DOS, Amiga - 1993)",4.80,5
E.T. Phone Home! (Atari 8-bit - 1983),0.00,0
Eagle Eye Mysteries in London (DOS - 1994),4.00,14
Eamon (DOS - 1988),3.67,3
"Earthquake San Francisco 1906 (Apple II, Atari 8-bit - 1983)",0.00,0
Ecco Jr. (Genesis - 1995),0.00,0
"Ecco the Dolphin (Game Gear, Genesis - 1993)",0.00,0
"Ecco: The Tides of Time (Game Gear, Genesis - 1994)",0.00,0
"Echelon (DOS, Amstrad CPC, Apple II, C64 - 1988)",4.44,9
"Eco Phantoms (DOS, Amiga, Atari ST - 1990)",5.00,1
"Ečstatica (DOS, Windows - 1994)",4.62,21
Ecstatica II (DOS - 1997),4.33,3
Eggerland: Meikyū no Fukkatsu (NES - 1988),5.00,1
Egypt (NES - 1991),0.00,0
El Dorado Denki (PC-88 - 1985),5.00,1
El Grinch (DOS - 1983),0.00,0
Elements (DOS - 1994),1.00,1
Elroy Goes Bugzerk (Mac - 1995),5.00,1
Elroy Hits the Pavement (Mac - 1996),4.00,5
"Elvira (DOS, Amiga, Atari ST, C64, PC-98 - 1990)",4.65,37
"Elvira II: The Jaws of Cerberus (DOS, Amiga, Atari ST, C64 - 1991)",4.19,31
"Emerald Mine (Commodore 16, C64 - 1988)",0.00,0
"Emerald Mine II (Commodore 16, C64 - 1989)",0.00,0
"Emmanuelle: A Game of Eroticism (DOS, Amiga, Atari ST - 1989)",3.87,15
"Empire of the Over-Mind (Apple II, Atari 8-bit - 1981)",0.00,0
Enchanted Scepters (Mac - 1984),5.00,2
Enemy: Tempest of Violence (Amiga - 1997),0.00,0
Energy Mover (Amiga - 1995),0.00,0
Engineer Humpty (C64 - 1984),0.00,0
Engineering Jones and the Time Thieves of DSPea (DOS - 1991),0.00,0
Enigma Force (C64 - 1986),5.00,2
Entombed (C64 - 1985),3.50,2
Entombed (Atari ST - 1991),0.00,0
Eoroid Professional (Commodore 16 - 1994),0.00,0
"Equinox (Amstrad CPC, C64 - 1986)",3.00,1
Equinox (SNES - 1993),5.00,1
Eradicator (DOS - 1996),5.00,2
Escape from Colditz (Amiga - 1991),5.00,3
Escape from Delirium (DOS - 1995),4.00,14
"Escape from Rungistan (Apple II, PC-88 - 1982)",0.00,0
Escape from the Mindmaster (ColecoVision - 1990),5.00,1
Escape from Traam (Apple II - 1981),0.00,0
Esprit (Atari ST - 1989),0.00,0
"Essex (DOS, Atari 8-bit, C64 - 1985)",5.00,1
Eureka! (C64 - 1984),4.50,2
"Everyone's A Wally (The Life of Wally) (Amstrad CPC, C64 - 1985)",0.00,0
"Exile (Amiga, Atari ST, C64 - 1991)",4.67,3
"Exodus: Journey to the Promised Land (DOS, Game Boy, Genesis, NES - 1992)",4.07,14
"Exodus: Ultima III (DOS, Amiga, Atari 8-bit, Atari ST, C64, NES, PC-88 - 1985)",4.44,34
"Explora III: Sous Le Signe Du Serpent (DOS, Amiga, Atari ST - 1990)",3.67,3
Explorer (Amiga - 1993),0.00,0
"Extase (DOS, Amiga, Atari ST - 1991)",4.00,3
"Eye of the Beholder (DOS, Amiga, SNES - 1991)",4.53,61
F.Godmom (DOS - 1991),4.60,5
Factory Panic (Game Gear - 1991),0.00,0
Fade to Black (DOS - 1995),4.47,17
"Fahrenheit 451 (DOS, Mac, Apple II, Atari ST, C64 - 1984)",4.71,7
"Fairlight (Amstrad CPC, C64 - 1986)",4.33,3
Fairlight II (Amstrad CPC - 1988),0.00,0
Fallthru (DOS - 1990),1.00,1
"Family Feud (Genesis, SNES - 1993)",5.00,1
"Fantasy World Dizzy (DOS, Amiga, Amstrad CPC, Atari ST, C64 - 1991)",4.18,11
Fatal Heritage (Amiga - 1990),0.00,0
Fiddle (DOS - 1992),3.00,3
Fifteen Puzzle (DOS - 1983),4.00,1
Filler (DOS - 1990),5.00,2
"Final Command (Amiga, Atari ST - 1989)",4.00,1
"Finders Keepers (Amstrad CPC, Commodore 16, C64 - 1985)",4.00,1
Fire Stone (Atari 8-bit - 1995),5.00,1
"Firelord (Amstrad CPC, C64 - 1986)",4.33,3
Fisher-Price Great Adventures: Wild Western Town (Mac - 1997),4.50,6
Flappy Special (Game Boy - 1990),0.00,0
"Flashback: The Quest for Identity (DOS, Amiga, Genesis, PC-98, SNES - 1993)",4.80,40
"Flight of the Amazon Queen (DOS, Amiga - 1995)",4.42,40
"Flink (Amiga CD32, Genesis - 1995)",5.00,1
"Flip-it & Magnose: Water Carriers from Mars (Amiga, Atari ST - 1990)",5.00,1
FlipOut! (Windows - 1997),0.00,0
Flipper (DOS - 1983),5.00,1
"Flippit (Amiga, Amstrad CPC, C64 - 1988)",0.00,0
FlixMix (DOS - 1993),3.00,2
"Flunky (Amstrad CPC, C64 - 1987)",0.00,0
"Fooblitzky (DOS, Apple II, Atari 8-bit - 1985)",3.50,2
Fortuna kołem się toczy (C64 - 1993),5.00,1
Foul Play: Mystery at Awkward Manor (Mac - 1995),5.00,3
Four-F (Atari ST - 2001),0.00,0
Frankenstein: Through the Eyes of the Monster (Mac - 1995),5.00,1
"Franky, Joe & Dirk: On the Tiles (Game Boy - 1993)",0.00,0
"Freak Out (DOS, Amiga - 1992)",2.00,1
Freakin' Funky Fuzzballs (DOS - 1990),4.20,5
Freddi Fish 2: The Case of the Haunted Schoolhouse (Mac - 1996),4.44,31
Freddi Fish 4: The Case of the Hogfish Rustlers of Briny Gulch (Mac - 1999),4.41,22
Freddi Fish and Luther's Maze Madness (Mac - 1996),4.62,13
"Freddy Pharkas: Frontier Pharmacist (DOS, Mac - 1993)",4.48,29
Frederik Pohl's Gateway (DOS - 1992),4.59,27
Frenzy (C64 - 1985),0.00,0
"Frost Byte (Amstrad CPC, C64 - 1986)",3.50,2
Fruity Frank (Amstrad CPC - 1984),4.00,5
"Full Throttle (DOS, Mac - 1995)",4.39,289
"Fury of the Furries (DOS, Amiga, Mac - 1993)",4.62,21
"Future Wars: Adventures in Time (DOS, Amiga, Atari ST - 1990)",4.68,28
Futuria (Mac - 1985),0.00,0
"Gabriel Knight: Sins of the Fathers (DOS, Mac - 1993)",4.49,69
Game & Watch Gallery (Game Boy - 1997),5.00,1
Garage (Windows - 1999),4.67,15
Garfield's Mad About Cats (Mac - 2000),5.00,1
"Garfield: Big, Fat, Hairy Deal (Amiga, Amstrad CPC, Atari ST, C64 - 1988)",0.00,0
"Garfield: Winter's Tail (Amiga, Amstrad CPC, Atari ST, C64 - 1989)",5.00,1
"Garrison (Amiga, C64 - 1987)",4.50,2
Garrison II: The Legend Continues (Amiga - 1987),4.00,1
Gateway (Mac - 1986),0.00,0
Gateway II: Homeworld (DOS - 1993),4.93,14
Gaudi: Barcelona no Kaze (PC-88 - 1989),0.00,0
"Gear Works (DOS, Amiga, C64, Game Boy, Game Gear - 1993)",4.67,3
"Geisha (DOS, Amiga, Atari ST - 1990)",3.84,19
General Budda's Labyrinth (DOS - 1991),0.00,0
Generations Lost (Genesis - 1994),0.00,0
"Gertrude's Puzzles (DOS, C64 - 1984)",4.50,2
"Gertrude's Secrets (DOS, C64 - 1984)",4.71,7
"Get Dexter 2 (Amstrad CPC, Atari ST - 1988)",5.00,1
Get Lost! (DOS - 1996),3.80,5
Giddy II: Hero in an Egg Shell (Amiga - 1994),1.00,1
Globulus (Amiga - 1990),0.00,0
Go! Go! Tank (Game Boy - 1990),0.00,0
"Gobliiins (DOS, Amiga, Mac, Atari ST - 1992)",4.33,55
"Gobliins 2: The Prince Buffoon (DOS, Amiga, Mac, Atari ST - 1993)",4.52,31
Goblin Towers (C64 - 1983),0.00,0
"Goblins Quest 3 (DOS, Amiga - 1994)",4.50,52
God of Thunder (DOS - 1993),4.89,9
GodPey (Atari ST - 2002),0.00,0
Godzilla (Game Boy - 1990),5.00,1
"Golden Eagle (DOS, Amiga, Amstrad CPC, Atari ST - 1991)",3.25,4
Golden Gate (Mac - 1997),4.00,1
Gonks (Amiga - 1995),0.00,0
Goof Troop (SNES - 1993),1.00,1
"Goofy's Railway Express (DOS, Amiga, C64 - 1991)",4.56,16
Grand Larceny (C64 - 1984),0.00,0
Grandad 2: In Search of Sandwiches (Atari ST - 1993),5.00,1
Grandad and The Quest for The Holey Vest (Atari ST - 1992),5.00,1
Gravity Well (DOS - 1996),4.00,1
Gremlins 2: The New Batch (NES - 1990),5.00,2
"Gremlins: The Adventure (Amstrad CPC, C64 - 1985)",3.00,1
"Greyfell: Legend of Norman (Amstrad CPC, C64 - 1987)",5.00,1
"Gruds In Space (Apple II, Atari 8-bit, C64 - 1983)",4.00,1
Grumpy Gumphrey Supersleuth (Amstrad CPC - 1985),0.00,0
Gruntz (Windows - 1999),5.00,6
"Guardians (DOS, Amstrad CPC, Atari ST - 1991)",3.00,1
Gubble (Windows - 1996),5.00,3
Guilty (DOS - 1995),5.00,2
Gulp! (Amiga - 1994),5.00,1
Gundam 0079: The War for Earth (Mac - 1997),4.20,5
Gyromite (NES - 1985),0.00,0
H2O (DOS - 1996),4.00,1
Hamsters (DOS - 1994),2.00,2
Hamtaro: Ham-Hams Unite! (Game Boy Color - 2001),0.00,0
Hanoi (C64 - 1983),0.00,0
"Hare Raising Havoc (DOS, Amiga - 1991)",4.93,15
"Harlan Ellison: I Have No Mouth, and I Must Scream (DOS, Mac - 1995)",4.54,64
"Head Over Heels (Amiga, Amstrad CPC, Atari 8-bit, Atari ST, C64 - 1989)",3.67,3
"Headline Harry and The Great Paper Race (DOS, Mac - 1991)",4.67,9
"Heart of China (DOS, Amiga, Mac - 1991)",4.70,27
Heart of Darkness (Windows - 1998),4.54,13
Heart of the Alien: Out of this World parts I and II (SEGA CD - 1994),5.00,1
"Heartlight (DOS, Atari 8-bit - 1994)",4.50,8
"Heaven & Earth (DOS, Mac - 1992)",4.25,8
Herewith the Clues (Atari ST - 1990),4.00,1
Hero's Heart (DOS - 1992),3.33,3
HeroQuest II: Legacy of Sorasil (Amiga - 1994),5.00,5
"Hexuma: Das Auge des Kal (DOS, Amiga - 1992)",4.75,4
"Hi-Res Adventure #0: Mission Asteroid (Apple II, Atari 8-bit, C64, PC-88 - 1980)",0.00,0
"Hi-Res Adventure #1: Mystery House (Apple II, PC-88 - 1980)",5.00,1
Hi-Res Adventure #3: Cranston Manor (PC-88 - 1983),0.00,0
"Hi-Res Adventure #4: Ulysses and the Golden Fleece (DOS, Apple II, Atari 8-bit, C64, PC-88 - 1982)",3.17,6
"Hi-Res Adventure #6: The Dark Crystal (Apple II, Atari 8-bit, PC-88 - 1983)",0.00,0
Higemaru Makaijima: Nanatsu no Shima Daibōken (NES - 1987),0.00,0
"High Steel (Amiga, Amstrad CPC, Atari ST - 1989)",5.00,2
"Highrise (Apple II, Atari 8-bit, C64 - 1983)",5.00,2
Hique (DOS - 1982),3.00,2
"Hokkaidō Rensa Satsujin: Okhotsk ni Kiyu (NES, PC-88, PC-98 - 1987)",0.00,0
"Home Alone (Game Gear, Genesis - 1992)",0.00,0
"Hook (DOS, Amiga, Atari ST - 1992)",4.13,15
Hoosier City (DOS - 1992),3.50,2
"Horror Zombies from The Crypt (DOS, Amiga, Atari ST - 1990)",3.86,7
How to be a Hero (Amstrad CPC - 1987),0.00,0
Hugo III: Jungle of Doom (DOS - 1992),4.60,10
"Humans 1 and 2 (DOS, Amiga CD32 - 1993)",5.00,3
"Humans 3: Evolution - Lost in Time (DOS, Amiga - 1995)",5.00,2
Humpty Dumpty in the Garden (C64 - 1984),0.00,0
Humpty Dumpty meets the Fuzzy Wuzzies (C64 - 1984),0.00,0
Hyber Blob (C64 - 1987),0.00,0
Hydraulik (Atari 8-bit - 1993),0.00,0
Hydrofool (Amstrad CPC - 1987),0.00,0
Hype: The Time Quest (Windows - 1999),5.00,5
Hyper Aggressive (C64 - 1992),0.00,0
Hyper Lode Runner (Game Boy - 1989),0.00,0
I Spy Spooky Mansion (Mac - 1999),3.90,10
"I, Damiano: The Wizard of Partestrada (DOS - 1985)",5.00,4
I-0: Jailbait on Interstate Zero (DOS - 1997),3.67,3
I.O. Silver (Apple II - 1984),0.00,0
"Icarus (Amiga, Atari ST, C64, ZX Spectrum - 1988)",3.00,1
Ice Palace (C64 - 1985),4.00,1
Icebreaker (Mac - 1996),5.00,2
"Icicle Works (Commodore 16, C64 - 1985)",3.50,2
Icon Jon (Amstrad CPC - 1986),0.00,0
Igor: Objective Uikokahonia (DOS - 1995),4.00,7
Ikasuze! Koi no Doki Doki Penguin Land MD (Genesis - 1992),5.00,1
"Imagination (Amstrad CPC, C64, ZX Spectrum - 1987)",0.00,0
"Impossaball (Amstrad CPC, ZX Spectrum - 1987)",0.00,0
"Impossible Mission (Amstrad CPC, C64, SEGA Master System, ZX Spectrum - 1986)",4.00,2
Impossible Mission 2025 (Amiga - 1994),4.00,3
"Impossible Mission II (DOS, Amiga, Amstrad CPC, Apple II, Apple IIgs, Atari ST, C64, NES, ZX Spectrum - 1988)",4.20,39
Impulse (Atari ST - 1989),0.00,0
"In 80 Days Around the World (Amiga, Atari ST, C64 - 1987)",5.00,2
In Search of the Lost Words (Windows 3.x - 1996),5.00,6
Inca II: Nations of Immortality (DOS - 1994),4.50,6
Incydent (Atari 8-bit - 1993),0.00,0
"Indian Mission (Amiga, Atari ST - 1988)",0.00,0
"Indiana Jones and his Desktop Adventures (Windows 3.x, Mac - 1996)",4.00,4
"Indiana Jones and The Fate of Atlantis (DOS, Amiga - 1992)",4.62,96
Indiana Jones and the Infernal Machine (Windows - 1999),4.05,21
Indiana Jones and the Last Crusade (NES - 1991),4.50,2
"Indiana Jones and The Last Crusade: The Graphic Adventure (DOS, Atari ST - 1989)",4.57,66
Indiana Jones in the Lost Kingdom (C64 - 1984),4.50,2
"Infiltrator (DOS, Amstrad CPC, Apple II, Atari 8-bit, C64, ZX Spectrum - 1987)",5.00,6
"Ingrid's Back! (DOS, Amiga, Amstrad CPC, Atari 8-bit, C64, ZX Spectrum - 1988)",5.00,3
"Inherit the Earth: Quest for the Orb (DOS, Mac - 1994)",4.45,15
"Innocent Until Caught (DOS, Amiga - 1993)",4.67,3
"Insector Hecti in the Inter Change (Amiga, C64, ZX Spectrum - 1991)",0.00,0
"Inspector Gadget and the Circus of !!Fear!! (C64, ZX Spectrum - 1987)",2.00,1
Inspector Gadget: Mission 1 - Global Terror! (DOS - 1992),4.65,18
"Inspektor Griffu (DOS, Amiga - 1990)",2.67,3
Instruments of Chaos Starring Young Indiana Jones (Genesis - 1994),0.00,0
Invaders of the Lost Tomb (C64 - 1985),0.00,0
Isle of the Dead (DOS - 1993),3.60,20
Jack in the Dark (DOS - 1993),4.21,19
"Jack the Nipper... II in Coconut Capers (Amstrad CPC, C64, ZX Spectrum - 1987)",4.00,1
"Jack the Ripper (Amstrad CPC, C64 - 1987)",4.00,2
"Jackle & Wide (Amstrad CPC, C64 - 1987)",0.00,0
James Bond 007 (Game Boy - 1998),1.00,1
James Bond Jr (NES - 1992),5.00,1
"James Clavell's Shogun (DOS, Amiga - 1989)",3.20,5
JAY Minesweeper (Atari ST - 1995),0.00,0
"Jeffrey Archer: Not a Penny More, Not a Penny Less - The Computer Game (Amstrad CPC, Atari ST, C64 - 1987)",5.00,1
Jetpack (DOS - 1993),4.36,28
Jewels 20 (VIC-20 - 2005),0.00,0
"Jewels of Darkness (DOS, Amiga - 1987)",4.25,4
Jigoku no Renshū Mondai (PC-88 - 1984),0.00,0
Jigsaw Puzzlemania (Amiga - 1989),5.00,2
"Jigsaw! (DOS, Amiga - 1989)",2.67,3
"Jinxter (DOS, Amiga, Mac, Amstrad CPC, Atari 8-bit, Atari ST, C64 - 1988)",5.00,3
"Joe Blade II (DOS, Amiga, Amstrad CPC, Atari ST, C64 - 1990)",5.00,1
Johny's Trouble (Atari 8-bit - 1992),0.00,0
"Jonathan (DOS, Amiga - 1993)",4.00,4
Jonny Quest: Curse of the Mayan Warriors (DOS - 1993),4.86,7
Jonny Quest: The Real Adventures - Cover-Up at Roswell (Mac - 1996),5.00,2
Joshi Daisei Private (PC-88 - 1983),5.00,1
"Joshua & the Battle of Jericho (Game Boy, Genesis, NES - 1993)",0.00,0
Journey to the Planets (Atari 8-bit - 1982),0.00,0
"Journey: The Quest Begins (DOS, Amiga, Mac, Apple II - 1989)",5.00,5
"Juilliard Music Adventure (Windows 3.x, Mac - 1995)",5.00,2
"Jumpin' Jackson (Amiga, Atari ST - 1990)",4.50,4
Jumping Ghost (Atari ST - 1992),0.00,0
Jumping Jack (Atari 8-bit - 1993),0.00,0
Junction (Genesis - 1990),0.00,0
Junction (Game Gear - 1991),0.00,0
"Jungle Quest (DOS, Apple II, C64 - 1984)",0.00,0
"Jupiter Mission 1999 (Atari 8-bit, C64 - 1984)",4.00,1
Kaeru no tame ni Kane wa Naru (Game Boy - 1992),0.00,0
Kaitō Saint Tail (Game Gear - 1996),0.00,0
"KaleidoKubes (Apple IIgs, C64 - 1989)",0.00,0
Kasiarz (Atari 8-bit - 1994),0.00,0
Kasparov Chessmate (Mac - 2004),5.00,2
Kayleth (C64 - 1987),3.00,1
"Kentilla (Amstrad CPC, C64 - 1986)",3.00,1
Ketchup (Atari 8-bit - 1996),0.00,0
"KGB (DOS, Amiga - 1992)",4.31,26
Kickle Cubicle (NES - 1990),0.00,0
Kicks (DOS - 1989),5.00,2
Kinetic Connection (C64 - 1986),5.00,1
Kinetic Connection (Game Gear - 1991),0.00,0
"Kinetik (Amstrad CPC, C64 - 1987)",3.00,1
King Flappy (PC-88 - 1985),0.00,0
King James Bible For Use On Game Boy (Game Boy - 1994),4.00,2
"King's Quest (DOS, Amiga, Mac, Apple II, Apple IIgs, Atari ST - 1987)",4.37,105
"King's Quest II: Romancing the Throne (DOS, Amiga, Mac, Apple II, Apple IIgs, Atari ST - 1987)",4.46,33
"King's Quest III: To Heir is Human (DOS, Amiga, Mac, Apple II, Apple IIgs, Atari ST - 1986)",4.31,49
"King's Quest IV: The Perils of Rosella (DOS, Amiga, Apple II, Apple IIgs, Atari ST - 1988)",4.14,75
King's Quest V (NES - 1992),5.00,1
"King's Quest V: Absence Makes the Heart Go Yonder! (DOS, Amiga, Mac - 1990)",4.55,63
"King's Quest VI: Heir Today, Gone Tomorrow (DOS, Amiga, Mac - 1992)",4.30,77
King's Quest: Mask of Eternity (DOS - 1998),4.36,46
King's Valley (DOS - 1985),4.86,7
Kingdom of Kroz (DOS - 1988),5.00,2
Kingdom of Kroz II (DOS - 1990),5.00,1
"Kingdom: The Far Reaches (DOS, Mac - 1995)",5.00,4
Kirby's Block Ball (Game Boy - 1995),4.50,2
Kix (DOS - 1995),3.67,3
Knight Lore (Amstrad CPC - 1985),5.00,2
"Knight Tyme (Amstrad CPC, C64 - 1986)",0.00,0
"Knightmare (Amstrad CPC, C64 - 1987)",5.00,1
Knights of the Crystallion (Amiga - 1990),5.00,1
Knither: Demon Crystal II (PC-88 - 1987),0.00,0
Knock (Atari 8-bit - 1992),0.00,0
"Kobyashi Naru (DOS, Amstrad CPC, C64 - 1987)",1.33,3
"Kokotoni Wilf (Amstrad CPC, C64 - 1986)",2.00,1
Koło Fortuny (Amiga - 1993),5.00,1
Krazy Kreatures (NES - 1990),0.00,0
Kret (DOS - 1991),5.00,1
KrisKros (DOS - 1992),0.00,0
Kruiswoord (DOS - 1990),1.00,1
"Krusty's Super Fun House (DOS, Amiga, Game Boy, Game Gear, Genesis, NES - 1992)",4.25,8
"Krymini (DOS, Amiga, C64 - 1991)",1.00,2
Kurtan (DOS - 1990),3.67,3
Kwirk (Game Boy - 1989),0.00,0
Kyarukan: Super Break Down!! (PC-98 - 1990),5.00,1
Kye (Windows 3.x - 1992),4.80,5
L'Aigle d'Or (Amstrad CPC - 1986),0.00,0
"L.A. Crackdown (DOS, C64 - 1988)",4.00,4
"La Aventura Espacial (DOS, Amstrad CPC, C64 - 1990)",4.00,1
Labyrinth (DOS - 1987),0.00,0
Labyrinth (DOS - 1986),0.00,0
Labyrinth (NES - 1987),0.00,0
Labyrinth of Crete (Mac - 1996),3.67,3
Laced Tiles (C64 - 1995),0.00,0
Ladder Man I (DOS - 1992),5.00,3
Lady Stalker: Kako kara no Chōsen (SNES - 1995),4.00,1
Lands of Lore: The Throne of Chaos (DOS - 1993),4.56,69
Landstalker: Treasure of King Nole (Genesis - 1992),5.00,1
Laptick (PC-88 - 1985),0.00,0
Las Vegas (PC-88 - 1987),5.00,1
Laser Light (DOS - 1994),4.50,6
Laser Tank (Windows - 1998),4.83,6
Last Half of Darkness (DOS - 1989),3.80,10
"Last Ninja 2: Back With a Vengeance (DOS, Amiga, Amstrad CPC, Atari ST, C64, NES - 1990)",4.35,17
"Last Ninja 3 (Amiga, Atari ST, C64 - 1991)",4.80,5
Le Fetiche Maya (DOS - 1989),5.00,6
"Legend of Djel (DOS, Amiga, Atari ST - 1989)",4.50,4
Legend of Lothian (Amiga - 1991),1.00,1
Legend of Myra (DOS - 1993),4.67,3
"Legend of The Sword (DOS, Amiga, Atari ST - 1987)",4.00,9
Legends (Amiga - 1996),3.00,2
Legends of Murder II: Grey Haven (DOS - 1991),3.89,9
Legends of Murder: Volume 1 - Stonedale Castle (DOS - 1989),3.60,5
"Leisure Suit Larry 1: In the Land of the Lounge Lizards (DOS, Amiga, Mac - 1991)",4.44,69
"Leisure Suit Larry 5: Passionate Patti Does a Little Undercover Work (DOS, Amiga, Mac - 1991)",4.03,39
"Leisure Suit Larry 6: Shape Up or Slip Out! (DOS, Mac - 1993)",4.60,35
"Leisure Suit Larry Goes Looking for Love (In Several Wrong Places) (DOS, Amiga, Atari ST - 1988)",4.58,36
"Leisure Suit Larry III: Passionate Patti in Pursuit of the Pulsating Pectorals (DOS, Amiga, Atari ST - 1989)",4.27,33
"Leisure Suit Larry in the Land of the Lounge Lizards (DOS, Amiga, Mac, Apple IIgs, Atari ST - 1987)",4.27,102
Leisure Suit Larry: Love for Sail! (Mac - 1997),4.42,12
LemminGS (Apple IIgs - 1997),0.00,0
Lemmings Paintball (Windows - 1996),4.67,3
"Leonardo (Amiga, Atari ST, C64 - 1989)",3.50,2
Les Manley in: Lost in L.A. (DOS - 1991),4.88,8
"Les Manley in: Search for the King (DOS, Amiga - 1990)",4.46,11
"Lettrix (DOS, Amiga, C64 - 1990)",0.00,0
Lexi-Cross (DOS - 1991),4.84,12
Life-Term (C64 - 1987),0.00,0
Light Crusader (Genesis - 1995),5.00,1
Light Flipper (PC-88 - 1983),0.00,0
"Lighthouse: The Dark Being (DOS, Mac - 1996)",4.11,18
"Lin Wu's Challenge (DOS, Amiga, Atari ST - 1991)",5.00,1
Litil Divil (DOS - 1993),3.94,16
Little Magic (SNES - 1993),0.00,0
"Little Puff in Dragonland (Amiga, Amstrad CPC, Atari ST, C64 - 1989)",1.00,1
Loader Larry (DOS - 1992),5.00,3
"Locomotion (DOS, Amiga, Atari ST, C64 - 1992)",4.20,10
"Lode Runner (DOS, Mac, Amstrad CPC, Atari 8-bit, Atari ST, C64, NES, PC-88, VIC-20 - 1990)",4.88,24
Lode Runner 2 (Mac - 1998),4.17,6
"Lode Runner On-Line: The Mad Monks' Revenge (Windows, Mac - 1995)",4.69,13
"Lode Runner: The Legend Returns (DOS, Windows 3.x, Mac - 1994)",4.42,115
"Logo (DOS, Amiga, C64 - 1990)",3.40,5
Lone Eagle: Colombian Encounter (DOS - 1994),3.25,4
"Loom (DOS, Amiga, Mac, Atari ST - 1990)",4.61,44
Loopy (DOS - 1994),5.00,1
Lord Avalot d'Argent (DOS - 1994),3.00,1
"Lords of Doom (DOS, Amiga, Atari ST, C64 - 1990)",3.40,15
"Lords of Time (Amstrad CPC, Atari 8-bit, C64 - 1984)",0.00,0
Lorien's Tomb (Atari 8-bit - 1992),0.00,0
Lost Adventures of Kroz (DOS - 1990),3.50,2
Lost in Mine (Amiga - 1995),3.67,3
Lost in Time (DOS - 1993),4.73,22
Lot Lot (NES - 1985),0.00,0
"Lucky Luke (DOS, Amstrad CPC, Atari ST, C64 - 1987)",3.88,8
Lucky Luke (SNES - 1997),0.00,0
Lucky Luke: Gamblin' Cowboy (C64 - 1992),4.00,1
Lufia & the Fortress of Doom (SNES - 1993),5.00,1
Lufia II: Rise of the Sinistrals (SNES - 1995),5.00,1
"Lure of The Temptress (DOS, Amiga, Atari ST - 1992)",4.72,25
Macbeth (C64 - 1984),5.00,2
MacPuzzle (Mac - 1984),0.00,0
Mad Doctor (C64 - 1985),4.50,4
Mad Professor Mariarti (Amiga - 1990),2.50,2
Magia (Atari 8-bit - 1993),0.00,0
Magia Fortuny (Atari 8-bit - 1993),0.00,0
Magia Kryształu (Atari 8-bit - 1992),0.00,0
Magic Boxes (DOS - 1989),5.00,1
"Magic Boy (DOS, Amiga, Atari ST, SNES - 1993)",3.86,7
Magic Coins (Amiga - 1994),0.00,0
Magic Fairy Tales: Barbie As Rapunzel (Mac - 1997),4.44,18
"Magic Fly (Amiga, Atari ST - 1990)",0.00,0
"Magic Lines (Amiga, Atari ST - 1990)",5.00,2
Magic of Words (Atari 8-bit - 1996),0.00,0
Magical Puzzle: Popils (Game Gear - 1991),5.00,1
Magiczne Karty (DOS - 1993),0.00,0
Magnetic Crane (DOS - 1989),1.00,1
"Magnetik Tank (DOS, Amstrad CPC, Atari ST - 1987)",5.00,3
Mah Jongg Solitaire (DOS - 1987),3.00,2
Main Frame (C64 - 1988),0.00,0
Major Bronx (Atari 8-bit - 1992),0.00,0
"Manhunter 2: San Francisco (DOS, Amiga, Mac, Atari ST - 1989)",4.38,16
"Manhunter: New York (DOS, Amiga, Apple IIgs, Atari ST - 1988)",4.80,10
"Mania Drive (Windows, Linux - 2006)",2.00,2
"Maniac Mansion (DOS, Amiga, Apple II, Atari ST, C64, NES - 1988)",4.53,19
"Maniac Mansion: Day of the Tentacle (DOS, Mac - 1993)",4.48,46
Marble Cooking (DOS - 1994),5.00,5
Marbles (Amiga - 1991),5.00,1
Mario's Picross (Game Boy - 1995),3.67,3
Mario's Super Picross (SNES - 1995),0.00,0
Marlowe (Atari ST - 1992),0.00,0
Marooned Again (DOS - 1990),3.00,1
Marsport (Amstrad CPC - 1985),0.00,0
Marsupilami (Genesis - 1995),5.00,1
Martian Memorandum (DOS - 1991),4.68,28
Martianoids (Amstrad CPC - 1987),0.00,0
Marvel Comics Spider-Man: The Sinister Six (DOS - 1996),0.00,0
Master of Magic (C64 - 1985),3.67,3
"Master of the Lamps (Amstrad CPC, Atari 8-bit, C64 - 1985)",4.00,1
MasterMind (DOS - 1989),0.00,0
Masters of the Universe: Super Adventure (C64 - 1986),5.00,1
"Mata Hari (Amstrad CPC, Atari ST - 1988)",0.00,0
Match (Atari ST - 1990),0.00,0
Matching Pairs (DOS - 1988),4.00,3
Math Blaster Ages 7-8 Mission 2: Race For The Omega Trophy (Windows - 2000),0.00,0
Matrix (Amiga - 1992),5.00,1
Matrix Madness (DOS - 1984),4.00,1
"Max Headroom (Amstrad CPC, C64 - 1986)",4.00,1
"Maxwell Manor (Apple II, Atari 8-bit, C64 - 1985)",5.00,1
Maze (DOS - 1983),0.00,0
Maze Adventures (DOS - 1986),1.00,1
Maze Game (Windows 3.x - 1995),4.25,4
Maziacs (C64 - 1984),5.00,1
McMurphy's Mansion (DOS - 1984),3.60,5
"Mean Streets (DOS, Amiga, Atari ST, C64 - 1989)",4.67,12
Mega Motion (Amiga - 1994),0.00,0
Mega-Bucks (Amstrad CPC - 1986),0.00,0
Megalit (Game Boy - 1991),0.00,0
Megamix (Atari ST - 1990),0.00,0
Megamix 2: Brainstorm (Atari ST - 1991),0.00,0
Megapanel (Genesis - 1990),0.00,0
Meikyū Jiin Dababa (NES - 1987),0.00,0
Meitantei Conan: Chika Yūenchi Satsujin Jiken (Game Boy - 1996),0.00,0
Memory (DOS - 1991),4.00,1
Memory (DOS - 1983),0.00,0
Memory Lane (DOS - 1990),0.00,0
"Mercenary (Amstrad CPC, Atari 8-bit, Atari ST, Commodore 16, C64 - 1987)",5.00,3
"Mercenary: Escape from Targ - The Second City (C64, Atari 8-bit, Commodore 16 - 1986)",5.00,2
"Mermaid Madness (Amstrad CPC, C64 - 1986)",0.00,0
Mickey Mouse: Magic Wands! (Game Boy - 1993),3.00,3
"Mickey's 123: The Big Surprise Party (DOS, Amiga - 1992)",4.33,45
Mickey's Colors & Shapes (DOS - 1991),4.67,3
Mickey's Crossword Puzzle Maker (DOS - 1991),5.00,2
Mickey's Jigsaw Puzzles (DOS - 1991),5.00,2
"Mickey's Runaway Zoo (DOS, Atari ST, C64 - 1991)",5.00,1
"Mickey's Space Adventure (DOS, Apple II, C64 - 1986)",3.87,15
Microsoft Adventure (Apple II - 1981),0.00,0
Microx (Atari 8-bit - 1992),5.00,1
Miecze Valdgira (Atari 8-bit - 1991),0.00,0
"Miecze Valdgira II: Władca Gór (Amiga, Atari 8-bit, C64 - 1995)",3.50,2
Millennia: Altered Destinies (DOS - 1995),4.64,11
Million Dollar Jewel Heist (C64 - 1991),0.00,0
Mimi & The Mites (DOS - 1995),4.00,4
Mind Castle I (Apple II - 1984),5.00,1
Mind Walker (Amiga - 1986),1.50,2
"Mind-Roll (DOS, Amiga, C64 - 1988)",3.67,3
"Mindbender (DOS, Amiga, C64 - 1990)",3.40,5
"Mindfighter (DOS, Amiga, Amstrad CPC, C64 - 1988)",5.00,4
"Mindtrap (Amstrad CPC, C64 - 1989)",0.00,0
"Mindwheel (DOS, Apple II, Atari ST, C64 - 1984)",4.33,3
Mine Bombers (DOS - 1996),4.91,11
Minefield (Atari ST - 1992),0.00,0
"Miss Mind II: Ania (Atari 8-bit, C64 - 1990)",5.00,2
Mission Critical (DOS - 1995),4.85,13
"Mission Elevator (Amiga, Amstrad CPC, Atari ST, C64 - 1987)",4.00,3
"Mission on Thunderhead (Apple II, Atari 8-bit, C64 - 1986)",0.00,0
Mission Ufo - A Solar System Odyssey (DOS - 1992),3.60,5
Mission: Impossible (DOS - 1991),4.20,15
Missmind: Sara (Atari 8-bit - 1989),5.00,1
Mit Jeans und Hellebarde (C64 - 1989),0.00,0
Mix And Match (DOS - 1991),5.00,1
Moai Kun (NES - 1990),5.00,1
Mobile Man (Amstrad CPC - 1989),0.00,0
Mole Mania (Game Boy - 1996),0.00,0
Mole Mole (PC-88 - 1985),0.00,0
Mole Mole 2 (PC-88 - 1986),0.00,0
"Molecule Man (Amstrad CPC, Atari 8-bit, Commodore 16, C64 - 1986)",0.00,0
Money Puzzle Exchanger (Game Boy - 1997),4.00,1
"Monkey Business (DOS, C64 - 1986)",5.00,2
"Monkey Island 2: LeChuck's Revenge (Amiga, Mac - 1992)",4.37,150
Monstania (SNES - 1996),0.00,0
Monster Max (Game Boy - 1994),0.00,0
Monstrum (Atari 8-bit - 1992),5.00,1
"Monty on the Run (Amstrad CPC, Commodore 16, C64 - 1985)",5.00,1
Monty Python & the Quest for the Holy Grail (Mac - 1996),3.43,7
Monty Python's Complete Waste of Time (Mac - 1995),3.67,3
"Moonmist (DOS, Amiga, Mac, Amstrad CPC, Apple II, Atari 8-bit, C64 - 1986)",4.00,5
Moraff's Entrap (DOS - 1991),4.67,3
"Mordon's Quest (Amstrad CPC, Atari 8-bit, C64 - 1985)",0.00,0
"Morph (Amiga, SNES - 1993)",3.50,2
Morphicle (C64 - 1987),0.00,0
Mortal Coil: Adrenalin Intelligence (DOS - 1995),3.60,5
"Mortimer and the Riddles of the Medallion (Windows, Mac - 1996)",0.00,0
Mountains of Ket (Amstrad CPC - 1986),0.00,0
Movie (Amstrad CPC - 1986),0.00,0
Moving Puzzle: Cats (Mac - 1998),0.00,0
Moving Puzzle: Jungle World (Mac - 1998),5.00,1
Mozaik (DOS - 1993),5.00,2
MQBE (DOS - 1992),2.50,4
Mr Dice (Atari ST - 1991),0.00,0
"Mr. Nutz (Game Boy, Genesis, SNES - 1994)",0.00,0
Mr. Potato Head Saves Veggie Valley (Mac - 1996),3.88,17
MTV's Beavis and Butt-Head (Genesis - 1994),0.00,0
MTV's Beavis and Butt-Head in Virtual Stupidity (Windows - 1995),5.00,3
Munch Guy (DOS - 1991),0.00,0
Murder Makes Strange Deadfellows (DOS - 1991),4.38,8
"Murder on the Mississippi (Apple II, C64, NES - 1986)",5.00,2
"Museum Madness (DOS, Mac - 1994)",4.78,9
Mutant Beach (Mac - 1991),0.00,0
Mutant Penguins (DOS - 1996),0.00,0
Myst (Mac - 1993),3.60,20
Mysteries of the Orient (Windows 3.x - 1994),0.00,0
Mysterium (Game Boy - 1991),0.00,0
Mystery at the Museums (DOS - 1993),5.00,2
"Mystery Fun House (Atari 8-bit, PC-88 - 1981)",0.00,0
"Mystery Master: Murder by the Dozen (DOS, Mac, Apple II, C64 - 1983)",4.50,6
"Mystery of the Nile (Amstrad CPC, C64 - 1986)",5.00,2
Mystic Towers (DOS - 1994),4.39,26
Nail 'n Scale (Game Boy - 1990),0.00,0
Nanotank (Windows 3.x - 1993),1.00,1
Nebulus 2: Pogo a gogo (Amiga - 1991),3.00,1
"Necris Dome (Amstrad CPC, C64 - 1986)",3.00,1
Nephi's Quest (DOS - 1990),5.00,1
Neuroid (Atari 8-bit - 1996),0.00,0
"Neuronics (Amiga, C64 - 1992)",3.00,2
"Never Mind (DOS, Atari ST - 1989)",3.67,3
"Nicky Boom (DOS, Amiga, Atari ST - 1992)",5.00,1
Night Crawlers (Atari ST - 1986),0.00,0
Night Trap (Mac - 1995),5.00,3
Nightmare Ned (Windows - 1997),4.44,16
"Nightshade (Amstrad CPC, C64 - 1985)",3.00,1
Nightshade (NES - 1992),5.00,2
"Ninja Remix (Amstrad CPC, C64 - 1990)",5.00,2
"Nippon Safes, Inc. (DOS, Amiga - 1992)",4.00,11
NIV Bible & the 20 Lost Levels of Joshua (Game Boy - 1996),0.00,0
"No Escape (Genesis, SNES - 1994)",0.00,0
Noctropolis (DOS - 1994),4.59,24
Nova (C64 - 1993),4.00,1
Nova 2 (C64 - 1994),5.00,1
Number Munchers (DOS - 1990),4.51,65
Numbers & Logic I (DOS - 1991),4.00,1
O.D.T.: Escape... or Die Trying (Windows - 1998),5.00,3
Oblido (Commodore 16 - 1986),0.00,0
Oddworld Adventures (Game Boy - 1998),0.00,0
Odwracanka (Atari 8-bit - 1998),0.00,0
Odyssey (Amiga - 1995),5.00,1
Oeka Kids: Anpanman no Hiragana Daisuki (NES - 1991),0.00,0
"Olli & Lissa 3: The Candlelight Adventure (Amstrad CPC, C64 - 1989)",0.00,0
Omnibus (C64 - 1995),5.00,1
Once Upon a Forest (DOS - 1995),4.29,17
"One Man and His Droid (Amstrad CPC, Atari 8-bit, Commodore 16, C64 - 1985)",0.00,0
"One Step Beyond (DOS, Amiga - 1993)",3.00,2
"onEscapee (Windows, Amiga - 2004)",4.00,1
Only! Valency (Atari ST - 1994),5.00,2
Opera Fatal (Mac - 1996),5.00,3
Operation Feuersturm (C64 - 1989),0.00,0
Orb-3D (NES - 1990),0.00,0
Origamo (DOS - 1994),3.00,4
"Osiris (DOS, Amiga - 1993)",1.00,1
Ottos Ottifanten: Baby Brunos Alptraum (Game Boy - 1998),0.00,0
"Out of This World (DOS, Amiga, Mac, Atari ST, Genesis, SNES - 1992)",4.70,69
Outris (Atari 8-bit - 1993),5.00,1
"Oxyd (DOS, Amiga, Mac, Atari ST - 1992)",4.16,13
Oxyd 2 (Atari ST - 1991),5.00,1
Oxyd Extra (DOS - 1994),3.50,2
"Oxyd magnum! (Amiga, Atari ST - 1993)",3.00,2
"P. P. Hammer and His Pneumatic Weapon (Amiga, C64 - 1991)",4.29,7
P.P. Digger (C64 - 1993),0.00,0
"Pac-Man 2: The New Adventures (Genesis, SNES - 1994)",0.00,0
Pagan: Ultima VIII (DOS - 1994),4.49,98
Paganitzu (DOS - 1991),4.53,17
Pajama Sam 2: Thunder and Lightning aren't so Frightening (Mac - 1998),4.68,45
"Palamedes (Game Boy, NES - 1990)",4.00,1
Palamedes II: Star Twinkles (NES - 1991),4.00,1
Panel de Pon (SNES - 1995),0.00,0
Parallel World (NES - 1990),0.00,0
Paranoiak (Apple II - 1984),0.00,0
Paris 1313: The Mystery of Notre-Dame Cathedral (Mac - 1999),3.50,2
"Passengers on The Wind (DOS, Amiga, Amstrad CPC, Atari ST, C64 - 1987)",3.88,8
Pathways into Darkness (Mac - 1993),4.13,8
Paul McCartney's Give My Regards to Broad Street (C64 - 1985),5.00,1
PC Jigsaw (DOS - 1988),0.00,0
PC-Bakterien! (DOS - 1993),3.67,3
Pengo (DOS - 1983),4.50,18
"Pengon (Atari 8-bit, C64, Dragon 32/64 - 1984)",0.00,0
"Pensate (Mac, Atari 8-bit, C64 - 1984)",3.00,1
Penta (Atari ST - 2005),0.00,0
"Penthouse Hot Numbers (DOS, Amiga - 1993)",5.00,6
Pepper's Adventures in Time (DOS - 1993),4.74,19
Permonie (Amiga - 1997),1.00,1
"Perseus & Andromeda (C64, Dragon 32/64 - 1983)",0.00,0
"Peter Pan (Amiga, Amstrad CPC, Atari ST - 1988)",5.00,2
Peter Pan: A Story Painting Adventure (DOS - 1993),4.50,20
Phantasy Star II Text Adventure: Anne no Bōken (Genesis - 1991),0.00,0
Phantasy Star II Text Adventure: Huey no Bōken (Genesis - 1991),0.00,0
Phantasy Star II Text Adventure: Kinds no Bōken (Genesis - 1990),0.00,0
Phantasy Star II Text Adventure: Shilka no Bōken (Genesis - 1990),0.00,0
"Pharaoh's Revenge (DOS, Apple II, C64 - 1988)",4.00,2
Phonics Plus (DOS - 1991),0.00,0
Photopia (DOS - 1998),5.00,1
Physicus: Save the World with Science! (Mac - 1999),5.00,4
Picross 2 (Game Boy - 1996),0.00,0
Picross NP Vol. 2 (SNES - 1999),0.00,0
Picross NP Vol. 3 (SNES - 1999),0.00,0
Picross NP Vol.4 (SNES - 1999),0.00,0
Picross NP Vol.5 (SNES - 1999),0.00,0
Picross NP Vol.6 (SNES - 2000),0.00,0
Picross NP Vol.7 (SNES - 2000),0.00,0
Picross NP Vol.8 (SNES - 2000),0.00,0
Pictionary: The Game of Video Quick Draw (NES - 1990),0.00,0
Pilgrim (C64 - 1986),0.00,0
Pilgrim Quest (DOS - 1991),4.75,8
"Pipes (DOS, C64, VIC-20 - 1983)",3.67,3
Pippi (Mac - 1995),1.00,1
"Pirate Adventure (Atari 8-bit, C64, VIC-20 - 1981)",0.00,0
Pixel Puzzler (DOS - 1990),3.00,2
Pocket Bomberman (Game Boy - 1997),5.00,1
Pole Minowe (C64 - 1994),0.00,0
"Police Quest 2: The Vengeance (DOS, Amiga, Atari ST - 1988)",4.68,25
Pollymorph (Amiga - 1993),0.00,0
PolyMaze (DOS - 1983),0.00,0
Pop Breaker (Game Gear - 1991),0.00,0
Pop-Quiz (DOS - 1991),0.00,0
Popeye no Eigo Asobi (NES - 1983),0.00,0
Porky's (Atari 8-bit - 1983),0.00,0
"Portopia Renzoku Satsujin Jiken (NES, PC-88 - 1985)",0.00,0
Poseidon: Planet Eleven (C64 - 1990),3.25,4
"Postman Pat 2 (Amstrad CPC, C64 - 1989)",0.00,0
Pot Panic (C64 - 1991),5.00,1
Potty Painter in the Jungle (C64 - 1983),3.00,1
Premium Mah Jongg II (Atari ST - 1993),0.00,0
"Presumed Guilty! (DOS, C64 - 1989)",5.00,4
Pri Pri Primitive Princess! (Game Boy - 1990),0.00,0
"Prince of Persia (DOS, Amiga, Mac, Amstrad CPC, Apple II, Atari ST, Game Boy, Game Gear, Genesis, NES, SNES - 1990)",4.61,206
"Prince of Persia 2: The Shadow & The Flame (DOS, Mac, SNES - 1993)",4.52,270
Prince of Persia 3D (Windows - 1999),4.31,29
Princess Tomato in the Salad Kingdom (NES - 1988),0.00,0
Prisoner 2 (Apple II - 1982),0.00,0
"Prisoner of Ice (DOS, Mac - 1995)",4.05,39
Project Firestart (C64 - 1989),5.00,5
Prospector in the Mazes of Xor (Amiga - 1989),2.50,2
"Psycho (DOS, Amiga, Atari ST, C64 - 1988)",3.00,4
"Puggsy (Amiga, Genesis - 1994)",3.25,4
Push 'n' Shove (Atari ST - 1992),5.00,1
Putt-Putt Joins the Circus (Mac - 2000),4.81,35
"Putt-Putt Joins the Parade (DOS, Mac - 1992)",4.58,283
Putt-Putt Saves the Zoo (Mac - 1996),4.53,65
Putt-Putt's Fun Pack (DOS - 1994),4.32,38
Puzmania (Atari 8-bit - 1995),5.00,1
Puzz 3D: Victorian Mansion (Mac - 1999),0.00,0
Puzzle (DOS - 1989),1.00,1
Puzzle (NES - 1990),0.00,0
"PuzzlePanic (Atari 8-bit, C64 - 1984)",0.00,0
"Pyjamarama (Amstrad CPC, C64 - 1984)",0.00,0
Pyramid Magic (Genesis - 1991),0.00,0
Pyramid Magic II (Genesis - 1991),0.00,0
Pyramid Magic III (Genesis - 1991),0.00,0
Pyramid of Doom (Dragon 32/64 - 1984),0.00,0
Pyramids of Ra (Game Boy - 1991),0.00,0
Pyro II (DOS - 1990),4.60,5
Q*bert 3 (SNES - 1992),0.00,0
Qb (Atari 8-bit - 1984),4.00,1
"Qix (DOS, Amiga, Apple II, Atari 8-bit, C64, Game Boy, NES - 1989)",4.19,16
"Quadralien (DOS, Atari ST - 1988)",4.20,5
"Quadrel (DOS, Amiga, Amstrad CPC, Atari ST - 1990)",4.00,3
Quango (C64 - 1984),0.00,0
Quarky & Quaysoo's Turbo Science (DOS - 1992),5.00,8
Quarterstaff (Mac - 1987),0.00,0
Quarterstaff: The Tomb of Setmoth (Mac - 1988),5.00,1
Quattro Adventure (NES - 1993),4.00,1
Quest for Camelot (Game Boy Color - 1998),0.00,0
Quest for Glory: Shadows of Darkness (DOS - 1993),4.55,39
"Quest for Quintana Roo (Atari 8-bit, ColecoVision, C64 - 1984)",0.00,0
"Quest of the Space Beagle (Atari 8-bit, C64 - 1984)",4.00,1
"Quink (DOS, Atari ST, C64 - 1984)",2.00,1
Qwak (Amiga - 1993),2.50,2
"Rad Warrior (DOS, Amstrad CPC, Apple II, C64 - 1987)",4.25,4
Rainbow Dragon (C64 - 1988),0.00,0
Rama (Mac - 1997),4.75,4
Rampcube (DOS - 1991),0.00,0
"Rana Rama (Amstrad CPC, Atari ST, C64 - 1987)",4.00,1
"Rasputin (Amstrad CPC, C64 - 1986)",5.00,1
"Rasterscan (DOS, Amstrad CPC, C64 - 1988)",5.00,3
Rave Shuttle: The Cosmic Challenge (Mac - 1997),0.00,0
Re-Bounder (C64 - 1987),4.00,1
"Realms of Darkness (Apple II, C64, PC-88 - 1987)",5.00,1
"Reckless Rufus (Amstrad CPC, C64 - 1992)",0.00,0
Redhawk (C64 - 1986),4.00,1
RedJack: The Revenge of the Brethren (Windows - 1998),0.00,0
Relentless Logic (DOS - 1985),3.00,1
Relentless: Twinsen's Adventure (DOS - 1995),4.53,79
"Rendezvous with Rama (DOS, Apple II, C64 - 1985)",4.43,7
Repton 3 (C64 - 1987),0.00,0
Rescue from Atlantis (Amstrad CPC - 1989),0.00,0
Rescue Raiders (Apple II - 1984),5.00,5
Rescue Rover (DOS - 1991),4.42,12
Rescue Rover 2 (DOS - 1991),4.43,14
Resident Evil (Windows - 1997),4.91,11
Resident Evil 2 (Windows - 1998),4.65,48
Resident Evil 3: Nemesis (Windows - 2000),4.75,24
Resident Evil: Gaiden (Game Boy Color - 2001),5.00,1
Resident Evil: Survivor (Windows - 2002),5.00,4
Return of the Phantom (DOS - 1993),4.37,19
Return to Atlantis (Amiga - 1988),2.50,2
Return to Kroz (DOS - 1990),4.00,1
"Return to Oz (Amstrad CPC, C64 - 1986)",5.00,1
Return to Ringworld (DOS - 1994),4.11,18
"Return to Zork (DOS, Mac - 1993)",4.20,41
"Revelation (DOS, Amiga - 1992)",4.00,2
Reversi (Atari 8-bit - 1980),5.00,1
Reversi II (Atari 8-bit - 1981),0.00,0
Revolution (Amstrad CPC - 1986),0.00,0
Richard Scarry's BusyTown (Genesis - 1994),0.00,0
Riddles and Stones (C64 - 1994),5.00,1
"Rigel's Revenge (Amstrad CPC, C64 - 1987)",5.00,1
Ring: The Legend of the Nibelungen (Mac - 1998),5.00,1
Rings of the Magi: Grand Master Edition (DOS - 1995),4.80,5
Ripper! (C64 - 1984),4.00,1
Riven: The Sequel to Myst (Mac - 1997),3.60,5
Road Runner's Death Valley Rally (SNES - 1992),4.00,1
"Roberta Williams' King's Quest I: Quest for the Crown (DOS, Amiga - 1990)",4.54,11
"Roberta Williams' King's Quest VII: The Princeless Bride (DOS, Mac - 1994)",4.20,93
"Robin Hood: Legend Quest (Amiga, Amstrad CPC, C64 - 1993)",5.00,2
"Robin of Sherwood: The Touchstones of Rhiannon (Amstrad CPC, C64 - 1985)",4.50,2
Robin of the Wood (C64 - 1985),5.00,2
RoboCop 2 (Amiga - 1990),3.67,3
Robot IV: Operation ExtraTax (DOS - 1993),0.00,0
Robot Junior (DOS - 1991),0.00,0
Robot Odyssey (DOS - 1985),4.78,49
"Rock 'n Roll (DOS, Amiga, Amstrad CPC, Atari ST, C64 - 1990)",4.27,11
Rock Man (DOS - 1994),3.00,1
Rock-Slide (DOS - 1989),0.00,0
Rockfall (Atari ST - 1992),0.00,0
Rockfall 2: The Perils of Spud (Atari ST - 1992),0.00,0
Rockfall 3 (Atari ST - 1995),0.00,0
Rockfall Special Edition (Atari ST - 1992),0.00,0
"Rockford: The Arcade Game (DOS, Amiga, Amstrad CPC, Atari ST, C64 - 1987)",4.00,8
"Rockman (Commodore 16, VIC-20 - 1985)",0.00,0
Rocko's Modern Life: Spunky's Dangerous Day (SNES - 1994),0.00,0
"Rocky's Boots (DOS, C64 - 1984)",4.45,9
Roderic (Atari 8-bit - 1992),0.00,0
Rollin (DOS - 1995),3.86,7
Rucu (Atari 8-bit - 1992),0.00,0
S.C.Out (DOS - 1992),4.13,8
"Sabre Wulf (Amstrad CPC, C64 - 1985)",3.67,3
Safe Opening Simulator (DOS - 1993),4.43,7
Safecracker (Mac - 1997),4.80,5
Saigon: The Final Days (Atari 8-bit - 1981),0.00,0
Salvage (C64 - 1985),0.00,0
Sam & Max: Hit the Road (Mac - 1996),4.33,6
Samotnik (DOS - 1991),0.00,0
Samurai's Game (Atari 8-bit - 1992),0.00,0
Sanma no Meitantei (NES - 1987),0.00,0
"Saper (DOS, Atari 8-bit - 1993)",5.00,1
"Saracen (Amstrad CPC, Apple II, Atari 8-bit, C64 - 1987)",0.00,0
"Sarakon (DOS, Amiga, Atari ST, C64 - 1991)",4.80,5
"Savage Island (Commodore 16, C64 - 1986)",0.00,0
Sceptre of Bagdad (C64 - 1993),3.00,1
Scholastic's The Magic School Bus: Space Exploration Game (Genesis - 1995),0.00,0
Scooby-Doo Mystery (Genesis - 1995),4.00,4
Scooby-Doo Mystery (SNES - 1995),5.00,1
"Scott Adams' Graphic Adventure #1: Adventureland (Atari 8-bit, C64 - 1983)",2.00,1
"Scott Adams' Graphic Adventure #2: Pirate Adventure (Atari 8-bit, C64 - 1982)",2.00,1
Scott Adams' Graphic Adventure #3: Secret Mission (Atari 8-bit - 1982),0.00,0
"Scott Adams' Graphic Adventure #4: Voodoo Castle (Atari 8-bit, C64 - 1983)",3.50,2
Scott Adams' Graphic Adventure #5: The Count (Atari 8-bit - 1982),0.00,0
Scott Adams' Graphic Adventure #6: Strange Odyssey (Atari 8-bit - 1982),0.00,0
Scramble (DOS - 1990),1.00,1
Sea Quest (DOS - 1984),5.00,2
"Seabase Delta (Amstrad CPC, C64 - 1986)",0.00,0
Search for the Golden Dolphin (Mac - 1999),5.00,1
"Secret Mission (C64, Dragon 32/64, PC-88, VIC-20 - 1984)",3.00,1
Secret of Kandar (C64 - 1986),0.00,0
Secrets of the Luxor (Mac - 1996),0.00,0
Sega Game Pack 4in1 (Game Gear - 1992),0.00,0
Sen (Amiga - 1995),1.00,1
Sensitive (C64 - 1990),0.00,0
Sethi and the Inca Wizard (Mac - 2001),0.00,0
"Sex Olympics (DOS, Amiga, Atari ST - 1990)",4.12,16
Sextimates (Amiga - 1990),5.00,1
Sexy Six (Atari 8-bit - 1995),4.50,2
"Shackled (Amstrad CPC, C64 - 1988)",0.00,0
"Shadow of the Beast (Amiga, Amstrad CPC, Atari ST, C64, Genesis - 1989)",5.00,3
"Shadow of the Beast II (Amiga, Atari ST, Genesis - 1990)",2.00,1
Shadow of the Beast III (Amiga - 1992),3.00,1
"Shadowgate (DOS, Amiga, Mac, Apple IIgs, Atari ST, NES - 1988)",4.22,9
"Shadoworlds (DOS, Amiga, Atari ST - 1993)",3.67,3
Shanghai (Dragon 32/64 - 1991),0.00,0
Shanghai (Game Boy - 1989),0.00,0
"Shanghai II (Game Gear, NES, PC-88 - 1990)",5.00,1
"Shanghai II: Dragon's Eye (DOS, Mac, Genesis, SNES - 1990)",4.00,23
Shanghai: Dynasty (Mac - 1997),5.00,2
Shanghai: Great Moments (Mac - 1995),5.00,2
Shanghai: Second Dynasty (Mac - 1999),3.50,2
Shannara (DOS - 1995),4.78,18
"Shard of Inovar (DOS, Amstrad CPC, C64 - 1987)",5.00,2
Sharks (Atari ST - 1991),0.00,0
Sheer Agony (Atari ST - 1995),3.00,2
Sherlock (DOS - 1991),4.34,12
"Sherlock Holmes in ""Another Bow"" (DOS, C64 - 1985)",3.67,3
"Sherlock Holmes: Consulting Detective (DOS, Mac - 1991)",4.26,19
Sherlock Holmes: Consulting Detective - Volume II (DOS - 1992),4.00,4
Sherlock Holmes: Consulting Detective - Volume III (DOS - 1993),3.75,4
Sherlock Holmes: Hakushaku Reijō Yūkai Jiken (NES - 1986),4.00,1
Sherwood Forest (Apple II - 1982),0.00,0
"Shi-Kin-Joh (Game Gear, Genesis - 1991)",0.00,0
"Shiftrix (DOS, Amiga, C64 - 1991)",1.00,1
Shisenshō: Match-Mania (Game Boy - 1990),0.00,0
Shivers (DOS - 1995),4.50,44
Shivers (Mac - 1996),4.17,6
Shockwave (NES - 1990),0.00,0
Short Circuit (Amstrad CPC - 1987),0.00,0
Shuffle (Amiga - 1990),0.00,0
"Sid Meier's Covert Action (DOS, Amiga - 1990)",4.60,58
"Sidewalk (DOS, Amstrad CPC, C64 - 1987)",5.00,1
"Simon the Sorcerer (DOS, Amiga - 1993)",4.31,78
"Simon the Sorcerer II: The Lion, the Wizard and the Wardrobe (DOS - 1995)",4.24,29
Simon the Sorcerer's Puzzle Pack (Windows - 1998),0.00,0
"Simulcra (Amiga, Atari ST - 1990)",3.00,2
"Sink or Swim (DOS, Amiga, Game Gear, Genesis, SNES - 1993)",3.17,6
"Sir AddaLot's ""Mini"" Math Adventure (DOS - 1993)",4.10,10
Skarabeusz (Amiga - 1992),3.00,2
Skool Daze (C64 - 1985),4.00,1
Skull (C64 - 1984),0.00,0
Skull-Diggery (Atari ST - 1987),5.00,1
"Skweek (DOS, Amiga, Amstrad CPC, Atari ST, Game Gear - 1989)",4.00,7
"Sláine, the Celtic Barbarian (Amstrad CPC, C64 - 1987)",4.00,2
Sliding Puzzler (Atari ST - 1988),0.00,0
Sliding Skill (Amiga - 1991),1.00,1
"Slightly Magic (Amiga, Amstrad CPC, Atari ST, C64 - 1991)",2.00,1
Snarf (DOS - 1988),5.00,2
Snark (C64 - 1983),0.00,0
"Snooper Troops (DOS, Apple II, C64 - 1982)",4.07,15
"Snooper Troops: Case #2 - The Case of the Disappearing Dolphin (DOS, C64 - 1982)",4.10,10
Snoopy Concert (SNES - 1995),0.00,0
Snoopy's Magic Show (Game Boy - 1990),4.00,1
"Snoopy: The Cool Computer Game (DOS, Amiga, Amstrad CPC, Atari ST - 1990)",4.37,16
"Softporn Adventure (DOS, Apple II, Atari 8-bit - 1991)",3.50,10
Soko-Sex (DOS - 1994),4.44,9
Solitile (DOS - 1991),0.00,0
Solomon's Club (Game Boy - 1991),0.00,0
Solstice: The Quest for the Staff of Demnos (NES - 1990),5.00,1
"Sorcerer of Claymorgue Castle (DOS, Apple II, Atari 8-bit, C64 - 1993)",4.33,6
SOS (SNES - 1993),0.00,0
Soul of a Robot (Amstrad CPC - 1986),0.00,0
Space Doubt (C64 - 1985),0.00,0
Space NIM (C64 - 1983),0.00,0
Space Quest 6: Roger Wilco in the Spinal Frontier (DOS - 1995),4.11,47
"Space Quest I: Roger Wilco in the Sarien Encounter (DOS, Amiga - 1991)",4.45,29
"Space Quest II: Chapter II - Vohaul's Revenge (DOS, Amiga, Apple IIgs, Atari ST - 1987)",4.11,27
"Space Quest III: The Pirates of Pestulon (DOS, Amiga, Mac, Atari ST - 1989)",4.37,46
"Space Quest IV: Roger Wilco and the Time Rippers (DOS, Amiga, Mac - 1991)",4.49,54
Space Quest V: The Next Mutation (DOS - 1993),4.50,36
"Space Quest: Chapter I - The Sarien Encounter (DOS, Amiga, Apple IIgs, Atari ST - 1986)",4.60,52
Spanky's Quest (SNES - 1991),0.00,0
Spell of Destruction (C64 - 1985),0.00,0
"Spellbound (Amstrad CPC, Atari 8-bit, C64 - 1985)",0.00,0
Spellbound Dizzy (C64 - 1991),0.00,0
Spellcasting 101: Sorcerers get all the Girls (DOS - 1990),4.67,21
Spellcasting 201: The Sorcerer's Appliance (DOS - 1991),4.92,12
"Spherical (Amiga, Amstrad CPC, Atari ST, C64 - 1989)",3.00,2
"Spiderbot (DOS, Apple II, C64 - 1988)",3.89,9
"Spike in Transilvania (Amiga, C64 - 1991)",3.00,2
"Spindizzy (Amstrad CPC, Apple II, Atari 8-bit, C64 - 1986)",5.00,1
"Spindizzy Worlds (Amiga, Atari ST, SNES - 1990)",2.00,2
"Spooked (Amstrad CPC, C64 - 1989)",0.00,0
Spooks (Windows - 2006),4.00,5
Spooks (C64 - 1985),0.00,0
"Spot (DOS, Amiga, Atari ST, Game Boy, NES - 1990)",4.67,3
SPQR: The Empire's Darkest Hour (Mac - 1997),4.20,5
Spud's Adventure (Game Boy - 1991),0.00,0
"Spy Fox 2: ""Some Assembly Required"" (Mac - 1999)",4.40,15
"Spy Fox in ""Dry Cereal"" (Mac - 1997)",4.50,32
"Spy vs Spy (Amiga, Amstrad CPC, Apple II, Atari 8-bit, Atari ST, Commodore 16, C64, NES, PC-88 - 1989)",4.38,8
Spy-Trek Adventure (Amstrad CPC - 1986),0.00,0
Squarez Deluxe! (DOS - 1993),4.75,4
Squigs (Amiga - 1993),0.00,0
Stack-Up (NES - 1985),0.00,0
"Star Trek: 25th Anniversary (DOS, Amiga, Mac - 1992)",4.61,52
Star Trek: 25th Anniversary (NES - 1991),4.00,1
Star Trek: First Contact (DOS - 1988),5.00,3
Star Trek: Judgment Rites (DOS - 1993),4.68,19
Star Trek: Judgment Rites (Limited CD-ROM Collector's Edition) (DOS - 1995),4.72,29
"Star Trek: The Next Generation - ""A Final Unity"" (DOS, Mac - 1995)",4.45,20
Star Trek: The Next Generation - The Transinium Challenge (DOS - 1990),4.44,9
"Star Wars: Droids (Amstrad CPC, C64 - 1988)",3.00,2
Star Wars: DroidWorks (Mac - 1998),4.56,9
Starflight: A Cosmic Adventure (C64 - 1993),4.50,2
"Starion (Amstrad CPC, C64 - 1985)",4.00,1
"Starquake (DOS, Amstrad CPC, Atari 8-bit, C64 - 1988)",4.60,10
Starship Andromeda (C64 - 1985),4.00,1
Starship Titanic (Mac - 1999),4.56,9
StarTropics (NES - 1990),5.00,1
Stay Tooned! (Mac - 1996),4.60,10
"Steg the Slug (DOS, Amiga, Amstrad CPC, Atari ST, C64 - 1993)",4.50,2
Stellar Explorer: The Drosi Encounter (DOS - 1991),4.00,3
Step On It! (Mac - 1996),5.00,1
Steve Meretzky's Spellcasting 301: Spring Break (DOS - 1992),5.00,12
"Stifflip & Co. (Amstrad CPC, C64 - 1987)",4.00,1
"Stone Age (DOS, Amiga, Atari ST, C64 - 1992)",4.67,12
Stone Edge (C64 - 1991),0.00,0
Stone Raider II (Dragon 32/64 - 1986),0.00,0
Stop That Roach! (Game Boy - 1994),0.00,0
"Stormbringer (Amstrad CPC, C64 - 1987)",0.00,0
"Strange Loop (Amstrad CPC, C64 - 1985)",0.00,0
Streaker (Amstrad CPC - 1987),0.00,0
"Stryx (DOS, Amiga, Atari ST - 1990)",4.75,4
Stugan (DOS - 1986),3.00,1
Styx (DOS - 1984),3.87,8
Subsunk (C64 - 1985),5.00,1
Sultan's Maze (Amstrad CPC - 1984),0.00,0
Sunny Shine on the Funny Side of Life (C64 - 1990),5.00,1
"Supaplex (DOS, Amiga - 1991)",4.64,45
Super Bomberman (SNES - 1993),5.00,2
Super Bomberman 2 (SNES - 1994),5.00,1
Super Bomberman 3 (SNES - 1995),5.00,1
Super Bomberman 4 (SNES - 1996),5.00,1
Super Bomberman 5 (SNES - 1997),5.00,1
"Super Boulder Dash (DOS, Atari 8-bit, C64 - 1986)",3.60,5
Super Dany (SNES - 1994),0.00,0
Super Fortuna (Atari 8-bit - 1993),0.00,0
Super Glove Ball (NES - 1990),0.00,0
Super Gussun Oyoyo (SNES - 1995),0.00,0
"Super Skweek (Amiga, Amstrad CPC, Atari ST - 1990)",3.00,2
Super Solvers Mission: T.H.I.N.K. (Mac - 1999),4.00,10
Super Solvers: Challenge of the Ancient Empires! (DOS - 1990),4.76,45
Super Solvers: Gizmos & Gadgets! (DOS - 1993),4.46,176
Super Spy (Mac - 1996),5.00,1
Super ZZT (DOS - 1992),3.50,8
Superhero League of Hoboken (DOS - 1994),4.60,15
Surf Ninjas (DOS - 1994),4.50,4
Suske en Wiske: De Tijdtemmers (Game Boy Color - 2002),5.00,1
"Suspended (DOS, Amiga, Mac, Amstrad CPC, Apple II, Atari 8-bit, C64 - 1983)",5.00,6
"Suspicious Cargo (Amiga, Atari ST - 1991)",0.00,0
Sutte Hakkun (SNES - 1999),0.00,0
Sweet Home (NES - 1989),4.00,1
Sweevo's World (Amstrad CPC - 1986),0.00,0
Swibble Dibble (Amiga - 1993),5.00,2
Switch (DOS - 1982),0.00,0
Swords & Sorcery (Amstrad CPC - 1986),4.00,1
Sylvester and Tweety in Cagey Capers (Genesis - 1994),0.00,0
Symbiocom (Mac - 1998),0.00,0
System Shock (DOS - 1994),4.77,46
System's Twilight (Mac - 1994),5.00,1
T2: Terminator 2 - Judgment Day (Game Boy - 1991),5.00,1
Tactic (Atari 8-bit - 1992),0.00,0
Taglit: Nahesh Ota! (DOS - 1991),4.00,1
Tai-Chi Tortoise (C64 - 1991),0.00,0
"Tai-Pan (Amstrad CPC, C64 - 1987)",4.50,2
Tails Adventure (Game Gear - 1995),4.50,4
Taiyō no Shinden (PC-88 - 1986),0.00,0
Takahashi Meijin no Bōkenjima IV (NES - 1994),4.00,2
Take a Break! Crosswords (Windows 3.x - 1992),4.00,1
Take No Prisoners (Windows - 1997),4.67,3
Talking Phonics Plus (DOS - 1991),0.00,0
"Tanglewood (Amiga, Atari ST - 1988)",0.00,0
"Tangram (Amiga, Atari ST - 1991)",0.00,0
Tarkus and the Orbs of Doom (Atari 8-bit - 1993),5.00,1
Tautrix (Amiga - 1993),0.00,0
Tear Down the Wall (DOS - 1990),3.00,2
Technician Ted (Amstrad CPC - 1984),0.00,0
Temple of Kroz (DOS - 1990),0.00,0
Ten Little Indians (C64 - 1984),0.00,0
Tequila & Boom Boom (DOS - 1995),4.63,8
"Terrorpods (Amiga, C64 - 1987)",2.00,1
"Tesserae (DOS, Mac, Game Boy, Game Gear - 1993)",3.67,3
Tetcolor (DOS - 1991),4.00,6
Tetris (1991) (DOS - 1991),4.33,3
Textris (DOS - 1992),5.00,1
"Th!nk Cross (DOS, Amiga, Atari ST, C64 - 1992)",5.00,3
The 11th Hour (DOS - 1995),4.30,20
The 15 Puzzle (DOS - 1982),0.00,0
"The 7th Guest (DOS, Mac - 1993)",3.89,70
The Adventures of Down Under Dan (DOS - 1995),4.19,16
The Adventures of Lance (DOS - 1990),3.00,1
"The Adventures of Robin Hood (DOS, Amiga, Atari ST - 1992)",4.50,12
"The Adventures of Willy Beamish (DOS, Amiga - 1991)",4.87,93
The Amazing Adventures of ANSI Dude (DOS - 1995),5.00,2
The Argon Factor (C64 - 1990),0.00,0
The Awesome Adventures of Victor Vector & Yondo: The Cyberplasm Formula (Mac - 1995),4.00,1
The Awesome Adventures of Victor Vector & Yondo: The Hypnotic Harp (Mac - 1993),3.33,3
The Awesome Adventures of Victor Vector & Yondo: The Last Dinosaur Egg (Mac - 1993),4.00,1
The Beverly Hillbillies (DOS - 1993),3.91,11
"The Black Cauldron (DOS, Amiga, Apple II, Apple IIgs, Atari ST - 1986)",4.52,23
The Blade of Blackpoole (Atari 8-bit - 1983),0.00,0
"The Case of the Mixed-Up Shymer (Amstrad CPC, C64 - 1987)",0.00,0
The Cassandra Galleries (Mac - 1997),0.00,0
The Castle (PC-88 - 1985),5.00,1
The Castles of Dr. Creep (C64 - 1984),4.29,7
"The Cave of Time (Apple II, C64 - 1985)",0.00,0
The Challenge of the Matrix (Amiga - 1991),1.00,1
The Chaos Engine 2 (Amiga - 1996),4.50,4
"The Cool Croc Twins (DOS, Amiga, Atari ST, C64 - 1992)",5.00,2
The Crystal Frog (C64 - 1984),0.00,0
The Curse of Crowley Manor (Apple II - 1982),0.00,0
"The Curse of RA (DOS, Amiga, Atari ST, C64 - 1990)",2.75,4
The Dagger of Amon Ra (DOS - 1992),4.87,39
The Dark Half (DOS - 1992),3.86,7
"The Dark Heart of Uukrul (DOS, Apple II - 1990)",4.65,17
The Death Trap (PC-88 - 1984),0.00,0
The Demon Crystal (PC-88 - 1985),3.00,1
The Detective (C64 - 1986),0.00,0
The Dig (DOS - 1995),4.32,38
The Dolphin's Pearl (C64 - 1985),0.00,0
"The Eidolon (Amstrad CPC, Apple II, Atari 8-bit, C64 - 1986)",4.00,1
The Executioner (Amiga - 1991),0.00,0
"The Famous Five: Five on a Treasure Island (Amstrad CPC, C64 - 1990)",3.33,3
"The Fantastic Adventures of Dizzy (DOS, Amiga, Game Gear, Genesis, NES - 1994)",4.43,33
The Fennels Figure Math (Windows - 1996),0.00,0
The Fidgetts (Game Boy - 1993),0.00,0
"The Fifth Quadrant (Amstrad CPC, C64 - 1987)",0.00,0
"The Final Battle (DOS, Amiga, Atari ST - 1991)",3.60,5
The Final Crusade of Kroz (DOS - 1990),4.67,3
The Final Matrix (Amstrad CPC - 1987),0.00,0
The Flintstones: The Rescue of Dino & Hoppy (NES - 1991),5.00,1
"The Fool's Errand (DOS, Amiga, Mac - 1989)",4.50,10
"The Game of Harmony (DOS, Amiga, Amstrad CPC, Atari ST, C64, Game Boy - 1990)",5.00,3
"The Game of Life (DOS, Amiga - 1992)",1.00,1
The Game With No Name (DOS - 1990),4.75,4
"The Golden Voyage (C64, Dragon 32/64 - 1983)",0.00,0
"The Goonies (Amstrad CPC, Apple II, Atari 8-bit, C64 - 1986)",5.00,1
"The Great Circus Mystery starring Mickey & Minnie (Genesis, SNES - 1994)",5.00,1
"The Great Waldo Search (Genesis, NES, SNES - 1992)",1.00,1
"The Growing Pains of Adrian Mole (Amstrad CPC, C64 - 1988)",2.50,2
The Happiest Days of Your Life (C64 - 1986),0.00,0
"The Honeymooners (DOS, C64 - 1988)",5.00,4
The House at the Edge of Time (DOS - 1990),1.00,1
"The Humans (DOS, Amiga, Game Boy, Genesis, SNES - 1992)",4.50,12
The Humans: Insult to Injury (DOS - 1992),5.00,2
The Ignition Factor (SNES - 1994),0.00,0
"The Immortal (DOS, Amiga, Atari ST, Genesis, NES - 1991)",4.50,10
The Island of Dr. Brain (DOS - 1992),4.33,37
The Jetsons: George Jetson and the Legend of Robotopia (Amiga - 1989),5.00,2
The Jetsons: Invasion of the Planet Pirates (SNES - 1994),0.00,0
The Labyrinth of Time (DOS - 1993),3.91,11
The Last Express (Mac - 1997),3.00,4
"The Last Ninja (DOS, Amiga, Apple IIgs, Atari ST, C64 - 1988)",4.32,22
The Legacy: Realm of Terror (DOS - 1993),4.47,15
"The Legend of Apache Gold (Amstrad CPC, C64 - 1986)",5.00,1
"The Legend of Blacksilver (Apple II, C64 - 1988)",4.50,2
"The Legend of Kyrandia (DOS, Amiga - 1992)",4.70,58
The Legend of Kyrandia: Book 3 - Malcolm's Revenge (DOS - 1994),4.59,27
The Legend of Kyrandia: Hand of Fate (DOS - 1993),4.53,51
The Legend of Lotus Spring (Mac - 2000),3.00,1
"The Legend of William Tell (Amiga, Atari ST - 1990)",0.00,0
The Legend of Zelda (NES - 1986),5.00,6
The Legend of Zelda: A Link to the Past (SNES - 1991),3.50,4
The Legend of Zelda: Link's Awakening (Game Boy - 1993),4.75,8
The Legend of Zelda: Link's Awakening DX (Game Boy Color - 1998),5.00,1
"The Light Corridor (DOS, Amiga, Amstrad CPC, Atari ST - 1990)",4.60,5
The Lost Files of Sherlock Holmes (DOS - 1992),4.63,24
The Magic Garden (Amiga - 1991),1.00,1
"The Magnetic Scrolls Collection (DOS, Amiga, Atari ST - 1991)",4.30,17
The Miser's House (DOS - 1981),4.50,4
"The Munsters (DOS, Amiga, Amstrad CPC, Atari ST, C64 - 1993)",1.00,1
"The Neverending Story (Amstrad CPC, Apple II, Atari 8-bit, C64 - 1985)",5.00,1
The Neverhood (Windows - 1996),4.56,93
The New Addams Family Series (Game Boy Color - 2002),0.00,0
The New Adventures of the Time Machine (Windows - 2000),5.00,2
The Ooze (Genesis - 1995),0.00,0
The Original (Atari ST - 1993),0.00,0
The Orion Conspiracy (DOS - 1995),3.63,8
"The Power (DOS, Amiga, C64 - 1991)",2.00,1
"The Price of Magik (Amstrad CPC, Atari 8-bit, C64 - 1986)",3.00,1
The Prisoner (Apple II - 1980),5.00,1
"The Prophecy (DOS, Amiga, Atari ST - 1993)",4.74,23
"The Quest (DOS, Mac, Apple II, Atari 8-bit, C64, PC-88 - 1984)",3.00,1
The Quest for the Holy Grail (C64 - 1985),3.00,1
The Quest of Ki (NES - 1988),0.00,0
The Quest of Kwirk's Castle (DOS - 1991),0.00,0
The Real Ghostbusters (Game Boy - 1992),0.00,0
The Ren & Stimpy Show: Veediots! (SNES - 1993),0.00,0
"The Residents' Bad Day on the Midway (Windows 3.x, Mac - 1995)",5.00,5
The Return of Ishtar (PC-88 - 1987),0.00,0
"The Rocky Horror Show (Amstrad CPC, Apple II, C64 - 1985)",0.00,0
The Rollercoaster Experience (Atari ST - 1995),0.00,0
The Sacred Amulet (Windows - 1999),0.00,0
"The Saga of Erik the Viking (Amstrad CPC, C64 - 1984)",4.00,3
"The Scrolls of Abadon (Atari 8-bit, C64 - 1984)",0.00,0
The Second Kids' World Almanac Adventure (DOS - 1990),5.00,2
"The Secret Island of Dr. Quandary (DOS, Mac - 1992)",4.28,29
"The Secret of Monkey Island (Amiga, Mac, Atari ST - 1990)",4.20,74
"The Sentry (DOS, Amiga, Amstrad CPC, Atari ST, C64 - 1989)",4.70,10
The Serpent's Star (Atari 8-bit - 1983),0.00,0
"The Simpsons: Bart vs. the Space Mutants (DOS, Amiga, Amstrad CPC, Atari ST, C64, Game Gear, Genesis, NES - 1991)",4.24,17
The Snow Queen (C64 - 1986),0.00,0
The Staff of Karnath (C64 - 1984),0.00,0
The Sting! (Windows - 2001),4.25,4
"The Stone of Sisyphus (Apple II, Atari 8-bit - 1980)",1.00,1
The Summoning (DOS - 1992),4.65,29
"The Survivors (Amstrad CPC, Commodore 16, C64 - 1988)",0.00,0
The Sword of Hope (Game Boy - 1989),0.00,0
The Thompson Twins Adventure (C64 - 1984),0.00,0
The Thor Trilogy (DOS - 1990),5.00,1
The Time Warp of Dr. Brain (Mac - 1996),4.30,10
The Tower of Druaga (NES - 1985),0.00,0
"The Tracer Sanction (DOS, Apple II, C64 - 1984)",5.00,2
"The Trap Door (Amstrad CPC, C64, ZX Spectrum - 1986)",5.00,1
The Trials of Odysseus Kent (DOS - 2002),0.00,0
The Ultimate Stuntman (NES - 1990),0.00,0
"The Unorthodox Engineers: The Pen and the Dark (C64, ZX Spectrum - 1984)",0.00,0
The Usurper: The Mines Of Qyntárr (DOS - 1989),5.00,3
"The Very Big Cave Adventure (Amstrad CPC, C64, ZX Spectrum - 1986)",3.00,1
"The White Barrows (Dragon 32/64, ZX Spectrum - 1984)",0.00,0
"The Witch's Cauldron (C64, ZX Spectrum - 1985)",3.00,1
"The Wizard of Akyrz (Atari 8-bit, C64 - 1983)",0.00,0
The Wizard of Oz (SNES - 1993),0.00,0
"The Worm in Paradise (Amstrad CPC, C64 - 1986)",3.50,2
"The Yukon Trail (Windows 3.x, Mac - 1994)",4.31,26
"Theme Park Mystery (DOS, Amiga - 1990)",2.40,5
"They $tole a Million (Amstrad CPC, C64 - 1986)",4.00,1
"Thing on a Spring (Amstrad CPC, C64 - 1986)",0.00,0
Think Twice (Amiga - 1991),0.00,0
Thinker (Atari 8-bit - 1992),0.00,0
Thinkin' Things Collection 3 (Mac - 1995),4.29,7
Thinking Games 2 (DOS - 1993),4.29,7
Three Weeks in Paradise (Amstrad CPC - 1986),0.00,0
"Through the Trap Door (Amstrad CPC, C64 - 1987)",3.00,1
"Thunderbirds (Amiga, Amstrad CPC, C64 - 1989)",1.00,1
Thunderbirds (C64 - 1985),3.00,1
Tiles of Fate (NES - 1990),0.00,0
Tiles of the Dragon (DOS - 1993),4.00,1
"Tilt (DOS, Amiga, C64 - 1992)",3.00,2
Time (Amiga - 1989),0.00,0
Time and Magik: The Trilogy (DOS - 1988),3.80,5
Time Gate: Knight's Chase (DOS - 1996),4.82,11
Time Lock (Amiga - 1993),0.00,0
"Time Machine (Amiga, Amstrad CPC, Atari ST, C64 - 1990)",1.00,1
"Time Race (DOS, Amiga - 1990)",3.25,4
Time Trax (C64 - 1986),0.00,0
Time Trucker (C64 - 1984),4.00,1
"Time Zone (Apple II, PC-88 - 1982)",0.00,0
Timekeepers (Amiga - 1995),1.00,1
Timequest (DOS - 1991),5.00,7
Tiny Toon Adventures: Buster's Hidden Treasure (Genesis - 1993),4.00,4
Tip Trick (Amiga - 1990),0.00,0
"Tir Na Nog (Amstrad CPC, C64 - 1986)",5.00,1
"Titanic: Adventure Out of Time (Windows, Mac - 1999)",4.48,46
Titanic: The Recovery Mission (C64 - 1986),5.00,2
Todd's Adventures in Slime World (Genesis - 1992),0.00,0
Tom & Jerry (Game Boy - 1992),5.00,1
Tom & Jerry: Yankee Doodle's CAT-astrophe (DOS - 1990),4.36,78
"Tom and The Ghost (DOS, Amiga, Atari ST - 1990)",4.67,3
Tombs & Treasure (NES - 1988),0.00,0
Tommy's Blob (DOS - 1986),1.00,1
Tommy's Connecting Point (DOS - 1988),5.00,1
Tommy's Crosswords (DOS - 1986),0.00,0
Tommy's Cryptoquips (DOS - 1992),0.00,0
Tommy's Double L (DOS - 1987),5.00,1
Tommy's Energy Fence (DOS - 1986),0.00,0
Tommy's Gorilla Ball Gotcha (DOS - 1987),5.00,1
Tommy's Gorilla Ball Pythons (DOS - 1986),1.00,1
Tommy's Gorilla Ball Train (DOS - 1987),5.00,2
Tommy's Hanoi (DOS - 1987),4.00,1
Tommy's High Iq (DOS - 1987),0.00,0
Tommy's Hyperdrive (DOS - 1986),1.00,1
Tommy's Jottomania (DOS - 1989),0.00,0
Tommy's Nim (DOS - 1987),4.00,1
Tommy's Nite Lites! (DOS - 1995),1.00,1
Tommy's Plates (DOS - 1989),0.00,0
Tommy's Think II (DOS - 1995),0.00,0
Tommy's Tic-Tac-Toe (DOS - 1987),5.00,1
Tommy's Trifles (DOS - 1987),5.00,1
Tommy's Wheel of Misfortune (DOS - 1987),5.00,1
Tommy's Wizards (DOS - 1986),3.00,1
"Top Cat in Beverly Hills Cats (Amiga, Amstrad CPC, C64 - 1990)",2.00,1
"Top Secret (DOS, Amstrad CPC - 1987)",5.00,1
"Torin's Passage (DOS, Mac - 1995)",4.48,64
"Total Eclipse (DOS, Amiga, Amstrad CPC, Atari ST, C64 - 1989)",4.80,10
Total Eclipse: Special Edition (Amstrad CPC - 1989),0.00,0
Touché: The Adventures of the Fifth Musketeer (DOS - 1995),4.21,19
Tower of Babel (Amiga - 1990),3.00,2
"Traffic (Amstrad CPC, C64 - 1985)",4.00,2
Trampoline Terror! (Genesis - 1990),0.00,0
Transversion (ZX Spectrum - 1984),0.00,0
"Transylvanian Tower (C64, Dragon 32/64, ZX Spectrum - 1983)",0.00,0
"Treasure Cove! (DOS, Mac - 1992)",4.60,48
"Treasure Galaxy! (DOS, Mac - 1994)",4.59,39
Treasure Hunt (DOS - 1982),5.00,2
"Treasure Island Dizzy (Amiga, Amstrad CPC, Atari ST, C64, ZX Spectrum - 1989)",5.00,2
Treasure Quest (Mac - 1996),5.00,1
"Treasure Trap (DOS, Amiga, Atari ST - 1990)",3.83,6
Trilogy (DOS - 1987),3.00,2
Trishow (Windows - 1998),5.00,1
Triskelion (DOS - 1987),5.00,1
TriTryst (Mac - 1996),5.00,1
Trix (Atari 8-bit - 1992),5.00,1
"Troddlers (DOS, Amiga, SNES - 1993)",5.00,2
Troika (DOS - 1991),4.00,4
"Troll's Tale (DOS, Apple II, Atari 8-bit, C64 - 1984)",4.22,9
"Trolls and Tribulations (Apple II, Atari 8-bit, C64 - 1984)",4.00,3
Trolls on Treasure Island (NES - 1992),0.00,0
Tubes (DOS - 1993),3.00,2
"Turn It (DOS, Amiga, C64 - 1990)",1.00,1
"Turn It II (Amiga, C64 - 1991)",3.00,2
"Tusker (Amiga, Amstrad CPC, Atari ST, C64, ZX Spectrum - 1990)",3.50,2
"Twice Shy (Amstrad CPC, ZX Spectrum - 1986)",0.00,0
Twister (C64 - 1988),0.00,0
Type-Rope (ZX Spectrum - 1985),0.00,0
U235 (Atari 8-bit - 1992),0.00,0
"Ultima (Apple II, Atari 8-bit - 1981)",5.00,1
"Ultima I: The First Age of Darkness (DOS, Apple II, C64, PC-88 - 1987)",4.28,36
"Ultima II: The Revenge of the Enchantress... (DOS, Mac, Apple II, Atari 8-bit, Atari ST, C64, PC-88 - 1983)",4.22,18
"Ultima IV: Quest of the Avatar (DOS, Amiga, Apple II, Atari 8-bit, Atari ST, C64, NES, PC-88, PC-98 - 1987)",4.53,34
"Ultima V: Warriors of Destiny (DOS, Amiga, Apple II, Atari ST, C64, NES - 1988)",4.65,31
"Ultima VI: The False Prophet (DOS, Amiga, Atari ST, C64, SNES - 1990)",4.28,46
Ultima VII: Part Two - Serpent Isle (DOS - 1993),4.65,23
Ultima VII: The Black Gate (DOS - 1992),4.59,53
Ultima: Runes of Virtue (Game Boy - 1991),0.00,0
"Ultima: Runes of Virtue II (Game Boy, SNES - 1993)",0.00,0
Ultima: The Black Gate (SNES - 1994),0.00,0
Ultimate Wizard (C64 - 1986),4.60,5
Uncle Albert's Magical Album (Mac - 1998),4.33,3
UNDAKE 30: Same Game Daisakusen - Mario Version (SNES - 1995),5.00,1
"Underwurlde (C64, ZX Spectrum - 1985)",0.00,0
United States Quiz (DOS - 1993),4.67,3
"Universal Hero (Atari 8-bit, ZX Spectrum - 1987)",0.00,0
"Universe (DOS, Amiga - 1994)",4.90,10
"Universe 3 (DOS, Amiga, Atari ST - 1989)",4.31,13
"Unreal (DOS, Amiga, Atari ST - 1991)",4.20,5
Up Side Town (DOS - 1993),0.00,0
UXB (Dragon 32/64 - 1983),0.00,0
"V (Amstrad CPC, C64, ZX Spectrum - 1986)",0.00,0
Valhalla and the Fortress of Eve (Amiga - 1996),3.75,4
Valhalla and the Lord of Infinity (Amiga - 1994),4.00,4
Valhalla: Before the War (Amiga - 1995),3.50,2
"Valkyrie 17 (C64, ZX Spectrum - 1985)",0.00,0
Vampire's Castle Adventure (DOS - 1984),3.40,5
"Venom (DOS, Amstrad CPC, C64, ZX Spectrum - 1987)",4.00,2
Versailles 1685 (DOS - 1997),3.75,4
VGAWHEEL (DOS - 1990),5.00,2
Vier op een rij (DOS - 1990),0.00,0
VIQ-Bert (VIC-20 - 2002),0.00,0
"Vision: The 5 Dimension Utopia (DOS, Amiga - 1992)",1.00,1
Vlak (DOS - 1993),4.00,4
Voodoo Island (DOS - 1985),5.00,3
"Voodoo Nightmare (Amiga, Atari ST - 1990)",0.00,0
"Voyeur (DOS, Mac - 1994)",3.80,20
Vs. Wrecking Crew (NES - 1985),5.00,1
Wall Pipe (DOS - 1993),3.60,5
Wallace & Gromit in Project Zoo (Windows - 2003),0.00,0
Wanderer (DOS - 1988),5.00,4
Wanted!: Monty Mole (C64 - 1984),3.00,3
Wanted: Monty Mole (ZX Spectrum - 1984),0.00,0
"Warlock (Genesis, SNES - 1994)",0.00,0
Waterputer (DOS - 1991),5.00,1
"Waxworks (DOS, Amiga - 1992)",4.34,36
"Waxworks (Atari 8-bit, C64, Dragon 32/64, ZX Spectrum - 1984)",0.00,0
Wayne's World (DOS - 1993),3.78,9
Webmaster (Mac - 1999),5.00,1
"Weird Dreams (DOS, Amiga, Atari ST, C64 - 1989)",4.75,8
Welcome to the Future (Mac - 1995),3.00,1
"Werewolves of London (Amstrad CPC, C64, ZX Spectrum - 1987)",0.00,0
West (C64 - 1984),0.00,0
Wheel of Fortune (Game Boy - 1990),0.00,0
Wheel of Fortune: Golden Edition (DOS - 1989),4.77,26
"Wheel of Fortune: New 3rd Edition (DOS, C64 - 1988)",4.91,15
"Wheel of Fortune: New Second Edition (DOS, C64 - 1988)",4.64,25
Where in America's Past is Carmen Sandiego? (DOS - 1991),4.30,10
Where in Space is Carmen Sandiego? (Deluxe Edition) (DOS - 1993),4.43,7
Where in Space is Carmen Sandiego? (Enhanced) (DOS - 1993),4.46,13
"Where in the World is Carmen Sandiego? (DOS, Amiga, Apple IIgs, Atari ST, Genesis, SNES - 1990)",4.32,134
"Where in Time is Carmen Sandiego? (DOS, Amiga, C64, Genesis, NES, SNES - 1990)",3.85,13
"Where Time Stood Still (DOS, Atari ST, ZX Spectrum - 1987)",4.80,5
Where's Waldo? (NES - 1991),1.00,1
Who Framed Roger Rabbit (Game Boy - 1991),5.00,1
Who Said That? (ZX Spectrum - 1987),0.00,0
Whoops! 2 (Atari 8-bit - 1993),0.00,0
Will: The Death Trap II (PC-88 - 1985),1.00,1
William Wobbler (C64 - 1985),2.00,1
"Winnie the Pooh in the Hundred Acre Wood (DOS, Amiga, Apple II, C64 - 1985)",3.75,8
Winter Camp (C64 - 1992),0.00,0
Wisielec (Amiga - 1994),3.00,4
Wizard (C64 - 1984),3.00,7
Wizard of Id's WizMath (C64 - 1984),0.00,0
"Wizard's Lair (Amstrad CPC, C64, ZX Spectrum - 1985)",5.00,1
Wizardry Gold (Mac - 1996),5.00,2
Wizardry: The First Episode - Suffering of the Queen (Game Boy - 1991),0.00,0
Wizards Spell (ZX Spectrum - 1986),0.00,0
"Wizkid: The Story of Wizball II (DOS, Amiga, Atari ST - 1992)",4.57,7
"Wolfman (Amstrad CPC, C64, ZX Spectrum - 1988)",0.00,0
Wolfsbane (DOS - 1995),3.75,8
"Wonderland (DOS, Amiga, Atari ST - 1990)",3.80,10
Word Seeking (DOS - 1984),0.00,0
Worms Blast (Mac - 2003),4.75,4
Wrath of the Gods (Mac - 1994),5.00,7
Wrecking Crew '98 (SNES - 1998),0.00,0
"Write your own Adventure Programs for your Microcomputer (Apple II, Dragon 32/64 - 1983)",0.00,0
Wumpus II (DOS - 1983),3.00,1
X-It (Amiga - 1994),1.00,1
"X-Men (DOS, C64 - 1989)",4.27,11
Xak Precious Package: The Tower of Gazzel (PC-88 - 1991),0.00,0
"Xanagrams (Amstrad CPC, C64, ZX Spectrum - 1984)",0.00,0
Xonix (DOS - 1984),4.52,35
"Xor (Amstrad CPC, Atari ST, C64, ZX Spectrum - 1987)",0.00,0
XXIV! (DOS - 1993),3.00,5
"Yogi Bear (Amstrad CPC, C64, ZX Spectrum - 1987)",0.00,0
Yogi Bear's Math Adventures (DOS - 1990),5.00,5
Young Merlin (SNES - 1993),5.00,1
"Zak McKracken and the Alien Mindbenders (DOS, Amiga, Atari ST, C64 - 1988)",4.00,20
Zamzara (C64 - 1988),4.50,2
Zeddas: Servant of Sheol (Mac - 1996),0.00,0
Zeek The Geek Part One (Windows - 2000),4.64,39
Zeek The Geek Part Two (Windows - 2000),4.40,60
Zelda II: The Adventure of Link (NES - 1987),4.29,7
"Zenji (Atari 8-bit, ColecoVision, C64, ZX Spectrum - 1984)",0.00,0
Zero Critical (Mac - 1998),5.00,2
Zerphod (Atari ST - 1987),0.00,0
Zodiac / The Search for the Secret of Life (C64 - 1987),5.00,1
"Zombi (DOS, Amiga, Amstrad CPC, Atari ST, C64, ZX Spectrum - 1990)",4.08,15
"Zombies (Atari 8-bit, C64, ZX Spectrum - 1983)",4.00,1
"Zoom! (DOS, C64 - 1988)",5.00,2
Zoomerang (C64 - 1991),0.00,0
"Zoop (DOS, Mac, Game Boy, Game Gear, Genesis, SNES - 1995)",3.33,3
"Zork: The Undiscovered Underground (Windows, Mac, C64 - 1997)",5.00,1
"Zorro (Amstrad CPC, Apple II, Atari 8-bit, C64, ZX Spectrum - 1986)",5.00,2
ZZT (DOS - 1991),4.67,12
πr² (C64 - 1987),5.00,1
