Title,Average Rating,Number of Ratings
1993tris (DOS - 1993),2.69,13
"2400 A.D. (DOS, Apple II - 1988)",4.11,15
3D Desert Patrol (ZX Spectrum - 1983),5.00,1
3D Lemmings Winterland (DOS - 1995),3.60,10
3D Pitfall (DOS - 1995),3.56,16
"747 Flight Simulator (Atari 8-bit, C64, Dragon 32/64 - 1983)",5.00,3
A Clue's Solution (DOS - 1993),0.00,0
"A Ressha de Ikō (NES, PC-88 - 1991)",5.00,2
"A-Train Construction Set (DOS, Amiga - 1992)",4.50,14
Abandoned Places 2 (Amiga - 1993),3.50,4
"Abandoned Places: A Time for Heroes (DOS, Amiga - 1992)",4.41,12
Abomination (Windows - 1999),4.00,1
Across the Rhine (DOS - 1995),3.97,29
"Advanced Destroyer Simulator (DOS, Amiga, Amstrad CPC, Atari ST - 1990)",4.70,10
Affili8! (C64 - 2008),0.00,0
"Age of Empires (Windows, Mac - 1997)",4.46,160
Age of Empires II: Gold Edition (Mac - 2001),4.11,362
"Air Force Commander (DOS, Amiga - 1992)",4.36,14
"Air Support (Amiga, Atari ST - 1992)",5.00,2
Air Traffic Controller (DOS - 1985),4.00,5
Airline Tycoon Evolution (Windows - 2002),5.00,2
Aleshar: The World of Ice (DOS - 1997),3.86,7
"Aliants: The Desperate Battle For Earth! (DOS, Atari 8-bit, Atari ST, C64 - 1988)",3.75,4
"Alien (Amstrad CPC, C64 - 1985)",4.33,3
Alien Blockade (Atari ST - 1991),0.00,0
Alien Garden (Atari 8-bit - 1982),0.00,0
Alien Nations (Mac - 2001),4.40,5
Amazing (DOS - 1993),0.00,0
Amelie Minuit (Amstrad CPC - 1985),0.00,0
Android One: The Reactor Run (Amstrad CPC - 1985),5.00,1
Ant Run (DOS - 1996),4.75,4
AntiC (DOS - 1991),0.00,0
"Archipelagos (DOS, Amiga, Atari ST - 1989)",5.00,5
"Archon: The Light and the Dark (DOS, Amiga, Amstrad CPC, Apple II, Atari 8-bit, C64, NES, PC-88 - 1984)",4.32,25
"Arctic (NES, PC-88 - 1990)",4.00,1
"Arctic Baron (DOS, Amiga - 1993)",4.75,8
Argo (PC-88 - 1986),5.00,1
Armor Command (Windows - 1998),5.00,3
Athletic World (NES - 1986),0.00,0
Atomic Tetris (DOS - 1991),0.00,0
"Atomino (DOS, Amiga, Mac, Atari ST, C64 - 1990)",4.40,5
Atrox (Windows - 2001),0.00,0
Axis & Allies (Windows - 2004),0.00,0
"Aztec Challenge (Atari 8-bit, C64, VIC-20 - 1982)",5.00,3
Aztec Wars (Windows - 1999),4.67,3
"B.A.T. (DOS, Amiga, Amstrad CPC, Atari ST, C64 - 1990)",3.61,18
Baku Baku Animal (Game Gear - 1996),1.00,1
Baldies (DOS - 1996),4.59,12
Ballgame 2 (DOS - 1992),4.67,3
"Ballistix (DOS, Amiga, Atari ST, C64 - 1989)",4.33,6
"Battalion Commander (Apple II, Atari 8-bit, C64 - 1985)",5.00,2
Battle Bugs (DOS - 1994),4.23,180
Battle Commander: Return of Waroid (Windows - 1999),5.00,1
"Battle for Midway (Amstrad CPC, C64 - 1985)",4.33,3
"Battle of Britain (Amstrad CPC, C64 - 1985)",3.80,5
Battlecruiser 3000AD v2.0 (Windows - 1998),5.00,6
BattleTech: The Crescent Hawks' Revenge (DOS - 1990),4.85,13
Battlezone II: Combat Commander (Windows - 1999),4.59,114
Beasts & Bumpkins (Windows - 1997),0.00,0
Beyond Columns (DOS - 1989),2.00,2
"Bill & Ted's Excellent Adventure (DOS, Amiga, C64 - 1990)",3.67,15
Bishōjo Senshi Sailor Moon S: Kurukkurin (SNES - 1995),0.00,0
"Bismarck (Amiga, Apple II, Atari 8-bit, Atari ST, C64 - 1988)",0.00,0
Black & White (Windows - 2001),4.39,67
Black & White 2 (Windows - 2005),3.57,7
Black Crypt (Amiga - 1992),5.00,6
Blitzer (Windows 3.x - 1991),5.00,1
"Blockout (DOS, Amiga, Mac, Apple IIgs, Atari ST, C64, Genesis - 1989)",4.55,22
Blocks from Hell (DOS - 1993),4.00,1
Blodia (Game Boy - 1990),0.00,0
Blood & Magic (DOS - 1996),4.91,11
Blox (DOS - 1991),2.50,2
Blue Balls (DOS - 1991),5.00,1
Bocus (DOS - 1989),0.00,0
Boggle Plus (Game Boy - 1992),0.00,0
Bograts: The Puzzling Misadventure (Amiga - 1996),5.00,1
"Bokosuka Wars (NES, PC-88 - 1985)",5.00,1
Bolo (Mac - 1989),4.25,8
Bomb Squad (DOS - 1992),3.33,3
Bomberman Quest (Game Boy Color - 1998),0.00,0
"Bombuzal (DOS, Amiga, Atari ST, C64, SNES - 1989)",4.00,6
"Border Zone (DOS, Mac, C64 - 1987)",4.75,8
"Boston Bomb Club (DOS, Amiga, Atari ST - 1991)",5.00,4
Boxzum (DOS - 1989),0.00,0
Brain Drain (Game Boy - 1998),0.00,0
"Bravo Romeo Delta (DOS, Amiga - 1993)",4.00,7
Breach 3 (DOS - 1995),4.17,23
"Breakers (DOS, Atari ST, C64 - 1986)",3.67,3
"BreakThru! (Mac, Game Boy, SNES - 1994)",0.00,0
Bridge Hopper (DOS - 1990),4.00,2
Bridge-It (Amstrad CPC - 1984),5.00,1
Brigade Commander (Amiga - 1991),5.00,2
"Brimstone (DOS, Mac, Atari 8-bit, C64 - 1985)",1.00,1
Brix (DOS - 1992),4.37,19
Bubble Bath Babes (NES - 1991),0.00,0
Bubble Crack (DOS - 1995),5.00,1
"Builderland: The Story of Melba (Amiga, Amstrad CPC, Atari ST - 1991)",5.00,1
Bushi Seiryūden: Futari no Yūsha (SNES - 1997),0.00,0
"Bust-A-Move (Game Gear, SNES - 1996)",0.00,0
Bust-A-Move 4 (Game Boy Color - 1999),4.00,1
Bust-A-Move Again (Game Boy - 1997),3.50,2
Caesar III (Mac - 1999),4.18,84
"Cannon Fodder (DOS, Amiga, Atari ST, Genesis, SNES - 1994)",4.64,72
"Cannon Fodder 2 (DOS, Amiga - 1994)",4.43,37
"Capitalism (DOS, Mac - 1995)",4.40,48
"Carrier Command (DOS, Amiga, Mac, Amstrad CPC, Atari ST, C64 - 1989)",4.54,26
Carriers at War 1941-1945: Fleet Carrier Operations in the Pacific (C64 - 1984),5.00,2
Castle Adventure (DOS - 1984),3.90,10
"Castles II: Siege & Conquest (DOS, Amiga, Mac - 1992)",4.45,94
Caverns of Kroz (DOS - 1989),5.00,1
Caverns of Kroz II (DOS - 1990),5.00,2
Caverns of Zoarre (DOS - 1984),3.00,2
"Centurion: Defender of Rome (DOS, Amiga, Genesis - 1990)",4.59,72
Chain Reaction (Atari ST - 1991),0.00,0
Championship Soccer '94 (SNES - 1993),0.00,0
Chaos Seed: Fūsui Kairōki (SNES - 1996),0.00,0
Chipy (Commodore 16 - 1989),0.00,0
Chomp (Windows 3.x - 1991),5.00,1
Clonk (DOS - 1994),3.50,2
Clonk Advanced Players Edition (DOS - 1995),5.00,1
Clonk Endeavour (Windows - 2004),4.00,2
"Clonk Rage (Windows, Mac, Linux - 2007)",5.00,1
"Close Combat (Windows, Mac - 1996)",5.00,9
Close Combat III: The Russian Front (Windows - 1999),4.91,11
"Close Combat: A Bridge Too Far (Windows, Mac - 1997)",4.65,17
Close Combat: The Battle of the Bulge (Windows - 1999),4.67,6
Cobra Mission (DOS - 1992),4.24,145
"Cogito (Windows 3.x, Mac - 1992)",3.80,5
Coloris (Amiga - 1990),5.00,1
Colorix (Apple II - 2004),0.00,0
"Columns (Game Gear, Genesis, PC-88, PC-98, SNES - 1990)",3.00,1
Columns III: Revenge of Columns (Genesis - 1993),0.00,0
Combination Lock (DOS - 1992),4.82,22
Command & Conquer (DOS - 1995),4.69,121
Command & Conquer: Red Alert (DOS - 1996),4.63,49
Command & Conquer: Red Alert 2 (Windows - 2000),4.57,645
Command & Conquer: Tiberian Sun (Windows - 1999),4.53,36
"Command H.Q. (DOS, Mac - 1990)",4.68,22
Complete Kroz Series (DOS - 1987),4.00,10
Computer Operator (DOS - 1982),5.00,1
"Conflict in Vietnam (DOS, Apple II, Atari 8-bit, C64 - 1986)",4.31,16
Connex (DOS - 1992),1.00,1
"Conqueror (DOS, Amiga, Atari ST - 1990)",3.80,5
Constructor (DOS - 1997),4.51,21
Controller (Atari 8-bit - 1982),4.00,1
Corporate Raider: The Pirate of Wall St. (DOS - 1988),4.63,8
Corporation (C64 - 1988),5.00,1
Cyberstorm 2: Corporate Wars (Windows - 1998),4.86,7
Cyberwar (Mac - 1994),5.00,1
"Cytron Masters (DOS, Atari 8-bit - 1982)",3.25,4
"D-Day (DOS, Amiga, Amstrad CPC, Atari ST - 1992)",4.64,14
Daedalian Opus (Game Boy - 1990),0.00,0
Daisenryaku IV (PC-98 - 1992),0.00,0
Damage Incorporated (Mac - 1997),4.60,5
Dark Colony (Windows - 1997),4.27,11
Dark Sceptre (Amstrad CPC - 1988),0.00,0
Darkhorn: Realm of the Warlords (C64 - 1985),5.00,1
Darklands (DOS - 1992),4.57,93
"Das Boot: German U-Boat Simulation (DOS, Amiga - 1990)",3.94,17
"Day of the Pharaoh (DOS, Amiga, Atari ST - 1989)",3.63,16
Death from Above (Mac - 1995),2.00,1
Decathlon (NES - 1992),0.00,0
Defcon 5 (DOS - 1987),3.67,3
"Defcon 5 (Amiga, C64 - 1988)",4.00,1
Defender of Boston: The Rock Island Mystery (DOS - 1992),3.43,7
Design Your Own Railroad (DOS - 1992),4.12,8
Designasaurus II (DOS - 1990),4.52,25
"Destructo (Amstrad CPC, C64 - 1987)",0.00,0
Detonator (Atari ST - 1990),0.00,0
Deuce (Atari ST - 1992),0.00,0
"Devon Aire in the Hidden Diamond Caper (Amiga, Atari ST, C64 - 1989)",0.00,0
"Diablo (Amiga, C64, PC-88 - 1987)",0.00,0
Diggers 2: Extractors (DOS - 1995),4.63,8
Disney's Atlantis: The Lost Empire - The Lost Games (Mac - 2001),5.00,1
"Ditris (Amiga, C64 - 1991)",0.00,0
"Dominium (DOS, Amiga, Atari ST - 1992)",4.45,9
Dominus (DOS - 1994),4.73,11
Double Talk: Sports Edition (Windows 3.x - 1994),0.00,0
DoubleLink (DOS - 1991),0.00,0
"Dr. Mario (Game Boy, NES, SNES - 1990)",4.00,4
"Dr. Robotnik's Mean Bean Machine (Game Gear, Genesis - 1993)",0.00,0
Dr. Rudy (DOS - 1992),4.60,5
"Dr. Ruth's Computer Game of Good Sex (DOS, C64 - 1986)",3.72,25
Dragon Crystal (Game Gear - 1990),5.00,1
Dragon Slayer Gaiden (Game Boy - 1992),0.00,0
"Drakkhen (DOS, Amiga, Atari ST, SNES - 1990)",4.25,8
"Dream Warrior (DOS, Amstrad CPC, C64 - 1989)",5.00,1
Drop It! (Atari 8-bit - 1993),4.00,1
Duel (PC-88 - 1989),0.00,0
Dune 2000 (Windows - 1998),4.53,45
"Dune II: The Building of a Dynasty (DOS, Amiga - 1992)",4.84,130
Dune: The Battle for Arrakis (Genesis - 1994),5.00,2
Dungeon (PC-88 - 1983),0.00,0
Dungeon Hack (DOS - 1993),4.28,51
"Dungeon Master (DOS, Amiga, Apple IIgs, Atari ST, PC-98, SNES - 1992)",4.68,50
"Dungeon Master II: Skullkeep (DOS, Amiga, Mac - 1995)",4.62,47
Dungeons of Kroz (DOS - 1989),5.00,1
Dyna Brothers (Genesis - 1992),0.00,0
Dyna Brothers 2 (Genesis - 1993),0.00,0
Dynatech (DOS - 1992),3.67,3
Earth 2140 (Mac - 2001),3.64,11
"Eco (Amiga, Atari ST - 1988)",4.00,2
"Eden Blues (DOS, Amstrad CPC - 1987)",5.00,6
Egaint (DOS - 1989),5.00,3
"Election (Amstrad CPC, C64 - 1987)",4.50,2
"Elite (DOS, Amiga, Amstrad CPC, Apple II, Atari ST, C64, NES - 1987)",4.24,33
"Elvira (DOS, Amiga, Atari ST, C64, PC-98 - 1990)",4.65,37
Emperor: Battle for Dune (Windows - 2001),3.67,3
Enemy Infestation (Windows - 1998),4.75,8
Enemy Nations (Windows - 1996),5.00,5
Enigma Force (C64 - 1986),5.00,2
Eradicator (DOS - 1996),5.00,2
"Essex (DOS, Atari 8-bit, C64 - 1985)",5.00,1
Etemible: Tenjō Mukyū (PC-98 - 1995),0.00,0
Europa Universalis II (Mac - 2003),4.27,11
"Evening Star (Amstrad CPC, C64 - 1987)",0.00,0
Evolution: The Game of Intelligent Life (Windows - 1997),4.62,13
Excalibur (Atari 8-bit - 1983),0.00,0
Expert Common Knowledge (DOS - 1992),5.00,1
Exploding Atoms (DOS - 1992),4.00,1
"Extase (DOS, Amiga, Atari ST - 1991)",4.00,3
"Eye of the Beholder (DOS, Amiga, SNES - 1991)",4.53,61
"Eye of the Beholder II: The Legend of Darkmoon (DOS, Amiga - 1991)",4.52,45
"Eye of the Beholder III: Assault on Myth Drannor (DOS, PC-98 - 1993)",4.34,29
F/A-18 Precision Strike Fighter (Windows - 2001),5.00,4
"Faces ...tris III (DOS, Amiga, Mac - 1990)",2.87,8
Factory Panic (Game Gear - 1991),0.00,0
Fantasy Empires (DOS - 1993),4.64,25
Final Fantasy II (SNES - 1991),0.00,0
Final Fantasy III (SNES - 1994),0.00,0
Final Fantasy V (SNES - 1992),0.00,0
Final Frontier (DOS - 1989),4.17,6
Firestorm: The Forest Fire Simulation Program (DOS - 1995),5.00,2
First Queen: Ornic Senki (SNES - 1994),0.00,0
"First Samurai (DOS, Amiga, Atari ST, C64, SNES - 1992)",4.61,13
"Flappy (NES, PC-88 - 1985)",0.00,0
Flight Assignment: Airline Transport Pilot (DOS - 1990),4.30,10
Floatris (DOS - 1993),3.00,2
Frac (DOS - 1990),5.00,2
"Freak Out (DOS, Amiga - 1992)",2.00,1
Gain Ground (Genesis - 1991),4.00,1
Galactic Attack (Apple II - 1980),4.00,1
Galactic Empire (Atari 8-bit - 1981),4.50,2
Galactic Trader (Atari 8-bit - 1981),4.00,1
"Gate 88 (Windows, Mac, Linux - 2004)",5.00,1
"Gato (DOS, Mac, Apple II, Atari 8-bit, Atari ST - 1984)",4.40,25
"Gazza II (Amstrad CPC, C64 - 1990)",0.00,0
General Chaos (Genesis - 1993),4.67,3
"Genghis Khan (DOS, Amstrad CPC - 1991)",4.17,12
"Germ Crazy (Amiga, Atari ST - 1991)",5.00,1
Giants: Citizen Kabuto (Mac - 2001),5.00,6
"Global Commander (Amiga, Amstrad CPC, C64 - 1988)",5.00,5
"Global Effect (DOS, Amiga, Amiga CD32 - 1992)",4.67,9
GodPey (Atari ST - 2002),0.00,0
Golf Resort Tycoon (Windows - 2001),0.00,0
Gothmog's Lair (C64 - 1983),0.00,0
Gravity Well (DOS - 1996),4.00,1
Great Naval Battles Vol. II: Guadalcanal 1942-43 (DOS - 1994),4.50,10
"Great Naval Battles Vol. III: Fury in the Pacific, 1941-44 (DOS - 1995)",4.21,14
"Great Naval Battles Vol. IV: Burning Steel, 1939-1942 (DOS - 1995)",4.47,19
Great Naval Battles: North Atlantic 1939-43 (DOS - 1992),4.57,28
Ground Control (Windows - 2000),4.58,24
"Guadalcanal (Amstrad CPC, C64 - 1987)",5.00,3
Gubble (Windows - 1996),5.00,3
Gumboots Australia (DOS - 1990),4.43,7
H2O (DOS - 1996),4.00,1
"Hacker II: The Doomsday Papers (DOS, Amiga, Amstrad CPC, Apple IIgs, Atari ST, C64 - 1986)",4.91,11
Hamsters (DOS - 1994),2.00,2
Hanjuku Eiyū: Aa Sekai Yo Hanjuku Nare (SNES - 1992),0.00,0
Hanjuku Hero (NES - 1988),0.00,0
"Harpoon (DOS, Amiga, Mac - 1989)",4.22,106
"Harpoon Classic (DOS, Mac - 1994)",4.65,23
"Harpoon II (DOS, Mac - 1994)",4.26,27
Harpoon II: Admiral's Edition (DOS - 1996),4.57,7
"Hatris (Game Boy, NES - 1991)",0.00,0
"Heartlight (DOS, Atari 8-bit - 1994)",4.50,8
Hearts of Iron (Mac - 2003),4.25,12
Heathkit DND (DOS - 1985),2.67,3
Hebereke's Popoitto (SNES - 1995),0.00,0
"Hero's Quest: So You Want To Be A Hero (DOS, Amiga, Atari ST - 1989)",4.53,53
Herzog (PC-88 - 1988),5.00,2
Herzog Zwei (Genesis - 1989),5.00,1
Hextris (DOS - 1991),1.00,1
Hexx: Heresy of the Wizard (DOS - 1994),4.42,31
"High Rollers (DOS, Apple II, C64 - 1988)",4.67,9
"Hill Street Blues (DOS, Amiga, Atari ST - 1992)",4.39,13
Hillsea Lido (Amiga - 1995),3.75,4
"Hillsfar (DOS, Amiga, Atari ST, C64, NES - 1989)",3.82,11
"HMS Cobra: Convois pour Mourmansk (Amstrad CPC, Atari ST - 1986)",0.00,0
Hogbear (DOS - 1989),3.00,2
"Holiday Lemmings (DOS, Amiga, Mac - 1993)",4.00,12
Holiday Lemmings (DOS - 1994),5.00,1
Homeworld (Windows - 1999),4.89,9
"Hostage: Rescue Mission (DOS, Amiga, Mac, Amstrad CPC, Atari ST, C64, NES - 1989)",4.39,23
"Humans 3: Evolution - Lost in Time (DOS, Amiga - 1995)",5.00,2
"IFR (C64, VIC-20 - 1983)",5.00,1
"Indian Mission (Amiga, Atari ST - 1988)",0.00,0
International Tennis (C64 - 1985),0.00,0
Invitation (Amstrad CPC - 1987),0.00,0
Iron Cross (DOS - 1994),3.00,2
"Ishar 2: Messengers of Doom (DOS, Amiga, Atari ST - 1993)",4.13,23
"Ishar 3: The Seven Gates of Infinity (DOS, Amiga, Atari ST - 1994)",4.27,26
"Ishar: Legend of the Fortress (DOS, Amiga, Atari ST - 1992)",5.00,4
J.R.R. Tolkien's Riders of Rohan (DOS - 1991),4.38,13
"J.R.R. Tolkien's War in Middle Earth (DOS, Amiga, Apple IIgs, Atari ST - 1989)",4.53,20
"J.R.R. Tolkien's War in Middle Earth (Amstrad CPC, C64 - 1989)",5.00,2
Jurassic War (DOS - 1997),4.67,6
Kargon (Amiga - 1996),0.00,0
Kasparov Chessmate (Mac - 2004),5.00,2
"Keef the Thief: A Boy and His Lockpick (DOS, Amiga, Apple IIgs - 1989)",3.63,8
Keeper (SNES - 1994),0.00,0
Kentris (DOS - 1991),1.00,1
Kicks (DOS - 1989),5.00,2
"Kids on Keys (DOS, Atari 8-bit, C64, VIC-20 - 1984)",4.00,2
King Arthur's World (SNES - 1992),5.00,1
Kingdom Crusade (Game Boy - 1992),4.00,1
Kingdom of Kroz (DOS - 1988),5.00,2
Kingdom of Kroz II (DOS - 1990),5.00,1
Kirby's Avalanche (SNES - 1995),4.50,2
"Kirby's Star Stacker (Game Boy, SNES - 1997)",5.00,1
Kix (DOS - 1995),3.67,3
KKND: Krush Kill 'N Destroy (DOS - 1997),4.75,8
KKND: Krush Kill 'n Destroy Xtreme (Windows - 1997),4.59,17
"Klax (DOS, Amiga, Amstrad CPC, Atari ST, C64, Game Boy, Game Gear, Genesis, NES, PC-88 - 1990)",4.22,9
Knights of Xentar (DOS - 1994),4.43,100
Koolah (DOS - 1991),1.00,1
Krazy Kreatures (NES - 1990),0.00,0
KrisKros (DOS - 1992),0.00,0
Kristor (DOS - 1988),1.00,1
Kubes (Atari ST - 1993),0.00,0
Kunio no Oden (SNES - 1994),0.00,0
Lands of Lore: The Throne of Chaos (DOS - 1993),4.56,69
Laser Surgeon: The Microscopic Mission (DOS - 1987),5.00,5
Lawn Mower (DOS - 1987),2.40,5
Le Mystère de Kikekankoi (Amstrad CPC - 1985),0.00,0
"Legionnaire (Atari 8-bit, C64 - 1982)",5.00,5
LEGO Loco (Windows - 1998),5.00,3
"Lemmings (DOS, Amiga, Amiga CD32, Amstrad CPC, Atari ST, C64, Game Boy, Game Gear, Genesis, NES, SNES - 1991)",4.69,111
LemminGS (Apple IIgs - 1997),0.00,0
"Lemmings & Oh No! More Lemmings (Windows, Mac - 1995)",4.71,7
"Lemmings 2: The Tribes (DOS, Amiga, Atari ST, Game Boy, Genesis, SNES - 1993)",4.37,27
Lemmings 3D (DOS - 1995),4.31,26
Lemmings Paintball (Windows - 1996),4.67,3
Lemmings Revolution (Windows - 2000),4.67,3
"Liero (DOS, Windows - 1999)",5.00,1
Life in the Fast Lane (DOS - 1989),3.67,3
LineWars (DOS - 1990),3.50,4
"Little Computer People (Amiga, Amstrad CPC, Atari ST, C64, PC-88 - 1987)",4.45,45
"Locomotion (DOS, Amiga, Atari ST, C64 - 1992)",4.20,10
"Log!cal (DOS, Amiga, C64 - 1991)",5.00,5
London Blitz (C64 - 1984),5.00,2
Loopy (DOS - 1994),5.00,1
"Lords of Doom (DOS, Amiga, Atari ST, C64 - 1990)",3.40,15
Lords of Midnight (DOS - 1995),3.84,19
"Lords of the Realm II (Windows, Mac - 1996)",4.52,21
Lords of the Realm II: Siege Pack (Windows - 1997),4.67,3
Lost Adventures of Kroz (DOS - 1990),3.50,2
"Lost Dutchman Mine (DOS, Amiga - 1989)",4.83,29
Lucky Luke (SNES - 1997),0.00,0
Lunar Explorer: A Space Flight Simulator (DOS - 1986),5.00,1
"M1 Tank Platoon (DOS, Amiga, Atari ST - 1989)",4.59,39
Machines (Windows - 1999),5.00,2
Madness & the Minotaur (Dragon 32/64 - 1982),0.00,0
"Madō Monogatari I (Game Gear, Genesis - 1993)",5.00,1
Magic & Mayhem (Windows - 1998),5.00,14
"Magic Lines (Amiga, Atari ST - 1990)",5.00,2
"Magic Micro Mission (Atari 8-bit, C64 - 1984)",0.00,0
Magic: The Gathering (Windows - 1997),4.67,18
Magic: The Gathering - Battlemage (Windows - 1997),5.00,3
Magical Drop (SNES - 1995),0.00,0
Magical Drop II (SNES - 1996),5.00,1
Mahōjin GuruGuru 2 (SNES - 1996),0.00,0
"Mail Order Monsters (Atari 8-bit, C64 - 1986)",5.00,5
Majesty: The Fantasy Kingdom Sim (Mac - 2000),4.91,11
Majik (DOS - 1990),0.00,0
Mall Tycoon 2 (Windows - 2003),4.00,1
Mall Tycoon 3 (Windows - 2005),3.00,1
Marble Madness Construction Set (Amstrad CPC - 1986),3.00,1
Marble Madness Deluxe Edition (Amstrad CPC - 1987),0.00,0
Mari-chan Kiki Ippatsu (PC-88 - 1983),0.00,0
Mario Brothers VGA (DOS - 1990),4.50,40
Match (Atari ST - 1990),0.00,0
Maze Adventures (DOS - 1986),1.00,1
Maze Runner (DOS - 1986),4.67,3
MechCommander 2 (Windows - 2001),4.52,58
MechWarrior 4: Mercenaries (Windows - 2002),4.58,355
"Medieval Lords: Build, Defend, Expand (Windows - 2004)",5.00,1
"Mega Lo Mania (DOS, Amiga, Atari ST, Genesis, SNES - 1992)",4.47,50
Megamix 2: Brainstorm (Atari ST - 1991),0.00,0
Megapanel (Genesis - 1990),0.00,0
"Mental Blocks (DOS, C64 - 1989)",2.00,2
Menzoberranzan (DOS - 1994),4.53,15
Metal Fatigue (Windows - 2000),4.78,67
Meteor Rescue (DOS - 1996),0.00,0
Meteors (DOS - 1989),0.00,0
"Midwinter (DOS, Amiga, Atari ST - 1990)",4.55,20
"Mindwheel (DOS, Apple II, Atari ST, C64 - 1984)",4.33,3
Mine Bombers (DOS - 1996),4.91,11
Minos (Atari ST - 1987),0.00,0
Minskies: The Abduction (Amiga - 1997),3.00,2
Mission Critical (DOS - 1995),4.85,13
"Mission Omega (Amstrad CPC, C64 - 1986)",5.00,3
Mission: Impossible (DOS - 1991),4.20,15
Mix And Match (DOS - 1991),5.00,1
Mob Rule (Windows - 1999),3.83,6
"Modem Wars (DOS, C64 - 1988)",4.33,12
Money Bags: Beat the Gnome of Zurich (DOS - 1988),5.00,4
"Moonstone: A Hard Days Knight (DOS, Amiga - 1992)",4.48,77
Moraff's Tempt-Tris (DOS - 1993),0.00,0
Mōryō Senki Madara (NES - 1990),0.00,0
MQBE (DOS - 1992),2.50,4
Mr Dice (Atari ST - 1991),0.00,0
Mugen no Shinzō III (PC-88 - 1990),5.00,2
Multi Pakman (Atari ST - 1994),0.00,0
Munch Guy (DOS - 1991),0.00,0
Murder! (DOS - 1991),4.30,10
"Murders in Venice (DOS, Amiga, Amstrad CPC, Atari ST - 1990)",4.29,7
"Mystery of the Mummy (DOS, Amiga, C64 - 1988)",3.33,3
"Myth II: Soulblighter (Windows, Mac - 1998)",4.62,53
"Myth: The Fallen Lords (Windows, Mac - 1997)",4.63,49
Napoleon at Waterloo (C64 - 1984),4.00,2
Napoleon vs. The Evil Monarchies: Austerlitz 1805 (DOS - 1989),2.89,9
"Narco Police (DOS, Amiga, Amstrad CPC, Atari ST, C64 - 1990)",4.11,26
"NATO Commander (Apple II, Atari 8-bit, C64 - 1984)",4.71,7
Nazo Puyo (Game Gear - 1993),0.00,0
Nazo Puyo 2 (Game Gear - 1993),0.00,0
Nazo Puyo: Arle no Roux (Game Gear - 1994),0.00,0
Neko Daisuki! (Game Gear - 1996),0.00,0
"Nether Earth (Amstrad CPC, C64 - 1987)",4.00,1
NetStorm: Islands at War (Windows - 1997),5.00,8
Network Q RAC Rally Championship (DOS - 1996),5.00,9
"Never Mind (DOS, Atari ST - 1989)",3.67,3
Nontan to Issho: Kuru Kuru Puzzle (SNES - 1994),0.00,0
Notrus (DOS - 1992),3.75,4
Novalight Tetris (DOS - 1995),4.00,1
Now You See It (DOS - 1990),5.00,10
Nyet (DOS - 1988),3.67,3
Nyet 3: The Revenge of the Mutant Stones (DOS - 1993),3.75,4
"Ocean Conqueror (Amstrad CPC, C64 - 1987)",4.00,1
Ogre Battle (SNES - 1993),5.00,1
"Oh No! More Lemmings (DOS, Amiga, Atari ST - 1991)",4.75,16
Orb (Atari ST - 1999),4.00,1
Oregon Trail Deluxe (DOS - 1992),4.17,1137
"Oregon Trail II (Windows, Mac - 1995)",4.22,210
Origamo (DOS - 1994),3.00,4
"Outpost (Windows 3.x, Mac - 1994)",4.68,17
"Overlord (DOS, Amiga, C64, NES - 1990)",4.36,17
Painterboy (C64 - 1986),4.00,1
Palamedes II: Star Twinkles (NES - 1991),4.00,1
Panel de Pon (SNES - 1995),0.00,0
Panorama Toh (PC-88 - 1983),0.00,0
"Paradroid 90 (Amiga, Atari ST - 1990)",3.60,5
"Paragliding (DOS, Amiga, Atari ST - 1991)",4.28,7
Parallel World (NES - 1990),0.00,0
Patriot (DOS - 1993),4.43,7
"Patton Strikes Back: The Battle of the Bulge (DOS, Mac - 1991)",4.75,16
Paul McCartney's Give My Regards to Broad Street (C64 - 1985),5.00,1
Pillmania (Amiga - 1994),1.00,1
"Pipe Dream (Amiga, Mac, Amstrad CPC, Apple II, C64, Game Boy, NES, SNES - 1989)",4.40,5
"Pirates! Gold (DOS, Windows 3.x, Mac, Genesis - 1993)",4.47,128
Planet Lander (Atari ST - 1988),0.00,0
Planet's Edge: The Point of no Return (DOS - 1991),4.47,19
"Plotting (Amiga, C64, Game Boy, NES - 1990)",0.00,0
"Populous (DOS, Amiga, Atari ST, Genesis, SNES - 1989)",4.61,33
"Populous II: Trials of the Olympian Gods (DOS, Amiga, Atari ST, Genesis, SNES - 1993)",4.51,136
Populous: The Final Frontier (Amiga - 1989),4.67,3
"Populous: The Promised Lands (DOS, Amiga, Atari ST - 1989)",4.71,17
Populous: World Editor (Amiga - 1991),5.00,2
Porntris (DOS - 1993),4.20,25
"Power Struggle (Amiga, Atari ST, C64 - 1988)",5.00,2
"Powermonger (DOS, Amiga, Atari ST, Genesis, SNES - 1992)",4.44,23
"Powermonger: World War I Edition (Amiga, Atari ST - 1991)",5.00,5
"Predator (Amiga, Amstrad CPC, Atari ST, C64 - 1989)",3.50,2
Pri Pri Primitive Princess! (Game Boy - 1990),0.00,0
Produce (PC-88 - 1987),4.00,1
Project Nomads (Windows - 2002),0.00,0
Prophecy of The Shadow (DOS - 1992),4.38,8
Proto Type (DOS - 1989),5.00,1
"Psyborg (Amiga, Amstrad CPC, Atari ST - 1992)",0.00,0
"Puyo Puyo (Game Boy, Game Gear, Genesis, SNES - 1994)",0.00,0
Puyo Puyo (NES - 1991),0.00,0
"Puyo Puyo 2 (Game Gear, Genesis, SNES - 1994)",0.00,0
Puyo Puyo Sun (Game Boy Color - 1998),0.00,0
Puzzle Star Sweep (Game Boy - 1998),0.00,0
"Puzznic (DOS, Amiga, Amstrad CPC, Atari ST, C64, Game Boy, NES - 1990)",4.55,11
Pyramid (NES - 1990),0.00,0
Pyramid Magic (Genesis - 1991),0.00,0
Pyramid Magic II (Genesis - 1991),0.00,0
Pyramid Magic III (Genesis - 1991),0.00,0
Pyro II (DOS - 1990),4.60,5
Quatris II+ (DOS - 1993),0.00,0
"Quest for Glory I: So You Want To Be A Hero (DOS, Mac - 1992)",4.58,64
"Quest for Glory II: Trial by Fire (DOS, Amiga - 1990)",4.33,36
Quest for Glory III: Wages of War (DOS - 1992),4.45,40
Qwirks (Mac - 1995),0.00,0
R.B.I. Baseball '93 (Genesis - 1993),0.00,0
Ragnarok (DOS - 1993),4.45,18
Railroad Empire (DOS - 1989),5.00,11
"Rampart (DOS, Amiga, Atari ST, C64, Game Boy, Genesis, NES, SNES - 1992)",4.70,17
Rampcube (DOS - 1991),0.00,0
Ravenloft: Stone Prophet (DOS - 1995),4.10,10
Ravenloft: Strahd's Possession (DOS - 1994),4.27,15
"Realms (DOS, Amiga, Atari ST - 1992)",4.65,17
Red Zone (Genesis - 1994),5.00,5
Return Fire (Windows - 1996),3.50,4
Return to Kroz (DOS - 1990),4.00,1
Riot Police (Windows - 2004),5.00,4
Ripper! (C64 - 1984),4.00,1
Rise & Fall: Civilizations at War (Windows - 2006),4.39,36
Road Runner's Death Valley Rally (SNES - 1992),4.00,1
"Rocky's Boots (DOS, C64 - 1984)",4.45,9
"Rome: Pathway to Power (DOS, Amiga - 1993)",4.57,30
"Rorke's Drift (DOS, Amiga - 1990)",3.84,12
"Rules of Engagement (DOS, Amiga - 1991)",4.33,12
Run for the Money (Atari 8-bit - 1984),5.00,2
Runestone (Amstrad CPC - 1985),0.00,0
Rush Hour (DOS - 1987),4.67,3
S-Tetris (DOS - 1991),0.00,0
Sacrifice (Mac - 2001),4.38,8
Sandstorm (DOS - 1993),4.00,1
"Sapiens (DOS, Amstrad CPC, Atari ST - 1987)",3.50,8
"Sarakon (DOS, Amiga, Atari ST, C64 - 1991)",4.80,5
"Savage 2: A Tortured Soul (Windows, Mac, Linux - 2008)",3.67,6
Scorched Earth (DOS - 1991),4.59,46
SD Gundam World: Gachapon Senshi 2 - Capsule Senki (NES - 1989),0.00,0
Sensible Soccer: European Champions (Game Gear - 1993),0.00,0
Sensible Soccer: European Champions (Game Boy - 1993),0.00,0
Sentinel Returns (Windows - 1998),5.00,2
"Sentinel Worlds I: Future Magic (DOS, C64 - 1988)",4.32,35
"Serf City: Life is Feudal (DOS, Amiga - 1995)",4.68,61
Sextris (DOS - 1992),3.85,34
Shadow Company: Left for Dead (Windows - 1999),5.00,8
"Shadowfire (Amstrad CPC, C64 - 1986)",0.00,0
Shanghai: Great Moments (Mac - 1995),5.00,2
"Sherman M4 (DOS, Amiga, Amstrad CPC, Atari ST - 1989)",5.00,12
"Sid Meier's Covert Action (DOS, Amiga - 1990)",4.60,58
Sid Meier's Gettysburg! (Windows - 1997),4.50,14
"Sid Meier's Pirates! (DOS, Amiga, Amstrad CPC, Apple II, Apple IIgs, C64, NES, PC-88 - 1994)",4.56,43
"Sid Meier's Railroad Tycoon (DOS, Amiga, Atari ST - 1990)",4.81,21
Sid Meier's Railroad Tycoon Deluxe (DOS - 1993),4.25,36
"Silent Service (DOS, Amiga, Amstrad CPC, Apple II, Apple IIgs, Atari 8-bit, Atari ST, C64, NES - 1985)",4.67,36
"Silent Service II (DOS, Amiga, Atari ST - 1990)",4.37,62
Silver Ghost (PC-88 - 1988),0.00,0
SimCity 2000 Scenarios Volume 1: Great Disasters (DOS - 1994),4.80,5
SimCity 2000: CD Collection (DOS - 1996),4.58,62
Singles: Flirt Up Your Life! (Windows - 2004),0.00,0
"Sink or Swim (DOS, Amiga, Game Gear, Genesis, SNES - 1993)",3.17,6
"Sir AddaLot's ""Mini"" Math Adventure (DOS - 1993)",4.10,10
SITris (DOS - 1990),0.00,0
"Skidoo (DOS, Amiga, Atari ST - 1989)",3.00,2
"Sláine, the Celtic Barbarian (Amstrad CPC, C64 - 1987)",4.00,2
"Sleeping Gods Lie (DOS, Amiga, Atari ST - 1991)",4.67,3
Snarf (DOS - 1988),5.00,2
Solidarność (DOS - 1991),4.00,4
Solitile (DOS - 1991),0.00,0
"Solo Flight (DOS, Apple II, Atari 8-bit, C64 - 1985)",4.85,8
Sonic Eraser (Genesis - 1991),0.00,0
Space Colony (Mac - 2004),4.20,5
"Space Hulk (DOS, Amiga - 1993)",4.72,18
"Space Job (DOS, Amiga - 1993)",5.00,1
"Special Forces (DOS, Amiga, Atari ST - 1992)",4.69,16
SpellCraft: Aspects of Valor (DOS - 1992),4.60,10
Spidertronic (Amiga - 1988),1.00,1
"Split Personalities (Amstrad CPC, C64 - 1986)",5.00,1
Squarez Deluxe! (DOS - 1993),4.75,4
"Stack Up (DOS, Atari 8-bit, Atari ST, C64 - 1993)",5.00,3
Stalin vs. Martians (Windows - 2009),5.00,3
"Star Command: Revolution (DOS, Windows - 1997)",5.00,5
Star Control II (DOS - 1992),4.64,62
Star Fleet II: Krellan Commander (DOS - 1989),4.33,9
Star Reach (DOS - 1994),5.00,11
"Star Trap (Amstrad CPC, Atari ST - 1989)",0.00,0
Star Trek: Armada (Windows - 2000),5.00,1
Star Trek: Armada II (Windows - 2001),4.00,1
Star Trek: Starfleet Command - Orion Pirates (Windows - 2001),0.00,0
Star Trek: Starfleet Command III (Windows - 2002),4.50,2
Star Wars: Episode I - The Gungan Frontier (Mac - 1999),3.87,16
"Star Wars: Galactic Battlegrounds (Windows, Mac - 2001)",4.46,115
Star Wars: Galaxies - An Empire Divided (Windows - 2003),2.33,3
"StarFlight (DOS, Amiga, Mac, Atari ST, C64, Genesis - 1986)",4.56,39
"StarFlight 2: Trade Routes of The Cloud Nebula (DOS, Amiga, Mac - 1989)",4.57,36
"Stargate (Game Boy, Game Gear - 1994)",0.00,0
"StarQuest: Rescue at Rigel (DOS, Apple II, Atari 8-bit, VIC-20 - 1983)",4.00,3
"StarQuest: Star Warrior (DOS, Atari 8-bit - 1983)",3.00,2
Starship Troopers: Terran Ascendancy (Windows - 2000),0.00,0
StarShip: Invasion (DOS - 1984),4.33,3
Statix (Amiga - 1994),1.00,1
Sternsiedler (Amiga - 1994),0.00,0
Stonekeep (DOS - 1995),4.38,61
Strike Squad (DOS - 1993),4.33,9
Stroker (C64 - 1983),5.00,3
Stronghold (DOS - 1993),4.33,36
Sub Culture (Windows - 1997),4.50,2
Submarine (DOS - 1989),3.67,3
"Submarine Commander (Atari 8-bit, VIC-20 - 1982)",0.00,0
Submarine Titans (Windows - 2000),4.00,1
Sultan's Maze (Amstrad CPC - 1984),0.00,0
Super Bomberman: Panic Bomber W (SNES - 1995),0.00,0
Super Columns (Game Gear - 1995),5.00,1
Super Foul Egg (Amiga - 1996),2.00,1
Super Nazo Puyo: Rulue no Roux (SNES - 1995),0.00,0
Super Nazo Puyo: Rulue no Tetsuwan Hanjōki (SNES - 1996),0.00,0
"Super Tetris (DOS, Amiga, Mac - 1991)",4.53,17
Surging Aura (Genesis - 1995),0.00,0
"Swap (DOS, Amiga, Amstrad CPC, Atari ST, C64 - 1992)",0.00,0
"Sword of Kadash (Apple II, Atari ST, C64 - 1985)",0.00,0
Swords & Sorcery (Amstrad CPC - 1986),4.00,1
"Syndicate (DOS, Amiga - 1993)",4.42,128
"Syndicate (Genesis, SNES - 1994)",5.00,1
Syndicate Plus (DOS - 1994),4.78,49
"Syndicate: American Revolt (DOS, Amiga - 1993)",4.33,27
Taiheiki (Genesis - 1991),0.00,0
Take a Break! Crosswords (Windows 3.x - 1992),4.00,1
Tank Commander (DOS - 1995),3.70,10
Task Force 1942 (DOS - 1992),4.63,36
Tautrix (Amiga - 1993),0.00,0
Tegel's Mercenaries (DOS - 1992),4.08,12
"Telengard (DOS, Apple II, Atari 8-bit, C64 - 1985)",4.23,13
Temple of Kroz (DOS - 1990),0.00,0
Tetcolor (DOS - 1991),4.00,6
Tetriller (DOS - 1990),3.33,3
"Tetris (DOS, Amiga, Mac, Amstrad CPC, Apple IIgs, Atari ST - 1987)",4.30,20
Tetris (DOS - 1986),4.13,15
Tetris (C64 - 1988),4.60,5
Tetris (PC-88 - 1988),5.00,1
Tetris (Genesis - 1989),0.00,0
Tetris (Game Boy - 1989),5.00,4
Tetris (NES - 1989),5.00,2
Tetris (1991) (DOS - 1991),4.33,3
"Tetris 2 (Game Boy, NES, SNES - 1993)",0.00,0
Tetris 2 + BomBliss (NES - 1991),0.00,0
"Tetris Attack (Game Boy, SNES - 1996)",5.00,1
Tetris Blast (Game Boy - 1995),0.00,0
Tetris Classic (DOS - 1992),3.98,52
Tetris Deluxe (VIC-20 - 2007),0.00,0
Tetris Plus (Game Boy - 1996),0.00,0
Tetris Pro (Amiga - 1993),2.00,2
Tetrix: The Next Generation (Amiga - 1992),3.00,2
"The Ancient Art of War (DOS, Amiga, Mac, Amstrad CPC, Apple II, PC-88 - 1984)",4.32,50
"The Ancient Art of War at Sea (DOS, Mac, Apple II - 1987)",4.55,22
The Argon Factor (C64 - 1990),0.00,0
The Bulge: Battle for Antwerp (C64 - 1985),4.33,3
"The Cardinal of The Kremlin (DOS, Amiga - 1990)",4.83,6
The Castles of Dr. Creep (C64 - 1984),4.25,8
"The Charge of The Light Brigade (DOS, Amiga, Atari ST - 1991)",5.00,4
The Civil War (DOS - 1987),4.00,5
The Civil War (DOS - 1995),4.50,4
"The Dam Busters (DOS, Amstrad CPC, Apple II, ColecoVision, C64 - 1985)",4.80,10
"The Faery Tale Adventure: Book I (DOS, Amiga, C64, Genesis - 1989)",4.25,8
"The Fifth Axis (Amstrad CPC, C64 - 1985)",4.00,2
"The Final Conflict (DOS, Amiga - 1992)",4.71,7
The Final Crusade of Kroz (DOS - 1990),4.67,3
The Force (C64 - 1986),5.00,1
"The Game of Harmony (DOS, Amiga, Amstrad CPC, Atari ST, C64, Game Boy - 1990)",5.00,3
"The Game of Life (DOS, Amiga - 1992)",1.00,1
The Great Escape (C64 - 1988),4.00,1
The Heroes of the 357th (DOS - 1992),4.57,7
"The Hobbit (DOS, Mac, Amstrad CPC, C64 - 1983)",4.65,37
The Humans: Insult to Injury (DOS - 1992),5.00,2
The Inheritance: Chaos in Scotland (C64 - 1987),0.00,0
"The Keys to Maramon (DOS, Amiga, C64 - 1990)",4.07,14
The Last Express (Mac - 1997),3.00,4
The Legacy: Realm of Terror (DOS - 1993),4.47,15
"The Lemmings Chronicles (DOS, Amiga - 1994)",4.25,20
The Lord of the Rings: The Battle for Middle-Earth (Windows - 2004),4.18,33
The Lost Kingdom of Zkul / West (Atari ST - 1986),0.00,0
The Magic Garden (Amiga - 1991),1.00,1
The Mystic Well (Atari ST - 1990),0.00,0
"The Oakflat Nuclear Power Plant Simulator (DOS, C64 - 1992)",5.00,4
"The Oregon Trail (DOS, Mac, Apple II - 1990)",4.31,132
The Oregon Trail 1.2 for Windows (Windows - 1995),4.32,175
The Original (Atari ST - 1993),0.00,0
"The Sentry (DOS, Amiga, Amstrad CPC, Atari ST, C64 - 1989)",4.70,10
The Settlers II: Gold Edition (DOS - 1997),4.51,343
"The Settlers II: Veni, Vidi, Vici (Mac - 1997)",4.67,9
"The Shadows of Mordor (DOS, Mac, Amstrad CPC, Apple II, C64 - 1988)",4.54,13
The Sims (Windows - 2000),3.67,3
The Terminator 2029: Operation Scour (DOS - 1993),4.50,8
"The Valley (C64, ZX Spectrum - 1983)",0.00,0
"Theatre of Death (DOS, Amiga - 1994)",5.00,1
Theatre of War (DOS - 1992),4.00,8
"Their Finest Missions: Volume One (DOS, Amiga, Atari ST - 1989)",5.00,4
"Theme Park (DOS, Amiga, Genesis, SNES - 1994)",4.52,156
Three Mile Island (Apple II - 1979),4.60,5
"Tilt (DOS, Amiga, C64 - 1992)",3.00,2
Time Lock (Amiga - 1993),0.00,0
"Time Race (DOS, Amiga - 1990)",3.25,4
Timekeepers (Amiga - 1995),1.00,1
Tiny Troops (Amiga - 1997),1.00,1
Titan Empire (Apple II - 1983),0.00,0
Tommy's Egg (DOS - 1986),5.00,1
Tommy's Gorilla Ball Gauntlet (DOS - 1987),0.00,0
Tommy's Gorilla Ball Gotcha (DOS - 1987),5.00,1
Tommy's Gorilla Balls (DOS - 1986),0.00,0
Tommy's Nyet (DOS - 1989),1.00,1
Tommy's Think II (DOS - 1995),0.00,0
"Total Eclipse (DOS, Amiga, Amstrad CPC, Atari ST, C64 - 1989)",4.80,10
Total Eclipse (Dragon 32/64 - 1985),0.00,0
Total Eclipse: Special Edition (Amstrad CPC - 1989),0.00,0
"Towers: Lord Baniff's Deceit (DOS, Atari ST - 1994)",5.00,1
Trade Wars 2002 (DOS - 1990),4.37,30
"Traffic (Amstrad CPC, C64 - 1985)",4.00,2
Transport Tycoon (DOS - 1994),4.73,30
Transport Tycoon Deluxe (DOS - 1995),4.49,215
Traysia (Genesis - 1992),0.00,0
Treasure Island (C64 - 1987),3.00,1
Trix (Atari 8-bit - 1992),5.00,1
"Troddlers (DOS, Amiga, SNES - 1993)",5.00,2
Tropico (Mac - 2001),4.08,12
"Turn It (DOS, Amiga, C64 - 1990)",1.00,1
"Turn It II (Amiga, C64 - 1991)",3.00,2
TV Sports: Boxing (DOS - 1991),3.82,11
Uchūsen: Cosmo Carrier (NES - 1987),0.00,0
Ultima VII: Part Two - Serpent Isle (DOS - 1993),4.65,23
Ultima VII: The Black Gate (DOS - 1992),4.59,53
"Universal Warrior (DOS, Amiga - 1995)",5.00,1
"Universe (DOS, Apple II, Atari 8-bit - 1987)",5.00,6
Urban Assault (Windows - 1998),5.00,4
USS Stinger (DOS - 1989),5.00,3
"Utopia: The Creation of a Nation (DOS, Amiga, Atari ST, SNES - 1992)",4.08,13
"Utopia: The New Worlds (DOS, Amiga - 1992)",4.67,6
Valgus (Atari ST - 1990),0.00,0
"Valhalla (C64, ZX Spectrum - 1984)",4.67,3
ViColumn (VIC-20 - 2005),0.00,0
Victoria: An Empire Under the Sun (Mac - 2004),4.46,13
Virtua Racing (Genesis - 1994),4.00,2
Vital Light (Amiga - 1994),1.00,1
Wall Pipe (DOS - 1993),3.60,5
Walls of Illusion (Atari ST - 1993),0.00,0
Walls of Rome (DOS - 1993),4.80,5
War Diary (DOS - 1997),4.33,3
War Wind (Windows - 1996),4.45,11
War Wind II: Human Onslaught (Windows - 1997),5.00,9
Warcraft II: Battle.net Edition (Mac - 2000),4.03,38
Warcraft II: Beyond the Dark Portal (DOS - 1996),4.43,95
"Warcraft II: Tides of Darkness (DOS, Mac - 1996)",4.44,1418
"WarCraft: Orcs & Humans (DOS, Mac - 1994)",4.48,725
"WarGames (Atari 8-bit, ColecoVision, C64 - 1984)",5.00,3
Wargasm (Windows - 1998),4.17,6
Warhammer: Dark Omen (Windows - 1998),4.45,63
Warrior Kings (Mac - 2003),5.00,4
Warrior of Rome (Genesis - 1991),4.00,3
Warrior of Rome II (Genesis - 1992),4.25,4
"Warriors of Releyne (Amiga, Atari ST - 1992)",4.00,2
Waterputer (DOS - 1991),5.00,1
"Welltris (DOS, Amiga, Mac, Amstrad CPC, Atari ST, C64, ZX Spectrum - 1989)",3.84,19
West (C64 - 1984),0.00,0
Whale's Voyage II: Die Übermacht (Amiga - 1995),2.00,1
Whomper Stomper (Atari 8-bit - 1984),0.00,0
"Wibstars (Amstrad CPC, C64, ZX Spectrum - 1987)",0.00,0
"WildSnake (Game Boy, SNES - 1994)",5.00,1
WinFight (Windows 3.x - 1993),3.00,2
Wizards & Warriors (Windows - 2000),0.00,0
Wolf (DOS - 1994),4.63,111
"Wolfpack (DOS, Amiga, Mac, Atari ST - 1990)",4.80,20
"Wordtris (DOS, Mac, Game Boy, SNES - 1991)",4.00,8
World War I (ZX Spectrum - 1987),5.00,2
"Wreckers (DOS, Amiga, Atari ST - 1992)",5.00,3
X Rock (DOS - 1990),3.80,5
"Xenomorph (DOS, Amiga, Atari ST, C64 - 1990)",4.30,10
Xixit (DOS - 1995),5.00,2
"Xmas Lemmings (DOS, Amiga - 1992)",3.00,2
Xmas Lemmings (DOS - 1991),0.00,0
Xonix (DOS - 1984),4.52,35
XXIV! (DOS - 1993),3.00,5
Yellow Brick Road (Mac - 1996),0.00,0
Yendorian Tales: Book I - Chapter 2 (DOS - 1996),4.80,5
Yendorian Tales: The Tyrants of Thaine (DOS - 1997),5.00,2
"Yoshi (Game Boy, NES - 1991)",5.00,1
Yoshi no Cookie: Kuruppon Oven de Cookie (SNES - 1994),0.00,0
"Yoshi's Cookie (Game Boy, NES, SNES - 1992)",0.00,0
Yū Yū Hakusho Gaiden (Genesis - 1994),5.00,1
Z (DOS - 1996),4.40,122
Zapactris (VIC-20 - 2002),0.00,0
Zee Artillery (DOS - 1999),0.00,0
"Zoids (Amstrad CPC, C64, ZX Spectrum - 1986)",4.67,3
Zoids: Mokushiroku (NES - 1990),0.00,0
Zoo Tycoon (Windows - 2001),4.48,60
ZX Columns (ZX Spectrum - 2005),0.00,0
"Zyconix (DOS, Amiga - 1992)",5.00,1
Zyll (DOS - 1984),3.80,5
