Title,Average Rating,Number of Ratings
"Age of Empires (Windows, Mac - 1997)",4.46,160
Alien Legacy (DOS - 1994),4.79,25
Baldies (DOS - 1996),4.59,12
"Battle Command (DOS, Amiga, Amstrad CPC, Atari ST, C64 - 1990)",4.14,7
Battle Commander: Return of Waroid (Windows - 1999),5.00,1
Blood & Magic (DOS - 1996),4.91,11
Command & Conquer (DOS - 1995),4.69,121
"Command H.Q. (DOS, Mac - 1990)",4.68,22
Counter Blow (Windows - 1997),4.50,4
"Dune II: The Building of a Dynasty (DOS, Amiga - 1992)",4.84,130
Earth 2140 (Mac - 2001),3.64,11
Iron Seed (DOS - 1994),4.63,8
J.R.R. Tolkien's Riders of Rohan (DOS - 1991),4.38,13
"J.R.R. Tolkien's War in Middle Earth (DOS, Amiga, Apple IIgs, Atari ST - 1989)",4.53,20
Jurassic War (DOS - 1997),4.67,6
"Mega Lo Mania (DOS, Amiga, Atari ST, Genesis, SNES - 1992)",4.47,50
"Modem Wars (DOS, C64 - 1988)",4.33,12
"Myth II: Soulblighter (Windows, Mac - 1998)",4.62,53
"Myth: The Fallen Lords (Windows, Mac - 1997)",4.63,49
"North & South (DOS, Amiga, Amstrad CPC, Atari ST, C64, NES - 1990)",4.44,45
"Outpost (Windows 3.x, Mac - 1994)",4.68,17
"Populous (DOS, Amiga, Atari ST, Genesis, SNES - 1989)",4.61,33
"Populous II: Trials of the Olympian Gods (DOS, Amiga, Atari ST, Genesis, SNES - 1993)",4.51,136
"Powermonger (DOS, Amiga, Atari ST, Genesis, SNES - 1992)",4.44,23
"Reunion (DOS, Amiga - 1994)",4.69,32
"Serf City: Life is Feudal (DOS, Amiga - 1995)",4.68,61
"Shadow Sorcerer (DOS, Amiga - 1991)",4.17,6
Siege (DOS - 1992),4.67,12
Stronghold (DOS - 1993),4.33,36
"The Ancient Art of War at Sea (DOS, Mac, Apple II - 1987)",4.55,22
"The Ancient Art of War in the Skies (DOS, Amiga, Atari ST - 1992)",4.38,13
The Settlers II: Gold Edition (DOS - 1997),4.51,343
"The Settlers II: Veni, Vidi, Vici (Mac - 1997)",4.67,9
"Utopia: The Creation of a Nation (DOS, Amiga, Atari ST, SNES - 1992)",4.08,13
"Utopia: The New Worlds (DOS, Amiga - 1992)",4.67,6
War Wind (Windows - 1996),4.45,11
Warcraft II: Battle.net Edition (Mac - 2000),4.03,38
"Warcraft II: Tides of Darkness (DOS, Mac - 1996)",4.44,1418
"WarCraft: Orcs & Humans (DOS, Mac - 1994)",4.48,725
Warhammer: Dark Omen (Windows - 1998),4.45,63
Z (DOS - 1996),4.40,122
