Title,Average Rating,Number of Ratings
AH-3: ThunderStrike (SEGA CD - 1993),5.00,1
Final Fight (SEGA CD - 1993),5.00,2
Heart of the Alien: Out of this World parts I and II (SEGA CD - 1994),5.00,1
Keio Flying Squadron (SEGA CD - 1993),0.00,0
Lunar: Eternal Blue (SEGA CD - 1994),5.00,1
Lunar: The Silver Star (SEGA CD - 1992),5.00,1
Popful Mail (SEGA CD - 1994),5.00,1
Robo Aleste (SEGA CD - 1992),5.00,1
Shining Force CD (SEGA CD - 1994),5.00,1
Snatcher (SEGA CD - 1994),5.00,4
Sonic CD (SEGA CD - 1993),4.81,80
