Title,Average Rating,Number of Ratings
3D Space Wars (ZX Spectrum - 1983),3.00,1
"3D Starstrike (Amstrad CPC, ZX Spectrum - 1985)",4.00,2
Acrobat Mission (SNES - 1992),5.00,1
Action 52 (NES - 1991),0.00,0
Allegiance (Windows - 2000),5.00,6
Armalyte (C64 - 1988),4.67,3
"Armalyte: The Final Run (Amiga, Atari ST - 1991)",0.00,0
"Asteroids (Mac, Game Boy Color - 2000)",0.00,0
"Asteroids (Atari 8-bit, Game Boy - 1981)",1.00,1
Asteroids Deluxe (Atari ST - 1987),0.00,0
"Awesome (Amiga, Atari ST - 1990)",5.00,1
Battlecruiser 3000AD v2.0 (Windows - 1998),5.00,6
Battlecruiser Millennium (Windows - 2001),5.00,7
Begin: A Tactical Starship Simulation (DOS - 1989),4.40,5
Buzz Aldrin's Race into Space (DOS - 1993),4.42,31
Cosmic Avenger (ColecoVision - 1982),0.00,0
Damocles: Mercenary II (Amiga - 1990),5.00,3
Darwin 4081 (Genesis - 1990),0.00,0
Deep Space (Amiga - 1987),4.00,1
"Deep Space: Operation Copernicus (DOS, Apple II, C64 - 1987)",3.00,4
"Defender (DOS, Apple II, Atari 8-bit, ColecoVision, C64, VIC-20 - 1983)",4.13,15
"Dogfight 2187 (Amstrad CPC, C64 - 1987)",0.00,0
Dragon Trek (Dragon 32/64 - 1982),0.00,0
EGA Trek (DOS - 1992),4.91,11
"Elite (DOS, Amiga, Amstrad CPC, Apple II, Atari ST, C64, NES - 1987)",4.24,33
Elite Plus (DOS - 1991),4.74,23
"Epic (DOS, Amiga, Atari ST - 1992)",4.38,13
Ferry (C64 - 1983),0.00,0
"FOFT: Federation of Free Traders (Amiga, Atari ST - 1989)",5.00,3
Freelancer (Windows - 2003),4.39,33
"Frontier: Elite II (DOS, Amiga, Atari ST - 1993)",4.65,34
Frontier: First Encounters (DOS - 1995),4.58,24
Gaiares (Genesis - 1990),0.00,0
Galactic Attack (Apple II - 1980),4.00,1
Galactic Crusader (NES - 1990),0.00,0
Galactic Encounters (DOS - 1982),4.33,3
Galactic Trader (Atari 8-bit - 1981),4.00,1
"Galaga (NES, PC-98 - 1985)",5.00,2
Galaxy Trek (DOS - 1983),4.50,8
Geimos (NES - 1985),0.00,0
Ginga Eiyū Densetsu (PC-88 - 1989),4.00,1
"Ginga Eiyū Densetsu II (PC-88, PC-98 - 1990)",4.00,1
Hellfire (Genesis - 1990),0.00,0
Homeworld (Windows - 1999),4.89,9
Hyperspeed (DOS - 1991),4.50,20
Inferno (DOS - 1994),4.67,6
Katakis (C64 - 1988),5.00,1
Katakis (Amiga - 1988),1.00,1
Lightspeed (DOS - 1990),4.13,15
Magnetron (C64 - 1987),0.00,0
Megamania (Atari 8-bit - 1983),0.00,0
"Mercenary III: The Dion Crisis (Amiga, Atari ST - 1991)",5.00,2
Microsoft Space Simulator (DOS - 1994),4.73,49
Moon Patrol (Atari 8-bit - 1982),0.00,0
Moon Ranger (NES - 1990),0.00,0
Morpheus (C64 - 1987),4.00,1
NewTrek (DOS - 1982),2.33,3
Nomad (DOS - 1993),4.44,16
"Orbiter (DOS, Mac, Atari ST - 1986)",5.00,3
OverKill (DOS - 1992),4.50,18
Planet's Edge: The Point of no Return (DOS - 1991),4.47,19
"Project: Space Station (DOS, Apple II, C64 - 1987)",4.74,23
Protostar: War on the Frontier (DOS - 1993),4.60,25
"Psi 5 Trading Co. (DOS, Amstrad CPC, C64 - 1986)",4.67,9
Quadrant (DOS - 1984),0.00,0
"R-Type (Amiga, Amstrad CPC, C64, Game Boy - 1989)",4.00,2
"R-Type II (Amiga, Atari ST, Game Boy - 1991)",4.67,3
R-Type III: The Third Lightning (SNES - 1993),0.00,0
"Renegade Legion: Interceptor (DOS, Amiga - 1990)",4.65,14
Renegade: Battle for Jacob's Star (DOS - 1995),4.76,10
Rocket Rangers (DOS - 1990),0.00,0
"Rules of Engagement (DOS, Amiga - 1991)",4.33,12
"Rules of Engagement 2 (DOS, Amiga - 1993)",4.64,11
Sarcophaser (Amiga - 1988),4.00,1
"Shuttle Simulator (Atari 8-bit, C64, Dragon 32/64 - 1983)",3.75,4
"Shuttle: The Space Flight Simulator (DOS, Amiga, Atari ST - 1992)",4.54,35
"Silpheed (DOS, Apple IIgs, PC-88 - 1989)",4.46,13
"Skyfox II: The Cygnus Conflict (DOS, Amiga, C64 - 1988)",4.75,8
Sol-Feace (Genesis - 1992),0.00,0
Space Battle (Atari ST - 2004),0.00,0
"Space Rogue (DOS, Amiga, Mac, Apple II, C64 - 1989)",4.58,12
"Space School Simulator: The Academy (DOS, Amiga, Amstrad CPC - 1987)",4.00,4
Space Shuttle Project (NES - 1991),5.00,3
"Space Shuttle: A Journey into Space (Amstrad CPC, Atari 8-bit, C64 - 1986)",3.67,3
Space War (Amiga - 1989),1.00,1
Space War (Atari 8-bit - 1983),0.00,0
Spacewar (DOS - 1985),3.89,9
"Star Control (DOS, Amiga, Amstrad CPC, C64, Genesis - 1990)",4.80,20
Star Control II (DOS - 1992),4.64,62
Star Crusader (Amiga - 1995),4.00,3
"Star Fleet I: The War Begins! (DOS, Amiga, Mac, Atari 8-bit, Atari ST, C64 - 1985)",4.94,16
Star Fleet II: Krellan Commander (DOS - 1989),4.33,9
Star Fox (SNES - 1993),4.00,1
Star Fox 2 (SNES - 1996),0.00,0
Star Luster (NES - 1985),0.00,0
"Star Raiders (Atari 8-bit, Atari ST - 1979)",5.00,1
"Star Raiders II (Amstrad CPC, Atari 8-bit, C64 - 1987)",0.00,0
Star Rangers (DOS - 1995),4.00,12
Star Trader (C64 - 1984),5.00,1
Star Trek (DOS - 1981),3.75,8
Star Trek (C64 - 1982),4.50,2
Star Trek (Dragon 32/64 - 1982),4.50,2
Star Trek 64 (C64 - 1983),5.00,2
"Star Trek: 25th Anniversary (DOS, Amiga, Mac - 1992)",4.61,52
Star Trek: Armada (Windows - 2000),5.00,1
Star Trek: Armada II (Windows - 2001),4.00,1
Star Trek: Bridge Commander (Windows - 2002),4.84,19
"Star Trek: Generations - Beyond the Nexus (Game Boy, Game Gear - 1994)",0.00,0
Star Trek: Judgment Rites (DOS - 1993),4.68,19
"Star Trek: Starfleet Academy - Starship Bridge Simulator (SEGA 32X, SNES - 1995)",4.00,1
Star Trek: Starfleet Command - Orion Pirates (Windows - 2001),0.00,0
Star Trek: Starfleet Command III (Windows - 2002),4.50,2
"Star Trek: Strategic Operations Simulator (Apple II, Atari 8-bit, ColecoVision, C64 - 1983)",4.67,3
"Star Trek: The Next Generation (Game Boy, Game Gear, NES - 1993)",0.00,0
"Star Trek: The Next Generation - Echoes from the Past (Genesis, SNES - 1994)",0.00,0
Star Voyager (NES - 1986),0.00,0
Star Wars Arcade (SEGA 32X - 1994),3.33,3
Star Wars: Rebel Assault (Mac - 1993),4.88,8
Starfighter 3000 (Mac - 1996),5.00,1
"StarFlight (DOS, Amiga, Mac, Atari ST, C64, Genesis - 1986)",4.56,39
"StarFlight 2: Trade Routes of The Cloud Nebula (DOS, Amiga, Mac - 1989)",4.57,36
"Starglider II (DOS, Amiga, Mac, Atari ST - 1989)",4.35,12
"Starion (Amstrad CPC, C64 - 1985)",4.00,1
Starlancer (Windows - 2000),4.75,4
StarShip: Invasion (DOS - 1984),4.33,3
Starstrike II (Amstrad CPC - 1986),4.00,1
Sundog: Frozen Legacy (Atari ST - 1985),4.64,25
Super R-Type (SNES - 1991),0.00,0
Super Star Trek (DOS - 1982),4.30,10
"Super Stardust (DOS, Amiga - 1996)",0.00,0
Techno Quest (Windows - 1997),4.56,9
"The Cosmic Balance (Apple II, C64 - 1982)",5.00,4
The Dreadnaught Factor (Atari 8-bit - 1984),0.00,0
"The Incredible Crash Dummies (Game Boy, Game Gear - 1992)",0.00,0
"The Rubicon Alliance (Amstrad CPC, C64 - 1987)",4.00,1
"The Warp Factor (DOS, Apple II - 1982)",4.34,6
Tommy's Trek (DOS - 1986),3.00,2
Total Eclipse (Dragon 32/64 - 1985),0.00,0
Twerps (Atari 8-bit - 1982),0.00,0
Universal Combat (Windows - 2004),4.89,9
"Universe (DOS, Apple II, Atari 8-bit - 1987)",5.00,6
Universe II (DOS - 1986),5.00,4
"Uridium (DOS, Amstrad CPC, C64, ZX Spectrum - 1988)",4.75,4
Uridium 2 (Amiga - 1993),5.00,2
Verytex (Genesis - 1991),0.00,0
Video Trek 88 (DOS - 1982),4.00,3
Visual Star Trek (DOS - 1990),4.45,11
"Warhead (Amiga, Atari ST - 1990)",5.00,1
"WarpSpeed (Genesis, SNES - 1993)",4.00,1
Whip Rush (Genesis - 1990),0.00,0
"Wing Commander (DOS, Amiga, SNES - 1990)",4.54,43
Wing Commander Academy (DOS - 1993),4.70,10
Wing Commander II: Vengeance of the Kilrathi (DOS - 1991),4.54,41
Wing Commander: Armada (DOS - 1994),4.35,20
Wing Commander: Privateer (DOS - 1993),4.60,50
"Xenon 2: Megablast (DOS, Amiga, Atari ST, Game Boy, Genesis - 1990)",4.86,43
XF5700 Mantis Experimental Fighter (DOS - 1992),4.56,18
"Xiphos (DOS, Amiga, Atari ST - 1990)",5.00,2
