Title,Average Rating,Number of Ratings
10-Pin Bowling (C64 - 1984),3.63,8
10-Pin Bowling (Game Boy Color - 1999),0.00,0
"10-Yard Fight (MSX, NES - 1986)",5.00,1
10... Knockout! (C64 - 1985),3.50,4
"1000 Miglia (DOS, Amiga, C64 - 1992)",3.83,18
"10th Frame (DOS, Amstrad CPC, Atari ST, C64, MSX, ZX Spectrum - 1987)",3.79,19
1991 Du Ma Racing (NES - 1991),0.00,0
1994Pool+ (DOS - 1994),3.50,4
"1st Division Manager (Amiga, Amstrad CPC, Atari ST, C64, ZX Spectrum - 1992)",3.40,5
"2 Player Soccer Squad (Amstrad CPC, C64, ZX Spectrum - 1991)",3.00,3
3 Point Basketball (DOS - 1993),3.37,8
3-D TableSports (DOS - 1996),4.20,10
3D Ball Blaster (DOS - 1992),3.36,11
3D Boxing (Amstrad CPC - 1985),0.00,0
3D Golf (C64 - 1986),4.00,1
3D Stunt Rider (Amstrad CPC - 1985),4.80,5
"3D World Boxing (DOS, Amiga, C64 - 1992)",4.00,26
"4 Soccer Simulators (Amstrad CPC, C64 - 1989)",0.00,0
"4-D Boxing (DOS, Amiga - 1991)",4.68,22
4D Sports Tennis (DOS - 1990),4.05,18
"4th & Inches (DOS, Amiga, Mac, Apple IIgs, C64 - 1988)",3.55,18
4x4 Evo 2 (Windows - 2001),4.42,19
"720º (Amstrad CPC, C64, Game Boy Color, NES - 1988)",5.00,2
90 Minutes: European Prime Goal (SNES - 1995),0.00,0
"Aa Harimanada (Game Gear, Genesis - 1993)",0.00,0
Aa Yakyū Jinsei Icchokusen (NES - 1992),0.00,0
"ABC Monday Night Football (DOS, Amiga, C64 - 1989)",3.00,6
ABC Monday Night Football (SNES - 1993),0.00,0
"ABC Wide World of Sports Boxing (DOS, Amiga - 1991)",4.56,25
Action Soccer (DOS - 1995),4.50,6
Action Sports Soccer (DOS - 1992),3.20,10
Action Super Cross (DOS - 1993),4.56,9
Actua Soccer 2 (Mac - 1997),4.80,5
Actua Soccer 3 (Windows - 1999),4.25,4
Actua Soccer: Club Edition (DOS - 1997),4.46,46
"Adidas Championship Football (Amstrad CPC, C64 - 1990)",0.00,0
"Adrenalynn (Amiga, Atari ST - 1991)",0.00,0
"Advantage Tennis (DOS, Amiga, Atari ST - 1991)",4.57,7
AFL '99 (Windows - 1998),5.00,2
AFL Live 2004 (Windows - 2003),0.00,0
Africa Trail (Mac - 1997),2.33,6
Alaskan Malamute G.C. (PC-98 - 1992),0.00,0
"Albatross (MSX, PC-88 - 1986)",0.00,0
"Alex Higgins' World Snooker (DOS, Amstrad CPC - 1986)",4.20,5
"Alien Olympics (DOS, Game Boy - 1994)",3.60,5
All American Basketball (C64 - 1992),0.00,0
All Star Tennis 2000 (Game Boy Color - 2000),0.00,0
All-American College Football (DOS - 1991),3.38,8
All-Pro Basketball (NES - 1989),0.00,0
All-Star Baseball 2000 (Game Boy Color - 1999),0.00,0
All-Star Baseball 2001 (Game Boy Color - 2000),0.00,0
All-Star Baseball 99 (Game Boy - 1998),0.00,0
"Allan Border's Cricket (DOS, Atari ST, C64 - 1993)",4.15,40
Alley 19 Bowling (Mac - 1996),5.00,2
Alley Oops (C64 - 1983),4.00,1
Alpine Games (Amstrad CPC - 1987),5.00,1
American 3D Pool (C64 - 1991),1.00,1
"American Football (Amstrad CPC, C64 - 1984)",0.00,0
American Football (C64 - 1988),4.00,1
"American Tag-Team Wrestling (Amiga, Amstrad CPC, C64 - 1992)",5.00,1
Anders Limpar's proffs fotboll (C64 - 1989),0.00,0
"Andre Agassi Tennis (Game Gear, Genesis, SNES - 1994)",5.00,1
"Angle Ball (Amstrad CPC, C64 - 1987)",0.00,0
Antz World Sportz (Game Boy Color - 2001),3.00,1
Apple Derby (Apple II - 1978),5.00,1
Aqua Racer (C64 - 1985),0.00,0
Aquaplane (C64 - 1983),0.00,0
"Arcade Pool (DOS, Amiga - 1994)",3.94,16
Arcade Volleyball (DOS - 1987),4.20,5
"Arch Rivals (Game Gear, Genesis, NES - 1992)",5.00,2
"Archer Maclean's Pool (DOS, Atari ST - 1992)",3.40,5
"Arena (Amiga, Atari ST - 1986)",0.00,0
Armchair Quarterback (DOS - 1985),1.00,1
"Arnold Palmer Tournament Golf (Amiga, Atari ST, Genesis - 1990)",0.00,0
Ashita no Joe (SNES - 1992),0.00,0
Athletic World (NES - 1986),0.00,0
ATP Tour Championship Tennis (Genesis - 1994),0.00,0
Aussie Rules Footy (NES - 1991),0.00,0
Australian Rugby League (Genesis - 1994),0.00,0
"Australian Rules Football (Amstrad CPC, C64 - 1989)",0.00,0
"Awesome Earl in SkateRock (DOS, Amstrad CPC, C64 - 1988)",2.50,2
AWS Pro Moves Soccer (Genesis - 1993),0.00,0
Backyard Baseball (Windows - 1997),4.19,42
Bad News Baseball (NES - 1989),0.00,0
"Ballblazer (Amstrad CPC, Apple II, Atari 8-bit, C64, NES - 1986)",5.00,1
Bandai Golf: Challenge Pebble Beach (NES - 1989),0.00,0
"Bangkok Knights (Amiga, Atari ST, C64 - 1989)",5.00,1
Baoxiao Duobiqiu (DOS - 1994),2.75,4
"Bar Games (DOS, Amiga - 1989)",4.38,16
Barbie Vacation Adventure (SNES - 1994),0.00,0
Barkley: Shut Up and Jam 2 (Genesis - 1995),0.00,0
"Barkley: Shut Up and Jam! (Genesis, SNES - 1994)",0.00,0
Base Wars - Cyber Stadium Series (NES - 1991),0.00,0
Baseball (DOS - 1983),0.00,0
"Baseball (Game Boy, NES - 1989)",5.00,1
Baseball Mogul 2006 (Windows - 2005),5.00,1
Baseball Simulator 1.000 (NES - 1989),5.00,1
Baseball Stars (NES - 1989),0.00,0
Baseball Stars 2 (NES - 1992),0.00,0
Bases Loaded (Game Boy - 1990),0.00,0
Bases Loaded (NES - 1987),0.00,0
Bases Loaded 3 (NES - 1990),0.00,0
Bases Loaded 4 (NES - 1991),0.00,0
Bases Loaded II: Second Season (NES - 1988),0.00,0
"Basket Playoff (DOS, C64 - 1992)",5.00,1
Basketball (C64 - 1984),5.00,1
Basketball (Atari 8-bit - 1979),4.50,2
Basketball Challenge (DOS - 1987),5.00,1
Bass Class (DOS - 1992),4.50,2
"Bass Masters Classic (Genesis, SNES - 1995)",0.00,0
"Bass Masters Classic: Pro Edition (Genesis, SNES - 1996)",0.00,0
Bassin's Black Bass (SNES - 1994),0.00,0
BassTour (DOS - 1992),4.50,14
Batter Up (Game Gear - 1991),4.00,1
"Battle for the Ashes (DOS, Amiga - 1995)",0.00,0
Battle Golfer Yui (Genesis - 1991),0.00,0
Battle Pingpong (Game Boy - 1990),0.00,0
"Beach Volley (Amiga, Amstrad CPC - 1989)",3.00,1
"Best of the Best Championship Karate (DOS, Amiga, Amstrad CPC, Game Boy, Genesis, NES, SNES - 1992)",4.33,18
"Big Game Fishing (DOS, Amiga, C64 - 1991)",4.35,20
"Biker Dave (DOS, Atari 8-bit, C64 - 1986)",0.00,0
Bill Laimbeer's Combat Basketball (SNES - 1991),0.00,0
"Bill Walsh College Football (Genesis, SNES - 1993)",0.00,0
Bill Walsh College Football 95 (Genesis - 1994),0.00,0
"Billiards Simulator (DOS, Amiga, Atari ST - 1989)",1.50,2
Black Bass: Lure Fishing (Game Boy - 1992),0.00,0
"Blades of Steel (DOS, Amiga, C64, Game Boy, NES - 1990)",4.17,6
Blaze Out (C64 - 1989),0.00,0
Blood 'n Guts (C64 - 1986),5.00,1
Blood Bowl (DOS - 1995),4.21,14
"BMX Freestyle (Amstrad CPC, C64 - 1989)",5.00,1
"BMX Kidz (Amstrad CPC, C64 - 1988)",2.00,1
"BMX Ninja (Amstrad CPC, C64 - 1988)",5.00,1
BMX Racers (Commodore 16 - 1985),0.00,0
BMX Trials (C64 - 1985),0.00,0
"Bo Jackson Baseball (DOS, Amiga - 1991)",1.00,2
Bo Jackson Baseball (NES - 1991),0.00,0
Bo Jackson: Two Games in One (Game Boy - 1991),0.00,0
Boarder Zone (Windows - 1999),4.00,4
"Bobsleigh (Amstrad CPC, C64 - 1987)",0.00,0
"Bocce (Amiga, C64 - 1988)",5.00,1
"Bop'N Wrestle (DOS, Amstrad CPC, Apple II, Atari 8-bit, C64 - 1986)",3.75,4
Bounces (C64 - 1986),0.00,0
Bowling Champ!! (DOS - 1984),0.00,0
"Boxing Legends of the Ring (Genesis, SNES - 1993)",0.00,0
Break Time: The National Pool Tour (NES - 1993),0.00,0
Brett Hull Hockey (SNES - 1994),0.00,0
"Brett Hull Hockey 95 (DOS, Genesis, SNES - 1995)",4.20,5
"Brian Clough's Football Fortunes (Amstrad CPC, Atari 8-bit, Atari ST, C64 - 1987)",4.50,2
"Brian Jacks Superstar Challenge (Amstrad CPC, C64 - 1985)",5.00,1
"Brian Lara Cricket '96 (Amiga, Genesis - 1996)",0.00,0
"British Super League (Amstrad CPC, C64 - 1990)",0.00,0
Brunswick World: Tournament of Champions (SNES - 1997),0.00,0
"Brutal Sports Football (DOS, Amiga, Amiga CD32 - 1993)",4.33,15
"Budokan: The Martial Spirit (DOS, Amiga, Amstrad CPC, C64, Genesis - 1989)",4.84,31
"Buffalo Bill's Wild West Show (DOS, Amiga, Amstrad CPC, Atari ST, C64 - 1992)",3.75,4
"Bulls vs. Blazers and the NBA Playoffs (Genesis, SNES - 1993)",0.00,0
Bulls vs. Lakers and the NBA Playoffs (Genesis - 1992),0.00,0
Bullseye (DOS - 1982),5.00,1
"Bump, Set, Spike! Doubles Volleyball (C64 - 1986)",0.00,0
Bundesliga Live (C64 - 1985),0.00,0
"Bundesliga Manager (DOS, Amiga, Atari ST, C64 - 1990)",4.14,7
"Bundesliga Manager Professional (DOS, Amiga, Atari ST - 1991)",4.00,30
Bundesliga Manager Professional (Limited Edition) (DOS - 1992),4.33,6
"Bunny Bricks (DOS, Amiga, Amstrad CPC, Atari ST - 1993)",0.00,0
Buster Ball (Game Gear - 1992),0.00,0
"By Fair Means or Foul (Amiga, Amstrad CPC, Atari ST, C64 - 1991)",5.00,1
Cage Match (C64 - 1987),0.00,0
"Cal Ripken Jr. Baseball (Genesis, SNES - 1992)",0.00,0
"California Games (DOS, Amiga, Amstrad CPC, Apple II, Apple IIgs, Atari ST, C64, Genesis, NES - 1988)",4.34,33
"California Games II (DOS, Amiga, Atari ST, SNES - 1990)",4.06,16
"California Pro Golf (DOS, C64 - 1989)",3.00,2
Cannondale Cup (SNES - 1994),0.00,0
Canoe Slalom (Commodore 16 - 1985),0.00,0
Capcom's MVP Football (SNES - 1992),0.00,0
Capcom's Soccer Shootout (SNES - 1994),0.00,0
Carl Lewis' Go for the Gold (DOS - 1990),5.00,1
"Caveman Ugh-Lympics (DOS, C64, NES - 1989)",4.40,10
Center Court Tennis (DOS - 1991),3.71,7
Center Court Tennis (Amiga - 1995),4.00,1
"Challenge Golf (Amiga, Atari ST - 1991)",0.00,0
"Champions World Class Soccer (Genesis, SNES - 1993)",0.00,0
"Champions! (Amstrad CPC, Commodore 16, C64 - 1985)",0.00,0
Championship 3D Snooker (C64 - 1992),0.00,0
"Championship Baseball (DOS, Amiga, Amstrad CPC, Apple II, Atari ST, C64 - 1986)",0.00,0
Championship Bowling (Genesis - 1993),0.00,0
Championship Bowling (NES - 1989),0.00,0
Championship Golf (C64 - 1989),3.50,2
"Championship Golf: The Great Courses of the World - Volume One: Pebble Beach (DOS, Amiga - 1986)",4.00,2
Championship Hockey (Game Gear - 1994),0.00,0
"Championship Manager (DOS, Amiga, Atari ST - 1992)",4.41,22
Championship Manager 2 (DOS - 1995),4.07,43
Championship Manager 4 (Windows - 2003),4.20,10
Championship Manager 93 (Amiga - 1993),3.50,2
Championship Manager Italia (Amiga - 1993),3.50,4
"Championship Manager: End of 1994 Season Data Up-date Disk (DOS, Amiga, Atari ST - 1994)",4.35,18
"Championship Manager: Season 00/01 (Windows, Mac - 2000)",3.82,38
Championship Manager: Season 01/02 (Windows - 2001),4.67,9
Championship Manager: Season 97/98 (DOS - 1997),4.16,183
"Championship Pool (Game Boy, Genesis, NES, SNES - 1993)",0.00,0
"Championship Soccer '94 (Genesis, SNES - 1994)",0.00,0
Championship Soccer '94 (SNES - 1993),0.00,0
"Championship Water-Skiing (Amstrad CPC, Atari ST - 1987)",0.00,0
"Championship Wrestling (Apple II, Atari ST, Commodore 16, C64 - 1986)",0.00,0
Chavez (SNES - 1994),0.00,0
"Chavez II (Genesis, SNES - 1993)",0.00,0
Cheap Skate (C64 - 1989),0.00,0
Chi Chi's Pro Challenge Golf (Genesis - 1993),0.00,0
Chōkyūkai Miracle Nine (Genesis - 1995),0.00,0
"Chop N' Drop (Amiga, Amstrad CPC, C64 - 1988)",5.00,3
"Circus Attractions (DOS, Amiga, Atari ST, C64 - 1989)",4.50,4
"Classic Punter (Amstrad CPC, C64 - 1989)",0.00,0
Classic Snooker (C64 - 1987),5.00,1
"Classic Trainer (Amstrad CPC, C64 - 1989)",0.00,0
Club & Country (Amiga - 1995),0.00,0
Clubhouse Sports (C64 - 1988),0.00,0
"ClueFinders: Mystery Mansion Arcade (Windows, Mac - 2000)",5.00,4
Clutch Hitter (Game Gear - 1991),0.00,0
Coach K College Basketball (Genesis - 1995),0.00,0
Colin McRae Rally (Windows - 1998),4.67,12
College Football USA 96 (Genesis - 1995),0.00,0
College Football USA 97 (Genesis - 1996),0.00,0
College Football's National Championship (Genesis - 1994),0.00,0
College Football's National Championship II (Genesis - 1995),0.00,0
"College Slam (DOS, Game Boy, Genesis, SNES - 1996)",4.25,4
Compaq Grand Slam Cup (DOS - 1992),4.00,5
"Computer Baseball (DOS, Apple II, Atari 8-bit, C64 - 1983)",5.00,1
Computer Baseball Strategy (Atari 8-bit - 1982),0.00,0
"Computer Football Strategy (Atari 8-bit, C64 - 1983)",0.00,0
"Computer Quarterback (Apple II, Atari 8-bit, C64 - 1981)",3.40,5
County Cricket (C64 - 1989),0.00,0
"Crash 'n' the Boys: Street Challenge (Game Boy, NES - 1992)",0.00,0
Crazy Foota (Dragon 32/64 - 1987),0.00,0
"Crazy Golf (Amstrad CPC, Commodore 16 - 1984)",0.00,0
Cricket 64 (C64 - 1984),5.00,1
"Cricket 97 (DOS, Windows - 1997)",4.31,188
Cricket Captain (C64 - 1991),0.00,0
"Cricket Captain (Amstrad CPC, C64 - 1990)",0.00,0
"Cricket Captain (Amiga, Atari ST - 1989)",0.00,0
Cricket Crazy (C64 - 1988),4.00,1
Cricket Master (C64 - 1988),0.00,0
Cue Boy (C64 - 1993),5.00,1
Cunning Football (DOS - 1991),3.00,2
Cup Football (C64 - 1990),0.00,0
Cutie Suzuki no Ringside Angel (Genesis - 1990),4.00,1
"Cyberball (Amiga, Amstrad CPC, Atari ST, C64, Genesis, NES - 1990)",5.00,1
"Daily Double Horse Racing (Amiga, C64 - 1989)",0.00,0
"Daley Thompson's Decathlon (Amstrad CPC, C64 - 1985)",4.50,2
"Daley Thompson's Olympic Challenge (Amiga, Amstrad CPC, C64 - 1988)",5.00,2
"Daley Thompson's Super-Test (Amstrad CPC, C64 - 1985)",0.00,0
David Beckham Soccer (Game Boy Color - 2002),0.00,0
"David Crane's Amazing Tennis (Genesis, SNES - 1992)",4.00,1
"David Leadbetter's Greens (DOS, Amiga, Atari ST - 1991)",5.00,1
David Robinson's Supreme Court (Genesis - 1992),0.00,0
Davis Cup Tennis (Genesis - 1993),0.00,0
DDM Soccer 96 (DOS - 1996),3.67,3
Decathlon (NES - 1992),0.00,0
Deer Avenger (Windows - 1998),3.78,9
Derby Day (C64 - 1984),0.00,0
Devastating Blow (C64 - 1992),0.00,0
"Dick Vitale's ""Awesome, Baby!"" College Hoops (Genesis - 1994)",0.00,0
Dig & Spike Volleyball (SNES - 1992),0.00,0
Digital League Baseball (DOS - 1987),0.00,0
"Dino Dini's Soccer (Genesis, SNES - 1994)",0.00,0
Disney's Extremely Goofy Skateboarding (Windows - 2001),5.00,6
Disney's The Hunchback of Notre Dame (Game Boy - 1997),0.00,0
Dolphin Boating Simulator (DOS - 1988),3.00,2
"Double Dribble (DOS, Amiga, C64, Game Boy, NES - 1990)",4.13,8
Double Dribble: The Playoff Edition (Genesis - 1994),0.00,0
"Downhill Challenge (DOS, Amiga, Amstrad CPC, Apple IIgs, Atari ST, C64 - 1989)",3.43,7
Downtown Nekketsu Baseball Monogatari (SNES - 1993),0.00,0
"Drazen Petrovic Basket (DOS, Amstrad CPC, C64 - 1990)",3.80,5
"Dribbling (Amiga, C64 - 1992)",4.00,2
Duck Hunt (NES - 1984),5.00,4
Dusty Diamond's All-Star Softball (NES - 1989),0.00,0
"Dynamite Bowl (NES, PC-88 - 1987)",0.00,0
EA Sports Double Header (Genesis - 1993),5.00,1
"Earl Weaver Baseball (DOS, Mac, Apple II - 1987)",4.28,33
Earl Weaver Baseball II (DOS - 1991),4.12,18
Eat the Whistle (Amiga - 1998),4.00,1
Eddie Kidd Jump Challenge (C64 - 1985),0.00,0
Edgar Torronteras' eXtreme Biker (Windows - 1999),5.00,2
Edgar Torronteras' Moto-X 2000 (Windows - 2000),5.00,1
"Eishockey Manager (DOS, Amiga - 1993)",4.43,28
"Electronic Pool (Amiga, Atari ST - 1987)",0.00,0
"Elite Soccer (Game Boy, SNES - 1994)",0.00,0
Elitserien 95 (Genesis - 1994),0.00,0
Elitserien 96 (Genesis - 1995),0.00,0
"Emilio Butragueño ¡Fútbol! (DOS, Amstrad CPC, C64 - 1987)",3.00,2
"Emilio Sanchez Vicario Grand Slam (DOS, Amstrad CPC - 1989)",3.50,2
"Emlyn Hughes International Soccer (Amiga, Amstrad CPC, Atari ST, C64 - 1990)",5.00,1
Emmitt Smith Football (SNES - 1995),0.00,0
"Empire Soccer 94 (DOS, Amiga - 1994)",4.40,5
Endurance (Amstrad CPC - 1985),0.00,0
Endzone (C64 - 1988),0.00,0
"England Championship Special (DOS, Amiga, Atari ST, C64 - 1991)",5.00,2
England Team Manager (Atari ST - 1990),0.00,0
Epic Baseball (DOS - 1995),3.20,5
"Eskimo Games (Amiga, Atari ST, C64 - 1989)",3.00,1
ESLA League Manager III (Atari ST - 1995),0.00,0
Esnuka (DOS - 1992),1.00,1
"ESPN Baseball Tonight (Genesis, SNES - 1994)",0.00,0
"ESPN National Hockey Night (Genesis, SNES - 1994)",0.00,0
"ESPN Sunday Night NFL (Genesis, SNES - 1994)",0.00,0
"Euro Soccer (DOS, Amiga - 1992)",4.22,9
"European 5-A-Side (Amstrad CPC, C64 - 1988)",0.00,0
"European Champions (DOS, Atari ST - 1993)",5.00,2
European Champions (C64 - 1990),0.00,0
"European Championship 1992 (DOS, Amiga, Atari ST - 1992)",4.56,9
"European Games (Commodore 16, C64 - 1987)",5.00,1
European II (C64 - 1987),0.00,0
"European Soccer Challenge (Amiga, Amstrad CPC, C64 - 1990)",0.00,0
"European Superleague (DOS, Amiga, Amstrad CPC - 1991)",0.00,0
"Evander Holyfield's ""Real Deal"" Boxing (Genesis - 1992)",0.00,0
"Evander Holyfield's ""Real Deal"" Boxing (Game Gear - 1992)",0.00,0
"Excitebike (NES, PC-88 - 1984)",4.00,4
Excitebike: BunBun Mario Battle Stadium (SNES - 1997),0.00,0
Extra Innings (SNES - 1991),0.00,0
"F.A. Cup Football (Amstrad CPC, C64 - 1986)",0.00,0
"F1 World Championship Edition (Amiga, Genesis, SNES - 1995)",5.00,1
Face Off (Atari ST - 1989),0.00,0
Face-Off (Amiga - 1991),0.00,0
"FaceOff! (DOS, C64 - 1989)",4.10,10
Family Jockey (NES - 1987),5.00,1
Family Tennis (NES - 1987),0.00,0
Family Trainer: Jogging Race (NES - 1987),0.00,0
"Fantastic Soccer (Atari 8-bit, C64 - 1989)",0.00,0
Fantasy Manager: The Computer Game (Amiga - 1994),0.00,0
"Fast Break (DOS, Amiga, Apple IIgs, C64 - 1988)",4.56,9
"Fernando Martín Basket Master (DOS, Amstrad CPC, C64 - 1990)",4.20,5
FIFA 2001: Major League Soccer (Windows - 2000),0.00,0
"FIFA 98: Road to World Cup (Windows, Genesis - 1997)",4.68,28
FIFA 99 (Windows - 1998),4.37,19
"FIFA International Soccer (DOS, Amiga, Game Boy, Game Gear, Genesis, SNES - 1994)",4.35,132
FIFA Soccer 95 (Genesis - 1994),4.00,1
"FIFA Soccer 96 (DOS, Genesis, SEGA 32X, SNES - 1995)",4.24,131
"FIFA Soccer 96 (Game Boy, Game Gear - 1995)",0.00,0
"FIFA Soccer 97 (Genesis, SNES - 1996)",5.00,1
FIFA Soccer 97 (Game Boy - 1996),4.00,1
FIFA Soccer Manager (Windows - 1997),4.43,7
FIFA: Road to World Cup 98 (Game Boy - 1997),5.00,1
FIFA: Road to World Cup 98 (SNES - 1997),0.00,0
"Fight Night (Apple II, Atari 8-bit, C64 - 1985)",5.00,1
"Fighting Soccer (Amiga, Amstrad CPC, Atari ST, C64 - 1990)",0.00,0
"Final Assault (DOS, Amiga, Amstrad CPC, Apple IIgs, Atari ST, C64 - 1988)",3.11,9
"Final Blow (Amiga, Atari ST, C64, Genesis - 1991)",5.00,1
Final Whistle (C64 - 1989),0.00,0
First Past the Post (C64 - 1988),0.00,0
Five Brilliant Sport Action Games (C64 - 1990),0.00,0
"Five-a-Side Soccer (DOS, C64 - 1985)",3.00,6
Five-A-Side Soccer (Amiga - 1998),1.00,1
Football (DOS - 1986),1.00,1
Football (DOS - 1983),0.00,0
Football Director (C64 - 1988),5.00,2
"Football Director II (Amiga, Atari ST - 1988)",0.00,0
Football Frenzy (C64 - 1987),0.00,0
Football Fury (SNES - 1992),0.00,0
"Football Glory (DOS, Amiga - 1995)",4.00,13
Football International (Game Boy - 1991),0.00,0
"Football Manager (DOS, Amiga, Amstrad CPC, Atari 8-bit, C64, Dragon 32/64, VIC-20 - 1987)",4.08,12
"Football Manager 2 (DOS, Amiga, Amstrad CPC, Atari ST, C64 - 1988)",4.78,9
"Football Manager 3 (DOS, Amstrad CPC, C64 - 1993)",4.00,4
"Football Manager II: Expansion Kit (DOS, C64 - 1989)",3.00,3
"Football Manager: World Cup Edition 1990 (Amiga, Amstrad CPC, Atari ST, C64 - 1990)",0.00,0
"Footballer of the Year (Amstrad CPC, Atari 8-bit, Commodore 16, C64 - 1986)",5.00,1
"Footballer of the Year 2 (Amiga, Amstrad CPC, Atari ST, C64 - 1989)",2.00,1
"Foreman for Real (Game Boy, Game Gear, Genesis, SNES - 1995)",0.00,0
"Frank Bruno's Boxing (DOS, Amstrad CPC, C64 - 1988)",0.00,0
"Frank Thomas Big Hurt Baseball (Genesis, SNES - 1995)",5.00,1
"Frank Thomas Big Hurt Baseball (Game Boy, Game Gear - 1995)",5.00,1
Fred Couples Golf (Game Gear - 1994),0.00,0
Front Page Sports: Baseball '94 (DOS - 1994),4.20,5
Front Page Sports: Football (DOS - 1992),4.40,5
Front Page Sports: Football Pro (DOS - 1993),3.77,13
Front Page Sports: Football Pro '95 Season (DOS - 1995),4.56,9
"Future Basketball (Amiga, Atari ST - 1990)",3.00,2
Fuzzy's World of Miniature Space Golf (DOS - 1995),4.33,6
"G.P. Tennis Manager (Amiga, C64 - 1991)",5.00,3
"Galactic Games (Amstrad CPC, C64 - 1987)",0.00,0
Gardyloo Golf (Mac - 1998),0.00,0
"Gary Lineker's Hot-Shot! (Amiga, Amstrad CPC, Atari ST, C64 - 1990)",0.00,0
"Gary Linekers Superskills (Amstrad CPC, Atari ST, C64 - 1988)",0.00,0
"Gazza II (DOS, Amiga - 1992)",5.00,3
"Gazza II (Amstrad CPC, C64 - 1990)",0.00,0
"Gazza's Super Soccer (Amiga, Amstrad CPC, C64 - 1989)",5.00,1
"GBA Championship Basketball: Two-on-Two (DOS, Amiga, Amstrad CPC, Apple IIgs, C64 - 1986)",3.20,5
"Geoff Capes Strongman (Amstrad CPC, C64 - 1985)",0.00,0
"George Foreman's KO Boxing (Game Boy, Genesis, NES, SNES - 1992)",0.00,0
George Foreman's KO Boxing (Game Gear - 1992),0.00,0
"GFL Championship Football (DOS, Amiga, Amstrad CPC, Atari ST, C64 - 1987)",3.33,3
Glen Hoddle Soccer (Amstrad CPC - 1985),0.00,0
Gnarly Golf (Apple IIgs - 1989),0.00,0
Go Racing With Peter O'Sullevan (C64 - 1984),0.00,0
Goal 94 (DOS - 1994),4.86,7
Goal II (DOS - 1992),3.67,3
"Goal! (DOS, Amiga, Atari ST - 1993)",5.00,6
Goal! (Game Boy - 1993),0.00,0
Goal! (NES - 1988),2.00,1
Goal! (SNES - 1992),0.00,0
Goal! Two (NES - 1992),0.00,0
Gold Medal Challenge '92 (NES - 1992),0.00,0
"Gold, Silver, Bronze (Amstrad CPC - 1988)",0.00,0
"Golden Basket (DOS, Amstrad CPC - 1990)",4.75,4
Golden Gloves (Atari 8-bit - 1982),0.00,0
Golf (DOS - 1982),0.00,0
Golf (C64 - 1983),5.00,1
Golf (C64 - 1986),0.00,0
"Golf (Game Boy, NES, PC-88 - 1989)",3.33,3
Golf Construction Set (C64 - 1985),0.00,0
Golf Grand Slam (NES - 1991),0.00,0
Golf Magazine presents 36 Great Holes starring Fred Couples (SEGA 32X - 1994),0.00,0
Golf Master (C64 - 1988),0.00,0
Golf Resort Tycoon (Windows - 2001),0.00,0
Golf Resort Tycoon II (Windows - 2002),4.00,1
Golf's Best: St. Andrews - The Home of Golf (C64 - 1986),0.00,0
Gone Fishin' (DOS - 1994),4.43,7
"Gone Fishing (DOS, Amiga - 1989)",5.00,2
Gotcha! The Sport! (NES - 1987),0.00,0
GP 500 (Windows - 1999),5.00,6
GP Rider (Game Gear - 1994),0.00,0
GP-1 Part II (SNES - 1994),0.00,0
Graeme Souness International Soccer (C64 - 1992),0.00,0
"Graeme Souness Soccer Manager (DOS, Amiga, Atari ST, C64 - 1993)",4.50,2
"Graeme Souness Vector Soccer (Amiga, Atari ST - 1991)",0.00,0
"Graham Gooch's Test Cricket (Amstrad CPC, C64 - 1985)",5.00,1
"Graham Taylor's Soccer Challenge (Amiga, Atari ST - 1992)",2.50,2
"Grand Monster Slam (DOS, Amiga, C64 - 1989)",4.50,12
Grand National (Amiga - 1989),0.00,0
"Grand Prix Tennis (Amstrad CPC, C64 - 1987)",5.00,1
"Grand Slam: World Class Tennis (Amiga, Mac - 1988)",4.00,1
"Grave Yardage (DOS, C64 - 1989)",4.25,4
"Great Courts 2 (DOS, Amiga, Atari ST - 1991)",4.06,15
Greatest Heavyweights (Genesis - 1993),0.00,0
Greg Norman's Golf Power (NES - 1992),0.00,0
"Greg Norman's Shark Attack!: The Ultimate Golf Simulator (DOS, Amiga, Atari ST, C64 - 1989)",3.00,2
"Grid Iron 2 (Amstrad CPC, C64 - 1989)",0.00,0
HAL Wrestling (Game Boy - 1990),0.00,0
Hammerlock Wrestling (SNES - 1994),0.00,0
"Handicap Golf (C64, Dragon 32/64 - 1985)",0.00,0
"HardBall 4 (DOS, Genesis - 1994)",4.82,11
"HardBall 5 (DOS, Genesis - 1995)",4.59,17
"HardBall II (DOS, Amiga, Mac - 1989)",4.87,8
"HardBall III (DOS, Genesis, SNES - 1992)",4.17,12
HardBall IV: MLBPA Players Disk (DOS - 1994),4.50,4
"HardBall! (DOS, Amiga, Mac, Apple IIgs, C64 - 1987)",3.25,8
"Harlem Globetrotters (DOS, NES - 1990)",3.25,4
Harukanaru Augusta (SNES - 1991),0.00,0
Harvey Smith Showjumper (C64 - 1985),0.00,0
"Hat Trick (DOS, C64 - 1987)",4.33,3
Hat Trick Hero 2 (SNES - 1994),0.00,0
Hattrick! (Amiga - 1996),5.00,1
Head Coach (C64 - 1986),0.00,0
Head Coach v3 (Amiga - 1991),0.00,0
"Head-On Soccer (Genesis, SNES - 1995)",0.00,0
Heavy Shreddin' (NES - 1990),0.00,0
Heavyweight Championship Boxing (Game Boy - 1990),0.00,0
"HesGames (Apple II, C64 - 1984)",4.00,1
"Hit the Ice: The Video Hockey League (Game Boy, Genesis, SNES - 1992)",0.00,0
"Hockey League Simulator (DOS, Amiga - 1990)",4.80,5
Hockey League Simulator II (DOS - 1992),3.88,8
"Hole in One (PC-88, SNES - 1985)",0.00,0
Hole in One Professional (NES - 1988),0.00,0
"Hole-In-One Miniature Golf (DOS, Amiga, Atari ST, C64 - 1989)",4.80,5
Hole-In-One Miniature Golf Deluxe! (DOS - 1989),0.00,0
Holo-Squash (Amiga - 1992),1.00,1
Hoops (NES - 1988),0.00,0
"Horace Goes Skiing (C64, Dragon 32/64 - 1984)",0.00,0
Horse Races (DOS - 1983),0.00,0
Horse Racing Simulator (Atari ST - 1990),0.00,0
"Hotball (Amiga, Atari ST - 1988)",0.00,0
Hotdog (PC-88 - 1985),0.00,0
Hover (DOS - 1988),0.00,0
Hunchback at the Olympics (C64 - 1985),0.00,0
Hypaball (C64 - 1986),0.00,0
Hyper Biker (C64 - 1984),0.00,0
"Hyper Sports (Amstrad CPC, C64, NES - 1985)",4.00,1
Hyper V-Ball (SNES - 1992),0.00,0
"Hyperbowl (Amiga, Amstrad CPC, Atari ST, C64 - 1988)",1.00,1
"I Play: 3-D Soccer (Amiga, Atari ST, C64 - 1991)",0.00,0
"I Play: 3D Tennis (DOS, Amiga, C64 - 1992)",0.00,0
I Play: Football Champ. (C64 - 1991),0.00,0
"Ian Botham's Cricket (DOS, Amiga - 1992)",4.00,18
"Ian Botham's Test Match (Amstrad CPC, C64 - 1985)",0.00,0
Ice Hockey (NES - 1988),0.00,0
ICW Wrestling (Amiga - 1989),0.00,0
IDSI's Rack 'em Up! (C64 - 1983),0.00,0
Ike Ike! Nekketsu Hockey-bu: Subete Koronde Dairantō (NES - 1992),5.00,1
IMG International Tour Tennis (Genesis - 1994),0.00,0
In Your Face (Game Boy - 1990),0.00,0
"Indoor Soccer (Amstrad CPC, Commodore 16, ZX Spectrum - 1986)",0.00,0
"International 3D Tennis (Amiga, Amstrad CPC, Atari ST, C64, ZX Spectrum - 1990)",0.00,0
"International 5-A-Side (C64, ZX Spectrum - 1992)",0.00,0
International Athletics (DOS - 1992),2.75,8
"International Championship Athletics (Amiga, Atari ST - 1991)",0.00,0
International Cricket (NES - 1992),4.33,3
"International Football (Amstrad CPC, C64, ZX Spectrum - 1990)",0.00,0
"International Hockey (Apple II, C64 - 1987)",0.00,0
"International Ice Hockey (Amiga, C64 - 1991)",0.00,0
"International Open Golf Championship (DOS, Amiga - 1993)",4.00,2
International Rally Championship (Windows - 1997),4.67,12
International Rugby (Genesis - 1993),0.00,0
International Rugby Challenge (Amiga - 1993),0.00,0
"International Rugby Simulator (Amstrad CPC, Atari ST, C64, ZX Spectrum - 1988)",0.00,0
"International Sensible Soccer (DOS, Amiga, Atari ST - 1994)",4.44,9
International Soccer (C64 - 1983),4.50,2
International Soccer (Amiga - 1994),5.00,1
International Soccer (Amiga - 1988),0.00,0
"International Soccer Challenge (DOS, Amiga, Atari ST - 1990)",4.67,6
"International Sports Challenge (DOS, Amiga, Atari ST, C64 - 1992)",2.67,3
International Superstar Soccer (Game Boy - 1998),5.00,2
International Superstar Soccer (SNES - 1994),0.00,0
"International Superstar Soccer Deluxe (Genesis, SNES - 1996)",5.00,1
International Team Sports (C64 - 1989),0.00,0
"International Tennis (DOS, Amiga, C64, ZX Spectrum - 1993)",4.50,6
International Tennis (C64 - 1985),0.00,0
"International Tennis Open (DOS, Mac - 1994)",3.33,3
International Tennis Tour (SNES - 1993),0.00,0
"Italia 1990 (Amiga, Atari ST - 1990)",5.00,1
"Italy '90 Soccer (Amiga, C64 - 1988)",5.00,1
Itchy & Scratchy in Miniature Golf Madness (Game Boy - 1994),0.00,0
J League: Big Wave Soccer (Game Boy - 1995),0.00,0
J.League Champion Soccer (Genesis - 1993),4.00,1
"J.League Fighting Soccer: The King of Ace Strikers (Game Boy, NES - 1992)",5.00,1
"Jack Charlton's Match Fishing (C64, ZX Spectrum - 1985)",0.00,0
Jack Nicklaus Golf (Game Boy - 1992),0.00,0
Jack Nicklaus Golf & Course Design: Signature Edition (DOS - 1992),4.55,11
"Jack Nicklaus' Greatest 18 Holes of Major Championship Golf (DOS, Amiga, Mac, Amstrad CPC, Apple IIgs, Atari ST, C64, NES, PC-88 - 1988)",3.40,5
Jack Nicklaus' Power Challenge Golf (Genesis - 1993),0.00,0
"Jack Nicklaus' Unlimited Golf & Course Design (DOS, Amiga, SNES - 1990)",4.67,3
"Jahangir Khan World Championship Squash (DOS, Amiga, Amstrad CPC, Atari ST, C64 - 1991)",4.00,6
"Jai Alai (DOS, Amstrad CPC, C64 - 1991)",1.00,1
"Jammit (Genesis, SNES - 1994)",0.00,0
Jennifer Capriati Tennis (Genesis - 1992),0.00,0
"Jet Bike Simulator (Amstrad CPC, C64 - 1988)",0.00,0
Jikkyō Power Pro Wrestling '96: Max Voltage (SNES - 1996),0.00,0
Jim Kobbe's Pool Game in 3D (DOS - 1990),3.00,2
"Jimmy Connors Pro Tennis Tour (DOS, Amiga, Amstrad CPC, C64, SNES - 1991)",3.75,4
"Jimmy Connors Tennis (Game Boy, NES - 1993)",0.00,0
Jimmy Houston's Bass Tournament U.S.A. (SNES - 1995),0.00,0
"Jimmy White's 'Whirlwind' Snooker (DOS, Amiga, Atari ST, Genesis - 1991)",4.11,27
"Jimmy's Soccer Manager (Amstrad CPC, C64 - 1992)",0.00,0
Jimmy's Super League (C64 - 1993),0.00,0
"Jocky Wilson's Compendium of Darts (Amiga, Amstrad CPC, Atari 8-bit, C64 - 1993)",2.00,1
"Jocky Wilson's Darts Challenge (Amiga, Amstrad CPC, Atari 8-bit, C64 - 1990)",3.00,2
Joe Montana Football (DOS - 1990),3.63,11
Joe Montana Football (Genesis - 1990),0.00,0
Joe Montana Football (Game Gear - 1992),0.00,0
Joe Montana II: Sports Talk Football (Genesis - 1991),0.00,0
"John Barnes European Football (Amiga, Amiga CD32, Atari ST - 1992)",4.00,1
"John Elway's Quarterback (DOS, Amstrad CPC, C64, NES - 1988)",1.33,3
"John Lowe's Ultimate Darts (Amiga, C64 - 1989)",2.50,2
"John Madden Football (DOS, Apple II, C64 - 1989)",4.25,4
"John Madden Football (Amiga, Genesis - 1992)",1.00,1
"John Madden Football '92 (Genesis, SNES - 1991)",0.00,0
"John Madden Football '93 (Genesis, SNES - 1992)",0.00,0
John Madden Football '93: Championship Edition (Genesis - 1992),0.00,0
John Madden Football II (DOS - 1991),5.00,2
"Jonah Barrington's Squash (Amstrad CPC, C64 - 1985)",0.00,0
"Jordan vs Bird: One on One (DOS, C64, Game Boy, Genesis, NES - 1988)",4.27,11
Karate (Amiga - 1987),5.00,1
Kawasaki Superbike Challenge (Game Gear - 1994),0.00,0
Kayak (C64 - 1985),3.00,1
"Keith Van Eron's Pro Soccer (DOS, Amiga, Amstrad CPC, Atari ST, C64 - 1989)",4.29,14
Kellogg's Tour (C64 - 1988),0.00,0
Ken Griffey Jr Presents Major League Baseball (SNES - 1994),5.00,1
Ken Griffey Jr.'s Winning Run (SNES - 1996),0.00,0
"Kenny Dalglish Soccer Manager (Amstrad CPC, Atari 8-bit, C64 - 1989)",0.00,0
"Kenny Dalglish Soccer Match (Amiga, Amstrad CPC, C64 - 1989)",0.00,0
"Kentucky Racing (Amstrad CPC, C64 - 1990)",0.00,0
Kevin Keegan's Player Manager (SNES - 1993),0.00,0
"Kick Off (Amiga, Amstrad CPC, Atari 8-bit, Atari ST, C64, NES - 1989)",4.00,4
Kick Off (C64 - 1983),5.00,1
"Kick Off 2 (DOS, Amiga, Amstrad CPC, Atari ST, C64, SNES - 1990)",4.17,29
"Kick Off 3: European Challenge (DOS, Amiga, Genesis, SNES - 1994)",4.67,6
"Kick Off 96 (DOS, Amiga - 1996)",3.60,5
Kick Off 97 (DOS - 1997),4.25,12
Kick Off 98 (DOS - 1997),0.00,0
"Kikstart 2 (Amiga, Amstrad CPC, C64 - 1987)",3.00,1
"Killerball (DOS, Amiga, Amstrad CPC, Atari ST - 1991)",0.00,0
King Salmon: The Big Catch (Genesis - 1992),0.00,0
"Kingpin: Arcade Sports Bowling (DOS, Amiga - 1995)",4.25,8
"Kings of the Beach (DOS, C64, NES - 1988)",4.58,19
Kinnikuman: Dirty Challenger (SNES - 1992),0.00,0
Kinnikuman: The Dream Match (Game Boy - 1992),0.00,0
Kirby's Dream Course (SNES - 1994),5.00,1
"Knight Games (DOS, Amstrad CPC, C64 - 1988)",3.33,3
KNOCKOUT (Atari 8-bit - 1982),0.00,0
KnockOut! (C64 - 1985),0.00,0
Konami Hyper Soccer (NES - 1992),0.00,0
Konami's Golf (Amstrad CPC - 1987),5.00,1
Kōshien 2 (SNES - 1992),0.00,0
Kōshien 3 (SNES - 1994),0.00,0
Kōshien 4 (SNES - 1995),0.00,0
Kunio-kun no Dodge Ball da yo: Zenin Shūgo (SNES - 1993),0.00,0
Kunio-kun no Nekketsu Soccer League (NES - 1993),5.00,5
Kyūkyoku Harikiri Stadium (NES - 1988),0.00,0
La Russa Baseball 95 (Genesis - 1994),0.00,0
Lakers versus Celtics and the NBA Playoffs (DOS - 1989),4.78,37
Lakers versus Celtics and the NBA Playoffs (Genesis - 1990),0.00,0
"Lazer Tag (Amstrad CPC, C64 - 1987)",0.00,0
"Leader Board (Amstrad CPC, Atari 8-bit - 1987)",0.00,0
"Leader Board (Amiga, Atari ST - 1986)",5.00,1
Leader Board: Executive Edition (C64 - 1986),3.00,2
"Leaderboard Tournament (Amstrad CPC, Atari 8-bit - 1987)",0.00,0
"League Challenge (Amiga, Amstrad CPC, C64 - 1991)",0.00,0
League Football (C64 - 1991),0.00,0
Lee Trevino's Fighting Golf (NES - 1988),0.00,0
Leeds United (DOS - 1992),3.33,3
"Leeds United Champions! (Amiga, Atari ST - 1992)",0.00,0
Legend of the River King GB (Game Boy - 1997),4.00,1
Legends of the Diamond (NES - 1992),0.00,0
Lemmings Paintball (Windows - 1996),4.67,3
Liga Polska (Amiga - 1995),1.00,1
Liga Polska Manager '95 (Amiga - 1995),1.00,1
Links 2003 (Windows - 2002),0.00,0
Links 386 Pro (DOS - 1992),4.73,16
"Links: The Challenge of Golf (DOS, Amiga - 1990)",3.86,7
Little League Baseball Championship Series (NES - 1990),5.00,1
Liverpool (DOS - 1990),3.67,3
Liverpool (Amstrad CPC - 1990),0.00,0
Liverpool: the Computer Game (C64 - 1993),1.00,1
"Liverpool: The Computer Game (Amiga, Atari ST - 1992)",5.00,1
"Locus (DOS, Mac - 1995)",4.20,5
Looney Tunes B-Ball (SNES - 1994),0.00,0
Low Blow (DOS - 1990),3.45,11
"M.U.D.S.: Mean Ugly Dirty Sport (DOS, Amiga - 1990)",4.58,21
M.U.S.C.L.E. (NES - 1985),5.00,2
Madden 95 (Game Boy - 1994),0.00,0
Madden 96 (Game Gear - 1995),0.00,0
Madden 96 (Game Boy - 1995),0.00,0
Madden 97 (Game Boy - 1996),0.00,0
Madden NFL '94 (SNES - 1993),0.00,0
"Madden NFL 95 (Genesis, SNES - 1994)",0.00,0
Madden NFL 95 (Game Gear - 1994),0.00,0
"Madden NFL 96 (Genesis, SNES - 1995)",0.00,0
Madden NFL 97 (Genesis - 1996),0.00,0
Madden NFL 97 (SNES - 1996),0.00,0
Madden NFL 98 (Genesis - 1997),0.00,0
Madden NFL 98 (SNES - 1997),2.50,2
Magic Darts (NES - 1991),0.00,0
"Magic Johnson's Fast Break (DOS, Amiga, Amstrad CPC, C64, NES - 1989)",4.80,5
Magnetic Soccer (Game Boy - 1992),0.00,0
"Major Indoor Soccer League (DOS, C64 - 1989)",3.00,1
Major League Baseball (NES - 1988),0.00,0
Major League Manager (DOS - 1986),4.25,8
Malibu Beach Volleyball (Game Boy - 1989),0.00,0
"Manchester United (DOS, Amiga, Amstrad CPC, Atari ST, C64 - 1990)",3.80,5
"Manchester United Premier League Champions (DOS, Amiga - 1994)",4.00,9
"Manchester United: The Double (DOS, Amiga - 1994)",4.89,9
Maniac Sports (Mac - 1994),5.00,1
Mario Lemieux Hockey (Genesis - 1991),5.00,1
Mark Davis' The Fishing Master (SNES - 1995),0.00,0
"Masterblazer (DOS, Amiga, Atari ST - 1991)",3.50,2
"Match Day (Amstrad CPC, C64 - 1985)",3.33,3
"Match Day II (Amstrad CPC, C64 - 1987)",5.00,3
"Match of the Day (DOS, Amiga, Atari ST - 1992)",2.25,8
"Mean 18 (DOS, Amiga, Apple IIgs - 1986)",4.00,11
"Mean 18: Famous Course Disk Volume II (DOS, Apple IIgs - 1986)",4.00,2
Mecarobot Golf (SNES - 1993),0.00,0
Mega Man Soccer (SNES - 1994),0.00,0
Mega Sports (Amstrad CPC - 1992),0.00,0
"Metro Cross (Amstrad CPC, Atari ST, C64, NES - 1987)",0.00,0
Mezase! Top Pro: Green ni Kakeru Yume (NES - 1993),0.00,0
Michael Andretti's World GP (NES - 1988),0.00,0
Michael Jordan in Flight (DOS - 1993),3.89,9
"Michel Futbol Master + Super Skills (DOS, Amstrad CPC - 1989)",1.00,1
Micro League Baseball The Managers Challenge (DOS - 1991),3.00,2
Micro League Fantasy Manager Baseball Edition (DOS - 1991),2.00,1
Micro League Football (DOS - 1991),3.25,4
Micro League Wrestling 2 (DOS - 1989),3.62,8
Micro Olympics (C64 - 1984),5.00,1
"MicroLeague Action Sports Soccer (DOS, Amiga, Amstrad CPC, Atari ST, C64 - 1992)",4.20,5
"MicroLeague Baseball (DOS, Amiga, Apple II, Atari 8-bit, C64 - 1984)",4.20,30
"MicroLeague Baseball II (DOS, Mac - 1989)",3.40,5
MicroLeague Baseball IV (DOS - 1992),3.86,7
MicroLeague Football 2 (DOS - 1993),2.50,4
MicroLeague Football: The Coach's Challenge - Deluxe Edition (DOS - 1993),3.20,10
MicroLeague Wrestling (C64 - 1987),5.00,1
Microsoft Golf 1998 Edition (Windows - 1998),4.00,4
"Mike Ditka Ultimate Football (DOS, Genesis - 1991)",3.55,11
Mike Tyson's Punch-Out!! (NES - 1987),3.67,3
Mikro Mortal Tennis (Amiga - 1996),3.00,2
"Milk Race (Amstrad CPC, Atari 8-bit, C64 - 1987)",5.00,1
Mini Golf Plus (Amiga - 1988),0.00,0
"Mini-Putt (DOS, C64, Game Boy, NES - 1987)",4.33,3
"Minnesota Fats' Pool Challenge (Amstrad CPC, Commodore 16, C64 - 1985)",0.00,0
Minnesota Fats: Pool Legend (Genesis - 1995),0.00,0
"MLBPA Baseball (Genesis, SNES - 1994)",0.00,0
MLBPA Baseball (Game Gear - 1995),0.00,0
Moero!! Judo Warriors (NES - 1990),5.00,1
Mogul Maniac (Atari 8-bit - 1983),0.00,0
Monster Truck Rally (NES - 1991),0.00,0
"Monster Truck Wars (Game Boy, Game Gear - 1994)",0.00,0
Motocross Champion (NES - 1989),0.00,0
Motocross Championship (SEGA 32X - 1994),0.00,0
Motocross Maniacs (Game Boy - 1989),0.00,0
"Motorbike Madness (DOS, Amiga, Amstrad CPC, C64 - 1988)",2.75,4
"Mountain Bike Racer (DOS, Atari 8-bit, C64 - 1990)",5.00,1
Muhammad Ali Heavyweight Boxing (Genesis - 1992),0.00,0
Muhammad Ali Heavyweight Boxing (Game Boy - 1993),0.00,0
"Multi-Player Soccer Manager (Amiga, Amstrad CPC, C64 - 1991)",5.00,1
"Mundial de Fútbol (DOS, Amstrad CPC - 1990)",4.33,3
Mutant League Football (Genesis - 1993),0.00,0
Mutant League Hockey (Genesis - 1994),0.00,0
MVP Baseball 2004 (Windows - 2004),0.00,0
MVP Baseball 2005 (Windows - 2005),0.00,0
Namco Gallery Vol. 2 (Game Boy - 1996),0.00,0
Namco Gallery Vol. 3 (Game Boy - 1997),0.00,0
Nantettatte!! Baseball (NES - 1990),0.00,0
"NASCAR Racing (DOS, Mac - 1994)",4.59,66
Natsume Championship Wrestling (SNES - 1994),1.00,1
NBA Action '94 (Genesis - 1994),0.00,0
NBA Action '95 starring David Robinson (Genesis - 1995),0.00,0
NBA Action Starring David Robinson (Game Gear - 1994),0.00,0
"NBA All-Star Challenge (Genesis, SNES - 1992)",0.00,0
NBA All-Star Challenge (Game Boy - 1991),0.00,0
NBA All-Star Challenge 2 (Game Boy - 1992),0.00,0
NBA Give 'n Go (SNES - 1995),0.00,0
"NBA Hang Time (Windows, Genesis, SNES - 1996)",5.00,2
"NBA Jam (Game Boy, Game Gear, Genesis, SNES - 1994)",0.00,0
"NBA Jam Tournament Edition (DOS, Game Boy, Game Gear, Genesis, SEGA 32X, SNES - 1995)",4.26,24
"NBA Live 95 (Genesis, SNES - 1994)",0.00,0
"NBA Live 96 (Genesis, SNES - 1995)",5.00,1
NBA Live 96 (Game Boy - 1995),0.00,0
"NBA Live 97 (Genesis, SNES - 1996)",0.00,0
"NBA Live 98 (Genesis, SNES - 1997)",5.00,2
"NBA Showdown (Genesis, SNES - 1994)",0.00,0
NCAA Basketball (SNES - 1992),0.00,0
"NCAA Final Four Basketball (Genesis, SNES - 1994)",0.00,0
"NCAA Football (Genesis, SNES - 1994)",0.00,0
NCAA: Road to the Final Four (DOS - 1991),3.50,2
NCAA: Road to the Final Four 2 (DOS - 1994),3.50,2
Nekketsu Kōkō Dodgeball Bu Kyōteki! Tōkyū Senshi no Maki (Game Boy - 1991),5.00,1
Nekketsu Street Basket: Ganbare Dunk Heroes (NES - 1993),5.00,1
Nekketsu! Beach Volley da yo Kunio-kun (Game Boy - 1994),4.00,2
NES Open Tournament Golf (NES - 1991),5.00,2
"NES Play Action Football (Game Boy, NES - 1990)",0.00,0
Network Q RAC Rally (DOS - 1993),4.27,22
NFL (DOS - 1992),4.00,8
NFL (NES - 1989),0.00,0
NFL '95 (Game Gear - 1994),0.00,0
NFL 94 (DOS - 1993),3.33,3
NFL 98 (Genesis - 1997),5.00,1
NFL Blitz (Game Boy Color - 1998),0.00,0
"NFL Challenge (DOS, Mac - 1985)",3.88,17
NFL Coaches Club Football (DOS - 1993),0.00,0
NFL Football (Game Boy - 1990),0.00,0
NFL Football (SNES - 1993),0.00,0
NFL Football '94 starring Joe Montana (Genesis - 1993),0.00,0
NFL Pro League Football (DOS - 1995),4.00,6
"NFL Pro League Football (DOS, Mac - 1989)",5.00,3
NFL Pro League Football: New 1991 Version (DOS - 1991),3.60,5
"NFL Quarterback Club (Genesis, SNES - 1994)",0.00,0
NFL Quarterback Club (SEGA 32X - 1995),0.00,0
"NFL Quarterback Club (Game Boy, Game Gear - 1995)",0.00,0
NFL Quarterback Club (Game Boy - 1993),0.00,0
"NFL Quarterback Club 96 (Genesis, SNES - 1995)",0.00,0
"NFL Quarterback Club 96 (Game Boy, Game Gear - 1995)",0.00,0
NFL Sports Talk Football '93 Starring Joe Montana (Genesis - 1992),0.00,0
"NHL '94 (Genesis, SNES - 1993)",5.00,2
"NHL 95 (DOS, Game Boy, Game Gear, Genesis, SNES - 1994)",4.24,21
NHL 96 (Genesis - 1995),5.00,1
"NHL 96 (DOS, SNES - 1995)",3.00,2
"NHL 97 (DOS, Genesis, SNES - 1996)",4.50,2
"NHL 98 (Windows, Genesis, SNES - 1997)",4.00,4
NHL 99 (Windows - 1998),3.67,3
NHL All-Star Hockey (Game Gear - 1995),0.00,0
NHL All-Star Hockey '95 (Genesis - 1995),0.00,0
NHL Hockey (DOS - 1993),4.50,16
NHL Hockey (Genesis - 1991),0.00,0
NHL Open Ice: 2 On 2 Challenge (Windows - 1996),5.00,1
NHL Powerplay 98 (Windows - 1997),5.00,1
NHL Stanley Cup (SNES - 1993),0.00,0
"NHLPA Hockey '93 (Genesis, SNES - 1992)",0.00,0
"Nick Faldo Plays The Open (Amstrad CPC, C64 - 1986)",0.00,0
"Nick Faldo's Championship Golf (DOS, Amiga, Amiga CD32, C64 - 1993)",4.00,1
Nickelodeon GUTS (SNES - 1994),0.00,0
"Nintendo World Cup (Game Boy, NES - 1991)",5.00,1
Nippon Daihyō Team: Eikō no Eleven (Game Boy - 1998),0.00,0
Nogginknockers 2 (DOS - 1996),0.00,0
Nolan Ryan's Baseball (SNES - 1991),0.00,0
"Off Shore Warrior (DOS, Amstrad CPC - 1988)",4.50,4
Olimpiada '96 (Amiga - 1996),1.00,1
Olimpiadas 92: Gimnasia Deportiva (DOS - 1992),3.67,3
"Olympic Decathlon (DOS, Apple II - 1982)",3.14,14
"Olympic Gold: Barcelona '92 (Game Gear, Genesis - 1992)",0.00,0
Olympic Skier (C64 - 1984),0.00,0
Olympic Skier (Commodore 16 - 1985),0.00,0
"Olympic Summer Games (Game Boy, Genesis, SNES - 1996)",0.00,0
"Omni-play Basketball (DOS, Amiga, C64 - 1990)",4.46,11
"Omni-Play Horse Racing (DOS, Amiga, Amstrad CPC, C64 - 1989)",3.40,5
"On Cue (Amstrad CPC, Atari 8-bit, C64 - 1987)",0.00,0
"On the Ball (DOS, Amiga - 1994)",4.57,7
"On the Ball: World Cup Edition (DOS, Amiga - 1993)",4.23,13
On the Bench (C64 - 1988),0.00,0
On-Court Tennis (C64 - 1984),5.00,1
On-Field Football (C64 - 1984),0.00,0
One-Nil Soccer Manager (DOS - 1992),4.16,13
"One-on-One (DOS, Apple II, Atari 8-bit, ColecoVision, C64 - 1984)",4.28,14
Ostfriesland Games (C64 - 1993),5.00,1
"Over the Net! (DOS, Amiga, C64 - 1991)",4.43,7
Over the Top (C64 - 1987),0.00,0
"Overdrive (DOS, Amiga - 1995)",4.20,5
"Panza Kick Boxing (DOS, Amiga, Amstrad CPC, Atari ST - 1990)",4.48,25
Parigi Dakar (C64 - 1985),0.00,0
"Paris Dakar 1990 (DOS, Amiga, Atari ST - 1990)",4.75,12
"Passing Shot (Amiga, Amstrad CPC, Atari ST, C64 - 1989)",5.00,1
Pat Riley Basketball (Genesis - 1990),0.00,0
PC Basket (DOS - 1993),4.75,4
PC Basket 2.0 (DOS - 1994),3.75,4
PC Basket 3.0 (DOS - 1995),4.50,2
PC Darts (DOS - 1987),3.75,4
PC Fútbol (DOS - 1993),4.43,7
PC Fútbol 3.0 (DOS - 1994),4.08,13
PC Fútbol 4.0 (DOS - 1995),4.29,14
PC Gol (DOS - 1993),0.00,0
PC Pool (DOS - 1984),3.20,5
PC Pool Challenges (DOS - 1984),3.00,2
PC Rally (DOS - 1995),4.78,9
PCBOWL - Electron Lanes (DOS - 1986),2.00,1
Pelé II: World Tournament Soccer (Genesis - 1994),0.00,0
"Penalty Soccer (Amstrad CPC, C64 - 1990)",5.00,1
"Perico Delgado Maillot Amarillo (DOS, Amstrad CPC - 1989)",3.71,7
Pete Rose Pennant Fever (DOS - 1988),4.00,10
"Pete Sampras Tennis (Game Gear, Genesis - 1994)",0.00,0
Pete Sampras Tennis 96 (Genesis - 1995),0.00,0
"Peter Beardsley's International Football (Amiga, Amstrad CPC, Atari ST, C64 - 1988)",0.00,0
"Peter Shilton's Handball Maradona! (Amstrad CPC, C64 - 1986)",0.00,0
PGA Championship Golf 2000 (Windows - 2000),3.50,2
PGA Championship Golf: 1999 Edition (Windows - 1999),0.00,0
"PGA European Tour (Amiga, Game Boy, Genesis, SNES - 1994)",5.00,1
PGA Tour 96 (Genesis - 1995),0.00,0
PGA Tour 96 (Game Gear - 1995),0.00,0
PGA Tour 96 (Game Boy - 1995),0.00,0
"PGA Tour Golf (DOS, Amiga, Game Gear, Genesis, SNES - 1990)",4.21,19
PGA Tour Golf II (Genesis - 1992),0.00,0
PGA Tour Golf II (Game Gear - 1995),0.00,0
"PGA Tour Golf III (Genesis, SNES - 1994)",0.00,0
Pigskin 621 AD (Genesis - 1992),0.00,0
Ping Pong (DOS - 1985),4.80,5
"Ping Pong (Amstrad CPC, C64, NES - 1985)",0.00,0
"Player Manager (Amiga, Atari ST - 1990)",4.67,3
"Player Manager 2 (DOS, Amiga - 1995)",3.85,21
Playmaker Football (DOS - 1991),4.50,2
Plazma Ball (C64 - 1992),4.00,1
Pocket Bowling (Game Boy Color - 1998),0.00,0
Pocket Golf (Game Boy - 1998),0.00,0
Poko Memorial: 18 Hole Miniature Golf (DOS - 1987),3.00,2
"Poli Díaz (DOS, Amstrad CPC - 1990)",4.25,4
"Pool (Amiga, Atari ST - 1987)",1.00,1
Pool Shark (DOS - 1993),0.00,0
"Popeye 3: WrestleCrazy (Amiga, Amstrad CPC, C64 - 1995)",1.00,1
Power Punch II (NES - 1992),5.00,1
Powerball (Genesis - 1991),4.00,1
Powerplay Hockey (C64 - 1988),0.00,0
"Premier 2: Superleague (Amstrad CPC, C64 - 1987)",0.00,0
Premier League (C64 - 1986),0.00,0
"Premier Manager (DOS, Amiga, Atari ST, Genesis - 1992)",4.08,26
"Premier Manager 2 (DOS, Amiga, Atari ST - 1993)",4.22,38
"Premier Manager 3 (DOS, Amiga - 1994)",4.21,24
Premier Manager 3 De-Luxe (Amiga - 1995),5.00,1
"Premier Manager 97 (Windows, Genesis - 1996)",2.90,10
"Premier Multi-Edit System (DOS, Amiga - 1995)",3.67,3
Premier Picks (Amiga - 1993),0.00,0
Prime Time NFL Football starring Deion Sanders (Genesis - 1996),4.00,1
Pro Golf (C64 - 1988),0.00,0
Pro League Baseball (DOS - 1992),4.00,4
Pro Manager (DOS - 1984),2.00,2
"Pro Mountain Bike Simulator (Atari 8-bit, C64 - 1989)",0.00,0
"Pro Powerboat Simulator (Amiga, Amstrad CPC, Atari ST, C64 - 1990)",3.67,3
"Pro Quarterback (Genesis, SNES - 1992)",0.00,0
"Pro Skateboard Simulator (Amstrad CPC, C64 - 1989)",0.00,0
"Pro Sport Hockey (NES, SNES - 1993)",0.00,0
Pro Striker (Genesis - 1993),0.00,0
Pro Striker 2 (Genesis - 1994),0.00,0
Pro Striker Perfect (Genesis - 1993),2.00,1
Pro Striker: Final Stage (Genesis - 1995),0.00,0
"Pro Tennis Simulator (Amiga, Amstrad CPC, C64 - 1990)",3.67,3
Pro Wrestling (NES - 1986),0.00,0
Pro Yakyū Family Stadium '87 (NES - 1987),0.00,0
Pro Yakyū Super League '91 (Genesis - 1991),0.00,0
"Professional BMX Simulator (Amstrad CPC, C64 - 1988)",5.00,1
"Professional Footballer (Amstrad CPC, C64 - 1991)",0.00,0
"Professional Ski Simulator (Amiga, Amstrad CPC, C64 - 1989)",4.50,2
"Professional Snooker Simulator (Amstrad CPC, C64 - 1987)",0.00,0
"Professional Tennis Simulator (DOS, Amstrad CPC - 1990)",3.43,7
Professional Underground League of Pain (Windows - 1997),0.00,0
"Projectyle (Amiga, Atari ST - 1990)",5.00,1
ProSoccer 2190 (Amiga - 1990),0.00,0
Pub Games (Amstrad CPC - 1987),0.00,0
Pub Pool (DOS - 1987),4.00,3
Pure-Stat College Basketball (C64 - 1989),0.00,0
"Purple Saturn Day (DOS, Amiga, Amstrad CPC, Atari ST - 1989)",4.00,6
Putt & Putter (Game Gear - 1991),0.00,0
Putter Golf (Genesis - 1990),0.00,0
QuarterPole (DOS - 1993),4.67,6
Quattro Sports (NES - 1993),5.00,1
R.B.I. Baseball (NES - 1986),0.00,0
R.B.I. Baseball '93 (Genesis - 1993),0.00,0
R.B.I. Baseball '94 (Genesis - 1994),0.00,0
R.B.I. Baseball '94 (Game Gear - 1994),4.00,1
"R.B.I. Baseball 2 (DOS, Amiga, Amstrad CPC, Atari ST, C64, NES - 1991)",3.88,8
"R.B.I. Baseball 3 (Genesis, NES - 1991)",0.00,0
R.B.I. Baseball 4 (Genesis - 1992),0.00,0
R.S.A Darts (DOS - 1993),0.00,0
Race Days (Game Boy - 1994),0.00,0
Race the Nags (DOS - 1993),3.33,3
Racing Damashii (Game Boy - 1991),0.00,0
"Rack 'Em (DOS, C64 - 1988)",4.25,4
Racket Attack (NES - 1988),0.00,0
Rackets & Rivals (NES - 1993),0.00,0
Rad Racket: Deluxe Tennis II (NES - 1991),0.00,0
"Rad Ramp Racer (Amstrad CPC, C64 - 1989)",5.00,1
Radio Baseball (DOS - 1986),4.50,2
Rally Challenge (Windows - 1997),5.00,2
"Rally Cross Challenge (Amiga, Amstrad CPC, C64 - 1989)",1.00,1
RapJam: Volume One (SNES - 1995),0.00,0
RBI Baseball '95 (SEGA 32X - 1995),5.00,1
RealSports Football (Atari 8-bit - 1983),0.00,0
RealSports Tennis (Atari 8-bit - 1983),0.00,0
Red Zone (Amiga - 1992),0.00,0
Redneck Deer Huntin' (DOS - 1997),0.00,0
Reel Fish'n (DOS - 1989),3.50,2
Relief Pitcher (SNES - 1994),0.00,0
Rich Tauber's Bass Champ (DOS - 1991),0.00,0
"Rick Davis's World Trophy Soccer (DOS, Amiga, Amstrad CPC, Atari ST, C64 - 1989)",4.64,14
"Riddick Bowe Boxing (Game Boy, Game Gear, SNES - 1994)",0.00,0
Ring King (NES - 1987),5.00,1
Ring Rage (Game Boy - 1993),0.00,0
"Ringside Seat (Apple II, C64 - 1983)",4.00,1
"Robin Smith's International Cricket (Amiga, Atari ST, C64 - 1991)",0.00,0
Robo Wres 2001 (PC-88 - 1986),0.00,0
Rocco (Amstrad CPC - 1985),0.00,0
Rocket Ball (C64 - 1985),4.00,1
Rocky Super Action Boxing (ColecoVision - 1983),0.00,0
Rodeo (Amstrad CPC - 1986),0.00,0
"Roger Clemens' MVP Baseball (Game Boy, Genesis, NES, SNES - 1992)",0.00,0
Roland Garros 97 (DOS - 1997),3.25,4
"Rollerblade Racer (DOS, NES - 1993)",4.33,6
Roundball: 2-On-2 Challenge (NES - 1992),0.00,0
"Roy of the Rovers (Amstrad CPC, C64 - 1988)",0.00,0
"Rugby Boss (Amstrad CPC, C64 - 1989)",0.00,0
"Rugby Coach (Amstrad CPC, C64 - 1991)",0.00,0
Rugby Manager (C64 - 1989),0.00,0
"Rugby World Cup 95 (DOS, Genesis - 1995)",3.17,6
"Rugby: The World Cup (Amiga, Atari ST, C64 - 1991)",0.00,0
"Run for Gold (Amstrad CPC, C64 - 1985)",5.00,1
"Run the Gauntlet (Amiga, Amstrad CPC, C64 - 1989)",3.00,2
"RVF Honda (Amiga, Atari ST - 1990)",4.00,2
"Ryder Cup: Johnnie Walker (DOS, Amiga, Amiga CD32 - 1994)",3.50,2
"Sailing (Amstrad CPC, C64 - 1987)",5.00,1
Sailing... an adventure in the Bermuda Triangle (DOS - 1983),3.00,2
"Saint and Greavsie (Amiga, Amstrad CPC, C64 - 1989)",0.00,0
"Saturday Night Slam Masters (Genesis, SNES - 1994)",5.00,1
Scratch Golf (Game Gear - 1994),5.00,1
Sea Fisherman (Atari ST - 1989),0.00,0
"Seconds Out (Amiga, Atari ST - 1988)",0.00,0
Sega Game Pack 4in1 (Game Gear - 1992),0.00,0
"Sensible Golf (DOS, Amiga - 1994)",3.40,10
Sensible Soccer: European Champions (Game Gear - 1993),0.00,0
Sensible Soccer: European Champions (Game Boy - 1993),0.00,0
Sensible Soccer: European Champions (Atari ST - 1992),0.00,0
"Sensible Soccer: European Champions - 92/93 Edition (DOS, Amiga CD32, Atari ST - 1993)",4.61,18
"Sensible World of Soccer (DOS, Amiga - 1995)",4.58,82
"Sensible World of Soccer '96/'97 (DOS, Amiga - 1996)",4.22,239
"Serve & Volley (DOS, Apple IIgs, C64 - 1988)",2.80,5
Sgt Slaughter's Mat Wars (C64 - 1989),0.00,0
Shane Warne Cricket (Genesis - 1996),1.00,1
"Sharkey's 3D Pool (DOS, Amiga, Amstrad CPC, Atari ST, C64 - 1990)",4.57,7
Shijō Saikyō League Serie A: Ace Striker (SNES - 1995),0.00,0
Shin Nihon Pro Wrestling 94: Battlefield in Tokyo Dome (SNES - 1994),0.00,0
Shoot the Rapids (C64 - 1985),5.00,1
"Shufflepuck Cafe (DOS, Amiga, Mac, Amstrad CPC, Atari ST, NES - 1989)",4.42,45
Sid Meier's SimGolf (Windows - 2002),4.64,14
"Side Pocket (Game Boy, Game Gear, Genesis, NES, SNES - 1990)",2.50,2
"Sierra Championship Boxing (DOS, Mac, Apple II, C64 - 1985)",4.50,4
Sierra Soccer: World Challenge Edition (Amiga - 1994),4.00,1
Simulgolf (C64 - 1988),0.00,0
"Skate Crazy (Amstrad CPC, C64 - 1988)",0.00,0
"Skate or Die (DOS, Amstrad CPC, Apple IIgs, C64, NES - 1988)",3.92,13
Skate or Die 2: The Search for Double Trouble (NES - 1990),5.00,1
Skate or Die: Bad 'N Rad (Game Boy - 1991),0.00,0
Skate or Die: Tour de Thrash (Game Boy - 1991),0.00,0
"Skateball (Amstrad CPC, Atari ST, C64 - 1989)",0.00,0
Skateboard Kidz (Amstrad CPC - 1988),0.00,0
Skeet Shootin' (C64 - 1985),0.00,0
Ski Crazed (Apple II - 1987),0.00,0
Ski King (DOS - 1996),2.67,3
"Ski or Die (DOS, Amiga, C64, NES - 1990)",4.26,19
SkiFree (Windows 3.x - 1991),3.76,21
Skiing (DOS - 1984),2.00,4
Slalom (NES - 1987),0.00,0
Slam 'N Jam '96 featuring Magic & Kareem (DOS - 1997),4.44,16
Slam-Dunk (C64 - 1988),5.00,1
SLAP-SHOT! Hockey (C64 - 1984),0.00,0
"Slapshot (Amstrad CPC, C64 - 1984)",0.00,0
"Sliders (DOS, Amiga, Amstrad CPC, Atari ST - 1991)",0.00,0
Smash Hit (Atari ST - 1992),0.00,0
Smash Tennis (SNES - 1993),0.00,0
Snooker (C64 - 1984),0.00,0
Snooker & Pool (C64 - 1987),0.00,0
Snoopy's Silly Sports Spectacular (NES - 1988),0.00,0
Soccer (NES - 1985),3.67,3
Soccer (Atari 8-bit - 1982),0.00,0
Soccer Challenge (C64 - 1990),0.00,0
Soccer King (Amiga - 1988),0.00,0
"Soccer Manager Plus (Amiga, Atari ST - 1989)",5.00,1
Soccer Mania (Game Boy - 1990),0.00,0
Soccer Quiz (C64 - 1989),0.00,0
"Soccer Rivals (Amstrad CPC, C64 - 1991)",0.00,0
"Soccer Star (Amstrad CPC, C64 - 1989)",0.00,0
Soccer Superstars (Amiga - 1995),3.00,2
Soccer Team Manager (Amiga - 1994),1.00,1
Space Academy (C64 - 1989),5.00,1
Space Football: One on One (SNES - 1992),0.00,0
Speed Ace (Atari 8-bit - 1987),0.00,0
"Speedball (DOS, Amiga, Atari ST, C64 - 1988)",4.69,13
"Speedball 2: Brutal Deluxe (DOS, Amiga, Amiga CD32, Atari ST, C64, Game Boy, Genesis - 1991)",4.50,40
Speedway (C64 - 1986),0.00,0
Speedway Manager 2 (Amiga - 1995),5.00,1
Sport of Kings (DOS - 1991),3.83,6
Sport Sport (VIC-20 - 2002),0.00,0
"Sporting Triangles (Amiga, Amstrad CPC, C64 - 1989)",0.00,0
Sports Collection (Game Boy - 1996),0.00,0
Sports Illustrated Championship Football & Baseball (Game Gear - 1995),0.00,0
Sports Illustrated Championship Football & Baseball (SNES - 1994),0.00,0
Sports Illustrated for Kids: The Ultimate Triple Dare (Game Boy - 1994),0.00,0
Sports Illustrated Golf Classic (Game Boy - 1994),0.00,0
Sports Spectacular (DOS - 1987),5.00,1
Sports Trivia: Championship Edition (Game Gear - 1995),0.00,0
"Sports-A-Roni (Amstrad CPC, C64 - 1987)",0.00,0
St Andrews: Eikō to Rekishi no Old Course (SNES - 1995),0.00,0
Stadium Events (NES - 1986),5.00,1
"Star Rank Boxing (Amstrad CPC, C64 - 1985)",0.00,0
"Star Rank Boxing II (DOS, C64 - 1987)",3.00,6
"Starbyte Super Soccer (Amiga, Atari ST, C64 - 1991)",3.00,2
Sterling Sharpe: End 2 End (SNES - 1995),0.00,0
"Steve Davis Snooker (Amstrad CPC, Atari 8-bit, Commodore 16, C64 - 1984)",0.00,0
"Steve Davis World Snooker (Amiga, Atari ST - 1989)",1.00,1
Stick Hunter: Exciting Ice Hockey (NES - 1987),0.00,0
"Stormball (Amiga, Atari ST - 1991)",0.00,0
"Street Cat (DOS, Amiga, Amstrad CPC, Atari ST, C64 - 1988)",4.30,10
"Street Cred Boxing (Amstrad CPC, C64 - 1989)",0.00,0
"Street Cred Football (Amstrad CPC, C64 - 1989)",0.00,0
Street Hockey '95 (SNES - 1994),0.00,0
Street Olympics (Commodore 16 - 1986),0.00,0
"Street Sports Baseball (DOS, Apple II, C64 - 1987)",3.00,2
"Street Sports Basketball (DOS, Amiga, Amstrad CPC, Apple II, C64 - 1987)",5.00,5
"Street Sports Football (Apple II, C64 - 1988)",0.00,0
"Street Sports Soccer (DOS, Apple II, Apple IIgs, C64 - 1988)",4.33,3
Street Surfer (C64 - 1986),5.00,1
"Strike (Amstrad CPC, C64 - 1987)",5.00,1
Strike Zone Baseball (DOS - 1989),4.00,1
"Striker (DOS, Amiga, Amiga CD32, Atari ST, Genesis, SNES - 1993)",4.41,17
"Striker (Amstrad CPC, C64 - 1990)",5.00,1
Striker '95 (DOS - 1995),3.14,7
"Striker Manager (Amstrad CPC, C64 - 1990)",0.00,0
Strikes -N- Spares (Amiga - 1993),0.00,0
Stunt Kids (NES - 1992),0.00,0
"Subbuteo (DOS, Amiga, Amstrad CPC, Atari ST, C64 - 1990)",3.67,6
"Summer Challenge (DOS, Amiga, Atari ST, C64 - 1988)",5.00,3
"Summer Games (Atari 8-bit, C64, PC-88 - 1984)",5.00,1
"Summer Games II (DOS, Apple II, C64 - 1986)",4.18,11
Summer Olympix (Amiga CD32 - 1994),5.00,1
Super Action Baseball (ColecoVision - 1983),4.50,2
Super Action Football (ColecoVision - 1984),0.00,0
Super Back to the Future Part II (SNES - 1993),0.00,0
"Super Baseball 2020 (Genesis, SNES - 1993)",0.00,0
Super Baseball Simulator 1.000 (SNES - 1991),0.00,0
Super Bases Loaded (SNES - 1991),0.00,0
Super Bases Loaded 2 (SNES - 1994),0.00,0
Super Bases Loaded 3: License to Steal (SNES - 1995),0.00,0
Super Batter Up (SNES - 1992),0.00,0
Super Black Bass (SNES - 1992),0.00,0
Super Bowl (C64 - 1986),0.00,0
"Super Bowl Sunday (Apple II, C64 - 1986)",0.00,0
Super Bowling (SNES - 1992),0.00,0
Super Cross (C64 - 1986),0.00,0
Super Dodge Ball (NES - 1988),5.00,1
Super Dyna'mix Badminton (NES - 1988),0.00,0
Super Final Match Tennis (SNES - 1994),0.00,0
Super Fire Pro Wrestling Queen's Special (SNES - 1995),0.00,0
Super Fire Pro Wrestling X Premium (SNES - 1996),0.00,0
Super Formation Soccer 95: della Serie A (SNES - 1995),5.00,1
Super Goal! 2 (SNES - 1993),5.00,1
Super Golf (Game Gear - 1991),0.00,0
"Super High Impact (Genesis, SNES - 1992)",0.00,0
Super International Cricket (SNES - 1995),0.00,0
"Super Kick Off (Game Boy, Game Gear, Genesis, SNES - 1991)",0.00,0
Super League Manager (Amiga - 1995),0.00,0
Super Play Action Football (SNES - 1992),0.00,0
Super Punch-Out!! (SNES - 1994),5.00,1
Super R.B.I. Baseball (SNES - 1995),5.00,1
"Super Ski II (DOS, Amiga, Atari ST - 1992)",3.50,2
Super Ski III (DOS - 1992),5.00,1
Super Slap Shot (SNES - 1993),0.00,0
Super Soccer (SNES - 1991),0.00,0
"Super Soccer Champ (Amiga, Atari ST, C64, SNES - 1992)",1.50,2
Super Sport Challenge (Amiga - 1993),0.00,0
Super Team Games (NES - 1987),0.00,0
Super Tennis (SNES - 1991),1.00,1
Super Tennis Champs (Amiga - 1995),3.50,2
SUPER Volley ball (Genesis - 1990),0.00,0
Super Wrestle Angels (SNES - 1994),5.00,1
Supercup Football (C64 - 1988),2.00,1
Superleague Soccer (C64 - 1989),0.00,0
"Supersports: The Alternative Olympics (Amstrad CPC, C64 - 1988)",0.00,0
"SuperStar Ice Hockey (DOS, Amiga, Atari ST, C64 - 1987)",4.43,7
"Superstar Indoor Sports (DOS, Amiga, Amstrad CPC, Apple II, Atari ST, Commodore 16, C64 - 1987)",5.00,3
Superstar Ping Pong (C64 - 1986),3.00,1
"SuperStar Soccer (DOS, Amstrad CPC, C64 - 1987)",3.67,6
Surfchamp (C64 - 1987),0.00,0
Table Tennis (C64 - 1993),4.00,1
"Table Tennis Simulation (Amiga, Atari ST - 1989)",0.00,0
"Tactical Manager (DOS, Amiga, Atari ST - 1994)",3.80,5
Tactical Manager 2 (Amiga - 1995),0.00,0
Tactical Manager Italia (Amiga - 1994),0.00,0
Tactical Soccer (SNES - 1995),0.00,0
Taekwon-Do (SNES - 1994),0.00,0
"Tag Team Wrestling (DOS, C64, NES - 1986)",4.20,5
"Take Down (DOS, C64 - 1988)",4.43,7
Team (Atari ST - 1995),0.00,0
"Team Suzuki (DOS, Amiga, Atari ST - 1991)",4.42,12
Team USA Basketball (Genesis - 1992),5.00,1
Tecmo Baseball (NES - 1988),0.00,0
"Tecmo Bowl (Game Boy, NES - 1991)",0.00,0
Tecmo Cup: Soccer Game (NES - 1988),5.00,3
Tecmo NBA Basketball (NES - 1992),5.00,1
"Tecmo Super Baseball (Genesis, SNES - 1994)",0.00,0
"Tecmo Super Bowl (Genesis, SNES - 1993)",0.00,0
Tecmo Super Bowl (NES - 1991),4.67,3
"Tecmo Super Bowl II: Special Edition (Genesis, SNES - 1994)",5.00,1
"Tecmo Super Bowl III: Final Edition (Genesis, SNES - 1994)",5.00,1
Tecmo Super Hockey (Genesis - 1994),0.00,0
"Tecmo Super NBA Basketball (Genesis, SNES - 1993)",0.00,0
Tecmo World Cup '90 (Genesis - 1992),0.00,0
Tecmo World Cup Soccer (NES - 1990),4.75,4
Tecmo World Wrestling (NES - 1989),0.00,0
Tee Off! (Amiga - 1989),0.00,0
Tel-Tel Stadium (Genesis - 1990),0.00,0
"Tennis (Game Boy, NES, PC-88 - 1989)",0.00,0
"Tennis Cup (DOS, Amiga, Amstrad CPC, Atari ST - 1990)",1.00,1
"Tennis Cup 2 (DOS, Amiga, Atari ST - 1992)",4.00,3
Tennis Elbow (DOS - 1997),4.44,9
Tenpin Challenge (Amstrad CPC - 1987),0.00,0
Test Match + One Day Cricket (Amstrad CPC - 1985),0.00,0
"Thai Boxing (Amiga, Amstrad CPC, Atari ST, Commodore 16, C64 - 1987)",1.00,1
"The Activision Decathlon (Atari 8-bit, ColecoVision, C64 - 1984)",4.50,2
"The American Challenge: A Sailing Simulation (DOS, Apple II, C64 - 1986)",3.75,4
"The Basket Manager (DOS, Amiga, Atari ST, C64 - 1991)",2.67,3
The Big KO! (C64 - 1987),0.00,0
The Black Bass (NES - 1987),0.00,0
The Blue Marlin (NES - 1991),0.00,0
"The Carl Lewis Challenge (DOS, Amiga, Atari ST - 1992)",3.67,3
The Champ (C64 - 1989),0.00,0
"The Cycles: International Grand Prix Racing (DOS, Amiga, Amstrad CPC, C64 - 1989)",4.40,25
The Double (C64 - 1986),5.00,1
"The Dream Team: 3 on 3 Challenge (DOS, C64 - 1991)",5.00,2
The Flintstones: The Rescue of Dino & Hoppy (NES - 1991),5.00,1
The Footballer (C64 - 1990),0.00,0
"The Games '92 - España (DOS, Atari ST - 1992)",2.67,3
"The Games: Summer Challenge (DOS, Genesis - 1992)",4.70,20
"The Games: Summer Edition (DOS, Amiga, Amstrad CPC, Apple II, Atari ST, C64 - 1988)",4.50,10
"The Games: Winter Challenge (DOS, Genesis - 1991)",4.18,34
"The Games: Winter Edition (DOS, Amiga, Amstrad CPC, Apple II, Atari ST, C64 - 1988)",4.63,8
The Irem Skins Game (SNES - 1992),1.00,1
The Majors: Pro Baseball (Game Gear - 1992),5.00,2
"The Manager (DOS, Amiga - 1992)",4.03,33
"The Match (Amstrad CPC, C64 - 1991)",0.00,0
The National (C64 - 1991),5.00,1
"The Official America's Cup Sailing Simulation (Amstrad CPC, C64 - 1986)",0.00,0
The Premiership (DOS - 1994),2.00,2
The Scottish Open: Virtual Golf (DOS - 1995),3.50,10
The Simpsons: Bart vs. the Juggernauts (Game Boy - 1992),0.00,0
"The Simpsons: Bart vs. the World (Amiga, Atari ST, Game Gear, NES - 1993)",5.00,3
"The Slugger (DOS, Amstrad CPC, C64 - 1986)",1.00,1
The Soccer Game (DOS - 1989),4.75,4
The Soccer Game II (DOS - 1990),2.67,3
"The Sporting News Baseball (DOS, C64 - 1988)",2.00,1
The Sporting News Baseball (SNES - 1994),0.00,0
"The Super Aquatic Games (Amiga, Genesis, SNES - 1992)",5.00,1
"The Ultimate Ride (Amiga, Atari ST - 1990)",0.00,0
"The World's Greatest Baseball Game (DOS, Apple II, C64 - 1985)",5.00,1
Thunder Truck Rally (DOS - 1997),5.00,1
"Tie Break (DOS, Amiga, Amstrad CPC, Atari ST, C64 - 1991)",3.67,3
Tiebreaker (C64 - 1987),0.00,0
"Tim Love's Cricket (Amstrad CPC, C64, Dragon 32/64 - 1985)",0.00,0
Tiny Toon Adventures: Acme All-Stars (Genesis - 1994),5.00,1
Tiny Toon Adventures: Wacky Sports (Game Boy - 1994),0.00,0
Tiny Toon Adventures: Wacky Sports Challenge (SNES - 1994),0.00,0
"Tip Off (Amiga, Atari ST, Game Boy - 1992)",1.00,1
"TKO (DOS, C64 - 1989)",4.28,7
TKO Super Championship Boxing (SNES - 1992),0.00,0
TNN Bass Tournament of Champions (Genesis - 1993),0.00,0
TNN Bass Tournament of Champions (SNES - 1994),0.00,0
TNN Outdoors Bass Tournament '96 (Genesis - 1996),0.00,0
"Tom Landry Strategy Football (DOS, Amiga, Mac - 1993)",3.00,5
"Tom Landry Strategy Football Deluxe Edition (DOS, Amiga - 1993)",3.50,2
Tommy Lasorda Baseball (Genesis - 1989),0.00,0
Tommy Moe's Winter Extreme: Skiing & Snowboarding (SNES - 1994),0.00,0
Tommy's Tenpins (DOS - 1987),4.00,1
Tony Hawk's Pro Skater (Game Boy Color - 2000),0.00,0
Tony Hawk's Pro Skater 2 (Windows - 2000),3.96,23
"Tony Hawk's Pro Skater 3 (Windows, Mac - 2002)",4.31,42
Tony La Russa Baseball (Genesis - 1993),3.00,1
Tony La Russa Baseball II (DOS - 1993),3.00,1
"Tony La Russa's Ultimate Baseball (DOS, C64 - 1991)",3.11,9
Tony Meola's Sidekicks Soccer (SNES - 1993),0.00,0
Top Players' Tennis (NES - 1989),0.00,0
Top Pro Golf (Genesis - 1992),0.00,0
Top Rank Tennis (Game Boy - 1993),5.00,1
Top-Rider (NES - 1988),0.00,0
"Total Football (Amiga, Genesis - 1996)",0.00,0
Touchdown Fever (NES - 1988),0.00,0
"Touchdown Football (Atari 8-bit, C64 - 1986)",0.00,0
"Toughman Contest (Genesis, SEGA 32X - 1995)",0.00,0
"Tour 91 (DOS, Amstrad CPC - 1991)",4.80,5
Tour De France (C64 - 1985),0.00,0
"Tournament Tennis (DOS, Amstrad CPC, ColecoVision, C64 - 1985)",3.00,6
Town & Country Surf Designs II: Thrilla's Surfari (NES - 1992),0.00,0
Town & Country Surf Designs: Wood & Water Rage (NES - 1987),0.00,0
"Track & Field (Apple II, Atari 8-bit, C64, NES - 1984)",3.67,3
Track & Field (Game Boy - 1992),0.00,0
Track & Field II (NES - 1988),4.67,3
Track Meet (Game Boy - 1991),0.00,0
"Tracksuit Manager (Amiga, Amstrad CPC, Atari ST, C64 - 1988)",5.00,4
Treble Champions (Amiga - 1990),0.00,0
Treble Champions II (Amiga - 1993),0.00,0
Trener (C64 - 1995),0.00,0
"Trevor Brooking's World Cup Glory (Amstrad CPC, C64, ZX Spectrum - 1990)",0.00,0
Triple Play 96 (Genesis - 1995),0.00,0
Triple Play: Gold Edition (Genesis - 1996),0.00,0
Trophy Bass (Mac - 1995),4.67,3
"Troy Aikman NFL Football (Genesis, SNES - 1994)",0.00,0
"True Golf Classics: Pebble Beach Golf Links (Genesis, SNES - 1993)",0.00,0
"True Golf Classics: Waialae Country Club (Genesis, SNES - 1994)",0.00,0
"True Golf Classics: Wicked 18 (Genesis, SNES - 1994)",0.00,0
Tsuppari Ōzumō (NES - 1987),5.00,1
TV Sports Baseball (DOS - 1990),3.67,3
"TV Sports: Basketball (DOS, Amiga - 1990)",4.50,28
TV Sports: Boxing (DOS - 1991),3.82,11
"TV Sports: Football (DOS, Amiga, Atari ST, C64 - 1989)",4.17,12
U.S. Championship V'Ball (NES - 1989),0.00,0
UEFA Euro 96 England (DOS - 1996),4.08,13
Ultimate Basketball (NES - 1990),5.00,1
Ultimate Football '95 (DOS - 1995),4.25,8
Ultimate League Soccer (NES - 1991),0.00,0
Ultimate NFL Coaches Club Football (DOS - 1994),4.17,6
"Ultimate Soccer (Game Gear, Genesis - 1993)",0.00,0
"Ultimate Soccer Manager (DOS, Amiga - 1995)",4.52,29
Ultimate Soccer Manager 2 (DOS - 1996),4.58,38
Ultra Golf (Game Boy - 1991),5.00,1
Unnecessary Roughness (DOS - 1993),3.00,1
"Unnecessary Roughness '95 (DOS, Genesis - 1994)",4.25,4
USA Soccer '94 (DOS - 1994),3.29,7
Uuno Turhapuro Muuttaa Maalle (C64 - 1986),5.00,1
Venice Beach Volleyball (NES - 1991),0.00,0
Video Olympics (ZX Spectrum - 1984),0.00,0
Virtual Jay Peak (Linux - 2002),1.00,1
"Virtual Pool (DOS, Mac - 1995)",4.54,13
Virtual Pool 2 (Windows - 1997),4.00,2
Virtual Pool 3 (Windows - 2001),5.00,2
Virtual Soccer (SNES - 1994),5.00,1
Volleyball (NES - 1986),0.00,0
"Volleyball Simulator (DOS, Amiga, Amstrad CPC, Atari ST, C64 - 1988)",4.17,6
VR Soccer '96 (DOS - 1995),3.91,11
"Wacky Darts (Amiga, Amstrad CPC, C64, ZX Spectrum - 1991)",1.50,2
Wacky Funsters! The Geekwad's Guide to Gaming (DOS - 1992),3.82,16
WakuWaku Ski Wonder Spur (SNES - 1995),5.00,1
Water Polo (C64 - 1987),4.00,1
"Wayne Gretzky and the NHLPA All-Stars (DOS, Genesis, SNES - 1995)",4.33,3
"Wayne Gretzky Hockey (DOS, Amiga, Mac, Atari ST, NES - 1990)",4.14,7
"Wayne Gretzky Hockey 2 (DOS, Amiga - 1991)",3.67,3
Wayne Gretzky Hockey 3 (DOS - 1992),4.00,7
WCW SuperBrawl Wrestling (SNES - 1994),0.00,0
WCW Wrestling: The Main Event (Game Boy - 1994),0.00,0
WCW: World Championship Wrestling (NES - 1990),4.00,2
Wembley International Soccer (Amiga - 1994),5.00,1
"Wembley Rugby League (DOS, Amiga - 1996)",3.50,2
Wendy: Der Traum von Arizona (Game Boy Color - 2003),0.00,0
"Wild Cup Soccer (Amiga, Amiga CD32 - 1994)",0.00,0
"Wild Wheels (DOS, Amiga, Atari ST - 1991)",3.67,6
"Will Harvey's Zany Golf (DOS, Apple IIgs, Atari ST, Genesis - 1988)",4.71,17
Wilson ProStaff Golf (DOS - 1993),5.00,1
Wimbledon (Commodore 16 - 1986),0.00,0
"Wimbledon Championship Tennis (Game Gear, Genesis - 1992)",0.00,0
Wimbledon'64 (C64 - 1984),0.00,0
"Windsurf Willy (DOS, Amiga, Amstrad CPC, Atari ST - 1989)",0.00,0
Winning Post (SNES - 1993),0.00,0
"Winter Challenge: World Class Competition (DOS, Amiga, Atari 8-bit, Atari ST, C64, ZX Spectrum - 1988)",4.29,7
"Winter Games (DOS, Amiga, Mac, Amstrad CPC, Apple II, Apple IIgs, Atari ST, C64, NES, PC-88, ZX Spectrum - 1986)",4.44,16
Winter Gold (SNES - 1996),0.00,0
Winter Olympic Games: Lillehammer '94 (Game Boy - 1994),0.00,0
"Winter Olympics (Amstrad CPC, Atari 8-bit - 1986)",0.00,0
"Winter Olympics: Lillehammer '94 (DOS, Amiga, Game Gear, Genesis, SNES - 1993)",4.75,4
"Winter Sports (Amstrad CPC, ZX Spectrum - 1985)",0.00,0
Winter Supersports 92 (DOS - 1992),5.00,3
"Winter Supersports 92 (Amiga, Atari ST, C64 - 1992)",3.50,4
World Bowling (Game Boy - 1990),0.00,0
World Champ (NES - 1990),0.00,0
"World Championship Boxing Manager (DOS, Amiga, Amstrad CPC, Atari ST, C64, ZX Spectrum - 1990)",4.01,28
"World Championship Soccer (DOS, Amiga, Amstrad CPC, Atari ST, C64, Genesis, ZX Spectrum - 1991)",5.00,1
World Championship Soccer II (Genesis - 1994),0.00,0
World Championship Squash (C64 - 1993),0.00,0
"World Class Leader Board (DOS, Amiga, Mac, Amstrad CPC, Apple II, C64, Game Gear, Genesis, ZX Spectrum - 1988)",4.62,26
"World Class Rugby (DOS, Amiga, Amstrad CPC, Atari ST, C64, ZX Spectrum - 1991)",4.38,8
World Class Rugby: Five Nations Edition (Atari ST - 1992),0.00,0
"World Class Soccer (DOS, Amiga, Amstrad CPC, Atari ST, C64, ZX Spectrum - 1990)",1.00,2
"World Cricket (Amiga, Atari ST, C64, ZX Spectrum - 1991)",0.00,0
"World Cup (Amstrad CPC, Commodore 16, C64 - 1985)",0.00,0
"World Cup 90 (Amiga, C64 - 1990)",1.00,2
World Cup 98 (Game Boy - 1998),0.00,0
"World Cup Carnival (C64, ZX Spectrum - 1986)",0.00,0
"World Cup Challenge (Amstrad CPC, ZX Spectrum - 1990)",0.00,0
"World Cup Football (C64, ZX Spectrum - 1984)",0.00,0
"World Cup Soccer (Amstrad CPC, C64, ZX Spectrum - 1985)",5.00,1
World Cup Soccer (Game Gear - 1993),0.00,0
"World Cup USA 94 (DOS, Amiga, Game Boy, Game Gear, Genesis, SNES - 1994)",3.37,8
World Darts (DOS - 1987),1.00,1
"World Games (DOS, Amiga, Amstrad CPC, Apple II, Apple IIgs, Atari ST, C64, NES, ZX Spectrum - 1986)",4.53,12
World Golf (PC-88 - 1985),0.00,0
World Hockey 95 (DOS - 1995),3.60,5
World Ice Hockey (Game Boy - 1991),0.00,0
"World Karate Championship (DOS, Apple II, Atari 8-bit, Atari ST, C64, ZX Spectrum - 1986)",4.25,8
World Karate Championship (DOS - 1989),4.33,9
World Masters Golf (SNES - 1995),0.00,0
"World Rugby (Amiga, Atari ST, C64, ZX Spectrum - 1992)",0.00,0
World Series Baseball (Genesis - 1994),0.00,0
World Series Baseball (Game Gear - 1993),0.00,0
World Series Baseball '95 (Genesis - 1995),0.00,0
World Series Baseball '95 (Game Gear - 1994),5.00,1
World Series Baseball '96 (Genesis - 1996),0.00,0
World Series Baseball 98 (Genesis - 1997),0.00,0
World Series Baseball starring Deion Sanders (SEGA 32X - 1995),0.00,0
"World Soccer (Amiga, Atari 8-bit, C64, ZX Spectrum - 1990)",0.00,0
"World Tour Golf (DOS, Amiga, Apple IIgs, C64 - 1985)",4.00,5
World Tour Tennis (DOS - 1993),3.40,5
World Trophy Soccer (Genesis - 1992),5.00,1
Wrestle War (Genesis - 1991),0.00,0
"Wrestling Superstars (Amstrad CPC, C64, ZX Spectrum - 1993)",0.00,0
"WWF European Rampage Tour (DOS, Amiga, Atari ST, C64 - 1992)",4.75,4
WWF in Your House (DOS - 1996),4.26,30
"WWF King of the Ring (Game Boy, NES - 1993)",1.00,1
"WWF Raw (Game Boy, Game Gear, Genesis, SEGA 32X, SNES - 1994)",0.00,0
"WWF Royal Rumble (Genesis, SNES - 1993)",4.00,3
"WWF Super WrestleMania (Genesis, SNES - 1992)",0.00,0
WWF Superstars (Game Boy - 1991),1.00,1
WWF Superstars 2 (Game Boy - 1992),0.00,0
WWF War Zone (Game Boy - 1998),5.00,1
"WWF Wrestlemania (DOS, Amiga, Amstrad CPC, Atari ST, C64, ZX Spectrum - 1992)",3.92,12
"WWF WrestleMania (DOS, Genesis, SEGA 32X, SNES - 1995)",4.25,247
WWF Wrestlemania (NES - 1988),5.00,1
WWF Wrestlemania Challenge (NES - 1990),0.00,0
WWF Wrestlemania: Steel Cage Challenge (Game Gear - 1993),5.00,1
WWF Wrestlemania: Steel Cage Challenge (NES - 1992),5.00,1
YAB! Baseball (DOS - 1992),2.67,3
Yacht Racing Simulator (DOS - 1986),4.50,2
Zen Nippon Pro Wrestling (SNES - 1993),0.00,0
Zen Nippon Pro Wrestling Dash:  Sekai Saikyō Tag (SNES - 1993),0.00,0
Zico Soccer (SNES - 1994),0.00,0
Zorlim's Arcade Volleyball (DOS - 1995),5.00,1
