Title,Average Rating,Number of Ratings
"20,000 Leagues Under the Sea (DOS, Amiga, Amstrad CPC, Atari ST - 1988)",3.20,15
"688 Attack Sub (DOS, Amiga, Genesis - 1989)",4.87,141
Aces of the Deep (DOS - 1994),4.28,46
Aces of the Deep: Expansion Disk (DOS - 1995),3.25,4
Attack Sub (DOS - 1989),4.33,3
"Code-Name: Iceman (DOS, Amiga, Atari ST - 1989)",4.65,17
"Das Boot: German U-Boat Simulation (DOS, Amiga - 1990)",3.94,17
"Gato (DOS, Mac, Apple II, Atari 8-bit, Atari ST - 1984)",4.40,25
In Search of Dr. Riptide (DOS - 1994),4.74,19
Operation Neptune (DOS - 1991),4.80,49
"Project Neptune (DOS, Amiga, Amstrad CPC, Atari ST, C64 - 1989)",4.07,14
"Red Storm Rising (DOS, Amiga, Atari ST, C64 - 1989)",4.67,46
"Sea dragon (DOS, Apple II, Atari 8-bit, C64 - 1983)",4.00,7
Sea Rogue (DOS - 1992),4.77,13
Search and Destroy (DOS - 1987),4.00,4
"Seastalker (DOS, Amiga, Mac, Amstrad CPC, Apple II, Atari 8-bit, C64 - 1984)",4.60,5
Seawolf (DOS - 1982),3.00,4
Silent Hunter (DOS - 1996),4.23,93
"Silent Service (DOS, Amiga, Amstrad CPC, Apple II, Apple IIgs, Atari 8-bit, Atari ST, C64, NES - 1985)",4.67,36
"Silent Service II (DOS, Amiga, Atari ST - 1990)",4.37,62
SSN-21 Seawolf (DOS - 1994),4.56,16
"Sub Battle Simulator (DOS, Amiga, Mac, Apple IIgs, Atari ST, C64 - 1987)",4.35,17
"Sub Mission (DOS, Apple II - 1987)",3.00,2
Submarine (DOS - 1989),3.67,3
Subwar 2050 (DOS - 1993),4.21,14
"The Hunt for Red October (DOS, Amiga, Mac, Amstrad CPC, Apple IIgs, Atari ST, C64 - 1988)",4.71,14
"The Hunt for Red October (DOS, Amiga, Amstrad CPC, Atari ST, C64 - 1990)",4.00,4
Tommy's Seawolf (DOS - 1986),0.00,0
"Torpedo Alley (DOS, C64 - 1985)",0.00,0
"Up Periscope! (DOS, C64 - 1988)",4.06,16
USS Stinger (DOS - 1989),5.00,3
"Wolfpack (DOS, Amiga, Mac, Atari ST - 1990)",4.80,20
X-COM: Terror from the Deep (DOS - 1995),4.59,290
