Title,Average Rating,Number of Ratings
"Alone in the Dark (DOS, PC-98 - 1993)",4.51,158
"Alone in the Dark 2 (DOS, Mac, PC-98 - 1994)",4.43,51
"Alone in the Dark 3 (DOS, Mac - 1995)",4.55,53
Alone in the Dark: The New Nightmare (Game Boy Color - 2001),0.00,0
Android Attack (Dragon 32/64 - 1983),0.00,0
Autobots (DOS - 1989),5.00,2
Beast (DOS - 1984),4.00,7
Bob Nixie and The Castle of the Illusion (C64 - 1988),5.00,1
Dark Earth (Windows - 1997),5.00,1
Dylan Dog: Le Notti della Luna Piena (C64 - 1988),5.00,1
"Dylan Dog: Murderers (DOS, C64 - 1992)",3.54,13
"Ečstatica (DOS, Windows - 1994)",4.62,21
Gakkou de atta Kowai Hanashi (SNES - 1995),0.00,0
Hogbear (DOS - 1989),3.00,2
"Home Alone (Game Boy, SNES - 1991)",0.00,0
"Infernal Runner (Amstrad CPC, C64 - 1985)",3.00,2
Invitation (Amstrad CPC - 1987),0.00,0
Isle of the Dead (DOS - 1993),3.60,20
Isoleur (Amstrad CPC - 1985),0.00,0
Le Diamant de l'Île Maudite (Amstrad CPC - 1986),0.00,0
Le Mystère de Kikekankoi (Amstrad CPC - 1985),0.00,0
Onimusha 3: Demon Siege (Windows - 2005),0.00,0
Onimusha: Warlords (Windows - 2003),0.00,0
Orphée: Voyage aux Enfers (DOS - 1985),5.00,2
Project Firestart (C64 - 1989),5.00,5
Pterodactyl (Dragon 32/64 - 1983),0.00,0
Resident Evil (Windows - 1997),4.91,11
Resident Evil 2 (Windows - 1998),4.65,48
Resident Evil 3: Nemesis (Windows - 2000),4.75,24
Resident Evil: Survivor (Windows - 2002),5.00,4
Robinson Crusoe (Amstrad CPC - 1987),0.00,0
Silent Hill 2: Restless Dreams (Windows - 2002),0.00,0
Silent Hill 3 (Windows - 2003),0.00,0
"The Secret Island of Dr. Quandary (DOS, Mac - 1992)",4.28,29
Tommy's Zombies (DOS - 1986),0.00,0
"Zombi (DOS, Amiga, Amstrad CPC, Atari ST, C64, ZX Spectrum - 1990)",4.08,15
