Title,Average Rating,Number of Ratings
3D Desert Patrol (ZX Spectrum - 1983),5.00,1
3D Seiddab Attack (ZX Spectrum - 1984),4.00,1
"3D Tanx (C64, ZX Spectrum - 1983)",0.00,0
"Abrams Battle Tank (DOS, Genesis - 1989)",4.13,37
Across the Rhine (DOS - 1995),3.97,29
Action 52 (NES - 1991),0.00,0
African Desert Campaign (DOS - 1986),3.00,3
Alienbusters (Atari 8-bit - 1991),0.00,0
"Arcticfox (DOS, Amiga, Amstrad CPC, Apple II, Atari ST, C64, PC-98 - 1987)",3.94,16
Armor Assault (Atari 8-bit - 1982),4.00,1
Armor Command (Windows - 1998),5.00,3
Armored Fist (DOS - 1994),4.22,18
"Armour-Geddon (DOS, Amiga, Atari ST - 1992)",4.60,10
Armour-Geddon 2: Codename Hellfire (Amiga - 1994),4.50,2
Assault Rigs (DOS - 1996),4.87,8
"Battle City (Game Boy, NES - 1991)",5.00,2
"Battle Command (DOS, Amiga, Amstrad CPC, Atari ST, C64 - 1990)",4.14,7
"Battle Valley (Amiga, Amstrad CPC, C64 - 1989)",5.00,1
"Battlezone (DOS, Atari 8-bit, C64, VIC-20 - 1983)",4.34,24
Battlezone (Windows - 1998),4.60,40
"Beach-Head (Amstrad CPC, Apple II, Atari 8-bit, C64 - 1984)",5.00,4
"Beach-Head II: The Dictator Strikes Back (Amstrad CPC, Apple II, Atari 8-bit, C64 - 1985)",4.75,4
Blaster Master (NES - 1988),5.00,1
Blaster Master 2 (Genesis - 1993),0.00,0
Bolo (Mac - 1989),4.25,8
"Campaign (DOS, Amiga, Atari ST - 1992)",4.10,10
"Combat Leader (Atari 8-bit, C64 - 1983)",5.00,1
Combat Zone (C64 - 1990),0.00,0
"Conqueror (DOS, Amiga, Atari ST - 1990)",3.80,5
"D-Day (DOS, Amiga, Amstrad CPC, Atari ST - 1992)",4.64,14
"Dark Century (DOS, Amiga, Amstrad CPC, Atari ST - 1990)",3.67,3
Demolition Division (C64 - 1984),0.00,0
"Desert Fox (Amstrad CPC, C64 - 1986)",4.50,2
Driller Tanks (DOS - 1990),3.67,6
Extreme Assault (DOS - 1997),4.29,7
"Fire Power (DOS, Amiga, Apple IIgs, C64 - 1988)",4.55,11
"Firezone (DOS, Amstrad CPC, Atari ST, C64 - 1988)",4.50,6
Front Line (C64 - 1984),0.00,0
Future Tank (Amiga - 1988),0.00,0
"Garry Kitchen's Super Battletank: War in the Gulf (Game Boy, Game Gear, Genesis, SNES - 1994)",5.00,3
Gemini-2 (DOS - 1986),0.00,0
Go! Go! Tank (Game Boy - 1990),0.00,0
Granada (Genesis - 1990),0.00,0
Griffin (Game Gear - 1991),0.00,0
Grobda (PC-88 - 1986),0.00,0
Ground Control (Windows - 2000),4.58,24
Halo: Combat Evolved (Windows - 2003),4.67,3
Havoc (Mac - 1995),5.00,5
"Heavy Metal (DOS, Amiga, Amstrad CPC, Atari ST, C64 - 1989)",4.57,7
"Hideous (Amstrad CPC, C64 - 1992)",0.00,0
Hovertank One (DOS - 1991),3.00,8
"Hunter (Amiga, Atari ST - 1991)",4.33,3
Hyper Tank! (DOS - 1999),0.00,0
Iron Tank: The Invasion of Normandy (NES - 1988),5.00,1
"Jackal (DOS, Amstrad CPC, C64, NES - 1988)",4.31,19
"Kampfgruppe (DOS, Amiga, Apple II, C64 - 1987)",5.00,1
Killdozers (Atari ST - 1988),0.00,0
"Koronis Rift (Amstrad CPC, Apple II, Atari 8-bit, C64 - 1987)",5.00,3
Laser Tank (Windows - 1998),4.83,6
"Liero (DOS, Windows - 1999)",5.00,1
Lifeforce (C64 - 1987),3.00,1
"M1 Tank Platoon (DOS, Amiga, Atari ST - 1989)",4.59,39
M1 Tank Platoon II (Windows - 1998),4.41,32
"Magnetik Tank (DOS, Amstrad CPC, Atari ST - 1987)",5.00,3
"Mech Brigade (DOS, Apple II, Atari 8-bit, C64 - 1987)",3.80,5
Microsoft Arcade (Mac - 1994),5.00,1
Minefield (Atari ST - 1992),0.00,0
"NAM (Apple II, Atari 8-bit, C64 - 1986)",4.00,2
Night Bomber (DOS - 1988),2.50,4
Night Fire (DOS - 1986),4.50,2
Nightdawn (C64 - 1989),0.00,0
"Nova 9: The Return of Gir Draxon (DOS, Amiga - 1991)",4.88,8
Objective: Kursk (Apple II - 1984),0.00,0
Ogre (Atari ST - 1986),4.00,1
"Operation Combat II: By Land, Sea & Air (DOS, Amiga - 1993)",3.50,4
"Pacific Islands (DOS, Amiga, Atari ST - 1992)",4.10,19
Panzadrome (Amstrad CPC - 1985),0.00,0
"Panzer Grenadier (Apple II, Atari 8-bit, C64 - 1985)",0.00,0
People's General (Windows - 1998),4.64,11
Quake Minus One (C64 - 1986),5.00,2
Return Fire (Windows - 1996),3.50,4
Return Fire 2 (Windows - 1998),3.00,2
Rommel 3-D (Dragon 32/64 - 1986),0.00,0
Rommel's Revenge (Dragon 32/64 - 1984),0.00,0
Rommel-II (DOS - 1990),3.50,2
Sand Storm: The Championship Version (DOS - 1992),1.00,1
"Sands of Fire (DOS, Mac - 1990)",3.50,2
Sarge (DOS - 1989),0.00,0
Scorched Tanks (Amiga - 1993),3.33,3
Seek and Destroy (Amiga - 1993),4.67,6
Shellshock (DOS - 1996),4.38,29
"Sherman M4 (DOS, Amiga, Amstrad CPC, Atari ST - 1989)",5.00,12
"Soviet (DOS, Amstrad CPC - 1990)",4.43,7
"Spectre (DOS, Mac, SNES - 1992)",4.82,17
Spectre Supreme (Mac - 1993),4.60,5
"StarGlider (DOS, Amiga, Amstrad CPC, Apple II, Atari ST, C64 - 1987)",4.56,9
Steel Panthers (DOS - 1995),4.75,12
"Steel Thunder (DOS, C64 - 1989)",4.47,17
"Stellar 7 (DOS, Amiga, Mac - 1990)",4.75,24
Super Battletank 2 (SNES - 1994),5.00,2
Super Conflict (SNES - 1993),5.00,1
"Super Tank Simulator (Amstrad CPC, C64 - 1989)",0.00,0
T-34: The Battle (Atari 8-bit - 1994),5.00,1
T-Mek (SEGA 32X - 1995),0.00,0
"TAC: Tactical Armor Command (Atari 8-bit, C64 - 1983)",3.00,1
Tank (DOS - 1983),5.00,1
"Tank (Amstrad CPC, C64 - 1987)",0.00,0
Tank Commander (DOS - 1995),3.70,10
"Tank Commander (Atari 8-bit, VIC-20 - 1985)",4.00,1
Tank: The M1A1 Abrams Battle Tank Simulation (DOS - 1989),4.44,16
Tanks (DOS - 1986),0.00,0
Tanks (Atari 8-bit - 1992),0.00,0
Tanktics (Windows - 1999),4.08,12
"Team Yankee (DOS, Amiga, Atari ST - 1990)",4.21,14
TeleWar (Amiga - 1987),5.00,1
The Pure Wargame (DOS - 1995),4.20,5
"Tobruk: The Clash of Armour (Amstrad CPC, C64 - 1987)",4.00,2
Tommy's Tanks (DOS - 1987),5.00,1
Trax (Game Boy - 1991),0.00,0
Trun (Dragon 32/64 - 1986),0.00,0
TvT (Atari 8-bit - 1993),0.00,0
Twilight: 2000 (DOS - 1991),4.53,32
Uprising: Join or Die (Windows - 1997),5.00,3
"Vindicators (Amiga, Amstrad CPC, Atari ST, C64, NES, ZX Spectrum - 1989)",1.00,1
War 2410 (SNES - 1995),4.00,1
"War in the Gulf (DOS, Amiga - 1993)",4.56,9
Wargame Construction Set II: TANKS! (DOS - 1994),4.33,16
Wargasm (Windows - 1998),4.17,6
Wild Metal Country (Windows - 1999),4.62,16
Worm War I (Atari 8-bit - 1982),0.00,0
X (Game Boy - 1992),0.00,0
Xenopods (DOS - 1991),5.00,7
Zee Artillery (DOS - 1999),0.00,0
