Title,Average Rating,Number of Ratings
"1869 (DOS, Amiga - 1992)",4.47,47
"Arctic Baron (DOS, Amiga - 1993)",4.75,8
Biznesman (DOS - 1988),3.25,4
Canton: An Atlas Pathfinder Adventure (DOS - 1994),3.50,4
Drug Wars: A Game Based on the New York Drug Market (DOS - 1984),3.78,9
Druglord (DOS - 1991),3.83,12
Dynatech (DOS - 1992),3.67,3
"Elite (DOS, Amiga, Amstrad CPC, Apple II, Atari ST, C64, NES - 1987)",4.24,33
Elite Plus (DOS - 1991),4.74,23
"Frontier: Elite II (DOS, Amiga, Atari ST - 1993)",4.65,34
Frontier: First Encounters (DOS - 1995),4.58,24
"Hanse (DOS, Amiga, Amstrad CPC, Atari ST, C64 - 1988)",4.50,8
"Hanse: Die Expedition (DOS, Amiga - 1994)",4.32,19
"High Seas Trader (DOS, Amiga - 1995)",4.42,24
Hyperspeed (DOS - 1991),4.50,20
Machiavelli the Prince (DOS - 1995),4.35,23
"Merchant Colony (DOS, Amiga - 1991)",4.69,13
Merchant Prince (DOS - 1993),5.00,11
"New Horizons (DOS, Genesis, SNES - 1995)",4.34,32
Nomad (DOS - 1993),4.44,16
Ocean Trader (DOS - 1996),4.56,25
"Oil Barons (DOS, Amiga - 1992)",4.50,8
"Pirates! Gold (DOS, Windows 3.x, Mac, Genesis - 1993)",4.47,128
"Ports of Call (DOS, Amiga - 1992)",4.43,72
Privateer: Righteous Fire (DOS - 1994),4.60,20
Seven Cities of Gold: Commemorative Edition (DOS - 1993),4.50,32
"Sid Meier's Colonization (DOS, Amiga, Mac - 1994)",4.58,470
"Sid Meier's Pirates! (DOS, Amiga, Amstrad CPC, Apple II, Apple IIgs, C64, NES, PC-88 - 1994)",4.56,43
"Space Rogue (DOS, Amiga, Mac, Apple II, C64 - 1989)",4.58,12
"StarFlight 2: Trade Routes of The Cloud Nebula (DOS, Amiga, Mac - 1989)",4.57,36
Taipan (DOS - 1982),4.43,7
"The Patrician (DOS, Amiga, Atari ST - 1993)",4.79,14
Trade Wars 2002 (DOS - 1990),4.37,30
"Uncharted Waters (DOS, Mac, Genesis, NES, PC-88, SNES - 1991)",4.35,20
"Vermeer (DOS, Amiga, Amstrad CPC, C64 - 1988)",4.37,27
"Whale's Voyage (DOS, Amiga - 1995)",4.20,10
Wing Commander: Privateer (DOS - 1993),4.60,50
Wing Commander: Privateer - Speech Pack (DOS - 1993),4.62,8
