Title,Average Rating,Number of Ratings
1830: Railroads & Robber Barons (DOS - 1995),4.58,31
"A Ressha de Ikō (NES, PC-88 - 1991)",5.00,2
"A-Train (DOS, Amiga, Mac - 1992)",4.39,58
"Arctic Baron (DOS, Amiga - 1993)",4.75,8
C.E.O. (DOS - 1995),4.42,19
Design Your Own Railroad (DOS - 1992),4.12,8
"Evening Star (Amstrad CPC, C64 - 1987)",0.00,0
"Goofy's Railway Express (DOS, Amiga, C64 - 1991)",4.56,16
LEGO Loco (Windows - 1998),5.00,3
"Loco (Atari 8-bit, C64 - 1986)",0.00,0
"Locomotion (DOS, Amiga, Atari ST, C64 - 1992)",4.20,10
"Locomotion (Commodore 16, C64 - 1985)",5.00,1
"Mystery of the Nile (Amstrad CPC, C64 - 1986)",5.00,2
Nishimura Kyōtarō Mystery: Blue Train Satsujinjiken (NES - 1989),5.00,1
Railroad Empire (DOS - 1989),5.00,11
"Rails West! (Apple II, C64 - 1984)",5.00,4
"Sid Meier's Railroad Tycoon (DOS, Amiga, Atari ST - 1990)",4.81,21
Sid Meier's Railroad Tycoon Deluxe (DOS - 1993),4.25,36
"Southern Belle (Amstrad CPC, C64 - 1985)",5.00,1
The Railroad Works (C64 - 1984),5.00,3
"The Train: Escape to Normandy (DOS, Amstrad CPC, C64 - 1988)",5.00,8
TrainBall (DOS - 1990),0.00,0
"Trains (DOS, Atari 8-bit, C64 - 1983)",4.60,5
