Title,Average Rating,Number of Ratings
"4x4 Evo (Windows, Mac - 2000)",4.78,18
4x4 Evo 2 (Windows - 2001),4.42,19
"4x4 Off-Road Racing (DOS, Amiga, Amstrad CPC, C64, MSX - 1988)",4.00,24
4x4 Team (DOS - 1988),4.00,10
500cc Motomanager (C64 - 1991),5.00,3
747 (C64 - 1985),5.00,1
"747 Flight Simulator (Atari 8-bit, C64, Dragon 32/64 - 1983)",5.00,3
750cc Grand Prix (Amstrad CPC - 1989),4.00,4
A320 Airbus Vol. 2 (Amiga - 1995),0.00,0
"A320 Airbus: Edition Europa (DOS, Amiga - 1993)",4.76,29
"A320 Airbus: Edition USA (DOS, Amiga, Atari ST - 1993)",4.00,6
"ACE 2 (DOS, Amstrad CPC, Commodore 16, C64 - 1987)",3.00,2
"Acrojet (Amstrad CPC, C64, PC-88 - 1987)",4.00,1
"African Raiders-01 (DOS, Amiga, Atari ST - 1989)",3.71,14
Airliner (C64 - 1984),4.00,1
"Angel Nieto Pole 500 (DOS, Amiga, Amstrad CPC, Atari ST, MSX - 1990)",4.18,17
Approach Trainer (Amiga - 1995),4.33,3
"B-1 Nuclear Bomber (DOS, Apple II, Atari 8-bit, C64, VIC-20 - 1983)",4.29,14
Big Rigs: Over the Road Racing (Windows - 2003),3.67,3
"Bill Elliott's Nascar Challenge (DOS, Mac, NES - 1991)",4.58,12
Bill Elliott's NASCAR Fast Tracks (Game Boy - 1991),0.00,0
"Blue Angels: Formation Flight Simulation (DOS, Amiga, Atari ST, C64 - 1989)",5.00,5
BreakNeck (Windows - 1998),4.20,5
"Chevy Chase (Amstrad CPC, C64 - 1991)",5.00,1
"Chuck Yeager's Advanced Flight Simulator (DOS, Mac, Amstrad CPC, Apple II, C64 - 1987)",3.70,10
"Chuck Yeager's Advanced Flight Trainer 2.0 (DOS, Amiga, Atari ST - 1989)",4.80,10
Colin McRae Rally (Windows - 1998),4.67,12
Colin McRae Rally 2.0 (Windows - 2000),5.00,2
Colin McRae Rally 3 (Windows - 2003),5.00,1
"Combo Racer (Amiga, Atari ST - 1990)",5.00,1
"Crazy Cars (DOS, Amiga, Amstrad CPC, Atari ST, C64 - 1987)",4.25,12
"Days of Thunder (DOS, Amiga, Atari ST, C64, Game Boy, NES - 1990)",3.71,7
Dirt Trax FX (SNES - 1995),0.00,0
"Drag Race Eliminator (DOS, C64 - 1988)",0.00,0
"Driver (Windows, Mac - 1999)",4.87,16
"Drivin' Force (Amiga, Atari ST - 1990)",0.00,0
"F-1 (DOS, Amstrad CPC - 1991)",5.00,2
"F.1 Manager (Amiga, Atari ST, C64 - 1989)",5.00,1
F1 Pole Position (Game Boy - 1992),0.00,0
F1 Pole Position (SNES - 1992),0.00,0
"F1 World Championship Edition (Amiga, Genesis, SNES - 1995)",5.00,1
F1ROC: Race of Champions (SNES - 1992),5.00,1
"F40 Pursuit Simulator (DOS, Amiga, Amstrad CPC, Atari ST, C64 - 1989)",4.11,18
"Ferrari Formula One (DOS, Amiga, Atari ST, C64 - 1989)",4.20,15
Ferrari Grand Prix Challenge (Genesis - 1992),5.00,1
"Ferrari Grand Prix Challenge (Game Boy, NES - 1992)",5.00,1
Final Stretch (SNES - 1993),0.00,0
Flight Assignment: Airline Transport Pilot (DOS - 1990),4.30,10
Flight Light Plus (DOS - 1996),4.38,13
"Flight Path 737 (Amiga, Amstrad CPC, C64, VIC-20 - 1988)",4.00,1
Flight Simulator (Apple II - 1980),5.00,1
"Flight Unlimited (DOS, Mac - 1995)",5.00,6
Flight Unlimited II (Windows - 1997),4.20,5
Flight Unlimited III (Windows - 1999),4.50,8
Fly! II (Windows - 2001),5.00,5
Flyin' High (Amiga - 1997),5.00,1
Ford Simulator 5.0 (DOS - 1994),4.29,17
"Ford Simulator II (DOS, Mac - 1990)",3.67,9
Ford Simulator III (DOS - 1992),3.84,19
Formula 1 3D (Amiga - 1991),1.00,1
"Formula 1 Simulator (Amstrad CPC, Commodore 16, C64 - 1985)",0.00,0
"Formula One (DOS, Amiga, Atari ST, Game Gear, Genesis - 1994)",4.64,14
Glider Pilot (C64 - 1985),4.00,1
"Grand Prix 500 2 (DOS, Amiga, Amstrad CPC, Atari ST - 1991)",5.00,2
"Grand Prix 500 cc (DOS, Amstrad CPC, Atari ST, C64 - 1987)",0.00,0
"Grand Prix Circuit (DOS, Amiga, Mac, Amstrad CPC, Apple IIgs, C64 - 1988)",4.67,51
Grand Prix Legends (Windows - 1998),4.91,11
Grand Prix Unlimited (DOS - 1992),4.19,21
Grid Start (Amiga - 1987),5.00,1
Gunship (Genesis - 1993),0.00,0
"Hard Drivin' (DOS, Amiga, Amstrad CPC, Atari ST, C64, Genesis - 1990)",3.88,25
"Hard Drivin' II (DOS, Amiga, Atari ST - 1990)",4.40,15
Hard Truck: Road to Victory (Windows - 1998),4.50,2
"Harley-Davidson: The Road to Sturgis (DOS, Amiga, Atari ST - 1989)",4.13,19
Have a N.I.C.E. day! (Windows - 1997),5.00,5
Human Grand Prix IV: F1 Dream Battle (SNES - 1995),0.00,0
"IFR (C64, VIC-20 - 1983)",5.00,1
Ignition (Windows - 1997),4.46,28
"Indianapolis 500: The Simulation (DOS, Amiga - 1989)",4.66,49
IndyCar Racing (DOS - 1993),4.26,23
"IndyCar Racing II (DOS, Mac - 1996)",4.75,66
"International Speedway (Amstrad CPC, C64, ZX Spectrum - 1988)",0.00,0
Jetset (DOS - 1982),1.00,1
Juiced (Windows - 2005),0.00,0
Jumbo Jet Pilot (Atari 8-bit - 1982),4.00,1
Jumbo Lander (C64 - 1982),0.00,0
King of the Road (Windows - 2001),4.00,1
"Lamborghini: American Challenge (DOS, Amiga, Amstrad CPC, Atari ST, C64, Game Boy, SNES - 1992)",4.07,28
LEGO Racers (Windows - 1999),4.09,22
"Lombard RAC Rally (DOS, Amiga, Atari ST - 1988)",4.54,11
Mario Andretti Racing (Genesis - 1994),0.00,0
Mario Andretti's Racing Challenge (DOS - 1991),4.67,9
Max Torque (C64 - 1987),0.00,0
Microsoft Flight Simulator (Mac - 1986),4.00,1
Microsoft Flight Simulator (v1.0) (DOS - 1982),4.36,11
Microsoft Flight Simulator (v2.0) (DOS - 1984),4.37,11
Microsoft Flight Simulator (v3.0) (DOS - 1988),4.75,16
"Microsoft Flight Simulator (v4.0) (DOS, Mac - 1989)",4.57,21
Microsoft Space Simulator (DOS - 1994),4.73,49
Midtown Madness (Windows - 1999),4.59,76
Midtown Madness 2 (Windows - 2000),4.62,50
"Moonshine Racers (DOS, Amiga, Atari ST - 1991)",4.53,17
Motocross Madness (Windows - 1998),4.50,18
Motocross Madness 2 (Windows - 2000),4.23,40
"Motocross Racer (ColecoVision, C64, VIC-20 - 1984)",5.00,1
MotoRace USA (NES - 1985),5.00,1
"NASCAR Racing (DOS, Mac - 1994)",4.59,66
Need for Speed II (Windows - 1997),4.03,31
Need for Speed II: SE (Windows - 1997),4.45,443
Need for Speed III: Hot Pursuit (Windows - 1998),4.49,75
Need for Speed: High Stakes (Windows - 1999),0.00,0
Need for Speed: Porsche Unleashed (Windows - 2000),4.50,2
Need for Speed: Underground (Windows - 2003),5.00,1
"Nigel Mansell's Grand Prix (Amiga, Amstrad CPC - 1988)",0.00,0
"Nigel Mansell's World Championship Racing (DOS, Amiga, Amstrad CPC, Atari ST, Game Boy, Genesis, NES, SNES - 1993)",4.10,10
Night Racer (C64 - 1988),3.50,2
"No Second Prize (Amiga, Atari ST - 1992)",5.00,1
"Orbiter (DOS, Mac, Atari ST - 1986)",5.00,3
Parigi Dakar (C64 - 1985),0.00,0
Pilotwings (SNES - 1990),5.00,1
"Pitstop (Atari 8-bit, ColecoVision, C64 - 1983)",5.00,2
"Pitstop II (DOS, Atari 8-bit, C64 - 1984)",4.09,12
"Pocket Rockets (DOS, Amiga, C64 - 1989)",5.00,7
"Power Drift (DOS, Amiga, Amstrad CPC, Atari ST, C64 - 1990)",4.36,11
Prime Mover (Amiga - 1993),2.00,1
Quad (Amstrad CPC - 1987),0.00,0
"Race Drivin' (DOS, Amiga, Atari ST, Game Boy, Genesis, SNES - 1992)",4.10,10
Rad Racer (NES - 1987),0.00,0
Rad Racer II (NES - 1990),0.00,0
Rally Challenge (Windows - 1997),5.00,2
Rally Sport (DOS - 1996),5.00,2
Re-Volt (Windows - 1999),5.00,19
"Red Arrows (Amstrad CPC, C64 - 1985)",0.00,0
Revs (C64 - 1986),0.00,0
Revs+ (C64 - 1987),0.00,0
"Richard Petty's Talladega (Atari 8-bit, C64 - 1984)",5.00,3
"RVF Honda (Amiga, Atari ST - 1990)",4.00,2
Saban's Power Rangers Zeo: Battle Racers (SNES - 1996),0.00,0
Screamer (DOS - 1995),4.41,22
Screamer Rally (DOS - 1997),5.00,3
Sega Rally 2 Championship (Windows - 1999),4.87,16
Sega Rally Championship (Windows - 1997),4.56,9
"Shuttle Simulator (Atari 8-bit, C64, Dragon 32/64 - 1983)",3.75,4
"Shuttle: The Space Flight Simulator (DOS, Amiga, Atari ST - 1992)",4.54,35
"Sito Pons 500cc Grand Prix (DOS, Amstrad CPC - 1990)",4.25,8
"Skidoo (DOS, Amiga, Atari ST - 1989)",3.00,2
Skunny Kart (DOS - 1993),3.63,8
"Slot Car Racer (Amstrad CPC, C64 - 1987)",5.00,2
"Solo Flight (DOS, Apple II, Atari 8-bit, C64 - 1985)",4.85,8
Solo Flight (Enhanced) (C64 - 1984),0.00,0
Solo Flight: 2nd Edition (C64 - 1985),5.00,1
Sonic Drift 2 (Game Gear - 1995),4.50,2
South Park Rally (Windows - 2000),3.80,5
"Space Shuttle: A Journey into Space (Amstrad CPC, Atari 8-bit, C64 - 1986)",3.67,3
"Speed Buggy (Amiga, Amstrad CPC, Atari ST, C64 - 1988)",4.50,6
"Speed King (Amstrad CPC, Atari 8-bit, Commodore 16, C64 - 1986)",0.00,0
"Speedboat Assassins (Amiga, Atari ST - 1989)",3.50,2
"Star Wars: Episode I - Racer (Windows, Mac - 1999)",4.37,59
"Steel Talons (Genesis, SNES - 1992)",4.00,1
"Street Racer (DOS, Game Boy, Genesis, SNES - 1997)",4.56,8
"Street Rod (DOS, Amiga, C64 - 1989)",4.57,132
Stunt Driver (DOS - 1990),4.51,33
Stunt Island (DOS - 1992),4.70,23
Stunt Jumper (DOS - 1991),0.00,0
Stunt Race FX (SNES - 1994),0.00,0
"Stunt Track Racer (DOS, Amiga, Amstrad CPC, Atari ST, C64 - 1989)",4.50,12
"Stunts (DOS, Amiga - 1990)",4.68,103
"Super Cycle (Amstrad CPC, Atari ST, C64 - 1986)",5.00,1
Super Mario Kart (SNES - 1992),4.67,3
"Super Monaco GP (Amiga, Amstrad CPC, Atari ST, C64, Game Gear, Genesis - 1991)",5.00,2
"SuperBike Challenge (DOS, Atari ST, C64 - 1987)",5.00,6
SuperKarts (DOS - 1995),4.28,11
"Test Drive (DOS, Amiga, Apple II, Atari ST, C64 - 1987)",4.55,77
Test Drive III: The Passion (DOS - 1990),4.29,31
Test Drive: Off-Road 2 (Windows - 1998),5.00,1
Test Drive: Off-Road 3 (Windows - 1999),4.50,4
"The American Challenge: A Sailing Simulation (DOS, Apple II, C64 - 1986)",3.75,4
"The Duel: Test Drive II (DOS, Amiga, Mac, Amstrad CPC, Apple IIgs, Atari ST, C64, Genesis, SNES - 1989)",4.32,68
The Dukes of Hazzard (ColecoVision - 1984),5.00,1
The Ford Simulator (DOS - 1987),4.20,10
"The Great American Cross-Country Road Race (Apple II, Atari 8-bit, C64 - 1985)",5.00,1
The Need for Speed (DOS - 1995),4.68,91
The Need for Speed: Special Edition (DOS - 1996),4.50,36
TOCA 2: Touring Car Challenge (Windows - 1999),4.33,12
TOCA Championship Racing (Windows - 1997),5.00,4
"Top Fuel Eliminator (Apple II, C64 - 1987)",0.00,0
"Touring Car Racer (Amiga, Atari ST - 1991)",0.00,0
Turbo (DOS - 1987),5.00,4
"Turbo Cup (DOS, Amiga, Amstrad CPC, Atari ST, ZX Spectrum - 1988)",5.00,6
"Turbo Esprit (Amstrad CPC, C64, ZX Spectrum - 1986)",0.00,0
Turbo Kart Racer (C64 - 1991),0.00,0
"Turbo Kart Racer (Amstrad CPC, ZX Spectrum - 1990)",0.00,0
"Twin Turbo V8 (Amstrad CPC, ZX Spectrum - 1988)",0.00,0
UFO (DOS - 1989),4.86,7
V-Rally: Edition 99 (Windows - 1999),4.60,10
"Vette! (DOS, Mac - 1989)",4.55,11
Virtual Karting (Amiga - 1995),5.00,1
"Vroom (DOS, Atari ST - 1994)",5.00,2
Wheels on Fire (Amiga - 1997),1.00,1
Whiplash (DOS - 1996),4.07,44
"World Circuit (DOS, Amiga, Atari ST - 1992)",4.51,41
Worlds of Flight (Dragon 32/64 - 1984),0.00,0
X-Plane 5 (Mac - 1999),4.00,2
XTreme Racing (Amiga - 1995),3.67,3
