Title,Average Rating,Number of Ratings
3 Deep Space (VIC-20 - 1983),5.00,1
3D Maze (VIC-20 - 1984),4.50,2
3D Silicon Fish (VIC-20 - 1984),0.00,0
3D Time Trek (VIC-20 - 1983),2.00,1
Abductor (VIC-20 - 1983),0.00,0
ACE: Air Combat Emulator (VIC-20 - 1985),4.00,6
Adventureland (VIC-20 - 1981),5.00,1
Alien Blitz (VIC-20 - 1981),5.00,1
Alien Panic (VIC-20 - 1982),0.00,0
Alien Soccer (VIC-20 - 1982),0.00,0
Alphabet Zoo (VIC-20 - 1983),0.00,0
Amok (VIC-20 - 1982),5.00,1
Annihilator (VIC-20 - 1982),3.00,1
Another VIC in the Wall (VIC-20 - 1982),0.00,0
Anti-Matter Splatter (VIC-20 - 1983),0.00,0
Apple Bug (VIC-20 - 1982),0.00,0
Apple Panic (VIC-20 - 1982),4.17,6
Arachnoid (VIC-20 - 1982),0.00,0
Arcadia (VIC-20 - 1982),3.00,1
Arrow of Death: Part I (VIC-20 - 1982),5.00,1
Artillery Duel (VIC-20 - 1983),4.00,3
Atlantis (VIC-20 - 1983),0.00,0
Attack of the Mutant Camels (VIC-20 - 1983),0.00,0
Avenger (VIC-20 - 1981),2.00,1
Aztec Challenge (VIC-20 - 1982),5.00,3
B-1 Nuclear Bomber (VIC-20 - 1983),4.29,14
Bandits (VIC-20 - 1983),5.00,1
Battlezone (VIC-20 - 1983),4.34,24
Blitz (VIC-20 - 1981),5.00,3
Blue Meanies From Outer Space (VIC-20 - 1981),4.00,1
Blue Star (VIC-20 - 2008),5.00,1
Bomber Attack (VIC-20 - 1983),4.00,1
Bongo (VIC-20 - 1984),0.00,0
Buck Rogers: Planet of Zoom (VIC-20 - 1983),4.59,12
Bullet (VIC-20 - 1984),0.00,0
CannonBall Blitz (VIC-20 - 1982),0.00,0
Capture the Flag (VIC-20 - 1983),0.00,0
Car Chase (VIC-20 - 1981),3.00,1
Cassette 50 (VIC-20 - 1983),0.00,0
Catcha Snatcha (VIC-20 - 1983),0.00,0
Cavern Fighter (VIC-20 - 1982),0.00,0
Centipede (VIC-20 - 1983),5.00,2
Chomper Man (VIC-20 - 1983),0.00,0
Choplifter! (VIC-20 - 1982),3.50,2
Chuck Norris Superkicks (VIC-20 - 1983),1.00,1
Clowns (VIC-20 - 1982),0.00,0
Congo Bongo (VIC-20 - 1983),4.20,10
Cops n' Robbers (VIC-20 - 1985),5.00,1
Cosmic Commando (VIC-20 - 1983),4.00,1
Cosmic Cruncher (VIC-20 - 1982),0.00,0
Cosmic Jailbreak (VIC-20 - 1982),0.00,0
Countdown (VIC-20 - 1983),0.00,0
Crater Raider (VIC-20 - 1983),0.00,0
Creepy Corridors (VIC-20 - 1983),0.00,0
Crossfire (VIC-20 - 1981),4.20,5
"Crush, Crumble and Chomp! (VIC-20 - 1982)",4.43,7
Cyclon (VIC-20 - 1983),0.00,0
Cyclons (VIC-20 - 1983),0.00,0
Deadly Duck (VIC-20 - 1982),0.00,0
Deadly Skies (VIC-20 - 1983),4.00,1
Death Race (VIC-20 - 1984),0.00,0
Defender (VIC-20 - 1983),4.13,15
Deflection (VIC-20 - 1981),0.00,0
Demon Attack (VIC-20 - 1983),0.00,0
Dig Dug (VIC-20 - 1983),4.47,47
Digger (VIC-20 - 1983),0.00,0
Dodge Cars (VIC-20 - 1982),0.00,0
Donkey Kong (VIC-20 - 1983),4.37,120
Dragonfire (VIC-20 - 1983),2.00,1
Dragonwing (VIC-20 - 2002),0.00,0
Draw Poker 1 (VIC-20 - 1981),0.00,0
Dunjonquest: Temple of Apshai (VIC-20 - 1983),3.57,7
Escape MCP (VIC-20 - 1983),0.00,0
FaceMaker (VIC-20 - 1983),3.00,2
Facemaker (VIC-20 - 1982),0.00,0
Falcon Patrol (VIC-20 - 1983),3.00,2
Fast Eddie (VIC-20 - 1982),5.00,1
Fire Galaxy (VIC-20 - 1983),0.00,0
Flash Gordon (VIC-20 - 1983),0.00,0
Flight Path 737 (VIC-20 - 1984),4.00,1
Football Manager (VIC-20 - 1984),4.08,12
Four Gates to Freedom (VIC-20 - 1983),0.00,0
Fourth Encounter (VIC-20 - 1983),0.00,0
Frantic (VIC-20 - 1983),0.00,0
Frogger (VIC-20 - 1983),4.20,20
Galaxia (VIC-20 - 1983),0.00,0
Galaxian (VIC-20 - 1984),4.06,30
Garden Wars (VIC-20 - 1982),5.00,2
Get Lost! (VIC-20 - 1983),0.00,0
Ghost Manor (VIC-20 - 1983),0.00,0
Gold Fever! (VIC-20 - 1983),0.00,0
Gorf (VIC-20 - 1982),4.50,2
Gridrunner (VIC-20 - 1982),1.00,1
Guardian (VIC-20 - 1981),0.00,0
Hektik (VIC-20 - 1984),0.00,0
Hellgate (VIC-20 - 1984),0.00,0
Hunchback (VIC-20 - 1984),4.67,3
IFR (VIC-20 - 1983),5.00,1
In the Chips (VIC-20 - 1983),4.00,1
Invaders Addition (VIC-20 - 1982),0.00,0
Island of Secrets (VIC-20 - 1984),0.00,0
Jetpac (VIC-20 - 1983),5.00,1
Jewels 20 (VIC-20 - 2005),0.00,0
Jumpin' Jack (VIC-20 - 1982),0.00,0
Jungle Hunt (VIC-20 - 1984),4.27,11
Jupiter Defender (VIC-20 - 1983),0.00,0
Jupiter Lander (VIC-20 - 1981),5.00,2
Kaktus (VIC-20 - 1983),5.00,1
Kids on Keys (VIC-20 - 1983),4.00,2
Kindercomp (VIC-20 - 1983),0.00,0
King Tut (VIC-20 - 1985),0.00,0
Kongo Kong (VIC-20 - 1983),2.00,1
Krazy Kong (VIC-20 - 1983),0.00,0
Krell (VIC-20 - 1982),0.00,0
Kwazy Kwaks (VIC-20 - 1984),5.00,1
Laser Zone (VIC-20 - 1983),0.00,0
Lode Runner (VIC-20 - 1983),4.88,24
Lunar Blitz (VIC-20 - 2006),5.00,1
Lunar Leeper (VIC-20 - 1981),0.00,0
MasterType (VIC-20 - 1983),0.00,0
Menagerie (VIC-20 - 1982),0.00,0
Metagalactic Llamas: Battle at the Edge of Time (VIC-20 - 1983),0.00,0
Midway Campaign (VIC-20 - 1983),4.42,12
Miner 2049er (VIC-20 - 1984),4.60,10
Minipedes (VIC-20 - 1985),0.00,0
Mole Attack (VIC-20 - 1981),0.00,0
Money Wars (VIC-20 - 1982),4.40,10
Monster Maze (VIC-20 - 1982),0.00,0
Moon Patrol (VIC-20 - 1983),4.28,25
Motocross Racer (VIC-20 - 1984),5.00,1
Mountain King (VIC-20 - 1983),0.00,0
Ms. Pac-Man (VIC-20 - 1983),3.96,32
Nerm of Bemer (VIC-20 - 1984),5.00,1
Neutron Zapper (VIC-20 - 1983),0.00,0
Nukewar (VIC-20 - 1983),4.00,3
Omega Race (VIC-20 - 1982),4.50,2
Pac-Man (VIC-20 - 1981),4.67,42
Pacmania (VIC-20 - 1983),3.67,3
Pakacuda (VIC-20 - 1983),0.00,0
Paratrooper (VIC-20 - 1982),5.00,1
Pharaoh's Tomb (VIC-20 - 1982),0.00,0
Pipes (VIC-20 - 1983),3.67,3
Pirate Adventure (VIC-20 - 1984),0.00,0
Polaris (VIC-20 - 1983),0.00,0
Pole Position (VIC-20 - 1983),4.43,14
Princess and Frog (VIC-20 - 1983),0.00,0
Protector (VIC-20 - 1982),0.00,0
Punchy (VIC-20 - 1984),0.00,0
Pyramid (VIC-20 - 1983),0.00,0
Quadrant (VIC-20 - 1983),0.00,0
Race Fun (VIC-20 - 1983),0.00,0
Radar Rat Race (VIC-20 - 1981),0.00,0
Rally-X (VIC-20 - 1981),4.00,4
Rat Hotel (VIC-20 - 1982),0.00,0
Renaissance (VIC-20 - 1982),0.00,0
Riddle of the Sphinx (VIC-20 - 1983),0.00,0
River Rescue: Racing Against Time (VIC-20 - 1982),5.00,1
Robin Hood (VIC-20 - 1983),1.00,1
Robotron: 2084 (VIC-20 - 1983),4.15,13
Rockman (VIC-20 - 1985),0.00,0
Sargon II (VIC-20 - 1982),5.00,1
Scorpion (VIC-20 - 1983),0.00,0
Scram 20 (VIC-20 - 1983),0.00,0
Sea Invasion (VIC-20 - 1982),0.00,0
Seafox (VIC-20 - 1983),0.00,0
Secret Mission (VIC-20 - 1981),3.00,1
Serpentine (VIC-20 - 1982),4.17,6
Shadowfax (VIC-20 - 1982),0.00,0
Shamus (VIC-20 - 1982),4.80,5
Shark Trap (VIC-20 - 1982),0.00,0
Shootout at the OK Galaxy (VIC-20 - 1982),4.00,1
Sidewinder (VIC-20 - 1982),5.00,1
Siege (VIC-20 - 1983),0.00,0
Sir Lancelot (VIC-20 - 1983),0.00,0
Skibbereen (VIC-20 - 1982),0.00,0
Skramble (VIC-20 - 1983),0.00,0
Skramble (VIC-20 - 1982),0.00,0
Slap Dab (VIC-20 - 1983),4.00,1
Slinky (VIC-20 - 1983),0.00,0
Snake Byte (VIC-20 - 1982),0.00,0
Space Assault (VIC-20 - 1983),0.00,0
Space Escort (VIC-20 - 1983),0.00,0
Space Fortress (VIC-20 - 1983),0.00,0
Space Math (VIC-20 - 1981),4.00,1
Space Phreeks (VIC-20 - 1982),4.50,2
Spike's Peak (VIC-20 - 1983),0.00,0
Spills & Fills (VIC-20 - 1983),4.00,1
Sport Sport (VIC-20 - 2002),0.00,0
Springer (VIC-20 - 1983),0.00,0
Star Battle (VIC-20 - 1981),0.00,0
Star Blazer (VIC-20 - 1983),5.00,1
StarQuest: Rescue at Rigel (VIC-20 - 1982),4.00,3
Story Machine (VIC-20 - 1983),0.00,0
Submarine Commander (VIC-20 - 1983),0.00,0
Sword of Fargoal (VIC-20 - 1982),3.00,1
Tank Commander (VIC-20 - 1984),4.00,1
Terraguard (VIC-20 - 1982),0.00,0
Tetris Deluxe (VIC-20 - 2007),0.00,0
The Count (VIC-20 - 1981),0.00,0
The Earth Dies Screaming (VIC-20 - 1983),0.00,0
The Exterminator (VIC-20 - 1982),5.00,1
The Golden Baton (VIC-20 - 1984),0.00,0
The Pharaoh's Curse (VIC-20 - 1983),5.00,1
The Quest of Merravid (VIC-20 - 1983),0.00,0
The Time Machine (VIC-20 - 1984),0.00,0
The Wizard and the Princess (VIC-20 - 1982),0.00,0
Threshold (VIC-20 - 1981),0.00,0
Tomarc the Barbarian (VIC-20 - 1984),0.00,0
Tooth Invaders (VIC-20 - 1981),5.00,1
Trader (VIC-20 - 1983),0.00,0
Trail West (VIC-20 - 1981),4.00,1
Trashman (VIC-20 - 1982),0.00,0
Traxx (VIC-20 - 1983),0.00,0
Turmoil (VIC-20 - 1982),0.00,0
Tutankham (VIC-20 - 1983),0.00,0
Type Attack (VIC-20 - 1982),3.00,2
Ultima: Escape from Mt. Drash (VIC-20 - 1983),5.00,1
Vegas Jackpot (VIC-20 - 1984),4.50,2
VIC Scramble (VIC-20 - 1982),0.00,0
Vic-torian Follies: Adv. 1 - Seaquest (VIC-20 - 1983),0.00,0
ViColumn (VIC-20 - 2005),0.00,0
VIQ-Bert (VIC-20 - 2002),0.00,0
Volos (VIC-20 - 2006),0.00,0
Voodoo Castle (VIC-20 - 1981),0.00,0
Xeno II (VIC-20 - 1982),0.00,0
Zapactris (VIC-20 - 2002),0.00,0
