Title,Average Rating,Number of Ratings
"1942 (Amstrad CPC, C64, Game Boy Color, MSX, NES, PC-88, ZX Spectrum - 1986)",4.33,6
"1943: The Battle of Midway (Amiga, Amstrad CPC, Atari ST, C64, NES, ZX Spectrum - 1988)",4.38,13
"A-10 Tank Killer (DOS, Amiga - 1989)",4.50,16
"Abrams Battle Tank (DOS, Genesis - 1989)",4.13,37
Air Power: Battle in the Skies (DOS - 1995),4.34,21
"Allied General (Windows, Mac - 1995)",4.32,22
Aztec Wars (Windows - 1999),4.67,3
Battle Commander: Return of Waroid (Windows - 1999),5.00,1
"Beach-Head (Amstrad CPC, Apple II, Atari 8-bit, C64 - 1984)",5.00,4
"Birds of Prey (DOS, Amiga - 1992)",3.67,9
Bomber (DOS - 1993),4.00,1
Caliber.50 (Genesis - 1991),0.00,0
"Centurion: Defender of Rome (DOS, Amiga, Genesis - 1990)",4.59,72
"Command H.Q. (DOS, Mac - 1990)",4.68,22
CrossFire (Genesis - 1991),0.00,0
Cywilizacja (Atari 8-bit - 1993),0.00,0
"Desert Strike: Return to the Gulf (DOS, Amiga, Game Boy, Game Gear, Genesis, SNES - 1994)",4.57,23
Emperor: Battle for Dune (Windows - 2001),3.67,3
"Empire: Wargame of the Century (DOS, Amiga, Apple II, C64 - 1987)",4.55,27
"F-16 Combat Pilot (DOS, Amiga, Amstrad CPC, Atari ST, C64 - 1989)",4.74,38
F/A-18 Interceptor (Amiga - 1988),5.00,2
"Guerrilla War (DOS, Amstrad CPC, C64, NES - 1987)",4.89,9
Halo: Combat Evolved (Windows - 2003),4.67,3
Jagdstaffel (Atari 8-bit - 1980),0.00,0
JetFighter: The Adventure (DOS - 1988),4.64,15
"L'Empereur (DOS, NES, PC-88, PC-98 - 1991)",4.63,16
"Liberty or Death (DOS, Genesis, SNES - 1993)",4.08,12
"M1 Tank Platoon (DOS, Amiga, Atari ST - 1989)",4.59,39
"Mercs (Amiga, Amstrad CPC, Atari ST, C64, Genesis - 1991)",4.00,2
Mig Alley (Windows - 1999),5.00,6
"MiG Alley Ace (Atari 8-bit, C64 - 1983)",4.00,1
"Missile Command (Atari 8-bit, Atari ST - 1982)",0.00,0
"Nukewar (Apple II, C64, VIC-20 - 1980)",4.00,3
"Panzer General (DOS, Windows, Mac - 1994)",4.44,78
"Red Storm Rising (DOS, Amiga, Atari ST, C64 - 1989)",4.67,46
"Rush'n Attack (DOS, Amstrad CPC, Atari 8-bit, Commodore 16, C64, NES - 1989)",3.92,24
"Scenario: Theatre of War (DOS, C64 - 1992)",4.33,6
Star Trek: Armada (Windows - 2000),5.00,1
Star Trek: Armada II (Windows - 2001),4.00,1
Submarine Titans (Windows - 2000),4.00,1
Task Force 1942 (DOS - 1992),4.63,36
TFX (DOS - 1993),4.61,18
"The Great War: 1914 - 1918 (DOS, Amiga - 1993)",4.59,41
"Tomahawk (DOS, Amstrad CPC, Apple II, Apple IIgs, Atari 8-bit, C64 - 1987)",4.86,7
Twilight: 2000 (DOS - 1991),4.53,32
Wings 2: Aces High (SNES - 1992),5.00,1
X-COM: Terror from the Deep (DOS - 1995),4.59,290
