Title,Average Rating,Number of Ratings
007: Nightfire (Windows - 2002),3.80,5
4x4 Evo (Windows - 2000),4.78,18
4x4 Evo 2 (Windows - 2001),4.42,19
5 Days a Stranger (Windows - 2003),4.00,5
Abomination (Windows - 1999),4.00,1
Abuse (Windows - 2011),4.50,54
Ace Lightning (Windows - 2002),2.00,1
Actua Soccer 3 (Windows - 1999),4.50,6
AD&D Dark Sun Online: Crimson Sands (Windows - 1996),4.17,6
AFL '99 (Windows - 1998),5.00,3
AFL Live 2004 (Windows - 2003),0.00,0
Age of Empires (Windows - 1997),4.46,160
Age of Empires: The Rise of Rome (Windows - 1998),4.52,73
Airline Tycoon (Windows - 1998),5.00,2
Airline Tycoon Evolution (Windows - 2002),5.00,2
Airport Tycoon (Windows - 2000),4.00,6
Airport Tycoon 2 (Windows - 2003),5.00,1
Airport Tycoon 3 (Windows - 2003),5.00,4
"Al Unser, Jr. Arcade Racing (Windows - 1995)",4.56,8
Alias (Windows - 2004),0.00,0
Aliens Versus Predator 2 (Windows - 2001),4.00,1
Aliens Versus Predator 2: Gold Edition (Windows - 2003),5.00,1
Aliens Versus Predator 2: Primal Hunt (Windows - 2002),5.00,1
Allegiance (Windows - 2000),5.00,6
Allied General (Windows - 1995),4.32,22
American McGee's Alice (Windows - 2000),4.69,108
Amulets & Armor (Windows - 2013),3.50,18
Anna (Windows - 2005),4.54,13
Armor Command (Windows - 1998),5.00,3
Atlantis: Evolution (Windows - 2004),4.50,2
Atomic Bomberman (Windows - 1997),4.23,13
Atrox (Windows - 2001),0.00,0
Avalon Hill's Diplomacy (Windows - 1999),0.00,0
Avalon Hill's Squad Leader (Windows - 2000),0.00,0
Axis & Allies (Windows - 1998),5.00,3
Axis & Allies (Windows - 2004),0.00,0
Aztec Wars (Windows - 1999),4.67,3
Babyz: Your Virtual Bundle of Joy (Windows - 1999),4.33,3
Backyard Baseball (Windows - 1997),4.19,42
Bandits: Phoenix Rising (Windows - 2002),0.00,0
Baseball Mogul 2006 (Windows - 2005),5.00,1
Battle Commander: Return of Waroid (Windows - 1999),5.00,1
Battlecruiser 3000AD v2.0 (Windows - 1998),5.00,6
Battlecruiser Millennium (Windows - 2001),5.00,7
Battlefield 1942 (Windows - 2002),4.61,152
Battlezone (Windows - 1998),4.60,40
Battlezone II: Combat Commander (Windows - 1999),4.59,114
Beasts & Bumpkins (Windows - 1997),0.00,0
Bermuda Syndrome (Windows - 1996),4.89,9
Big Rigs: Over the Road Racing (Windows - 2003),3.67,3
Black & White (Windows - 2001),4.39,67
Black & White 2 (Windows - 2005),3.57,7
Black & White 2: Battle of the Gods (Windows - 2006),5.00,2
Black & White: Creature Isle (Windows - 2002),4.71,7
Blade of Darkness (Windows - 2001),4.56,98
Blade Runner (Windows - 1997),4.67,42
Blockland (Windows - 2004),5.00,2
Blood II: The Chosen (Windows - 1998),4.63,78
Blood Omen: Legacy of Kain (Windows - 1997),4.23,22
Boarder Zone (Windows - 1999),4.00,4
Boss Rally (Windows - 1999),5.00,1
BreakNeck (Windows - 1998),4.20,5
Breath of Fire IV (Windows - 2003),0.00,0
Car Tycoon (Windows - 2001),4.00,2
Carmageddon 2: Carpocalypse Now (Windows - 1998),4.40,87
Carmageddon 3: TDR 2000 (Windows - 2000),4.06,17
Castle Infinity (Windows - 1996),4.00,1
Catechumen (Windows - 2000),3.78,9
Catz: Your Computer Petz (Windows - 1996),4.36,11
Championship Manager 4 (Windows - 2003),4.20,10
Championship Manager: Season 00/01 (Windows - 2000),3.82,38
Championship Manager: Season 01/02 (Windows - 2001),4.67,9
Chao Escape Remade (Windows - 2004),0.00,0
Chart Wars 3 (Windows - 2004),3.09,11
Civilization II: Test of Time (Windows - 1999),4.49,51
Civilization: Call to Power (Windows - 1999),4.95,20
Claw (Windows - 1997),4.73,15
ClockWerx (Windows - 1995),2.83,6
Clonk Endeavour (Windows - 2004),4.00,2
Clonk Rage (Windows - 2007),5.00,1
Close Combat (Windows - 1996),5.00,9
Close Combat III: The Russian Front (Windows - 1999),4.91,11
Close Combat: A Bridge Too Far (Windows - 1997),4.65,17
Close Combat: The Battle of the Bulge (Windows - 1999),4.67,6
ClueFinders: 3rd Grade Adventures (Windows - 1998),0.00,0
ClueFinders: Mystery Mansion Arcade (Windows - 2000),5.00,4
Colin McRae Rally (Windows - 1998),4.67,12
Colin McRae Rally 2.0 (Windows - 2000),5.00,2
Colin McRae Rally 3 (Windows - 2003),5.00,1
Comix Zone (Windows - 1995),4.35,34
Command & Conquer: Red Alert 2 (Windows - 2000),4.56,646
Command & Conquer: Renegade (Windows - 2002),4.54,263
Command & Conquer: Special Gold Edition (Windows - 1997),5.00,2
Command & Conquer: Tiberian Sun (Windows - 1999),4.53,36
Command & Conquer: Tiberian Sun - Firestorm (Windows - 2000),4.95,21
Command & Conquer: Yuri's Revenge (Windows - 2001),4.54,354
Counter Blow (Windows - 1997),4.50,4
Creatures (Windows - 1996),4.00,12
Creatures 2 (Windows - 1998),4.33,3
Creatures 3 (Windows - 1999),3.75,8
Cricket 97 (Windows - 1997),4.31,188
Crimson Skies (Windows - 2000),4.00,3
Cyber Troopers Virtual On (Windows - 1997),3.33,3
Cybernoid: The Fighting Machine (Windows - 2002),5.00,1
Cyberstorm 2: Corporate Wars (Windows - 1998),4.86,7
Dark Colony (Windows - 1997),4.27,11
Dark Colony: The Council Wars (Windows - 1998),5.00,2
Dark Disciples (Windows - 2004),5.00,8
Dark Disciples 2 (Windows - 2009),4.60,15
Dark Earth (Windows - 1997),5.00,1
Dark Horizons: Lore (Windows - 2004),4.50,2
Darkstone (Windows - 1999),4.77,22
De verdwenen kleuren van Van Gogh (Windows - 2001),0.00,0
Deer Avenger (Windows - 1998),3.78,9
Dethkarz (Windows - 1998),4.45,11
Diablo (Windows - 1996),4.41,343
Dink SmallWood (Windows - 1998),4.91,11
Dinosaur Safari (Windows - 1996),5.00,3
Discworld Noir (Windows - 1999),4.64,36
Disney presents Ariel's Story Studio (Windows - 1999),4.83,6
Disney's Animated Storybook: The Hunchback of Notre Dame (Windows - 1996),5.00,1
Disney's Animated Storybook: The Lion King (Windows - 1994),0.00,0
Disney's Animated Storybook: Toy Story (Windows - 1996),0.00,0
Disney's Extremely Goofy Skateboarding (Windows - 2001),5.00,6
Disney's Hercules (Windows - 1997),4.50,98
Disney's Tarzan (Windows - 1999),4.49,156
Disney's The Hunchback of Notre Dame: 5 Topsy Turvy Games (Windows - 1996),4.00,9
Disney's The Lion King Activity Center (Windows - 1995),5.00,2
Disney's The Lion King II: Simba's Pride - Active Play (Windows - 1998),0.00,0
Disney's Timon & Pumbaa's Jungle Games (Windows - 1995),4.38,29
Disney's Toy Story (Windows - 1995),3.67,3
Disney's Toy Story Activity Center (Windows - 1996),5.00,1
Disney's Villains' Revenge (Windows - 1999),4.47,15
Disney•Pixar Toy Story 2: Buzz Lightyear to the Rescue! (Windows - 2000),0.00,0
Doctor Who: Destiny of the Doctors (Windows - 1997),4.00,1
Dragon's Lair 3D: Return to the Lair (Windows - 2002),5.00,6
Drain Storm (Windows - 1997),5.00,1
Drakan: Order of the Flame (Windows - 1999),4.45,11
Driver (Windows - 1999),4.87,16
Drome Racers (Windows - 2002),4.67,3
Drowned God: Conspiracy of the Ages (Windows - 1996),5.00,1
Dune 2000 (Windows - 1998),4.53,45
DX-Ball (Windows - 1996),0.00,0
DX-Ball 2 (Windows - 1999),0.00,0
EarthSiege 2 (Windows - 1996),5.00,9
Ečstatica (Windows - 1997),4.62,21
Edgar Torronteras' eXtreme Biker (Windows - 1999),5.00,2
Edgar Torronteras' Moto-X 2000 (Windows - 2000),5.00,1
Emperor of the Fading Suns (Windows - 1996),4.50,18
Emperor: Battle for Dune (Windows - 2001),3.67,3
Enemy Infestation (Windows - 1998),4.75,8
Enemy Nations (Windows - 1996),5.00,5
Enter the Matrix (Windows - 2003),0.00,0
European Air War (Windows - 1998),4.46,13
Evolution: The Game of Intelligent Life (Windows - 1997),4.62,13
F-16 Aggressor (Windows - 1998),5.00,6
F-16 Multirole Fighter (Windows - 1998),4.33,15
F-22 Lightning 3 (Windows - 1999),4.71,7
F-22 Raptor (Windows - 1997),4.29,7
F/A-18 Hornet 3.0 (Windows - 1997),5.00,4
F/A-18 Korea (Windows - 1997),5.00,3
F/A-18 Precision Strike Fighter (Windows - 2001),5.00,4
F22 Air Dominance Fighter (Windows - 1997),4.50,10
F22 Air Dominance Fighter: Red Sea Operations (Windows - 1998),5.00,5
Fast Food Tycoon (Windows - 1999),4.50,6
Fatal Relations (Windows - 1998),3.80,5
FIFA 2001: Major League Soccer (Windows - 2000),0.00,0
FIFA 98: Road to World Cup (Windows - 1997),4.68,28
FIFA 99 (Windows - 1998),4.37,19
FIFA Soccer Manager (Windows - 1997),4.43,7
Fighting Force (Windows - 1997),0.00,0
Fighting Steel: World War II Surface Combat 1939-1942 (Windows - 1999),0.00,0
Flight Unlimited II (Windows - 1997),4.20,5
Flight Unlimited III (Windows - 1999),4.50,8
FlipOut! (Windows - 1997),0.00,0
Fly! (Windows - 1999),5.00,3
Fly! II (Windows - 2001),5.00,5
Freelancer (Windows - 2003),4.41,34
Frogger (Windows - 1997),4.50,4
Frogger 2: Swampy's Revenge (Windows - 2000),4.61,71
Full Tilt! 2 Pinball (Windows - 1996),3.40,5
Full Tilt! Pinball (Windows - 1996),4.48,46
Future Cop: L.A.P.D. (Windows - 1998),4.73,125
G-Police (Windows - 1997),4.29,7
Gangsters 2 (Windows - 2001),4.00,2
Gangsters: Organized Crime (Windows - 1998),4.50,2
Garage (Windows - 1999),4.67,15
Gate 88 (Windows - 2004),5.00,1
Get Medieval (Windows - 1998),4.67,18
Global Defense Network (Windows - 2004),0.00,0
Go West! The Homesteader's Challenge (Windows - 1996),5.00,4
Gold and Glory: The Road to El Dorado (Windows - 2000),5.00,1
Golf Resort Tycoon (Windows - 2001),0.00,0
Golf Resort Tycoon II (Windows - 2002),4.00,1
GoMoku Narabe (Windows - 1996),0.00,0
Goosebumps: Attack of the Mutant (Windows - 1997),3.00,2
Goosebumps: Escape from Horrorland (Windows - 1996),4.32,19
GP 500 (Windows - 1999),5.00,6
Grand Prix Legends (Windows - 1998),4.91,11
Grand Prix Manager (Windows - 1995),5.00,1
Grand Prix Manager 2 (Windows - 1996),5.00,1
Grand Theft Auto (Windows - 1997),4.40,92
Grand Theft Auto 2 (Windows - 1999),4.39,92
Grant - Lee - Sherman: Civil War 2: Generals (Windows - 1997),4.25,4
Grossology (Windows - 1997),5.00,1
Ground Control (Windows - 2000),4.58,24
Gruntz (Windows - 1999),5.00,6
Gubble (Windows - 1996),5.00,3
Gunman Chronicles (Windows - 2000),5.00,1
Hades 2 (Windows - 2001),4.33,6
Halo: Combat Evolved (Windows - 2003),4.67,3
HappyLand Adventures (Windows - 2000),5.00,10
Hard Truck: Road to Victory (Windows - 1998),4.50,2
Hardwar (Windows - 1998),3.00,1
Have a N.I.C.E. day! (Windows - 1997),5.00,5
Heart of Darkness (Windows - 1998),4.54,13
Heavy Gear (Windows - 1997),4.80,5
Heavy Gear II (Windows - 1999),5.00,6
Heavy Metal: F.A.K.K. 2 (Windows - 2000),4.67,15
Hellbender (Windows - 1996),5.00,3
Hellfire (Windows - 1997),4.40,43
Heretic II (Windows - 1998),4.61,92
Hexen II (Windows - 1997),4.62,34
Hexen II: Mission Pack: Portal of Praevus (Windows - 1998),4.05,19
Hidden & Dangerous Deluxe (Windows - 2002),4.76,21
Homeworld (Windows - 1999),4.89,9
Hype: The Time Quest (Windows - 1999),5.00,5
Ignition (Windows - 1997),4.46,28
Indiana Jones and the Infernal Machine (Windows - 1999),4.09,22
International Rally Championship (Windows - 1997),4.67,12
Interstate '76 (Windows - 1997),5.00,6
Jane's Combat Simulations: F-15 (Windows - 1998),4.78,9
Jane's Combat Simulations: F/A-18 Simulator (Windows - 2000),4.67,9
Jazz Jackrabbit 2 (Windows - 1998),4.65,83
Jazz Jackrabbit 2: The Secret Files (Windows - 1999),4.72,46
Juiced (Windows - 2005),0.00,0
Killer Loop (Windows - 1999),5.00,1
King of the Hill (Windows - 2000),1.00,1
King of the Road (Windows - 2001),4.00,1
King Pong (Windows - 2003),5.00,1
King Pong II (Windows - 2004),4.00,4
KISS: Psycho Circus - The Nightmare Child (Windows - 2000),4.00,2
KKND: Krush Kill 'n Destroy Xtreme (Windows - 1997),4.59,17
Krazy Ivan (Windows - 1996),5.00,1
Lander (Windows - 1999),5.00,1
Laser Tank (Windows - 1998),4.83,6
LEGO Alpha Team (Windows - 2000),4.00,1
LEGO Chess (Windows - 1998),5.00,3
LEGO Creator (Windows - 1998),4.50,2
LEGO Creator: Harry Potter (Windows - 2002),5.00,2
LEGO Creator: Knights' Kingdom (Windows - 2000),5.00,1
LEGO Friends (Windows - 1999),0.00,0
LEGO Island (Windows - 1997),4.61,46
LEGO Island 2: The Brickster's Revenge (Windows - 2001),4.80,5
LEGO Loco (Windows - 1998),5.00,3
LEGO MindStorms Star Wars Droid Developer Kit (Windows - 1999),0.00,0
LEGO Racers (Windows - 1999),4.09,22
LEGO Racers 2 (Windows - 2001),3.50,2
LEGO Rock Raiders (Windows - 1999),3.67,6
LEGO Spybotics (Windows - 2002),0.00,0
LEGO Stunt Rally (Windows - 2001),4.50,2
LEGO Technic Cybermaster (Windows - 1998),0.00,0
LEGO Technic Cybermaster Mission (Windows - 1999),0.00,0
LEGO Technic Search Sub (Windows - 1997),0.00,0
LEGO Technic Turbo Command (Windows - 1998),0.00,0
Lemmings & Oh No! More Lemmings (Windows - 1995),4.71,7
Lemmings Paintball (Windows - 1996),4.67,3
Lemmings Revolution (Windows - 2000),4.67,3
Liero (Windows - 1999),5.00,1
LinCity-NG (Windows - 2009),4.33,3
Links 2003 (Windows - 2002),0.00,0
Links 2003: Championship Courses (Windows - 2002),0.00,0
Lode Runner On-Line: The Mad Monks' Revenge (Windows - 1995),4.69,13
Logical Journey of the Zoombinis (Windows - 1996),4.38,391
Lords of the Realm II (Windows - 1996),4.52,21
Lords of the Realm II: Siege Pack (Windows - 1997),4.67,3
Love Impact (Windows - 2002),1.00,1
Lula 3D (Windows - 2005),0.00,0
Lula Flipper (Windows - 1999),4.00,1
Lula Virtual Babe (Windows - 1998),0.00,0
M.I.A.: Missing In Action (Windows - 1998),4.15,13
M1 Tank Platoon II (Windows - 1998),4.41,32
Machines (Windows - 1999),5.00,2
Madeline and the Magnificent Puppet Show (Windows - 1995),4.50,4
Madeline European Adventures (Windows - 1996),4.64,14
Mageslayer (Windows - 1997),5.00,3
Magic & Mayhem (Windows - 1998),5.00,14
Magic: The Gathering (Windows - 1997),4.67,18
Magic: The Gathering - Battlemage (Windows - 1997),5.00,3
Magic: The Gathering - Duels of the Planeswalkers (Windows - 1998),4.31,16
Mall Tycoon (Windows - 2002),0.00,0
Mall Tycoon 2 (Windows - 2003),4.00,1
Mall Tycoon 3 (Windows - 2005),3.00,1
Mania Drive (Windows - 2006),2.00,2
Marble Drop (Windows - 1997),0.00,0
Mario Teaches Typing 2 (Windows - 1997),4.51,182
Math Blaster Ages 7-8 Mission 2: Race For The Omega Trophy (Windows - 2000),0.00,0
Maui Mallard in Cold Shadow (Windows - 1996),5.00,3
Mech Commander: Gold (Windows - 1999),4.83,54
MechCommander 2 (Windows - 2001),4.52,58
MechWarrior 2: 31st Century Combat (Windows - 1995),4.61,124
MechWarrior 2: Mercenaries (Windows - 1996),4.58,45
MechWarrior 3 (Windows - 1999),4.55,49
MechWarrior 3: Pirate's Moon (Windows - 1999),5.00,14
MechWarrior 4: Mercenaries (Windows - 2002),4.58,355
"Medieval Lords: Build, Defend, Expand (Windows - 2004)",5.00,1
Mega Man X3 (Windows - 1998),5.00,7
Mega Man X4 (Windows - 1998),4.64,45
Merchant Prince II (Windows - 2001),4.50,10
Metal Fatigue (Windows - 2000),4.78,67
Metal Gear Solid (Windows - 2000),3.72,18
Michelin Rally Masters: Race of Champions (Windows - 2000),5.00,5
Micro Machines V3 (Windows - 1998),4.60,10
MicroBalls (Windows - 1997),5.00,1
Microsoft Combat Flight Simulator 2: WW II Pacific Theater (Windows - 2000),4.73,11
Microsoft Combat Flight Simulator: WWII Europe Series (Windows - 1998),4.50,20
Microsoft Entertainment Pack: The Puzzle Collection (Windows - 1997),4.63,8
Microsoft Golf 1998 Edition (Windows - 1998),4.00,4
Midtown Madness (Windows - 1999),4.59,76
Midtown Madness 2 (Windows - 2000),4.62,50
Mig Alley (Windows - 1999),5.00,6
MissionForce: CyberStorm (Windows - 1996),4.79,14
Mob Rule (Windows - 1999),3.83,6
Mobil 1 Rally Championship (Windows - 1999),4.75,4
Monopoly Tycoon (Windows - 2001),4.18,22
Monster Truck Madness (Windows - 1996),4.60,5
Monster Truck Madness 2 (Windows - 1998),4.57,14
Moon Tycoon (Windows - 2001),4.00,1
Mortal Kombat 4 (Windows - 1998),4.50,129
Mortimer and the Riddles of the Medallion (Windows - 1996),0.00,0
Motocross Madness (Windows - 1998),4.50,18
Motocross Madness 2 (Windows - 2000),4.23,40
MTV's Beavis and Butt-Head in Virtual Stupidity (Windows - 1995),5.00,3
MTV's Beavis and Butt-Head: Do U. (Windows - 1998),4.43,7
MTV: Music Generator (Windows - 2000),0.00,0
MVP Baseball 2004 (Windows - 2004),0.00,0
MVP Baseball 2005 (Windows - 2005),0.00,0
Myst III: Exile (Windows - 2001),0.00,0
Myth II: Soulblighter (Windows - 1998),4.62,53
Myth: The Fallen Lords (Windows - 1997),4.63,49
Nanobots (Windows - 2006),4.00,4
NBA Hang Time (Windows - 1996),5.00,2
Nebula Fighter (Windows - 1997),3.75,4
Necrodome (Windows - 1996),5.00,1
Need for Speed II (Windows - 1997),4.03,31
Need for Speed II: SE (Windows - 1997),4.45,444
Need for Speed III: Hot Pursuit (Windows - 1998),4.49,75
Need for Speed: High Stakes (Windows - 1999),0.00,0
Need for Speed: Porsche Unleashed (Windows - 2000),4.50,2
Need for Speed: Underground (Windows - 2003),5.00,1
Nerf Arena Blast (Windows - 1999),4.50,8
NetStorm: Islands at War (Windows - 1997),5.00,8
NHL 98 (Windows - 1997),4.00,4
NHL 99 (Windows - 1998),3.67,3
NHL Open Ice: 2 On 2 Challenge (Windows - 1996),5.00,1
NHL Powerplay 98 (Windows - 1997),5.00,1
Nightlong: Union City Conspiracy (Windows - 1998),0.00,0
Nightmare Creatures (Windows - 1997),4.19,16
Nightmare Ned (Windows - 1997),4.44,16
No Gravity (Windows - 2006),0.00,0
No One Lives Forever 2: A Spy in H.A.R.M.'s Way (Windows - 2002),4.52,85
Nocturne (Windows - 1999),0.00,0
O.D.T.: Escape... or Die Trying (Windows - 1998),5.00,3
Obsidian (Windows - 1997),4.60,5
OldSkoolGravityGame (Windows - 2009),0.00,0
onEscapee (Windows - 2004),4.00,1
Onimusha 3: Demon Siege (Windows - 2005),0.00,0
Onimusha: Warlords (Windows - 2003),0.00,0
Oregon Trail II (Windows - 1995),4.22,211
Panzer General (Windows - 1996),4.44,78
Panzer General III: Scorched Earth (Windows - 2000),0.00,0
People's General (Windows - 1998),4.64,11
PGA Championship Golf 2000 (Windows - 2000),3.50,2
PGA Championship Golf: 1999 Edition (Windows - 1999),0.00,0
Pitfall: The Mayan Adventure (Windows - 1995),4.40,15
Pool of Radiance: Ruins of Myth Drannor (Windows - 2001),4.25,4
Premier Manager 97 (Windows - 1996),2.90,10
Prince of Persia 3D (Windows - 1999),4.31,29
Professional Underground League of Pain (Windows - 1997),0.00,0
Project IGI: I'm Going In (Windows - 2000),5.00,1
Project Nomads (Windows - 2002),0.00,0
Pyst (Windows - 1996),1.00,2
Raiden II (Windows - 1997),5.00,3
Rally Challenge (Windows - 1997),5.00,2
Rally Raid (Windows - 2000),3.00,1
Re-Volt (Windows - 1999),5.00,19
Reading Blaster Junior (Windows - 1995),4.20,5
Reading Blaster: Invasion of the Word Snatchers (Windows - 1995),0.00,0
Realmz (Windows - 1999),5.00,1
Rebel 12 (Windows - 2002),3.75,4
RedJack: The Revenge of the Brethren (Windows - 1998),0.00,0
Resident Evil (Windows - 1997),4.91,11
Resident Evil 2 (Windows - 1998),4.65,48
Resident Evil 3: Nemesis (Windows - 2000),4.75,24
Resident Evil: Survivor (Windows - 2002),5.00,4
Return Fire (Windows - 1996),3.50,4
Return Fire 2 (Windows - 1998),3.00,2
Return to Castle Wolfenstein (Windows - 2001),5.00,1
Riot Police (Windows - 2004),5.00,4
Rise & Fall: Civilizations at War (Windows - 2006),4.39,36
Risk II (Windows - 2000),5.00,1
Risk: The Game of Global Domination (Windows - 1996),0.00,0
Road Rash (Windows - 1996),0.00,0
Robert E. Lee: Civil War General (Windows - 1996),4.33,9
RoboCop 2D (Windows - 2004),0.00,0
Robocop 2D 2: Robocop vs Terminator (Windows - 2005),0.00,0
Robocop 2D 3 (Windows - 2007),0.00,0
Robot Warfare 1 (Windows - 1999),5.00,1
Rollcage (Windows - 1999),4.50,4
Rollcage Stage II (Windows - 2000),5.00,8
Roton (Windows - 1999),0.00,0
Savage 2: A Tortured Soul (Windows - 2008),3.67,6
Scooby-Doo!: Case File #1 - The Glowing Bug Man (Windows - 2002),0.00,0
Scooby-Doo!: Case File N°2 - The Scary Stone Dragon (Windows - 2003),0.00,0
Scooby-Doo!: Jinx at the Sphinx (Windows - 2001),0.00,0
Scooby-Doo!: Mystery of the Fun Park Phantom (Windows - 1999),0.00,0
Scooby-Doo!: Phantom of the Knight (Windows - 2001),0.00,0
Scooby-Doo!: Show Down in Ghost Town (Windows - 2000),4.00,1
Sega Rally 2 Championship (Windows - 1999),4.87,16
Sega Rally Championship (Windows - 1997),4.56,9
Sentient (Windows - 1997),4.00,2
Sentinel Returns (Windows - 1998),5.00,2
Shadow Company: Left for Dead (Windows - 1999),5.00,8
SheepShot (Windows - 1998),0.00,0
"Sheila Rae, the Brave (Windows - 1996)",4.00,2
Sid Meier's Civilization II (Windows - 1996),4.48,113
Sid Meier's Gettysburg! (Windows - 1997),4.50,14
Sid Meier's SimGolf (Windows - 2002),4.64,14
SideLine (Windows - 1996),0.00,0
Siege of Avalon (Windows - 2000),4.50,2
Silent Hill 2: Restless Dreams (Windows - 2002),0.00,0
Silent Hill 3 (Windows - 2003),0.00,0
Silent Thunder: A-10 Tank Killer II (Windows - 1996),5.00,10
Sim Theme Park (Windows - 1999),4.44,25
SimCoaster (Windows - 2001),4.50,14
SimCopter (Windows - 1996),4.71,17
Simon the Sorcerer's Puzzle Pack (Windows - 1998),0.00,0
SimSafari (Windows - 1998),0.00,0
SimTown (Windows - 1995),5.00,1
Singles: Flirt Up Your Life! (Windows - 2004),0.00,0
Skateboard Park Tycoon: Back in the USA 2004 (Windows - 2003),3.00,1
SkateBoard Park Tycoon: World Tour 2003 (Windows - 2002),0.00,0
Ski Resort Tycoon (Windows - 2000),5.00,1
Ski Resort Tycoon: Deep Powder (Windows - 2004),5.00,1
Smoke Attack (Windows - 2002),4.00,2
Smoke Attack 2 (Windows - 2004),3.00,1
Snap-on presents Gearhead Garage: The Virtual Mechanic (Windows - 2000),4.35,40
Soldier of Fortune (Windows - 2000),4.00,4
Soldier of Fortune II: Double Helix (Windows - 2002),3.27,15
Soldier of Fortune II: Double Helix (Gold Edition) (Windows - 2003),4.50,2
Sonic CD (Windows - 1995),4.81,80
Sonic R (Windows - 1997),4.57,84
South Park Rally (Windows - 2000),3.80,5
Space Cadet 3D Pinball (Windows - 1995),4.67,3
Space Hulk: Vengeance of the Blood Angels (Windows - 1996),4.61,18
Spelljammer: Pirates of Realmspace (Windows - 1992),4.50,22
Spider-Man (Windows - 2001),4.73,44
Spider-Man (Windows - 2002),4.60,5
Spooks (Windows - 2006),4.00,5
Stalin vs. Martians (Windows - 2009),5.00,3
Star Command: Revolution (Windows - 1998),5.00,5
Star Trek: Armada (Windows - 2000),5.00,1
Star Trek: Armada II (Windows - 2001),4.00,1
Star Trek: Bridge Commander (Windows - 2002),4.84,19
Star Trek: Starfleet Command - Orion Pirates (Windows - 2001),0.00,0
Star Trek: Starfleet Command III (Windows - 2002),4.50,2
Star Trek: The Next Generation - Birth of the Federation (Windows - 1999),4.00,1
Star Trek: Voyager - Elite Force (Windows - 2000),5.00,8
Star Trek: Voyager - Elite Force expansion pack (Windows - 2001),5.00,3
Star Wars: Episode I - Racer (Windows - 1999),4.37,59
Star Wars: Galactic Battlegrounds (Windows - 2001),4.46,115
Star Wars: Galaxies - An Empire Divided (Windows - 2003),2.33,3
Star Wars: Pit Droids (Windows - 1999),4.00,11
Star Wars: Yoda Stories (Windows - 1997),5.00,1
Star Wars: Yoda's Challenge - Activity Center (Windows - 1999),3.67,3
Starlancer (Windows - 2000),4.75,4
Stars! (Windows - 1996),5.00,7
Starship Troopers: Terran Ascendancy (Windows - 2000),0.00,0
Starsiege (Windows - 1999),5.00,8
Storybook Weaver Deluxe 95 (Windows - 1996),4.24,21
Sub Culture (Windows - 1997),4.50,2
Submarine Titans (Windows - 2000),4.00,1
Surf 'm Up! (Windows - 1996),0.00,0
Take No Prisoners (Windows - 1997),4.67,3
Tales of Lemma (Windows - 2003),2.00,1
Tanktics (Windows - 1999),4.08,12
Techno Quest (Windows - 1997),4.56,9
Test Drive: Off-Road 2 (Windows - 1998),5.00,1
Test Drive: Off-Road 3 (Windows - 1999),4.50,4
The Fennels Figure Math (Windows - 1996),0.00,0
The House of the Dead (Windows - 1998),3.50,2
The House of the Dead 2 (Windows - 2001),0.00,0
The House of the Dead III (Windows - 2005),5.00,1
The Lord of the Rings: The Battle for Middle-Earth (Windows - 2004),4.18,33
The Movies (Windows - 2005),4.50,2
The Neverhood (Windows - 1996),4.56,93
The New Adventures of the Time Machine (Windows - 2000),5.00,2
The Operative: No One Lives Forever (Windows - 2000),4.87,31
The Oregon Trail 1.2 for Windows (Windows - 1995),4.32,175
The Red Odyssey (Windows - 1998),4.40,10
The Sacred Amulet (Windows - 1999),0.00,0
The Secrets of Atlantis: The Sacred Legacy (Windows - 2006),0.00,0
The Simpsons: Hit & Run (Windows - 2003),4.50,2
The Simpsons: Virtual Springfield (Windows - 1997),4.00,2
The Sims (Windows - 2000),3.67,3
The Sims: Complete Collection (Windows - 2005),5.00,5
The Sims: Deluxe Edition (Windows - 2002),5.00,1
The Sting! (Windows - 2001),4.25,4
The Sum of All Fears (Windows - 2002),4.14,7
The Thing (Windows - 2002),4.50,2
The Typing of the Dead (Windows - 2000),5.00,3
Those Funny Funguloids! (Windows - 2007),0.00,0
Tides of War (Windows - 1999),0.00,0
Titanic: Adventure Out of Time (Windows - 1999),4.48,46
Titans of Steel: Warring Suns (Windows - 2003),5.00,4
TOCA 2: Touring Car Challenge (Windows - 1999),4.33,12
TOCA Championship Racing (Windows - 1997),5.00,4
Tom and Jerry in Fists of Furry (Windows - 2002),3.09,11
Tonic Trouble (Windows - 1999),5.00,4
Tony Hawk's Pro Skater 2 (Windows - 2000),4.00,24
Tony Hawk's Pro Skater 3 (Windows - 2002),4.31,42
Total Air War (Windows - 1998),4.43,7
Total Concentration (Windows - 1999),0.00,0
Towers II: Plight of the Stargazer (Windows - 1996),3.00,3
Toy Story 2 Activity Centre (Windows - 1999),1.00,1
Trailer Park Tycoon (Windows - 2002),1.00,1
Trishow (Windows - 1998),5.00,1
Tromaball (Windows - 2000),0.00,0
True Love (Windows - 1995),3.57,7
Turok 2: Seeds of Evil (Windows - 1999),4.14,7
Turok: Dinosaur Hunter (Windows - 1997),4.20,5
Turok: Evolution (Windows - 2003),4.56,9
Twisted Metal (Windows - 1996),5.00,1
Twisted Metal 2 (Windows - 1997),5.00,2
Type To Learn 3 (Windows - 2002),5.00,2
Under Pressure & Pressure Drop (Windows - 1996),4.50,2
Universal Combat (Windows - 2004),4.89,9
Uprising 2: Lead and Destroy (Windows - 1998),3.63,8
Uprising: Join or Die (Windows - 1997),5.00,3
Urban Assault (Windows - 1998),5.00,4
Urban Chaos (Windows - 1999),4.89,9
V-Rally: Edition 99 (Windows - 1999),4.64,11
Venom • Spider-Man: Separation Anxiety (Windows - 1995),0.00,0
Viper Racing (Windows - 1998),4.50,10
Virtual Pool 2 (Windows - 1997),4.00,2
Virtual Pool 3 (Windows - 2001),5.00,2
Virtual Seoul (Windows - 1999),0.00,0
Virtual Valerie 2 (Windows - 1994),4.82,11
Virus: The Game (Windows - 1997),4.00,1
Wallace & Gromit in Project Zoo (Windows - 2003),0.00,0
War Drones (Windows - 1998),4.50,2
War Wind (Windows - 1996),4.45,11
War Wind II: Human Onslaught (Windows - 1997),5.00,9
Wargasm (Windows - 1998),4.17,6
"Warhammer 40,000: Chaos Gate (Windows - 1998)",4.52,31
"Warhammer 40,000: Fire Warrior (Windows - 2003)",0.00,0
"Warhammer 40,000: Rites of War (Windows - 1999)",4.94,18
Warhammer: Dark Omen (Windows - 1998),4.45,63
Warlords III: Darklords Rising (Windows - 1998),4.73,15
Warlords III: Reign of Heroes (Windows - 1997),5.00,14
Warzone 2100 (Windows - 1999),4.57,7
Wet Attack: The Empire Cums Back (Windows - 1999),0.00,0
What Linus Bruckman Sees When His Eyes Are Closed (Windows - 2005),5.00,1
Who Killed Brett Penance?: The Environmental Surfer (Windows - 1995),0.00,0
Who Killed Taylor French?: The Case of the Undressed Reporter (Windows - 1995),0.00,0
Wild Metal Country (Windows - 1999),4.62,16
WinBrick 2000 (Windows - 2000),5.00,2
WinBrick 96 (Windows - 1995),5.00,2
Wings over Europe: Cold War Gone Hot (Windows - 2006),4.50,2
Wings over Vietnam (Windows - 2004),0.00,0
Wizards & Warriors (Windows - 2000),0.00,0
Worms 2 (Windows - 1997),4.71,113
Worms Breakout (Windows - 2003),5.00,2
Worms Breakout 2 (Windows - 2005),4.43,7
Xianjian Qixia Zhuan (Windows - 1995),4.75,4
Yami No Romance (Windows - 2001),0.00,0
Yu-Gi-Oh! Power of Chaos: Joey the Passion (Windows - 2004),5.00,2
Yu-Gi-Oh! Power of Chaos: Kaiba the Revenge (Windows - 2004),4.14,7
Yu-Gi-Oh! Power of Chaos: Yugi the Destiny (Windows - 2003),4.57,7
Yume Miru Kusuri: A Drug That Makes You Dream (Windows - 2007),4.50,2
Zeek The Geek Part One (Windows - 2000),4.64,39
Zeek The Geek Part Two (Windows - 2000),4.40,60
Zoo Tycoon (Windows - 2001),4.48,60
Zork: The Undiscovered Underground (Windows - 1997),5.00,1
