Title,Average Rating,Number of Ratings
"Air Duel: 80 Years of Dogfighting (DOS, Amiga - 1993)",4.54,31
Battle Cruiser (C64 - 1987),4.00,1
Blue Baron (C64 - 1992),4.00,1
"Blue Max (Atari 8-bit, C64 - 1983)",5.00,1
"Blue Max: Aces of the Great War (DOS, Amiga, Atari ST - 1990)",4.25,8
"Dawn Patrol (DOS, Amiga - 1994)",4.50,6
"Deep Strike (Amstrad CPC, C64 - 1986)",4.00,1
Dogfight (Amiga - 1990),0.00,0
"Dreadnoughts (DOS, Amiga, Atari ST - 1992)",5.00,4
"Eagles (Apple II, Atari 8-bit, C64 - 1983)",4.00,1
Fields of Battle (Amiga - 1995),4.00,1
Flying Ace (Atari 8-bit - 1983),4.00,1
Grand Fleet (DOS - 1988),3.88,8
"Halls of Montezuma: A Battle History of the United States Marine Corps (DOS, Amiga, C64 - 1990)",4.50,10
"Knights of the Sky (DOS, Amiga, Atari ST - 1990)",4.29,25
"Powermonger: World War I Edition (Amiga, Atari ST - 1991)",5.00,5
"Red Baron (DOS, Amiga, Mac - 1990)",4.82,45
Red Baron: Mission Builder (DOS - 1992),5.00,5
"Scenario: Theatre of War (DOS, C64 - 1992)",4.33,6
Sky Kid (NES - 1986),5.00,1
Sopwith (DOS - 1984),5.00,5
Sopwith (DOS - 1985),5.00,3
"The Ancient Art of War in the Skies (DOS, Amiga, Atari ST - 1992)",4.38,13
"The Great War: 1914 - 1918 (DOS, Amiga - 1993)",4.59,41
The Last Express (Mac - 1997),3.00,4
The Young Indiana Jones Chronicles (NES - 1992),0.00,0
War Eagles (DOS - 1989),4.29,7
Wargame Construction Set II: TANKS! (DOS - 1994),4.33,16
Wings (Amiga - 1990),5.00,11
Wings 2: Aces High (SNES - 1992),5.00,1
World War I (ZX Spectrum - 1987),5.00,2
