Title,Average Rating,Number of Ratings
'43 - One Year After (C64 - 1986),3.90,10
'Allo 'Allo! Cartoon Fun! (Amiga - 1993),4.24,17
"1942 (Amstrad CPC, C64, Game Boy Color, MSX, NES, PC-88, ZX Spectrum - 1986)",4.33,6
1942: The Pacific Air War (DOS - 1994),4.31,107
1942: The Pacific Air War Scenario (DOS - 1995),4.22,14
"1943: The Battle of Midway (Amiga, Amstrad CPC, Atari ST, C64, NES, ZX Spectrum - 1988)",4.38,13
"50 Mission Crush (DOS, Apple II, Atari 8-bit, C64 - 1986)",2.78,10
"Ace of Aces (DOS, Amstrad CPC, Atari 8-bit, C64, MSX - 1987)",4.17,12
Aces of the Deep (DOS - 1994),4.28,46
Aces of the Deep: Expansion Disk (DOS - 1995),3.25,4
Aces of the Pacific (DOS - 1992),4.48,31
Aces of the Pacific: Expansion Disk - WWII: 1946 (DOS - 1992),4.26,19
Aces Over Europe (DOS - 1993),4.50,22
Achtung Spitfire (Mac - 1997),4.63,8
Across the Rhine (DOS - 1995),3.97,29
Action in The North Atlantic (DOS - 1989),3.80,5
"Action Stations! (DOS, Amiga - 1991)",4.62,13
"Admiral Graf Spee (Amstrad CPC, C64 - 1984)",3.00,2
Advanced Daisenryaku: Doitsu Dengeki Sakusen (Genesis - 1991),0.00,0
"Advanced Destroyer Simulator (DOS, Amiga, Amstrad CPC, Atari ST - 1990)",4.70,10
African Desert Campaign (DOS - 1986),3.00,3
Afrika Korps (Atari ST - 1991),0.00,0
"Air Duel: 80 Years of Dogfighting (DOS, Amiga - 1993)",4.54,31
"Air Warrior (DOS, Amiga, Mac, Atari ST - 1992)",4.28,11
"Allied General (Windows, Mac - 1995)",4.32,22
Ardeny (DOS - 1994),5.00,1
Ardeny 1944 (Atari 8-bit - 1995),0.00,0
"Arnhem: The 'Market Garden' Operation (DOS, Amiga - 1988)",4.71,11
Atlantic Patrol (C64 - 1982),4.00,1
Avalanche: The Struggle for Italy (Amstrad CPC - 1991),5.00,3
Axis & Allies (Windows - 1998),5.00,3
Axis & Allies (Windows - 2004),0.00,0
"B-17 Flying Fortress (DOS, Amiga, Atari ST - 1992)",4.65,84
"B-24 (DOS, Apple II, C64 - 1987)",4.00,5
Battle Cruiser (C64 - 1987),4.00,1
"Battle for Midway (Amstrad CPC, C64 - 1985)",4.33,3
"Battle for Normandy (DOS, Apple II, Atari 8-bit, C64 - 1983)",4.17,6
"Battle Group (Apple II, C64 - 1986)",4.00,1
"Battle of Britain (Amstrad CPC, C64 - 1985)",3.80,5
Battlefield 1942 (Windows - 2002),4.61,152
"Battlefront (Apple II, C64 - 1986)",4.00,2
"Battlehawks 1942 (DOS, Amiga, Atari ST - 1988)",4.20,10
"Battles in Normandy (Apple II, C64 - 1987)",3.67,3
Bazooka Bill (C64 - 1985),4.00,1
"Beach-Head (Amstrad CPC, Apple II, Atari 8-bit, C64 - 1984)",5.00,4
"Beyond Castle Wolfenstein (DOS, Apple II, Atari 8-bit, C64 - 1985)",4.35,32
"Bismarck (Amiga, Apple II, Atari 8-bit, Atari ST, C64 - 1988)",0.00,0
"Blitzkrieg at the Ardennes (DOS, Amiga - 1990)",4.25,12
BloodRayne (Mac - 2003),4.42,24
"Breakthrough in the Ardennes (Apple II, Atari 8-bit, C64 - 1983)",0.00,0
Call to Arms (DOS - 1982),3.80,5
"Campaign (DOS, Amiga, Atari ST - 1992)",4.10,10
Campaign: From North Africa to Northern Europe (Amiga - 1993),5.00,1
"Carrier Force (Apple II, C64 - 1983)",5.00,2
Carrier Strike: South Pacific 1942-44 (DOS - 1992),4.39,18
"Carriers at War (DOS, Mac - 1992)",4.16,19
Carriers at War 1941-1945: Fleet Carrier Operations in the Pacific (C64 - 1984),5.00,2
Carriers at War II (DOS - 1993),4.31,19
"Castle Wolfenstein (DOS, Atari 8-bit, C64 - 1984)",4.45,73
Chuck Yeager's Air Combat (DOS - 1991),4.55,46
"Clash of Steel: World War II, Europe 1939-45 (DOS - 1993)",4.51,22
Close Assault (Apple II - 1982),3.00,1
"Close Combat (Windows, Mac - 1996)",5.00,9
Close Combat III: The Russian Front (Windows - 1999),4.91,11
"Close Combat: A Bridge Too Far (Windows, Mac - 1997)",4.65,17
Close Combat: The Battle of the Bulge (Windows - 1999),4.67,6
"Combat Leader (Atari 8-bit, C64 - 1983)",5.00,1
Computer Air Combat (Apple II - 1980),4.00,1
"Computer Ambush (Apple II, Atari 8-bit, C64 - 1985)",3.50,2
Computer Bismarck (Apple II - 1980),0.00,0
Crete 1941: Fallschirmjager (Amstrad CPC - 1990),4.00,1
"Crusade in Europe (DOS, Apple II, Atari 8-bit, C64 - 1985)",4.30,17
"D-Day (DOS, Amiga, Amstrad CPC, Atari ST - 1992)",4.64,14
"D-Day: America Invades (DOS, Mac - 1995)",4.62,7
"D-Day: The Beginning of the End (DOS, Amiga - 1994)",4.50,8
"Das Boot: German U-Boat Simulation (DOS, Amiga - 1990)",3.94,17
"Decision in the Desert (DOS, Apple II, Atari 8-bit, C64 - 1985)",4.27,11
"Deep Strike (Amstrad CPC, C64 - 1986)",4.00,1
Desert Commander (NES - 1988),5.00,2
"Desert Fox (Amstrad CPC, C64 - 1986)",4.50,2
"Desert Rats: The North Africa Campaign (DOS, Amstrad CPC - 1988)",4.88,8
"Destroyer (DOS, Amiga, Apple II, Apple IIgs, C64 - 1987)",4.20,5
"Dive Bomber (DOS, Amstrad CPC, Apple II, Atari ST, C64 - 1988)",4.25,8
"Dnieper River Line (Apple II, Atari 8-bit, C64 - 1982)",5.00,2
Do 335 Pfeil Tour of Duty (DOS - 1992),3.00,3
"Dreadnoughts (Apple II, C64 - 1984)",5.00,2
Eastern Front (1941) (Atari 8-bit - 1981),0.00,0
"Empire Deluxe (DOS, Mac - 1993)",4.16,19
Escape from Colditz (Amiga - 1991),5.00,3
"Europe Ablaze (Apple II, C64 - 1985)",5.00,2
European Air War (Windows - 1998),4.46,13
Fathom's 40 (PC-88 - 1984),3.00,2
"Field of Fire (Apple II, Atari 8-bit, C64 - 1984)",5.00,2
Fighter Command: The Battle of Britain (C64 - 1985),4.25,4
Fighter Duel (DOS - 1995),4.60,5
Fighting Steel: World War II Surface Combat 1939-1942 (Windows - 1999),0.00,0
Fire Mustang (Genesis - 1991),0.00,0
"Fire-Brigade: The Battle for Kiev - 1943 (DOS, Amiga, Mac, Atari ST - 1988)",4.70,10
"First Over Germany (DOS, C64 - 1989)",5.00,4
"Frontline (Amiga, Atari ST - 1990)",4.50,2
Gary Grigsby's Pacific War (DOS - 1992),4.35,23
Gary Grigsby's War in Russia (DOS - 1993),4.83,6
"Gato (DOS, Mac, Apple II, Atari 8-bit, Atari ST - 1984)",4.40,25
Great Naval Battles Vol. II: Guadalcanal 1942-43 (DOS - 1994),4.50,10
"Great Naval Battles Vol. III: Fury in the Pacific, 1941-44 (DOS - 1995)",4.21,14
"Great Naval Battles Vol. IV: Burning Steel, 1939-1942 (DOS - 1995)",4.47,19
Great Naval Battles: North Atlantic 1939-43 (DOS - 1992),4.57,28
"Guadalcanal (Amstrad CPC, C64 - 1987)",5.00,3
Guadalcanal Campaign (Apple II - 1982),4.00,1
"Guderian (Apple II, Atari 8-bit, C64 - 1986)",5.00,1
"Halls of Montezuma: A Battle History of the United States Marine Corps (DOS, Amiga, C64 - 1990)",4.50,10
"Hans Kloss (Atari 8-bit, C64 - 1992)",0.00,0
Hearts of Iron (Mac - 2003),4.25,12
"Hellcat Ace (DOS, Atari 8-bit, C64 - 1984)",4.11,9
Hellcats Over the Pacific (Mac - 1991),5.00,7
Hidden & Dangerous Deluxe (Windows - 2002),4.76,21
High Command: Europe 1939-'45 (DOS - 1992),4.33,12
"HMS Cobra: Convois pour Mourmansk (Amstrad CPC, Atari ST - 1986)",0.00,0
"Into The Eagle's Nest (DOS, Amiga, Amstrad CPC, Atari 8-bit, Atari ST, C64, ZX Spectrum - 1987)",4.13,8
Iron Cross (DOS - 1994),3.00,2
Iron Tank: The Invasion of Normandy (NES - 1988),5.00,1
"Iwo Jima (C64, ZX Spectrum - 1986)",4.50,2
Jagdstaffel (Atari 8-bit - 1980),0.00,0
Kampania wrześniowa (Atari 8-bit - 1993),0.00,0
"Kampfgruppe (DOS, Amiga, Apple II, C64 - 1987)",5.00,1
"Knights of the Desert (DOS, C64 - 1983)",4.25,4
"Lancaster (Amiga, Atari ST - 1989)",4.00,1
London Blitz (C64 - 1984),5.00,2
"Malta Storm (DOS, Amiga - 1989)",3.50,4
Microsoft Combat Flight Simulator 2: WW II Pacific Theater (Windows - 2000),4.73,11
Microsoft Combat Flight Simulator: WWII Europe Series (Windows - 1998),4.50,20
"Midway Campaign (DOS, Apple II, C64, VIC-20 - 1983)",4.42,12
Midway: The Battle that Doomed Japan (DOS - 1989),5.00,3
Mission 2: Return to Danger - Accessory Game for Spear of Destiny (DOS - 1994),4.93,15
Mission 3: Ultimate Challenge - Accessory Game for Spear of Destiny (DOS - 1994),4.87,15
"North Atlantic Convoy Raider (Apple II, C64 - 1980)",3.67,3
Objective: Kursk (Apple II - 1984),0.00,0
Operation Apocalypse (Apple II - 1981),4.50,2
"Operation Crusader (DOS, Mac - 1994)",4.60,10
"Operation Europe: Path to Victory 1939-45 (DOS, Genesis, NES, PC-88, SNES - 1994)",4.45,20
Operation Iceberg: The Battle for Okinawa (C64 - 1986),4.00,2
"Operation Market Garden: Drive on Arnhem, September 1944 (DOS, Atari 8-bit, C64 - 1985)",4.75,4
"Operation Whirlwind (Atari 8-bit, C64 - 1983)",4.00,1
Out of the Sun (Mac - 1994),5.00,2
Over the Reich (Mac - 1996),4.67,6
Overlord (DOS - 1994),4.67,12
"P.T.O.: Pacific Theater of Operations (Genesis, PC-88, SNES - 1992)",4.50,4
"P47 Thunderbolt (DOS, Amiga, Amstrad CPC, Atari ST, C64 - 1990)",4.00,5
Pacific Strike (DOS - 1994),4.77,15
Pacific Strike: Speech Pack (DOS - 1994),4.29,7
Panthers in the Shadows (DOS - 1995),4.80,5
"Panzer Battles (DOS, Amiga, C64 - 1990)",4.40,5
"Panzer General (DOS, Windows, Mac - 1994)",4.44,78
Panzer General III: Scorched Earth (Windows - 2000),0.00,0
"Panzer Grenadier (Apple II, Atari 8-bit, C64 - 1985)",0.00,0
Panzer Strike! (C64 - 1987),0.00,0
Panzer-Jagd (C64 - 1983),0.00,0
Panzers East! (C64 - 1984),0.00,0
"Patton Strikes Back: The Battle of the Bulge (DOS, Mac - 1991)",4.75,16
"Patton vs. Rommel (DOS, C64 - 1987)",4.67,9
Pearl Harbour (DOS - 1988),5.00,1
Pearl Harbour (Amstrad CPC - 1985),5.00,1
"Pegasus Bridge (Amstrad CPC, C64 - 1987)",4.50,4
Power at Sea (C64 - 1987),5.00,3
"PT-109 (DOS, Mac - 1987)",4.59,12
Pursuit of the Graf Spee (Apple II - 1982),4.00,1
"Reach for the Skies (Amiga, Atari ST - 1993)",4.20,5
Rescue Raiders (Apple II - 1984),5.00,5
Return to Castle Wolfenstein (Windows - 2001),5.00,1
Road to Moscow (C64 - 1984),5.00,1
"Rocket Ranger (DOS, Amiga, Apple IIgs, Atari ST, C64, NES - 1988)",4.33,27
Rommel: Battles for North Africa (C64 - 1988),5.00,1
Russia: The Great War in the East 1941-1945 (C64 - 1987),5.00,3
Russian Front II: The Kursk Campaign (DOS - 1990),3.00,2
"Sands of Fire (DOS, Mac - 1990)",3.50,2
Search and Destroy (DOS - 1987),4.00,4
"Second Front: Germany Turns East (DOS, Amiga - 1990)",4.09,11
Secret Weapons of the Luftwaffe (DOS - 1991),5.00,7
"Sherman M4 (DOS, Amiga, Amstrad CPC, Atari ST - 1989)",5.00,12
Silent Hunter (DOS - 1996),4.23,93
"Silent Service (DOS, Amiga, Amstrad CPC, Apple II, Apple IIgs, Atari 8-bit, Atari ST, C64, NES - 1985)",4.67,36
"Silent Service II (DOS, Amiga, Atari ST - 1990)",4.37,62
Sky Destroyer (NES - 1985),0.00,0
Spear End of Destiny (DOS - 2004),5.00,1
Spear of Destiny (DOS - 1992),4.55,120
"Special Operations (Amstrad CPC, C64 - 1984)",4.00,1
"Spitfire (Amstrad CPC, C64 - 1989)",4.00,1
"Spitfire '40 (Amstrad CPC, Atari 8-bit, C64 - 1986)",4.00,1
"Spitfire Ace (DOS, Atari 8-bit, C64 - 1984)",5.00,4
Stalag 1 (C64 - 1984),0.00,0
Steel Panthers (DOS - 1995),4.75,12
"Storm Across Europe (DOS, Amiga, C64 - 1990)",4.73,11
"Stuart Smith's Adventure Construction Set (DOS, C64 - 1987)",4.00,9
"Sub Battle Simulator (DOS, Amiga, Mac, Apple IIgs, Atari ST, C64 - 1987)",4.35,17
"TAC: Tactical Armor Command (Atari 8-bit, C64 - 1983)",3.00,1
Tanktics (Apple II - 1981),3.00,1
Task Force 1942 (DOS - 1992),4.63,36
"The Battle of the Bulge: Tigers in the Snow (DOS, Apple II, C64 - 1982)",3.80,5
The Bulge: Battle for Antwerp (C64 - 1985),4.33,3
"The Dam Busters (DOS, Amstrad CPC, Apple II, ColecoVision, C64 - 1985)",4.80,10
"The Great Escape (DOS, Amstrad CPC, C64 - 1987)",4.20,10
The Heroes of the 357th (DOS - 1992),4.57,7
"The Perfect General Scenario Disk: World War II Battle Set (DOS, Amiga - 1991)",5.00,4
The Pure Wargame (DOS - 1995),4.20,5
"The Train: Escape to Normandy (DOS, Amstrad CPC, C64 - 1988)",5.00,8
"Their Finest Hour: The Battle of Britain (DOS, Amiga, Atari ST - 1989)",4.38,13
"Third Reich (Amiga, Atari ST - 1992)",0.00,0
"Tobruk: The Clash of Armour (Amstrad CPC, C64 - 1987)",4.00,2
Torpedo Fire (Apple II - 1981),4.00,1
"Typhoon of Steel (DOS, Amiga, C64 - 1991)",5.00,3
"U.S.A.A.F. - United States Army Air Force (Apple II, Atari 8-bit - 1985)",5.00,1
"UMS II: Nations at War (DOS, Amiga, Mac, Atari ST - 1991)",4.50,4
"Under Fire! (DOS, Apple II, C64 - 1988)",4.25,8
Up Periscope (Dragon 32/64 - 1983),0.00,0
"Up Periscope! (DOS, C64 - 1988)",4.06,16
V for Victory: Battleset 1 - D-Day Utah Beach - 1944 (DOS - 1991),4.91,11
V for Victory: Gold-Juno-Sword (DOS - 1993),4.70,10
V for Victory: Market Garden (DOS - 1993),4.31,13
V for Victory: Velikiye Luki (DOS - 1992),4.50,8
"Vulcan: The Tunisian Campaign (DOS, Amiga, Amstrad CPC, Atari ST - 1988)",5.00,7
Walker (Amiga - 1993),5.00,1
"War in Russia (Apple II, Atari 8-bit - 1984)",0.00,0
War in the South Pacific (C64 - 1986),5.00,3
Wargame Construction Set II: TANKS! (DOS - 1994),4.33,16
"Warship (DOS, Apple II, Atari ST, C64 - 1988)",5.00,4
Western Front: The Liberation of Europe 1944-1945 (DOS - 1991),4.54,11
"White Death (DOS, Amiga - 1990)",3.50,4
"Wings of Fury (DOS, Amiga, Amstrad CPC, Apple II, C64 - 1989)",4.65,23
Wolfenstein 3D (DOS - 1992),4.25,1486
"Wolfenstein 3D (Mac, Apple IIgs - 1995)",4.47,36
Wolfenstein 3D Super Upgrades (DOS - 1994),3.33,24
"Wolfpack (DOS, Amiga, Mac, Atari ST - 1990)",4.80,20
World at War: Volume II - Stalingrad (DOS - 1995),4.22,9
World War II: Battles of the South Pacific (DOS - 1993),4.89,9
"Wulfpack (C64, ZX Spectrum - 1988)",0.00,0
WW2 Air Force Commander (DOS - 1993),4.33,6
