Title,Average Rating,Number of Ratings
007: Licence to Kill (ZX Spectrum - 1989),4.00,45
10 Computer Hits (ZX Spectrum - 1985),4.00,5
10 Computer Hits 2 (ZX Spectrum - 1986),2.00,1
10 Computer Hits 3 (ZX Spectrum - 1987),5.00,1
10 Computer Hits 4 (ZX Spectrum - 1987),4.50,4
10 Computer Hits: Volume Five (ZX Spectrum - 1989),5.00,1
10 Great Games 3 (ZX Spectrum - 1988),0.00,0
10 Great Games II (ZX Spectrum - 1988),5.00,1
10 Mega Games: Volume-One (ZX Spectrum - 1989),0.00,0
10 Mega Hits (ZX Spectrum - 1985),0.00,0
100% Dynamite (ZX Spectrum - 1990),5.00,1
10th Frame (ZX Spectrum - 1986),3.79,19
19 Part 1: Boot Camp (ZX Spectrum - 1988),4.33,3
1942 (ZX Spectrum - 1986),4.33,6
1943: The Battle of Midway (ZX Spectrum - 1988),4.38,13
1984: A Game of Government Management (ZX Spectrum - 1984),4.33,9
1985: The Day After (ZX Spectrum - 1985),4.67,3
1994 (Ten Years After) (ZX Spectrum - 1983),1.00,1
1999 (ZX Spectrum - 1987),0.00,0
1st Division Manager (ZX Spectrum - 1991),3.40,5
2 Player Soccer Squad (ZX Spectrum - 1991),3.00,3
20 Chart Busters (ZX Spectrum - 1988),0.00,0
2088 (ZX Spectrum - 1988),0.00,0
3 Deep Space (ZX Spectrum - 1983),5.00,1
3-D Monster Chase (ZX Spectrum - 1983),4.00,1
3D Bat Attack (ZX Spectrum - 1984),0.00,0
3D Defence (ZX Spectrum - 1987),0.00,0
3D Desert Patrol (ZX Spectrum - 1983),5.00,1
3D Lunattack (ZX Spectrum - 1984),0.00,0
3D Seiddab Attack (ZX Spectrum - 1984),4.00,1
3D Space Wars (ZX Spectrum - 1983),3.00,1
3D Starstrike (ZX Spectrum - 1984),4.00,2
3D Stock Car Championship (ZX Spectrum - 1988),0.00,0
3D Tank Duel (ZX Spectrum - 1984),0.00,0
3D Tanx (ZX Spectrum - 1982),0.00,0
3D Tunnel (ZX Spectrum - 1983),0.00,0
3D-Interceptor (ZX Spectrum - 1984),0.00,0
3D-Pinball (ZX Spectrum - 1989),5.00,1
Freedom Fighter (ZX Spectrum - 1986),0.00,0
I'm in Shock (ZX Spectrum - 1984),0.00,0
"I, Ball (ZX Spectrum - 1987)",0.00,0
I.C.U.P.S. (ZX Spectrum - 1986),0.00,0
Ian Fleming's James Bond 007 in Live and Let Die: The Computer Game (ZX Spectrum - 1988),5.00,1
Icarus (ZX Spectrum - 1989),3.00,1
Ice Station Zero (ZX Spectrum - 1985),0.00,0
Ikari Warriors (ZX Spectrum - 1988),4.30,17
Ikari Warriors II: Victory Road (ZX Spectrum - 1988),3.88,8
Imagination (ZX Spectrum - 1987),0.00,0
Implosion (ZX Spectrum - 1987),0.00,0
Impossaball (ZX Spectrum - 1987),0.00,0
Impossamole (ZX Spectrum - 1990),4.00,2
Impossible Mission (ZX Spectrum - 1985),4.00,2
Impossible Mission II (ZX Spectrum - 1988),4.20,39
Incredible Shrinking Fireman (ZX Spectrum - 1985),0.00,0
Incredible Shrinking Sphere (ZX Spectrum - 1989),4.00,1
Indiana Jones and The Fate of Atlantis: The Action Game (ZX Spectrum - 1992),4.00,4
Indiana Jones and The Last Crusade: The Action Game (ZX Spectrum - 1989),4.07,15
Indiana Jones and The Temple of Doom (ZX Spectrum - 1987),4.10,10
Indoor Soccer (ZX Spectrum - 1986),0.00,0
Infiltrator (ZX Spectrum - 1986),5.00,6
Ingrid's Back! (ZX Spectrum - 1988),5.00,3
Insector Hecti in the Inter Change (ZX Spectrum - 1991),0.00,0
Inspector Gadget and the Circus of !!Fear!! (ZX Spectrum - 1987),2.00,1
Intensity (ZX Spectrum - 1988),0.00,0
International 3D Tennis (ZX Spectrum - 1990),0.00,0
International 5-A-Side (ZX Spectrum - 1992),0.00,0
International Football (ZX Spectrum - 1989),0.00,0
International Manager (ZX Spectrum - 1986),0.00,0
International Ninja Rabbits (ZX Spectrum - 1991),4.00,3
International Rugby Simulator (ZX Spectrum - 1988),0.00,0
International Speedway (ZX Spectrum - 1988),0.00,0
International Tennis (ZX Spectrum - 1992),4.50,6
Into The Eagle's Nest (ZX Spectrum - 1987),4.13,8
Invaders (ZX Spectrum - 1982),5.00,1
Invasion Force (ZX Spectrum - 1982),0.00,0
Iron Lord (ZX Spectrum - 1989),4.25,8
It's a Knockout (ZX Spectrum - 1986),5.00,1
Ivan 'Ironman' Stewart's Super Off Road (ZX Spectrum - 1990),4.55,50
Iwo Jima (ZX Spectrum - 1986),4.50,2
Jabato (ZX Spectrum - 1989),5.00,2
Jack and the Beanstalk (ZX Spectrum - 1984),3.00,1
Jack Charlton's Match Fishing (ZX Spectrum - 1985),0.00,0
Jack the Nipper (ZX Spectrum - 1986),0.00,0
Jack the Nipper... II in Coconut Capers (ZX Spectrum - 1987),4.00,1
Ten Great Games (ZX Spectrum - 1988),0.00,0
The Ice Temple (ZX Spectrum - 1986),3.00,1
The Inheritance: Panic in Las Vegas (ZX Spectrum - 1987),0.00,0
The Trap Door (ZX Spectrum - 1986),5.00,1
The Tube (ZX Spectrum - 1987),0.00,0
The Unorthodox Engineers: The Pen and the Dark (ZX Spectrum - 1984),0.00,0
The Untouchables (ZX Spectrum - 1989),5.00,1
The Valley (ZX Spectrum - 1982),0.00,0
The Very Big Cave Adventure (ZX Spectrum - 1986),3.00,1
The Warlock of Firetop Mountain (ZX Spectrum - 1984),0.00,0
The Way of the Tiger (ZX Spectrum - 1986),0.00,0
The White Barrows (ZX Spectrum - 1983),0.00,0
The Wild Bunch (ZX Spectrum - 1984),4.00,1
The Witch's Cauldron (ZX Spectrum - 1985),3.00,1
Transversion (ZX Spectrum - 1984),0.00,0
Transylvanian Tower (ZX Spectrum - 1982),0.00,0
Trantor the Last Stormtrooper (ZX Spectrum - 1987),5.00,3
Tranz Am (ZX Spectrum - 1983),0.00,0
Trap (ZX Spectrum - 1987),3.00,1
Trashman (ZX Spectrum - 1984),3.00,1
Traxx (ZX Spectrum - 1983),0.00,0
TRAZ (ZX Spectrum - 1989),5.00,2
Treasure Hunt (ZX Spectrum - 1986),4.00,1
Treasure Island (ZX Spectrum - 1984),5.00,2
Treasure Island Dizzy (ZX Spectrum - 1988),5.00,2
Tremor (ZX Spectrum - 1986),0.00,0
Trevor Brooking's World Cup Glory (ZX Spectrum - 1990),0.00,0
Triaxos (ZX Spectrum - 1987),0.00,0
Trigger (ZX Spectrum - 1989),5.00,2
Trivial Pursuit (ZX Spectrum - 1986),3.60,5
Trivial Pursuit: A New Beginning (ZX Spectrum - 1988),2.00,1
Trivial Pursuit: Baby Boomer Edition (ZX Spectrum - 1987),0.00,0
Trivial Pursuit: Young Players Edition (ZX Spectrum - 1987),4.00,1
Troll (ZX Spectrum - 1988),0.00,0
Trouble at Bridgeton (ZX Spectrum - 1991),0.00,0
TT Racer (ZX Spectrum - 1986),0.00,0
Tuareg (ZX Spectrum - 1988),5.00,1
Turbo Boat Simulator (ZX Spectrum - 1988),0.00,0
Turbo Cup (ZX Spectrum - 1989),5.00,6
Turbo Esprit (ZX Spectrum - 1986),0.00,0
Turbo Girl (ZX Spectrum - 1988),0.00,0
Turbo Kart Racer (ZX Spectrum - 1991),0.00,0
Turbo Out Run (ZX Spectrum - 1989),4.79,14
Turbo the Tortoise (ZX Spectrum - 1992),4.50,2
Turmoil (ZX Spectrum - 1984),0.00,0
Turrican (ZX Spectrum - 1990),4.50,4
Turrican II: The Final Fight (ZX Spectrum - 1991),4.45,44
Tusker (ZX Spectrum - 1989),3.50,2
Twice Shy (ZX Spectrum - 1986),0.00,0
Twin Kingdom Valley (ZX Spectrum - 1984),5.00,1
Twin Turbo V8 (ZX Spectrum - 1989),0.00,0
Twister: Mother of Charlotte (ZX Spectrum - 1986),0.00,0
Type-Rope (ZX Spectrum - 1985),0.00,0
Tyrant of Athens (ZX Spectrum - 1982),0.00,0
U.N. Squadron (ZX Spectrum - 1990),4.00,3
Uchi Mata (ZX Spectrum - 1987),0.00,0
UCM: Ultimate Combat Mission (ZX Spectrum - 1987),0.00,0
Ugh! (ZX Spectrum - 1984),3.00,1
Ulises (ZX Spectrum - 1989),4.67,3
Ultima Ratio (ZX Spectrum - 1987),0.00,0
Underground (ZX Spectrum - 1988),0.00,0
Underwurlde (ZX Spectrum - 1984),0.00,0
Universal Hero (ZX Spectrum - 1986),0.00,0
Urban Upstart (ZX Spectrum - 1983),5.00,1
Uridium (ZX Spectrum - 1986),4.75,4
V (ZX Spectrum - 1986),0.00,0
Vagan Attack (ZX Spectrum - 1984),0.00,0
Valhalla (ZX Spectrum - 1983),4.67,3
Valkyrie 17 (ZX Spectrum - 1984),0.00,0
Vampire (ZX Spectrum - 1986),0.00,0
Vampire Killer (ZX Spectrum - 1984),0.00,0
Vampire's Empire (ZX Spectrum - 1988),2.00,2
Vectorball (ZX Spectrum - 1988),0.00,0
Vegas Jackpot (ZX Spectrum - 1984),4.50,2
Velnor's Lair (ZX Spectrum - 1983),0.00,0
Vendetta (ZX Spectrum - 1990),5.00,2
Venom (ZX Spectrum - 1988),4.00,2
Vera Cruz (ZX Spectrum - 1986),5.00,1
Viaje Al Centro De La Tierra (ZX Spectrum - 1989),3.00,2
Video Card Arcade (ZX Spectrum - 1988),0.00,0
Video Olympics (ZX Spectrum - 1984),0.00,0
Vigilante (ZX Spectrum - 1989),5.00,2
Vindicators (ZX Spectrum - 1989),1.00,1
Virus (ZX Spectrum - 1988),3.78,9
Vixen (ZX Spectrum - 1988),4.40,5
Viz: The Game (ZX Spectrum - 1991),4.29,7
Voidrunner (ZX Spectrum - 1987),0.00,0
Volcanic Dungeon (ZX Spectrum - 1983),0.00,0
Voyage into the Unknown (ZX Spectrum - 1984),0.00,0
W.A.R (ZX Spectrum - 1986),0.00,0
Wacky Darts (ZX Spectrum - 1990),1.50,2
Wacky Races (ZX Spectrum - 1992),3.00,1
Wanderer (ZX Spectrum - 1989),3.00,1
Wanted (ZX Spectrum - 1990),4.00,3
Wanted: Monty Mole (ZX Spectrum - 1984),0.00,0
War 70 (ZX Spectrum - 1983),4.00,1
War Cars Construction Set (ZX Spectrum - 1987),0.00,0
War Machine (ZX Spectrum - 1989),1.00,1
War Zone (ZX Spectrum - 1984),4.00,1
Warlord (ZX Spectrum - 1985),4.00,1
Warlord (ZX Spectrum - 1982),5.00,1
Waterloo (ZX Spectrum - 1985),0.00,0
Waxworks (ZX Spectrum - 1983),0.00,0
WEC Le Mans (ZX Spectrum - 1988),5.00,1
Weetabix Versus the Titchies (ZX Spectrum - 1984),0.00,0
Wells & Fargo (ZX Spectrum - 1988),5.00,1
Welltris (ZX Spectrum - 1991),3.84,19
Wembley Greyhounds (ZX Spectrum - 1988),0.00,0
Werewolf Simulator (ZX Spectrum - 1988),0.00,0
Werewolves of London (ZX Spectrum - 1988),0.00,0
West Bank (ZX Spectrum - 1985),3.00,1
Wheelie (ZX Spectrum - 1983),0.00,0
Where Time Stood Still (ZX Spectrum - 1988),4.80,5
Who Dares Wins II (ZX Spectrum - 1986),5.00,1
Who Said That? (ZX Spectrum - 1987),0.00,0
Whopper Chase (ZX Spectrum - 1987),0.00,0
Wibstars (ZX Spectrum - 1986),0.00,0
Wiking (ZX Spectrum - 1987),0.00,0
Wild Streets (ZX Spectrum - 1990),4.14,7
Wild West Seymour (ZX Spectrum - 1992),0.00,0
Willow Pattern (ZX Spectrum - 1985),0.00,0
Winged Avenger (ZX Spectrum - 1982),0.00,0
Winter Challenge: World Class Competition (ZX Spectrum - 1988),4.29,7
Winter Games (ZX Spectrum - 1986),4.44,16
Winter Sports (ZX Spectrum - 1985),0.00,0
Winter Wonderland (ZX Spectrum - 1986),5.00,1
Witch Hunt (ZX Spectrum - 1987),0.00,0
Wiz (ZX Spectrum - 1987),3.00,1
Wiz Biz (ZX Spectrum - 1987),0.00,0
Wizard Warz (ZX Spectrum - 1988),2.50,2
Wizard Willy (ZX Spectrum - 1990),0.00,0
Wizard's Lair (ZX Spectrum - 1985),5.00,1
Wizards Spell (ZX Spectrum - 1986),0.00,0
Wizball (ZX Spectrum - 1987),4.27,11
Wolfman (ZX Spectrum - 1988),0.00,0
Wonder Boy (ZX Spectrum - 1987),4.67,3
Wonder Boy in Monster Land (ZX Spectrum - 1989),4.50,2
World Championship Boxing Manager (ZX Spectrum - 1990),4.01,28
World Championship Soccer (ZX Spectrum - 1991),5.00,1
World Class Leader Board (ZX Spectrum - 1987),4.62,26
World Class Rugby (ZX Spectrum - 1991),4.38,8
World Class Soccer (ZX Spectrum - 1990),1.00,2
World Cricket (ZX Spectrum - 1991),0.00,0
World Cup Carnival (ZX Spectrum - 1984),0.00,0
World Cup Challenge (ZX Spectrum - 1990),0.00,0
World Cup Football (ZX Spectrum - 1984),0.00,0
World Cup Soccer (ZX Spectrum - 1986),5.00,1
World Games (ZX Spectrum - 1987),4.53,12
World Karate Championship (ZX Spectrum - 1985),4.25,8
World Rugby (ZX Spectrum - 1993),0.00,0
World Soccer (ZX Spectrum - 1990),0.00,0
World War I (ZX Spectrum - 1987),5.00,2
Worse Things Happen at Sea (ZX Spectrum - 1984),0.00,0
Wrestling Superstars (ZX Spectrum - 1993),0.00,0
Wriggler (ZX Spectrum - 1985),0.00,0
Wulfpack (ZX Spectrum - 1989),0.00,0
WWF Wrestlemania (ZX Spectrum - 1991),3.92,12
X-Out (ZX Spectrum - 1990),3.67,3
Xanagrams (ZX Spectrum - 1983),0.00,0
Xanthius (ZX Spectrum - 1987),0.00,0
Xarax (ZX Spectrum - 1988),0.00,0
XARQ: The Zimmerman Trenches (ZX Spectrum - 1986),0.00,0
Xcel (ZX Spectrum - 1985),0.00,0
Xecutor (ZX Spectrum - 1987),0.00,0
Xeno (ZX Spectrum - 1986),5.00,1
Xeno II (ZX Spectrum - 1983),0.00,0
Xenon (ZX Spectrum - 1988),4.38,8
Xenophobe (ZX Spectrum - 1989),3.50,2
Xevious (ZX Spectrum - 1987),5.00,2
Xor (ZX Spectrum - 1987),0.00,0
Xybots (ZX Spectrum - 1989),0.00,0
Yabba Dabba Doo! (ZX Spectrum - 1986),5.00,1
Yahtzie (ZX Spectrum - 1983),0.00,0
Yenght (ZX Spectrum - 1984),0.00,0
Yes Prime Minister: The Computer Game (ZX Spectrum - 1987),4.20,10
Yeti (ZX Spectrum - 1988),0.00,0
Yie Ar Kung-Fu (ZX Spectrum - 1986),5.00,3
Yie Ar Kung-Fu 2: The Emperor Yie-Gah (ZX Spectrum - 1987),5.00,1
Yogi Bear (ZX Spectrum - 1987),0.00,0
Yogi Bear & Friends in the Greed Monster: A Treasure Hunt (ZX Spectrum - 1990),3.00,3
Yogi's Great Escape (ZX Spectrum - 1990),1.00,1
Yomp (ZX Spectrum - 1983),0.00,0
Z-Man (ZX Spectrum - 1983),5.00,1
Zampabolas (ZX Spectrum - 1989),0.00,0
Zaraks (ZX Spectrum - 1983),0.00,0
Zaxxon (ZX Spectrum - 1985),4.61,23
Zenji (ZX Spectrum - 1984),0.00,0
Zig Zag (ZX Spectrum - 1984),0.00,0
Zipper Flipper (ZX Spectrum - 1984),0.00,0
Zoids (ZX Spectrum - 1986),4.67,3
Zolyx (ZX Spectrum - 1988),0.00,0
Zombi (ZX Spectrum - 1990),4.08,15
Zombies (ZX Spectrum - 1985),4.00,1
Zona 0 (ZX Spectrum - 1991),4.25,8
Zone Trooper (ZX Spectrum - 1989),0.00,0
Zorro (ZX Spectrum - 1986),5.00,2
Zub (ZX Spectrum - 1986),0.00,0
Zulu War (ZX Spectrum - 1987),4.50,2
ZX Columns (ZX Spectrum - 2005),0.00,0
Zybex (ZX Spectrum - 1989),5.00,3
Zynaps (ZX Spectrum - 1987),3.67,3
Zythum (ZX Spectrum - 1986),0.00,0
Zzoom (ZX Spectrum - 1983),5.00,1
Zzzz (ZX Spectrum - 1986),0.00,0
