Title,Average Rating,Number of Ratings
Rise of the Robots (3DO - 1995),4.00,28
Burning Soldier (3DO - 1994),3.00,1
Iron Angel of the Apocalypse (3DO - 1994),2.00,1
Shock Wave: Operation JumpGate (3DO - 1994),3.00,1
D's Diner: Director's Cut (3DO - 1996),0.00,0
Real Pinball (3DO - 1994),5.00,2
Super Wing Commander (3DO - 1994),4.00,1
VR Stalker (3DO - 1994),4.00,2
Return Fire (3DO - 1995),4.23,26
Road Rash (3DO - 1994),4.47,266
Shock Wave 2: Beyond the Gate (3DO - 1995),4.00,1
Soccer Kid (3DO - 1994),4.42,26
Virtuoso (3DO - 1994),2.78,9
Sewer Shark (3DO - 1994),3.00,1
Demolition Man (3DO - 1994),4.00,2
Policenauts (3DO - 1995),4.00,1
Emit: Vol. 1 - Toki no Maigo (3DO - 1995),0.00,0
Starblade (3DO - 1994),4.00,1
Seal of the Pharaoh (3DO - 1994),0.00,0
Trip'd (3DO - 1995),0.00,0
Battlesport (3DO - 1995),0.00,0
Olympic Soccer (3DO - 1996),3.50,10
Twisted: The Game Show (3DO - 1993),5.00,2
Emit: Vol. 2 - Inochigake no Tabi (3DO - 1995),0.00,0
FIFA International Soccer (3DO - 1994),4.00,1
The Daedalus Encounter (3DO - 1995),4.00,2
Crash 'n Burn (3DO - 1993),4.50,4
Shanghai: Triple-Threat (3DO - 1994),5.00,1
Autobahn Tokio (3DO - 1995),4.50,4
Pebble Beach Golf Links (3DO - 1994),3.00,1
Doctor Hauzer (3DO - 1994),0.00,0
Pyramid Patrol (3DO - 1995),0.00,0
Shock Wave (3DO - 1994),3.00,1
Jurassic Park Interactive (3DO - 1994),0.00,0
Foes of Ali (3DO - 1995),3.00,1
Fun 'N Games (3DO - 1995),1.00,1
Off-World Interceptor (3DO - 1994),0.00,0
Iron Angel of the Apocalypse: The Return (3DO - 1995),3.00,1
Escape from Monster Manor (3DO - 1993),2.00,1
Casablanca ni Ai o: Satsujinsha wa Jikū o Koete (3DO - 1994),0.00,0
John Madden Football (3DO - 1994),4.00,1
The Need for Speed (3DO - 1994),4.59,165
Corpse Killer (3DO - 1995),4.33,3
True Golf Classics: Waialae Country Club (3DO - 1994),0.00,0
Mahjong Gokū Tenjiku (3DO - 1994),0.00,0
Immercenary (3DO - 1995),3.00,1
Microcosm (3DO - 1994),3.00,1
Nobunaga no Yabō: Haō Den (3DO - 1994),4.00,1
The Horde (3DO - 1994),4.73,33
World Cup Golf: Hyatt Dorado Beach (3DO - 1994),4.00,1
Ballz: The Director's Cut (3DO - 1995),4.50,2
Gridders (3DO - 1994),0.00,0
Lemmings (3DO - 1994),4.66,188
Total Eclipse (3DO - 1994),4.50,2
Supreme Warrior (3DO - 1994),4.00,2
Lucienne's Quest (3DO - 1995),4.00,1
Blade Force (3DO - 1995),4.00,1
Sesame Street: Numbers (3DO - 1994),5.00,4
Primal Rage (3DO - 1995),4.57,75
Space Hulk: Vengeance of the Blood Angels (3DO - 1995),4.60,25
Captain Quazar (3DO - 1996),4.67,3
Shadow: War of Succession (3DO - 1994),0.00,0
PO'ed (3DO - 1995),3.00,1
Battle Pinball (3DO - 1994),4.67,3
Return Fire: Maps O' Death (3DO - 1995),4.00,1
Slam 'N Jam '95 (3DO - 1995),0.00,0
Samurai Shodown (3DO - 1994),4.70,10
PaTaank (3DO - 1994),0.00,0
Scramble Cobra (3DO - 1995),3.00,1
Bust-A-Move (3DO - 1995),4.75,4
Family Feud (3DO - 1994),5.00,2
Blue Forest Story: Kaze no Fūin (3DO - 1996),0.00,0
Myst (3DO - 1995),3.76,43
PGA Tour 96 (3DO - 1995),4.00,2
The Lost Files of Sherlock Holmes (3DO - 1994),4.63,41
Guardian War (3DO - 1994),3.00,1
Star Fighter (3DO - 1995),4.50,2
SimTower: The Vertical Empire (3DO - 1996),4.41,54
Way of the Warrior (3DO - 1994),5.00,1
Winning Post (3DO - 1994),4.00,1
Stellar 7: Draxon's Revenge (3DO - 1993),3.00,1
Masters: Harukanaru Augusta 3 (3DO - 1994),0.00,0
Yamamura Misa Suspense: Kyōto Anba Sansō Satsujin Jiken (3DO - 1994),3.00,1
Nishimura Kyōtarō Travel Mystery: Akugyaku no Kisetsu - Tōkyō~Nanki-Shirahama Renzoku Satsujin Jiken (3DO - 1994),0.00,0
True Golf Classics: Wicked 18 (3DO - 1995),0.00,0
