Title,Average Rating,Number of Ratings
Emit: Vol. 2 - Inochigake no Tabi (3DO - 1995),0.00,0
Corpse Killer (3DO - 1995),4.33,3
Guardian War (3DO - 1994),3.00,1
Killing Time (3DO - 1995),4.33,3
Starblade (3DO - 1994),4.00,1
Soccer Kid (3DO - 1994),4.42,26
Super Street Fighter II Turbo (3DO - 1994),4.45,189
Lucienne's Quest (3DO - 1995),4.50,2
Captain Quazar (3DO - 1996),4.67,3
Shadow: War of Succession (3DO - 1994),0.00,0
Flashback: The Quest for Identity (3DO - 1993),4.74,57
Yamamura Misa Suspense: Kyōto Anba Sansō Satsujin Jiken (3DO - 1994),4.00,2
Gex (3DO - 1995),4.75,4
Pyramid Patrol (3DO - 1995),0.00,0
Scramble Cobra (3DO - 1995),3.00,1
PO'ed (3DO - 1995),3.00,1
Stellar 7: Draxon's Revenge (3DO - 1993),3.00,1
Dragon's Lair (3DO - 1994),4.38,13
Off-World Interceptor (3DO - 1994),0.00,0
Twisted: The Game Show (3DO - 1993),5.00,2
Shock Wave: Operation JumpGate (3DO - 1994),3.00,1
Blade Force (3DO - 1995),4.00,1
Theme Park (3DO - 1994),4.51,171
Virtuoso (3DO - 1994),3.00,10
Autobahn Tokio (3DO - 1995),4.33,6
Family Feud (3DO - 1994),5.00,4
Pebble Beach Golf Links (3DO - 1994),3.00,1
Fatty Bear's Birthday Surprise (3DO - 1993),4.57,192
Space Hulk: Vengeance of the Blood Angels (3DO - 1995),4.60,25
Jurassic Park Interactive (3DO - 1994),5.00,1
Shock Wave 2: Beyond the Gate (3DO - 1995),4.00,1
Way of the Warrior (3DO - 1994),5.00,1
Bust-A-Move (3DO - 1995),4.40,5
Doctor Hauzer (3DO - 1994),5.00,1
D (3DO - 1995),0.00,0
Primal Rage (3DO - 1995),4.57,78
Star Fighter (3DO - 1995),4.50,2
D's Diner: Director's Cut (3DO - 1996),0.00,0
Return Fire (3DO - 1995),4.29,28
Demolition Man (3DO - 1994),4.25,4
Battle Pinball (3DO - 1994),4.67,3
Myst (3DO - 1995),3.85,48
Super Wing Commander (3DO - 1994),4.00,1
Immercenary (3DO - 1995),3.00,1
World Cup Golf: Hyatt Dorado Beach (3DO - 1994),4.00,1
Lemmings (3DO - 1994),4.64,211
Casablanca ni Ai o: Satsujinsha wa Jikū o Koete (3DO - 1994),0.00,0
True Golf Classics: Waialae Country Club (3DO - 1994),0.00,0
Gridders (3DO - 1994),0.00,0
The Need for Speed (3DO - 1994),4.57,184
Nobunaga no Yabō: Haō Den (3DO - 1994),4.00,1
Iron Angel of the Apocalypse: The Return (3DO - 1995),3.00,1
Crash 'n Burn (3DO - 1993),4.50,4
Burning Soldier (3DO - 1994),3.00,1
Wing Commander III: Heart of the Tiger (3DO - 1995),5.00,1
Wolfenstein 3D (3DO - 1995),4.21,61
Trip'd (3DO - 1995),5.00,1
PaTaank (3DO - 1994),0.00,0
The Horde (3DO - 1994),4.73,33
Masters: Harukanaru Augusta 3 (3DO - 1994),0.00,0
MegaRace (3DO - 1994),4.18,11
Shanghai: Triple-Threat (3DO - 1994),5.00,1
Supreme Warrior (3DO - 1994),4.00,2
PGA Tour Golf 486 (3DO - 1995),0.00,0
Syndicate (3DO - 1995),4.45,136
Winning Post (3DO - 1994),4.00,1
Star Wars: Rebel Assault (3DO - 1994),4.88,8
Alone in the Dark (3DO - 1994),4.48,182
Real Pinball (3DO - 1994),5.00,2
Seal of the Pharaoh (3DO - 1994),1.00,1
Kingdom: The Far Reaches (3DO - 1995),4.20,5
Escape from Monster Manor (3DO - 1993),3.33,3
Mahjong Gokū Tenjiku (3DO - 1994),0.00,0
DeathKeep (3DO - 1995),0.00,0
The Daedalus Encounter (3DO - 1995),3.50,4
Emit: Vol. 1 - Toki no Maigo (3DO - 1995),0.00,0
Rise of the Robots (3DO - 1995),4.00,29
Policenauts (3DO - 1995),4.50,2
Foes of Ali (3DO - 1995),4.00,2
Blue Forest Story: Kaze no Fūin (3DO - 1996),3.50,2
Out of This World (3DO - 1994),4.62,88
Iron Angel of the Apocalypse (3DO - 1994),2.00,2
Princess Maker 2 (3DO - 1995),4.71,17
Shock Wave (3DO - 1994),2.00,2
Slam 'N Jam '95 (3DO - 1995),0.00,0
Return Fire: Maps O' Death (3DO - 1995),4.00,1
Alone in the Dark 2 (3DO - 1995),4.42,64
VR Stalker (3DO - 1994),4.00,2
SimTower: The Vertical Empire (3DO - 1996),4.41,54
Road Rash (3DO - 1994),4.47,302
Samurai Shodown (3DO - 1994),4.70,10
FIFA International Soccer (3DO - 1994),4.00,1
Total Eclipse (3DO - 1994),4.50,2
Ballz: The Director's Cut (3DO - 1995),4.50,2
Sesame Street: Numbers (3DO - 1994),5.00,4
Fun 'N Games (3DO - 1995),1.00,1
True Golf Classics: Wicked 18 (3DO - 1995),0.00,0
Sewer Shark (3DO - 1994),3.00,1
Olympic Soccer (3DO - 1996),3.50,10
Space Ace (3DO - 1995),4.32,25
Nishimura Kyōtarō Travel Mystery: Akugyaku no Kisetsu - Tōkyō~Nanki-Shirahama Renzoku Satsujin Jiken (3DO - 1994),0.00,0
Microcosm (3DO - 1994),3.00,1
Doom (3DO - 1995),4.35,1773
John Madden Football (3DO - 1994),4.00,1
The Lost Files of Sherlock Holmes (3DO - 1994),4.63,43
Battlesport (3DO - 1995),0.00,0
