Title,Average Rating,Number of Ratings
Alien Legacy (DOS - 1994),4.79,25
Anacreon: Reconstruction 4021 (DOS - 1987),4.67,3
Armada 2525 (DOS - 1991),4.13,15
Ascendancy (DOS - 1995),4.57,14
Civilization II (Multiplayer Gold Edition) (Mac - 1999),4.57,40
Civilization II: Test of Time (Windows - 1999),4.49,51
"Civilization: Call to Power (Windows, Mac - 1999)",4.95,20
Colonial Conquest II (Amiga - 1994),5.00,3
Deadlock: Planetary Conquest (Mac - 1997),4.73,15
Emperor of the Fading Suns (Windows - 1996),4.50,18
Galactic Empire (Atari 8-bit - 1981),4.50,2
"Imperium Galactum (Apple II, Atari 8-bit, C64 - 1984)",3.33,3
Iron Seed (DOS - 1994),4.63,8
Master of Magic (DOS - 1994),4.63,155
Master of Orion (DOS - 1993),4.36,150
Master of Orion II: Battle at Antares (Mac - 1997),4.79,20
Pax Imperia (Mac - 1992),5.00,1
"Reach for the Stars: The Conquest of the Galaxy (DOS, Amiga, Apple IIgs, C64 - 1988)",4.67,12
Sid Meier's Alpha Centauri (Linux - 2001),0.00,0
"Sid Meier's Civilization (DOS, Amiga, Windows 3.x, Mac, Atari ST, SNES - 1991)",4.52,586
Sid Meier's Civilization II (Windows - 1996),4.49,119
"Sid Meier's Colonization (DOS, Amiga, Mac - 1994)",4.57,479
"Spaceward Ho! (DOS, Amiga - 1992)",4.75,8
Star Trek: The Next Generation - Birth of the Federation (Windows - 1999),3.33,3
Stars! (Windows - 1996),5.00,7
