Title,Average Rating,Number of Ratings
Mad Professor Mariarti (Acorn 32-bit - 1990),3.67,6
Oh No! More Lemmings (Acorn 32-bit - 1992),4.80,25
Alien Invasion (Acorn 32-bit - 1990),1.00,1
Corruption (Acorn 32-bit - 1988),4.72,18
Zool (Acorn 32-bit - 1993),4.34,27
Lemmings (Acorn 32-bit - 1991),4.66,188
Chuck Rock (Acorn 32-bit - 1991),4.50,4
Poizone (Acorn 32-bit - 1991),0.00,0
Mr Doo (Acorn 32-bit - 1992),0.00,0
Conqueror (Acorn 32-bit - 1988),4.14,7
S.W.I.V. (Acorn 32-bit - 1992),4.14,7
Moria (Acorn 32-bit - 1992),4.54,35
Master Break (Acorn 32-bit - 1991),0.00,0
Cosmic Relief: Prof. Renegade to the Rescue (Acorn 32-bit - 1988),4.25,4
Asylum (Acorn 32-bit - 1993),0.00,0
MiG-29 Fulcrum (Acorn 32-bit - 1991),4.38,16
Pipe Dream (Acorn 32-bit - 1990),4.25,12
SimCity (Acorn 32-bit - 1993),4.30,125
EGO: Repton 4 (Acorn 32-bit - 1992),0.00,0
Star Fighter (Acorn 32-bit - 1994),4.50,2
Tower of Babel (Acorn 32-bit - 1991),3.67,3
The Crystal Maze (Acorn 32-bit - 1993),3.94,22
Jet Fighter (Acorn 32-bit - 1988),0.00,0
Talisman (Acorn 32-bit - 1990),0.00,0
James Pond: Underwater Agent (Acorn 32-bit - 1991),3.80,5
Pac-Mania (Acorn 32-bit - 1991),4.46,26
Tower Toppler (Acorn 32-bit - 1992),4.24,25
Leeds United Champions! (Acorn 32-bit - 1993),0.00,0
Bloxed (Acorn 32-bit - 1992),0.00,0
Speedball 2: Brutal Deluxe (Acorn 32-bit - 1994),4.44,57
Iron Lord (Acorn 32-bit - 1990),4.50,12
Repton 3 (Acorn 32-bit - 1988),0.00,0
Paradroid 90 (Acorn 32-bit - 1993),4.13,8
Bug Hunter in Space (Acorn 32-bit - 1990),0.00,0
Top Banana (Acorn 32-bit - 1991),1.83,6
MicroLeague Action Sports Soccer (Acorn 32-bit - 1991),4.33,6
TwinWorld: Land of Vision (Acorn 32-bit - 1990),4.50,2
Bug Hunter / Moon Dash (Acorn 32-bit - 1990),0.00,0
Bubble Fair (Acorn 32-bit - 1991),0.00,0
Elite (Acorn 32-bit - 1991),4.23,40
