Title,Average Rating,Number of Ratings
"...A Personal Nightmare (DOS, Amiga, Atari ST - 1989)",3.90,29
"007: James Bond - The Stealth Affair (DOS, Atari ST - 1990)",4.32,28
10Rogue (DOS - 1984),4.55,22
1893: A World's Fair Mystery (Mac - 2003),5.00,3
2 Shot Diary (PC-98 - 1994),4.33,3
2 Shot Diary 2: Memory 4/4 (PC-98 - 1996),5.00,2
"20,000 Leagues Under the Sea (DOS, Amiga, Amstrad CPC, Atari ST - 1988)",3.20,15
2112 (DOS - 1994),3.67,3
"221 B Baker St. (DOS, Apple II, Atari 8-bit, Atari ST, C64 - 1987)",4.00,13
3 Skulls of the Toltecs (DOS - 1996),4.25,35
31: Iwayuru Hitotsu no Chō Lovely na Bōken Katsugeki (PC-98 - 1995),5.00,1
3D Land (DOS - 1992),4.00,1
3x3 Eyes: Sanjiyan Henjō (PC-98 - 1993),1.00,1
5 Days a Stranger (Windows - 2003),4.00,5
7 Dní a 7 nocí (DOS - 1994),3.57,7
9: The Last Resort (Mac - 1996),4.00,9
A Change in the Weather (DOS - 1995),3.50,4
A Dark Sky Over Paradise (C64 - 1989),0.00,0
A Dudley Dilemma (DOS - 1988),3.67,3
A Journey into Xanth (DOS - 1993),3.25,4
A Lenda da Gávea (MSX - 1988),5.00,1
"A Mind Forever Voyaging (DOS, Amiga, Mac, Apple II, Atari ST - 1985)",4.33,22
"A View to a Kill: The Computer Game (Amstrad CPC, C64, MSX - 1985)",1.00,1
A.D. 2044: Seksmisja (Atari 8-bit - 1991),5.00,1
Abenteuer Atlantis (DOS - 1992),2.71,7
Abenteuer Europa (DOS - 1994),4.00,1
"Abracadabra (Amstrad CPC, MSX - 1988)",5.00,1
Abunai Tengu Densetsu (PC-88 - 1989),0.00,0
Abyss (PC-88 - 1984),5.00,2
Abyss II: Tears of Emperor (PC-88 - 1985),0.00,0
Accolade's Comics featuring Steve Keene Thrillseeker (C64 - 1987),4.50,2
Ace Ventura (Windows - 1996),3.00,2
Acheton (DOS - 1987),3.00,2
Action Quest (Atari 8-bit - 1982),5.00,1
Advanced Xoru (DOS - 1989),3.50,10
Adven'chuta! (MSX - 1983),0.00,0
Adventure (DOS - 1985),3.25,8
"Adventure 1 (Amstrad CPC, C64, MSX - 1984)",5.00,1
Adventure 3: Haunted Mansion (C64 - 1982),5.00,1
"Adventure A (Amstrad CPC, C64 - 1985)",0.00,0
Adventure at the Chateau d'Or (Mac - 2001),3.00,2
"Adventure B (Amstrad CPC, C64 - 1985)",0.00,0
"Adventure C (Amstrad CPC, C64 - 1985)",0.00,0
Adventure Creator (C64 - 1984),5.00,2
Adventure in Humongous Cave (DOS - 1993),4.00,1
Adventure in the Fifth Dimension (Atari 8-bit - 1983),0.00,0
Adventure in the Magic Land (DOS - 1989),0.00,0
Adventure in Time and Space (C64 - 1992),0.00,0
"Adventure Master (Atari 8-bit, C64 - 1984)",5.00,1
"Adventure Quest (Amstrad CPC, Atari 8-bit, C64 - 1984)",5.00,1
Adventure XT (DOS - 2007),1.00,1
"Adventureland (C64, Dragon 32/64, VIC-20 - 1982)",5.00,1
Adventures of Barsak the Dwarf (C64 - 1984),0.00,0
Africa Gardens (C64 - 1984),0.00,0
Africa Trail (Mac - 1997),2.33,6
African Adventure (DOS - 1997),0.00,0
African Safari (C64 - 1984),5.00,1
After Shock (Amstrad CPC - 1986),0.00,0
"Agent USA (DOS, Apple II, Atari 8-bit, C64 - 1985)",4.57,14
Ai Shimai: Futari no Kajitsu (PC-98 - 1994),5.00,1
Akagawa Jirō no Yūrei Ressha (NES - 1991),0.00,0
Akiko GOLD: The Queen of Adult (PC-98 - 1994),4.50,2
Akira (NES - 1988),5.00,1
"Alcazar: The Forgotten Fortress (Apple II, ColecoVision, C64, MSX - 1985)",0.00,0
Alfa-Boot (Atari 8-bit - 1994),0.00,0
Alfabet Śmierci (Amiga - 1996),0.00,0
Aliard's Tome (C64 - 1983),5.00,1
Alice In Wonderland (DOS - 1989),4.00,6
"Alice in Wonderland (Apple II, C64 - 1985)",5.00,3
Alice-tachi no Gogo Vol. 1 (PC-88 - 1989),5.00,1
Alice: Adventures in Wonderland (PC-88 - 1984),4.33,3
Alice: An Interactive Museum (Mac - 1994),5.00,2
Alien (DOS - 1982),4.00,4
Alien Hell (Atari 8-bit - 1981),0.00,0
Alien Incident (DOS - 1996),4.92,13
Alien Virus (DOS - 1995),4.22,9
Aliens: A Comic Book Adventure (DOS - 1995),4.37,24
Almazz (C64 - 1985),3.00,1
Alpha (PC-88 - 1986),5.00,2
Altair 4 (C64 - 1983),0.00,0
"Altered Destiny (DOS, Amiga - 1990)",4.44,9
Alvin the Android (C64 - 1983),0.00,0
"Amazon (DOS, Mac, Apple II, C64 - 1984)",5.00,5
Amazon Trail 3rd Edition (Mac - 1998),4.22,23
Amazon: Guardians of Eden (DOS - 1992),4.66,29
AMBER: Journeys Beyond (Mac - 1996),3.67,6
AmbivalenZ: Niritsu Haihan (PC-98 - 1994),0.00,0
Amelie Minuit (Amstrad CPC - 1985),0.00,0
Amerzone: The Explorer's Legacy (Mac - 2010),4.33,3
"Amnesia (DOS, Apple II, C64 - 1986)",4.00,11
An American Tail: The Computer Adventures of Fievel and His Friends (DOS - 1993),4.15,13
Anastasia: Adventures with Pooka and Bartok! (Mac - 1997),4.50,4
"Andy Capp (Amstrad CPC, C64 - 1988)",5.00,1
Angel Halo (PC-98 - 1996),3.00,2
Angel Night (PC-98 - 1996),5.00,1
Angelique (SNES - 1994),5.00,1
"Angelus: Akuma no Fukuin (PC-88, PC-98 - 1988)",4.50,4
Animal (DOS - 1996),5.00,1
Animal Magic (C64 - 1983),0.00,0
Ankoku Shinwa: Yamato Takeru Densetsu (NES - 1989),0.00,0
Anna (Windows - 2005),4.54,13
Anniversary: Memories of Summer Vacation (PC-98 - 1993),5.00,1
Another Lifeless Planet and Me With No Beer (DOS - 1989),3.00,2
Anyworld (DOS - 1992),5.00,1
Aquaman: War of the Water Worlds (Mac - 1996),0.00,0
Arabesque: Shōjo-tachi no Orinasu Ai no Monogatari (PC-98 - 1994),0.00,0
Arazok's Tomb (Amiga - 1987),5.00,2
Arc of Doom (Mac - 1994),5.00,1
Arcana (C64 - 1986),5.00,1
Ardentryst (Linux - 2009),0.00,0
Are You Afraid of the Dark? The Tale of Orpheo's Curse (DOS - 1994),4.16,39
Ark of Time (DOS - 1997),1.00,1
Ark Pandora (C64 - 1986),0.00,0
Armaëth: The Lost Kingdom (DOS - 1993),3.80,5
Armist (PC-98 - 1992),5.00,2
Arnie Goes 4 Gold (DOS - 1994),4.00,3
Arnold the Adventurer (C64 - 1992),0.00,0
Arrow of Death Part II (C64 - 1983),3.00,1
"Arrow of Death: Part I (C64, Commodore 16, VIC-20 - 1983)",5.00,2
Artefakt Przodków (Atari 8-bit - 1992),0.00,0
Artemis (PC-98 - 1991),0.00,0
"Arthur: The Quest for Excalibur (DOS, Amiga, Mac - 1989)",5.00,11
"Astate: La Malédiction des Templiers (Amiga, Atari ST - 1990)",0.00,0
Asteka (PC-88 - 1985),0.00,0
"Asterix and the Magic Carpet (DOS, Amiga, Amstrad CPC, Atari ST, C64 - 1987)",4.00,4
Astérix und Obélix: Die Odyssee (C64 - 1986),0.00,0
"Asterix: Operation Getafix (DOS, Amiga, Atari ST - 1989)",4.58,12
Asylum II (C64 - 1985),3.50,2
Atalan (C64 - 1988),0.00,0
Atlantis: Evolution (Windows - 2004),4.50,2
Ayumi (PC-88 - 1990),3.00,2
Azalta (DOS - 1996),5.00,1
Aztec Tomb Adventure (C64 - 1983),5.00,1
Aztec Tomb Revisited (Part II) (C64 - 1984),0.00,0
"B.A.T. (DOS, Amiga, Amstrad CPC, Atari ST, C64 - 1990)",3.61,18
"Back to Reality (Amstrad CPC, C64 - 1986)",5.00,2
Backstage (DOS - 1993),4.00,1
Bacta 2: The Resurrection of Bacta (PC-98 - 1994),5.00,1
Bad Milk (Mac - 2000),3.71,7
Bad Mojo (Mac - 1996),5.00,1
Bad Mojo: Redux (Mac - 2004),5.00,2
Ballade for Maria (PC-98 - 1995),0.00,0
"Ballyhoo (DOS, Amiga, Mac, Amstrad CPC, Apple II, Atari 8-bit, Atari ST, C64 - 1986)",4.50,2
Barahir (Atari 8-bit - 1993),5.00,1
Barbie: Ocean Discovery (Game Boy Color - 1999),0.00,0
"Bargon Attack (DOS, Amiga, Atari ST - 1992)",3.00,10
Bargon no Paka-paka Shōbōken (PC-88 - 1988),0.00,0
Barney's Hide & Seek Game (Genesis - 1993),0.00,0
Batman Returns (DOS - 1992),4.56,32
Batman: Partners in Peril (Mac - 1996),0.00,0
"Batman: The Caped Crusader (DOS, Amiga, Amstrad CPC, Apple II, Atari ST, C64 - 1989)",4.54,13
Battle Golfer Yui (Genesis - 1991),0.00,0
Bazooka Sue (DOS - 1997),3.50,4
Beatle Quest (C64 - 1985),3.00,1
Bell's Avenue (PC-98 - 1993),0.00,0
"Below The Root (DOS, Apple II, C64 - 1984)",4.23,44
"Beneath a Steel Sky (DOS, Amiga - 1994)",4.73,41
Beneath Folly (C64 - 1987),0.00,0
"Berlin 1948 (DOS, Amiga, Atari ST - 1989)",3.86,7
Berlin Connection (Mac - 1998),5.00,1
"Bermuda Project (Amiga, Atari ST - 1987)",0.00,0
Beyond (PC-98 - 1996),5.00,2
Beyond the Tesseract (DOS - 1988),5.00,1
Beyond The Titanic (DOS - 1986),5.00,2
"Beyond the Wall of Stars (Windows 3.x, Mac - 1992)",4.00,3
"Beyond Zork: The Coconut of Quendor (DOS, Amiga, Mac, Apple IIgs, Atari ST - 1987)",4.00,22
"Biff (Amstrad CPC, C64 - 1992)",3.50,2
"Bill & Ted's Excellent Adventure (DOS, Amiga, C64 - 1990)",3.67,15
BIND: Kinbaku Jinmon Densetsu (PC-98 - 1996),0.00,0
Black Crystal (C64 - 1985),0.00,0
Black Knight Adventure (C64 - 1988),0.00,0
"Black Sect (DOS, Amiga, Atari ST - 1993)",4.16,12
Blackscar Mountain (Atari ST - 1991),0.00,0
Blackstar: Agent of Justice (DOS - 1995),3.30,10
Blade Runner (Windows - 1997),4.60,47
Blind Games (PC-98 - 1996),0.00,0
Blizzard Pass (C64 - 1986),0.00,0
"BloodNet (DOS, Amiga - 1993)",4.40,26
Blue Code (DOS - 1991),0.00,0
Blue Force (DOS - 1993),4.61,23
"Blue Ice (DOS, Mac - 1995)",3.36,14
Blueberry (DOS - 1987),3.00,6
"Bob Morane: Chevalerie 1 (DOS, Amstrad CPC, Atari ST, C64 - 1987)",4.00,4
Book of the Dead (C64 - 1987),0.00,0
"Border Zone (DOS, Mac, C64 - 1987)",4.75,8
"Bored of the Rings (Amstrad CPC, C64 - 1985)",2.50,2
"Borrowed Time (DOS, Amiga, Apple II, Atari ST, C64 - 1985)",4.45,11
Braminar (DOS - 1987),5.00,2
"Breakers (DOS, Atari ST, C64 - 1986)",3.67,3
"Bride of the Robot (Amiga, Atari ST - 1989)",3.00,2
"Brides of Dracula (Amiga, Atari ST - 1992)",4.00,2
"Brimstone (DOS, Mac, Atari 8-bit, C64 - 1985)",1.00,1
"Bugsy (Amstrad CPC, C64 - 1986)",4.00,1
Bunkasai (PC-98 - 1996),0.00,0
Bunretsu Shugoshin: Twinkle Star (PC-98 - 1993),0.00,0
Bureau 13 (DOS - 1995),4.60,10
"Bureaucracy (DOS, Mac, Apple II - 1987)",4.23,14
Burn:Cycle (Mac - 1995),3.50,4
Burning Point (PC-88 - 1989),5.00,1
"C.I.A. Adventure (DOS, C64 - 1982)",3.77,8
Cal (PC-98 - 1990),0.00,0
Cal Gaiden: Tiny Step (PC-98 - 1993),0.00,0
Cal II (PC-98 - 1991),5.00,1
Calixto Island (DOS - 1984),3.50,6
Call of Cthulhu: Shadow of the Comet (DOS - 1994),4.73,25
Callahan's Crosstime Saloon (DOS - 1997),4.63,16
"Can Can Bunny (PC-88, PC-98 - 1989)",5.00,1
Can Can Bunny 5 1/2 Limited (PC-98 - 1994),5.00,1
Can Can Bunny Extra (PC-98 - 1993),5.00,2
Can Can Bunny Premier (PC-98 - 1992),5.00,1
Can Can Bunny Superior (PC-88 - 1990),5.00,2
Captain Bible in Dome of Darkness (DOS - 1994),4.13,23
"Captain Blood (DOS, Amiga, Mac, Amstrad CPC, Apple IIgs, Atari ST, C64 - 1988)",4.76,17
Carmen Sandiego: Junior Detective Edition (Mac - 1995),3.80,5
Casablanca ni Ai o: Satsujinsha wa Jikū o Koete (PC-88 - 1986),0.00,0
Castle (C64 - 1993),4.00,4
Castle Adventure (DOS - 1984),3.90,10
"Castle Blackstar (Amstrad CPC, C64 - 1984)",0.00,0
Castle Dracula (C64 - 1985),0.00,0
Castle Elsinore (DOS - 1992),3.00,2
Castle Explorer (Mac - 1996),4.89,9
Castle Master 2: The Crypt (DOS - 1990),4.30,10
"Castle of Dr. Brain (DOS, Amiga, Mac - 1991)",4.75,28
Castle of Skull Lord (C64 - 1984),0.00,0
Castle of Terror (C64 - 1985),0.00,0
Castle Ralf (DOS - 1987),5.00,3
Cat's Part 1 (PC-98 - 1993),5.00,1
Catacombs (C64 - 1984),2.33,3
Cave Dig 3 (Mac - 2001),4.00,1
Caverns of Chaos (DOS - 1992),2.00,3
Caverns of Kroz II (DOS - 1990),5.00,2
Ceremony of Innocence (Mac - 1997),4.75,4
"Chamber of the Sci-Mutant Priestess (DOS, Amiga, Atari ST - 1989)",4.63,8
Charade (PC-98 - 1995),0.00,0
Cherry Bomb: Chō Ojōsama Sayaka-chan Nanba Daisakusen (PC-98 - 1994),0.00,0
Cherry Jam: Kanojo ga Hadaka ni Kigaetara (PC-98 - 1996),0.00,0
Chesterland Adventure (DOS - 1995),1.38,4
Chichén Itzá (DOS - 1992),4.75,4
"Christine (PC-88, PC-98 - 1986)",1.00,1
Chronicles of the Sword (DOS - 1996),0.00,0
"Chrono Quest (Amiga, Atari ST - 1988)",5.00,1
"Chrono Quest II (DOS, Amiga, Atari ST - 1989)",4.17,6
Chushaki: Hirasawa Nurse School (PC-98 - 1996),3.00,1
Ciemna Strona (Amiga - 1997),2.33,3
Circle World (C64 - 1983),0.00,0
Circuit's Edge (DOS - 1990),4.84,14
"Circus (Atari 8-bit, C64 - 1983)",0.00,0
City of Madness (DOS - 1989),1.00,1
Classic Text Adventure Masterpieces (Mac - 1996),5.00,1
"Clive Barker's Nightbreed: The Interactive Movie (DOS, Amiga, Atari ST - 1990)",4.12,13
Clock Tower (SNES - 1995),0.00,0
Clone Doll: Kagai Jugyō (PC-98 - 1995),5.00,1
ClueFinders: 3rd Grade Adventures (Windows - 1998),4.00,1
Cobra's Arc (Amstrad CPC - 1986),0.00,0
"Code-Name: Iceman (DOS, Amiga, Atari ST - 1989)",4.65,17
Coin (PC-98 - 1996),0.00,0
"Colorado (DOS, Amiga, Atari ST - 1990)",4.20,5
"Colossal Adventure (Atari 8-bit, C64 - 1983)",0.00,0
Coming Heart (PC-98 - 1995),0.00,0
Companions of Xanth (DOS - 1993),4.62,21
Complete Kroz Series (DOS - 1987),4.00,10
"COMPUTE!'s Guide to Adventure Games (included game) (DOS, C64 - 1984)",0.00,0
Computer Novel Construction Set (DOS - 1985),4.25,4
"Con-Quest (Amstrad CPC, C64 - 1986)",0.00,0
Connections (Mac - 1995),4.75,4
"Conquests of Camelot: The Search for the Grail (DOS, Amiga, Atari ST - 1990)",4.41,41
"Conquests of the Longbow: The Legend of Robin Hood (DOS, Amiga - 1991)",4.74,74
Convention Blues (C64 - 1994),0.00,0
"Corruption (DOS, Amiga, Mac, Amstrad CPC, C64 - 1988)",4.73,11
Corya the Warrior-Sage (C64 - 1992),0.00,0
Cosmic Capers (C64 - 1983),0.00,0
Cosmic Psycho (PC-98 - 1991),0.00,0
"Cosmic Spacehead (DOS, Amiga, Game Gear, Genesis, NES - 1993)",4.67,4
Cosmology of Kyoto (Mac - 1995),5.00,2
"Count Duckula in No Sax Please - We're Egyptian (Amiga, Amstrad CPC, C64 - 1990)",5.00,2
Countdown (DOS - 1990),4.47,15
Countdown to Doom (DOS - 1987),4.38,6
Countdown to Shutdown (C64 - 1986),5.00,2
Country Quest (C64 - 1984),0.00,0
Cracks of Fire (C64 - 1983),0.00,0
Crash Dive! (Atari 8-bit - 1984),0.00,0
Crash Garret (DOS - 1987),0.00,0
Crater Raider (VIC-20 - 1983),0.00,0
Cricket Crazy (C64 - 1988),4.00,1
cRiMe (DOS - 1985),2.67,3
"Crime City (DOS, Amiga, Atari ST - 1993)",4.11,18
Crime Stopper: Murder at Midnight! (C64 - 1984),4.00,2
"Crime Time (DOS, Amiga, C64 - 1991)",3.60,5
Croustibat (DOS - 1995),3.25,4
Cruel World (DOS - 1993),1.00,2
"Cruise for a Corpse (DOS, Amiga, Atari ST - 1991)",4.08,37
Crusader: Adventure Out of Time (Mac - 1997),5.00,4
Crypts of Terror (Atari 8-bit - 1981),0.00,0
Crystal Chaser: Tenkū no Masuishō (PC-98 - 1991),0.00,0
Crystal's Pony Tale (Genesis - 1994),5.00,1
Crystals Of Carus (C64 - 1985),0.00,0
"Curse of Enchantia (DOS, Amiga - 1992)",3.83,23
Curses (DOS - 1993),4.67,3
"Cuthbert Enters the Tombs Of Doom (Commodore 16, C64 - 1984)",1.00,1
"Cutthroats (DOS, Amiga, Mac, Amstrad CPC, Atari 8-bit, C64 - 1984)",4.50,2
Cyber Illusion (PC-98 - 1995),0.00,0
"Cybercon III (DOS, Amiga, Atari ST - 1991)",4.50,4
Cyberia (DOS - 1994),4.10,10
Cybernetic Hi-School Part 2: Highway Buster (PC-98 - 1989),4.00,1
Cybernetic Hi-School Part 3: Gunbuster (PC-98 - 1990),5.00,1
Cyberworm (C64 - 1989),0.00,0
"Cyborg (DOS, Mac, Atari 8-bit, C64 - 1982)",4.50,4
Cyborg (C64 - 1987),0.00,0
"Cylu (Amstrad CPC, C64 - 1985)",0.00,0
D.P.S: Dream Program System (PC-88 - 1990),4.50,2
Dai Meiro: Meikyū no Tatsujin (NES - 1990),0.00,0
Damocles: Mercenary II (Amiga - 1990),5.00,3
Dan Wilder (Amiga - 1995),0.00,0
Dance of the Vampires (C64 - 1988),4.33,3
Dances With Bunny Rabbits (C64 - 1992),0.00,0
Danchi-zuma no Yūwaku (PC-88 - 1983),4.00,2
Danger Mouse in the Black Forest Chateau (C64 - 1984),0.00,0
Daraku no Kuni no Angie: Kyōkai no Mesudoreitachi (PC-98 - 1996),0.00,0
Darby the Dragon (Mac - 1996),4.75,8
Daria's Inferno (Mac - 2000),4.50,8
Dark Continent (DOS - 1987),3.50,5
Dark Dungeons (C64 - 1983),0.00,0
"Dark Lord (Apple II, C64 - 1987)",4.33,3
Dark Mist: The Wizard Vanishes (Mac - 2001),4.00,1
"Dark Seed (DOS, Amiga - 1992)",4.33,45
"Dark Seed II (Windows 3.x, Mac - 1995)",3.74,23
Dark Woods 2 (DOS - 2002),0.00,0
Daryl F. Gates Police Quest: Open Season (DOS - 1993),4.68,28
"Das Erbe (DOS, Amiga - 1991)",4.60,5
"Das Stundenglas (DOS, Amiga - 1990)",4.50,2
Das Telekommando kehrt zurück (Amiga - 1993),5.00,1
Daughter of Serpents (DOS - 1992),3.91,11
David Ahl's Basic Computer Adventures (DOS - 1986),0.00,0
De. FaNa (PC-98 - 1995),5.00,1
Dead End (C64 - 1988),5.00,1
"Deadenders (Amstrad CPC, C64 - 1988)",0.00,0
"Deadline (DOS, Amiga, Mac, Amstrad CPC, Atari 8-bit, C64 - 1984)",4.50,6
Death Gate (DOS - 1994),4.67,15
"Death in the Caribbean (Apple II, C64 - 1983)",4.00,2
Deep (PC-98 - 1994),3.00,2
"Déjà Vu II: Lost in Las Vegas (DOS, Amiga, Mac, Apple IIgs, Atari ST, PC-98 - 1990)",4.25,20
"Deja Vu: A Nightmare Comes True!! (DOS, Amiga, Mac, Apple IIgs, Atari ST, C64, NES, PC-98 - 1987)",4.95,38
Delicious Lunch Pack (PC-98 - 1996),0.00,0
Delphi no Shintaku (PC-98 - 1993),5.00,1
Demon City (PC-98 - 1993),5.00,3
Demon from the Darkside (C64 - 1988),3.00,1
"Demon Knight (C64, Dragon 32/64 - 1983)",0.00,0
"Demon's Tomb: The Awakening (DOS, Amiga - 1989)",5.00,4
"Demoniak (DOS, Amiga, Atari ST - 1991)",4.00,3
Denarius Avaricius Sextus (DOS - 1992),3.00,2
Dengeki Nurse (PC-98 - 1992),4.00,1
Dengeki Nurse 2: More Sexy (PC-98 - 1994),4.00,2
"Denis Through the Drinking Glass (Atari 8-bit, C64 - 1984)",0.00,0
Dennou Gakuen (PC-98 - 1989),4.00,1
Deranged Wizard's Castle (DOS - 2005),1.00,2
Derelict (C64 - 1982),0.00,0
Devil's Crown (Amstrad CPC - 1985),2.00,1
Devil's Island (C64 - 1984),0.00,0
"Devon Aire in the Hidden Diamond Caper (Amiga, Atari ST, C64 - 1989)",0.00,0
Dezeni Land (PC-88 - 1983),5.00,1
Dezeni World (PC-88 - 1985),0.00,0
Diamond Trail (C64 - 1984),0.00,0
Dick Tracy: The Crime-Solving Adventure (DOS - 1991),4.60,5
"Die Kathedrale (DOS, Amiga - 1991)",4.75,4
Die Stadt der Löwen (Amiga - 1989),2.50,2
Discworld (DOS - 1995),4.33,45
Discworld II: Mortality Bytes! (DOS - 1996),4.70,13
Discworld Noir (Windows - 1999),4.64,36
Disney's Story Studio: Disney's Mulan (Windows - 1998),0.00,0
Disney•Pixar Finding Nemo (Mac - 2003),5.00,2
"Doctor Who and the Mines of Terror (Amstrad CPC, C64 - 1986)",3.00,1
Dodgy Geezers (C64 - 1986),0.00,0
Dōkyūsei 2 (SNES - 1997),1.00,1
DOME (PC-88 - 1988),0.00,0
"Don Quijote (DOS, Amstrad CPC, C64 - 1987)",4.50,4
"Dondra: A New Beginning (DOS, Apple IIgs, C64 - 1989)",5.00,2
Dopplegänger (DOS - 1985),0.00,0
DOR (PC-98 - 1992),0.00,0
DOR 2 (PC-98 - 1992),0.00,0
DOR Special Edition: Sakigake (PC-98 - 1993),0.00,0
DOR: Part 3 (PC-98 - 1992),0.00,0
DOR: Special Edition '93 (PC-98 - 1993),5.00,1
Dora the Explorer: Lost City Adventure (Mac - 2002),4.50,16
DoraDora Emotion: Seihaiden (PC-98 - 1995),0.00,0
Doriath (C64 - 1985),5.00,3
Double Gold: The Black Fountain and Sharpe's Deeds (Amstrad CPC - 1987),5.00,1
Down in the Dumps (DOS - 1996),0.00,0
"Dr. Dumont's Wild P.A.R.T.I. (DOS, Mac - 1988)",5.00,2
"Drachen von Laas (DOS, Amiga, Atari ST - 1991)",5.00,1
"Dracula (Amstrad CPC, C64 - 1986)",4.67,3
Dracula Hakushaku (PC-98 - 1992),5.00,4
Dracula in London (DOS - 1988),4.33,6
Dragon Eyes (PC-88 - 1991),0.00,0
Dragon History (DOS - 1995),4.73,12
Dragon Lore: The Legend Begins (DOS - 1994),3.96,22
"Dragon's Keep (Atari 8-bit, C64 - 1984)",2.00,1
Dragonsphere (DOS - 1994),4.06,13
"Dragonworld (DOS, Apple II, C64 - 1984)",4.00,8
Drak (C64 - 1988),0.00,0
Dratewka the Shoemaker (Atari 8-bit - 2008),0.00,0
Dream Prisoner (DOS - 1995),3.33,3
"Dream Zone (DOS, Amiga, Apple IIgs - 1988)",4.33,3
"Dreamweb (DOS, Amiga - 1994)",4.45,31
"Drive-In (DOS, C64 - 1982)",3.73,11
"Droga do Duplandu (Atari 8-bit, C64 - 1993)",3.00,5
Drowned God: Conspiracy of the Ages (Windows - 1996),5.00,1
Dual Targets: The 4th Unit Act.3 (PC-88 - 1989),5.00,2
Dun Darach (Amstrad CPC - 1985),0.00,0
"Dune (DOS, Amiga - 1992)",4.70,74
Dune (CD) (DOS - 1992),4.72,59
"Dungeon (DOS, Amiga, Atari ST - 1987)",4.50,3
"Dungeon Adventure (Amstrad CPC, C64 - 1984)",5.00,1
Dungeon of Shalan (DOS - 1988),5.00,3
Dungeon Quest (Amiga - 1989),0.00,0
DungeonHack (Linux - 2009),0.00,0
"Dungeons, Amethysts, Alchemists 'n' Everythin' (Amstrad CPC - 1987)",0.00,0
"Dust: A Tale of the Wired West (Windows 3.x, Mac - 1995)",4.31,13
Dylan Dog: Le Notti della Luna Piena (C64 - 1988),5.00,1
"Dylan Dog: Through the Looking Glass (DOS, Amiga - 1993)",4.80,5
E.T. Phone Home! (Atari 8-bit - 1983),0.00,0
Eagle Eye Mysteries (DOS - 1993),4.85,13
Eagle Eye Mysteries in London (DOS - 1994),4.00,14
"Earthly Delights (DOS, Mac, Apple II - 1984)",4.00,4
Earthquake (C64 - 1983),5.00,1
"Earthquake San Francisco 1906 (Apple II, Atari 8-bit - 1983)",0.00,0
Earthrise (DOS - 1990),4.25,4
EcoQuest: The Search for Cetus (DOS - 1991),4.84,32
"Eden Blues (DOS, Amstrad CPC - 1987)",5.00,6
Egypt 1156 B.C.: Tomb of the Pharaoh (Mac - 1997),5.00,1
Eksperyment Delfin (Amiga - 1995),0.00,0
El Dorado Denki (PC-88 - 1985),5.00,1
"Election (Amstrad CPC, C64 - 1987)",4.50,2
Elroy Goes Bugzerk (Mac - 1995),5.00,1
Elroy Hits the Pavement (Mac - 1996),4.00,5
"Elvira (DOS, Amiga, Atari ST, C64, PC-98 - 1990)",4.65,37
"Elvira II: The Jaws of Cerberus (DOS, Amiga, Atari ST, C64 - 1991)",4.19,31
"Emerald Isle (Amstrad CPC, Atari 8-bit, C64 - 1985)",4.00,1
"Emmanuelle: A Game of Eroticism (DOS, Amiga, Atari ST - 1989)",3.87,15
Empire of Karn (C64 - 1985),4.00,2
"Empire of the Over-Mind (Apple II, Atari 8-bit - 1981)",0.00,0
Enchanted Castle (DOS - 1987),3.00,2
Enchanted Scepters (Mac - 1984),5.00,2
"Enchanter (DOS, Amiga, Amstrad CPC, Apple II, Atari 8-bit, Atari ST, C64 - 1983)",4.00,10
Enchanter: Wakaki Madōshi no Shiren (PC-98 - 1993),0.00,0
Engineering Jones and the Time Thieves of DSPea (DOS - 1991),0.00,0
Enigma Force (C64 - 1986),5.00,2
Eric the Unready (DOS - 1993),4.67,18
Erika to Satoru no Yume Bōken (NES - 1988),0.00,0
Es no Hōteishiki (PC-98 - 1996),5.00,1
"Escape (Apple II, C64 - 1985)",0.00,0
Escape (PC-98 - 1996),0.00,0
Escape from Colditz (Amiga - 1991),5.00,3
Escape from Delirium (DOS - 1995),4.07,15
Escape from Pulsar 7 (C64 - 1983),0.00,0
"Escape from Rungistan (Apple II, PC-88 - 1982)",0.00,0
Escape from the Mindmaster (ColecoVision - 1990),5.00,1
Escape from Traam (Apple II - 1981),0.00,0
"Escape MCP (C64, VIC-20 - 1983)",0.00,0
Escape to Freedom (C64 - 1989),0.00,0
"Espionage Island (Amstrad CPC, C64 - 1985)",0.00,0
"Essex (DOS, Atari 8-bit, C64 - 1985)",5.00,1
Eternam (DOS - 1992),4.18,11
Eureka! (C64 - 1984),4.50,2
EVE burst error (PC-98 - 1995),4.00,2
Evidence: The Last Report (DOS - 1996),3.33,6
"Expedition Amazon (Apple II, C64, PC-88 - 1983)",0.00,0
"Explora III: Sous Le Signe Du Serpent (DOS, Amiga, Atari ST - 1990)",3.67,3
Exterlien (PC-88 - 1990),0.00,0
Faerie (C64 - 1985),0.00,0
"Fahrenheit 451 (DOS, Mac, Apple II, Atari ST, C64 - 1984)",4.71,7
Fame Quest (C64 - 1984),0.00,0
Fantastic Four (DOS - 1985),4.25,4
Fanwor: The Legend of Gemda (Atari ST - 1999),0.00,0
"Fascination (DOS, Amiga, Atari ST - 1992)",4.36,50
Fatal Heritage (Amiga - 1990),0.00,0
"Fatal Relations (Windows, PC-98 - 1998)",3.80,5
"Fatty Bear's Birthday Surprise (DOS, Mac - 1993)",4.58,177
"Feasibility Experiment (Atari 8-bit, C64 - 1982)",0.00,0
Federation (C64 - 1987),0.00,0
File (PC-98 - 1994),0.00,0
"Final Command (Amiga, Atari ST - 1989)",4.00,1
Final Soul (DOS - 1995),5.00,5
"Fish (DOS, Amiga, Atari ST, C64 - 1988)",4.89,9
Flies: Attack on Earth (Amiga - 1993),0.00,0
"Flight of the Amazon Queen (DOS, Amiga - 1995)",4.42,40
"Flunky (Amstrad CPC, C64 - 1987)",0.00,0
Fool's Gold (C64 - 1983),0.00,0
Football Frenzy (C64 - 1987),0.00,0
Forbidden Castle (DOS - 1985),2.50,2
"Forbidden Quest (DOS, Mac - 1983)",3.00,1
Forestland (C64 - 1983),0.00,0
Foul Play: Mystery at Awkward Manor (Mac - 1995),5.00,3
Four Gates to Freedom (VIC-20 - 1983),0.00,0
"Frankenstein Adventure (DOS, C64 - 1992)",4.67,3
Frankenstein: Through the Eyes of the Monster (Mac - 1995),5.00,1
"Frankie Goes to Hollywood (Amstrad CPC, C64 - 1986)",0.00,0
Fred's Backyard (DOS - 1991),5.00,1
Freddi Fish 2: The Case of the Haunted Schoolhouse (Mac - 1996),4.46,32
Freddi Fish 3: The Case of the Stolen Conch Shell (Mac - 1998),4.48,69
Freddi Fish 4: The Case of the Hogfish Rustlers of Briny Gulch (Mac - 1999),4.41,22
Freddi Fish 5: The Case of the Creature of Coral Cove (Mac - 2001),4.58,34
Freddi Fish and the Case of the Missing Kelp Seeds (Mac - 1995),4.11,19
"Freddy Pharkas: Frontier Pharmacist (DOS, Mac - 1993)",4.50,30
Frederik Pohl's Gateway (DOS - 1992),4.59,27
Free D.C! (DOS - 1991),2.33,3
Fuck Quest (Atari ST - 1998),5.00,1
Fugitif: Les Aventures de Jack Bludfield - Part 1 (Amstrad CPC - 1991),5.00,1
"Full Throttle (DOS, Mac - 1995)",4.39,291
Fushigi no Umi no Nadia (Genesis - 1991),0.00,0
"Future Wars: Adventures in Time (DOS, Amiga, Atari ST - 1990)",4.68,28
Futuria (Mac - 1985),0.00,0
"Gabriel Knight: Sins of the Fathers (DOS, Mac - 1993)",4.50,70
"Gadget: Invention, Travel & Adventure (Mac - 1994)",5.00,1
Gakkou de atta Kowai Hanashi (SNES - 1995),0.00,0
Gakuen Bomber (PC-98 - 1994),0.00,0
Gallahad (Atari 8-bit - 1992),0.00,0
GaoGao! 4th: Canaan - Yakusoku no Chi (PC-98 - 1997),0.00,0
Garage (Windows - 1999),4.67,15
Gateway (Mac - 1986),0.00,0
Gateway II: Homeworld (DOS - 1993),4.93,14
Gaudi: Barcelona no Kaze (PC-88 - 1989),0.00,0
"Geisha (DOS, Amiga, Atari ST - 1990)",3.76,21
"Gerbil Riot of '67 (DOS, Amstrad CPC - 1992)",0.00,0
Ghettoblaster (C64 - 1985),0.00,0
Ghost Town (C64 - 1983),0.00,0
Ghost Town (Commodore 16 - 1985),0.00,0
Giantkiller (DOS - 1987),4.50,2
Girls Paradise: Rakuen no Tenshitachi (PC-98 - 1989),1.50,2
Gloria (PC-98 - 1996),3.75,4
"Gnome Ranger (DOS, Amiga, Amstrad CPC, Atari 8-bit, C64 - 1987)",4.78,9
"Gobliiins (DOS, Amiga, Mac, Atari ST - 1992)",4.34,56
"Gobliins 2: The Prince Buffoon (DOS, Amiga, Mac, Atari ST - 1993)",4.53,32
Goblin Towers (C64 - 1983),0.00,0
"Goblins Quest 3 (DOS, Amiga - 1994)",4.51,53
Gold and Glory: The Road to El Dorado (Windows - 2000),5.00,1
"Gold of the Realm (Amiga, Atari ST - 1988)",5.00,1
Gold Rush! (DOS - 1988),4.20,44
Golden Gate (Mac - 1997),4.00,1
Goosebumps: Escape from Horrorland (Windows - 1996),4.35,20
Gord@k (Mac - 1997),0.00,0
Gothmog's Lair (C64 - 1983),0.00,0
Grackon's Curse (Mac - 1995),0.00,0
Grailquest (DOS - 1989),5.00,2
Grand Larceny (C64 - 1984),0.00,0
Grandad 2: In Search of Sandwiches (Atari ST - 1993),5.00,1
Grandad and The Quest for The Holey Vest (Atari ST - 1992),5.00,1
"Grange Hill (Amstrad CPC, C64 - 1987)",0.00,0
"Granny's Garden (Amstrad CPC, C64 - 1987)",2.75,4
Granny's Place (DOS - 1983),3.75,4
"Gremlins: The Adventure (Amstrad CPC, C64 - 1985)",3.00,1
"Gruds In Space (Apple II, Atari 8-bit, C64 - 1983)",4.00,1
Grumpy Gumphrey Supersleuth (Amstrad CPC - 1985),0.00,0
Guardians of Infinity: To Save Kennedy (DOS - 1988),4.50,4
Guilty (DOS - 1995),5.00,2
Gumboots Australia (DOS - 1990),4.43,7
Gundam 0079: The War for Earth (Mac - 1997),4.20,5
"Gunslinger (Atari 8-bit, C64 - 1987)",0.00,0
"Gwendolyn: Pursuit of a Princess (Atari 8-bit, C64 - 1983)",0.00,0
"Hacchake Ayayo-san (PC-88, PC-98 - 1989)",1.50,2
"Hacchake Ayayo-san 2: Ikenai Holiday (PC-88, PC-98 - 1990)",1.00,1
"Hacker (DOS, Amiga, Mac, Amstrad CPC, Atari 8-bit, Atari ST, C64, PC-88 - 1985)",3.82,17
Halls of Death (C64 - 1983),0.00,0
Hamil (DOS - 1987),4.60,5
Hampstead (C64 - 1984),0.00,0
"Hare Raising Havoc (DOS, Amiga - 1991)",4.94,16
"Harlan Ellison: I Have No Mouth, and I Must Scream (DOS, Mac - 1995)",4.55,66
Haunted Mission Adventure (DOS - 1986),4.50,4
"Heart of China (DOS, Amiga, Mac - 1991)",4.71,28
Heaven's Dawn (DOS - 1995),4.64,12
Heavy on the Magick (Amstrad CPC - 1986),0.00,0
Heisei Shin Onigashima: Kōhen (SNES - 1997),0.00,0
Heisei Shin Onigashima: Zenpen (SNES - 1997),0.00,0
Hell: A Cyberpunk Thriller (DOS - 1994),3.54,24
"Hellowoon: Das Geheimnis des Zauberstabs (Amiga, Atari ST, C64 - 1987)",0.00,0
Herakles: The Early Trials (C64 - 1987),3.00,1
Herewith the Clues (Atari ST - 1990),4.00,1
"Hero's Quest: So You Want To Be A Hero (DOS, Amiga, Atari ST - 1989)",4.54,54
"Heroes of Karn (Amstrad CPC, C64 - 1984)",4.00,1
"Hexuma: Das Auge des Kal (DOS, Amiga - 1992)",4.75,4
"Hi-Res Adventure #0: Mission Asteroid (Apple II, Atari 8-bit, C64, PC-88 - 1980)",0.00,0
"Hi-Res Adventure #1: Mystery House (Apple II, PC-88 - 1980)",5.00,1
"Hi-Res Adventure #2: The Wizard and the Princess (DOS, Atari 8-bit, C64, PC-88 - 1982)",3.64,11
Hi-Res Adventure #3: Cranston Manor (PC-88 - 1983),0.00,0
"Hi-Res Adventure #4: Ulysses and the Golden Fleece (DOS, Apple II, Atari 8-bit, C64, PC-88 - 1982)",3.17,6
"Hi-Res Adventure #6: The Dark Crystal (Apple II, Atari 8-bit, PC-88 - 1983)",0.00,0
"High $take$ (DOS, Apple II - 1986)",1.00,1
Hippy's Quest I: PEACE MAN (DOS - 1990),5.00,1
Hobbit: The True Story (DOS - 1993),3.14,7
Hogbear (DOS - 1989),3.00,2
"Hokkaidō Rensa Satsujin: Okhotsk ni Kiyu (NES, PC-88, PC-98 - 1987)",0.00,0
Hokuto no Ken (PC-88 - 1986),5.00,1
Holiday Maker (Amiga - 1988),0.00,0
"Hollywood Hijinx (DOS, Amiga, Mac, Amstrad CPC, Apple II, Atari 8-bit, Atari ST, C64 - 1987)",4.60,5
Homey D. Clown (DOS - 1993),3.67,6
"Hook (DOS, Amiga, Atari ST - 1992)",4.13,15
"Hoshi no Suna Monogatari (PC-88, PC-98 - 1991)",0.00,0
"How to be a Complete Bastard (Amstrad CPC, C64 - 1987)",5.00,2
Hugo II: Whodunit? (DOS - 1991),3.73,11
Hugo III: Jungle of Doom (DOS - 1992),4.60,10
Hugo's House of Horrors (DOS - 1990),4.41,52
Humbug (DOS - 1990),5.00,3
"Hunchback: the Adventure (Amstrad CPC, C64 - 1986)",0.00,0
I Dare You (C64 - 1992),0.00,0
"I, Damiano: The Wizard of Partestrada (DOS - 1985)",5.00,4
I-0: Jailbait on Interstate Zero (DOS - 1997),3.67,3
Ice Palace (C64 - 1985),4.00,1
"Ice Station Zero (C64, ZX Spectrum - 1985)",0.00,0
Icon Jon (Amstrad CPC - 1986),0.00,0
Idol Hakkenden (NES - 1989),4.00,1
Igor: Objective Uikokahonia (DOS - 1995),4.00,7
Ihatovo Monogatari (SNES - 1993),0.00,0
"Imagination (Amstrad CPC, C64, ZX Spectrum - 1987)",0.00,0
Immoral Study (PC-98 - 1996),4.50,2
Immoral Study 2 (PC-98 - 1996),5.00,1
Immoral Study: Scenario 3 (PC-98 - 1996),5.00,2
In Search of the Lost Words (Windows 3.x - 1996),5.00,7
"In Search of The Most Amazing Thing (DOS, Atari 8-bit, C64 - 1983)",3.88,8
In the 1st Degree (Mac - 1996),5.00,2
"In the Dead of Night (DOS, Amiga - 1995)",5.00,18
Inca (DOS - 1992),4.33,3
Inca II: Nations of Immortality (DOS - 1994),4.50,6
Incydent (Atari 8-bit - 1993),0.00,0
Indenture (DOS - 1995),5.00,4
"Indian Mission (Amiga, Atari ST - 1988)",0.00,0
"Indiana Jones and his Desktop Adventures (Windows 3.x, Mac - 1996)",4.00,4
"Indiana Jones and The Fate of Atlantis (DOS, Amiga - 1992)",4.58,97
"Indiana Jones and The Last Crusade: The Graphic Adventure (DOS, Atari ST - 1989)",4.52,67
"Indiana Jones in Revenge of the Ancients (DOS, Apple II - 1987)",4.71,7
"Infidel (DOS, Amiga, Mac, Amstrad CPC, Atari 8-bit, C64 - 1983)",4.71,7
"Ingrid's Back! (DOS, Amiga, Amstrad CPC, Atari 8-bit, C64, ZX Spectrum - 1988)",5.00,3
"Inherit the Earth: Quest for the Orb (DOS, Mac - 1994)",4.45,15
Inhumane (Apple II - 1984),0.00,0
"Innocent Until Caught (DOS, Amiga - 1993)",4.67,3
Inspector Gadget: Mission 1 - Global Terror! (DOS - 1992),4.65,18
Inspektor (Atari 8-bit - 1993),0.00,0
"Inspektor Griffu (DOS, Amiga - 1990)",3.25,4
Intercept (DOS - 1981),1.00,1
Intrigue! (C64 - 1986),5.00,2
Intruder: Sakura Yashiki no Tansaku (PC-88 - 1989),0.00,0
Invaders of the Lost Tomb (C64 - 1985),0.00,0
Invitation (Amstrad CPC - 1987),0.00,0
Island of Mystery Adventure (DOS - 1985),5.00,3
"Island of Secrets (C64, VIC-20 - 1984)",0.00,0
Isle of the Dead (DOS - 1993),3.60,20
"It Came from The Desert (DOS, Amiga - 1990)",4.61,18
Italian Night 1999 (Amiga - 1992),0.00,0
"J.B. Harold 3: D.C. Connection (PC-88, PC-98 - 1989)",5.00,1
J.B. Harold Series #2: Manhattan Requiem - Angels Flying in the Dark (PC-88 - 1987),5.00,1
"Jabato (DOS, Amiga, Atari ST, C64, ZX Spectrum - 1989)",5.00,2
Jacaranda Jim (DOS - 1987),5.00,1
Jack in the Dark (DOS - 1993),4.21,19
Jack the Ripper (DOS - 1995),4.29,7
"Jack the Ripper (Amstrad CPC, C64 - 1987)",4.00,2
"James Bond 007: A View to a Kill (DOS, Mac, Apple II - 1985)",3.80,10
James Bond 007: Goldfinger (DOS - 1986),3.73,11
"James Clavell's Shogun (DOS, Amstrad CPC, C64 - 1988)",5.00,4
"James Clavell's Shogun (DOS, Amiga - 1989)",3.20,5
James Herbert's The Rats (C64 - 1985),3.50,2
Jan Pienkowski Haunted House (Mac - 1997),3.00,5
"Jason of the Argonauts (Amstrad CPC, C64 - 1990)",0.00,0
Jaws (DOS - 1987),4.20,5
"Jeffrey Archer: Not a Penny More, Not a Penny Less - The Computer Game (Amstrad CPC, Atari ST, C64 - 1987)",5.00,1
Jenny of the Prairie (DOS - 1985),0.00,0
Jesus II (PC-88 - 1991),5.00,1
"Jesus: Kyōfu no Bio-Monster (NES, PC-88 - 1989)",5.00,1
"Jewels of Babylon (Amstrad CPC, C64 - 1984)",5.00,1
"Jewels of Darkness (DOS, Amiga - 1987)",4.25,4
Jigoku no Renshū Mondai (PC-88 - 1984),0.00,0
"Jinxter (DOS, Amiga, Mac, Amstrad CPC, Atari 8-bit, Atari ST, C64 - 1988)",5.00,3
Jo Guest in the Milk Round (DOS - 1994),4.64,11
Jolly Jack's Run Ashore (C64 - 1984),0.00,0
"Jonathan (DOS, Amiga - 1993)",4.00,4
Jonny Quest: Curse of the Mayan Warriors (DOS - 1993),4.86,7
Jonny Quest: The Real Adventures - Cover-Up at Roswell (Mac - 1996),5.00,2
"Journey to the Center of the Earth (DOS, Amiga, Atari ST, C64 - 1988)",4.56,13
"Journey: The Quest Begins (DOS, Amiga, Mac, Apple II - 1989)",5.00,5
"Juilliard Music Adventure (Windows 3.x, Mac - 1995)",5.00,2
"Jungle Quest (DOS, Apple II, C64 - 1984)",0.00,0
"Jupiter Mission 1999 (Atari 8-bit, C64 - 1984)",4.00,1
Kaguya-hime Densetsu (NES - 1988),0.00,0
Kai: Tsukikomori (SNES - 1996),0.00,0
Kajko i Kokosz (Amiga - 1994),3.50,2
Kamaitachi no Yoru (SNES - 1994),0.00,0
Kanako (PC-98 - 1996),0.00,0
Karma: Curse of the 12 Caves (Mac - 1995),5.00,1
Karuizawa Yūkai Annai (PC-88 - 1985),0.00,0
Kasiarz (Atari 8-bit - 1994),0.00,0
Kayleth (C64 - 1987),3.00,1
"Kentilla (Amstrad CPC, C64 - 1986)",3.00,1
"KGB (DOS, Amiga - 1992)",4.31,26
"Killed Until Dead (Amstrad CPC, Apple II, C64 - 1987)",5.00,1
"Kimagure Orange Road: Natsu no Mirage (PC-88, PC-98 - 1988)",5.00,1
"King's Quest (DOS, Amiga, Mac, Apple II, Apple IIgs, Atari ST - 1987)",4.37,105
"King's Quest II: Romancing the Throne (DOS, Amiga, Mac, Apple II, Apple IIgs, Atari ST - 1987)",4.46,33
"King's Quest III: To Heir is Human (DOS, Amiga, Mac, Apple II, Apple IIgs, Atari ST - 1986)",4.31,51
"King's Quest IV: The Perils of Rosella (DOS, Amiga, Apple II, Apple IIgs, Atari ST - 1988)",4.14,75
King's Quest V (NES - 1992),5.00,1
"King's Quest V: Absence Makes the Heart Go Yonder! (DOS, Amiga, Mac - 1990)",4.50,65
"King's Quest VI: Heir Today, Gone Tomorrow (DOS, Amiga, Mac - 1992)",4.26,78
King's Quest: Mask of Eternity (DOS - 1998),4.29,47
Kingdom of Hamil (DOS - 1987),4.33,3
"Kingdom: The Far Reaches (DOS, Mac - 1995)",5.00,4
Kiyeko and the Lost Night (Windows 3.x - 1994),5.00,5
Kizuato (PC-98 - 1996),0.00,0
Klątwa (C64 - 1993),4.00,2
"Knight Orc (DOS, Amiga, Mac, Amstrad CPC, Atari 8-bit, C64 - 1987)",4.83,6
"Knight Tyme (Amstrad CPC, C64 - 1986)",0.00,0
"Knightmare (Amstrad CPC, C64 - 1987)",5.00,1
"Kobyashi Naru (DOS, Amstrad CPC, C64 - 1987)",1.33,3
Kotetsu no Daibōken (PC-98 - 1996),0.00,0
Kousoku Chojin (PC-98 - 1996),0.00,0
Kronolog: The Nazi Paradox (DOS - 1993),4.50,4
"Kupiec (Atari 8-bit, C64 - 1993)",0.00,0
Kurayami (PC-98 - 1996),5.00,1
Kusuriyubi no Kyōkasho (PC-98 - 1996),0.00,0
Kwah! (C64 - 1986),0.00,0
Kyōiku Jisshū: Joshi Kōsei Maniacs (PC-98 - 1996),0.00,0
L'affaire Morlov (DOS - 1996),3.50,6
L'Affaire... (DOS - 1986),0.00,0
"L.A. Crackdown (DOS, C64 - 1988)",4.00,4
"La Abadía del Crimen (DOS, Amstrad CPC - 1987)",4.84,6
"La Aventura Espacial (DOS, Amstrad CPC, C64 - 1990)",4.00,1
"La Aventura Original (DOS, Amstrad CPC, Atari ST, C64 - 1989)",4.50,4
"La Diosa de Cozumel (DOS, Amiga, Amstrad CPC, Atari ST, C64 - 1990)",4.33,3
"La Guerra de las Vajillas (Amstrad CPC, C64 - 1988)",0.00,0
LA Law: The Computer Game (DOS - 1992),4.80,5
"Labyrinth (Apple II, C64, PC-88 - 1986)",3.83,6
"Lancelot (DOS, Amiga, Mac, Amstrad CPC, Atari 8-bit, Atari ST, C64 - 1988)",4.44,9
Land of Tezrel (C64 - 1984),0.00,0
Land of the Purple Sea (C64 - 1992),0.00,0
Lapis Philosophorum: The Philosophers' Stone (C64 - 1985),0.00,0
Las Vegas (PC-88 - 1987),5.00,1
Last Days of Doom (DOS - 1988),1.00,1
Last Half of Darkness (DOS - 1989),3.80,10
Last Half of Darkness II (DOS - 1992),3.25,4
Last Half of Darkness III (DOS - 1993),3.34,6
"Law of the West (Apple II, C64, NES, PC-88 - 1985)",4.67,6
Le Diamant de l'Île Maudite (Amstrad CPC - 1986),0.00,0
"Le Labyrinthe de Morphintax (Amstrad CPC, Atari ST - 1991)",0.00,0
Le Mystère de Kikekankoi (Amstrad CPC - 1985),0.00,0
"Leather Goddesses Of Phobos (DOS, Amiga, Mac, Amstrad CPC, Apple II, Atari 8-bit, Atari ST, C64 - 1986)",4.15,20
Leather Goddesses of Phobos! 2: Gas Pump Girls Meet the Pulsating Inconvenience from Planet X (DOS - 1992),4.60,20
"Legend of Djel (DOS, Amiga, Atari ST - 1989)",4.50,4
"Legend of The Sword (DOS, Amiga, Atari ST - 1987)",4.00,9
LEGO Island (Windows - 1997),4.60,50
"Leisure Suit Larry 1: In the Land of the Lounge Lizards (DOS, Amiga, Mac - 1991)",4.42,70
"Leisure Suit Larry 5: Passionate Patti Does a Little Undercover Work (DOS, Amiga, Mac - 1991)",4.03,39
"Leisure Suit Larry 6: Shape Up or Slip Out! (DOS, Mac - 1993)",4.60,35
"Leisure Suit Larry Goes Looking for Love (In Several Wrong Places) (DOS, Amiga, Atari ST - 1988)",4.58,36
"Leisure Suit Larry III: Passionate Patti in Pursuit of the Pulsating Pectorals (DOS, Amiga, Atari ST - 1989)",4.27,33
"Leisure Suit Larry in the Land of the Lounge Lizards (DOS, Amiga, Mac, Apple IIgs, Atari ST - 1987)",4.28,103
Leisure Suit Larry: Love for Sail! (Mac - 1997),4.42,12
Les Manley in: Lost in L.A. (DOS - 1991),4.88,8
"Les Manley in: Search for the King (DOS, Amiga - 1990)",4.46,11
"Les Portes du Temps (DOS, Amiga, Atari ST - 1989)",1.00,1
Life-Term (C64 - 1987),0.00,0
Lifeboat Adventure (C64 - 1988),0.00,0
"Lighthouse: The Dark Being (DOS, Mac - 1996)",4.11,19
Lipstick Adventure (PC-98 - 1988),0.00,0
"Lipstick Adventure 2 (PC-88, PC-98 - 1989)",0.00,0
Lolita 2: Gekō Chase (PC-88 - 1983),5.00,2
Lone Eagle: Colombian Encounter (DOS - 1994),3.25,4
"Loom (DOS, Amiga, Mac, Atari ST - 1990)",4.52,46
Lord Avalot d'Argent (DOS - 1994),3.00,1
"Lords of Doom (DOS, Amiga, Atari ST, C64 - 1990)",3.40,15
"Lords of Time (Amstrad CPC, Atari 8-bit, C64 - 1984)",0.00,0
"Los Pájaros de Bangkok (DOS, Amstrad CPC, C64 - 1988)",0.00,0
"Los Templos Sagrados (DOS, Amiga, Amstrad CPC, Atari ST, C64 - 1991)",5.00,2
Lost Dutchman's Gold (DOS - 1982),2.50,2
"Lost Eden (DOS, Mac - 1995)",4.49,38
Lost in Time (DOS - 1993),4.73,22
Lost Secret of the Rainforest (DOS - 1993),4.59,43
Love's Fiery Imbroglio (DOS - 1988),5.00,1
LucasArts Classic Adventures (DOS - 1992),3.80,15
"Lucifer's Realm (Apple II, Atari 8-bit, C64 - 1984)",5.00,1
"Lucky Luke (DOS, Amstrad CPC, Atari ST, C64 - 1987)",3.88,8
Lula 3D (Windows - 2005),3.00,1
Lumpies of Lotis IV (DOS - 1986),0.00,0
"Lure of The Temptress (DOS, Amiga, Atari ST - 1992)",4.72,25
Macbeth (C64 - 1984),5.00,2
Mad Doctor (C64 - 1985),4.50,4
Madness & the Minotaur (Dragon 32/64 - 1982),0.00,0
Magia (Atari 8-bit - 1993),0.00,0
Magic Castle (C64 - 1984),5.00,1
Magic Fairy Tales: Barbie As Rapunzel (Mac - 1997),4.44,18
Magic Stone (C64 - 1984),0.00,0
Mahjong Cop Ryū (Genesis - 1989),0.00,0
Maison Ikkoku: Kanketsuhen (PC-88 - 1988),0.00,0
Majestic Part 1: Alien Encounter (Mac - 1995),4.00,1
Majik (C64 - 1988),3.00,1
Major Istar: Under the Doomed Sea (Dragon 32/64 - 1986),0.00,0
Man Enough (DOS - 1994),3.71,34
"Manhunter 2: San Francisco (DOS, Amiga, Mac, Atari ST - 1989)",4.38,16
"Manhunter: New York (DOS, Amiga, Apple IIgs, Atari ST - 1988)",4.80,10
"Maniac Mansion (DOS, Amiga, Apple II, Atari ST, C64, NES - 1988)",4.55,20
"Maniac Mansion: Day of the Tentacle (DOS, Mac - 1993)",4.48,46
"Mario's Time Machine (DOS, NES, SNES - 1993)",5.00,17
Marlowe (Atari ST - 1992),0.00,0
Marooned Again (DOS - 1990),4.00,2
Mars (C64 - 1982),0.00,0
Marsport (Amstrad CPC - 1985),0.00,0
Martian Memorandum (DOS - 1991),4.68,28
Marvel Comics Spider-Man: The Sinister Six (DOS - 1996),0.00,0
Marvelous: Mōhitotsu no Takarajima (SNES - 1996),0.00,0
"Masquerade (Apple II, C64, PC-88 - 1983)",0.00,0
Master of Magic (C64 - 1985),4.00,4
Masters of the Elements (Mac - 1999),4.80,5
Masters of the Universe: Super Adventure (C64 - 1986),5.00,1
Matchmaker (C64 - 1988),0.00,0
"Maupiti Island (DOS, Amiga, Atari ST - 1991)",5.00,24
Max and the Magician (Mac - 2001),4.50,2
McMurphy's Mansion (DOS - 1984),3.60,5
"Mean Streets (DOS, Amiga, Atari ST, C64 - 1989)",4.67,12
Mega-Bucks (Amstrad CPC - 1986),0.00,0
"Megacorp (DOS, C64 - 1989)",4.75,4
Megatron VGA (DOS - 1993),1.00,1
Meitantei Conan: Chika Yūenchi Satsujin Jiken (Game Boy - 1996),0.00,0
Mel Odius goes Six String Searchin' (DOS - 1992),2.50,2
Menace of Dr. Spoil Sport (DOS - 1992),3.00,2
Mentor (Amiga - 1994),2.00,1
"Mercenary III: The Dion Crisis (Amiga, Atari ST - 1991)",5.00,2
Merlin's Apprentice (Mac - 1995),0.00,0
Message from Andromeda (Amstrad CPC - 1985),0.00,0
Metal Slader Glory (NES - 1991),0.00,0
Metal Slader Glory: Director's Cut (SNES - 2000),5.00,1
Metal Warrior (C64 - 1999),5.00,1
Metal Warrior 3 (C64 - 2001),5.00,1
Metal Warrior II (C64 - 1999),5.00,1
Metropolis (DOS - 1987),3.67,6
Meurtres en Série (DOS - 1987),4.00,1
"Méwilo (Amiga, Amstrad CPC, Atari ST - 1988)",0.00,0
"Mickey's Space Adventure (DOS, Apple II, C64 - 1986)",3.87,16
Microsoft Adventure (Apple II - 1981),0.00,0
Million Dollar Jewel Heist (C64 - 1991),0.00,0
Mind Castle I (Apple II - 1984),5.00,1
Mindbender (C64 - 1984),0.00,0
"Mindfighter (DOS, Amiga, Amstrad CPC, C64 - 1988)",5.00,4
"Mindshadow (DOS, Mac, Amstrad CPC, Apple II, Atari 8-bit, Atari ST, C64 - 1984)",4.25,8
"Mindwheel (DOS, Apple II, Atari ST, C64 - 1984)",4.33,3
Minos (Atari ST - 1987),0.00,0
Mission Critical (DOS - 1995),4.85,13
Mission: Impossible (DOS - 1991),4.20,15
Misty Blue (PC-88 - 1990),3.50,2
Misty Island (C64 - 1994),0.00,0
Misty Vol.5 (PC-88 - 1990),0.00,0
Mit Jeans und Hellebarde (C64 - 1989),0.00,0
Mixed Up Fairy Tales (DOS - 1992),4.40,15
Mixed-Up Mother Goose (DOS - 1991),4.26,37
"Mixed-Up Mother Goose (DOS, Apple IIgs - 1987)",4.30,10
Mixed-Up Mother Goose Deluxe (Mac - 1995),4.33,6
"Molecule Man (Amstrad CPC, Atari 8-bit, Commodore 16, C64 - 1986)",0.00,0
"Monkey Island 2: LeChuck's Revenge (Amiga, Mac - 1992)",4.32,154
Monty Python & the Quest for the Holy Grail (Mac - 1996),3.43,7
Monty Python's Complete Waste of Time (Mac - 1995),3.67,3
"Moonmist (DOS, Amiga, Mac, Amstrad CPC, Apple II, Atari 8-bit, C64 - 1986)",4.00,5
"Mordon's Quest (Amstrad CPC, Atari 8-bit, C64 - 1985)",0.00,0
Morphman (DOS - 1993),1.00,1
"Mortville Manor (DOS, Amiga, Amstrad CPC, Atari ST - 1988)",5.00,5
Motorcycle Crazy (C64 - 1984),0.00,0
Mountains of Ket (Amstrad CPC - 1986),0.00,0
Movie (Amstrad CPC - 1986),0.00,0
Mr. Potato Head Saves Veggie Valley (Mac - 1996),3.88,17
MTV's Beavis and Butt-Head in Virtual Stupidity (Windows - 1995),5.00,4
MTV's Beavis and Butt-Head: Do U. (Windows - 1998),4.43,7
"MTV: Club Dead (DOS, Mac - 1994)",4.00,4
Muppet Treasure Island (Mac - 1996),4.31,16
Murdac (DOS - 1989),1.00,1
"Murder Club (DOS, PC-88 - 1991)",4.07,15
Murder Cruise (DOS - 1990),4.50,4
Murder Makes Strange Deadfellows (DOS - 1991),4.38,8
"Murder off Miami (Amstrad CPC, C64 - 1986)",4.00,1
"Murder on The Atlantic (DOS, Amstrad CPC, C64 - 1988)",4.00,3
"Murder on the Mississippi (Apple II, C64, NES - 1986)",5.00,2
"Murder on The Zinderneuf (DOS, Apple II, Atari 8-bit, C64 - 1984)",3.86,7
Murder! (DOS - 1991),4.30,10
"Murders in Space (DOS, Amiga, Atari ST - 1990)",3.80,5
"Murders in Venice (DOS, Amiga, Amstrad CPC, Atari ST - 1990)",4.29,7
Murray Mouse: Supercop (C64 - 1992),0.00,0
"Museum Madness (DOS, Mac - 1994)",4.78,9
Mutant (C64 - 1988),0.00,0
Mutant Beach (Mac - 1991),0.00,0
Myst (Mac - 1993),3.60,20
Myst III: Exile (Windows - 2001),0.00,0
"Mystery Fun House (Atari 8-bit, PC-88 - 1981)",0.00,0
Mystery of Munroe Manor (C64 - 1984),0.00,0
Mystery of the Indus Valley (C64 - 1988),0.00,0
"Mystery of the Mummy (DOS, Amiga, C64 - 1988)",3.33,3
"Mystery of the Nile (Amstrad CPC, C64 - 1986)",5.00,3
Mystery Voyage (C64 - 1986),0.00,0
"Myth (DOS, Amiga, Atari ST, C64 - 1989)",3.60,5
Nanobots (Windows - 2006),4.00,4
National Lampoon's Blind Date (Mac - 1994),4.00,4
Naturix (Atari 8-bit - 1994),0.00,0
Naughty Tales (C64 - 2007),3.50,4
"Necris Dome (Amstrad CPC, C64 - 1986)",3.00,1
Nellan is Thirsty (C64 - 1982),0.00,0
Nephi's Quest (DOS - 1990),5.00,1
"Neuromancer (DOS, Amiga, Apple II, Apple IIgs, C64 - 1989)",4.80,20
"Nexus (Amstrad CPC, C64 - 1986)",0.00,0
Night Café (Mac - 1997),0.00,0
Nightlong: Union City Conspiracy (Windows - 1998),0.00,0
Nightshade (NES - 1992),5.00,2
"Nine Princes in Amber (DOS, Apple II, Atari ST, C64 - 1985)",4.46,11
"Nippon Safes, Inc. (DOS, Amiga - 1992)",4.00,11
Nirvana (DOS - 1989),1.00,1
Nishimura Kyōtarō Mystery: Blue Train Satsujinjiken (NES - 1989),5.00,1
Noctropolis (DOS - 1994),4.59,24
Nomad of Time (C64 - 1984),4.00,1
"Nord and Bert Couldn't Make Head or Tail of It (DOS, Amiga, Mac, Apple II, Atari ST, C64 - 1987)",4.67,9
"Nosferatu the Vampyre (Amstrad CPC, C64 - 1986)",4.00,2
Nuclear Adventure or the North Base (Atari 8-bit - 1990),0.00,0
"Obsidian (Windows, Mac - 1997)",4.60,5
Office Building (Mac - 1999),0.00,0
Og the Great (C64 - 1993),0.00,0
Oklib's Revenge (DOS - 1992),5.00,1
"Omnicron Conspiracy (DOS, Amiga, Atari ST - 1989)",3.60,5
Once a King (Atari ST - 1988),0.00,0
Once Upon a Forest (DOS - 1995),4.29,17
"Once Upon A Time: Abracadabra (DOS, Amiga - 1991)",3.50,2
"Once Upon a Time: Baba Yaga (DOS, Amiga - 1991)",4.50,2
"Once Upon A Time: Little Red Riding Hood (DOS, Amiga - 1991)",4.17,6
One Bite Too Deep (C64 - 1985),0.00,0
Onryō Senki (PC-88 - 1988),0.00,0
"Oo-Topos (DOS, Amiga, Apple II, Atari ST, C64 - 1987)",4.67,3
"Ooze: Creepy Nites (DOS, Amiga, Atari ST - 1989)",4.60,5
Opera Fatal (Mac - 1996),5.00,3
Operation Feuersturm (C64 - 1989),0.00,0
Oranda Tsuma wa Denki Unagi no Yume o Miru ka? (PC-88 - 1984),5.00,2
Oregon Trail Deluxe (DOS - 1992),4.17,1143
Orion Quest (C64 - 1984),0.00,0
Orphée: Voyage aux Enfers (DOS - 1985),5.00,2
Oz: The Magical Adventure (Mac - 2000),3.90,10
P.A.W.S. - Personal Automated Wagging System (Mac - 1995),5.00,1
"Pac-Man 2: The New Adventures (Genesis, SNES - 1994)",0.00,0
Pajama Sam 2: Thunder and Lightning aren't so Frightening (Mac - 1998),4.68,45
Pajama Sam 3: You Are What You Eat From Your Head To Your Feet (Mac - 2001),4.65,54
Pajama Sam: No Need to Hide When It's Dark Outside (Mac - 1996),4.60,179
"Pandora (Amiga, Atari ST, C64 - 1988)",1.00,1
Pangea - Return to Planet Earth (DOS - 1993),3.57,7
Panoplia: The Full Armor of God (DOS - 1991),5.00,1
Paranoiak (Apple II - 1984),0.00,0
Paris 1313: The Mystery of Notre-Dame Cathedral (Mac - 1999),3.50,2
Party Quest (C64 - 1995),0.00,0
"Passengers on The Wind (DOS, Amiga, Amstrad CPC, Atari ST, C64 - 1987)",3.88,8
"Passengers on the Wind II (DOS, Amstrad CPC, Atari ST, C64 - 1987)",4.00,4
Payuta and the Ice God (Windows 3.x - 1995),4.60,5
Pechowy Prezent (Amiga - 1995),2.00,1
Pedestrian Devastation (Mac - 1999),0.00,0
Pepper's Adventures in Time (DOS - 1993),4.74,19
"Perry Mason: The Case of the Mandarin Murder (DOS, Apple II, Atari ST, C64 - 1985)",4.60,5
"Perseus & Andromeda (C64, Dragon 32/64 - 1983)",0.00,0
"Peter Pan (Amiga, Amstrad CPC, Atari ST - 1988)",5.00,2
Peter Pan: A Story Painting Adventure (DOS - 1993),4.52,21
Phantasy Star Adventure (Game Gear - 1992),0.00,0
Phantasy Star II Text Adventure: Anne no Bōken (Genesis - 1991),0.00,0
Phantasy Star II Text Adventure: Huey no Bōken (Genesis - 1991),0.00,0
Phantasy Star II Text Adventure: Kinds no Bōken (Genesis - 1990),0.00,0
Phantasy Star II Text Adventure: Shilka no Bōken (Genesis - 1990),0.00,0
Pharaoh's Tomb (VIC-20 - 1982),0.00,0
Pharaoh's Tomb (Commodore 16 - 1986),0.00,0
Philosopher's Quest (DOS - 1987),4.67,6
Photopia (DOS - 1998),5.00,1
Physicus: Save the World with Science! (Mac - 1999),5.00,4
"Pias (PC-88, PC-98 - 1990)",0.00,0
Pięć Gówien Eepcha (Atari 8-bit - 1991),0.00,0
Pilgrim (C64 - 1986),0.00,0
Pimania (Dragon 32/64 - 1982),0.00,0
"Pink Panther (Amiga, Amstrad CPC, Atari ST, C64 - 1988)",3.67,3
"Pinky Ponky Dai-1 Shū: Beautiful Dream (PC-88, PC-98 - 1989)",0.00,0
"Pinky Ponky Dai-2 Shū: Twilight Games (PC-88, PC-98 - 1989)",0.00,0
"Pinky Ponky Dai-3 Shū: Battle Lovers (PC-88, PC-98 - 1989)",0.00,0
Pippi (Mac - 1995),1.00,1
"Pirate Adventure (Atari 8-bit, C64, VIC-20 - 1981)",0.00,0
Pirates: Captain's Quest (Mac - 1997),5.00,2
"Plan 9 from Outer Space (DOS, Amiga, Atari ST - 1992)",4.13,8
"Planet of Lust (DOS, Amiga, Atari ST - 1989)",3.77,13
"Planetfall (DOS, Amiga, Amstrad CPC, Apple II, Atari 8-bit, C64 - 1983)",4.36,14
"Plundered Hearts (DOS, Amiga, Mac, Amstrad CPC, Apple II, Atari 8-bit, C64 - 1987)",4.89,9
Pocky 2: Kaijin Aka Manto no Chōsen (PC-88 - 1991),0.00,0
"Police Quest 2: The Vengeance (DOS, Amiga, Atari ST - 1988)",4.68,25
"Police Quest 3: The Kindred (DOS, Amiga - 1991)",4.21,61
"Police Quest: In Pursuit of the Death Angel (DOS, Amiga, Mac, Apple IIgs, Atari ST - 1987)",4.50,31
Police Quest: In Pursuit of the Death Angel (DOS - 1992),3.99,42
Poltergeist (Amiga - 1995),1.50,2
Pork 2 (Atari ST - 1989),0.00,0
Pork I: The Great Underground Sewer System (DOS - 1991),0.00,0
Porky's (Atari 8-bit - 1983),0.00,0
"Portal (DOS, Amiga, Apple II, C64 - 1986)",4.80,5
"Portopia Renzoku Satsujin Jiken (NES, PC-88 - 1985)",0.00,0
"Postman Pat 2 (Amstrad CPC, C64 - 1989)",0.00,0
"Presumed Guilty! (DOS, C64 - 1989)",5.00,4
Princess Tomato in the Salad Kingdom (NES - 1988),0.00,0
Prisoner 2 (Apple II - 1982),0.00,0
"Prisoner of Ice (DOS, Mac - 1995)",4.05,39
Projekt Prometheus (C64 - 1991),0.00,0
"Psy-O-Blade (Genesis, PC-88 - 1990)",5.00,4
Psychic Detective (DOS - 1995),4.21,13
"Psycho (DOS, Amiga, Atari ST, C64 - 1988)",3.00,4
Psycho Killer (DOS - 1993),2.92,12
Pub Quest (C64 - 1984),0.00,0
"Putt-Putt Goes to the Moon (DOS, Mac - 1993)",4.66,145
Putt-Putt Joins the Circus (Mac - 2000),4.81,35
"Putt-Putt Joins the Parade (DOS, Mac - 1992)",4.58,285
Putt-Putt Saves the Zoo (Mac - 1996),4.48,66
Putt-Putt Travels Through Time (Mac - 1997),4.80,30
Puzz 3D: Victorian Mansion (Mac - 1999),0.00,0
"Pyramid (C64, VIC-20 - 1983)",0.00,0
Pyramid of Doom (Dragon 32/64 - 1984),0.00,0
"Pyst (Windows, Mac - 1996)",1.00,2
Qin: Tomb of the Middle Kingdom (Mac - 1996),0.00,0
Quann Tulla (C64 - 1985),0.00,0
Quantum Gate (Windows 3.x - 1993),3.67,3
"Quest for Glory I: So You Want To Be A Hero (DOS, Mac - 1992)",4.58,64
"Quest for Glory II: Trial by Fire (DOS, Amiga - 1990)",4.33,36
Quest for Glory III: Wages of War (DOS - 1992),4.45,40
Quest for Glory V: Dragon Fire (Mac - 1998),4.45,11
Quest for Glory: Shadows of Darkness (DOS - 1993),4.55,39
"Quest for Quintana Roo (Atari 8-bit, ColecoVision, C64 - 1984)",0.00,0
Quest ][ (DOS - 1995),1.50,2
"Questprobe: Featuring Human Torch and the Thing (DOS, Amstrad CPC, Atari 8-bit, C64 - 1985)",4.25,4
Rags to Riches (C64 - 1985),5.00,5
Raiders (Dragon 32/64 - 1982),0.00,0
Rainbow Fish and the Whale (Mac - 2001),0.00,0
Rama (Mac - 1997),4.75,4
Rambo: First Blood Part II (DOS - 1985),3.99,45
"Rasputin (Amstrad CPC, C64 - 1986)",5.00,1
Rave Shuttle: The Cosmic Challenge (Mac - 1997),0.00,0
"Realm (Amstrad CPC, C64 - 1987)",0.00,0
Realm of Chaos: Village of Lost Souls (Amstrad CPC - 1987),0.00,0
Realm of Darkness (C64 - 1988),0.00,0
"Realms of Darkness (Apple II, C64, PC-88 - 1987)",5.00,1
"Rebel Planet (Amstrad CPC, C64 - 1986)",0.00,0
"Red Moon (Amstrad CPC, Atari 8-bit, C64 - 1985)",5.00,1
Redhawk (C64 - 1986),4.00,1
RedJack: The Revenge of the Brethren (Windows - 1998),0.00,0
Relentless: Twinsen's Adventure (DOS - 1995),4.53,79
"Rendezvous with Rama (DOS, Apple II, C64 - 1985)",4.43,7
Return of the Phantom (DOS - 1993),4.37,19
Return to Doom (DOS - 1988),4.40,5
"Return to Eden (Amstrad CPC, Atari 8-bit, C64 - 1984)",3.00,1
"Return to Oz (Amstrad CPC, C64 - 1986)",5.00,1
Return to Ringworld (DOS - 1994),4.11,18
"Return to Zork (DOS, Mac - 1993)",4.20,41
"Rex Nebular and the Cosmic Gender Bender (DOS, Mac - 1992)",4.44,33
Richard Scarry's BusyTown (Genesis - 1994),0.00,0
"Rigel's Revenge (Amstrad CPC, C64 - 1987)",5.00,1
Ring of Power (C64 - 1983),0.00,0
"Ring Quest (Apple II, PC-88 - 1985)",0.00,0
Ring: The Legend of the Nibelungen (Mac - 1998),5.00,1
Ringworld: Revenge of the Patriarch (DOS - 1992),4.77,18
Ripper! (C64 - 1984),4.00,1
"Rise of The Dragon (DOS, Amiga, Mac - 1990)",4.61,54
Riven: The Sequel to Myst (Mac - 1997),3.60,5
RJ's Ultimatum (C64 - 1993),0.00,0
"Roberta Williams' King's Quest I: Quest for the Crown (DOS, Amiga - 1990)",4.54,11
"Roberta Williams' King's Quest VII: The Princeless Bride (DOS, Mac - 1994)",4.20,93
Roberta Williams' Mixed-Up Mother Goose (DOS - 1991),5.00,9
Roberta Williams' Phantasmagoria (DOS - 1995),4.42,113
"Robin of Sherwood: The Touchstones of Rhiannon (Amstrad CPC, C64 - 1985)",4.50,2
Robinson Crusoe (Mac - 2001),4.00,2
Robinson Crusoe (Amstrad CPC - 1987),0.00,0
"Robinson's Requiem (DOS, Amiga, Mac, Atari ST - 1994)",4.54,29
Robomaze III: The Dome (DOS - 1991),3.33,3
Robomaze: The Basement (DOS - 1991),1.00,1
Robot City (Mac - 1995),5.00,1
Robot Odyssey (DOS - 1985),4.78,49
"Robots of Dawn (Apple II, C64 - 1984)",0.00,0
Roderic (Atari 8-bit - 1992),0.00,0
Rogue: The Adventure Game (DOS - 1983),4.50,22
"Romantic Encounters at The Dome (DOS, Amiga, Mac - 1988)",4.80,5
"Rome: Pathway to Power (DOS, Amiga - 1993)",4.57,30
Runestone (Amstrad CPC - 1985),0.00,0
S*M*A*S*H*E*D (C64 - 1987),5.00,1
Saigon: The Final Days (Atari 8-bit - 1981),0.00,0
Salad no Kuni no Tomato-hime (PC-88 - 1984),5.00,1
Salvage (C64 - 1985),0.00,0
Sam & Max: Hit the Road (Mac - 1996),4.33,6
Sanma no Meitantei (NES - 1987),0.00,0
"Sapiens (DOS, Amstrad CPC, Atari ST - 1987)",3.50,8
"Savage Island (Commodore 16, C64 - 1986)",0.00,0
"Scapeghost (DOS, Amiga, Amstrad CPC, Atari ST, C64 - 1989)",4.67,6
School Maze (Dragon 32/64 - 1982),0.00,0
Scooby-Doo Mystery (Genesis - 1995),4.00,4
Scooby-Doo Mystery (SNES - 1995),5.00,1
Scooby-Doo!: Case File #1 - The Glowing Bug Man (Windows - 2002),0.00,0
Scooby-Doo!: Case File N°2 - The Scary Stone Dragon (Windows - 2003),0.00,0
Scooby-Doo!: Jinx at the Sphinx (Windows - 2001),0.00,0
Scooby-Doo!: Mystery of the Fun Park Phantom (Windows - 1999),0.00,0
Scooby-Doo!: Phantom of the Knight (Windows - 2001),0.00,0
Scooby-Doo!: Show Down in Ghost Town (Windows - 2000),4.00,1
Scoop! (C64 - 1985),0.00,0
"Scott Adams' Graphic Adventure #1: Adventureland (Atari 8-bit, C64 - 1983)",2.00,1
"Scott Adams' Graphic Adventure #2: Pirate Adventure (Atari 8-bit, C64 - 1982)",2.00,1
Scott Adams' Graphic Adventure #3: Secret Mission (Atari 8-bit - 1982),0.00,0
"Scott Adams' Graphic Adventure #4: Voodoo Castle (Atari 8-bit, C64 - 1983)",3.50,2
Scott Adams' Graphic Adventure #5: The Count (Atari 8-bit - 1982),0.00,0
Scott Adams' Graphic Adventure #6: Strange Odyssey (Atari 8-bit - 1982),0.00,0
Scrooge (DOS - 1991),4.33,3
Se-Kaa of Assiah (C64 - 1985),3.00,1
Sea Quest (DOS - 1984),5.00,2
"Seabase Delta (Amstrad CPC, C64 - 1986)",0.00,0
Search for the Golden Dolphin (Mac - 1999),5.00,1
"Seas of Blood (Amstrad CPC, C64 - 1985)",0.00,0
Season of the Sakura (DOS - 1997),4.35,81
"Seastalker (DOS, Amiga, Mac, Amstrad CPC, Apple II, Atari 8-bit, C64 - 1984)",4.60,5
"Secret Mission (C64, Dragon 32/64, PC-88, VIC-20 - 1984)",3.00,1
Secret of Kandar (C64 - 1986),0.00,0
Secrets of the Luxor (Mac - 1996),0.00,0
Seirei Gari (NES - 1989),0.00,0
Sen (Amiga - 1995),1.00,1
Sentient (Windows - 1997),4.00,2
Sethi and the Inca Wizard (Mac - 2001),0.00,0
Sex And Violence Vol 1 (C64 - 1988),3.43,7
"Sex Olympics (DOS, Amiga, Atari ST - 1990)",4.12,16
"Sex Vixens from Space (DOS, Amiga, Atari ST, C64 - 1989)",3.68,40
"Seymore Butts Interactive II ""In Pursuit Of Pleasure"" (Windows - 1995)",0.00,0
Shades (C64 - 1985),3.00,1
"Shadowfire (Amstrad CPC, C64 - 1986)",0.00,0
"Shadowgate (DOS, Amiga, Mac, Apple IIgs, Atari ST, NES - 1988)",4.22,9
Shadows in the Night (C64 - 1995),0.00,0
Shannara (DOS - 1995),4.78,18
"Shard of Inovar (DOS, Amstrad CPC, C64 - 1987)",5.00,2
Sheer Agony (Atari ST - 1995),3.00,2
"Sheila Rae, the Brave (Windows - 1996)",4.00,2
"Shenanigans (DOS, Dragon 32/64 - 1984)",5.00,2
Sherlock (C64 - 1985),4.50,2
"Sherlock Holmes in ""Another Bow"" (DOS, C64 - 1985)",3.67,3
"Sherlock Holmes: Consulting Detective (DOS, Mac - 1991)",4.26,19
Sherlock Holmes: Consulting Detective - Volume II (DOS - 1992),4.00,4
Sherlock Holmes: Consulting Detective - Volume III (DOS - 1993),3.75,4
Sherlock Holmes: The Vatican Cameos (DOS - 1986),5.00,4
"Sherlock: The Riddle of the Crown Jewels (DOS, Amiga, Mac, C64 - 1988)",5.00,6
Sherwood Forest (Apple II - 1982),0.00,0
Shiryō Sensen 2 - War of the Dead Part 2 (PC-88 - 1989),0.00,0
Shivers (DOS - 1995),4.51,45
Shivers (Mac - 1996),4.17,6
Shizuku (PC-98 - 1996),0.00,0
Shogun (DOS - 1986),3.33,3
Shultz's Treasure (DOS - 1983),3.00,3
Shura no Mon (Genesis - 1992),0.00,0
"Sidewalk (DOS, Amstrad CPC, C64 - 1987)",5.00,1
Silent Hill 2: Restless Dreams (Windows - 2002),4.50,2
Silent Möbius: Case: Titanic (PC-98 - 1990),4.00,1
"Silicon Dreams (DOS, Amstrad CPC, Atari ST - 1987)",4.25,8
Silverload (DOS - 1995),3.90,10
"Simon the Sorcerer (DOS, Amiga - 1993)",4.31,78
"Simon the Sorcerer II: The Lion, the Wizard and the Wardrobe (DOS - 1995)",4.24,29
Sixth Sense Investigations (Amiga - 1998),0.00,0
Skarbnik (Amiga - 1994),3.00,2
Skaut Kwatermaster (Amiga - 1995),3.50,2
Skegpool Rock: Operation Annihilation (C64 - 1988),0.00,0
Skull (C64 - 1984),0.00,0
Skull Island (C64 - 1985),0.00,0
"Sláine, the Celtic Barbarian (Amstrad CPC, C64 - 1987)",4.00,2
Slaygon (Atari ST - 1988),0.00,0
"Sleeping Gods Lie (DOS, Amiga, Atari ST - 1991)",4.67,3
Sleuth (DOS - 1983),4.25,16
"Snatcher (PC-88, SEGA CD - 1988)",5.00,4
"Snooper Troops (DOS, Apple II, C64 - 1982)",4.07,15
"Snooper Troops: Case #2 - The Case of the Disappearing Dolphin (DOS, C64 - 1982)",4.10,10
"Snoopy: The Cool Computer Game (DOS, Amiga, Amstrad CPC, Atari ST - 1990)",4.37,16
"Snowball (Amstrad CPC, Atari 8-bit, C64 - 1984)",0.00,0
"Softporn Adventure (DOS, Apple II, Atari 8-bit - 1991)",3.50,10
"Sorcerer (DOS, Amstrad CPC, Apple II, Atari 8-bit, Atari ST, C64 - 1984)",4.25,8
"Sorcerer of Claymorgue Castle (DOS, Apple II, Atari 8-bit, C64 - 1993)",4.33,6
Sorcerer's Castle Adventure (C64 - 1982),0.00,0
"Soul Crystal (DOS, Amiga, C64 - 1992)",3.86,7
Souls of Darkon (C64 - 1986),0.00,0
Space Quest 6: Roger Wilco in the Spinal Frontier (DOS - 1995),4.04,48
"Space Quest I: Roger Wilco in the Sarien Encounter (DOS, Amiga - 1991)",4.45,29
"Space Quest II: Chapter II - Vohaul's Revenge (DOS, Amiga, Apple IIgs, Atari ST - 1987)",4.11,27
"Space Quest III: The Pirates of Pestulon (DOS, Amiga, Mac, Atari ST - 1989)",4.37,46
"Space Quest IV: Roger Wilco and the Time Rippers (DOS, Amiga, Mac - 1991)",4.50,55
Space Quest V: The Next Mutation (DOS - 1993),4.50,36
"Space Quest: Chapter I - The Sarien Encounter (DOS, Amiga, Apple IIgs, Atari ST - 1986)",4.60,53
Spaceship Warlock (Mac - 1991),4.50,6
"Special Operations (Amstrad CPC, C64 - 1984)",4.00,1
"Spellbound (Amstrad CPC, Atari 8-bit, C64 - 1985)",0.00,0
"Spellbreaker (DOS, Amiga, Amstrad CPC, Apple II, Atari 8-bit, C64 - 1985)",4.80,5
Spellcasting 101: Sorcerers get all the Girls (DOS - 1990),4.67,21
Spellcasting 201: The Sorcerer's Appliance (DOS - 1991),4.92,12
Spellseeker (C64 - 1987),0.00,0
"Spider-Man (DOS, Atari 8-bit - 1986)",4.69,16
Spirit of the Stones (C64 - 1984),5.00,1
Spooks (Windows - 2006),4.17,6
Spore (DOS - 1991),0.00,0
SPQR: The Empire's Darkest Hour (Mac - 1997),4.20,5
"Spy Fox 2: ""Some Assembly Required"" (Mac - 1999)",4.31,16
"Spy Fox in ""Dry Cereal"" (Mac - 1997)",4.50,32
"Spy Fox: ""Operation Ozone"" (Mac - 2001)",4.50,6
Spy Snatcher (DOS - 1992),4.00,4
Spy-Trek Adventure (Amstrad CPC - 1986),0.00,0
Sram 1 (DOS - 1987),5.00,1
Sram 2 (DOS - 1987),5.00,3
Staff of Power (C64 - 1993),0.00,0
Star Trader (C64 - 1984),5.00,1
"Star Trap (Amstrad CPC, Atari ST - 1989)",0.00,0
"Star Trek: 25th Anniversary (DOS, Amiga, Mac - 1992)",4.61,53
Star Trek: First Contact (DOS - 1988),5.00,3
Star Trek: Judgment Rites (DOS - 1993),4.68,19
Star Trek: Judgment Rites (Limited CD-ROM Collector's Edition) (DOS - 1995),4.72,29
"Star Trek: The Kobayashi Alternative (DOS, Apple II, C64 - 1985)",4.75,4
"Star Trek: The Next Generation - ""A Final Unity"" (DOS, Mac - 1995)",4.45,20
Star Trek: The Next Generation - The Transinium Challenge (DOS - 1990),4.44,9
"Star Trek: The Promethean Prophecy (DOS, Mac, C64 - 1986)",4.50,6
"Star Wreck (Amstrad CPC, C64 - 1987)",0.00,0
"StarBlade (DOS, Amiga, Atari ST - 1990)",4.00,3
"Starcross (DOS, Amiga, Mac, Amstrad CPC, Apple II, Atari 8-bit, C64 - 1982)",3.91,11
Starflight: A Cosmic Adventure (C64 - 1993),4.50,2
Starship Andromeda (C64 - 1985),4.00,1
Starship Titanic (Mac - 1999),4.56,9
"Stationfall (DOS, Amiga, Mac, Amstrad CPC, Atari 8-bit, Atari ST, C64 - 1987)",5.00,2
Stay Tooned! (Mac - 1996),4.60,10
Steve Meretzky's Spellcasting 301: Spring Break (DOS - 1992),5.00,12
"Stifflip & Co. (Amstrad CPC, C64 - 1987)",4.00,1
"Stormbringer (Amstrad CPC, C64 - 1987)",0.00,0
"Strange Odyssey (Atari 8-bit, C64, Dragon 32/64 - 1981)",0.00,0
Streets of London (C64 - 1983),0.00,0
Stugan (DOS - 1986),3.00,1
Subsunk (C64 - 1985),5.00,1
Sultan's Maze (Amstrad CPC - 1984),0.00,0
Sunny Shine on the Funny Side of Life (C64 - 1990),5.00,1
Super Gran: The Adventure (C64 - 1985),0.00,0
Super Solvers: Midnight Rescue! (DOS - 1989),4.61,68
Super Spy (Mac - 1996),5.00,1
Superboy: Spies from Outer Space (Mac - 1996),5.00,1
Superhero League of Hoboken (DOS - 1994),4.60,15
Superman: The Mysterious Mr. Mist (Mac - 1996),1.00,1
Supernova (DOS - 1987),2.33,3
Survivor: The Interactive Game (Mac - 2001),4.75,4
Susan (A lustful Game) (DOS - 1988),4.50,4
"Suspect (DOS, Amiga, Mac, Amstrad CPC, Apple II, Atari 8-bit, C64 - 1984)",4.80,5
"Suspended (DOS, Amiga, Mac, Amstrad CPC, Apple II, Atari 8-bit, C64 - 1983)",5.00,6
"Suspicious Cargo (Amiga, Atari ST - 1991)",0.00,0
Sweet Sixteen (C64 - 1986),4.50,2
"Swiss Family Robinson (Apple II, C64 - 1984)",3.60,5
Symbiocom (Mac - 1998),0.00,0
System's Twilight (Mac - 1994),5.00,1
T-Zero (DOS - 1991),2.50,2
Taiyō no Shinden (PC-88 - 1986),0.00,0
Tajemnica Bursztynowej Komnaty (Amiga - 1996),5.00,1
"Talespin (Amiga, Atari ST - 1989)",0.00,0
Talisman: Challenging the Sands of Time (DOS - 1987),4.75,4
"Tangled Tales (DOS, Apple II, C64 - 1989)",4.50,17
Tantei Jingūji Saburō: Toki no Sugiyuku Mama ni (NES - 1990),0.00,0
Tantei Jingūji Saburō: Yokohama-kō Renzoku Satsujin Jiken (NES - 1988),0.00,0
"Tass Times in Tonetown (DOS, Amiga, Mac, Apple II, Apple IIgs, C64 - 1986)",4.33,15
"Teen Agent (DOS, Amiga - 1995)",4.13,23
Temple of Terror (C64 - 1987),5.00,1
Ten Little Indians (C64 - 1984),0.00,0
Tenshitachi no Gogo (PC-88 - 1985),5.00,1
Tenshitachi no Gogo II: Bangai-hen (PC-88 - 1988),5.00,1
Tenshitachi no Gogo II: Minako (PC-88 - 1987),0.00,0
Tenshitachi no Gogo III: Bangai-hen (PC-88 - 1989),5.00,1
Tenshitachi no Gogo III: Ribbon (PC-88 - 1989),0.00,0
Tequila & Boom Boom (DOS - 1995),4.63,8
Teresa: House Guest (DOS - 1993),3.72,53
"Terror of the Deep (Amstrad CPC, C64 - 1987)",5.00,1
Terrormolinos (C64 - 1985),0.00,0
The 11th Hour (DOS - 1995),4.30,20
The 4th Unit (PC-88 - 1987),0.00,0
The 4th Unit 2 (PC-88 - 1988),5.00,2
"The 7th Guest (DOS, Mac - 1993)",3.89,70
The Abbey (DOS - 1993),0.00,0
The Adventure (DOS - 1988),0.00,0
The Adventure Collection (DOS - 1995),4.50,2
The Adventures of Alice who Went Through the Looking-Glass and Came Back Though Not Much Changed (DOS - 1986),3.67,3
"The Adventures of Bond... Basildon Bond (Amstrad CPC, C64 - 1986)",0.00,0
"The Adventures of Buckaroo Banzai: Across the Eighth Dimension (DOS, Apple II, Atari 8-bit, C64 - 1985)",2.33,3
The Adventures of Down Under Dan (DOS - 1995),4.19,16
The Adventures of Gilligan's Island (NES - 1990),5.00,1
The Adventures of Lance (DOS - 1990),3.00,1
"The Adventures of Maddog Williams in the Dungeons of Duridian (DOS, Amiga, Atari ST - 1992)",4.80,5
The Adventures of Melvin Freebush (DOS - 1993),2.90,10
"The Adventures of Robin Hood (DOS, Amiga, Atari ST - 1992)",4.50,12
"The Adventures of Willy Beamish (DOS, Amiga - 1991)",4.87,96
"The Alpine Encounter (DOS, Apple II, C64 - 1985)",4.25,4
"The Amazon Trail (DOS, Mac - 1993)",4.10,135
"The Archers (Amstrad CPC, Atari 8-bit, C64 - 1987)",0.00,0
The Argon Factor (C64 - 1990),0.00,0
The Asian Challenge (DOS - 1989),0.00,0
The Awe-Chasm (DOS - 1991),0.00,0
The Awesome Adventures of Victor Vector & Yondo: The Cyberplasm Formula (Mac - 1995),4.00,1
The Awesome Adventures of Victor Vector & Yondo: The Hypnotic Harp (Mac - 1993),3.33,3
The Awesome Adventures of Victor Vector & Yondo: The Last Dinosaur Egg (Mac - 1993),4.00,1
The Beverly Hillbillies (DOS - 1993),3.91,11
The Big Red Adventure (DOS - 1995),3.13,8
"The Big Sleaze (Amstrad CPC, C64 - 1987)",0.00,0
"The Black Cauldron (DOS, Amiga, Apple II, Apple IIgs, Atari ST - 1986)",4.52,23
The Black Sanctum (DOS - 1984),3.25,4
The Blade of Blackpoole (Atari 8-bit - 1983),0.00,0
"The Boggit: Bored Too (Amstrad CPC, C64 - 1986)",0.00,0
The Bounty Hunter (C64 - 1987),0.00,0
The Bugs Bunny Birthday Blowout (NES - 1990),0.00,0
"The C.H.A.O.S. Continuum (Windows 3.x, Mac - 1994)",5.00,2
The Captive (C64 - 1985),0.00,0
The Case of the Cautious Condor (DOS - 1992),3.00,5
"The Case of the Mixed-Up Shymer (Amstrad CPC, C64 - 1987)",0.00,0
The Cassandra Galleries (Mac - 1997),0.00,0
The Causes of Chaos (C64 - 1985),0.00,0
"The Cave of Time (Apple II, C64 - 1985)",0.00,0
The Child Murderer (Amiga - 1994),4.00,1
The Citadel of Chaos (C64 - 1984),0.00,0
"The Clue! (DOS, Amiga - 1994)",4.83,23
The ClueFinders: 4th Grade Adventures (Mac - 1998),4.34,29
"The Colonel's Bequest (DOS, Amiga, Atari ST - 1989)",4.74,116
"The Colony (DOS, Amiga, Mac - 1988)",4.91,11
"The Colour of Magic (Amstrad CPC, C64 - 1986)",0.00,0
"The Count (Atari 8-bit, C64, VIC-20 - 1981)",0.00,0
"The Crack of Doom (DOS, Mac, Apple II, C64 - 1989)",3.86,7
"The Crimson Crown (DOS, Amiga, Mac, Apple II, Atari ST, C64, PC-88 - 1986)",3.83,6
The Crystal Frog (C64 - 1984),0.00,0
The Cup (C64 - 1988),0.00,0
The Curse (C64 - 1984),0.00,0
The Curse of Crowley Manor (Apple II - 1982),0.00,0
The Curse of Sherwood (C64 - 1987),5.00,1
The Dagger of Amon Ra (DOS - 1992),4.87,40
"The Dallas Quest (Apple II, Atari 8-bit, C64 - 1984)",5.00,1
The Dark Convergence II (DOS - 1994),3.50,2
The Dark Eye (Mac - 1995),4.75,8
The Dark Half (DOS - 1992),3.86,7
The Darkest Road (C64 - 1993),0.00,0
The Death Trap (PC-88 - 1984),0.00,0
"The Demon's Forge (DOS, Apple II - 1987)",3.67,6
The Detective (C64 - 1986),0.00,0
The Dig (DOS - 1995),4.32,38
The Dungeons (C64 - 1983),0.00,0
The Eire Raising Adventures of Seamus O'Mally (Amiga - 1995),5.00,1
The Enchanted Realm (Atari ST - 1988),0.00,0
"The Fabulous Wanda and the Secret of Life, the Universe, and Everything (C64 - 1983)",2.00,1
"The Famous Five: Five on a Treasure Island (Amstrad CPC, C64 - 1990)",3.33,3
The Fantasy Collection (Windows 3.x - 1995),4.67,3
The Farmer's Daughter (C64 - 1988),5.00,2
The Feeble Files (Mac - 2003),5.00,3
"The Fellowship of The Ring (DOS, Mac, Amstrad CPC, Apple II, C64 - 1986)",4.48,21
The Fennels Figure Math (Windows - 1996),0.00,0
"The Final Battle (DOS, Amiga, Atari ST - 1991)",3.60,5
"The Fourth Protocol (DOS, Amstrad CPC, C64 - 1987)",4.33,6
"The Golden Baton (C64, VIC-20 - 1983)",0.00,0
The Golden Path (Amiga - 1986),2.00,1
"The Golden Voyage (C64, Dragon 32/64 - 1983)",0.00,0
The Graphic Adventure Creator (C64 - 1986),4.67,3
"The Great Escape (DOS, Amstrad CPC, C64 - 1987)",4.20,10
The Great Machine (DOS - 2005),0.00,0
"The Growing Pains of Adrian Mole (Amstrad CPC, C64 - 1988)",2.50,2
"The Guild of Thieves (DOS, Amiga, Amstrad CPC, Atari 8-bit, Atari ST, C64 - 1987)",4.44,9
The Helm (C64 - 1985),0.00,0
The Hermit's Secret (DOS - 1982),4.00,1
"The Hitchhiker's Guide to the Galaxy (DOS, Amiga, Mac, Amstrad CPC, Apple II, Atari 8-bit, C64 - 1984)",4.33,82
"The Hobbit (DOS, Mac, Amstrad CPC, C64 - 1983)",4.66,38
"The Holy Grail (DOS, Apple II - 1984)",4.50,4
"The Hound of Shadow (DOS, Amiga, Atari ST - 1989)",4.40,10
The House at the Edge of Time (DOS - 1990),1.00,1
"The Hulk (DOS, C64 - 1984)",4.50,12
The Infocom Collection (DOS - 1992),2.67,6
The Inheritance: Chaos in Scotland (C64 - 1987),0.00,0
"The Inheritance: Panic in Las Vegas (C64, ZX Spectrum - 1987)",0.00,0
"The Institute (Apple II, Atari 8-bit, C64 - 1983)",0.00,0
The Interactive Adventures Of Seymore Butts (Windows 3.x - 1993),0.00,0
The Island of Dr. Brain (DOS - 1992),4.33,37
The Island of Lost Hope (Amiga - 1989),0.00,0
The Jade Necklace (C64 - 1987),0.00,0
The Jetsons: George Jetson and the Legend of Robotopia (Amiga - 1989),5.00,2
The Journey (Mac - 1996),0.00,0
"The King of Chicago (DOS, Amiga, Mac - 1987)",3.67,6
"The Koshan Conspiracy (DOS, Amiga, Atari ST - 1992)",4.60,10
"The Kristal (DOS, Amiga, Atari ST - 1989)",3.78,9
The Labyrinth of Time (DOS - 1993),3.91,11
The Last Express (Mac - 1997),3.00,4
The Last Inca (Amiga - 1989),5.00,1
The Legacy: Realm of Terror (DOS - 1993),4.47,15
"The Legend of Apache Gold (Amstrad CPC, C64 - 1986)",5.00,1
"The Legend of Kyrandia (DOS, Amiga - 1992)",4.69,62
The Legend of Kyrandia: Book 3 - Malcolm's Revenge (DOS - 1994),4.52,29
The Legend of Kyrandia: Hand of Fate (DOS - 1993),4.54,54
The Legend of Lotus Spring (Mac - 2000),3.00,1
The Lost City (C64 - 1985),0.00,0
"The Lost Crown of Queen Anne (DOS, C64 - 1988)",4.00,2
The Lost Files of Sherlock Holmes (DOS - 1992),4.66,26
The Lost Kingdom of Zkul / West (Atari ST - 1986),0.00,0
"The Lost Treasures of Infocom II (DOS, Mac - 1992)",5.00,1
The Lost World (C64 - 1993),0.00,0
"The Lurking Horror (DOS, Amiga, Mac, Amstrad CPC, Apple II, Atari 8-bit, C64 - 1987)",4.05,60
The Magic Death: Virtual Murder 2 (Windows 3.x - 1993),0.00,0
The Magic School Bus Explores Bugs (Mac - 2000),4.67,12
The Magic Toyshop (DOS - 1995),1.00,1
The Magician's Ball (C64 - 1985),0.00,0
"The Magnetic Scrolls Collection (DOS, Amiga, Atari ST - 1991)",4.30,17
"The Manhole (DOS, Mac - 1989)",4.67,6
"The Mask of the Sun (Apple II, Atari 8-bit, C64 - 1982)",0.00,0
The Mind Electric (DOS - 1995),3.67,3
The Miser's House (DOS - 1981),4.50,4
"The Mist (DOS, Mac - 1985)",3.83,6
The Multi-dimensional Thief (DOS - 1991),0.00,0
The Mummy Mystery (Mac - 2001),4.67,6
The Mystery of the Lost Sheep (C64 - 1986),0.00,0
"The Neverending Story (Amstrad CPC, Apple II, Atari 8-bit, C64 - 1985)",5.00,1
The Neverhood (Windows - 1996),4.56,96
The New Addams Family Series (Game Boy Color - 2002),0.00,0
The New Adventures of the Time Machine (Windows - 2000),5.00,2
The Nine Lives of Secret Agent Katt (DOS - 1991),3.56,9
The Odyssey (C64 - 1986),5.00,1
The Old Village Story (PC-88 - 1988),4.00,1
The One that Got Away (DOS - 1995),0.00,0
The Oracle's Cave (C64 - 1984),0.00,0
The Oregon Trail 1.2 for Windows (Windows - 1995),4.33,178
The Orion Conspiracy (DOS - 1995),3.63,8
The Palace of Deceit: the Dragon's Plight (Windows 3.x - 1992),4.40,5
"The Pawn (DOS, Amiga, Mac, Amstrad CPC, Apple II, Atari 8-bit, Atari ST, C64 - 1986)",4.37,8
The Pay Off (C64 - 1987),0.00,0
The Phantom Slayer (Dragon 32/64 - 1983),0.00,0
The Phantom's Revenge (DOS - 1982),4.50,4
"The President is Missing (DOS, Amiga, C64 - 1988)",4.29,7
"The Price of Magik (Amstrad CPC, Atari 8-bit, C64 - 1986)",3.00,1
The Prisoner (Apple II - 1980),5.00,1
"The Prophecy (DOS, Amiga, Atari ST - 1993)",4.74,23
The Pyramid (C64 - 1992),0.00,0
"The Quest (DOS, Mac, Apple II, Atari 8-bit, C64, PC-88 - 1984)",3.00,1
"The Quest for the Golden Eggcup (Amstrad CPC, C64 - 1988)",0.00,0
The Quest for the Holy Grail (C64 - 1985),3.00,1
"The Quest for the Time-bird (DOS, Amiga, Atari ST - 1989)",4.38,8
"The Quest of Merravid (C64, VIC-20 - 1983)",0.00,0
"The Residents' Bad Day on the Midway (Windows 3.x, Mac - 1995)",5.00,5
The Residents: Freak Show (Mac - 1994),3.00,2
The Sacred Amulet (Windows - 1999),0.00,0
"The Saga of Erik the Viking (Amstrad CPC, C64 - 1984)",4.00,3
"The Sands of Egypt (Apple II, Atari 8-bit - 1983)",0.00,0
The Scoop (DOS - 1989),4.67,3
The Scroll of Akbar Khan (C64 - 1985),3.00,1
The Secret Codes of C.Y.P.H.E.R.: Operation Wildlife (DOS - 1991),3.83,6
"The Secret Diary of Adrian Mole Aged 13¾ (Amstrad CPC, Atari 8-bit, C64 - 1985)",5.00,1
"The Secret Island of Dr. Quandary (DOS, Mac - 1992)",4.28,29
"The Secret of Monkey Island (Amiga, Mac, Atari ST - 1990)",4.12,76
The Secrets of Atlantis: The Sacred Legacy (Windows - 2006),0.00,0
The Serpent's Star (Atari 8-bit - 1983),0.00,0
"The Shadows of Mordor (DOS, Mac, Amstrad CPC, Apple II, C64 - 1988)",4.54,13
The Simpsons: Virtual Springfield (Windows - 1997),4.14,7
The Smelly Mystery (Mac - 1997),5.00,1
The Snow Queen (C64 - 1986),0.00,0
"The Standing Stones (Apple II, C64 - 1983)",4.00,1
The Star Portal (DOS - 1988),3.75,4
The Sting! (Windows - 2001),4.25,4
"The Sydney Affair (DOS, Amstrad CPC, C64 - 1987)",3.00,1
The Taking of Beverly Hills (DOS - 1991),3.33,3
The Tarturian (Apple II - 1980),0.00,0
The Thing (DOS - 1988),1.80,5
The Thompson Twins Adventure (C64 - 1984),0.00,0
"The Three Musketeers (Amiga, C64 - 1987)",1.00,1
"The Time Machine (C64, VIC-20 - 1983)",0.00,0
The Tortoise and the Hare (Mac - 1993),5.00,2
"The Tracer Sanction (DOS, Apple II, C64 - 1984)",5.00,2
"The Trap Door (Amstrad CPC, C64, ZX Spectrum - 1986)",5.00,1
The Trials of Odysseus Kent (DOS - 2002),0.00,0
"The Twilight Zone (DOS, Amiga - 1988)",3.72,7
"The Unorthodox Engineers: The Pen and the Dark (C64, ZX Spectrum - 1984)",0.00,0
The Usurper: The Mines Of Qyntárr (DOS - 1989),5.00,3
"The Very Big Cave Adventure (Amstrad CPC, C64, ZX Spectrum - 1986)",3.00,1
The Vortex Factor (DOS - 1985),3.00,2
The Vortex Factor (Dragon 32/64 - 1986),0.00,0
The Vortex: Quantum Gate II (Windows 3.x - 1994),3.67,3
The Westbury Mystery (C64 - 1993),0.00,0
"The Wild Bunch (Amstrad CPC, ZX Spectrum - 1985)",4.00,1
"The Witch's Cauldron (C64, ZX Spectrum - 1985)",3.00,1
"The Witness (DOS, Mac, Amstrad CPC, Apple II, Atari 8-bit, C64 - 1983)",3.67,3
The Wizard and the Princess (VIC-20 - 1982),1.00,1
"The Wizard of Akyrz (Atari 8-bit, C64 - 1983)",0.00,0
"The Wizard of Oz (DOS, Apple II, C64 - 1985)",4.67,6
"The Worm in Paradise (Amstrad CPC, C64 - 1986)",3.50,2
"The Yukon Trail (Windows 3.x, Mac - 1994)",4.31,26
"Theme Park Mystery (DOS, Amiga - 1990)",2.40,5
Thermo Nuclear War Games (C64 - 1984),4.00,1
Thinkin' Things: Sky Island Mysteries (Mac - 1998),5.00,2
"Through the Trap Door (Amstrad CPC, C64 - 1987)",3.00,1
Time (Amiga - 1989),0.00,0
Time and Magik: The Trilogy (DOS - 1988),3.80,5
"Time Machine (Amiga, Amstrad CPC, Atari ST, C64 - 1990)",1.00,1
"Time Runner (Amiga, Atari ST - 1989)",5.00,1
Time Search (C64 - 1985),0.00,0
Time Thief (C64 - 1988),5.00,1
Time Tunnel (C64 - 1985),5.00,2
"Time Zone (Apple II, PC-88 - 1982)",0.00,0
Timequest (DOS - 1991),5.00,7
"Tir Na Nog (Amstrad CPC, C64 - 1986)",5.00,1
"Titanic: Adventure Out of Time (Windows, Mac - 1999)",4.49,47
Titanic: The Adventure Begins... (C64 - 1986),5.00,1
"Tōdō Ryūnosuke Tantei Nikki: Kohakuiro no Yuigon (PC-88, PC-98 - 1988)",0.00,0
Tōdō Ryūnosuke Tantei Nikki: Ōgon no Rashinban (PC-98 - 1990),0.00,0
Token Of Ghall (C64 - 1983),0.00,0
Toki no Tabibito: Time Stranger (NES - 1986),4.00,1
Tombs & Treasure (NES - 1988),0.00,0
Tombs of Xeiops (C64 - 1983),0.00,0
Tommy's Manor (DOS - 1989),1.00,1
Toonesia (DOS - 1995),3.00,2
"Top Secret (DOS, Amstrad CPC - 1987)",5.00,1
"Torin's Passage (DOS, Mac - 1995)",4.48,64
Total Distortion (Mac - 1995),3.91,11
Touché: The Adventures of the Fifth Musketeer (DOS - 1995),4.21,19
Tower of Despair (C64 - 1985),0.00,0
"Transylvania (DOS, Amiga, Mac, Apple II, Atari 8-bit, Atari ST, C64 - 1986)",4.23,13
Transylvania III: Vanquish the Night (DOS - 1990),5.00,3
"Treasure Cove! (DOS, Mac - 1992)",4.60,48
"Treasure Galaxy! (DOS, Mac - 1994)",4.59,39
Treasure Hunter (Commodore 16 - 1986),0.00,0
"Treasure Island (DOS, Apple II, C64 - 1985)",4.82,11
Treasure Island (C64 - 1987),3.00,1
Treasure Quest (Mac - 1996),5.00,1
Treasury of Zan (DOS - 1989),3.00,2
Trek Adventure (C64 - 1983),0.00,0
"Trekboer (DOS, Dragon 32/64 - 1985)",5.00,1
"Triaxos (Amstrad CPC, C64, ZX Spectrum - 1987)",0.00,0
Trick or Treat (DOS - 1994),3.00,7
Trilogy (DOS - 1987),3.00,2
"Trinity (DOS, Amiga, Apple II, Atari ST - 1986)",4.29,7
Troggle Trouble Math (Mac - 1994),4.40,5
"Troll's Tale (DOS, Apple II, Atari 8-bit, C64 - 1984)",4.22,9
Trollbound (C64 - 1986),0.00,0
"Trouble at Bridgeton (C64, ZX Spectrum - 1990)",0.00,0
"Tuareg (Amstrad CPC, ZX Spectrum - 1988)",5.00,1
"Twice Shy (Amstrad CPC, ZX Spectrum - 1986)",0.00,0
Twilight Zone (PC-88 - 1987),0.00,0
Twilight's Ransom (DOS - 1988),4.00,4
"Twin Kingdom Valley (Commodore 16, C64, ZX Spectrum - 1985)",5.00,1
Twinsen's Odyssey (DOS - 1997),5.00,6
Tyran (Amiga - 1996),1.00,1
Ultimare (DOS - 1992),2.33,3
Ultimate: Adventure 4 (Dragon 32/64 - 1983),0.00,0
Uncle Albert's Magical Album (Mac - 1998),4.33,3
Uncle Zebulon's Will (DOS - 1995),5.00,2
"Uninvited (DOS, Amiga, Mac, Apple IIgs, Atari ST, C64, NES - 1988)",3.92,12
"Universal Hero (Atari 8-bit, ZX Spectrum - 1987)",0.00,0
"Universe (DOS, Amiga - 1994)",4.90,10
"Universe 3 (DOS, Amiga, Atari ST - 1989)",4.31,13
Universe II (DOS - 1986),5.00,4
Up Side Town (DOS - 1993),0.00,0
Upper Gumtree and Professor Blowitovitz (C64 - 1984),0.00,0
"Urban Upstart (C64, ZX Spectrum - 1984)",5.00,1
"Valhalla (C64, ZX Spectrum - 1984)",4.67,3
Valhalla and the Fortress of Eve (Amiga - 1996),3.75,4
Valhalla and the Lord of Infinity (Amiga - 1994),4.00,4
Valhalla: Before the War (Amiga - 1995),3.50,2
"Valkyrie 17 (C64, ZX Spectrum - 1985)",0.00,0
Vampire's Castle Adventure (DOS - 1984),3.40,5
VariTale (DOS - 1987),3.00,1
Veil of Darkness (DOS - 1993),4.39,38
"Velnor's Lair (C64, ZX Spectrum - 1985)",0.00,0
"Venom (DOS, Amstrad CPC, C64, ZX Spectrum - 1987)",4.00,2
"Vera Cruz (DOS, Amstrad CPC, C64, ZX Spectrum - 1987)",5.00,1
Versailles 1685 (DOS - 1997),3.75,4
"Viaje Al Centro De La Tierra (DOS, Amiga, Amstrad CPC, ZX Spectrum - 1989)",3.00,2
Vida (DOS - 1993),4.25,24
"Vision: The 5 Dimension Utopia (DOS, Amiga - 1992)",1.00,1
"Voodoo Castle (C64, VIC-20 - 1985)",0.00,0
Voodoo Girl: Queen of the Darned (Atari ST - 2002),5.00,1
Voodoo Island (DOS - 1985),5.00,3
Voyage into the Unknown (ZX Spectrum - 1984),0.00,0
Voyage to Atlantis (C64 - 1983),0.00,0
"Voyeur (DOS, Mac - 1994)",3.80,20
Voyeur II (DOS - 1996),0.00,0
"Warlord (Amstrad CPC, ZX Spectrum - 1985)",4.00,1
"Waxworks (DOS, Amiga - 1992)",4.33,37
"Waxworks (Atari 8-bit, C64, Dragon 32/64, ZX Spectrum - 1984)",0.00,0
Wayne's World (DOS - 1993),3.78,9
Welcome to the Future (Mac - 1995),3.00,1
"Werewolf Simulator (Amstrad CPC, C64, ZX Spectrum - 1988)",0.00,0
"Werewolves of London (Amstrad CPC, C64, ZX Spectrum - 1987)",0.00,0
West (C64 - 1984),0.00,0
Wet Attack: The Empire Cums Back (Windows - 1999),0.00,0
What Linus Bruckman Sees When His Eyes Are Closed (Windows - 2005),5.00,1
"Where Time Stood Still (DOS, Atari ST, ZX Spectrum - 1987)",4.80,5
Who Framed Roger Rabbit (NES - 1989),5.00,1
Who Killed Brett Penance?: The Environmental Surfer (Windows - 1995),0.00,0
Who Killed Sam Rupert: Virtual Murder 1 (Windows 3.x - 1993),0.00,0
Who Killed Taylor French?: The Case of the Undressed Reporter (Windows - 1995),0.00,0
Wild West (C64 - 1985),4.50,2
"Wild West Seymour (Amstrad CPC, C64, ZX Spectrum - 1992)",0.00,0
"Wilderness: A Survival Adventure (DOS, Apple II - 1986)",4.58,24
Will 'o the Wisp (C64 - 1984),0.00,0
Will: The Death Trap II (PC-88 - 1985),1.00,1
Wingman (PC-88 - 1984),0.00,0
"Winnie the Pooh in the Hundred Acre Wood (DOS, Amiga, Apple II, C64 - 1985)",3.75,8
"Winter Wonderland (Amstrad CPC, C64, ZX Spectrum - 1987)",5.00,1
Wishbone and the Amazing Odyssey (Mac - 1996),4.20,5
"Wishbringer (DOS, Amiga, Mac, Amstrad CPC, Apple II, Atari 8-bit, C64 - 1985)",4.71,7
"Witch Hunt (C64, ZX Spectrum - 1988)",0.00,0
"Wiz Biz (Amstrad CPC, C64, ZX Spectrum - 1987)",0.00,0
Wizards Spell (ZX Spectrum - 1986),0.00,0
"Wolfman (Amstrad CPC, C64, ZX Spectrum - 1988)",0.00,0
Wolfsbane (DOS - 1995),3.75,8
"Wonderland (DOS, Amiga, Atari ST - 1990)",3.80,10
Wrath of the Gods (Mac - 1994),5.00,7
"Write your own Adventure Programs for your Microcomputer (Apple II, Dragon 32/64 - 1983)",0.00,0
Wyspa (Atari 8-bit - 1993),0.00,0
Władcy Ciemności (C64 - 1993),5.00,1
Xtrek (DOS - 1991),4.10,10
Yamamura Misa Suspense: Kyōto Zai-tech Satsujin Jiken (NES - 1990),3.00,1
Yellow Brick Road (Mac - 1996),0.00,0
Yellow Peril (C64 - 1994),0.00,0
Yenght (ZX Spectrum - 1984),0.00,0
Yogurt Commercial (Mac - 1998),0.00,0
Yogurt Commercial II (Mac - 2001),0.00,0
Yū Yū Hakusho Gaiden (Genesis - 1994),5.00,1
"Zak McKracken and the Alien Mindbenders (DOS, Amiga, Atari ST, C64 - 1988)",3.86,22
Zapak (DOS - 1992),3.50,2
Zapman (DOS - 1992),0.00,0
Zapper In Neverwhere (DOS - 1992),4.50,2
Zarth (PC-88 - 1984),5.00,1
Zauberschloß (C64 - 1984),0.00,0
Zeddas: Servant of Sheol (Mac - 1996),0.00,0
Zero Critical (Mac - 1998),5.00,2
Zodiac / The Search for the Secret of Life (C64 - 1987),5.00,1
"Zombi (DOS, Amiga, Amstrad CPC, Atari ST, C64, ZX Spectrum - 1990)",4.08,15
"Zork II: The Wizard of Frobozz (DOS, Amiga, Amstrad CPC, Apple II, Atari 8-bit, Atari ST, C64 - 1983)",4.40,15
"Zork III: The Dungeon Master (DOS, Amiga, Amstrad CPC, Apple II, Atari 8-bit, Atari ST, C64 - 1983)",4.15,13
"Zork Trilogy (DOS, Mac - 1986)",4.48,23
"Zork Zero: The Revenge of Megaboz (DOS, Amiga, Mac, Apple II - 1989)",4.55,11
"Zork: The Great Underground Empire (DOS, Amiga, Amstrad CPC, Apple II, Atari 8-bit, Atari ST, C64 - 1982)",4.29,172
"Zork: The Undiscovered Underground (Windows, Mac, C64 - 1997)",5.00,1
Zyll (DOS - 1984),3.80,5
"Zzzz (C64, ZX Spectrum - 1985)",0.00,0
