Title,Average Rating,Number of Ratings
Talisman: Challenging the Sands of Time (DOS - 1987),4.75,4
Asterix - Searching for the Black Gold (Win - 1997),0.00,0
"Snoopy: The Cool Computer Game (DOS, Amiga, Amstrad CPC, Atari ST - 1990)",4.52,25
"Hero's Quest: So You Want To Be A Hero (DOS, Amiga, Atari ST - 1989)",4.50,71
Marsport (Amstrad CPC - 1985),5.00,2
The Pay Off (C64 - 1987),0.00,0
Nancy Drew: The Secret of Shadow Ranch (Win - 2004),3.50,2
"Scott Adams' Graphic Adventure #2: Pirate Adventure (C64, Atari 8-bit - 1982)",4.00,3
Blackstar: Agent of Justice (DOS - 1995),3.17,12
Spirit of the Stones (C64 - 1984),5.00,1
King's Quest: Quest for the Crown (DOS - 2001),4.50,4
"Bargon Attack (DOS, Amiga, Atari ST - 1992)",4.00,20
Naturix (Atari 8-bit - 1994),5.00,1
Adventure (DOS - 1987),0.00,0
"Manhattan Requiem (PC-88, Sharp X68000 - 1987)",5.00,4
"Sidewalk (DOS, C64, Amstrad CPC - 1987)",5.00,3
Motorcycle Crazy (C64 - 1984),0.00,0
"Spellbinder (BBC Micro, Electron - 1987)",0.00,0
"Adventure Quest (C64, Amstrad CPC, Atari 8-bit, BBC Micro - 1983)",4.00,2
"Thinkin' Things: Sky Island Mysteries (Mac, Win 3.x - 1998)",5.00,3
The Multi-dimensional Thief (DOS - 1991),5.00,1
Elroy Hits the Pavement (Mac - 1996),4.29,7
Shadow Ape (DOS - 2001),4.00,1
Noctropolis (DOS - 1994),4.53,38
Classic Text Adventure Masterpieces (Mac - 1996),4.25,4
"Zork: Grand Inquisitor (Win, Mac - 1997)",5.00,3
Madness & the Minotaur (Dragon 32/64 - 1982),0.00,0
Sorcerer's Castle Adventure (C64 - 1982),0.00,0
"Trinity (DOS, Amiga, Atari ST, Apple II - 1986)",4.38,16
"Winter Wonderland (C64, ZX Spectrum, Amstrad CPC, BBC Micro - 1987)",5.00,1
Barbie and the Magic of Pegasus (Win - 2005),4.63,8
"La Aventura Espacial (DOS, C64, Amstrad CPC - 1990)",4.86,7
Tequila & Boom Boom (DOS - 1995),4.36,11
"The Golden Baton (C64, VIC-20, BBC Micro, Electron - 1983)",5.00,1
"Voodoo Castle (C64, VIC-20, BBC Micro, Electron - 1985)",4.00,1
Beyond the Tesseract (DOS - 1988),5.00,2
Reelect JFK (Win 3.x - 1994),0.00,0
"The Hound of Shadow (DOS, Amiga, Atari ST - 1989)",4.39,13
"Super Spy (Mac, Win 3.x - 1996)",5.00,2
"Pimania (BBC Micro, Dragon 32/64 - 1982)",5.00,1
"The Tracer Sanction (DOS, C64, Apple II - 1985)",5.00,2
Zyll (DOS - 1984),4.33,9
D (DOS - 1995),0.00,0
"Twin Kingdom Valley (C64, ZX Spectrum, BBC Micro, Commodore 16, Electron - 1983)",5.00,2
"The Case of the Mixed-Up Shymer (C64, Amstrad CPC - 1988)",5.00,1
Garfield: Lasagna World Tour (Win - 2008),4.48,43
The Eire Raising Adventures of Seamus O'Mally (Amiga - 1995),5.00,1
"Expedition Amazon (C64, Apple II, PC-88 - 1984)",5.00,2
Hippy's Quest I: PEACE MAN (DOS - 1990),4.33,3
Wyatt Earp's Old West (Win 3.x - 1994),0.00,0
Microsoft Adventure (Apple II - 1981),3.50,2
Ultimare (DOS - 1992),2.50,4
Xplora 1: Peter Gabriel's Secret World (Win 3.x - 1993),0.00,0
Omikron: The Nomad Soul (Win - 1999),3.71,7
Artefakt Przodków (Atari 8-bit - 1992),0.00,0
The Lost Files of Sherlock Holmes: Case of the Rose Tattoo (DOS - 1996),4.22,9
Dráscula: The Vampire Strikes Back (DOS - 1996),3.00,2
The Journey (Mac - 1996),5.00,2
"Nine Princes in Amber (DOS, C64, Atari ST, Apple II - 1985)",4.54,13
Safety Monkey (Win 3.x - 1994),0.00,0
"Jungle Quest (DOS, C64, Apple II - 1984)",0.00,0
Titanic: The Adventure Begins... (C64 - 1986),5.00,1
"Sam & Max: Hit the Road (Mac, DOS - 1996)",3.77,13
A Day for Soft Food (DOS - 1999),4.00,2
Urban Runner (Win 3.x - 1996),0.00,0
Pick up the Phone Booth and Die (DOS - 1996),5.00,1
Hilfe für Amajambere (DOS - 1995),3.00,1
Lost (DOS - 1993),5.00,1
Prince Interactive (Win 3.x - 1994),0.00,0
Pirates: Captain's Quest (Mac - 1997),5.00,2
"Belegost (DOS, ZX Spectrum - 1989)",4.00,1
Mind Castle I (Apple II - 1984),5.00,1
Dark Continent (DOS - 1987),3.50,5
"Presumed Guilty! (DOS, C64 - 1989)",5.00,5
Last Half of Darkness: Shadows of the Servants (Win - 2005),5.00,1
Staff of Power (C64 - 1993),5.00,1
"Brimstone (DOS, Mac, C64, Atari 8-bit - 1985)",3.00,2
"The Hulk (DOS, C64, Electron - 1984)",4.55,20
Fushigi no Umi no Nadia: The Secret of Blue Water (TurboGrafx CD - 1993),0.00,0
The Case of the Cautious Condor (DOS - 1992),3.56,9
The Magic School Bus Explores Bugs (Mac - 2000),4.68,25
Sheer Agony (Atari ST - 1995),3.00,2
"Teen Agent (DOS, Amiga - 1995)",4.21,29
"Valhalla (C64, ZX Spectrum - 1984)",4.80,5
"Gold Rush! (DOS, Mac, Amiga, Apple IIgs - 1988)",4.28,49
"A Mind Forever Voyaging (DOS, Mac, Amiga, Atari ST, Apple II - 1985)",4.45,27
"Murder on the Mississippi (C64, Apple II - 1986)",4.33,6
The Cassandra Galleries (Mac - 1997),4.50,2
Land of Tezrel (C64 - 1984),5.00,1
robotfindskitten (DOS - 1997),0.00,0
Metal Warrior (C64 - 1999),5.00,2
Grumpa (Win - 2002),5.00,1
Cracks of Fire (C64 - 1983),0.00,0
"Suds (BBC Micro, Electron - 1986)",0.00,0
"L.A. Crackdown (DOS, C64 - 1988)",4.20,5
3D Trek (DOS - 1992),5.00,4
Goin' Downtown (Win - 2008),5.00,1
Conspiracies (Win - 2003),5.00,2
Land of the Purple Sea (C64 - 1992),0.00,0
Another Lifeless Planet and Me With No Beer (DOS - 1989),3.00,2
Shade (DOS - 2000),0.00,0
"Passengers on The Wind (DOS, C64, Amiga, Amstrad CPC, Atari ST - 1987)",4.10,10
Policenauts (3DO - 1995),4.00,1
Spellcasting: Party Pak (DOS - 1993),5.00,2
"Earthquake San Francisco 1906 (Atari 8-bit, Apple II - 1986)",0.00,0
Bargon no Paka-paka Shōbōken (PC-88 - 1988),5.00,1
"Los Pájaros de Bangkok (DOS, C64, Amstrad CPC - 1988)",2.00,1
L'Affaire... (DOS - 1986),0.00,0
Jack the Ripper (DOS - 1995),4.50,10
Twins (DOS - 1995),1.00,1
"Dodgy Geezers (C64, BBC Micro - 1986)",0.00,0
Altair 4 (C64 - 1983),5.00,1
"Soul Crystal (DOS, C64, Amiga - 1992)",4.11,9
Salad no Kuni no Tomato-hime (PC-88 - 1984),5.00,1
"The Prophecy (DOS, Amiga, Atari ST - 1992)",4.79,28
"The Manhole (DOS, Mac, TurboGrafx CD - 1989)",3.91,11
"Universal Hero (ZX Spectrum, Atari 8-bit - 1986)",5.00,1
"20,000 Leagues Under the Sea (DOS, Amiga, Amstrad CPC, Atari ST - 1988)",3.78,23
Enchanted Castle (DOS - 1987),3.67,3
Ginga Ojōsama Densetsu Yuna (TurboGrafx CD - 1992),0.00,0
"Kajko i Kokosz (DOS, Amiga - 1995)",3.67,3
Africa Gardens (C64 - 1984),0.00,0
Mystery Mansion (DOS - 2001),3.50,2
Rogue: The Adventure Game (DOS - 1983),4.30,40
Book of the Dead (C64 - 1987),0.00,0
Mentor (Amiga - 1994),3.00,3
Wizards Spell (ZX Spectrum - 1986),4.00,1
"Conquests of Camelot: The Search for the Grail (DOS, Amiga, Atari ST - 1990)",4.50,48
African Adventure (DOS - 1997),0.00,0
"MTV: Club Dead (DOS, Mac - 1994)",3.33,6
"Essex (DOS, C64, Atari 8-bit - 1985)",5.00,1
The Space Bar (Win - 1997),5.00,2
"Droga do Duplandu (C64, Atari 8-bit - 2003)",3.00,7
"Tōdō Ryūnosuke Tantei Nikki: Kohakuiro no Yuigon (PC-88, PC-98, Sharp X68000 - 1988)",5.00,1
After Shock (Amstrad CPC - 1986),0.00,0
The Big Red Adventure (DOS - 1995),3.31,13
Matchmaker (C64 - 1988),0.00,0
Skull Island (C64 - 1985),5.00,1
Skarbnik: Śląska Legenda (Amiga - 1994),3.00,2
Eric the Unready (DOS - 1993),4.70,20
Herewith the Clues (Atari ST - 1990),4.50,2
Sherlock Holmes: Consulting Detective - Volume III (DOS - 1993),4.00,5
"Headline Harry and The Great Paper Race (DOS, Mac - 1991)",4.73,11
Dinosaur Discovery (BBC Micro - 1985),0.00,0
Arnie Goes 4 Gold (DOS - 1994),4.25,4
Adven'chuta! (MSX - 1983),0.00,0
"Gerbil Riot of '67 (DOS, Amstrad CPC - 1992)",5.00,1
"Mordon's Quest (C64, Amstrad CPC, Atari 8-bit - 1985)",5.00,1
Mountains of Ket (Amstrad CPC - 1986),5.00,1
"Colorado (DOS, Amiga, Atari ST - 1990)",4.27,11
Mega-Bucks (Amstrad CPC - 1986),0.00,0
Quest for Glory III: Wages of War (DOS - 1992),4.47,44
"Zork (DOS, Amiga, Atari ST - 1987)",4.70,5
Wild West (C64 - 1985),4.50,2
"Lancelot (DOS, Mac, C64, Amiga, Amstrad CPC, Atari 8-bit, Atari ST, BBC Micro - 1988)",4.58,12
Oklib's Revenge (DOS - 1992),5.00,1
"Hi-Res Adventure #1: Mystery House (Apple II, PC-88 - 1980)",4.50,6
"Urban Upstart (C64, ZX Spectrum - 1984)",5.00,2
Salvage (C64 - 1985),0.00,0
Slender's Woods (Win - 2012),4.09,11
Frederik Pohl's Gateway (DOS - 1992),4.54,35
Freddi Fish and the Case of the Missing Kelp Seeds (Mac - 1995),4.33,33
"Time and Magik: The Trilogy (DOS, BBC Micro - 1988)",4.14,7
Tomb of Zojir: Last Half of Darkness (Win - 2009),2.00,1
"Count Duckula in No Sax Please - We're Egyptian (C64, Amiga, Amstrad CPC - 1989)",4.50,4
Moses: Old Testament Adventure #1 (DOS - 1987),5.00,2
"Bermuda Project (Amiga, Atari ST - 1987)",5.00,1
Versailles 1685 (DOS - 1997),4.36,11
"The Trap Door (C64, ZX Spectrum, Amstrad CPC - 1986)",4.33,3
Gustavinho em o Enigma da Esfinge (Win - 1996),0.00,0
"Sabrina: The Teenage Witch - Spellbound (Win, Mac - 1999)",5.00,1
"Amerzone: The Explorer's Legacy (Win, Mac - 1999)",4.60,5
"Mindwheel (DOS, C64, Atari ST, Apple II - 1985)",4.50,4
I Spy: Treasure Hunt (Win - 2001),4.41,17
"Pyst (Win, Mac, Win 3.x - 1996)",3.22,9
"Quest for Glory I: So You Want To Be A Hero (DOS, Mac - 1992)",4.52,74
"Space Quest III: The Pirates of Pestulon (DOS, Mac, Amiga, Atari ST - 1989)",4.38,60
Inhumane (Apple II - 1984),0.00,0
Mutant (C64 - 1988),0.00,0
Sentient (Win - 1997),3.29,7
The Postman Only Dies Once (DOS - 2001),0.00,0
Silent Steel (Win 3.x - 1995),3.69,14
Cricket Crazy (C64 - 1988),4.50,2
Alvin the Android (C64 - 1983),0.00,0
"Super Solvers: Treasure Mountain! (DOS, Win 3.x - 1990)",4.42,169
"Indiana Jones and The Last Crusade: The Graphic Adventure (DOS, Atari ST - 1989)",4.38,88
Love's Fiery Imbroglio (DOS - 1988),4.00,2
Thomas & Friends: Thomas Saves the Day (Win - 2003),4.70,50
"Castle Blackstar (C64, Amstrad CPC, BBC Micro - 1984)",0.00,0
The Last Dynasty (Win 3.x - 1995),4.00,1
Dungeon of Shalan (DOS - 1988),5.00,3
"Murder Club (DOS, PC-88, Sharp X68000, TurboGrafx CD - 1989)",4.00,19
"I, Damiano: The Wizard of Partestrada (DOS - 1985)",5.00,4
"Space Quest I: Roger Wilco in the Sarien Encounter (DOS, Amiga - 1991)",4.57,37
Eagle Eye Mysteries (DOS - 1993),4.69,16
Lord Avalot d'Argent (DOS - 1994),2.00,2
The Magic Death: Virtual Murder 2 (Win 3.x - 1993),5.00,1
Invitation (Amstrad CPC - 1987),0.00,0
Morphman (DOS - 1993),1.00,1
"Legend of Djel (DOS, Amiga, Atari ST - 1989)",4.25,8
"Portal (DOS, C64, Amiga, Apple II - 1987)",4.82,11
"Kentilla (C64, Amstrad CPC - 1986)",4.00,4
"Qin: Tomb of the Middle Kingdom (Win, Mac - 1996)",4.50,2
Jesus: Kyōfu no Bio-Monster (PC-88 - 1987),4.50,2
"Wiz Biz (C64, ZX Spectrum, Amstrad CPC - 1987)",0.00,0
D-Again: The 4th Unit Five (Sharp X68000 - 1990),0.00,0
21+ (DOS - 2018),5.00,7
Undersea Adventure (DOS - 1994),5.00,1
"Space Quest II: Chapter II - Vohaul's Revenge (DOS, Amiga, Atari ST, Apple IIgs - 1987)",4.24,33
Devil's Island (C64 - 1984),5.00,1
Psycho Killer (DOS - 1993),3.41,17
"The Golden Voyage (C64, BBC Micro, Dragon 32/64, Electron - 1983)",5.00,1
Armaëth: The Lost Kingdom (DOS - 1993),3.57,7
Yogurt Commercial (Mac - 1998),5.00,1
The Bounty Hunter (C64 - 1987),5.00,1
Biosys (Win - 1999),0.00,0
Tajemnica Bursztynowej Komnaty (Amiga - 1996),3.67,3
Bad Mojo: Redux (Mac - 2004),5.00,2
Your Bum is Talking (DOS - 2001),5.00,1
Companions of Xanth (DOS - 1993),4.37,27
"Gus Goes to Cybertown (Mac, Win 3.x - 1993)",0.00,0
"Oo-Topos (DOS, C64, Amiga, Atari ST, Apple II - 1981)",4.75,4
Hyaku Monogatari: Honto ni Atta Kowai Hanashi (TurboGrafx CD - 1995),0.00,0
"Maniac Mansion: Day of the Tentacle (DOS, Mac - 1993)",4.32,59
Abyss (BBC Micro - 1984),0.00,0
"Cutthroats (DOS, Mac, C64, Amiga, Amstrad CPC, Atari 8-bit - 1984)",4.00,4
Pettson o Findus i trädgården (Win - 1998),0.00,0
Backstage (DOS - 1993),4.50,2
"Yellow Brick Road (Mac, Win 3.x - 1995)",5.00,1
Abyss (PC-88 - 1984),5.00,2
Plague of the Moon (DOS - 1994),0.00,0
"The A-Files (Win, Mac - 1998)",0.00,0
WinAdv (Win 3.x - 1992),0.00,0
"Gundam 0079: The War for Earth (Win, Mac - 1996)",4.50,10
Grand Larceny (C64 - 1984),5.00,2
Animal (DOS - 1996),5.00,2
Disney's Story Studio: Disney's Mulan (Win - 1998),4.63,8
I Spy (Win - 2001),0.00,0
Scott Adams' Graphic Adventure #5: The Count (Atari 8-bit - 1982),5.00,1
Blue Code (DOS - 1991),0.00,0
"Tir Na Nog (C64, Amstrad CPC - 1985)",5.00,2
The Trials of Odysseus Kent (DOS - 2002),3.20,5
Relentless: Twinsen's Adventure (DOS - 1994),4.51,84
Elroy Goes Bugzerk (Mac - 1995),5.00,1
Fred's Backyard (DOS - 1991),5.00,1
Adventure Game Toolkit (DOS - 1987),5.00,2
Mahjong Cop Ryū (Genesis - 1989),5.00,3
"National Lampoon's Blind Date (Mac, Win 3.x - 1994)",4.29,7
Spooks (Win - 2006),4.29,7
"Killed Until Dead (C64, Amstrad CPC, Apple II - 1986)",5.00,5
"Zork Zero: The Revenge of Megaboz (DOS, Mac, Amiga, Apple II - 1989)",4.25,12
"Gabriel Knight 3: Blood of the Sacred, Blood of the Damned (Win - 1999)",3.71,7
Sherwood Forest (Apple II - 1982),4.50,2
MTV's Beavis and Butt-Head in Virtual Stupidity (Win - 1995),4.28,25
"ClueFinders: Real World Adventure Kit (Win, Mac - 2000)",5.00,4
Noir: A Shadowy Thriller (Win 3.x - 1996),0.00,0
Fushigi no Umi no Nadia (Genesis - 1991),0.00,0
"King's Quest V: Absence Makes the Heart Go Yonder! (DOS, Mac, Amiga - 1990)",4.51,74
Cosmology of Kyoto (Mac - 1995),5.00,2
"Demon Knight (C64, Dragon 32/64 - 1983)",0.00,0
Yami no Ketsuzoku: Haruka Naru Kioku (TurboGrafx CD - 1993),5.00,1
"Return to Eden (C64, Amstrad CPC, Atari 8-bit, BBC Micro - 1984)",4.00,3
Backpacker 3 (Win - 2003),4.00,6
The X-Files: Unrestricted Access (Win - 1998),5.00,1
"It Came from The Desert (DOS, Amiga - 1990)",4.70,27
Fantastic Four (DOS - 1985),4.63,8
"Private Eye (Win, Win 3.x - 1996)",4.50,2
"The Magnetic Scrolls Collection (DOS, Amiga, Atari ST - 1991)",4.44,23
"Sorcerer (DOS, C64, Amstrad CPC, Atari 8-bit, Atari ST, Apple II - 1984)",4.40,10
5 Days a Stranger (Win - 2003),3.91,22
"Adventure C (C64, Amstrad CPC - 1984)",0.00,0
Symbiocom (Mac - 1998),0.00,0
"Murders in Venice (DOS, Amiga, Amstrad CPC, Atari ST - 1990)",4.50,10
Richard Scarry's Busiest Neighborhood Disc Ever! (DOS - 1994),5.00,1
Orphée: Voyage aux Enfers (DOS - 1985),5.00,3
Chitty Chitty Bang Bang's Adventures in Tinker Town (Win - 1996),5.00,2
"Seabase Delta (C64, Amstrad CPC - 1986)",5.00,2
The Crystal Frog (C64 - 1984),5.00,1
Pajama Sam: Life is Rough When You Lose Your Stuff (Win - 2003),5.00,2
Spy-Trek Adventure (Amstrad CPC - 1986),5.00,1
"The Guild of Thieves (DOS, C64, Amiga, Amstrad CPC, Atari 8-bit, Atari ST - 1988)",4.50,10
The Usurper: The Mines Of Qyntárr (DOS - 1989),5.00,3
Ad Verbum (DOS - 2000),0.00,0
"Suspect (DOS, Mac, C64, Amiga, Amstrad CPC, Atari 8-bit, Apple II - 1984)",4.86,7
Mixed Up Fairy Tales (DOS - 1991),4.24,21
"Amazon Trail: 3rd Edition (Win, Mac - 1998)",4.19,58
Pathways into Darkness (Mac - 1993),4.20,10
"Myst IV: Revelation (Win, Mac - 2004)",3.00,2
Neon Genesis Evangelion: Kōtetsu no Girlfriend (Win - 1997),4.33,3
William R. Fisher's Beyond the Spirit's Eye (Win - 2007),3.00,4
Castle Adventure (DOS - 1984),4.08,12
"Gaudi: Barcelona no Kaze (PC-88, Sharp X68000 - 1989)",1.00,1
Time Warrior: The Armageddon Device (Win - 1998),3.00,2
Poltergeist (Amiga - 1995),1.50,2
In the 1st Degree (Mac - 1996),5.00,4
"...A Personal Nightmare (DOS, Amiga, Atari ST - 1989)",3.81,52
Mystery Voyage (C64 - 1986),4.00,2
"Under a Killing Moon (DOS, Win, Mac - 1994)",4.67,3
"The Very Big Cave Adventure (C64, ZX Spectrum, Amstrad CPC - 1986)",3.00,1
Arc of Doom (Mac - 1994),5.00,1
Mit Jeans und Hellebarde (C64 - 1989),3.50,2
"Lure of The Temptress (DOS, Amiga, Atari ST - 1992)",4.76,29
"Hare Raising Havoc (DOS, Amiga - 1991)",4.75,20
Losing Your Grip (DOS - 1998),0.00,0
Ripper! (C64 - 1984),4.50,2
"Fairy Tale about Father Frost, Ivan and Nastya (Win - 2000)",3.00,1
Ankh: Battle of the Gods (Win - 2007),5.00,1
"Treasure MathStorm! (DOS, Mac - 1992)",4.48,132
"Curse of Enchantia (DOS, Amiga - 1992)",3.82,38
The Berenstain Bears: Volume Two - Learning at Home (DOS - 1993),4.67,3
"Zak McKracken and the Alien Mindbenders (DOS, C64, Amiga, Atari ST - 1988)",3.49,35
Tombs of Xeiops (C64 - 1983),5.00,1
Thomas & Friends: Building the New Line (Win - 2002),4.76,47
Pięć Gówien Eepcha (Atari 8-bit - 1991),0.00,0
Oil empire (DOS - 1996),4.00,1
"King's Quest IV: The Perils of Rosella (DOS, Amiga, Atari ST, Apple II, Apple IIgs - 1988)",4.17,80
Crystal Chaser: Tenkū no Masuishō (PC-98 - 1991),3.00,1
"Elvira (DOS, C64, Amiga, Atari ST, PC-98 - 1990)",4.58,52
"The Pawn (DOS, Mac, C64, Amiga, Amstrad CPC, Atari 8-bit, Atari ST, Apple II - 1988)",4.08,13
Big Bug Bang: Le Retour de Commander Blood (DOS - 1996),5.00,1
"Seastalker (DOS, Mac, C64, Amiga, Amstrad CPC, Atari 8-bit, Apple II - 1984)",4.71,7
Zapper In Neverwhere (DOS - 1992),4.50,2
Pyramid: Challenge of the Pharaoh's Dream (Win 3.x - 1996),0.00,0
The Prince and the Coward (Win - 1998),3.14,7
"Putt-Putt Joins the Parade (DOS, Mac - 1992)",4.59,296
"Sphinx Adventure (BBC Micro, Electron - 1982)",0.00,0
Burning Point (PC-88 - 1989),5.00,1
"Ballyhoo (DOS, Mac, C64, Amiga, Amstrad CPC, Atari 8-bit, Atari ST, Apple II - 1986)",4.80,5
"Pyramid of Doom (Dragon 32/64, Electron - 1984)",0.00,0
Backpacker: The Lost Florence Gold Mine (Win - 1997),5.00,1
Dark Fall: The Journal (Win - 2002),5.00,1
Nomad of Time (C64 - 1984),4.50,2
Das Telekommando kehrt zurück (Amiga - 1993),3.00,3
1893: A World's Fair Mystery (Mac - 2003),4.88,8
Misty Vol.4 (Sharp X68000 - 1990),0.00,0
The Dungeons (C64 - 1983),5.00,1
"Burn:Cycle (Mac, Win 3.x - 1995)",3.80,5
Space Quest: The Lost Chapter (DOS - 2001),5.00,3
Who is Oscar Lake? (Win 3.x - 1996),0.00,0
"Venom (DOS, C64, ZX Spectrum, Amstrad CPC - 1987)",4.25,4
Sultan's Maze (Amstrad CPC - 1984),0.00,0
"Werewolf Simulator (C64, ZX Spectrum, Amstrad CPC - 1988)",5.00,1
Wacky Races (Mac - 1994),5.00,1
"Passengers on the Wind II (DOS, C64, Amstrad CPC, Atari ST - 1987)",4.00,4
Ten Little Indians (C64 - 1984),0.00,0
"Runaway: A Road Adventure (Win, Mac - 2001)",5.00,1
Temple of Terror (C64 - 1987),5.00,1
"Sláine (Amstrad CPC, C64 - 1987)",4.00,2
"Perseus & Andromeda (C64, Dragon 32/64 - 1983)",5.00,1
"Zeddas: Servant of Sheol (Win 3.x, Mac, Win 3.x - 1994)",0.00,0
Hoshi o sagashite... (Master System - 1988),0.00,0
Curses (DOS - 1993),4.67,3
Black Dahlia (Win - 1998),4.38,21
Space Quest 6: Roger Wilco in the Spinal Frontier (DOS - 1995),3.88,64
Lone Eagle: Colombian Encounter (DOS - 1994),3.60,5
S*M*A*S*H*E*D (C64 - 1987),5.00,2
Fox Hunt (Win 3.x - 1996),5.00,4
Mystery of the Indus Valley (C64 - 1988),5.00,1
Inherent Evil: The Haunted Hotel (Win - 1999),5.00,1
"Myth (DOS, C64, Amiga, Atari ST - 1989)",3.86,7
"Murder on The Zinderneuf (DOS, C64, Atari 8-bit, Apple II - 1984)",4.08,13
Eagle Eye Mysteries in London (DOS - 1994),4.18,17
Doctor Hauzer (3DO - 1994),0.00,0
Zerø: The 4th Unit Act.4 (Sharp X68000 - 1990),0.00,0
"The Time Machine (C64, VIC-20 - 1983)",0.00,0
One Bite Too Deep (C64 - 1985),5.00,1
"Silicon Dreams (DOS, Amstrad CPC, Atari ST - 1987)",4.33,9
"J.B. Harold 3: D.C. Connection (PC-88, PC-98 - 1989)",5.00,1
"Le Labyrinthe de Morphintax (Amstrad CPC, Atari ST - 1991)",0.00,0
"The Black Cauldron (DOS, Amiga, Atari ST, Apple II, Apple IIgs - 1986)",4.59,27
Les Manley in: Lost in L.A. (DOS - 1991),4.87,16
"In the Dead of Night (DOS, Amiga - 1995)",4.91,34
Crypts of Terror (Atari 8-bit - 1981),0.00,0
"The Hitchhiker's Guide to the Galaxy (DOS, Mac, C64, Amiga, Amstrad CPC, Atari 8-bit, Apple II - 1984)",4.38,107
Serguei's Destiny (DOS - 2001),4.50,2
Federation (C64 - 1987),5.00,2
"Imagination (C64, ZX Spectrum, Amstrad CPC - 1987)",3.67,3
The Second Kids' World Almanac Adventure (DOS - 1990),5.00,3
Rambo: First Blood Part II (DOS - 1985),3.67,101
"Gnome Ranger (DOS, C64, Amiga, Amstrad CPC, Atari 8-bit - 1987)",4.23,13
The Lost Kingdom of Zkul / West (Atari ST - 1986),0.00,0
"Golden Gate (Win, Mac - 1997)",3.50,2
Star Trek: First Contact (DOS - 1988),5.00,4
Dun Darach (Amstrad CPC - 1985),0.00,0
"Deadline (DOS, Mac, C64, Amiga, Amstrad CPC, Atari 8-bit - 1984)",4.64,11
Dragon History (DOS - 1995),4.75,13
Countdown (DOS - 1990),4.52,23
The Arrival (Win - 1997),5.00,1
"The Wild Bunch (ZX Spectrum, Amstrad CPC - 1984)",2.57,7
3 Skulls of the Toltecs (DOS - 1996),4.20,45
The Oracle's Cave (C64 - 1984),4.00,1
McMurphy's Mansion (DOS - 1984),3.43,7
The Mystery at Greveholm (Win 3.x - 1997),0.00,0
Gateway (Mac - 1986),5.00,1
Hugo's House of Horrors (DOS - 1990),4.44,71
Country Quest (C64 - 1984),5.00,1
Heaven's Dawn (DOS - 1995),4.41,14
"Scott Adams' Graphic Adventure #1: Adventureland (C64, Atari 8-bit - 1985)",4.00,3
Pilgrim (C64 - 1986),1.00,1
"Dracula: The Resurrection (Win, Mac - 1999)",4.00,2
Fatal Heritage (Amiga - 1990),0.00,0
"Talespin (Amiga, Atari ST - 1989)",0.00,0
Prisoner 2 (Apple II - 1982),0.00,0
III-Spy (Win - 2003),0.00,0
A Fable (DOS - 1985),4.00,1
Curses (DOS - 1995),0.00,0
"Dr. Dumont's Wild P.A.R.T.I. (DOS, Mac - 1988)",5.00,2
Dr. Dumont's Wild P.A.R.T.I. (DOS - 1999),0.00,0
Fushigi no Umi no Nadia (Sharp X68000 - 1992),0.00,0
"Red Moon (C64, Amstrad CPC, Atari 8-bit, BBC Micro - 1985)",5.00,2
The Book of Spells (Win - 2001),5.00,2
"Asterix: Operation Getafix (DOS, Amiga, Atari ST - 1989)",4.44,16
The Awe-Chasm (DOS - 1991),5.00,1
Captain Spleen (DOS - 1996),0.00,0
Chronicles of the Sword (DOS - 1996),4.00,5
Castle (C64 - 1993),4.33,6
Harvester (DOS - 1996),3.88,16
The Abbey (DOS - 1993),0.00,0
Escape to Freedom (C64 - 1989),5.00,1
Marooned Again (DOS - 1990),4.33,3
LucasArts Classic Adventures (DOS - 1992),3.65,23
"Demon's Tomb: The Awakening (DOS, Amiga - 1989)",5.00,5
Perry Rhodan: Thoregon - Die verbotene Stadt (Win - 1999),0.00,0
The Sacred Mirror of Kofun (Win 3.x - 1996),0.00,0
"Future Wars: Adventures in Time (DOS, Amiga, Atari ST, Sharp X68000 - 1990)",4.82,58
"Monty Python & the Quest for the Holy Grail (Win, Mac - 1996)",3.77,22
"King's Quest (DOS, Mac, Master System, Amiga, Atari ST, Apple II, Apple IIgs - 1987)",4.32,115
"Kimagure Orange Road: Natsu no Mirage (PC-88, PC-98 - 1988)",4.00,3
The Archers (BBC Micro - 1986),2.00,1
"Gadget: Invention, Travel & Adventure (Win, Mac - 1995)",3.67,3
Nancy Drew: Secret of the Scarlet Hand (Win - 2002),3.00,4
The Cameron Files: Secret at Loch Ness (Win - 2001),0.00,0
"Spy Fox 2: ""Some Assembly Required"" (Mac - 1999)",4.37,19
"Sheila Rae, the Brave (Win, Win 3.x - 1996)",4.75,8
Uncle Albert's Magical Album (Mac - 1998),4.33,3
"Dylan Dog: Through the Looking Glass (DOS, Amiga - 1993)",4.83,6
"Maupiti Island (DOS, Amiga, Atari ST - 1991)",4.84,44
Mission 9 (Win 3.x - 1995),0.00,0
SpongeBob SquarePants: Employee of the Month (Win - 2002),4.58,253
Sołtys (DOS - 1995),5.00,3
Elkinloor (DOS - 1995),0.00,0
Azrael's Tear (DOS - 1996),3.47,5
"Who Killed Taylor French?: The Case of the Undressed Reporter (Win, Win 3.x - 1995)",5.00,1
Photopia (DOS - 1998),5.00,2
"Max and the Magician (Win, Mac - 2001)",4.00,3
"Acheton (DOS, BBC Micro - 1987)",3.00,2
The Old Village Story (PC-88 - 1988),4.50,2
"Zork Trilogy (DOS, Mac - 1987)",4.50,24
Dinotopia (DOS - 1995),4.50,4
Skull (C64 - 1984),0.00,0
Psychic Detective Series Vol.4: Orgel (TurboGrafx CD - 1993),0.00,0
Nephi's Quest (DOS - 1990),5.00,5
"James Bond 007: A View to a Kill (DOS, Mac, Apple II - 1985)",4.14,14
"Mindfighter (DOS, C64, Amiga, Amstrad CPC - 1988)",5.00,6
Nancy Drew: Treasure in the Royal Tower (Win - 2001),3.00,2
Paranoiak (Apple II - 1984),5.00,1
"The Colour of Magic (C64, Amstrad CPC - 1986)",5.00,1
Discworld (DOS - 1995),4.29,74
The Endless Night (DOS - 1993),3.00,2
The Dark Half (DOS - 1992),3.28,12
Supernova (DOS - 1987),2.33,3
"Jabato (DOS, C64, Amiga, ZX Spectrum, Atari ST - 1989)",5.00,4
Og the Great (C64 - 1993),0.00,0
"Crime Time (DOS, C64, Amiga - 1990)",3.50,10
ClueFinders: 6th Grade Adventures (Win - 2000),5.00,3
Of Light and Darkness: The Prophecy (Win - 1998),4.00,1
"Realm (C64, Amstrad CPC - 1987)",1.00,1
"The King of Chicago (DOS, Mac, Amiga, Sharp X68000 - 1988)",3.88,8
Ultra Resort Keroncuel (Win - 1997),5.00,1
Necronomicon: The Dawning of Darkness (Win - 2001),5.00,1
"La Guerra de las Vajillas (C64, Amstrad CPC - 1988)",2.00,1
Hi-Res Adventure #3: Cranston Manor (PC-88 - 1983),0.00,0
"High $take$ (DOS, Apple II - 1986)",3.00,2
"Universe 3 (DOS, Amiga, Atari ST - 1989)",4.19,21
"Ooze: Creepy Nites (DOS, Amiga, Atari ST - 1989)",4.57,7
"Strange Odyssey (C64, Atari 8-bit, BBC Micro, Dragon 32/64, Electron - 1983)",5.00,2
The Feeble Files (Mac - 2003),4.75,4
Pirate Isles (Win - 2002),3.00,1
E.T. Phone Home! (Atari 8-bit - 1983),5.00,2
Magia (Atari 8-bit - 1993),5.00,1
"Universe (DOS, Amiga - 1994)",4.85,26
Devil's Crown (Amstrad CPC - 1985),3.50,2
Circle World (C64 - 1983),0.00,0
ShadowForce (DOS - 1994),0.00,0
Return to Ringworld (DOS - 1994),4.00,27
Gilbert Goodmate and the Mushroom of Phungoria (Win - 2001),3.00,3
"Return to Oz (C64, Amstrad CPC - 1986)",5.00,1
Castle Elsinore (DOS - 1992),3.00,2
Final Soul (DOS - 1995),5.00,6
Tommy's Manor (DOS - 1989),1.00,1
A Journey into Xanth (DOS - 1993),3.60,5
Movie (Amstrad CPC - 1986),5.00,1
Abenteuer Europa (DOS - 1994),4.67,3
"007: James Bond - The Stealth Affair (DOS, Atari ST - 1990)",4.38,53
MTV's Beavis and Butt-Head: Do U. (Win - 1998),4.44,34
Kwah! (C64 - 1986),4.00,1
Famous Five 2: Silver Tower (Win - 2000),5.00,1
Portopia Renzoku Satsujin Jiken (PC-88 - 1983),0.00,0
Adventure in the Magic Land (DOS - 1989),4.00,1
Mamono Hunter Yōko: Makai kara no Tenkōsei (TurboGrafx CD - 1992),5.00,1
"Winnie the Pooh in the Hundred Acre Wood (DOS, C64, Amiga, Apple II - 1985)",3.78,9
Mise Quadam (DOS - 1995),0.00,0
ClueFinders: 3rd Grade Adventures (Win - 1998),4.30,86
"Myst (Win, Mac, 3DO - 1995)",3.76,43
Simon the Sorcerer: Who'd Even Want Contact?! (Win - 2009),0.00,0
The Fantasy Collection (Win 3.x - 1995),4.75,4
Putt-Putt Saves the Zoo (Mac - 1996),4.52,76
"Star Wreck (C64, Amstrad CPC - 1987)",5.00,1
Blueberry (DOS - 1987),3.25,8
"VooDoo Kid (Win, Win 3.x - 1997)",0.00,0
Hōma Hunter Lime Dai-3 Wa (Sharp X68000 - 1993),0.00,0
Kithe #14 (DOS - 1997),0.00,0
Time Search (C64 - 1985),0.00,0
Battle Golfer Yui (Genesis - 1991),5.00,1
Putt-Putt Travels Through Time (Mac - 1997),4.81,42
Atlantis: Evolution (Win - 2004),4.00,9
"Prisoner of Ice (DOS, Mac - 1995)",4.05,39
Robomaze: The Basement (DOS - 1991),2.33,3
Solus (DOS - 1988),0.00,0
Nirvana (DOS - 1989),3.00,3
"Once Upon A Time: Little Red Riding Hood (DOS, Amiga - 1991)",4.29,7
Sram 2 (DOS - 1987),4.60,5
"Total Distortion (Mac, Win 3.x - 1995)",4.12,17
38000 Kilo no Kokū (Sharp X68000 - 1989),5.00,1
"Infidel (DOS, Mac, C64, Amiga, Amstrad CPC, Atari 8-bit - 1984)",4.78,9
Soft de Hard na Monogatari (Sharp X68000 - 1988),0.00,0
Scooby-Doo!: Case File #1 - The Glowing Bug Man (Win - 2002),4.55,33
Pajama Sam 2: Thunder and Lightning aren't so Frightening (Mac - 1998),4.65,64
Wraith Blaster (DOS - 1993),0.00,0
Talisman (DOS - 1995),0.00,0
The Citadel of Chaos (C64 - 1984),5.00,2
"Spellbreaker (DOS, C64, Amiga, Amstrad CPC, Atari 8-bit, Apple II - 1985)",4.36,11
"Putt-Putt Goes to the Moon (DOS, Mac - 1993)",4.66,151
The Last Inca (Amiga - 1989),5.00,2
Wyspa (Atari 8-bit - 1993),0.00,0
"Cyborg (DOS, Mac, C64, Atari 8-bit - 1982)",4.50,4
"Plundered Hearts (DOS, Mac, C64, Amiga, Amstrad CPC, Atari 8-bit, Apple II - 1987)",4.91,11
"Welcome to the Future (Mac, Win 3.x - 1995)",3.00,1
"The Adventures of Buckaroo Banzai: Across the Eighth Dimension (DOS, C64, Atari 8-bit, Apple II - 1985)",3.00,4
"Biff (C64, Amstrad CPC - 1992)",3.50,2
"The Dark Eye (Win, Mac - 1995)",4.82,11
Marlowe (Atari ST - 1992),5.00,2
"Astate: La Malédiction des Templiers (Amiga, Atari ST - 1990)",4.80,5
Alien (DOS - 1982),4.33,6
Hogbear (DOS - 1989),3.00,2
"Masquerade (C64, Apple II, PC-88 - 1984)",5.00,1
"Lost Eden (DOS, Mac - 1995)",4.54,42
"The Crack of Doom (DOS, Mac, C64, Apple II - 1989)",4.08,13
Yū Yū Hakusho Gaiden (Genesis - 1994),4.67,3
"Death in the Caribbean (C64, Apple II - 1984)",4.33,3
Corya the Warrior-Sage (C64 - 1992),0.00,0
Scrooge (DOS - 1991),4.33,3
"Star Trap (Amstrad CPC, Atari ST - 1989)",3.00,2
Star Trek: Borg (Win - 1996),4.64,11
JumpStart Adventures: 3rd Grade - Mystery Mountain (Win - 1996),4.38,86
Rolling Stones Voodoo Lounge CD-ROM (Win 3.x - 1995),0.00,0
The Star Portal (DOS - 1988),3.75,4
Superhero League of Hoboken (DOS - 1994),4.62,16
Starship Andromeda (C64 - 1986),4.67,3
"Hi-Res Adventure #6: The Dark Crystal (Atari 8-bit, Apple II, PC-88 - 1983)",5.00,4
"La Aventura Original (DOS, C64, Amstrad CPC, Atari ST - 1989)",4.50,4
Earthrise (DOS - 1990),4.40,5
Ever17: The Out of Infinity (Win - 2004),4.60,10
Castle Explorer (Mac - 1996),4.85,13
Berlin Connection (DOS - 1994),0.00,0
"The Adventures of Willy Beamish (DOS, Amiga - 1991)",4.87,120
"Blue Ice (DOS, Mac - 1995)",3.47,15
Twilight's Ransom (DOS - 1988),4.20,5
"The Secret of Monkey Island (DOS, Mac, Amiga, Atari ST - 1990)",4.26,126
Freddi Fish 4: The Case of the Hogfish Rustlers of Briny Gulch (Mac - 1999),4.50,26
Pedestrian Devastation (Mac - 1999),0.00,0
Beauty or The Beast (Win - 2001),5.00,3
Orion Burger (DOS - 1996),4.00,5
Władcy Ciemności (C64 - 1993),5.00,1
"Treasure Quest (Win, Mac, Win 3.x - 1996)",5.00,1
Armed & Delirious (Win - 1997),3.56,9
Call of Cthulhu: Shadow of the Comet (DOS - 1993),4.70,35
Misty Vol.3 (Sharp X68000 - 1990),0.00,0
Nancy Drew: Ghost Dogs of Moon Lake (Win - 2002),0.00,0
Captain Gysi und das Raumschiff Bonn (DOS - 1997),4.33,3
Richard Scarry's BusyTown (Genesis - 1994),5.00,2
Treasure Island (C64 - 1987),4.00,2
"Escape (C64, Apple II - 1985)",5.00,1
"Jason of the Argonauts (C64, Amstrad CPC - 1990)",5.00,1
A Matter of Time (DOS - 1995),0.00,0
"The Quest of Merravid (C64, VIC-20 - 1983)",0.00,0
Kayleth (C64 - 1987),3.00,1
Blizzard Pass (C64 - 1986),0.00,0
"Stormbringer (C64, Amstrad CPC - 1987)",0.00,0
Top o Nerae! GunBuster Vol.2 (TurboGrafx CD - 1993),0.00,0
"Mr. Potato Head Saves Veggie Valley (Mac, Win 3.x - 1996)",4.11,27
RedCat (DOS - 1994),5.00,1
The Curse of Sherwood (C64 - 1987),4.33,6
Danger Mouse in the Black Forest Chateau (C64 - 1984),3.00,2
"COMPUTE!'s Guide to Adventure Games (included game) (DOS, C64 - 1984)",0.00,0
Jenny of the Prairie (DOS - 1985),0.00,0
"Jack the Ripper (C64, Amstrad CPC - 1987)",4.50,4
Tower of Despair (C64 - 1985),0.00,0
Last Days of Doom (DOS - 1988),1.00,1
Barbie Magic Genie Bottle (Win - 2000),0.00,0
"Omnicron Conspiracy (DOS, Amiga, Atari ST - 1989)",4.41,17
Valhalla and the Fortress of Eve (Amiga - 1996),3.75,4
Magic Castle (ZX Spectrum - 1983),0.00,0
"Jesus II (PC-88, Sharp X68000 - 1991)",5.00,1
"Giant Killer (DOS, BBC Micro - 1987)",0.00,0
3-Day Eventing: The Ultimate Riding Adventure (Win - 2000),0.00,0
Spycraft: The Great Game (DOS - 1996),5.00,2
Zero Zone (Win - 1998),5.00,4
"James Clavell's Shogun (DOS, C64, Amstrad CPC - 1988)",5.00,5
Yamamura Misa Suspense: Kinsenka Kyō Ezara Satsujin Jiken (TurboGrafx CD - 1992),0.00,0
"Countdown to Doom (DOS, BBC Micro - 1987)",4.53,8
4K Adventure (DOS - 1998),5.00,1
Broken Sword: The Smoking Mirror (Win - 1997),4.50,4
The Dig (DOS - 1995),3.96,48
The Great Machine (DOS - 2005),5.00,2
Quest for Glory: Shadows of Darkness (DOS - 1993),4.59,45
Unnkulian Unventure II: The Secret of Acme (DOS - 1991),0.00,0
Batman: Partners in Peril (Mac - 1996),0.00,0
The Adventures of Lance (DOS - 1990),4.00,2
The Egyptian Prophecy (Win - 2004),5.00,1
The Labyrinth of Time (DOS - 1993),3.77,13
"SPQR: The Empire's Darkest Hour (Mac, Win 3.x - 1997)",4.43,7
"The Alpine Encounter (DOS, C64, Apple II - 1985)",3.60,5
Westfront Omega: The Amulet Of Vega (DOS - 2002),0.00,0
Lights Out (Win - 2004),0.00,0
"Leather Goddesses Of Phobos (DOS, Mac, C64, Amiga, Amstrad CPC, Atari 8-bit, Atari ST, Apple II - 1986)",4.18,28
The Argon Factor (C64 - 1990),5.00,1
Quantum Gate (Win 3.x - 1993),3.25,4
Mutant Beach (Mac - 1991),5.00,1
Haunted Mission Adventure (DOS - 1986),4.50,4
"Reflux: Issue.02 - ""The Threshold"" (Win 3.x - 1995)",5.00,1
"The Adventures of Bond... Basildon Bond (C64, Amstrad CPC - 1986)",5.00,1
"Muppet Treasure Island (Win, Mac, Win 3.x - 1996)",4.50,28
Classic Adventure: The Original Colossal Cave! (DOS - 1996),4.00,1
Denarius Avaricius Sextus (DOS - 1992),3.00,2
"Explora III: Sous Le Signe Du Serpent (DOS, Amiga, Atari ST - 1990)",3.29,7
Castle of Skull Lord (C64 - 1984),0.00,0
"The Pink Panther: Hokus Pokus Pink (Win, Win 3.x - 1998)",4.43,7
"Titanic: Adventure Out of Time (Win, Mac - 1997)",4.44,61
"Suspicious Cargo (Amiga, Atari ST - 1991)",0.00,0
"Amnesia (DOS, C64, Apple II - 1986)",3.92,12
Out of Order (Win - 2003),5.00,1
Once a King (Atari ST - 1988),5.00,1
"The Holy Grail (DOS, Apple II - 1984)",4.50,4
Pursuit of Justice (Win - 2001),3.67,3
The Dagger of Amon Ra (DOS - 1992),4.85,54
VariTale (DOS - 1987),3.00,1
Fugitif: Les Aventures de Jack Bludfield - Part 1 (Amstrad CPC - 1991),5.00,2
"Innocent Until Caught (DOS, Amiga - 1993)",4.95,20
Johnny Mnemonic (Win - 1995),4.33,3
Gothmog's Lair (C64 - 1983),5.00,1
Last Half of Darkness (Win - 2000),4.00,5
"Hi-Res Adventure #0: Mission Asteroid (C64, Atari 8-bit, Apple II, PC-88 - 1983)",3.67,6
Nishimura Kyōtarō Mystery: Hokutosei no Onna (TurboGrafx CD - 1990),0.00,0
Catacombs (C64 - 1984),3.40,5
A Dark Sky Over Paradise (C64 - 1989),5.00,1
The Adventures of Ninja Nanny & Sherrloch Sheltie: No. 11 Downing Street (Win 3.x - 1993),0.00,0
Star Trek: Judgment Rites (Limited CD-ROM Collector's Edition) (DOS - 1995),4.71,31
The Helm (C64 - 1985),5.00,1
"Demoniak (DOS, Amiga, Atari ST - 1991)",3.25,4
Touché: The Adventures of the Fifth Musketeer (DOS - 1995),4.05,38
Wonder Boy in Monster Land Remake - La Vallée Perdue (Win - 2009),5.00,1
"NET:Zone (DOS, Win - 1996)",5.00,1
Doriath (C64 - 1985),4.83,6
Starflight: A Cosmic Adventure (C64 - 1993),4.86,7
Derelict (C64 - 1982),0.00,0
"Snooper Troops (DOS, C64, Apple II - 1982)",4.30,20
Caverns of Chaos (DOS - 1992),2.75,4
Voyage to Atlantis (C64 - 1983),0.00,0
Larry Vales II: Dead Girls are Easy (DOS - 2001),0.00,0
The Mystery of the Lost Sheep (C64 - 1986),0.00,0
"Atlantis: The Lost Tales (DOS, Win - 1997)",5.00,2
Kiyeko and the Lost Night (Win 3.x - 1994),5.00,8
Ring of Power (C64 - 1983),0.00,0
"Postman Pat 2 (C64, Amstrad CPC - 1989)",0.00,0
The City of Lost Children (DOS - 1997),3.86,7
The Smelly Mystery (Mac - 1997),4.00,3
"The Unorthodox Engineers: The Pen and the Dark (C64, ZX Spectrum, BBC Micro - 1984)",0.00,0
The Mind Electric (DOS - 1995),3.50,4
The Awesome Adventures of Victor Vector & Yondo: The Last Dinosaur Egg (Mac - 1993),4.50,2
Captain Zins (DOS - 1994),1.00,1
"Murders in Space (DOS, Amiga, Atari ST - 1990)",4.14,7
Shiryō Sensen 2 - War of the Dead Part 2 (PC-88 - 1989),5.00,1
"Juilliard Music Adventure (Mac, Win 3.x - 1995)",3.75,4
"Heart of China (DOS, Mac, Amiga - 1991)",4.71,34
Night Café (Mac - 1997),0.00,0
Castle Master 2: The Crypt (DOS - 1990),4.38,13
Dunkle Schatten (DOS - 1994),5.00,1
Wayne's World (DOS - 1993),3.93,14
"Skyland's Star (DOS, Win - 1993)",5.00,1
Monstruário (Win - 2001),5.00,2
"Kupiec (C64, Atari 8-bit - 1996)",5.00,1
Animal Magic (C64 - 1983),0.00,0
Entombed Enhanced (Win - 1997),0.00,0
Scooby-Doo!: Mystery of the Fun Park Phantom (Win - 1999),4.47,17
"Once Upon A Time: Abracadabra (DOS, Amiga - 1991)",4.00,3
Aztec Tomb Adventure (C64 - 1983),4.50,2
Ranma 1/2: Toraware no Hanayome (TurboGrafx CD - 1991),5.00,1
"Pyramid (C64, VIC-20 - 1983)",0.00,0
"Adventure B (C64, Amstrad CPC - 1984)",0.00,0
Igor: Objective Uikokahonia (DOS - 1994),4.27,11
Inspektor (Atari 8-bit - 1993),0.00,0
Ghost Town (Commodore 16 - 1985),4.50,2
What Linus Bruckman Sees When His Eyes Are Closed (Win - 2005),3.00,2
Meurtres en Série (DOS - 1987),4.00,1
Generic Adventure 551 (DOS - 1990),0.00,0
"Quest for Glory II: Trial by Fire (DOS, Amiga - 1990)",4.37,38
Hampton Manor (DOS - 1992),0.00,0
"The Manhole: CD-ROM Masterpiece Edition (Mac, Win 3.x - 1994)",5.00,1
"Snowball (C64, Amstrad CPC, Atari 8-bit, BBC Micro - 1983)",4.50,2
Rags to Riches (C64 - 1985),4.88,16
Urusei Yatsura: Stay with You (TurboGrafx CD - 1990),0.00,0
"Questprobe: Featuring Human Torch and the Thing (DOS, C64, Amstrad CPC, Atari 8-bit, BBC Micro - 1985)",4.40,5
Alien Incident (DOS - 1996),4.65,20
Mel Odius goes Six String Searchin' (DOS - 1992),2.50,2
Lost: Via Domus - The Video Game (Win - 2008),5.00,1
Yenght (ZX Spectrum - 1984),5.00,1
Streets of London (C64 - 1983),5.00,1
"Who Killed Brett Penance?: The Environmental Surfer (Win, Win 3.x - 1995)",0.00,0
Thermo Nuclear War Games (C64 - 1984),4.50,2
"Monty Python's Complete Waste of Time (Mac, Win 3.x - 1995)",4.00,4
The Adventures of Alice who Went Through the Looking-Glass and Came Back Though Not Much Changed (DOS - 1986),3.75,4
Crash Garret (DOS - 1987),2.00,3
The Prisoner (Apple II - 1980),4.50,4
"The Kristal (DOS, Amiga, Atari ST - 1989)",4.15,13
Time (Amiga - 1989),5.00,1
Wolfsbane (DOS - 1995),3.92,12
Discworld II: Mortality Bytes! (DOS - 1996),4.61,25
Murdac (DOS - 1989),1.00,1
Karuizawa Yūkai Annai (PC-88 - 1985),5.00,1
Discworld Noir (Win - 1999),4.65,70
The Snow Queen (C64 - 1986),0.00,0
"Berlin 1948 (DOS, Amiga, Atari ST - 1989)",3.88,8
Oz: The Magical Adventure (Mac - 2000),3.71,24
Secret of Kandar (C64 - 1986),0.00,0
Happy Birthday! (DOS - 1995),2.00,2
"The Lost Crown of Queen Anne (DOS, C64 - 1988)",4.67,6
Robinson Crusoe (Amstrad CPC - 1987),5.00,1
"Flies: Attack on Earth (Amiga, DOS - 1993)",4.00,1
In Search of the Lost Words (Win 3.x - 1996),4.92,12
Great Adventures by Fisher-Price: Castle (Win - 1995),4.50,2
Wonder Boy in Monster Land Remake (Win - 2009),3.00,4
Salammbo: Battle for Carthage (Win - 2002),3.33,3
"The 4th Unit 2 (PC-88, Sharp X68000 - 1988)",5.00,2
"The Lost Treasures of Infocom II (DOS, Mac - 1992)",5.00,2
Simon the Sorcerer 3D (Win - 2002),2.50,6
"Space Quest IV: Roger Wilco and the Time Rippers (DOS, Mac, Amiga - 1991)",4.51,60
"Dragon's Keep (C64, Atari 8-bit - 1984)",2.00,1
"Beyond the Wall of Stars (Mac, Win 3.x - 1992)",4.00,5
"Stifflip & Co. (C64, Amstrad CPC - 1987)",4.00,1
Misty Vol.2 (Sharp X68000 - 1989),0.00,0
"Das Erbe (DOS, Amiga - 1991)",4.00,6
Angst: A Game of Urban Survival (DOS - 1992),5.00,1
Reah: Face the Unknown (Win - 1998),3.00,1
Up Side Town (DOS - 1993),1.00,1
"Ring: The Legend of the Nibelungen (Win, Mac - 1998)",5.00,6
Pajama Sam: No Need to Hide When It's Dark Outside (Mac - 1996),4.62,200
The Hollywood Murders (DOS - 1997),5.00,1
The Jetsons: George Jetson and the Legend of Robotopia (Amiga - 1988),5.00,4
Beyond Shadowgate (TurboGrafx CD - 1993),5.00,1
Scooby-Doo!: Show Down in Ghost Town (Win - 2000),4.68,37
"Plan 9 from Outer Space (DOS, Amiga, Atari ST - 1992)",4.20,10
"Devon Aire in the Hidden Diamond Caper (C64, Amiga, Atari ST - 1988)",5.00,2
Upper Gumtree and Professor Blowitovitz (C64 - 1984),0.00,0
"Voodoo Girl: Queen of the Darned (DOS, Atari ST - 2003)",4.43,7
"The Quest for the Time-bird (DOS, Amiga, Atari ST - 1989)",4.58,12
The Hermit's Secret (DOS - 1982),4.00,1
Lost Dutchman's Gold (DOS - 1982),3.33,3
RedJack: The Revenge of the Brethren (Win - 1998),4.15,10
"Silent Möbius: Case: Titanic (PC-98, Sharp X68000 - 1990)",4.67,3
Rema the Truth (Win - 1996),3.67,3
Inca (DOS - 1992),4.50,4
The Legend Lives! (DOS - 1994),0.00,0
Zapman (DOS - 1992),3.00,1
"Trekboer (DOS, Dragon 32/64 - 1985)",5.00,1
"Himitsu no Hanazono (Sharp X68000, TurboGrafx CD - 1992)",0.00,0
"The Twilight Zone (DOS, Amiga - 1988)",3.46,11
Goblin Towers (C64 - 1983),0.00,0
"Lucifer's Realm (C64, Atari 8-bit, Apple II - 1984)",5.00,1
Max on the Moon (Win - 1999),0.00,0
"Ice Station Zero (C64, ZX Spectrum - 1985)",0.00,0
Foul Play: Mystery at Awkward Manor (Mac - 1995),5.00,4
"Forbidden Quest (DOS, Mac - 1983)",4.00,2
"Captain Blood (DOS, Mac, C64, Amiga, Amstrad CPC, Atari ST, Apple IIgs - 1988)",4.36,25
Enchanted Scepters (Mac - 1985),5.00,4
Arnold the Adventurer (C64 - 1992),0.00,0
"Circus (C64, Atari 8-bit, BBC Micro - 1983)",5.00,1
"Scapeghost (DOS, C64, Amiga, Amstrad CPC, Atari ST, BBC Micro - 1989)",4.64,11
Barney's Hide & Seek Game (Genesis - 1993),3.75,4
Almazz (C64 - 1985),3.00,1
The Jade Necklace (C64 - 1987),5.00,1
Ace Ventura (Win - 1996),3.92,38
The Island of Lost Hope (Amiga - 1989),5.00,1
"Bugsy (C64, Amstrad CPC - 1986)",4.80,5
Ghost of the Fireflies (DOS - 2007),5.00,1
Magic Fairy Tales: Barbie As Rapunzel (Mac - 1997),4.57,30
Galactix (DOS - 1988),0.00,0
Payuta and the Ice God (Win 3.x - 1995),4.50,6
Ray Bradbury's The Martian Chronicles Adventure Game (Win 3.x - 1995),0.00,0
"Treasure Island (DOS, C64, Apple II - 1985)",4.83,12
A Lenda da Gávea (MSX - 1988),5.00,3
Football Frenzy (C64 - 1987),5.00,1
"Maison Ikkoku: Kanketsuhen (PC-88, Sharp X68000 - 1988)",5.00,1
Invaders of the Lost Tomb (C64 - 1985),5.00,2
"Fish (DOS, C64, Amiga, Atari ST - 1988)",4.55,11
"Jeffrey Archer: Not a Penny More, Not a Penny Less - The Computer Game (C64, Amstrad CPC, Atari ST - 1987)",5.00,2
Harold's Mission (DOS - 1995),0.00,0
Pork I: The Great Underground Sewer System (DOS - 1991),3.33,3
Crystal's Pony Tale (Genesis - 1994),4.67,3
Martian Memorandum (DOS - 1991),4.73,34
everGirl (Win - 2005),0.00,0
Wingman (PC-88 - 1984),0.00,0
"Neuromancer (DOS, C64, Amiga, Apple II, Apple IIgs - 1989)",4.24,38
"Dragonworld (DOS, C64, Apple II - 1984)",4.10,10
Guardians of Infinity: To Save Kennedy (DOS - 1988),4.14,7
Calixto Island (DOS - 1984),3.50,6
Guilty (DOS - 1995),4.45,11
"Shadowfire (C64, Amstrad CPC - 1985)",5.00,3
"Scott Adams' Graphic Adventure #4: Voodoo Castle (C64, Atari 8-bit - 1984)",4.00,3
Beyond Atlantis II (Win - 2001),0.00,0
"Daria's Inferno (Win, Mac - 2000)",4.26,19
"Gold of the Realm (Amiga, Atari ST - 1988)",5.00,2
"Troggle Trouble Math (Mac, Win 3.x - 1994)",4.50,6
Tom Long: The Time Adventure (DOS - 1994),4.00,2
Y2K: The Game (Win - 1999),5.00,1
"Star Trek: 25th Anniversary (DOS, Mac, Amiga - 1992)",4.55,59
Lifeboat Adventure (C64 - 1988),0.00,0
"Indiana Jones and The Fate of Atlantis (DOS, Amiga - 1992)",4.47,142
Detritus: The Daemons Quest (DOS - 1996),3.67,3
Unnkulia One-Half: The Salesman Triumphant (DOS - 1993),0.00,0
"Dark Lord (C64, Apple II - 1987)",4.75,8
Ramonovo Kouzlo (DOS - 1995),5.00,1
"Knight Orc (DOS, Mac, C64, Amiga, Amstrad CPC, Atari 8-bit - 1987)",4.83,6
JumpStart Spelling (Win - 1998),5.00,2
Duckman: The Graphic Adventures of a Private Dick (Win - 1997),5.00,5
"Earthly Delights (DOS, Mac, Apple II - 1984)",4.00,5
Kingdom Without End (DOS - 2001),0.00,0
"The Fourth Protocol (DOS, C64, Amstrad CPC - 1987)",4.43,7
The Palace of Deceit: the Dragon's Plight (Win 3.x - 1992),4.33,6
"Artemis (PC-98, Sharp X68000 - 1991)",5.00,1
Pechowy Prezent (Amiga - 1995),3.00,2
Yawara! 2 (TurboGrafx CD - 1994),0.00,0
"Peter Pan (Amiga, Amstrad CPC, Atari ST - 1988)",5.00,3
Commander Blood (DOS - 1994),5.00,1
"Hexuma: Das Auge des Kal (DOS, Amiga - 1992)",4.80,5
Grim Fandango (Win - 1998),4.00,8
The Famous Five: Dangerous Discovery (Win - 2001),4.00,3
"The Koshan Conspiracy (DOS, Amiga, Atari ST - 1992)",4.48,21
Deranged Wizard's Castle (DOS - 2005),2.00,3
"Snooper Troops: Case #2 - The Case of the Disappearing Dolphin (DOS, C64 - 1982)",4.40,15
Space Quest V: The Next Mutation (DOS - 1993),4.47,43
Sotsugyō Shashin / Miki (Sharp X68000 - 1992),0.00,0
"Frankenstein Adventure (DOS, C64 - 1992)",4.75,4
"DOME (PC-88, Sharp X68000 - 1988)",5.00,1
Forbidden Castle (DOS - 1985),2.50,2
Taiyō no Shinden (PC-88 - 1986),0.00,0
Egypt 1156 B.C.: Tomb of the Pharaoh (Mac - 1997),5.00,1
Se-Kaa of Assiah (C64 - 1985),4.00,2
Aliard's Tome (C64 - 1983),5.00,1
Isle of the Dead (DOS - 1993),3.56,25
Search for the Golden Dolphin (Mac - 1999),5.00,2
"Mickey's Space Adventure (DOS, C64, Apple II - 1985)",4.00,18
The Graphic Adventure Creator (C64 - 1986),4.83,6
Universe II (DOS - 1986),5.00,6
Fue (DOS - 1988),0.00,0
Amazon: Guardians of Eden (DOS - 1992),4.69,39
"Snatcher (PC-88, SEGA CD, TurboGrafx CD - 1988)",4.78,27
The Darkest Night (DOS - 1996),5.00,1
Alfa-Boot (Atari 8-bit - 1994),0.00,0
Four Gates to Freedom (VIC-20 - 1983),0.00,0
Simon the Sorcerer 4: Chaos Happens (Win - 2007),0.00,0
"Hollywood Hijinx (DOS, Mac, C64, Amiga, Amstrad CPC, Atari 8-bit, Atari ST, Apple II - 1987)",4.71,7
Déjà Vu I & II: The Casebooks of Ace Harding (Win 3.x - 1992),5.00,3
Mindbender (C64 - 1984),0.00,0
Projekt Prometheus (C64 - 1991),3.50,2
Matchbox Caterpillar: Adventures in Time (Win - 2000),0.00,0
"Trouble at Bridgeton (C64, ZX Spectrum - 1990)",0.00,0
Intercept (DOS - 1981),1.00,1
Celtica (Win - 1998),0.00,0
"KGB (DOS, Amiga - 1992)",4.31,42
"The Residents' Bad Day on the Midway (Mac, Win 3.x - 1995)",5.00,5
Toonstruck (DOS - 1996),4.20,5
"Zork: The Undiscovered Underground (Win, Mac, C64 - 1997)",5.00,2
"Chamber of the Sci-Mutant Priestess (DOS, Amiga, Atari ST - 1989)",3.92,13
The X-Files Game (Win - 1998),4.50,4
Larry Vales: Traffic Division (DOS - 2000),5.00,1
Jacaranda Jim (DOS - 1987),5.00,1
Galactix II: The Search for the Lost Orbs (DOS - 1991),0.00,0
"Sherlock Holmes: Consulting Detective (DOS, Mac, TurboGrafx CD - 1991)",4.33,21
"Mindshadow (DOS, Mac, C64, Amstrad CPC, Atari 8-bit, Atari ST, Apple II - 1985)",4.46,13
Ark of Time (DOS - 1997),2.92,12
"Kingdom of Hamil (DOS, BBC Micro - 1987)",4.33,3
Fables & Fiends: Hand of Fate (DOS - 1993),4.57,67
"Museum Madness (DOS, Mac - 1994)",4.48,21
The Enchanted Realm (Atari ST - 1988),5.00,1
Yamamura Misa Suspense: Kyōto Anba Sansō Satsujin Jiken (3DO - 1994),3.00,1
"Feasibility Experiment (C64, Atari 8-bit, BBC Micro - 1983)",5.00,1
Rainbow Fish and the Whale (Mac - 2001),5.00,1
"Once Upon a Time: Baba Yaga (DOS, Amiga - 1991)",4.67,3
"Indiana Jones in Revenge of the Ancients (DOS, Apple II - 1987)",4.75,8
Scooby-Doo!: Case File N°2 - The Scary Stone Dragon (Win - 2003),4.79,29
The Beverly Hillbillies (DOS - 1993),3.80,15
Connections (Mac - 1995),4.80,5
Boyz Don't Cry (Win - 2005),0.00,0
Dance of the Vampires (C64 - 1988),4.60,5
Mamono Hunter Yōko: Tōki Yobigoe (TurboGrafx CD - 1993),5.00,1
"Arrow of Death: Part I (C64, VIC-20, BBC Micro, Commodore 16 - 1983)",5.00,2
"The Dallas Quest (C64, Atari 8-bit, Apple II - 1984)",4.00,5
Dennō Tenshi: Digital Ange (TurboGrafx CD - 1994),0.00,0
Wallobee Jack: The Bingi Burra Stone (Win 3.x - 1994),0.00,0
The Pink Panther: Passport to Peril (Win 3.x - 1996),4.43,11
Inner Demons (DOS - 1996),5.00,1
Escape from Delirium (DOS - 1995),3.72,18
Escape from Traam (Apple II - 1981),0.00,0
"Wishbone and the Amazing Odyssey (Mac, Win 3.x - 1996)",4.50,8
SpellCaster (Master System - 1988),5.00,1
Weird: Truth is Stranger than Fiction (Win 3.x - 1996),1.00,1
"Suspended (DOS, Mac, C64, Amiga, Amstrad CPC, Atari 8-bit, Apple II - 1984)",4.86,7
"The Vortex Factor (DOS, Dragon 32/64 - 1985)",3.00,2
Bajoran Mercenary Adventure! (DOS - 1993),5.00,1
"Das Stundenglas (DOS, Amiga - 1990)",4.67,3
Dances With Bunny Rabbits (C64 - 1992),0.00,0
Alice: An Interactive Museum (Mac - 1991),5.00,2
"Realms of Darkness (C64, Apple II, PC-88, Sharp X68000 - 1987)",4.46,13
Bud Tucker in Double Trouble (DOS - 1996),3.82,11
JumpStart Music (Win - 1998),4.75,4
Sotsugyō Shashin / Miki (TurboGrafx CD - 1994),0.00,0
The Inheritance: Chaos in Scotland (C64 - 1987),5.00,1
Nightmare Collection: Dead of the Brain - Shiryō no Sakebi (Sharp X68000 - 1992),0.00,0
Grandad 2: In Search of Sandwiches (Atari ST - 1993),4.00,2
"Amazon (DOS, Mac, C64, Apple II - 1984)",4.88,8
"Shard of Inovar (DOS, C64, Amstrad CPC - 1987)",5.00,4
Timequest (DOS - 1991),5.00,7
Daryl F. Gates Police Quest: Open Season (DOS - 1993),4.69,35
"Deja Vu: A Nightmare Comes True!! (DOS, Mac, C64, Amiga, Atari ST, Apple IIgs, PC-98 - 1987)",4.96,54
"Fatty Bear's Birthday Surprise (DOS, Mac - 1993)",4.57,190
Inca II: Nations of Immortality (DOS - 1993),4.57,7
Dream Prisoner (DOS - 1995),3.33,3
Intrigue! (C64 - 1986),5.00,3
Dragonsphere (DOS - 1994),4.19,15
A-MIS Adventure (DOS - 1993),0.00,0
Captain Bible in Dome of Darkness (DOS - 1994),3.98,46
Subsunk (C64 - 1985),4.75,4
Dick Tracy: The Crime-Solving Adventure (DOS - 1991),4.75,8
"Legend of The Sword (DOS, Amiga, Atari ST - 1988)",4.00,13
"Shadowgate (DOS, Mac, Win 3.x, Amiga, Atari ST, Apple IIgs - 1988)",4.08,12
Survivor: The Interactive Game (Mac - 2001),4.60,10
Cyborg (C64 - 1987),4.00,1
"Simon the Sorcerer II: The Lion, the Wizard and the Wardrobe (DOS - 1995)",4.22,32
Minos (Atari ST - 1987),5.00,2
"The Adventures of Young Indiana Jones: Revolution (Win, Mac - 2007)",0.00,0
Sen (Amiga - 1995),3.33,3
Colossal Cave Revisited (DOS - 1993),0.00,0
Magic Stone (C64 - 1984),0.00,0
Star Trek: Deep Space Nine - Harbinger (DOS - 1995),3.67,3
"Harlan Ellison: I Have No Mouth, and I Must Scream (DOS, Mac - 1995)",4.69,108
"Wilderness: A Survival Adventure (DOS, Apple II - 1986)",4.43,28
"Wishbringer (DOS, Mac, C64, Amiga, Amstrad CPC, Atari 8-bit, Apple II - 1985)",4.83,12
Spy Snatcher (DOS - 1992),4.00,4
"Swiss Family Robinson (C64, Apple II - 1984)",3.78,9
Psychic Detective Series Vol.3: Aýa (TurboGrafx CD - 1992),0.00,0
The Hunt: Search for Shauna (BBC Micro - 1987),0.00,0
Stugan (DOS - 1986),3.00,1
LA Law: The Computer Game (DOS - 1992),4.80,5
Return of the Phantom (DOS - 1993),4.22,23
"Twice Shy (ZX Spectrum, Amstrad CPC - 1986)",0.00,0
Cyberworm (C64 - 1989),0.00,0
King's Quest: Mask of Eternity (Win - 1998),4.35,59
Detective Barbie 2: The Vacation Mystery (Win - 1999),0.00,0
James Herbert's The Rats (C64 - 1985),3.50,4
Myst III: Exile (Win - 2001),4.00,4
Scooby-Doo!: Phantom of the Knight (Win - 2001),4.29,52
Team Xtreme: Operation Weather Disaster (Win 3.x - 1995),0.00,0
U.F.O.s (Win - 1997),3.80,5
"Arrow of Death Part II (C64, BBC Micro - 1983)",3.00,1
"Ardentryst (Win, Linux - 2009)",5.00,1
Bi-Fi Roll: Action in Hollywood (DOS - 1994),5.00,1
Star Trek: Klingon (Win 3.x - 1996),0.00,0
Willowbrook Stables: The Saddle Club (Win - 2002),4.17,18
"The Demon's Forge (DOS, Apple II - 1987)",3.86,7
Chronomaster (DOS - 1995),2.67,6
Star Warped (Win 3.x - 1997),0.00,0
DungeonHack (Linux - 2009),4.00,4
"Nord and Bert Couldn't Make Head or Tail of It (DOS, Mac, C64, Amiga, Atari ST, Apple II - 1987)",4.64,14
"Masters of the Elements (Win, Mac - 1997)",4.75,8
Earthquake (C64 - 1983),5.00,1
"Elvira II: The Jaws of Cerberus (DOS, C64, Amiga, Atari ST - 1991)",4.34,45
Death Gate (DOS - 1994),4.55,20
Crystal Pixels (DOS - 1997),5.00,1
Temüjin (Win - 1997),5.00,2
"Paris 1313: The Mystery of Notre-Dame Cathedral (Win, Mac - 1999)",4.50,6
Darby the Dragon (Mac - 1996),4.75,12
Hank's Quest: Victim of Society (DOS - 2002),3.67,3
The Pyramid (C64 - 1992),5.00,1
"Putt-Putt Enters the Race (Win, Mac, Win 3.x - 1998)",5.00,1
The Black Sanctum (DOS - 1984),3.20,5
"The Legend of Apache Gold (C64, Amstrad CPC - 1986)",5.00,1
"Beneath a Steel Sky (DOS, Amiga - 1994)",4.76,53
Realm of Darkness (C64 - 1988),5.00,1
Alien Hell (Atari 8-bit - 1981),5.00,1
The Lost Island of Alanna (Win - 1998),1.00,1
The Horror of Rylvania (DOS - 1993),0.00,0
The Infocom Collection (DOS - 1992),3.79,14
SpongeBob SquarePants: The Movie (Win - 2004),4.58,49
The New Adventures of the Time Machine (Win - 2000),4.50,12
"Cosmic Spacehead (DOS, Genesis, Master System, Game Gear, Amiga - 1993)",3.94,6
"Velnor's Lair (C64, ZX Spectrum - 1985)",0.00,0
Physicus: Save the World with Science! (Mac - 1999),5.00,5
EcoQuest: The Search for Cetus (DOS - 1991),4.78,47
"Escape from Pulsar 7 (C64, BBC Micro - 1983)",5.00,1
Indenture (DOS - 1995),5.00,4
"The Worm in Paradise (C64, Amstrad CPC, BBC Micro - 1985)",3.50,2
Shura no Mon (Genesis - 1992),0.00,0
"The Three Musketeers (C64, Amiga - 1987)",3.67,3
"Adventure at the Chateau d'Or (Win, Mac - 2001)",3.38,8
"Sherlock Holmes in ""Another Bow"" (DOS, C64 - 1985)",4.00,4
"Adventure A (C64, Amstrad CPC - 1984)",0.00,0
"Bone: Out from Boneville (Win, Mac - 2005)",0.00,0
Croustibat (DOS - 1995),3.67,6
"Uninvited (DOS, Mac, Win 3.x, C64, Amiga, Atari ST, Apple IIgs - 1988)",4.00,19
"Escape from Monkey Island (Win, Mac - 2000)",3.36,11
Secret Mission (DOS - 1996),5.00,3
"Mortville Manor (DOS, Amiga, Amstrad CPC, Atari ST - 1988)",4.45,11
Onryō Senki (PC-88 - 1988),5.00,1
"Maniac Mansion (DOS, C64, Amiga, Atari ST, Apple II - 1988)",4.03,31
Return to Doom (DOS - 1988),4.50,6
Dragon Lore: The Legend Begins (DOS - 1994),3.79,24
Nancy Drew: Danger on Deception Island (Win - 2003),3.00,1
"Zork Nemesis: The Forbidden Lands (DOS, Win, Mac - 1996)",5.00,1
Island of Mystery Adventure (DOS - 1985),5.00,3
Lost in Time (DOS - 1993),4.78,37
Uncle Zebulon's Will (DOS - 1995),5.00,2
Journey to the Center of the Earth (Win - 2003),3.50,2
Yawara! (TurboGrafx CD - 1992),0.00,0
"Hi-Res Adventure #2: The Wizard and the Princess (DOS, C64, Atari 8-bit, PC-88 - 1982)",4.12,24
Mission Supernova (DOS - 1994),3.00,2
Sir Ramic Hobbs and the High Level Gorilla (DOS - 1994),0.00,0
Candy Land Adventure (Win - 1996),4.47,17
Dragon Riders: Chronicles of Pern (Win - 2001),5.00,3
"Gwendolyn: Pursuit of a Princess (C64, Atari 8-bit - 1984)",5.00,1
Moorhuhn: Die ersten 10 Jahre (Win - 2009),4.89,19
Tex Murphy: Overseer (Win - 1998),1.00,1
"Spellbound (C64, Amstrad CPC, Atari 8-bit - 1986)",5.00,1
Dan Wilder (Amiga - 1995),5.00,1
Nancy Drew: Secret of the Old Clock (Win - 2005),5.00,2
Mummy: Tomb of the Pharaoh (Win 3.x - 1996),0.00,0
"Law of the West (C64, Apple II, PC-88 - 1985)",4.63,8
John Saul's Blackstone Chronicles: An Adventure in Terror (Win - 1998),2.91,11
The Sacred Amulet (Win - 1999),3.60,5
"Knightmare (C64, Amstrad CPC - 1987)",5.00,4
"The Sydney Affair (DOS, C64, Amstrad CPC - 1987)",4.00,2
Token Of Ghall (C64 - 1983),5.00,1
10Rogue (DOS - 1984),4.66,29
Freddi Fish 5: The Case of the Creature of Coral Cove (Mac - 2001),4.54,46
"Police Quest 3: The Kindred (DOS, Amiga - 1991)",4.25,75
Futuria (Mac - 1985),3.50,2
"Star Trek: The Promethean Prophecy (DOS, Mac, C64 - 1986)",4.57,7
Misty Island (C64 - 1994),5.00,1
Murder Makes Strange Deadfellows (DOS - 1991),4.08,12
Sherlock Holmes: The Vatican Cameos (DOS - 1986),5.00,4
"Africa Trail (Win, Mac - 1997)",3.20,20
Roderic (Atari 8-bit - 1992),0.00,0
Cosmic Capers (C64 - 1983),0.00,0
Everyday (DOS - 1992),0.00,0
Normality (DOS - 1996),4.67,3
"Where Time Stood Still (DOS, ZX Spectrum, Atari ST - 1987)",4.29,7
Alfabet Śmierci (Amiga - 1996),4.50,2
"BloodNet (DOS, Amiga - 1993)",4.22,34
Agent XXL und das Geheimnis der Quadrate (DOS - 1996),3.00,1
I Spy II (Win - 2001),0.00,0
"Time Zone (Apple II, PC-88 - 1982)",5.00,1
"Misty Vol.5 (PC-88, Sharp X68000 - 1990)",0.00,0
AMBER: Journeys Beyond (Mac - 1996),4.00,9
"Pandora (C64, Amiga, Atari ST - 1988)",3.00,2
"Bad Mojo (Win, Mac - 1996)",4.75,4
JumpStart Adventures: 6th Grade - Mission: Earthquest (Win - 1998),3.00,2
"Doctor Who and the Mines of Terror (C64, Amstrad CPC, BBC Micro - 1986)",4.25,4
Trollbound (C64 - 1986),0.00,0
Hugo II: Whodunit? (DOS - 1991),3.86,14
"Aquaman: War of the Water Worlds (Win, Mac - 1996)",2.50,2
Accolade's Comics featuring Steve Keene Thrillseeker (C64 - 1987),4.67,3
Captain Spleen 2 (DOS - 1997),0.00,0
Anyworld (DOS - 1992),3.00,2
Cobra's Arc (Amstrad CPC - 1986),5.00,1
"Méwilo (Amiga, Amstrad CPC, Atari ST - 1988)",0.00,0
The Odyssey (C64 - 1986),5.00,1
"C.I.A. Adventure (DOS, C64 - 1982)",3.80,9
The Blade of Blackpoole (Atari 8-bit - 1983),5.00,1
Dracula's Secret (Win - 1996),4.60,5
"The Witch's Cauldron (C64, ZX Spectrum - 1985)",3.00,1
The Lost City (C64 - 1985),5.00,1
"Arthur: The Quest for Excalibur (DOS, Mac, Amiga - 1989)",5.00,13
3D Land (DOS - 1992),3.00,7
The Dame Was Loaded (DOS - 1996),3.20,5
Dora the Explorer: Lost City Adventure (Mac - 2002),4.58,47
The Fate (Win - 2003),4.62,13
Starship Titanic (Mac - 1999),4.40,10
Mission Critical (DOS - 1995),4.87,15
Veil of Darkness (DOS - 1993),4.33,48
Bishōjo Senshi Sailor Moon (TurboGrafx CD - 1994),0.00,0
"Rigel's Revenge (C64, Amstrad CPC - 1987)",5.00,1
"James Clavell's Shogun (DOS, Amiga - 1989)",4.00,9
Treasure Hunter (Commodore 16 - 1986),0.00,0
Pirate Fry and Volcano Island (DOS - 2001),5.00,1
"Vision: The 5 Dimension Utopia (DOS, Amiga - 1992)",3.00,2
"Dark Seed (DOS, Amiga - 1992)",4.27,68
"The 4th Unit (PC-88, Sharp X68000 - 1987)",0.00,0
ClueFinders: 5th Grade Adventures (Win - 1999),4.20,5
Special Agent (DOS - 1989),0.00,0
Crash Dive! (Atari 8-bit - 1984),3.00,1
"Megacorp (DOS, C64 - 1989)",4.75,4
Toonesia (DOS - 1995),3.67,3
Super Gran: The Adventure (C64 - 1985),1.00,1
Multispy (Win - 1998),0.00,0
Agharta: The Hollow Earth (Win - 2000),5.00,2
Grackon's Curse (Mac - 1995),5.00,1
"The Lurking Horror (DOS, Mac, C64, Amiga, Amstrad CPC, Atari 8-bit, Apple II - 1987)",4.06,69
"Dark Seed II (Mac, Win 3.x - 1996)",3.72,29
Ankh (Win - 2005),0.00,0
"Black Sect (DOS, Amiga, Atari ST - 1993)",4.12,17
"Beyond Zork: The Coconut of Quendor (DOS, Mac, Amiga, Atari ST, Apple IIgs - 1987)",4.00,22
Shin Onryō Senki (TurboGrafx CD - 1995),0.00,0
Souls of Darkon (C64 - 1985),5.00,1
Yogurt Commercial II (Mac - 2001),5.00,2
"La Diosa de Cozumel (DOS, C64, Amiga, Amstrad CPC, Atari ST - 1990)",4.71,7
Italian Night 1999 (Amiga - 1992),4.60,5
Treasury of Zan (DOS - 1989),3.00,2
SpaceKids (DOS - 1996),5.00,3
cRiMe (DOS - 1985),2.67,3
"Borrowed Time (DOS, C64, Amiga, Atari ST, Apple II - 1985)",4.57,14
Grandad and The Quest for The Holey Vest (Atari ST - 1992),5.00,1
"The Final Battle (DOS, Amiga, Atari ST - 1991)",4.30,10
"The Inheritance: Panic in Las Vegas (C64, ZX Spectrum - 1987)",4.00,4
"Flight of the Amazon Queen (DOS, Amiga - 1995)",4.41,51
Shine (Win 3.x - 1996),0.00,0
Le Mystère de Kikekankoi (Amstrad CPC - 1985),0.00,0
Mercy (DOS - 1997),0.00,0
The Westbury Mystery (C64 - 1993),5.00,1
"Secrets of the Luxor (Mac, Win 3.x - 1996)",5.00,1
City of Madness (DOS - 1989),3.00,2
"Fahrenheit 451 (DOS, Mac, C64, Atari ST, Apple II - 1984)",4.56,9
Operacja Glemp (DOS - 1996),4.00,4
Wonder Boy in Monster Land: The Legendary World (Win - 2010),5.00,3
"Realm of Chaos: Village of Lost Souls (Amstrad CPC, BBC Micro, Electron - 1987)",5.00,1
Scott Adams' Graphic Adventure #6: Strange Odyssey (Atari 8-bit - 1982),5.00,1
Tsarevna: A Medieval Russia Quest (Win - 2002),5.00,2
"Hook (DOS, Amiga, Atari ST - 1992)",3.52,21
Moth (DOS - 1994),5.00,1
Hōma Hunter Lime Dai-11 Wa (Sharp X68000 - 1994),0.00,0
Escape from Colditz (Amiga - 1991),4.56,9
Robot Odyssey (DOS - 1985),4.79,53
JumpStart Animal Adventures (Mac - 2002),3.73,5
Pangea - Return to Planet Earth (DOS - 1993),3.44,9
Sram 1 (DOS - 1987),4.00,4
Nemurenu Yoru no Chiisana O-Hanashi (TurboGrafx CD - 1993),5.00,1
Castle of Riddles (BBC Micro - 1982),1.00,1
System's Twilight (Mac - 1994),5.00,1
Intergalactic Bar Mans Pub Crawl (DOS - 1991),0.00,0
9: The Last Resort (Mac - 1996),4.31,13
"Below The Root (DOS, C64, Apple II - 1984)",4.28,54
Backpacker (Win - 1995),4.33,3
"Indian Mission (Amiga, Atari ST - 1988)",0.00,0
Adventure II (DOS - 2001),0.00,0
The Miser's House (DOS - 1981),4.71,7
Space Rangers 2: Dominators (Win - 2004),4.36,11
Inhabited Island: The Earthling (Win - 2007),0.00,0
Scooby-Doo Mystery (Genesis - 1995),4.44,9
"Jewels of Babylon (C64, Amstrad CPC - 1985)",4.33,3
VeggieTales: The Mystery of Veggie Island (Win - 2002),5.00,4
Ringworld: Revenge of the Patriarch (DOS - 1992),4.20,30
Crime Stopper: Murder at Midnight! (C64 - 1984),4.33,3
Misty Vol.7 (Sharp X68000 - 1991),0.00,0
"Rome: Pathway to Power (DOS, Amiga - 1992)",4.56,34
Adventure in Time and Space (C64 - 1992),5.00,1
Clifford the Big Red Dog: Thinking Adventures (Win - 2000),4.34,28
"The President is Missing (DOS, C64, Amiga - 1988)",4.45,11
Nancy Drew: Last Train to Blue Moon Canyon (Win - 2005),3.00,2
African Safari (C64 - 1984),5.00,3
Ark Pandora (C64 - 1986),5.00,1
Alien Virus (DOS - 1995),3.54,13
A Dudley Dilemma (DOS - 1988),3.67,3
"Triaxos (C64, ZX Spectrum, Amstrad CPC - 1987)",0.00,0
Shadows in the Night (C64 - 1995),0.00,0
Misty Vol.6 (Sharp X68000 - 1990),0.00,0
Shultz's Treasure (DOS - 1983),3.00,3
"ZorkQuest: Assault on Egreth Castle (DOS, C64 - 1988)",4.57,7
Ayumi (PC-88 - 1990),4.20,5
Freddi Fish 2: The Case of the Haunted Schoolhouse (Mac - 1996),4.47,38
Dracula in London (DOS - 1988),4.38,8
A Change in the Weather (DOS - 1995),3.57,7
Unnkulia Zero: The Search for Amanda (DOS - 1993),0.00,0
The Magic Toyshop (DOS - 1995),3.67,3
Lassi Quest (DOS - 1999),0.00,0
The Detective (C64 - 1986),5.00,5
"Treasure Galaxy! (DOS, Mac, Win 3.x - 1994)",4.66,53
"Jonny Quest: The Real Adventures - Cover-Up at Roswell (Mac, Win 3.x - 1996)",5.00,2
"Valkyrie 17 (C64, ZX Spectrum - 1985)",0.00,0
"Zero Critical (Win, Mac - 1998)",5.00,2
Saigon: The Final Days (Atari 8-bit - 1981),0.00,0
"Hunchback: the Adventure (C64, Amstrad CPC - 1986)",0.00,0
"Cruise for a Corpse (DOS, Amiga, Atari ST - 1991)",4.27,48
Lupercalia (DOS - 2008),3.00,2
Nuclear Adventure or the North Base (Atari 8-bit - 1990),0.00,0
"The Beast Within: A Gabriel Knight Mystery (Win, Mac - 1995)",4.29,7
The Mystery of the Nautilus (Win - 2002),3.75,4
The House at the Edge of Time (DOS - 1990),3.75,4
Will 'o the Wisp (C64 - 1984),0.00,0
"Fable (DOS, Win - 1996)",4.73,15
The Palace of Deceit: The Secret of Castle Lockemoer (DOS - 1991),0.00,0
Adventures in Odyssey 3D CD-ROM (Win - 1998),2.50,4
Kagami no Kuni no Legend (TurboGrafx CD - 1989),5.00,1
Crusader: Adventure Out of Time (Mac - 1997),4.50,6
Crater Raider (VIC-20 - 1983),0.00,0
Beneath Folly (C64 - 1987),0.00,0
The Moment of Silence (Win - 2004),0.00,0
Enchanter: Wakaki Madōshi no Shiren (PC-98 - 1993),0.00,0
Spellseeker (C64 - 1987),5.00,1
"The Famous Five: Five on a Treasure Island (C64, Amstrad CPC - 1992)",3.50,4
"Roberta Williams' Mixed-Up Mother Goose (DOS, Win 3.x - 1991)",5.00,11
"Les Portes du Temps (DOS, Amiga, Atari ST - 1989)",3.33,3
"Kobyashi Naru (DOS, C64, Amstrad CPC - 1987)",1.33,3
"Frankenstein: Through the Eyes of the Monster (Win, Mac - 1995)",5.00,3
"Conquests of the Longbow: The Legend of Robin Hood (DOS, Amiga - 1991)",4.73,79
The Mummy Mystery (Mac - 2001),4.70,10
"Knight Tyme (C64, Amstrad CPC - 1986)",0.00,0
Nancy Drew: Message in a Haunted Mansion (Win - 2000),5.00,1
Crystals Of Carus (C64 - 1985),3.00,2
"Roberta Williams' King's Quest I: Quest for the Crown (DOS, Amiga - 1990)",4.47,17
"Jewels of Darkness (DOS, Amiga - 1986)",3.83,6
Backpacker 2 (Win - 1997),4.40,10
Blade Runner (Win - 1997),4.50,120
Majik (C64 - 1988),4.50,4
Wet (Win - 2001),3.67,3
Scott Adams' Graphic Adventure #3: Secret Mission (Atari 8-bit - 1982),0.00,0
"The Archers (C64, Amstrad CPC, Atari 8-bit - 1986)",5.00,1
Nancy Drew: The Haunted Carousel (Win - 2003),3.00,1
"Perry Mason: The Case of the Mandarin Murder (DOS, C64, Atari ST, Apple II - 1985)",4.70,10
The Romantic Blue (DOS - 1994),4.00,1
"Cylu (C64, Amstrad CPC - 1985)",0.00,0
"The Journeyman Project 2: Buried in Time (Mac, Win 3.x - 1995)",4.67,3
"Rasputin (C64, Amstrad CPC - 1986)",5.00,1
The Golden Path (Amiga - 1986),4.25,4
The Adventures of Down Under Dan (DOS - 1995),4.09,23
Adventure in Humongous Cave (DOS - 1993),4.00,2
The Oregon Trail: 5th Edition (Win - 2001),4.05,96
Murder! (DOS - 1990),4.13,16
Hamil (DOS - 1987),4.60,5
"Slender: The Eight Pages (Win, Mac - 2012)",4.00,27
"Monkey Island 2: LeChuck's Revenge (DOS, Mac, Amiga - 1991)",4.28,185
"Don Quijote (DOS, C64, Amstrad CPC - 1987)",4.60,5
The Causes of Chaos (C64 - 1985),5.00,1
"Dream Zone (DOS, Amiga, Apple IIgs - 1988)",4.33,3
"Bureaucracy (DOS, Mac, Apple II - 1987)",4.01,17
Kingdom O' Magic (DOS - 1996),3.44,9
"Murder off Miami (C64, Amstrad CPC - 1986)",4.75,4
Silverload (DOS - 1995),3.75,12
Dive: The Conquest of Silver Eye (DOS - 1996),5.00,1
The Darkest Road (C64 - 1993),5.00,1
The Longest Journey (Win - 1999),3.45,11
Armist (PC-98 - 1992),4.50,4
Menace of Dr. Spoil Sport (DOS - 1992),3.00,2
Weird Island (DOS - 1992),0.00,0
"The Lost Files of Sherlock Holmes (DOS, 3DO - 1992)",4.63,41
The Nine Lives of Secret Agent Katt (DOS - 1991),3.82,11
"Jinxter (DOS, Mac, C64, Amiga, Amstrad CPC, Atari 8-bit, Atari ST - 1988)",4.80,5
"Loom (DOS, Mac, Amiga, Atari ST - 1990)",4.32,62
The Space Adventure (TurboGrafx CD - 1991),0.00,0
Peter Pan: A Story Painting Adventure (DOS - 1993),4.61,26
"Molecule Man (C64, Amstrad CPC, Atari 8-bit, Commodore 16 - 1986)",0.00,0
Karma: Curse of the 12 Caves (Mac - 1995),5.00,1
"Quest for Quintana Roo (C64, Atari 8-bit, ColecoVision - 1984)",5.00,1
Still Life (Win - 2005),3.67,3
"Deadenders (C64, Amstrad CPC - 1988)",5.00,1
Trek Adventure (C64 - 1983),0.00,0
"Spy Fox: ""Operation Ozone"" (Mac - 2001)",4.57,7
Nemesis: The Wizardry Adventure (DOS - 1996),4.57,7
Misty Blue (PC-88 - 1990),3.67,3
Adventure (DOS - 1985),3.55,11
"Rendezvous with Rama (DOS, C64, Apple II - 1985)",4.45,9
Puzz 3D: Victorian Mansion (Mac - 1999),0.00,0
The Black Mirror (Win - 2003),3.80,5
Skegpool Rock: Operation Annihilation (C64 - 1988),0.00,0
Voyage (Win - 2005),0.00,0
Soft de Hard na Monogatari 2 (Sharp X68000 - 1989),0.00,0
"Robot City (Win, Mac, Win 3.x - 1995)",5.00,1
Alpha (PC-88 - 1986),4.75,4
The Hound of the Baskervilles (DOS - 1993),5.00,1
"Granny's Garden (C64, Amstrad CPC, BBC Micro - 1987)",3.96,26
Jesus of Nazareth (DOS - 2005),0.00,0
"The Price of Magik (C64, Amstrad CPC, Atari 8-bit, BBC Micro - 1986)",3.00,1
"Casablanca ni Ai o: Satsujinsha wa Jikū o Koete (3DO, PC-88 - 1994)",0.00,0
"Hokkaidō Rensa Satsujin: Okhotsk ni Kiyu (PC-88, PC-98 - 1984)",5.00,1
Sethi and the Inca Wizard (Mac - 2001),4.00,1
"Project Thesius: Rick Hanson 2 (BBC Micro, Electron - 1986)",0.00,0
"Starcross (DOS, Mac, C64, Amiga, Amstrad CPC, Atari 8-bit, Apple II - 1984)",3.94,15
Fool's Gold (C64 - 1983),5.00,1
Quest ][ (DOS - 1995),1.50,2
Shades (C64 - 1985),4.00,2
Dice Fantasy (Win - 2003),3.33,3
Hell Cab (Mac - 1993),5.00,1
Jigoku no Renshū Mondai (PC-88 - 1984),5.00,1
Atalan (C64 - 1988),5.00,1
The Scoop (DOS - 1989),4.75,4
Message from Andromeda (Amstrad CPC - 1985),3.00,1
Father World (DOS - 1994),0.00,0
"Witch Hunt (C64, ZX Spectrum - 1988)",5.00,3
Tony Tough and the Night of Roasted Moths (Win - 1997),4.00,1
"Abracadabra (MSX, Amstrad CPC - 1988)",5.00,7
Pajama Sam 3: You Are What You Eat From Your Head To Your Feet (Mac - 2001),4.67,59
Anna (Win - 2005),4.65,17
Lost Secret of the Rainforest (DOS - 1993),4.63,51
"The Standing Stones (C64, Apple II - 1984)",4.50,2
Vampiric Tower (DOS - 2000),0.00,0
Ankh: Heart of Osiris (Win - 2006),0.00,0
"Wrath of the Gods (Mac, Win 3.x - 1994)",4.83,12
Dratewka the Shoemaker (Atari 8-bit - 2008),0.00,0
Are You Afraid of the Dark? The Tale of Orpheo's Curse (DOS - 1994),4.08,50
Savage Island Part Two (Electron - 1984),0.00,0
Arazok's Tomb (Amiga - 1987),4.67,6
Convention Blues (C64 - 1994),0.00,0
Valhalla: Before the War (Amiga - 1995),3.67,3
"Dracula (C64, Amstrad CPC - 1986)",4.71,7
Scoop Da Poop (DOS - 2001),0.00,0
"Top Secret (DOS, Amstrad CPC - 1987)",5.00,1
Bill Nye: The Science Guy - Stop the Rock! (Win - 1996),5.00,3
Caper in the Castro (Mac - 1989),3.00,2
Puzz 3D: Notre Dame Cathedral (Win - 1997),4.25,4
Gateway II: Homeworld (DOS - 1993),4.84,19
"Sherlock: The Riddle of the Crown Jewels (DOS, Mac, C64, Amiga - 1988)",4.67,9
Time Paradox (DOS - 1996),3.97,10
Faerie (C64 - 1985),0.00,0
Scooby-Doo!: Jinx at the Sphinx (Win - 2001),4.45,31
"Time Runner (Amiga, Atari ST - 1989)",5.00,1
"Beyond Atlantis (Win, Mac - 1999)",4.50,2
Gumboots Australia (DOS - 1990),4.43,7
Nellan is Thirsty (C64 - 1982),5.00,1
"Escape from Rungistan (Apple II, PC-88 - 1982)",0.00,0
"Nexus (C64, Amstrad CPC - 1986)",5.00,2
"Dust: A Tale of the Wired West (Mac, Win 3.x - 1995)",4.42,24
"Full Throttle (DOS, Mac - 1995)",4.31,317
"Flunky (C64, Amstrad CPC - 1987)",3.00,1
Willowbrook Stables: Search for the Golden Horseshoes (Win - 2001),2.33,3
The Simpsons: Virtual Springfield (Win - 1997),4.55,59
Phantasy Star Adventure (Game Gear - 1992),0.00,0
"The Journeyman Project 3: Legacy of Time (Win, Mac - 1998)",4.00,1
The Oregon Trail 1.2 for Windows (Win - 1995),4.40,270
Zarth (PC-88 - 1984),5.00,1
Dylan Dog: Le Notti della Luna Piena (C64 - 1988),5.00,1
"Mystery of the Nile (C64, Amstrad CPC - 1986)",5.00,5
The Dark Convergence II (DOS - 1994),2.25,4
Holiday Maker (Amiga - 1988),1.67,3
Phantasy Star II Text Adventure: Shilka no Bōken (Genesis - 1990),0.00,0
"Stationfall (DOS, Mac, C64, Amiga, Amstrad CPC, Atari 8-bit, Atari ST - 1987)",5.00,3
"Drachen von Laas (DOS, Amiga, Atari ST - 1991)",5.00,2
Gord@k (Mac - 1997),5.00,1
"Psy-O-Blade (Genesis, PC-88 - 1990)",5.00,4
"The Quest for the Golden Eggcup (C64, Amstrad CPC - 1988)",0.00,0
A.D. 2044 (Win - 1996),2.50,4
The Manhole: New and Enhanced (DOS - 1992),5.00,2
The Snow Queen (DOS - 1993),0.00,0
Lapis Philosophorum: The Philosophers' Stone (C64 - 1985),5.00,3
Chichén Itzá (DOS - 1992),4.75,4
"Mixed-Up Mother Goose (DOS, Apple IIgs - 1987)",4.36,11
Eksperyment Delfin (Amiga - 1995),0.00,0
Intergalactic Life (DOS - 2002),0.00,0
The Punk Allen Trilogy (DOS - 2001),0.00,0
"The Fellowship of The Ring (DOS, Mac, C64, Amstrad CPC, Apple II, BBC Micro - 1986)",4.50,30
"Gremlins: The Adventure (C64, Amstrad CPC, BBC Micro, Electron - 1985)",4.00,4
Adventure Creator (C64 - 1984),5.00,2
"Superboy: Spies from Outer Space (Mac, Win 3.x - 1996)",5.00,1
"Asylum II (DOS, C64 - 1985)",3.75,4
Heavy on the Magick (Amstrad CPC - 1986),0.00,0
Beatle Quest (C64 - 1985),3.00,1
"Déjà Vu II: Lost in Las Vegas (DOS, Mac, Amiga, Atari ST, Apple IIgs, PC-98 - 1990)",4.45,29
Hōma Hunter Lime Dai-2 Wa (Sharp X68000 - 1993),0.00,0
Voyage into the Unknown (ZX Spectrum - 1984),0.00,0
"King's Quest III: To Heir is Human (DOS, Mac, Amiga, Atari ST, Apple II, Apple IIgs - 1986)",4.36,56
Caverns of Kroz II (DOS - 1990),4.75,4
The Secrets of Atlantis (Win - 2006),3.00,3
Tlon (Win - 1999),0.00,0
Misty Vol.1 (Sharp X68000 - 1989),0.00,0
Sherlock (C64 - 1984),4.75,4
"Murder on The Atlantic (DOS, C64, Amstrad CPC - 1988)",4.25,4
"Dungeon Adventure (C64, Amstrad CPC, BBC Micro - 1983)",5.00,1
"Agent USA (DOS, C64, Atari 8-bit, Apple II - 1985)",4.73,22
Lost Valley (Win - 2003),5.00,3
Jan Pienkowski Haunted House (Mac - 1997),3.57,7
Harapeko Tsuki To Hoshi Atsume (Win - 1997),5.00,1
Nancy Drew: Curse of Blackmoor Manor (Win - 2004),3.00,2
Redhawk (C64 - 1986),4.50,2
"Return to Zork (DOS, Mac - 1993)",4.27,45
Garage (Win - 1999),4.51,43
Time Thief (C64 - 1988),5.00,1
Fame Quest (C64 - 1984),5.00,1
Phantasy Star II Text Adventure: Kinds no Bōken (Genesis - 1990),0.00,0
The Death Trap (PC-88 - 1984),4.00,1
Titanic: A Mysterious Undersea Adventure (Win 3.x - 1998),0.00,0
"Simon the Sorcerer (DOS, Amiga - 1993)",4.34,86
Alice In Wonderland (DOS - 1989),3.71,7
Batman Returns (DOS - 1992),4.35,37
Geheimprojekt DMSO (DOS - 1993),5.00,1
Trilogy (DOS - 1987),3.00,2
Yellow Peril (C64 - 1994),5.00,1
"Waxworks (C64, ZX Spectrum, Atari 8-bit, BBC Micro, Dragon 32/64, Electron - 1984)",0.00,0
"Sapiens (DOS, Amstrad CPC, Atari ST - 1987)",3.56,9
"The Child Murderer (DOS, Amiga - 1996)",4.33,6
Nightlong: Union City Conspiracy (Win - 1998),4.89,18
Cyber City Oedo 808: Kemono no Alignment (TurboGrafx CD - 1991),0.00,0
"Shivers Two: Harvest of Souls (Win, Win 3.x - 1997)",5.00,1
"Treasure Cove! (DOS, Mac - 1992)",4.67,58
"Spider-Man (DOS, Atari 8-bit, BBC Micro, Electron - 1986)",4.53,19
Merlin's Apprentice (Mac - 1995),4.00,2
Time Tunnel (C64 - 1985),5.00,2
Demon from the Darkside (C64 - 1988),4.33,3
Queensrÿche's Promised Land (Win 3.x - 1996),0.00,0
101 Dalmatians: Escape From DeVil Manor (Win - 1997),4.37,26
Alien Earth (Win - 1998),0.00,0
Leather Goddesses of Phobos! 2: Gas Pump Girls Meet the Pulsating Inconvenience from Planet X (DOS - 1992),4.52,23
Talisman (DOS - 1994),0.00,0
The Adventures of Hyperman (Win 3.x - 1995),5.00,2
Master of Magic (C64 - 1985),4.33,6
Anastasia: Adventures with Pooka and Bartok! (Mac - 1997),4.71,7
Nostalgia 1907 (Sharp X68000 - 1991),0.00,0
The Tarturian (Apple II - 1980),0.00,0
Ripper (DOS - 1996),4.20,10
Adventure in the Fifth Dimension (Atari 8-bit - 1983),0.00,0
Timeline (Win - 2000),4.50,4
Perfect Detective Manual (Win - 1997),0.00,0
Sunny Shine on the Funny Side of Life (C64 - 1990),5.00,4
Party Quest (C64 - 1995),5.00,1
Versailles II: Testament of the King (Win - 2001),4.33,4
"Who Killed Sam Rupert: Virtual Murder 1 (Win 3.x, Win 3.x - 1993)",5.00,2
Jack in the Dark (DOS - 1993),4.40,25
Sanitarium (Win - 1998),4.33,6
Callahan's Crosstime Saloon (DOS - 1997),4.62,21
Zapak (DOS - 1992),4.00,4
Phantasy Star II Text Adventure: Huey no Bōken (Genesis - 1991),0.00,0
L Elle (Sharp X68000 - 1991),0.00,0
The Adventure (DOS - 1988),5.00,1
"Waxworks (DOS, Amiga - 1992)",4.36,42
Pac-Man 2: The New Adventures (Genesis - 1994),5.00,6
"Manhunter 2: San Francisco (DOS, Mac, Amiga, Atari ST - 1989)",4.60,29
"Terrormolinos (C64, Electron - 1985)",0.00,0
Braminar (DOS - 1987),5.00,3
Bit Bot's Math Voyage (Win - 1995),4.00,7
Murder Cruise (DOS - 1990),4.67,6
Dopplegänger (DOS - 1985),0.00,0
The Legend of Kyrandia: Book 3 - Malcolm's Revenge (DOS - 1994),4.43,35
The New Castle (DOS - 1999),0.00,0
Zabugorie: The Fairy Planet (Win - 2001),5.00,1
"Grange Hill (C64, Amstrad CPC - 1987)",5.00,1
The Lost World (C64 - 1993),5.00,1
Broken Sword: The Sleeping Dragon (Win - 2003),3.00,4
Black Crystal (C64 - 1985),5.00,1
Eternam (DOS - 1992),3.94,16
Zodiac / The Search for the Secret of Life (C64 - 1987),5.00,1
Drak (C64 - 1988),5.00,2
"Special Operations (C64, Amstrad CPC, BBC Micro, Electron - 1984)",4.00,1
Clock Tower (Win - 1997),4.71,17
"Dracula: The Last Sanctuary (Win, Mac - 2000)",5.00,2
"Inspektor Griffu (DOS, Amiga - 1990)",3.17,6
"Dondra: A New Beginning (DOS, C64, Apple IIgs - 1989)",5.00,4
"Island of Secrets (C64, VIC-20 - 1984)",5.00,1
Quann Tulla (C64 - 1985),0.00,0
Eldorado Gold (BBC Micro - 1982),0.00,0
Ginga Ojōsama Densetsu Yuna 2: Eien no Princess (TurboGrafx CD - 1995),0.00,0
Phantasy Star II Text Adventure: Anne no Bōken (Genesis - 1991),0.00,0
Perfect Assassin (DOS - 1997),5.00,1
"Border Zone (DOS, Mac, C64 - 1987)",4.75,8
"Code-Name: Iceman (DOS, Amiga, Atari ST - 1989)",4.55,22
"The Tortoise and the Hare (Mac, Win 3.x - 1993)",4.67,6
"King's Quest VI: Heir Today, Gone Tomorrow (DOS, Mac, Amiga - 1992)",4.36,90
Pilgrim: Faith as a Weapon (Win 3.x - 1998),0.00,0
Gallahad (Atari 8-bit - 1992),5.00,1
"The Quest (DOS, Mac, C64, Atari 8-bit, Apple II, PC-88 - 1984)",4.33,3
Empire of Karn (C64 - 1985),4.33,3
"Lighthouse: The Dark Being (DOS, Mac - 1996)",3.91,23
Bakuden: Unbalance Zone (TurboGrafx CD - 1994),0.00,0
Kasiarz (Atari 8-bit - 1994),5.00,1
"Breakers (DOS, C64, Atari ST - 1986)",3.67,3
Private eye dol (TurboGrafx CD - 1995),0.00,0
Realms of the Haunting (DOS - 1997),4.33,6
"Timelapse (Win, Mac, Win 3.x - 1996)",5.00,1
"Zork: The Great Underground Empire (DOS, C64, Amiga, Amstrad CPC, Atari 8-bit, Atari ST, Apple II - 1984)",4.28,187
Operation Feuersturm (C64 - 1989),0.00,0
"Zork III: The Dungeon Master (DOS, C64, Amiga, Amstrad CPC, Atari 8-bit, Atari ST, Apple II - 1982)",4.21,14
"The Big Sleaze (C64, Amstrad CPC - 1987)",4.00,2
Azalta (DOS - 1996),5.00,2
Adventure 3: Haunted Mansion (C64 - 1982),4.40,5
Will: The Death Trap II (PC-88 - 1985),3.00,2
Twinsen's Odyssey (DOS - 1997),4.76,21
The Journey of Iesir (Win - 2016),3.70,20
"ZorkQuest: The Crystal of Doom (DOS, C64 - 1988)",4.64,11
The Fennels Figure Math (Win - 1996),4.00,7
Mixed-Up Mother Goose (DOS - 1991),4.26,60
"Return to Mysterious Island (Win, Mac - 2004)",5.00,1
"Nosferatu the Vampyre (C64, Amstrad CPC - 1986)",4.57,7
Pork 2 (Atari ST - 1989),0.00,0
"Spaceship Warlock (Mac, Win 3.x - 1991)",4.29,7
The Ket Trilogy (BBC Micro - 1985),0.00,0
"Skaut Kwatermaster (DOS, Amiga - 1995)",3.50,2
The White Chamber (Win - 2005),0.00,0
"Inherit the Earth: Quest for the Orb (DOS, Mac - 1994)",4.28,17
The Sorceror's Appraisal (DOS - 2002),0.00,0
Mission: Impossible (DOS - 1991),4.11,18
Magic Castle (C64 - 1993),5.00,1
Drowned God: Conspiracy of the Ages (Win - 1996),3.67,6
Pharaoh's Tomb (VIC-20 - 1982),5.00,1
"Mystery of the Mummy (DOS, C64, Amiga - 1988)",3.83,6
"Ghost Town (C64, BBC Micro, Electron - 1983)",5.00,1
"Con-Quest (C64, Amstrad CPC - 1987)",0.00,0
"Secret Mission (C64, VIC-20, BBC Micro, Dragon 32/64, Electron, PC-88 - 1984)",3.40,5
"Dune (DOS, Amiga - 1992)",4.77,125
Metropolis (DOS - 1987),4.00,8
Gold and Glory: The Road to El Dorado (Win - 2000),5.00,8
"The Wizard of Akyrz (C64, Atari 8-bit, BBC Micro, Electron - 1983)",5.00,1
"The Shadows of Mordor (DOS, Mac, C64, Amstrad CPC, Apple II - 1988)",4.40,15
Masters of the Universe: Super Adventure (C64 - 1986),5.00,1
"Psycho (DOS, C64, Amiga, Atari ST - 1988)",3.56,9
Earthtia Saga: Larthur's Legend (Mac - 1995),0.00,0
Last Half of Darkness III (DOS - 1993),2.88,8
Aura: Fate of the Ages (Win - 2004),5.00,1
Panic in the Park (Win 3.x - 1995),0.00,0
"Rebel Planet (C64, Amstrad CPC, BBC Micro - 1986)",5.00,1
"Shenanigans (DOS, Dragon 32/64 - 1984)",4.00,3
"Shivers (Win, Mac - 1995)",4.47,51
Dragon Lore II: The Heart of the Dragon Man (DOS - 1996),4.40,5
"Hacker (DOS, Mac, C64, Amiga, Amstrad CPC, Atari 8-bit, Atari ST, PC-88 - 1986)",4.05,22
Wild Wild West: The Steel Assassin (Win - 1999),5.00,3
Jack Orlando: A Cinematic Adventure (Director's Cut) (Win - 2001),4.00,4
Master of Dimensions (Win - 1996),0.00,0
"The Secret Diary of Adrian Mole Aged 13¾ (C64, Amstrad CPC, Atari 8-bit, BBC Micro - 1985)",5.00,2
"Planetfall (DOS, C64, Amiga, Amstrad CPC, Atari 8-bit, Apple II - 1983)",4.41,17
Enigma Force (C64 - 1986),5.00,7
"The Daedalus Encounter (Win 3.x, 3DO - 1995)",4.00,2
"Kingdom: The Far Reaches (DOS, Mac - 1995)",4.20,5
"Gabriel Knight: Sins of the Fathers (DOS, Mac - 1993)",4.54,85
Escape from Delirium (ZX Spectrum - 1995),5.00,4
Klątwa (C64 - 1993),4.00,2
The One that Got Away (DOS - 1995),0.00,0
"The Institute (C64, Atari 8-bit, Apple II - 1983)",5.00,2
Free D.C! (DOS - 1991),1.67,6
Gahan Wilson's The Ultimate Haunted House (Win 3.x - 1994),0.00,0
"Hampstead (C64, BBC Micro, Electron - 1984)",5.00,1
Dylan Dog: Ritorno Al Crepuscolo (DOS - 1993),5.00,1
Last Half of Darkness II (DOS - 1992),3.20,5
Incydent (Atari 8-bit - 1993),0.00,0
"Warlord (ZX Spectrum, Amstrad CPC - 1985)",4.00,1
Marvel Comics Spider-Man: The Sinister Six (DOS - 1996),4.29,7
Better Dead Ratification (Win - 1995),0.00,0
Complete Kroz Series (DOS - 1987),4.33,15
"The Yukon Trail (Mac, Win 3.x, Win 3.x - 1994)",4.54,48
Castle Ralf (DOS - 1987),5.00,3
Computer Novel Construction Set (DOS - 1985),4.40,5
The Awesome Adventures of Victor Vector & Yondo: The Cyberplasm Formula (Mac - 1995),4.50,2
Shadow of Destiny (Win - 2002),5.00,2
Oregon Trail Deluxe (DOS - 1992),4.20,1421
Macbeth (C64 - 1984),5.00,3
Barahir (Atari 8-bit - 1993),5.00,2
Star Trek: The Next Generation - The Transinium Challenge (DOS - 1990),4.18,11
"The Vortex: Quantum Gate II (Win 3.x, Win 3.x - 1994)",4.00,4
Maniac Mansion Deluxe (Win - 2004),3.43,23
"Adventure 1 (C64, MSX, Amstrad CPC, BBC Micro - 1984)",5.00,1
The Quest for the Holy Grail (C64 - 1985),3.50,4
The Scroll of Akbar Khan (C64 - 1985),3.00,1
Blue Force (DOS - 1993),4.50,34
"Alice in Wonderland (C64, Apple II - 1985)",4.75,12
"Les Manley in: Search for the King (DOS, Amiga - 1990)",4.65,17
Nanobots (Win - 2006),4.20,5
Quest for Glory V: Dragon Fire (Mac - 1998),4.33,15
"Frankie Goes to Hollywood (C64, Amstrad CPC - 1985)",4.60,5
Scoop! (C64 - 1985),0.00,0
Slaygon (Atari ST - 1988),3.00,1
Sherlock Holmes: Secret of the Silver Earring (Win - 2004),5.00,1
Secrets of the Pyramids (Win 3.x - 1994),5.00,1
"Space Quest: Chapter I - The Sarien Encounter (DOS, Amiga, Atari ST, Apple IIgs - 1986)",4.58,67
Sign of the Sun (DOS - 1997),5.00,3
My Eyes! (Sharp X68000 - 1992),0.00,0
"The Mask of the Sun (C64, Atari 8-bit, Apple II - 1984)",5.00,1
"3x3 Eyes: Sanjiyan Henjō (DOS, PC-98, TurboGrafx CD - 1996)",4.40,10
Dungeon Quest (Amiga - 1989),4.20,5
"Crime City (DOS, Amiga, Atari ST - 1992)",4.09,22
Shannara (DOS - 1995),4.18,22
Christian Text Adventure #1 (DOS - 1986),0.00,0
"Write your own Adventure Programs for your Microcomputer (Apple II, Dragon 32/64 - 1983)",0.00,0
Voodoo Island (DOS - 1985),5.00,3
Fugitive (Win - 1996),4.50,2
"Opera Fatal (Mac, Win 3.x - 1996)",4.40,5
"Mixed-Up Mother Goose Deluxe (Mac, Win 3.x - 1995)",4.62,13
Mars (C64 - 1982),5.00,1
Engineering Jones and the Time Thieves of DSPea (DOS - 1991),0.00,0
Dezeni World (PC-88 - 1985),0.00,0
Sea Quest (DOS - 1984),5.00,4
The Pagemaster (Win 3.x - 1994),0.00,0
Adventures of Barsak the Dwarf (C64 - 1984),0.00,0
"The Crimson Crown (DOS, Mac, C64, Amiga, Atari ST, Apple II, PC-88 - 1986)",4.13,8
Major Istar: Under the Doomed Sea (Dragon 32/64 - 1986),0.00,0
"Bob Morane: Chevalerie 1 (DOS, C64, Amstrad CPC, Atari ST - 1987)",4.20,5
"The Boggit: Bored Too (C64, Amstrad CPC - 1986)",4.00,1
Planetarian: Chiisana Hoshi no Yume (Win - 2004),0.00,0
"King's Quest II: Romancing the Throne (DOS, Mac, Amiga, Atari ST, Apple II, Apple IIgs - 1987)",4.53,38
Star Trek: Judgment Rites (DOS - 1993),4.60,20
"Gruds In Space (C64, Atari 8-bit, Apple II - 1983)",4.50,2
Riven: The Sequel to Myst (Mac - 1997),3.44,9
Dark Dungeons (C64 - 1983),5.00,1
Raiders (Dragon 32/64 - 1982),0.00,0
"Wild West Seymour (C64, ZX Spectrum, Amstrad CPC - 1992)",5.00,2
Arthur's Wilderness Rescue (Win - 2000),0.00,0
"The Zork Anthology (DOS, Mac - 1994)",0.00,0
Bureau 13 (DOS - 1995),4.69,16
Dezeni Land (PC-88 - 1983),5.00,1
In Cold Blood (Win - 2000),5.00,1
The Awesome Adventures of Victor Vector & Yondo: The Hypnotic Harp (Mac - 1993),3.60,5
"Rise of The Dragon (DOS, Mac, Amiga - 1990)",4.70,71
"Hellowoon: Das Geheimnis des Zauberstabs (C64, Amiga, Atari ST - 1987)",5.00,1
"La Abadía del Crimen (DOS, Amstrad CPC - 1987)",4.92,12
Great Adventures by Fisher-Price: Pirate Ship (Win - 1996),5.00,1
"Superman: The Mysterious Mr. Mist (Mac, Win 3.x - 1996)",3.00,2
Vampire's Castle Adventure (DOS - 1984),3.67,6
"Bad Milk (Win, Mac - 2000)",4.00,10
"Rama (DOS, Mac - 1996)",4.14,14
"The Mist (DOS, Mac - 1985)",3.78,9
Advanced Xoru (DOS - 1989),3.64,11
Arthur Yahtzee: The Curse of Hell's Cheesecake (DOS - 2000),0.00,0
Orion Quest (C64 - 1984),5.00,3
An American Tail: The Computer Adventures of Fievel and His Friends (DOS - 1993),4.22,18
The Last Express (Mac - 1997),3.40,5
"Chrono Quest II (DOS, Amiga, Atari ST - 1989)",4.50,10
The Curse of Monkey Island (Win - 1997),4.23,22
Astérix und Obélix: Die Odyssee (C64 - 1986),0.00,0
"Labyrinth (C64, Apple II, PC-88 - 1986)",4.20,40
Murray Mouse: Supercop (C64 - 1992),0.00,0
The Adventures of Valdo & Marie (Win - 1996),5.00,5
"A View to a Kill: The Computer Game (C64, MSX, Amstrad CPC - 1985)",4.00,9
Mode (Win - 1996),5.00,1
"Mystery Fun House (Atari 8-bit, Electron, PC-88 - 1981)",5.00,1
The Berenstain Bears: Volume One - Learning at Home (DOS - 1993),5.00,1
Harp: A Fantasy Adventure Book (DOS - 1993),0.00,0
Eureka! (C64 - 1984),4.80,5
"The Wizard of Oz (DOS, C64, Apple II - 1985)",4.71,7
"Star Trek: The Next Generation - ""A Final Unity"" (DOS, Mac - 1995)",4.47,43
Aztec Tomb Revisited (Part II) (C64 - 1984),0.00,0
"Heroes of Karn (C64, Amstrad CPC - 1983)",4.50,2
"Dracula 3: The Path of the Dragon (Win, Mac - 2008)",4.00,1
Giantkiller (DOS - 1987),4.50,2
Panoplia: The Full Armor of God (DOS - 1991),5.00,2
Varicella (DOS - 1999),0.00,0
Jonny Quest: Curse of the Mayan Warriors (DOS - 1993),4.88,8
Amelie Minuit (Amstrad CPC - 1985),0.00,0
Spud! (DOS - 1996),0.00,0
Dark Side of the Moon (Win - 1998),3.33,3
Residence 44 Quest (DOS - 1999),1.00,1
"Ring Quest (Apple II, PC-88 - 1985)",5.00,1
James Bond 007: Goldfinger (DOS - 1986),4.07,15
"Stay Tooned! (Mac, Win 3.x - 1996)",4.53,17
Le Diamant de l'Île Maudite (Amstrad CPC - 1986),0.00,0
Hōma Hunter Lime Dai-6 Wa (Sharp X68000 - 1993),0.00,0
"The Fabulous Wanda and the Secret of Life, the Universe, and Everything (C64 - 1983)",1.50,2
"The Witness (DOS, Mac, C64, Amstrad CPC, Atari 8-bit, Apple II - 1984)",4.00,4
Beyond The Titanic (DOS - 1986),4.00,3
Freddi Fish 3: The Case of the Stolen Conch Shell (Mac - 1998),4.53,76
Lumpies of Lotis IV (DOS - 1986),0.00,0
"Batman: The Caped Crusader (DOS, C64, Amiga, Amstrad CPC, Atari ST, Apple II - 1989)",4.35,17
"Spy Fox in ""Dry Cereal"" (Mac - 1997)",4.53,43
Life-Term (C64 - 1987),0.00,0
Beyond Time (Win - 1997),3.40,5
"Pirate Adventure (C64, Atari 8-bit, VIC-20, Electron - 1985)",5.00,1
"The Colonel's Bequest (DOS, Amiga, Atari ST - 1989)",4.75,156
GS Mikami (TurboGrafx CD - 1994),0.00,0
"The Growing Pains of Adrian Mole (C64, Amstrad CPC, BBC Micro - 1987)",3.33,3
"Necris Dome (C64, Amstrad CPC - 1987)",3.00,1
Fantasia Diamond (BBC Micro - 1984),0.00,0
"Gamma Force in Pit of a Thousand Screams (DOS, C64 - 1988)",4.83,6
T-Zero (DOS - 1991),2.75,4
Atomia Akorny (DOS - 1992),0.00,0
Nancy Drew: The Final Scene (Win - 2001),0.00,0
Valhalla and the Lord of Infinity (Amiga - 1994),4.00,5
The Serpent's Star (Atari 8-bit - 1983),0.00,0
The Dark Convergence (DOS - 1993),3.33,3
School Maze (Dragon 32/64 - 1982),5.00,1
Labyrinthe: Horror Tour 3 (Win - 1998),3.50,2
"Moonmist (DOS, Mac, C64, Amiga, Amstrad CPC, Atari 8-bit, Apple II - 1986)",4.37,8
Barbie: Pet Rescue CD-ROM (Win - 2000),0.00,0
RedCat 2: De Ontvoering van Prinses Dana (DOS - 1995),5.00,1
"Escape MCP (C64, VIC-20 - 1983)",4.00,1
Faerie Dust Story: Meikyū no Elfeane (TurboGrafx CD - 1990),0.00,0
Adventure XT (DOS - 2007),3.00,2
"Election (C64, Amstrad CPC - 1987)",4.67,3
Hugo III: Jungle of Doom (DOS - 1992),4.38,13
"Angelus: Akuma no Fukuin (PC-88, PC-98 - 1988)",4.50,8
I Dare You (C64 - 1992),0.00,0
The Phantom's Revenge (DOS - 1982),4.20,5
RJ's Ultimatum (C64 - 1993),5.00,1
Transylvania III: Vanquish the Night (DOS - 1990),4.20,5
"Lords of Time (C64, Amstrad CPC, Atari 8-bit, BBC Micro - 1984)",5.00,1
Double Gold: The Black Fountain and Sharpe's Deeds (Amstrad CPC - 1987),5.00,1
Syberia (Win - 2002),3.20,5
"Zork II: The Wizard of Frobozz (DOS, C64, Amiga, Amstrad CPC, Atari 8-bit, Atari ST, Apple II - 1984)",4.43,21
Robinson Crusoe (Mac - 2001),4.33,3
Carmen Sandiego's Great Chase Through Time (Win - 1997),4.17,66
Down in the Dumps (DOS - 1996),5.00,1
Circle of Blood (DOS - 1996),5.00,2
Mitsubachi Gakuen (TurboGrafx CD - 1990),0.00,0
"Police Quest: In Pursuit of the Death Angel (DOS, Mac, Amiga, Atari ST, Apple IIgs - 1987)",4.59,38
"Rave Shuttle: The Cosmic Challenge (Mac, Win 3.x - 1997)",0.00,0
The Wild World of Madison Jaxx (Win 3.x - 1996),0.00,0
Office Building (Mac - 1999),5.00,1
"Adventureland (C64, VIC-20, Dragon 32/64 - 1982)",4.50,4
A.D. 2044: Seksmisja (Atari 8-bit - 1991),5.00,3
The Secret Codes of C.Y.P.H.E.R.: Operation Wildlife (DOS - 1991),3.83,6
"Transylvania (DOS, Mac, C64, Amiga, Atari 8-bit, Atari ST, Apple II - 1986)",3.91,25
The Curse of Crowley Manor (Apple II - 1982),5.00,1
Vision² (DOS - 1994),5.00,1
Spore (DOS - 1991),0.00,0
"Lane Mastodon vs. the Blubbermen (DOS, C64 - 1988)",4.50,8
"Seas of Blood (C64, Amstrad CPC - 1985)",5.00,3
"B.A.T. (DOS, C64, Amiga, Amstrad CPC, Atari ST - 1990)",3.45,36
"Adventure Master (C64, Atari 8-bit - 1984)",5.00,1
"The Cave of Time (C64, Apple II - 1985)",5.00,1
"Obsidian (Win, Mac - 1997)",4.47,15
Evidence: The Last Report (DOS - 1996),3.73,11
"Myst: Masterpiece Edition (Win, Mac - 1999)",3.00,4
"The Pandora Directive (DOS, Win - 1996)",4.67,3
"West (C64, BBC Micro - 1984)",0.00,0
"Enchanter (DOS, C64, Amiga, Amstrad CPC, Atari 8-bit, Atari ST, Apple II - 1984)",4.20,15
"Troll's Tale (DOS, C64, Atari 8-bit, Apple II - 1984)",4.30,10
2112 (DOS - 1994),4.17,12
"Zzzz (C64, ZX Spectrum - 1985)",4.33,3
Pathologic (Win - 2005),3.50,2
Mystery of Munroe Manor (C64 - 1984),5.00,5
"Phantasmagoria: A Puzzle of Flesh (DOS, Win - 1996)",3.75,4
Who's Fat Lou? (Win 3.x - 1996),0.00,0
Castle Dracula (C64 - 1985),0.00,0
DogDay (Win - 1996),5.00,2
"JumpStart Adventures: 5th Grade - Jo Hammet, Kid Detective (Mac - 1997)",4.00,7
Asteka (PC-88 - 1985),0.00,0
"The Sands of Egypt (Atari 8-bit, Apple II - 1982)",4.00,1
"The C.H.A.O.S. Continuum (Mac, Win 3.x - 1994)",4.33,6
"221 B Baker St. (DOS, C64, Atari 8-bit, Atari ST, Apple II - 1987)",4.04,26
The Journeyman Project: Pegasus Prime (Mac - 1997),5.00,3
"Final Command (Amiga, Atari ST - 1989)",4.50,2
Ultimate: Adventure 4 (Dragon 32/64 - 1983),0.00,0
Zauberschloß (C64 - 1984),5.00,1
Runestone (Amstrad CPC - 1986),0.00,0
Dark Mist: The Wizard Vanishes (Mac - 2001),3.80,5
"Reflux: Issue.01 - ""The Becoming"" (Win 3.x - 1995)",0.00,0
Garfield (Win - 2004),4.34,17
"Sherlock Holmes: Consulting Detective - Volume II (DOS, TurboGrafx CD - 1992)",4.20,5
Let's Ride: Dreamer (Win - 2005),0.00,0
Abyss II: Tears of Emperor (PC-88 - 1985),0.00,0
"Star Trek: The Kobayashi Alternative (DOS, C64, Apple II - 1985)",4.75,8
The Mystery of the Druids (Win - 2001),4.00,4
Castle of Terror (C64 - 1985),4.50,6
Putt-Putt Joins the Circus (Mac - 2000),4.74,41
Humbug (DOS - 1990),4.20,5
Manhattan Requiem (PC-88 - 1987),5.00,3
"Gunslinger (C64, Atari 8-bit - 1986)",5.00,1
"Freddy Pharkas: Frontier Pharmacist (DOS, Mac - 1993)",4.38,35
Pub Quest (C64 - 1984),4.50,2
"Dual Targets: The 4th Unit Act.3 (PC-88, Sharp X68000 - 1989)",5.00,3
Emit: Vol. 2 - Inochigake no Tabi (3DO - 1995),0.00,0
"Nippon Safes, Inc. (DOS, Amiga - 1992)",4.39,18
Jaws (DOS - 1987),4.20,5
Police Quest: In Pursuit of the Death Angel (DOS - 1992),4.14,56
Inspector Gadget: Mission 1 - Global Terror! (DOS - 1992),4.58,22
Post Mortem (Win - 2002),4.50,4
Roberta Williams' Phantasmagoria (DOS - 1995),4.41,126
Trick or Treat (DOS - 1994),3.25,8
"Robots of Dawn (C64, Apple II - 1984)",5.00,1
"Robin of Sherwood: The Touchstones of Rhiannon (C64, Amstrad CPC - 1985)",4.00,5
Diamond Trail (C64 - 1984),0.00,0
"Pepper's Adventures in Time (DOS, Win 3.x - 1993)",4.77,22
Dead End (C64 - 1988),5.00,1
Garfield: Attack of the Mutant Lasagna (Win - 2004),3.50,2
"Myst V: End of Ages (Win, Mac - 2005)",1.00,2
Syberia II (Win - 2004),3.00,2
Barbie Horse Adventures: Mystery Ride (Win - 2003),4.40,10
Shogun (DOS - 1986),3.33,3
Top o Nerae! GunBuster Vol.1 (TurboGrafx CD - 1992),0.00,0
Tip Top: Il mistero dei libri scomparsi (Win - 1996),4.25,8
Herakles: The Early Trials (C64 - 1987),3.00,1
"Chrono Quest (Amiga, Atari ST - 1988)",3.67,3
Sixth Sense Investigations (Amiga - 1998),3.50,2
"Lords of Doom (DOS, C64, Amiga, Atari ST - 1990)",3.58,19
Olivers äventyr: Drakens förbannelse (Win - 2002),0.00,0
The Taking of Beverly Hills (DOS - 1991),3.33,3
The Legacy: Realm of Terror (DOS - 1992),4.46,24
Once Upon a Forest (DOS - 1995),4.33,21
Schizm: Mysterious Journey (Win - 2001),2.00,3
Putt-Putt: Pep's Birthday Surprise (Win - 2003),5.00,3
Ceremony of Innocence (Mac - 1997),4.75,4
Disney•Pixar Finding Nemo (Mac - 2003),4.40,20
"Journey: The Quest Begins (DOS, Mac, Amiga, Apple II - 1989)",5.00,7
Dracula Unleashed (DOS - 1993),3.71,7
L: A Mathemagical Adventure (BBC Micro - 1984),0.00,0
"Majestic Part 1: Alien Encounter (Mac, Win 3.x - 1995)",4.50,2
"The Neverending Story (C64, Amstrad CPC, Atari 8-bit, Apple II - 1986)",4.67,3
Million Dollar Jewel Heist (C64 - 1991),0.00,0
Blackscar Mountain (Atari ST - 1991),0.00,0
"Espionage Island (C64, Amstrad CPC - 1984)",0.00,0
Rugrats Totally Angelica Boredom Buster (Win - 2000),0.00,0
"Tass Times in Tonetown (DOS, Mac, C64, Amiga, Apple II, Apple IIgs - 1986)",4.52,23
"Bored of the Rings (C64, Amstrad CPC, BBC Micro - 1986)",3.50,4
"Police Quest 2: The Vengeance (DOS, Amiga, Atari ST - 1988)",4.71,28
"Hi-Res Adventure #4: Ulysses and the Golden Fleece (DOS, C64, Atari 8-bit, Apple II, PC-88 - 1982)",3.92,13
The Cup (C64 - 1988),0.00,0
"Sorcerer of Claymorgue Castle (DOS, C64, Atari 8-bit, Apple II, BBC Micro, Electron - 1987)",4.50,8
Hōma Hunter Lime (Sharp X68000 - 1993),0.00,0
"Altered Destiny (DOS, Amiga - 1990)",4.54,11
"Vera Cruz (DOS, C64, ZX Spectrum, Amstrad CPC - 1987)",4.00,6
"Roberta Williams' King's Quest VII: The Princeless Bride (DOS, Mac - 1994)",4.14,99
The Bizarre Adventures of Woodruff and the Schnibble (Win 3.x - 1995),5.00,6
"Asterix and the Magic Carpet (DOS, C64, Amiga, Amstrad CPC, Atari ST - 1987)",4.14,7
Imperium Romanum (DOS - 1996),2.75,4
"The ClueFinders: 4th Grade Adventures (Win, Mac - 1997)",4.42,74
"Manhunter: New York (DOS, Amiga, Atari ST, Apple IIgs - 1988)",4.90,20
Hokuto no Ken (PC-88 - 1986),5.00,2
The Asian Challenge (DOS - 1989),0.00,0
The Magician's Ball (C64 - 1985),5.00,1
"The Saga of Erik the Viking (C64, Amstrad CPC, BBC Micro - 1984)",4.25,4
Once and Future (DOS - 1998),5.00,2
"Emerald Isle (C64, Amstrad CPC, Atari 8-bit, BBC Micro - 1985)",4.00,1
Tyran (Amiga - 1996),3.00,2
"Denis Through the Drinking Glass (C64, Atari 8-bit, BBC Micro - 1984)",0.00,0
"Wonderland (DOS, Amiga, Atari ST - 1990)",4.00,12
"Cuthbert Enters the Tombs Of Doom (C64, Commodore 16 - 1984)",1.00,1
Pastel Lime (TurboGrafx CD - 1992),0.00,0
Abenteuer Atlantis (DOS - 1992),2.78,9
Treasure Island (Win 3.x - 1995),5.00,1
"Los Templos Sagrados (DOS, C64, Amiga, Amstrad CPC, Atari ST - 1991)",5.00,4
"Savage Island (C64, Commodore 16, Electron - 1983)",5.00,1
Nishimura Kyōtarō Travel Mystery: Akugyaku no Kisetsu - Tōkyō~Nanki-Shirahama Renzoku Satsujin Jiken (3DO - 1994),0.00,0
"The Adventures of Maddog Williams in the Dungeons of Duridian (DOS, Amiga, Atari ST - 1992)",4.00,9
The Thompson Twins Adventure (C64 - 1984),0.00,0
Black Knight Adventure (C64 - 1988),0.00,0
JumpStart Adventures: 4th Grade - Haunted Island (Win - 1996),4.46,13
Mad Cow Man and Deep Fried Beef Fat Boy (DOS - 1997),0.00,0
"Mean Streets (DOS, C64, Amiga, Atari ST - 1989)",3.61,18
"Torin's Passage (DOS, Mac - 1995)",4.41,70
"Corruption (DOS, Mac, C64, Amiga, Amstrad CPC, Acorn 32-bit - 1988)",4.72,18
Chaos: A Fantasy Adventure Game (Win 3.x - 1996),5.00,2
Delphi no Shintaku (PC-98 - 1993),5.00,1
Last Half of Darkness (DOS - 1989),4.00,14
Strange Days (DOS - 2002),0.00,0
L'affaire Morlov (DOS - 1996),3.38,8
Emit: Vol. 1 - Toki no Maigo (3DO - 1995),0.00,0
I-0: Jailbait on Interstate Zero (DOS - 1997),4.20,5
"Empire of the Over-Mind (Atari 8-bit, Apple II - 1981)",5.00,1
Forteresse (DOS - 1987),0.00,0
Aliens: A Comic Book Adventure (DOS - 1995),4.50,32
Yami no Ketsuzoku: Kanketsu-hen (Sharp X68000 - 1990),0.00,0
Berlin Connection (Mac - 1998),5.00,2
The Adventure Collection (DOS - 1995),4.80,5
Goosebumps Escape from Horrorland (Win - 1996),4.27,60
"Colossal Adventure (C64, Atari 8-bit, BBC Micro - 1983)",5.00,1
"The Hobbit (DOS, Mac, C64, Amstrad CPC, BBC Micro - 1983)",4.63,51
"Terror of the Deep (C64, Amstrad CPC - 1987)",5.00,1
Kronolog: The Nazi Paradox (DOS - 1993),4.33,6
Terror T.R.A.X.: Track of the Vampire (Win 3.x - 1995),3.00,1
"Tōdō Ryūnosuke Tantei Nikki: Ōgon no Rashinban (PC-98, Sharp X68000 - 1990)",0.00,0
The Neverhood (Win - 1996),4.59,272
"Philosopher's Quest (DOS, BBC Micro, Electron - 1987)",4.67,6
The Curse (C64 - 1984),5.00,1
Les Guignols De L'Info...Le Jeu ! (Win - 1995),0.00,0
"The Count (C64, Atari 8-bit, VIC-20, BBC Micro - 1985)",5.00,1
P.A.W.S.: Personal Automated Wagging System (Mac - 1995),5.00,3
"Ingrid's Back! (DOS, C64, Amiga, ZX Spectrum, Amstrad CPC, Atari 8-bit - 1988)",4.00,5
Circuit's Edge (DOS - 1990),4.87,25
The Gene Machine (DOS - 1996),3.43,7
D's Diner: Director's Cut (3DO - 1996),0.00,0
Forestland (C64 - 1983),0.00,0
Wandering Fighter (Win - 2005),5.00,4
"Die Kathedrale (DOS, Amiga - 1991)",4.00,7
Mavlin: Vesmírný únik (DOS - 1994),0.00,0
"Fables & Fiends: The Legend of Kyrandia - Book One (DOS, Amiga - 1992)",4.55,78
Daughter of Serpents (DOS - 1992),4.14,14
"Through the Trap Door (C64, Amstrad CPC - 1987)",3.00,2
The Legend of Lotus Spring (Mac - 2000),3.00,1
