Title,Average Rating,Number of Ratings
221 B Baker St. (Apple II - 1986),4.00,13
2400 A.D. (Apple II - 1987),4.17,16
3-D Tic-Tac-Toe (Apple II - 1978),4.50,2
50 Mission Crush (Apple II - 1984),2.78,10
A Mind Forever Voyaging (Apple II - 1985),4.33,22
A.E. (Apple II - 1982),5.00,1
A.I. (Apple II - 1987),4.00,1
ABM (Apple II - 1980),4.00,1
Agent USA (Apple II - 1984),4.57,14
Airheart (Apple II - 1986),5.00,1
Alcazar: The Forgotten Fortress (Apple II - 1985),0.00,0
ALF: The First Adventure (Apple II - 1987),3.00,5
Ali Baba and the Forty Thieves (Apple II - 1982),5.00,1
Alice in Wonderland (Apple II - 1985),5.00,3
Alien Typhoon (Apple II - 1981),0.00,0
Aliens: The Computer Game (Apple II - 1987),5.00,2
Alter Ego (Apple II - 1986),3.88,16
Alternate Reality: The City (Apple II - 1986),4.59,17
Alternate Reality: The Dungeon (Apple II - 1987),5.00,2
Amazon (Apple II - 1984),5.00,5
Amnesia (Apple II - 1986),4.00,11
Andromeda Conquest (Apple II - 1982),3.80,10
Ankh (Apple II - 1984),3.00,1
Apple '21' (Apple II - 1978),1.00,1
Apple Cider Spider (Apple II - 1983),0.00,0
Apple Derby (Apple II - 1978),5.00,1
Apple Panic (Apple II - 1981),4.17,6
Archon II: Adept (Apple II - 1984),5.00,2
Archon: The Light and the Dark (Apple II - 1984),4.35,26
Arcticfox (Apple II - 1986),3.94,16
Ardy the Aardvark (Apple II - 1983),0.00,0
Arkanoid (Apple II - 1988),4.56,25
Aztec (Apple II - 1982),2.00,2
B-1 Nuclear Bomber (Apple II - 1980),4.29,14
B-24 (Apple II - 1987),4.00,5
Bad Dudes (Apple II - 1988),4.42,12
Balance of Power (Apple II - 1986),4.43,26
Ballblazer (Apple II - 1985),5.00,1
Ballyhoo (Apple II - 1986),4.50,2
Baltic 1985 (Apple II - 1984),5.00,1
Bandits (Apple II - 1982),5.00,1
Batman: The Caped Crusader (Apple II - 1988),4.54,13
Battalion Commander (Apple II - 1985),5.00,2
Battle Chess (Apple II - 1990),4.42,366
Battle for Normandy (Apple II - 1982),4.17,6
Battle Group (Apple II - 1986),4.00,1
Battle of Antietam (Apple II - 1985),4.00,4
Battlefront (Apple II - 1986),4.00,2
Battles in Normandy (Apple II - 1987),3.67,3
Battles of Napoleon (Apple II - 1988),4.75,8
BattleTech: The Crescent Hawk's Inception (Apple II - 1988),4.48,23
Beach-Head (Apple II - 1985),5.00,4
Beach-Head II: The Dictator Strikes Back (Apple II - 1985),4.75,4
Beast War (Apple II - 1984),0.00,0
Below The Root (Apple II - 1984),4.23,44
Beneath Apple Manor (Apple II - 1978),3.17,6
Beyond Castle Wolfenstein (Apple II - 1984),4.35,32
Bismarck (Apple II - 1987),0.00,0
Black Magic (Apple II - 1987),4.00,2
Bolo (Apple II - 1982),5.00,1
Bongo's Bash (Apple II - 1985),0.00,0
Bop'N Wrestle (Apple II - 1986),3.75,4
Borg (Apple II - 1981),4.00,1
Borrowed Time (Apple II - 1985),4.45,11
Boulder Dash (Apple II - 1984),5.00,6
Boulder Dash Construction Kit (Apple II - 1987),0.00,0
Breakthrough in the Ardennes (Apple II - 1983),0.00,0
Broadsides (Apple II - 1983),5.00,1
Bruce Lee (Apple II - 1984),4.33,18
Bubble Bobble (Apple II - 1988),4.37,124
Buck Rogers: Planet of Zoom (Apple II - 1984),4.59,12
Bureaucracy (Apple II - 1987),4.23,14
C'est La Vie (Apple II - 1983),0.00,0
California Games (Apple II - 1987),4.34,33
CannonBall Blitz (Apple II - 1982),0.00,0
Card Sharks (Apple II - 1988),4.69,32
Carrier Force (Apple II - 1983),5.00,2
Cartels & Cutthroat$ (Apple II - 1981),4.50,10
Caverns of Callisto (Apple II - 1983),4.00,1
Centauri Alliance (Apple II - 1990),4.20,5
Champions of Krynn (Apple II - 1990),4.64,22
Championship Baseball (Apple II - 1986),0.00,0
Championship Lode Runner (Apple II - 1984),5.00,1
Championship Wrestling (Apple II - 1986),0.00,0
Chivalry (Apple II - 1983),4.00,1
Choplifter! (Apple II - 1982),3.50,2
Chuck Yeager's Advanced Flight Simulator (Apple II - 1987),3.70,10
Close Assault (Apple II - 1982),3.00,1
Clue: Master Detective (Apple II - 1989),4.49,23
Colonial Conquest (Apple II - 1985),5.00,10
Colorix (Apple II - 2004),0.00,0
Commando (Apple II - 1987),3.89,9
Computer Air Combat (Apple II - 1980),4.00,1
Computer Ambush (Apple II - 1985),3.50,2
Computer Baseball (Apple II - 1981),5.00,1
Computer Bismarck (Apple II - 1980),0.00,0
Computer Quarterback (Apple II - 1981),3.40,5
Conflict 2500 (Apple II - 1981),4.00,1
Conflict in Vietnam (Apple II - 1986),4.31,16
Conglomerates Collide (Apple II - 1981),4.50,2
Congo Bongo (Apple II - 1984),4.20,10
County Fair (Apple II - 1981),0.00,0
Crime and Punishment (Apple II - 1984),4.07,15
Crisis Mountain (Apple II - 1982),0.00,0
Crossfire (Apple II - 1984),4.20,5
Crusade in Europe (Apple II - 1985),4.30,17
"Crush, Crumble and Chomp! (Apple II - 1981)",4.43,7
Crystal Castles (Apple II - 1983),5.00,1
Curse of the Azure Bonds (Apple II - 1989),4.43,35
Dangerous Dave in the Deserted Pirate's Hideout! (Apple II - 1988),4.51,79
Dark Forest (Apple II - 1981),4.00,1
Dark Lord (Apple II - 1987),4.33,3
Death in the Caribbean (Apple II - 1983),4.00,2
Death Sword (Apple II - 1988),4.56,16
Deathlord (Apple II - 1987),5.00,1
Decision in the Desert (Apple II - 1985),4.27,11
Deep Space: Operation Copernicus (Apple II - 1987),3.00,4
Defender (Apple II - 1983),4.13,15
Demon's Winter (Apple II - 1988),4.20,10
Destroyer (Apple II - 1986),4.20,5
Dig Dug (Apple II - 1984),4.47,47
Dive Bomber (Apple II - 1988),4.25,8
Dnieper River Line (Apple II - 1982),5.00,2
Donald Duck's Playground (Apple II - 1986),4.70,13
Donkey Kong (Apple II - 1984),4.38,122
Dragon Wars (Apple II - 1989),4.50,18
Dragon's Eye (Apple II - 1981),0.00,0
Dragonworld (Apple II - 1984),4.00,8
Dreadnoughts (Apple II - 1984),5.00,2
Drol (Apple II - 1983),4.00,3
Dunjonquest: Temple of Apshai (Apple II - 1980),3.57,7
Eagles (Apple II - 1983),4.00,1
Earl Weaver Baseball (Apple II - 1989),4.28,33
Earth Orbit Stations (Apple II - 1987),4.67,15
Earthly Delights (Apple II - 1984),4.00,4
Earthquake San Francisco 1906 (Apple II - 1983),0.00,0
Echelon (Apple II - 1988),4.44,9
Elite (Apple II - 1985),4.24,33
Empire I: World Builders (Apple II - 1981),0.00,0
Empire of the Over-Mind (Apple II - 1981),0.00,0
Empire: Wargame of the Century (Apple II - 1987),4.55,27
Enchanter (Apple II - 1983),4.00,10
Escape (Apple II - 1985),0.00,0
Escape from Rungistan (Apple II - 1982),0.00,0
Escape from Traam (Apple II - 1981),0.00,0
Europe Ablaze (Apple II - 1985),5.00,2
Evolution (Apple II - 1982),4.75,4
Expedition Amazon (Apple II - 1983),0.00,0
Fahrenheit 451 (Apple II - 1984),4.71,7
Fat City (Apple II - 1983),0.00,0
Field of Fire (Apple II - 1984),5.00,2
Fight Night (Apple II - 1985),5.00,1
Flight Simulator (Apple II - 1980),5.00,1
Flight Simulator II (Apple II - 1983),4.00,3
Fooblitzky (Apple II - 1985),3.50,2
Force 7 (Apple II - 1987),4.50,2
Fortress of the Witch King (Apple II - 1983),5.00,2
Fracas (Apple II - 1980),0.00,0
Freedom! (Apple II - 1992),3.00,2
Frogger II: ThreeeDeep! (Apple II - 1984),5.00,5
Galactic Adventures (Apple II - 1983),5.00,2
Galactic Attack (Apple II - 1980),4.00,1
Galaxian (Apple II - 1983),4.06,30
Gamma Goblins (Apple II - 1981),0.00,0
Gato (Apple II - 1985),4.40,25
Gauntlet (Apple II - 1988),4.91,23
Gemstone Healer (Apple II - 1986),0.00,0
Gemstone Warrior (Apple II - 1984),3.00,2
Geopolitique 1990 (Apple II - 1983),5.00,5
Germany 1985 (Apple II - 1982),5.00,3
Ghostbusters (Apple II - 1984),3.67,3
Gobbler (Apple II - 1981),0.00,0
Gorgon (Apple II - 1981),0.00,0
Gremlins (Apple II - 1984),2.80,5
Gruds In Space (Apple II - 1983),4.00,1
Guadalcanal Campaign (Apple II - 1982),4.00,1
Guderian (Apple II - 1986),5.00,1
Gulf Strike (Apple II - 1985),4.25,8
Gunfight (Apple II - 1978),5.00,1
Hard Hat Mack (Apple II - 1983),4.77,17
Heavy Barrel (Apple II - 1989),4.83,6
HesGames (Apple II - 1984),4.00,1
Hi-Res Adventure #0: Mission Asteroid (Apple II - 1980),0.00,0
Hi-Res Adventure #1: Mystery House (Apple II - 1980),5.00,1
Hi-Res Adventure #4: Ulysses and the Golden Fleece (Apple II - 1981),3.17,6
Hi-Res Adventure #6: The Dark Crystal (Apple II - 1983),0.00,0
High $take$ (Apple II - 1986),1.00,1
High Rollers (Apple II - 1988),4.70,10
Highrise (Apple II - 1983),5.00,2
Hollywood Hijinx (Apple II - 1987),4.60,5
Horizon V (Apple II - 1982),0.00,0
I.O. Silver (Apple II - 1984),0.00,0
Ikari Warriors II: Victory Road (Apple II - 1987),3.88,8
Imperium Galactum (Apple II - 1984),3.33,3
Impossible Mission II (Apple II - 1988),4.20,39
Indiana Jones and The Temple of Doom (Apple II - 1989),4.10,10
Indiana Jones in Revenge of the Ancients (Apple II - 1987),4.71,7
Infiltrator (Apple II - 1986),5.00,6
Inhumane (Apple II - 1984),0.00,0
International Hockey (Apple II - 1987),0.00,0
James Bond 007: A View to a Kill (Apple II - 1985),3.80,10
Jawbreaker (Apple II - 1981),0.00,0
Jenny's Journeys (Apple II - 1984),4.00,1
Jet (Apple II - 1986),4.50,8
John Madden Football (Apple II - 1988),4.25,4
Journey: The Quest Begins (Apple II - 1989),5.00,5
Jumpman (Apple II - 1983),4.35,17
Jungle Hunt (Apple II - 1984),4.27,11
Jungle Quest (Apple II - 1984),0.00,0
Kampfgruppe (Apple II - 1985),5.00,1
Karate Champ (Apple II - 1985),5.00,2
Karateka (Apple II - 1984),4.72,35
Killed Until Dead (Apple II - 1987),5.00,1
King's Bounty (Apple II - 1990),4.44,34
King's Quest (Apple II - 1984),4.37,105
King's Quest II: Romancing the Throne (Apple II - 1985),4.46,33
King's Quest III: To Heir is Human (Apple II - 1988),4.31,51
King's Quest IV: The Perils of Rosella (Apple II - 1990),4.14,75
Koronis Rift (Apple II - 1985),5.00,3
Kung-Fu Master (Apple II - 1985),5.00,3
Labyrinth (Apple II - 1986),3.83,6
Lady Tut (Apple II - 1983),5.00,1
Lancaster (Apple II - 1983),5.00,1
Law of the West (Apple II - 1985),4.67,6
Learning with FuzzyWOMP (Apple II - 1984),5.00,1
Leather Goddesses Of Phobos (Apple II - 1986),4.15,20
Lords of Conquest (Apple II - 1986),4.50,14
Lucifer's Realm (Apple II - 1984),5.00,1
Lunar Leeper (Apple II - 1982),0.00,0
Make Your Own Murder Party (Apple II - 1986),4.00,1
Mandragore (Apple II - 1985),3.50,2
Maniac Mansion (Apple II - 1987),4.55,20
Marauder (Apple II - 1982),0.00,0
Marble Madness (Apple II - 1986),4.60,25
Mars Saga (Apple II - 1989),4.27,11
Masquerade (Apple II - 1983),0.00,0
MasterType (Apple II - 1981),0.00,0
Matterhorn Screamer! (Apple II - 1988),4.67,3
Maxwell Manor (Apple II - 1985),5.00,1
Mech Brigade (Apple II - 1985),3.80,5
Mickey's Space Adventure (Apple II - 1984),3.87,16
Microchess (Apple II - 1978),5.00,2
MicroLeague Baseball (Apple II - 1984),4.20,31
Microsoft Adventure (Apple II - 1981),0.00,0
Midway Campaign (Apple II - 1983),4.42,12
Mind Castle I (Apple II - 1984),5.00,1
Mind Pursuit (Apple II - 1986),0.00,0
Mindshadow (Apple II - 1984),4.25,8
Mindwheel (Apple II - 1984),4.33,3
Miner 2049er (Apple II - 1982),4.60,10
Mission on Thunderhead (Apple II - 1986),0.00,0
Mission: Escape! (Apple II - 1982),0.00,0
Montezuma's Revenge (Apple II - 1984),4.35,49
Moon Patrol (Apple II - 1983),4.16,26
Moonmist (Apple II - 1986),4.00,5
Mouskattack (Apple II - 1982),0.00,0
Mr. Cool (Apple II - 1983),0.00,0
Mr. Do! (Apple II - 1985),5.00,1
Mr. Robot and His Robot Factory (Apple II - 1983),4.00,1
Ms. Pac-Man (Apple II - 1983),3.96,32
Murder on the Mississippi (Apple II - 1986),5.00,2
Murder on The Zinderneuf (Apple II - 1984),3.86,7
Mystery Master: Felony! (Apple II - 1984),5.00,4
Mystery Master: Murder by the Dozen (Apple II - 1983),4.50,6
NAM (Apple II - 1986),4.00,2
Napoleon's Campaigns: 1813 & 1815 (Apple II - 1981),4.00,1
NATO Commander (Apple II - 1984),4.71,7
Neuromancer (Apple II - 1988),4.80,20
Nine Princes in Amber (Apple II - 1985),4.46,11
Nord and Bert Couldn't Make Head or Tail of It (Apple II - 1987),4.67,9
North Atlantic '86 (Apple II - 1983),5.00,2
North Atlantic Convoy Raider (Apple II - 1980),3.67,3
Norway 1985 (Apple II - 1985),5.00,2
Nukewar (Apple II - 1980),4.00,3
Objective: Kursk (Apple II - 1984),0.00,0
Odell Lake (Apple II - 1986),5.00,4
Oil Barons (Apple II - 1983),4.71,7
Oil's Well (Apple II - 1983),4.50,2
Old Ironsides (Apple II - 1982),5.00,1
Olympic Decathlon (Apple II - 1981),3.14,14
Omega (Apple II - 1989),4.91,11
One-on-One (Apple II - 1983),4.28,14
Oo-Topos (Apple II - 1981),4.67,3
Operation Apocalypse (Apple II - 1981),4.50,2
Operation: Frog (Apple II - 1984),5.00,5
Pac-Man (Apple II - 1983),4.67,42
Panzer Grenadier (Apple II - 1985),0.00,0
Paranoiak (Apple II - 1984),0.00,0
Perry Mason: The Case of the Mandarin Murder (Apple II - 1985),4.60,5
Pest Patrol (Apple II - 1982),0.00,0
Phantasie II (Apple II - 1986),5.00,1
Phantoms Five (Apple II - 1980),0.00,0
Pharaoh's Revenge (Apple II - 1988),4.00,2
PHM Pegasus (Apple II - 1987),4.33,9
Pinball Construction Set (Apple II - 1982),4.00,4
Pipe Dream (Apple II - 1990),4.40,5
Planet Miners (Apple II - 1980),4.00,3
Planetfall (Apple II - 1983),4.36,14
Platoon (Apple II - 1987),4.70,10
Plundered Hearts (Apple II - 1987),4.89,9
Pool of Radiance (Apple II - 1989),4.57,53
Portal (Apple II - 1986),4.80,5
President Elect (Apple II - 1981),4.75,4
Prince of Persia (Apple II - 1989),4.61,211
Prisoner 2 (Apple II - 1982),0.00,0
Project: Space Station (Apple II - 1987),4.75,24
Pursuit of the Graf Spee (Apple II - 1982),4.00,1
Qix (Apple II - 1989),4.19,16
Questron (Apple II - 1984),5.00,2
Questron II (Apple II - 1988),4.27,11
Racter (Apple II - 1985),4.00,9
Rad Warrior (Apple II - 1987),4.25,4
Raid Over Moscow (Apple II - 1985),4.83,6
Rails West! (Apple II - 1984),5.00,4
Rampage (Apple II - 1988),4.85,13
Randamn (Apple II - 1983),0.00,0
Raster Blaster (Apple II - 1981),3.33,6
RDF 1985 (Apple II - 1983),5.00,1
Realms of Darkness (Apple II - 1987),5.00,1
Rebel Charge at Chickamauga (Apple II - 1987),3.33,3
Reforger '88 (Apple II - 1984),0.00,0
Rendezvous with Rama (Apple II - 1984),4.43,7
Renegade (Apple II - 1989),4.82,11
Repton (Apple II - 1983),5.00,1
Rescue on Fractalus! (Apple II - 1985),4.00,5
Rescue Raiders (Apple II - 1984),5.00,6
Ring Quest (Apple II - 1985),0.00,0
Rings of Zilfin (Apple II - 1986),3.40,5
Ringside Seat (Apple II - 1983),4.00,1
RoboCop (Apple II - 1988),4.21,14
Robot Rascals (Apple II - 1986),4.40,5
Robot War (Apple II - 1981),4.33,9
Robotron: 2084 (Apple II - 1983),4.15,13
Robots of Dawn (Apple II - 1984),0.00,0
Russki Duck (Apple II - 1982),0.00,0
Sabotage (Apple II - 1981),0.00,0
Sammy Lightfoot (Apple II - 1983),3.50,2
Saracen (Apple II - 1987),0.00,0
Sargon (Apple II - 1979),5.00,1
Sargon II (Apple II - 1979),5.00,1
Sargon III (Apple II - 1983),4.40,5
Sea dragon (Apple II - 1982),4.00,7
Seastalker (Apple II - 1984),4.60,5
Serpentine (Apple II - 1982),4.17,6
Shadowkeep (Apple II - 1984),0.00,0
Shamus (Apple II - 1983),4.80,5
Shanghai (Apple II - 1986),4.20,5
Shard of Spring (Apple II - 1986),4.75,4
Sherwood Forest (Apple II - 1982),0.00,0
Shiloh: Grant's Trial in the West (Apple II - 1987),4.50,2
Sid Meier's Pirates! (Apple II - 1987),4.56,43
Sierra Championship Boxing (Apple II - 1985),4.50,4
Silent Service (Apple II - 1985),4.67,37
Six-Gun Shootout (Apple II - 1985),0.00,0
Ski Crazed (Apple II - 1987),0.00,0
Skyfox (Apple II - 1984),5.00,2
Sneakers (Apple II - 1981),0.00,0
Snooper Troops (Apple II - 1982),4.07,15
Softporn Adventure (Apple II - 1981),3.50,10
Soko-Ban (Apple II - 1984),4.72,15
Solo Flight (Apple II - 1984),4.85,8
Sons of Liberty (Apple II - 1987),4.67,3
Sorcerer (Apple II - 1984),4.25,8
Sorcerer of Claymorgue Castle (Apple II - 1984),4.33,6
South Pacific Quest (Apple II - 1987),0.00,0
Southern Command (Apple II - 1981),5.00,3
Space Rogue (Apple II - 1989),4.58,12
Space Station Zulu (Apple II - 1982),4.00,1
Space Vikings (Apple II - 1982),5.00,4
Spare Change (Apple II - 1983),0.00,0
Spellbreaker (Apple II - 1985),4.80,5
Spiderbot (Apple II - 1988),3.89,9
Spindizzy (Apple II - 1986),5.00,1
Spy Hunter (Apple II - 1983),4.45,11
Spy vs Spy (Apple II - 1984),4.50,10
Star Blazer (Apple II - 1982),5.00,1
Star Trek: Strategic Operations Simulator (Apple II - 1983),4.67,3
Star Trek: The Kobayashi Alternative (Apple II - 1985),4.75,4
Starcross (Apple II - 1982),3.91,11
StarGlider (Apple II - 1986),4.56,9
StarQuest: Rescue at Rigel (Apple II - 1980),4.00,3
Stellar 7 (Apple II - 1983),0.00,0
Stickybear Math (Apple II - 1984),0.00,0
Street Sports Baseball (Apple II - 1987),3.00,2
Street Sports Basketball (Apple II - 1987),5.00,5
Street Sports Football (Apple II - 1988),0.00,0
Street Sports Soccer (Apple II - 1988),4.33,3
Strike Fleet (Apple II - 1987),4.69,19
Sub Mission (Apple II - 1986),3.00,2
Summer Games II (Apple II - 1985),4.25,12
Super Bowl Sunday (Apple II - 1986),0.00,0
Super Bunny (Apple II - 1983),0.00,0
Super Huey UH-IX (Apple II - 1988),4.33,6
Super Zaxxon (Apple II - 1984),4.50,8
Superstar Indoor Sports (Apple II - 1987),5.00,3
Suspect (Apple II - 1984),4.84,6
Suspended (Apple II - 1983),5.00,6
Swashbuckler (Apple II - 1982),4.00,1
Swiss Family Robinson (Apple II - 1984),3.60,5
Sword of Kadash (Apple II - 1985),0.00,0
SwordThrust (Apple II - 1981),0.00,0
Tangled Tales (Apple II - 1989),4.50,17
Tanktics (Apple II - 1981),3.00,1
Tapper (Apple II - 1984),4.36,14
Tass Times in Tonetown (Apple II - 1986),4.33,15
Techno Cop (Apple II - 1988),5.00,3
Telengard (Apple II - 1982),4.23,13
Test Drive (Apple II - 1988),4.55,77
The Adventures of Buckaroo Banzai: Across the Eighth Dimension (Apple II - 1985),2.33,3
The Alien (Apple II - 1982),0.00,0
The Alpine Encounter (Apple II - 1985),4.25,4
The American Challenge: A Sailing Simulation (Apple II - 1986),3.75,4
The Ancient Art of War (Apple II - 1984),4.32,50
The Ancient Art of War at Sea (Apple II - 1987),4.55,22
The Arcade Machine (Apple II - 1982),0.00,0
The Bard's Tale II: The Destiny Knight (Apple II - 1987),4.21,19
The Bard's Tale III: Thief of Fate (Apple II - 1988),4.20,20
The Battle of Shiloh (Apple II - 1981),0.00,0
The Battle of the Bulge: Tigers in the Snow (Apple II - 1981),3.80,5
The Black Cauldron (Apple II - 1986),4.52,23
The California Raisins (Apple II - 1988),4.00,4
The Cave of Time (Apple II - 1985),0.00,0
The Caverns of Freitag (Apple II - 1982),0.00,0
The Chessmaster 2000 (Apple II - 1986),4.30,20
The Cosmic Balance (Apple II - 1982),5.00,4
The Crack of Doom (Apple II - 1989),3.86,7
The Crimson Crown (Apple II - 1985),3.83,6
The Curse of Crowley Manor (Apple II - 1982),0.00,0
The Dallas Quest (Apple II - 1984),5.00,1
The Dam Busters (Apple II - 1985),4.80,10
The Dark Heart of Uukrul (Apple II - 1989),4.65,17
The Demon's Forge (Apple II - 1981),3.67,6
The Eidolon (Apple II - 1986),4.00,1
The Eliminator (Apple II - 1981),0.00,0
The Eternal Dagger (Apple II - 1987),3.40,5
The Fellowship of The Ring (Apple II - 1986),4.48,21
The Games: Summer Edition (Apple II - 1988),4.50,10
The Games: Winter Edition (Apple II - 1988),4.63,8
The Goonies (Apple II - 1985),5.00,1
The Great American Cross-Country Road Race (Apple II - 1985),5.00,1
The Heist (Apple II - 1983),5.00,1
The Hitchhiker's Guide to the Galaxy (Apple II - 1984),4.33,82
The Holy Grail (Apple II - 1985),4.50,4
The Institute (Apple II - 1983),0.00,0
The Legend of Blacksilver (Apple II - 1988),4.50,2
The Lurking Horror (Apple II - 1987),4.05,60
The Mask of the Sun (Apple II - 1982),0.00,0
The Neverending Story (Apple II - 1985),5.00,1
The Oregon Trail (Apple II - 1985),4.31,134
The Pawn (Apple II - 1986),4.37,8
The Prisoner (Apple II - 1980),5.00,1
The Quest (Apple II - 1983),3.00,1
The Return of Heracles (Apple II - 1983),0.00,0
The Rocky Horror Show (Apple II - 1986),0.00,0
The Sands of Egypt (Apple II - 1983),0.00,0
The Seven Cities of Gold (Apple II - 1984),4.75,8
The Shadows of Mordor (Apple II - 1988),4.54,13
The Standing Stones (Apple II - 1983),4.00,1
The Stone of Sisyphus (Apple II - 1980),1.00,1
The Tarturian (Apple II - 1980),0.00,0
The Tracer Sanction (Apple II - 1984),5.00,2
The Warp Factor (Apple II - 1981),4.34,6
The Witness (Apple II - 1983),3.67,3
The Wizard of Oz (Apple II - 1985),4.67,6
The World's Greatest Baseball Game (Apple II - 1984),5.00,1
Theatre Europe (Apple II - 1986),5.00,3
Theseus and the Minotaur (Apple II - 1982),0.00,0
Thexder (Apple II - 1987),4.39,28
Thief (Apple II - 1981),0.00,0
Three Mile Island (Apple II - 1979),4.60,5
Threshold (Apple II - 1981),0.00,0
Time Zone (Apple II - 1982),0.00,0
Times of Lore (Apple II - 1988),4.73,11
Titan Empire (Apple II - 1983),0.00,0
Tomahawk (Apple II - 1987),4.86,7
Top Fuel Eliminator (Apple II - 1987),0.00,0
Torpedo Fire (Apple II - 1981),4.00,1
Track & Field (Apple II - 1984),3.67,3
Track Attack! (Apple II - 1982),0.00,0
Tranquility Base (Apple II - 1984),0.00,0
Transylvania (Apple II - 1982),4.23,13
Treasure Island (Apple II - 1985),4.82,11
Trinity (Apple II - 1986),4.29,7
Troll's Tale (Apple II - 1983),4.22,9
Trolls and Tribulations (Apple II - 1984),4.00,3
Tsushima (Apple II - 1986),4.00,1
U.S.A.A.F. - United States Army Air Force (Apple II - 1985),5.00,1
Ultima (Apple II - 1981),5.00,1
Ultima I: The First Age of Darkness (Apple II - 1986),4.28,36
Ultima II: The Revenge of the Enchantress... (Apple II - 1982),4.22,18
Ultima IV: Quest of the Avatar (Apple II - 1985),4.53,34
Ultima V: Warriors of Destiny (Apple II - 1988),4.65,31
Under Fire! (Apple II - 1986),4.25,8
Universe (Apple II - 1984),5.00,6
Up 'n Down (Apple II - 1984),3.00,2
VC (Apple II - 1982),3.71,7
War in Russia (Apple II - 1984),0.00,0
War of The Lance (Apple II - 1989),4.79,24
Warship (Apple II - 1986),5.00,4
Wasteland (Apple II - 1988),4.29,105
Wheel of Fortune (Apple II - 1988),4.79,47
Where in Europe is Carmen Sandiego? (Apple II - 1988),4.00,10
Where in the U.S.A. is Carmen Sandiego? (Apple II - 1986),4.50,4
Who Framed Roger Rabbit (Apple II - 1988),4.13,8
Wilderness: A Survival Adventure (Apple II - 1985),4.58,24
Windwalker (Apple II - 1989),4.44,9
Wings of Fury (Apple II - 1987),4.65,23
Winnie the Pooh in the Hundred Acre Wood (Apple II - 1984),3.75,8
Winter Games (Apple II - 1985),4.39,18
Wishbringer (Apple II - 1985),4.71,7
Wizard of Id's WizType (Apple II - 1984),3.00,2
Wizard's Crown (Apple II - 1986),4.76,17
Wizardry V: Heart of the Maelstrom (Apple II - 1988),4.80,15
Wizardry: Knight of Diamonds - The Second Scenario (Apple II - 1982),3.85,20
Wizardry: Legacy of Llylgamyn - The Third Scenario (Apple II - 1983),4.50,8
Wizardry: Proving Grounds of the Mad Overlord (Apple II - 1981),4.29,34
Wizardry: The Return of Werdna - The Fourth Scenario (Apple II - 1987),4.89,9
Word Munchers (Apple II - 1985),5.00,1
World Class Leader Board (Apple II - 1987),4.62,26
World Games (Apple II - 1987),4.53,12
World Karate Championship (Apple II - 1986),4.25,8
Wrath of Denethenor (Apple II - 1986),3.00,1
Write your own Adventure Programs for your Microcomputer (Apple II - 1983),0.00,0
Xevious (Apple II - 1984),5.00,2
Xyphus (Apple II - 1984),5.00,1
Zaxxon (Apple II - 1983),4.61,23
Zenith (Apple II - 1982),0.00,0
Zork II: The Wizard of Frobozz (Apple II - 1981),4.40,15
Zork III: The Dungeon Master (Apple II - 1982),4.15,13
Zork Zero: The Revenge of Megaboz (Apple II - 1989),4.55,11
Zork: The Great Underground Empire (Apple II - 1980),4.29,172
Zorro (Apple II - 1986),5.00,2
