Title,Average Rating,Number of Ratings
The Crimson Crown (Apple II - 1985),4.13,8
Donald Duck's Playground (Apple II - 1985),4.75,24
Oil Barons (Apple II - 1983),4.80,10
The Arcade Machine (Apple II - 1982),0.00,0
Alternate Reality: The Dungeon (Apple II - 1987),5.00,4
Empire: Wargame of the Century (Apple II - 1987),4.66,41
The Holy Grail (Apple II - 1985),4.50,4
The Stone of Sisyphus (Apple II - 1980),2.00,3
Spy vs Spy (Apple II - 1984),4.42,33
Ultima IV: Quest of the Avatar (Apple II - 1985),4.38,47
Write your own Adventure Programs for your Microcomputer (Apple II - 1983),0.00,0
Time Zone (Apple II - 1982),5.00,1
Hollywood Hijinx (Apple II - 1987),4.71,7
Ms. Pac-Man (Apple II - 1984),4.21,64
MasterType (Apple II - 1981),5.00,2
Rails West! (Apple II - 1984),4.50,6
221 B Baker St. (Apple II - 1986),4.04,26
Archon: The Light and the Dark (Apple II - 1984),4.57,44
The Prisoner (Apple II - 1980),4.50,4
Skyfox (Apple II - 1984),5.00,2
I.O. Silver (Apple II - 1984),5.00,1
Randamn (Apple II - 1983),0.00,0
Alter Ego (Apple II - 1986),3.86,22
King's Quest (Apple II - 1984),4.32,115
Spindizzy (Apple II - 1986),5.00,1
Where in the U.S.A. is Carmen Sandiego? (Apple II - 1986),4.20,10
Escape (Apple II - 1986),5.00,1
King's Quest IV: The Perils of Rosella (Apple II - 1989),4.18,81
The Battle of the Bulge: Tigers in the Snow (Apple II - 1981),3.83,6
Mind Castle I (Apple II - 1984),5.00,1
Battle Group (Apple II - 1986),4.00,1
Indiana Jones in Revenge of the Ancients (Apple II - 1987),4.75,8
Wizardry: Proving Grounds of the Mad Overlord (Apple II - 1981),4.30,64
The Bard's Tale II: The Destiny Knight (Apple II - 1987),4.37,27
Stickybear Math (Apple II - 1984),4.19,19
Empire of the Over-Mind (Apple II - 1981),5.00,1
Death Sword (Apple II - 1988),4.69,26
Gruds In Space (Apple II - 1983),4.50,2
The Cave of Time (Apple II - 1985),5.00,3
Beast War (Apple II - 1984),0.00,0
Strike Fleet (Apple II - 1988),4.70,23
Wizard's Crown (Apple II - 1986),4.71,31
Tass Times in Tonetown (Apple II - 1986),4.52,23
Mr. Do! (Apple II - 1985),5.00,1
Phantoms Five (Apple II - 1980),0.00,0
Warship (Apple II - 1986),5.00,6
Wizard of Id's WizType (Apple II - 1984),3.67,3
Mouskattack (Apple II - 1982),0.00,0
Where in North Dakota is Carmen Sandiego? (Apple II - 1989),0.00,0
Phantasie II (Apple II - 1986),5.00,3
Zaxxon (Apple II - 1983),4.58,36
Bolo (Apple II - 1982),4.67,3
Alien Typhoon (Apple II - 1981),5.00,1
Commando (Apple II - 1988),4.44,25
Miner 2049er (Apple II - 1982),4.20,15
Earthquake San Francisco 1906 (Apple II - 1983),0.00,0
Jenny's Journeys (Apple II - 1984),4.50,2
War of The Lance (Apple II - 1989),4.79,28
Chuck Yeager's Advanced Flight Simulator (Apple II - 1987),3.88,17
Sneakers (Apple II - 1981),0.00,0
Dragon Wars (Apple II - 1989),4.61,23
Tranquility Base (Apple II - 1984),5.00,1
Street Sports Soccer (Apple II - 1989),4.33,3
Below The Root (Apple II - 1984),4.30,56
Clue: Master Detective (Apple II - 1989),4.51,26
Telengard (Apple II - 1982),4.61,29
Mindwheel (Apple II - 1985),4.60,5
Ghostbusters (Apple II - 1984),4.55,19
Robotron: 2084 (Apple II - 1983),4.20,20
The Institute (Apple II - 1983),5.00,2
The Heist (Apple II - 1983),5.00,1
Up 'n Down (Apple II - 1984),4.00,5
Rendezvous with Rama (Apple II - 1984),4.45,9
The Tracer Sanction (Apple II - 1985),5.00,2
Hi-Res Adventure #0: Mission Asteroid (Apple II - 1980),3.71,7
Colonial Conquest (Apple II - 1986),4.92,12
Crystal Castles (Apple II - 1983),4.75,8
Gunfight (Apple II - 1978),3.69,16
The Witness (Apple II - 1983),4.00,4
Dreadnoughts (Apple II - 1984),4.67,3
Mech Brigade (Apple II - 1985),4.14,7
Dragonworld (Apple II - 1984),4.08,12
Silent Service (Apple II - 1985),4.65,40
Operation Apocalypse (Apple II - 1981),4.50,2
Torpedo Fire (Apple II - 1981),4.50,2
Computer Air Combat (Apple II - 1980),4.67,3
Sammy Lightfoot (Apple II - 1983),2.67,3
Escape from Traam (Apple II - 1981),0.00,0
Sabotage (Apple II - 1981),5.00,2
Windwalker (Apple II - 1989),4.67,15
Archon II: Adept (Apple II - 1985),4.88,8
Transylvania (Apple II - 1982),3.80,26
Shanghai (Apple II - 1986),4.33,12
Robot War (Apple II - 1981),4.33,9
The Dam Busters (Apple II - 1985),4.80,10
The Demon's Forge (Apple II - 1981),3.86,7
Computer Acquire (Apple II - 1980),4.46,11
Championship Lode Runner (Apple II - 1984),4.33,3
Chivalry (Apple II - 1983),4.25,4
The Goonies (Apple II - 1985),5.00,3
Wings of Fury (Apple II - 1987),4.71,31
Shard of Spring (Apple II - 1986),4.83,6
Computer Baseball (Apple II - 1981),4.00,3
Rescue on Fractalus! (Apple II - 1985),4.20,10
Ali Baba and the Forty Thieves (Apple II - 1982),4.75,4
Summer Games II (Apple II - 1985),4.29,17
Fortress of the Witch King (Apple II - 1983),5.00,4
Guderian (Apple II - 1987),5.00,1
Rampage (Apple II - 1988),4.69,32
Galactic Adventures (Apple II - 1983),5.00,2
The Bard's Tale III: Thief of Fate (Apple II - 1988),4.31,29
Plundered Hearts (Apple II - 1987),4.91,11
StarQuest: Rescue at Rigel (Apple II - 1980),4.63,8
Heavy Barrel (Apple II - 1989),4.33,9
Questron II (Apple II - 1988),4.31,13
Guadalcanal Campaign (Apple II - 1982),4.50,2
Titan Empire (Apple II - 1983),5.00,3
Trolls and Tribulations (Apple II - 1985),4.40,5
Serpentine (Apple II - 1982),4.38,8
Beach-Head II: The Dictator Strikes Back (Apple II - 1985),4.89,9
Colorix (Apple II - 2004),0.00,0
B-1 Nuclear Bomber (Apple II - 1980),4.45,31
Perry Mason: The Case of the Mandarin Murder (Apple II - 1985),4.70,10
High Rollers (Apple II - 1988),4.89,27
Conglomerates Collide (Apple II - 1981),4.25,4
RoboCop (Apple II - 1989),4.28,25
Killed Until Dead (Apple II - 1987),5.00,5
The Lurking Horror (Apple II - 1987),4.07,70
Wishbringer (Apple II - 1985),4.85,13
Gato (Apple II - 1985),4.35,32
Dark Lord (Apple II - 1987),4.78,9
Fooblitzky (Apple II - 1986),3.00,3
Odell Lake (Apple II - 1986),4.89,9
Force 7 (Apple II - 1988),4.75,4
Solo Flight (Apple II - 1984),4.68,10
Wizardry: Legacy of Llylgamyn - The Third Scenario (Apple II - 1983),4.36,11
Street Sports Football (Apple II - 1989),0.00,0
The Mask of the Sun (Apple II - 1982),5.00,1
A.E. (Apple II - 1982),5.00,2
A.I. (Apple II - 1987),4.00,1
Neuromancer (Apple II - 1988),4.20,40
Oil's Well (Apple II - 1984),3.75,4
Buck Rogers: Planet of Zoom (Apple II - 1984),4.65,14
Gamma Goblins (Apple II - 1981),5.00,1
Eagles (Apple II - 1983),4.00,1
Andromeda Conquest (Apple II - 1982),4.07,14
Jawbreaker (Apple II - 1981),5.00,1
Six-Gun Shootout (Apple II - 1985),5.00,1
Tomahawk (Apple II - 1987),4.91,11
Raster Blaster (Apple II - 1981),3.57,7
Donkey Kong (Apple II - 1984),4.39,146
Aliens: The Computer Game (Apple II - 1987),4.67,6
Dragon's Eye (Apple II - 1981),5.00,2
The Legend of Blacksilver (Apple II - 1989),4.63,8
Tanktics (Apple II - 1981),4.33,3
Street Sports Baseball (Apple II - 1988),3.67,3
A Mind Forever Voyaging (Apple II - 1985),4.36,28
Bop'N Wrestle (Apple II - 1986),4.25,8
Jungle Quest (Apple II - 1984),0.00,0
Ring Quest (Apple II - 1985),5.00,1
Conflict 2500 (Apple II - 1981),4.33,3
Gremlins (Apple II - 1984),3.60,10
Qix (Apple II - 1989),4.14,21
Akalabeth: World of Doom (Apple II - 1980),3.72,32
Sargon III (Apple II - 1983),4.17,6
The Alien (Apple II - 1982),5.00,2
Dive Bomber (Apple II - 1988),4.50,12
Gemstone Healer (Apple II - 1986),0.00,0
Matterhorn Screamer! (Apple II - 1988),4.67,3
Defender (Apple II - 1983),4.19,16
Geopolitique 1990 (Apple II - 1983),5.00,9
The Chessmaster 2000 (Apple II - 1986),4.56,41
Tsushima (Apple II - 1986),4.00,1
Under Fire! (Apple II - 1986),4.40,10
MicroLeague Baseball (Apple II - 1984),4.21,34
President Elect (Apple II - 1981),4.75,8
Mickey's Space Adventure (Apple II - 1984),4.00,18
Elite (Apple II - 1985),4.29,45
Battle for Normandy (Apple II - 1982),4.29,7
Bureaucracy (Apple II - 1987),4.07,18
Planetfall (Apple II - 1983),4.41,17
The California Raisins (Apple II - 1988),4.33,6
Gobbler (Apple II - 1981),0.00,0
The Seven Cities of Gold (Apple II - 1984),4.70,23
The Ancient Art of War (Apple II - 1984),4.27,72
Lady Tut (Apple II - 1983),4.80,5
Russki Duck (Apple II - 1981),0.00,0
Ultima II: The Revenge of the Enchantress... (Apple II - 1982),4.28,25
Earthly Delights (Apple II - 1984),4.29,7
Sorcerer of Claymorgue Castle (Apple II - 1984),4.50,8
The World's Greatest Baseball Game (Apple II - 1984),5.00,1
Journey: The Quest Begins (Apple II - 1989),4.88,8
Beach-Head (Apple II - 1985),4.89,9
Highrise (Apple II - 1983),5.00,2
Apple Derby (Apple II - 1978),3.33,6
NATO Commander (Apple II - 1984),4.73,11
The Games: Winter Edition (Apple II - 1989),4.73,11
Gulf Strike (Apple II - 1986),4.25,8
Congo Bongo (Apple II - 1984),4.21,14
Enchanter (Apple II - 1983),4.30,17
Mission: Escape! (Apple II - 1982),5.00,1
Indiana Jones and The Temple of Doom (Apple II - 1989),4.00,20
Battles of Napoleon (Apple II - 1988),4.38,13
Star Blazer (Apple II - 1982),5.00,1
Bismarck (Apple II - 1987),4.00,2
Battle Chess (Apple II - 1990),4.44,406
Three Mile Island (Apple II - 1979),4.38,8
Gemstone Warrior (Apple II - 1984),4.20,5
Norway 1985 (Apple II - 1985),5.00,2
Jumpman (Apple II - 1983),4.52,25
Shadowkeep (Apple II - 1984),4.33,3
Nord and Bert Couldn't Make Head or Tail of It (Apple II - 1987),4.69,16
Thief (Apple II - 1981),5.00,1
Bubble Bobble (Apple II - 1989),4.43,175
Soko-Ban (Apple II - 1988),4.63,26
The Cosmic Balance (Apple II - 1982),5.00,8
Law of the West (Apple II - 1986),4.70,10
Baltic 1985 (Apple II - 1984),4.50,2
Championship Wrestling (Apple II - 1986),5.00,2
Crusade in Europe (Apple II - 1985),4.09,23
Zork: The Great Underground Empire (Apple II - 1981),4.28,188
Airheart (Apple II - 1986),5.00,2
Spy Hunter (Apple II - 1983),4.47,17
Champions of Krynn (Apple II - 1990),4.55,29
Leather Goddesses Of Phobos (Apple II - 1986),4.23,31
Snooper Troops (Apple II - 1982),4.24,21
Batman: The Caped Crusader (Apple II - 1989),4.29,21
Masquerade (Apple II - 1983),5.00,2
North Atlantic '86 (Apple II - 1983),5.00,3
Ogre (Apple II - 1986),5.00,7
Montezuma's Revenge (Apple II - 1984),4.36,58
The Rocky Horror Show (Apple II - 1986),3.80,5
Rings of Zilfin (Apple II - 1986),4.00,8
Conflict in Vietnam (Apple II - 1986),4.35,23
Dunjonquest: Temple of Apshai (Apple II - 1980),4.00,10
Fight Night (Apple II - 1986),5.00,2
The Eliminator (Apple II - 1981),5.00,1
50 Mission Crush (Apple II - 1984),3.40,17
Battalion Commander (Apple II - 1985),5.00,3
Ski Crazed (Apple II - 1987),0.00,0
Rebel Charge at Chickamauga (Apple II - 1987),3.75,4
Curse of the Azure Bonds (Apple II - 1989),4.48,38
Winter Games (Apple II - 1985),4.38,37
The Eidolon (Apple II - 1985),4.67,6
Ultima V: Warriors of Destiny (Apple II - 1988),4.66,35
Field of Fire (Apple II - 1986),4.67,3
Sword of Kadash (Apple II - 1985),4.20,5
Track & Field (Apple II - 1984),3.80,5
Inhumane (Apple II - 1984),5.00,1
Bandits (Apple II - 1982),5.00,2
International Hockey (Apple II - 1987),0.00,0
Sin'geom-ui Jeonseol - Dream Traveler Part 1 (Apple II - 1987),0.00,0
Parthian Kings (Apple II - 1983),0.00,0
Fracas (Apple II - 1980),0.00,0
Ultima (Apple II - 1981),4.80,5
Crisis Mountain (Apple II - 1982),5.00,1
Ballyhoo (Apple II - 1986),4.83,6
Ankh (Apple II - 1984),4.33,3
Treasure Island (Apple II - 1985),4.83,12
Wraith (Apple II - 1990),5.00,1
Pipe Dream (Apple II - 1990),4.31,13
Raid Over Moscow (Apple II - 1986),4.67,15
The Alpine Encounter (Apple II - 1985),3.60,5
Mars Saga (Apple II - 1989),4.59,27
Track Attack! (Apple II - 1982),0.00,0
Battle of Antietam (Apple II - 1985),4.17,6
BattleTech: The Crescent Hawk's Inception (Apple II - 1989),4.50,34
Zork II: The Wizard of Frobozz (Apple II - 1981),4.43,21
Wizardry: Knight of Diamonds - The Second Scenario (Apple II - 1982),4.10,40
Marble Madness (Apple II - 1987),4.57,37
County Fair (Apple II - 1981),0.00,0
Koronis Rift (Apple II - 1985),4.17,6
HesGames (Apple II - 1984),4.75,4
Rescue Raiders (Apple II - 1984),4.75,12
Sargon (Apple II - 1979),4.67,3
Ardy the Aardvark (Apple II - 1983),0.00,0
Apple Panic (Apple II - 1981),4.55,11
Carrier Force (Apple II - 1983),4.33,3
VC (Apple II - 1982),3.56,9
Pursuit of the Graf Spee (Apple II - 1982),3.33,3
World Karate Championship (Apple II - 1986),4.43,14
Super Huey UH-IX (Apple II - 1986),4.43,7
Empire I: World Builders (Apple II - 1981),5.00,1
Crime and Punishment (Apple II - 1984),4.18,17
The Standing Stones (Apple II - 1983),4.50,2
Apple Cider Spider (Apple II - 1983),5.00,2
Centauri Alliance (Apple II - 1990),4.64,11
Card Sharks (Apple II - 1988),4.71,52
Kampfgruppe (Apple II - 1985),5.00,2
Sons of Liberty (Apple II - 1987),4.67,3
California Games (Apple II - 1987),4.38,53
Flight Simulator II (Apple II - 1984),4.25,12
Who Framed Roger Rabbit (Apple II - 1988),4.31,16
War in Russia (Apple II - 1984),5.00,1
Deep Space: Operation Copernicus (Apple II - 1987),3.71,7
Saracen (Apple II - 1987),0.00,0
Shadowforge (Apple II - 1990),5.00,1
The Neverending Story (Apple II - 1986),4.67,3
Aztec (Apple II - 1982),4.25,8
Imperium Galactum (Apple II - 1984),4.25,8
Shiloh: Grant's Trial in the West (Apple II - 1987),4.50,2
The Adventures of Buckaroo Banzai: Across the Eighth Dimension (Apple II - 1985),3.40,5
The Sands of Egypt (Apple II - 1983),4.50,2
Oo-Topos (Apple II - 1981),4.80,5
Mission on Thunderhead (Apple II - 1986),0.00,0
Computer Ambush (Apple II - 1982),4.40,5
The Black Cauldron (Apple II - 1986),4.62,29
Infiltrator (Apple II - 1987),5.00,11
The Crack of Doom (Apple II - 1989),4.08,13
Racter (Apple II - 1985),4.25,12
Theatre Europe (Apple II - 1986),4.70,10
Earl Weaver Baseball (Apple II - 1989),4.22,36
Amazon (Apple II - 1984),4.88,8
Battlefront (Apple II - 1986),4.00,2
RDF 1985 (Apple II - 1983),5.00,1
Zork Zero: The Revenge of Megaboz (Apple II - 1989),4.25,12
Zorro (Apple II - 1985),4.63,8
Arcticfox (Apple II - 1986),4.32,25
Paranoiak (Apple II - 1984),5.00,1
Black Magic (Apple II - 1987),4.60,5
"Crush, Crumble and Chomp! (Apple II - 1981)",4.50,10
SwordThrust (Apple II - 1981),5.00,2
Hard Hat Mack (Apple II - 1983),4.82,22
The Great American Cross-Country Road Race (Apple II - 1985),4.89,9
Zork III: The Dungeon Master (Apple II - 1982),4.21,14
Spare Change (Apple II - 1983),0.00,0
Bad Dudes (Apple II - 1989),4.40,20
Shamus (Apple II - 1983),4.86,7
Rad Warrior (Apple II - 1987),4.50,6
Objective: Kursk (Apple II - 1984),0.00,0
Death in the Caribbean (Apple II - 1983),4.50,4
Midway Campaign (Apple II - 1983),4.21,14
Microchess (Apple II - 1978),5.00,5
Arkanoid (Apple II - 1989),4.48,46
King's Quest II: Romancing the Throne (Apple II - 1985),4.53,38
Tapper (Apple II - 1984),4.37,30
Destroyer (Apple II - 1987),4.38,8
Jungle Hunt (Apple II - 1984),4.47,19
Where in Europe is Carmen Sandiego? (Apple II - 1989),4.23,13
The Wizard of Oz (Apple II - 1985),4.71,7
Dig Dug (Apple II - 1984),4.45,69
Wasteland (Apple II - 1988),4.32,116
Sierra Championship Boxing (Apple II - 1986),4.60,5
The Games: Summer Edition (Apple II - 1988),4.71,17
Dangerous Dave in the Deserted Pirate's Hideout! (Apple II - 1988),4.51,94
Karate Champ (Apple II - 1985),5.00,2
Flight Simulator (Apple II - 1980),4.67,3
Star Trek: The Kobayashi Alternative (Apple II - 1985),4.75,8
Lunar Leeper (Apple II - 1982),4.00,1
Panzer Grenadier (Apple II - 1985),3.00,1
Project: Space Station (Apple II - 1987),4.77,30
ALF: The First Adventure (Apple II - 1987),3.92,12
The Quest (Apple II - 1983),4.33,3
Decision in the Desert (Apple II - 1985),4.25,16
Robots of Dawn (Apple II - 1984),5.00,1
Operation: Frog (Apple II - 1984),5.00,6
Borrowed Time (Apple II - 1985),4.57,14
Lancaster (Apple II - 1983),5.00,1
Mandragore (Apple II - 1985),4.00,3
Amnesia (Apple II - 1986),3.92,12
Mind Pursuit (Apple II - 1986),0.00,0
One-on-One (Apple II - 1983),4.33,15
King's Bounty (Apple II - 1990),4.49,49
Close Assault (Apple II - 1982),4.00,2
Mr. Cool (Apple II - 1983),5.00,1
High $take$ (Apple II - 1986),3.67,3
Computer Quarterback (Apple II - 1981),4.11,53
Murder on the Mississippi (Apple II - 1986),4.43,7
John Madden Football (Apple II - 1989),4.27,11
CannonBall Blitz (Apple II - 1982),3.20,5
Autoduel (Apple II - 1986),4.39,28
Word Munchers (Apple II - 1985),4.56,16
Pest Patrol (Apple II - 1982),0.00,0
Impossible Mission II (Apple II - 1988),4.31,50
Fat City (Apple II - 1983),0.00,0
Theseus and the Minotaur (Apple II - 1982),2.67,3
Galaxian (Apple II - 1984),4.26,42
Dnieper River Line (Apple II - 1982),4.33,3
James Bond 007: A View to a Kill (Apple II - 1985),4.07,15
Stellar 7 (Apple II - 1983),4.00,1
Wrath of Denethenor (Apple II - 1987),4.50,4
The Eternal Dagger (Apple II - 1987),3.89,9
C'est La Vie (Apple II - 1983),0.00,0
Mystery Master: Murder by the Dozen (Apple II - 1983),4.57,7
Tangled Tales (Apple II - 1989),4.50,19
Pinball Construction Set (Apple II - 1982),4.11,9
The Hitchhiker's Guide to the Galaxy (Apple II - 1984),4.40,111
Karateka (Apple II - 1984),4.48,48
Alcazar: The Forgotten Fortress (Apple II - 1985),4.67,3
Universe (Apple II - 1984),5.00,9
Hi-Res Adventure #1: Mystery House (Apple II - 1980),4.29,7
Nukewar (Apple II - 1980),4.50,12
Hi-Res Adventure #4: Ulysses and the Golden Fleece (Apple II - 1981),3.93,14
Ringside Seat (Apple II - 1983),4.00,1
Agent USA (Apple II - 1984),4.73,22
Computer Bismarck (Apple II - 1980),5.00,1
Prisoner 2 (Apple II - 1982),0.00,0
World Class Leader Board (Apple II - 1987),4.66,38
Boulder Dash (Apple II - 1984),4.47,17
Times of Lore (Apple II - 1988),4.21,14
The Return of Heracles (Apple II - 1983),3.67,3
Microsoft Adventure (Apple II - 1981),4.00,3
Broadsides (Apple II - 1984),4.67,3
World Games (Apple II - 1987),4.43,17
Zenith (Apple II - 1982),5.00,1
Learning with FuzzyWOMP (Apple II - 1984),5.00,1
Moon Patrol (Apple II - 1984),4.20,36
Southern Command (Apple II - 1981),5.00,3
Wizardry: The Return of Werdna - The Fourth Scenario (Apple II - 1987),4.23,13
Freedom! (Apple II - 1992),3.66,13
Techno Cop (Apple II - 1989),5.00,8
Horizon V (Apple II - 1982),5.00,1
Fahrenheit 451 (Apple II - 1984),4.56,9
Hi-Res Adventure #6: The Dark Crystal (Apple II - 1983),5.00,4
Winnie the Pooh in the Hundred Acre Wood (Apple II - 1984),3.78,9
Mr. Robot and His Robot Factory (Apple II - 1984),3.50,2
Gorgon (Apple II - 1981),5.00,2
Crossfire (Apple II - 1981),3.67,6
Repton (Apple II - 1983),5.00,3
Ikari Warriors II: Victory Road (Apple II - 1987),3.64,11
Moonmist (Apple II - 1986),4.37,8
Mystery Master: Felony! (Apple II - 1984),5.00,4
Frogger II: ThreeeDeep! (Apple II - 1984),5.00,7
The Oregon Trail (Apple II - 1985),4.35,254
Breakthrough in the Ardennes (Apple II - 1984),0.00,0
Pharaoh's Revenge (Apple II - 1988),4.50,4
Panzer Strike! (Apple II - 1988),5.00,1
Ultima I (Apple II - 1986),4.25,44
Beyond Castle Wolfenstein (Apple II - 1984),4.36,47
Labyrinth (Apple II - 1986),4.24,42
Alice in Wonderland (Apple II - 1985),4.77,13
Make Your Own Murder Party (Apple II - 1986),4.67,3
Sargon II (Apple II - 1979),5.00,2
Choplifter! (Apple II - 1982),4.42,12
Sorcerer (Apple II - 1984),4.50,12
Super Zaxxon (Apple II - 1984),4.33,15
Sid Meier's Pirates! (Apple II - 1988),4.57,56
Test Drive (Apple II - 1988),4.56,89
Super Bowl Sunday (Apple II - 1987),5.00,1
The Ancient Art of War at Sea (Apple II - 1987),4.63,27
Thexder (Apple II - 1987),4.49,33
Dark Forest (Apple II - 1981),4.00,1
Lucifer's Realm (Apple II - 1984),5.00,2
The American Challenge: A Sailing Simulation (Apple II - 1986),4.00,5
Lords of Conquest (Apple II - 1986),4.56,16
Bongo's Bash (Apple II - 1985),0.00,0
Omega (Apple II - 1989),4.92,12
Sherwood Forest (Apple II - 1982),4.50,2
Renegade (Apple II - 1989),4.80,15
Space Rogue (Apple II - 1989),4.62,16
Wheel of Fortune (Apple II - 1988),4.84,79
Star Trek: Strategic Operations Simulator (Apple II - 1983),4.17,6
Caverns of Callisto (Apple II - 1983),4.00,1
NAM (Apple II - 1986),4.33,3
Realms of Darkness (Apple II - 1987),4.46,13
Starcross (Apple II - 1982),4.00,16
The Warp Factor (Apple II - 1981),4.34,6
B-24 (Apple II - 1987),4.29,7
Bruce Lee (Apple II - 1984),4.40,30
The Pawn (Apple II - 1986),4.11,18
Earth Orbit Stations (Apple II - 1987),4.59,17
Sea dragon (Apple II - 1982),4.00,7
The Battle of Shiloh (Apple II - 1981),0.00,0
3-D Tic-Tac-Toe (Apple II - 1978),4.43,14
Maxwell Manor (Apple II - 1986),5.00,1
Threshold (Apple II - 1981),5.00,1
Drol (Apple II - 1983),4.25,4
Wilderness: A Survival Adventure (Apple II - 1985),4.43,28
Deathlord (Apple II - 1988),5.00,3
PHM Pegasus (Apple II - 1987),4.42,12
The Tarturian (Apple II - 1980),0.00,0
Trinity (Apple II - 1986),4.37,19
Ballblazer (Apple II - 1985),5.00,3
Jet (Apple II - 1986),4.67,12
Apple '21' (Apple II - 1978),3.75,8
Prince of Persia (Apple II - 1989),4.59,504
The Shadows of Mordor (Apple II - 1988),4.40,15
Borg (Apple II - 1981),4.00,1
Superstar Indoor Sports (Apple II - 1988),5.00,6
Swashbuckler (Apple II - 1981),4.00,1
Swiss Family Robinson (Apple II - 1984),3.78,9
StarGlider (Apple II - 1986),4.73,15
Spiderbot (Apple II - 1988),3.89,9
Portal (Apple II - 1987),4.83,12
Troll's Tale (Apple II - 1983),4.30,10
Beneath Apple Manor (Apple II - 1978),3.75,20
Alternate Reality: The City (Apple II - 1985),4.61,23
The Dallas Quest (Apple II - 1984),4.00,6
The Caverns of Freitag (Apple II - 1982),5.00,1
Balance of Power (Apple II - 1987),4.62,42
Street Sports Basketball (Apple II - 1988),5.00,6
Echelon (Apple II - 1988),4.54,11
Galactic Attack (Apple II - 1980),4.00,1
Battles in Normandy (Apple II - 1987),3.60,5
Xevious (Apple II - 1987),4.78,9
Gauntlet (Apple II - 1988),4.90,31
Evolution (Apple II - 1982),4.71,7
2400 A.D. (Apple II - 1988),4.31,25
The Fellowship of The Ring (Apple II - 1986),4.50,32
Kung-Fu Master (Apple II - 1985),4.75,8
Maniac Mansion (Apple II - 1987),4.09,34
Pac-Man (Apple II - 1982),4.48,86
Europe Ablaze (Apple II - 1985),5.00,3
Napoleon's Campaigns: 1813 & 1815 (Apple II - 1981),4.00,1
Marauder (Apple II - 1982),0.00,0
Super Bunny (Apple II - 1983),5.00,2
Boulder Dash: Construction Kit (Apple II - 1987),4.20,5
Xyphus (Apple II - 1984),5.00,3
Suspect (Apple II - 1984),4.86,7
Wizardry V: Heart of the Maelstrom (Apple II - 1988),4.25,20
Robot Rascals (Apple II - 1986),4.50,6
Platoon (Apple II - 1988),4.50,18
Nine Princes in Amber (Apple II - 1986),4.54,13
Old Ironsides (Apple II - 1982),5.00,2
Planet Miners (Apple II - 1980),4.25,4
Space Station Zulu (Apple II - 1982),4.50,2
Ultima I (Apple II - 1986),3.00,2
Seastalker (Apple II - 1984),4.78,9
Mindshadow (Apple II - 1985),4.46,13
Germany 1985 (Apple II - 1982),5.00,4
Questron (Apple II - 1984),4.58,12
Murder on The Zinderneuf (Apple II - 1984),4.14,14
Expedition Amazon (Apple II - 1983),5.00,4
North Atlantic Convoy Raider (Apple II - 1980),3.67,3
Cartels & Cutthroat$ (Apple II - 1981),4.50,10
Spellbreaker (Apple II - 1985),4.39,13
Space Vikings (Apple II - 1982),4.33,6
Championship Baseball (Apple II - 1987),3.00,2
South Pacific Quest (Apple II - 1987),0.00,0
Reforger '88 (Apple II - 1984),0.00,0
Pool of Radiance (Apple II - 1989),4.59,70
Sub Mission (Apple II - 1987),3.67,3
The Curse of Crowley Manor (Apple II - 1982),5.00,1
King's Quest III: To Heir is Human (Apple II - 1988),4.36,56
Olympic Decathlon (Apple II - 1981),3.22,18
Suspended (Apple II - 1983),4.86,7
U.S.A.A.F. - United States Army Air Force (Apple II - 1985),4.00,4
ABM (Apple II - 1980),4.60,5
The Dark Heart of Uukrul (Apple II - 1989),4.69,26
Demon's Winter (Apple II - 1988),4.47,17
Top Fuel Eliminator (Apple II - 1987),5.00,1
Escape from Rungistan (Apple II - 1982),0.00,0
