Title,Average Rating,Number of Ratings
Ys: The Vanished Omens (Apple IIgs - 1989),4.64,11
RoadWar 2000 (Apple IIgs - 1987),4.72,18
Tomahawk (Apple IIgs - 1988),4.91,11
Street Sports Soccer (Apple IIgs - 1988),4.33,3
Will Harvey's Zany Golf (Apple IIgs - 1988),4.70,23
Balance of Power: The 1990 Edition (Apple IIgs - 1989),4.25,77
Monte Carlo (Apple IIgs - 1987),0.00,0
Winter Games (Apple IIgs - 1987),4.52,33
Star Saga: One - Beyond the Boundary (Apple IIgs - 1988),5.00,5
Arkanoid (Apple IIgs - 1988),4.46,41
Space Quest II: Chapter II - Vohaul's Revenge (Apple IIgs - 1988),4.24,33
Mancala (Apple IIgs - 1988),0.00,0
Bubble Ghost (Apple IIgs - 1988),4.25,8
4th & Inches (Apple IIgs - 1988),3.70,27
The Wonders of The Animal Kingdom (Apple IIgs - 1988),4.00,1
10 Little Robots (Apple IIgs - 1989),5.00,5
Sub Battle Simulator (Apple IIgs - 1989),4.39,18
Airball (Apple IIgs - 1989),4.11,18
Gold Rush! (Apple IIgs - 1989),4.28,49
Laser Force (Apple IIgs - 1989),5.00,1
Revolution '76 (Apple IIgs - 1989),4.00,12
Mean 18 (Apple IIgs - 1988),4.08,12
Deja Vu: A Nightmare Comes True!! (Apple IIgs - 1988),4.96,54
Designasaurus (Apple IIgs - 1988),5.00,3
Life & Death (Apple IIgs - 1989),4.48,52
Test Drive II Scenery Disk: California Challenge (Apple IIgs - 1989),4.54,13
Shadowgate (Apple IIgs - 1989),4.08,12
Sea Strike (Apple IIgs - 1987),3.00,1
Jack Nicklaus' Greatest 18 Holes of Major Championship Golf (Apple IIgs - 1989),4.25,12
Destroyer (Apple IIgs - 1988),4.29,7
Fast Break (Apple IIgs - 1989),4.56,9
The Fidelity Chessmaster 2100 (Apple IIgs - 1988),4.56,23
Club Backgammon (Apple IIgs - 1988),0.00,0
Gnarly Golf (Apple IIgs - 1989),0.00,0
HardBall! (Apple IIgs - 1987),3.33,9
Ultima I (Apple IIgs - 1994),3.00,2
Defender of The Crown (Apple IIgs - 1988),4.56,82
Math Blaster Plus! (Apple IIgs - 1989),4.61,33
Captain Blood (Apple IIgs - 1989),4.36,25
Manhunter: New York (Apple IIgs - 1988),4.90,20
Tales of the Unknown: Volume I - The Bard's Tale (Apple IIgs - 1987),4.80,30
BlackJack Academy (Apple IIgs - 1988),4.00,1
Magical Myths (Apple IIgs - 1988),5.00,1
Xenocide (Apple IIgs - 1987),4.00,4
Alien Mind (Apple IIgs - 1988),3.17,6
PaperBoy (Apple IIgs - 1988),4.44,25
Tetris (Apple IIgs - 1988),4.40,30
LemminGS (Apple IIgs - 1997),3.80,5
Mixed-Up Mother Goose (Apple IIgs - 1988),4.36,11
Crystal Quest (Apple IIgs - 1989),4.10,10
The Hunt for Red October (Apple IIgs - 1989),4.60,20
Final Assault (Apple IIgs - 1989),3.22,14
World Games (Apple IIgs - 1987),4.42,15
Great Western Shootout (Apple IIgs - 1989),4.00,1
AAARGH! (Apple IIgs - 1988),4.11,18
Reader Rabbit (Apple IIgs - 1987),4.17,35
Reach for the Stars: The Conquest of the Galaxy (Apple IIgs - 1988),4.48,23
Gauntlet (Apple IIgs - 1988),4.90,30
Accolade's Mean 18: Famous Course Disk - Volume III (Apple IIgs - 1987),4.00,3
The Black Cauldron (Apple IIgs - 1987),4.59,27
Uninvited (Apple IIgs - 1988),4.00,19
Space Quest: Chapter I - The Sarien Encounter (Apple IIgs - 1987),4.58,67
Silent Service (Apple IIgs - 1989),4.69,39
Tower of Myraglen (Apple IIgs - 1987),4.00,1
Grand Prix Circuit (Apple IIgs - 1989),4.61,72
Dark Castle (Apple IIgs - 1989),4.74,38
Fire Power (Apple IIgs - 1989),4.33,18
Downhill Challenge (Apple IIgs - 1989),3.63,8
Warlock (Apple IIgs - 1988),4.29,7
All About America (Apple IIgs - 1988),5.00,2
Impossible Mission II (Apple IIgs - 1988),4.29,47
Rocket Ranger (Apple IIgs - 1989),4.50,38
Wolfenstein 3D (Apple IIgs - 1998),4.21,61
Battle Chess (Apple IIgs - 1989),4.44,404
Blockout (Apple IIgs - 1989),4.60,30
TrianGO (Apple IIgs - 1989),3.00,2
Cavern Cobra (Apple IIgs - 1987),5.00,1
Keef the Thief: A Boy and His Lockpick (Apple IIgs - 1989),3.64,11
King's Quest IV: The Perils of Rosella (Apple IIgs - 1989),4.17,80
Tunnels of Armageddon (Apple IIgs - 1989),4.56,9
Vegas Gambler (Apple IIgs - 1988),2.50,4
Shanghai (Apple IIgs - 1987),4.33,12
King's Quest II: Romancing the Throne (Apple IIgs - 1988),4.53,38
Accolade's Mean 18: Famous Course Disk - Volume IV (Apple IIgs - 1987),4.20,5
The Bard's Tale II: The Destiny Knight (Apple IIgs - 1988),4.37,27
The Supercars: Test Drive II Car Disk (Apple IIgs - 1989),4.45,18
King's Quest III: To Heir is Human (Apple IIgs - 1988),4.36,56
Thexder (Apple IIgs - 1987),4.47,32
Where in the World is Carmen Sandiego? (Apple IIgs - 1989),4.36,160
Solitaire Royale (Apple IIgs - 1989),4.19,16
KaleidoKubes (Apple IIgs - 1989),0.00,0
Neuromancer (Apple IIgs - 1989),4.24,38
Silpheed (Apple IIgs - 1989),4.67,21
Dream Zone (Apple IIgs - 1988),4.33,3
The Three Stooges (Apple IIgs - 1989),4.60,20
Police Quest: In Pursuit of the Death Angel (Apple IIgs - 1988),4.59,38
J.R.R. Tolkien's War in Middle Earth (Apple IIgs - 1989),4.36,29
Beyond Zork: The Coconut of Quendor (Apple IIgs - 1987),4.00,22
Déjà Vu II: Lost in Las Vegas (Apple IIgs - 1989),4.45,29
Hacker II: The Doomsday Papers (Apple IIgs - 1988),4.79,14
Marble Madness (Apple IIgs - 1988),4.54,35
Dondra: A New Beginning (Apple IIgs - 1988),5.00,4
Tass Times in Tonetown (Apple IIgs - 1986),4.52,23
Skate or Die (Apple IIgs - 1988),4.20,20
The Duel: Test Drive II (Apple IIgs - 1989),4.27,94
King's Quest (Apple IIgs - 1988),4.32,115
Questron II (Apple IIgs - 1988),4.31,13
Arkanoid: Revenge of DOH (Apple IIgs - 1989),4.30,33
World Tour Golf (Apple IIgs - 1988),4.28,7
Star Saga: Two - The Clathran Menace (Apple IIgs - 1989),4.33,6
GBA Championship Basketball: Two-on-Two (Apple IIgs - 1987),3.20,5
California Games (Apple IIgs - 1988),4.36,50
Mean 18: Famous Course Disk Volume II (Apple IIgs - 1987),4.33,3
Serve & Volley (Apple IIgs - 1989),3.29,7
Dungeon Master (Apple IIgs - 1989),4.67,87
Sid Meier's Pirates! (Apple IIgs - 1988),4.57,56
The Last Ninja (Apple IIgs - 1988),4.32,31
Where in the U.S.A. is Carmen Sandiego? (Apple IIgs - 1989),4.20,10
