Title,Average Rating,Number of Ratings
Tarkus and the Crystal of Fear (Atari 8-bit - 1992),0.00,0
Buried Buck$ (Atari 8-bit - 1982),0.00,0
Kampania wrześniowa (Atari 8-bit - 1993),0.00,0
Operation Blood for Lightgun (Atari 8-bit - 1992),0.00,0
New York City (Atari 8-bit - 1983),5.00,3
Screaming Wings (Atari 8-bit - 1986),5.00,1
Tron: Cykl Świetlny (Atari 8-bit - 1993),0.00,0
Dunzhin (Atari 8-bit - 1983),5.00,1
Jumpman Junior (Atari 8-bit - 1983),4.43,7
Tarkus and the Orbs of Doom (Atari 8-bit - 1993),5.00,1
War Hawk (Atari 8-bit - 1986),3.00,1
Whomper Stomper (Atari 8-bit - 1984),0.00,0
Alfa-Boot (Atari 8-bit - 1994),0.00,0
TAC: Tactical Armor Command (Atari 8-bit - 1983),4.25,4
Run for the Money (Atari 8-bit - 1984),5.00,2
Clear for Action (Atari 8-bit - 1984),4.00,2
Crypts of Egypt (Atari 8-bit - 1995),0.00,0
Decision in the Desert (Atari 8-bit - 1985),4.20,15
Draconus (Atari 8-bit - 1988),4.75,4
Dwie Wieże (Atari 8-bit - 1993),0.00,0
Eoroid (Atari 8-bit - 1994),0.00,0
Snowball (Atari 8-bit - 1983),4.50,2
Space Shuttle: A Journey into Space (Atari 8-bit - 1984),4.00,4
Capture the Flag (Atari 8-bit - 1983),0.00,0
Mr. Dig (Atari 8-bit - 1984),0.00,0
Infiltrator (Atari 8-bit - 1987),5.00,11
Henry's House (Atari 8-bit - 1987),4.33,3
Lost Tomb (Atari 8-bit - 1985),2.33,3
Spindizzy (Atari 8-bit - 1986),5.00,1
Fight Night (Atari 8-bit - 1986),5.00,2
Dizzy Dice (Atari 8-bit - 1987),3.67,3
BMX Simulator (Atari 8-bit - 1986),4.43,7
VC (Atari 8-bit - 1983),3.56,9
Zombies (Atari 8-bit - 1983),4.80,5
The Fall of Rome (Atari 8-bit - 1984),5.00,4
Neuroid (Atari 8-bit - 1996),0.00,0
Constellation (Atari 8-bit - 1992),0.00,0
Spy Master (Atari 8-bit - 1993),5.00,2
Bristles (Atari 8-bit - 1983),5.00,1
Theatre Europe (Atari 8-bit - 1985),4.70,10
Magia Fortuny (Atari 8-bit - 1993),5.00,1
SOS Saturn (Atari 8-bit - 1992),0.00,0
Rebel Charge at Chickamauga (Atari 8-bit - 1987),3.75,4
Kenny Dalglish Soccer Manager (Atari 8-bit - 1989),5.00,3
Canyon Climber (Atari 8-bit - 1982),3.67,3
Elektraglide (Atari 8-bit - 1985),0.00,0
Ballyhoo (Atari 8-bit - 1986),4.80,5
Neron (Atari 8-bit - 1993),0.00,0
Match Wits (Atari 8-bit - 1984),0.00,0
Ninja (Atari 8-bit - 1986),4.61,13
Świat Olkiego (Atari 8-bit - 1994),5.00,1
War in Russia (Atari 8-bit - 1984),5.00,1
Harrier Mission (Atari 8-bit - 1985),5.00,4
"Crush, Crumble and Chomp! (Atari 8-bit - 1981)",4.38,8
NAM (Atari 8-bit - 1986),4.33,3
Crypto Cube (Atari 8-bit - 1983),0.00,0
Drol (Atari 8-bit - 1983),4.00,3
Ballblazer (Atari 8-bit - 1985),5.00,3
Airstrike II (Atari 8-bit - 1983),5.00,2
Bruce Lee (Atari 8-bit - 1984),4.41,29
The Serpent's Star (Atari 8-bit - 1983),0.00,0
Bug Attack (Atari 8-bit - 1982),5.00,1
Maxwell Manor (Atari 8-bit - 1984),5.00,1
Collapse (Atari 8-bit - 1985),0.00,0
Mech Brigade (Atari 8-bit - 1986),4.14,7
Sorcerer of Claymorgue Castle (Atari 8-bit - 1984),4.50,8
Buck Rogers: Planet of Zoom (Atari 8-bit - 1983),4.65,14
The Pawn (Atari 8-bit - 1986),4.08,13
Ant Eater (Atari 8-bit - 1983),0.00,0
The Eliminator (Atari 8-bit - 1982),5.00,1
Gruds In Space (Atari 8-bit - 1983),4.50,2
Rush'n Attack (Atari 8-bit - 1986),3.90,30
The Eidolon (Atari 8-bit - 1985),4.80,5
Airline (Atari 8-bit - 1986),4.00,2
Computer Baseball (Atari 8-bit - 1984),3.50,2
Roderic (Atari 8-bit - 1992),0.00,0
Red Moon (Atari 8-bit - 1985),5.00,2
Trivia Quest (Atari 8-bit - 1984),0.00,0
Espial (Atari 8-bit - 1984),0.00,0
The Last Warrior (Atari 8-bit - 1985),0.00,0
Head Over Heels (Atari 8-bit - 1987),4.00,4
Repton (Atari 8-bit - 1983),5.00,3
Zero Wars (Atari 8-bit - 1990),0.00,0
Colossal Adventure (Atari 8-bit - 1983),5.00,1
Combat Leader (Atari 8-bit - 1983),4.60,5
Fighter Pilot (Atari 8-bit - 1985),4.50,2
Kernaw (Atari 8-bit - 1993),0.00,0
Picnic Paranoia (Atari 8-bit - 1982),0.00,0
Dimension X (Atari 8-bit - 1984),0.00,0
Forbidden Forest (Atari 8-bit - 1983),5.00,3
Colonial Conquest (Atari 8-bit - 1985),5.00,11
Dandy (Atari 8-bit - 1983),0.00,0
Dunjonquest: Upper Reaches of Apshai (Atari 8-bit - 1982),3.67,3
Brimstone (Atari 8-bit - 1985),3.00,2
Tagalon (Atari 8-bit - 1993),0.00,0
Questprobe: Featuring Human Torch and the Thing (Atari 8-bit - 1985),4.40,5
Hollywood Hijinx (Atari 8-bit - 1987),4.71,7
Chopper Rescue (Atari 8-bit - 1982),0.00,0
Mail Order Monsters (Atari 8-bit - 1986),4.59,17
Protector II (Atari 8-bit - 1982),5.00,1
Deathland (Atari 8-bit - 1994),0.00,0
Castle Wolfenstein (Atari 8-bit - 1983),4.43,87
Stack Up (Atari 8-bit - 1991),5.00,3
IQ Master (Atari 8-bit - 1992),5.00,1
Ship (Atari 8-bit - 1993),0.00,0
Adventure in the Fifth Dimension (Atari 8-bit - 1983),0.00,0
Star Raiders (Atari 8-bit - 1979),4.50,4
Computer Acquire (Atari 8-bit - 1981),4.46,11
The Wizard of Akyrz (Atari 8-bit - 1983),5.00,1
Fastgammon (Atari 8-bit - 1980),0.00,0
Escape from Doomworld (Atari 8-bit - 1986),5.00,1
Přízrak nuly (Atari 8-bit - 1988),0.00,0
Gold Hunter (Atari 8-bit - 1992),0.00,0
Knock (Atari 8-bit - 1992),5.00,1
PuzzlePanic (Atari 8-bit - 1984),5.00,1
Feud (Atari 8-bit - 1987),4.89,9
Astro-Grover (Atari 8-bit - 1984),4.58,9
Warlok (Atari 8-bit - 1983),5.00,1
Protector (Atari 8-bit - 1989),0.00,0
Power Down (Atari 8-bit - 1987),5.00,1
Robin Wojownik Czasu (Atari 8-bit - 1995),0.00,0
Boing II (Atari 8-bit - 1992),0.00,0
The Convicts (Atari 8-bit - 1992),0.00,0
Colony (Atari 8-bit - 1987),5.00,2
Archon II: Adept (Atari 8-bit - 1984),4.88,8
Skarbnik (Atari 8-bit - 1993),0.00,0
StarQuest: Star Warrior (Atari 8-bit - 1981),3.67,3
Magia (Atari 8-bit - 1993),5.00,1
Lizard (Atari 8-bit - 1992),0.00,0
Deimos (Atari 8-bit - 1993),5.00,1
Gorf (Atari 8-bit - 1982),4.50,6
Fantastic Voyage (Atari 8-bit - 1982),0.00,0
Hans Kloss (Atari 8-bit - 1992),0.00,0
The Dallas Quest (Atari 8-bit - 1984),4.00,5
Pengon (Atari 8-bit - 1984),5.00,1
Bismarck (Atari 8-bit - 1988),4.00,2
Riot (Atari 8-bit - 1992),0.00,0
Sargon II (Atari 8-bit - 1982),5.00,1
E.T. Phone Home! (Atari 8-bit - 1983),5.00,2
Lorien's Tomb (Atari 8-bit - 1992),5.00,1
Jungle Hunt (Atari 8-bit - 1983),4.47,19
Tactic (Atari 8-bit - 1992),0.00,0
Tank Commander (Atari 8-bit - 1985),4.50,2
MicroMan (Atari 8-bit - 1993),0.00,0
Don't Shoot That Word! (Atari 8-bit - 1983),0.00,0
Computer Baseball Strategy (Atari 8-bit - 1982),0.00,0
Jocky Wilson's Darts Challenge (Atari 8-bit - 1988),3.67,3
Bubble Trouble (Atari 8-bit - 1987),5.00,1
Mission on Thunderhead (Atari 8-bit - 1986),0.00,0
Footballer of the Year (Atari 8-bit - 1986),4.75,4
Scott Adams' Graphic Adventure #6: Strange Odyssey (Atari 8-bit - 1982),5.00,1
Speed Hawk (Atari 8-bit - 1988),0.00,0
Strzyga (Atari 8-bit - 1992),5.00,2
The Mask of the Sun (Atari 8-bit - 1984),5.00,1
M.U.L.E. (Atari 8-bit - 1983),4.40,15
GYPSY (Atari 8-bit - 1983),0.00,0
Frogger (Atari 8-bit - 1982),4.16,32
Gemstone Warrior (Atari 8-bit - 1985),4.20,5
James Bond 007 in The Living Daylights: The Computer Game (Atari 8-bit - 1987),5.00,6
Jaskiniowiec (Atari 8-bit - 1995),0.00,0
My First Alphabet (Atari 8-bit - 1981),0.00,0
Twerps (Atari 8-bit - 1983),5.00,1
Hover Bovver (Atari 8-bit - 1984),4.50,2
Operation Blood (Atari 8-bit - 1992),4.00,1
Dziedzictwo Gigantów (Atari 8-bit - 1993),0.00,0
Frenesis (Atari 8-bit - 1987),0.00,0
Monstrum (Atari 8-bit - 1992),5.00,1
Stealth (Atari 8-bit - 1984),5.00,2
Spitfire Ace (Atari 8-bit - 1982),4.25,12
Seafox (Atari 8-bit - 1982),4.00,2
Demon (Atari 8-bit - 1993),0.00,0
Cytron Masters (Atari 8-bit - 1982),3.60,5
Grunwald 1410 (Atari 8-bit - 1995),5.00,2
Saigon: The Final Days (Atari 8-bit - 1981),0.00,0
Speed Fox (Atari 8-bit - 1992),5.00,1
Basketball (Atari 8-bit - 1979),4.50,2
Alley Cat (Atari 8-bit - 1983),4.74,49
Najemnik (Atari 8-bit - 1992),4.00,1
Jagdstaffel (Atari 8-bit - 1980),0.00,0
Tomahawk (Atari 8-bit - 1986),4.91,11
Zaxxon (Atari 8-bit - 1983),4.56,34
Computer War (Atari 8-bit - 1983),4.00,1
Wayout (Atari 8-bit - 1982),4.00,2
Worm War I (Atari 8-bit - 1983),0.00,0
Ghost Chaser (Atari 8-bit - 1984),4.60,5
Claim Jumper (Atari 8-bit - 1982),0.00,0
Zork: The Great Underground Empire (Atari 8-bit - 1983),4.28,187
Rainbow Walker (Atari 8-bit - 1983),3.00,1
Karateka (Atari 8-bit - 1985),4.46,46
Wyspa (Atari 8-bit - 1993),0.00,0
Adventure Quest (Atari 8-bit - 1983),4.00,2
Captain Sticky's Gold (Atari 8-bit - 1983),0.00,0
The Institute (Atari 8-bit - 1983),5.00,2
747 Flight Simulator (Atari 8-bit - 1983),4.67,6
Waxworks (Atari 8-bit - 1984),0.00,0
War-Copter (Atari 8-bit - 1986),0.00,0
Magia Kryształu (Atari 8-bit - 1992),0.00,0
Choplifter! (Atari 8-bit - 1982),4.36,11
Moon Patrol (Atari 8-bit - 1982),0.00,0
Breakthrough in the Ardennes (Atari 8-bit - 1984),0.00,0
Drop It! (Atari 8-bit - 1993),4.00,1
Alchemia (Atari 8-bit - 1993),5.00,1
Highrise (Atari 8-bit - 1983),5.00,2
Autoduel (Atari 8-bit - 1987),4.37,27
Special Delivery: Santa's Christmas Chaos (Atari 8-bit - 1984),5.00,1
Dunjonquest: The Datestones of Ryn (Atari 8-bit - 1981),5.00,2
Zeppelin (Atari 8-bit - 1983),5.00,1
Cutthroats (Atari 8-bit - 1984),4.00,4
Wargame Construction Set (Atari 8-bit - 1986),4.33,9
Beamrider (Atari 8-bit - 1984),5.00,1
Infidel (Atari 8-bit - 1983),4.78,9
Mountain Bike Racer (Atari 8-bit - 1989),5.00,3
Grand Prix Simulator (Atari 8-bit - 1987),5.00,1
Mercenary (Atari 8-bit - 1985),5.00,5
Gauntlet (Atari 8-bit - 1985),4.90,30
Rucu (Atari 8-bit - 1992),0.00,0
Cosmic Hero (Atari 8-bit - 2004),0.00,0
Star Trek: Strategic Operations Simulator (Atari 8-bit - 1983),4.17,6
Trains (Atari 8-bit - 1983),4.78,9
Ultima IV: Quest of the Avatar (Atari 8-bit - 1986),4.37,46
Joe Blade (Atari 8-bit - 1988),2.33,3
Orc Attack: You Against the Hordes (Atari 8-bit - 1983),4.50,2
Wizard of Wor (Atari 8-bit - 1983),4.50,12
The Comet Game (Atari 8-bit - 1986),5.00,2
Arcade Fruit Machine (Atari 8-bit - 1990),4.75,4
Fortress (Atari 8-bit - 1983),3.50,2
Naturix (Atari 8-bit - 1994),5.00,1
Terminator (Atari 8-bit - 1993),5.00,1
Cavernia (Atari 8-bit - 1990),5.00,1
Bomb Fusion (Atari 8-bit - 1989),5.00,2
Black Lamp (Atari 8-bit - 1989),4.50,6
Cuthbert Goes Walkabout (Atari 8-bit - 1984),5.00,1
Galaxian (Atari 8-bit - 1982),4.25,40
Computer Football Strategy (Atari 8-bit - 1983),0.00,0
Major Bronx (Atari 8-bit - 1992),0.00,0
Laser Hawk (Atari 8-bit - 1986),5.00,1
Planetfall (Atari 8-bit - 1983),4.50,2
Beach-Head (Atari 8-bit - 1983),4.89,9
Hi-Res Adventure #4: Ulysses and the Golden Fleece (Atari 8-bit - 1982),3.92,13
Quest of the Space Beagle (Atari 8-bit - 1984),4.67,3
The Pharaoh's Curse (Atari 8-bit - 1983),5.00,2
Journey to the Planets (Atari 8-bit - 1982),0.00,0
Formula 1 (Atari 8-bit - 1982),5.00,1
Cosmic Balance II (Atari 8-bit - 1983),5.00,2
Jawbreaker (Atari 8-bit - 1981),5.00,1
Ingrid's Back! (Atari 8-bit - 1988),4.00,5
Emerald Isle (Atari 8-bit - 1985),4.00,1
Juno First (Atari 8-bit - 1984),0.00,0
Ms. Pac-Man (Atari 8-bit - 1983),4.20,59
Cat-Nap (Atari 8-bit - 1983),0.00,0
Soccer (Atari 8-bit - 1982),4.00,2
Leather Goddesses Of Phobos (Atari 8-bit - 1986),4.18,28
Oil's Well (Atari 8-bit - 1983),4.67,3
Amaurote (Atari 8-bit - 1987),4.00,2
Humanoid (Atari 8-bit - 1992),0.00,0
Chatterbee (Atari 8-bit - 1983),0.00,0
Submarine Commander (Atari 8-bit - 1982),4.00,2
Alien Hell (Atari 8-bit - 1981),5.00,1
Caverns of Eriban (Atari 8-bit - 1986),5.00,1
Ardeny 1944 (Atari 8-bit - 1995),0.00,0
Missmind: Sara (Atari 8-bit - 1989),5.00,1
Ducks Ahoy! (Atari 8-bit - 1984),3.43,7
Questron (Atari 8-bit - 1984),4.55,11
Liga Polska (Atari 8-bit - 1995),0.00,0
Krucjata (Atari 8-bit - 1993),0.00,0
Pac-Man (Atari 8-bit - 1982),4.51,78
Zenji (Atari 8-bit - 1984),0.00,0
Zone Ranger (Atari 8-bit - 1984),5.00,1
Crownland (Atari 8-bit - 2007),5.00,1
Sidewinder (Atari 8-bit - 1986),5.00,2
Montezuma's Revenge (Atari 8-bit - 1984),4.40,57
Lode Runner (Atari 8-bit - 1983),4.68,37
Mission Zircon (Atari 8-bit - 1992),0.00,0
Nexus (Atari 8-bit - 1996),5.00,1
Dodge Racer (Atari 8-bit - 1981),5.00,1
Adventure Master (Atari 8-bit - 1985),5.00,1
Advanced Pinball Simulator (Atari 8-bit - 1988),5.00,2
Kikstart: Off-Road Simulator (Atari 8-bit - 1986),5.00,3
Robbo (Atari 8-bit - 1989),4.20,15
The Archers (Atari 8-bit - 1986),5.00,1
PlatterMania (Atari 8-bit - 1982),4.00,1
Outris (Atari 8-bit - 1993),5.00,1
Mad-Netter (Atari 8-bit - 1983),0.00,0
Scott Adams' Graphic Adventure #2: Pirate Adventure (Atari 8-bit - 1982),4.00,3
Mr. Do! (Atari 8-bit - 1985),5.00,1
A.E. (Atari 8-bit - 1982),5.00,1
Microx (Atari 8-bit - 1992),5.00,1
Neptune's Daughters (Atari 8-bit - 1984),2.00,2
Crystal Castles (Atari 8-bit - 1989),4.67,6
Eagles (Atari 8-bit - 1983),4.00,1
The Chessmaster 2000 (Atari 8-bit - 1986),4.54,39
Lucifer's Realm (Atari 8-bit - 1981),5.00,1
O'Riley's Mine (Atari 8-bit - 1983),4.00,1
Magic World (Atari 8-bit - 1994),0.00,0
Firebird (Atari 8-bit - 1981),0.00,0
Moon Shuttle (Atari 8-bit - 1983),3.00,1
Despatch Rider (Atari 8-bit - 1986),0.00,0
Zybex (Atari 8-bit - 1988),4.50,10
Rock-Ola's Nibbler (Atari 8-bit - 1983),5.00,2
Battlezone (Atari 8-bit - 1988),4.32,32
The Scrolls of Abadon (Atari 8-bit - 1984),0.00,0
Battle of Antietam (Atari 8-bit - 1986),4.17,6
Dnieper River Line (Atari 8-bit - 1982),4.33,3
Fluid-Kha (Atari 8-bit - 1993),5.00,1
Ankh (Atari 8-bit - 1984),4.00,2
StarQuest: Rescue at Rigel (Atari 8-bit - 1981),4.57,7
Change (Atari 8-bit - 1992),0.00,0
Super Huey UH-IX (Atari 8-bit - 1986),4.43,7
Astro Chase (Atari 8-bit - 1982),0.00,0
Cywilizacja (Atari 8-bit - 1993),0.00,0
The Adventures of Buckaroo Banzai: Across the Eighth Dimension (Atari 8-bit - 1984),3.00,4
The Arcade Machine (Atari 8-bit - 1983),0.00,0
Spy Hunter (Atari 8-bit - 1984),4.47,17
Robotron: 2084 (Atari 8-bit - 1984),4.20,20
Ultima II: The Revenge of the Enchantress... (Atari 8-bit - 1983),4.39,23
Atlantis (Atari 8-bit - 1983),5.00,1
Boulder Dash: Construction Kit (Atari 8-bit - 1986),4.20,5
Video Easel (Atari 8-bit - 1979),4.00,1
Earthquake San Francisco 1906 (Atari 8-bit - 1986),0.00,0
Feasibility Experiment (Atari 8-bit - 1982),5.00,1
Spy vs. Spy III: Arctic Antics (Atari 8-bit - 1986),4.00,3
Conan (Atari 8-bit - 1984),4.25,8
Universal Hero (Atari 8-bit - 1987),5.00,1
Seastalker (Atari 8-bit - 1984),4.71,7
Monster Maze (Atari 8-bit - 1982),0.00,0
Maze of Death (Atari 8-bit - 1981),5.00,1
Fast Eddie (Atari 8-bit - 1982),5.00,1
Herbert (Atari 8-bit - 1988),0.00,0
Battalion Commander (Atari 8-bit - 1985),5.00,3
Carnival Massacre (Atari 8-bit - 1983),0.00,0
Field of Fire (Atari 8-bit - 1984),4.67,3
Webster: The Word Game (Atari 8-bit - 1984),0.00,0
Thinker (Atari 8-bit - 1992),0.00,0
The Last Guardian (Atari 8-bit - 1988),0.00,0
Bug Hunt (Atari 8-bit - 1987),5.00,1
Imagic 1-2-3 (Atari 8-bit - 1984),0.00,0
Ruff and Reddy in the Space Adventure (Atari 8-bit - 1990),3.00,2
Janosik (Atari 8-bit - 1994),0.00,0
A.D. 2044: Seksmisja (Atari 8-bit - 1991),5.00,3
Hacker (Atari 8-bit - 1985),4.05,22
Kid Grid (Atari 8-bit - 1982),5.00,2
Heartache (Atari 8-bit - 1988),0.00,0
Danger Ranger (Atari 8-bit - 1984),0.00,0
Early Games for Young Children (Atari 8-bit - 1982),3.33,3
Saracen (Atari 8-bit - 1987),0.00,0
ALF in the Color Caves (Atari 8-bit - 1984),5.00,1
Agent USA (Atari 8-bit - 1984),4.73,22
Magic Dimension (Atari 8-bit - 1993),0.00,0
Mission Shark (Atari 8-bit - 1991),0.00,0
Thrax Lair (Atari 8-bit - 1982),0.00,0
Dragonriders of Pern (Atari 8-bit - 1983),4.00,6
Strato Sphere (Atari 8-bit - 1987),0.00,0
Free Trader (Atari 8-bit - 1984),4.50,2
The Blade of Blackpoole (Atari 8-bit - 1983),5.00,1
Snake Byte (Atari 8-bit - 1982),5.00,1
Winter Olympics (Atari 8-bit - 1987),0.00,0
Universe (Atari 8-bit - 1983),5.00,8
Wavy Navy (Atari 8-bit - 1983),4.00,1
Sargon III (Atari 8-bit - 1985),4.17,6
The Neverending Story (Atari 8-bit - 1986),4.67,3
Rycerz (Atari 8-bit - 1993),0.00,0
Reversi (Atari 8-bit - 1980),5.00,1
Zeus (Atari 8-bit - 1993),5.00,1
Rampage (Atari 8-bit - 1987),4.74,27
The Quest (Atari 8-bit - 1984),4.33,3
TvT (Atari 8-bit - 1993),5.00,1
Midnight (Atari 8-bit - 1993),0.00,0
Chop Suey (Atari 8-bit - 1985),5.00,1
Epidemic! (Atari 8-bit - 1983),3.88,8
Aztec Challenge (Atari 8-bit - 1983),4.92,12
Special Forces: Operation Blood II (Atari 8-bit - 1993),4.00,1
Mouse Trap (Atari 8-bit - 1987),4.00,2
Computer Quarterback (Atari 8-bit - 1981),4.16,51
Chuckie Egg (Atari 8-bit - 1985),4.20,20
Adax (Atari 8-bit - 1992),0.00,0
Barnyard Blaster (Atari 8-bit - 1987),0.00,0
Przemytnik (Atari 8-bit - 1992),5.00,2
Space Invaders (Atari 8-bit - 1980),4.33,6
Super Fortuna (Atari 8-bit - 1993),5.00,1
Koronis Rift (Atari 8-bit - 1985),4.17,6
Starcross (Atari 8-bit - 1982),3.94,15
Silent Service (Atari 8-bit - 1985),4.69,39
Barahir (Atari 8-bit - 1993),5.00,2
Who Dares Wins II (Atari 8-bit - 1987),5.00,4
Gwendolyn: Pursuit of a Princess (Atari 8-bit - 1983),5.00,1
Floyd of the Jungle (Atari 8-bit - 1982),4.00,1
Flying Ace (Atari 8-bit - 1983),4.00,1
Caverns of Mars (Atari 8-bit - 1981),5.00,1
3d24 (Atari 8-bit - 1993),5.00,2
Star Blazer (Atari 8-bit - 1983),5.00,1
Deadline (Atari 8-bit - 1982),4.64,11
Kolony (Atari 8-bit - 1991),5.00,1
River Raid (Atari 8-bit - 1983),5.00,12
Scott Adams' Graphic Adventure #5: The Count (Atari 8-bit - 1982),5.00,1
Memory Manor (Atari 8-bit - 1984),5.00,1
Gateway to Apshai (Atari 8-bit - 1983),3.75,4
Koło Fortuny (Atari 8-bit - 1993),5.00,1
Captain Gather (Atari 8-bit - 1992),0.00,0
Boulder Dash (Atari 8-bit - 1984),4.69,13
Essex (Atari 8-bit - 1985),5.00,1
Sentinel (Atari 8-bit - 1982),5.00,1
Digi Duck (Atari 8-bit - 1992),0.00,0
Leaper (Atari 8-bit - 1986),5.00,1
The Lurking Horror (Atari 8-bit - 1987),4.06,69
Getaway! (Atari 8-bit - 1982),5.00,2
K-Razy Shoot-Out (Atari 8-bit - 1981),5.00,1
Preppie! (Atari 8-bit - 1982),5.00,1
Basil the Great Mouse Detective (Atari 8-bit - 1987),5.00,1
Droga do Duplandu (Atari 8-bit - 1993),3.00,7
Master of the Lamps (Atari 8-bit - 1985),4.00,1
Gauntlet (Atari 8-bit - 1984),4.00,1
Spitfire '40 (Atari 8-bit - 1986),4.33,3
Starquake (Atari 8-bit - 1986),4.64,11
Desert Falcon (Atari 8-bit - 1989),0.00,0
Caverns of Callisto (Atari 8-bit - 1983),4.00,1
Bop'N Wrestle (Atari 8-bit - 1987),4.25,8
Fatum (Atari 8-bit - 1993),0.00,0
Crossfire (Atari 8-bit - 1981),3.67,6
Factor Blast (Atari 8-bit - 1983),4.00,1
F-15 Strike Eagle (Atari 8-bit - 1984),4.38,13
The Witness (Atari 8-bit - 1983),4.00,4
Whirlinurd (Atari 8-bit - 1985),3.00,1
Galactic Empire (Atari 8-bit - 1981),4.50,2
Castle Crisis (Atari 8-bit - 2003),0.00,0
Chimera (Atari 8-bit - 1985),3.00,3
Magic Micro Mission (Atari 8-bit - 1984),0.00,0
Missile Command (Atari 8-bit - 1981),0.00,0
Plot (Atari 8-bit - 1990),0.00,0
Axilox (Atari 8-bit - 1993),0.00,0
Moon Patrol (Atari 8-bit - 1984),4.18,34
Chopper Hunt (Atari 8-bit - 1984),0.00,0
Alienbusters (Atari 8-bit - 1991),0.00,0
Speed Ace (Atari 8-bit - 1987),0.00,0
Ollie's Follies (Atari 8-bit - 1984),5.00,1
Eureka (Atari 8-bit - 1992),0.00,0
Action Biker (Atari 8-bit - 1985),4.00,4
Super Bunny (Atari 8-bit - 1983),5.00,2
Mirax Force (Atari 8-bit - 1987),0.00,0
Time Bandit (Atari 8-bit - 1984),0.00,0
Streets (Atari 8-bit - 1993),0.00,0
Serpentine (Atari 8-bit - 1982),4.38,8
Vicky (Atari 8-bit - 1993),2.00,1
Arena 3000 (Atari 8-bit - 1984),5.00,1
Spider-Man (Atari 8-bit - 1984),4.53,19
Pub Darts (Atari 8-bit - 1986),4.50,2
Panic Express (Atari 8-bit - 1986),5.00,1
Ogre (Atari 8-bit - 1986),5.00,7
The Dreadnaught Factor (Atari 8-bit - 1984),0.00,0
James Bond 007 (Atari 8-bit - 1984),4.86,7
Slinky (Atari 8-bit - 1983),5.00,1
Flak: The Ultimate Flight Experience (Atari 8-bit - 1984),0.00,0
Banzai (Atari 8-bit - 1995),0.00,0
Drelbs (Atari 8-bit - 1983),5.00,1
Odwracanka (Atari 8-bit - 1998),0.00,0
Pitstop II (Atari 8-bit - 1985),4.27,15
Loco (Atari 8-bit - 1986),4.33,3
One Man and His Droid (Atari 8-bit - 1986),5.00,2
Hawkquest (Atari 8-bit - 1989),0.00,0
Imagine (Atari 8-bit - 1992),0.00,0
Flash Gordon (Atari 8-bit - 1983),5.00,1
Space Station Zulu (Atari 8-bit - 1982),4.00,1
Yogi's Great Escape (Atari 8-bit - 1990),3.75,4
Alternate Reality: The City (Atari 8-bit - 1985),4.59,22
Trisz Divinis (Atari 8-bit - 1993),0.00,0
Galactic Trader (Atari 8-bit - 1981),4.50,2
221 B Baker St. (Atari 8-bit - 1987),4.04,26
Math Mileage (Atari 8-bit - 1984),4.00,1
Pacific Coast Highway (Atari 8-bit - 1982),0.00,0
Mr. TNT (Atari 8-bit - 1983),0.00,0
Samurai's Game (Atari 8-bit - 1992),0.00,0
Princess and Frog (Atari 8-bit - 1982),5.00,1
Caverns of the Lost Miner (Atari 8-bit - 2007),0.00,0
Mordon's Quest (Atari 8-bit - 1985),5.00,1
Ardy the Aardvark (Atari 8-bit - 1983),0.00,0
Pirates of The Barbary Coast (Atari 8-bit - 1986),4.57,7
Global War (Atari 8-bit - 1993),0.00,0
Gnome Ranger (Atari 8-bit - 1987),4.23,13
Defender (Atari 8-bit - 1982),4.19,16
U.S.A.A.F. - United States Army Air Force (Atari 8-bit - 1986),3.67,3
Fooblitzky (Atari 8-bit - 1986),3.00,3
Bannercatch (Atari 8-bit - 1984),4.00,1
Into The Eagle's Nest (Atari 8-bit - 1989),3.94,17
T-34: The Battle (Atari 8-bit - 1994),5.00,1
Dr. Seuss's Fix-Up the Mix-Up Puzzler (Atari 8-bit - 1985),5.00,1
Guard (Atari 8-bit - 1992),0.00,0
Qix (Atari 8-bit - 1983),4.14,21
Abracadabra! (Atari 8-bit - 1983),4.00,1
Biker Dave (Atari 8-bit - 1986),3.00,2
The Price of Magik (Atari 8-bit - 1986),3.00,1
Airstrike (Atari 8-bit - 1982),3.00,1
Kids on Keys (Atari 8-bit - 1983),4.00,2
Arkanoid (Atari 8-bit - 1987),4.46,41
Magic of Words (Atari 8-bit - 1996),0.00,0
Death Sword (Atari 8-bit - 1992),4.68,25
Armor Assault (Atari 8-bit - 1982),4.50,2
Return to Eden (Atari 8-bit - 1984),4.00,3
Lancelot (Atari 8-bit - 1988),4.58,12
Defensor (Atari 8-bit - 1995),0.00,0
Pyramid (Atari 8-bit - 1993),0.00,0
Stationfall (Atari 8-bit - 1987),5.00,3
Survivor (Atari 8-bit - 1982),5.00,1
50 Mission Crush (Atari 8-bit - 1984),3.42,16
Star Wars: Return of the Jedi - Death Star Battle (Atari 8-bit - 1983),0.00,0
Savage Pond (Atari 8-bit - 1983),0.00,0
Cosmic Pirate (Atari 8-bit - 1989),5.00,1
Telengard (Atari 8-bit - 1983),4.57,25
The Crypts of Plumbous (Atari 8-bit - 1982),0.00,0
The Last V8 (Atari 8-bit - 1986),5.00,1
Jumbo Jet Pilot (Atari 8-bit - 1982),4.00,1
Miecze Valdgira II: Władca Gór (Atari 8-bit - 1993),4.00,3
Jaffar (Atari 8-bit - 1993),0.00,0
Kaiser (Atari 8-bit - 1984),5.00,6
Plundered Hearts (Atari 8-bit - 1987),4.91,11
Knight Orc (Atari 8-bit - 1987),4.83,6
The Guild of Thieves (Atari 8-bit - 1987),4.50,10
Axis Assassin (Atari 8-bit - 1983),4.00,2
Alternate Reality: The Dungeon (Atari 8-bit - 1987),5.00,4
Reversi II (Atari 8-bit - 1981),0.00,0
Climber 5 (Atari 8-bit - 1987),0.00,0
MiG Alley Ace (Atari 8-bit - 1983),4.00,1
Mogul Maniac (Atari 8-bit - 1983),0.00,0
Mr. Robot and His Robot Factory (Atari 8-bit - 1983),3.50,2
Alpha Shield (Atari 8-bit - 1983),0.00,0
Ghostbusters (Atari 8-bit - 1985),4.46,16
Labyrinth (Atari 8-bit - 1982),0.00,0
Fraction Fever (Atari 8-bit - 1983),0.00,0
Phantasie (Atari 8-bit - 1987),4.50,36
Battle Ships (Atari 8-bit - 1989),0.00,0
Crusade in Europe (Atari 8-bit - 1985),4.14,21
Master Chess (Atari 8-bit - 1986),5.00,1
Blinkys Scary School (Atari 8-bit - 1990),4.33,3
Dunjonquest: Hellfire Warrior (Atari 8-bit - 1982),5.00,1
Enchanter (Atari 8-bit - 1983),4.20,15
Pastfinder (Atari 8-bit - 1984),3.50,2
Aurum (Atari 8-bit - 1993),0.00,0
Quasimodo (Atari 8-bit - 1983),4.67,3
H.E.R.O. (Atari 8-bit - 1984),4.09,11
Czarny Orzeł (Atari 8-bit - 1995),0.00,0
Protector (Atari 8-bit - 1981),5.00,1
Hi-Res Adventure #2: The Wizard and the Princess (Atari 8-bit - 1980),4.12,24
RealSports Football (Atari 8-bit - 1984),0.00,0
Storm (Atari 8-bit - 1987),5.00,5
Bandits (Atari 8-bit - 1982),5.00,2
Rockman (Atari 8-bit - 1995),0.00,0
Top Secret (Atari 8-bit - 1993),0.00,0
Colossus Chess 4 (Atari 8-bit - 1987),4.50,4
Gettysburg: The Turning Point (Atari 8-bit - 1986),4.85,13
Sea dragon (Atari 8-bit - 1982),4.00,7
Heathcliff: Fun with Spelling (Atari 8-bit - 1984),0.00,0
Kasiarz (Atari 8-bit - 1994),5.00,1
Darkness Hour (Atari 8-bit - 1992),5.00,1
KNOCKOUT (Atari 8-bit - 1982),0.00,0
Raster Blaster (Atari 8-bit - 1982),3.57,7
Up 'n Down (Atari 8-bit - 1984),4.00,5
Kupiec (Atari 8-bit - 1993),5.00,1
Spelunker (Atari 8-bit - 1983),4.50,4
Plastron (Atari 8-bit - 1990),0.00,0
World Karate Championship (Atari 8-bit - 1986),4.54,13
Android (Atari 8-bit - 1991),0.00,0
Championship Lode Runner (Atari 8-bit - 1985),4.33,3
Mountain King (Atari 8-bit - 1983),4.00,1
Sneakers (Atari 8-bit - 1981),0.00,0
Chicken Chase (Atari 8-bit - 1986),4.33,6
Leader Board (Atari 8-bit - 1986),5.00,1
The Seven Cities of Gold (Atari 8-bit - 1984),4.70,20
River Rescue: Racing Against Time (Atari 8-bit - 1983),5.00,2
Popeye (Atari 8-bit - 1983),5.00,6
Broadsides (Atari 8-bit - 1984),5.00,2
Dragon's Keep (Atari 8-bit - 1984),2.00,1
Inside (Atari 8-bit - 1990),5.00,2
Pogo Joe (Atari 8-bit - 1983),4.00,2
Tusker (Atari 8-bit - 1993),0.00,0
Mr. Do!'s Castle (Atari 8-bit - 1984),3.00,1
The Eternal Dagger (Atari 8-bit - 1987),3.75,8
Fire Stone (Atari 8-bit - 1995),5.00,1
Leaderboard Tournament (Atari 8-bit - 1987),0.00,0
Dunjonquest: Morloc's Tower (Atari 8-bit - 1980),5.00,1
The Earth Dies Screaming (Atari 8-bit - 1983),5.00,1
Star Fleet I: The War Begins! (Atari 8-bit - 1986),4.40,25
Wyprawy Kupca (Atari 8-bit - 1993),0.00,0
The Jet Action (Atari 8-bit - 1992),0.00,0
WarGames (Atari 8-bit - 1984),5.00,4
Xenon Raid (Atari 8-bit - 1983),0.00,0
Blackjack (Atari 8-bit - 1980),0.00,0
Diamond Mine (Atari 8-bit - 1985),0.00,0
Speed Zone (Atari 8-bit - 1989),5.00,2
Clowns & Balloons (Atari 8-bit - 1982),0.00,0
Fort Apocalypse (Atari 8-bit - 1982),4.40,5
Artefakt Przodków (Atari 8-bit - 1992),0.00,0
Heartlight (Atari 8-bit - 1991),4.60,10
Energy Czar (Atari 8-bit - 1980),4.20,5
Necromancer (Atari 8-bit - 1982),5.00,1
Space Eggs (Atari 8-bit - 1981),0.00,0
Pro Mountain Bike Simulator (Atari 8-bit - 1989),5.00,1
Salmon Run (Atari 8-bit - 1982),0.00,0
Tanium (Atari 8-bit - 1988),0.00,0
Kult (Atari 8-bit - 1992),0.00,0
Trolls and Tribulations (Atari 8-bit - 1985),4.25,4
Zorro (Atari 8-bit - 1985),4.63,8
Gridrunner (Atari 8-bit - 1983),4.00,5
3-D Tic-Tac-Toe (Atari 8-bit - 1979),3.93,28
Los Angeles SWAT (Atari 8-bit - 1986),0.00,0
Paris in Danger (Atari 8-bit - 1983),5.00,4
Kick Off (Atari 8-bit - 1989),4.33,6
Computer Ambush (Atari 8-bit - 1984),4.25,4
Tawerna (Atari 8-bit - 1993),5.00,1
Caveman (Atari 8-bit - 1993),5.00,1
Lords of Conquest (Atari 8-bit - 1986),4.54,15
Return of the Mutant Camels (Atari 8-bit - 1987),3.00,1
U235 (Atari 8-bit - 1992),0.00,0
Peanut Butter Panic (Atari 8-bit - 1984),0.00,0
Cyborg (Atari 8-bit - 1994),0.00,0
Star Wars (Atari 8-bit - 1984),4.47,36
Ali Baba and the Forty Thieves (Atari 8-bit - 1981),4.67,3
B-1 Nuclear Bomber (Atari 8-bit - 1980),4.43,30
Phantasie II (Atari 8-bit - 1987),5.00,2
Beach-Head II: The Dictator Strikes Back (Atari 8-bit - 1986),4.88,8
Pitfall II: Lost Caverns (Atari 8-bit - 1984),4.57,7
Video Chess (Atari 8-bit - 1979),5.00,2
Keystone Kapers (Atari 8-bit - 1984),5.00,3
Aztec (Atari 8-bit - 1984),4.00,6
Spiky Harold (Atari 8-bit - 1986),5.00,1
Zork II: The Wizard of Frobozz (Atari 8-bit - 1982),4.43,21
Trivial Pursuit (Atari 8-bit - 1987),4.13,8
Frank & Mark (Atari 8-bit - 1993),0.00,0
Puzmania (Atari 8-bit - 1995),5.00,1
Stellar Shuttle (Atari 8-bit - 1982),0.00,0
Springer (Atari 8-bit - 1983),0.00,0
Mercenary: Escape from Targ - The Second City (Atari 8-bit - 1986),5.00,2
Sky Writer (Atari 8-bit - 1983),0.00,0
Dark Chambers (Atari 8-bit - 1989),5.00,1
Beneath Apple Manor (Atari 8-bit - 1983),3.81,16
The Battle of Chickamauga (Atari 8-bit - 1985),0.00,0
Dropzone (Atari 8-bit - 1984),4.50,4
Web Master (Atari 8-bit - 1983),0.00,0
Archon: The Light and the Dark (Atari 8-bit - 1983),4.54,41
Death Race (Atari 8-bit - 1987),4.00,2
Starball (Atari 8-bit - 1995),0.00,0
Joust (Atari 8-bit - 1984),4.33,12
Squish 'Em (Atari 8-bit - 1983),4.00,3
Gunslinger (Atari 8-bit - 1987),5.00,1
Vegas Jackpot (Atari 8-bit - 1986),4.00,4
Las Vegas Casino (Atari 8-bit - 1989),0.00,0
Denis Through the Drinking Glass (Atari 8-bit - 1984),0.00,0
Zardon (Atari 8-bit - 1982),0.00,0
Blue Max (Atari 8-bit - 1983),4.44,9
Crystal Raider (Atari 8-bit - 1986),5.00,1
Alien Garden (Atari 8-bit - 1982),0.00,0
Frogger II: ThreeeDeep! (Atari 8-bit - 1984),5.00,7
The Great American Cross-Country Road Race (Atari 8-bit - 1985),4.88,8
Aquatron (Atari 8-bit - 1983),0.00,0
Whoops! 2 (Atari 8-bit - 1993),0.00,0
The Activision Decathlon (Atari 8-bit - 1984),4.67,3
Gossip (Atari 8-bit - 1983),0.00,0
Track Attack! (Atari 8-bit - 1982),0.00,0
"Operation Market Garden: Drive on Arnhem, September 1944 (Atari 8-bit - 1985)",4.80,5
Spare Change (Atari 8-bit - 1983),0.00,0
Tanks (Atari 8-bit - 1992),5.00,1
Bomber Attack (Atari 8-bit - 1982),4.00,1
Jet-Boot Jack (Atari 8-bit - 1983),4.00,1
The Adventures of Robin Hood (Atari 8-bit - 1984),0.00,0
Trix (Atari 8-bit - 1992),5.00,1
Donkey Kong (Atari 8-bit - 1983),4.37,140
Fantastic Soccer (Atari 8-bit - 1989),0.00,0
Miner 2049er (Atari 8-bit - 1982),4.15,13
Conflict in Vietnam (Atari 8-bit - 1986),4.32,22
Thrust (Atari 8-bit - 1986),4.00,4
Molecule Man (Atari 8-bit - 1986),0.00,0
Congo Bongo (Atari 8-bit - 1983),4.21,14
Jet Set Willy (Atari 8-bit - 1986),4.50,2
Touchdown Football (Atari 8-bit - 1986),0.00,0
Golden Gloves (Atari 8-bit - 1982),0.00,0
Flight Simulator II (Atari 8-bit - 1984),4.44,9
Solo Flight (Atari 8-bit - 1983),4.68,10
Fighter Pilot (Atari 8-bit - 1983),0.00,0
Fred (Atari 8-bit - 1991),5.00,1
PQ: The Party Quiz Game (Atari 8-bit - 1984),0.00,0
Technoid (Atari 8-bit - 1995),0.00,0
Pitstop (Atari 8-bit - 1983),4.50,4
Matchboxes (Atari 8-bit - 1983),0.00,0
Speed King (Atari 8-bit - 1986),5.00,2
Wizard of Id's WizType (Atari 8-bit - 1984),3.00,2
Brian Clough's Football Fortunes (Atari 8-bit - 1987),4.50,2
Tapper (Atari 8-bit - 1984),4.44,27
On Cue (Atari 8-bit - 1987),2.00,1
Sinistar (Atari 8-bit - 2010),0.00,0
Turmoil (Atari 8-bit - 1982),3.50,2
Scott Adams' Graphic Adventure #4: Voodoo Castle (Atari 8-bit - 1983),4.00,3
Megamania (Atari 8-bit - 1984),5.00,2
Lode Runner's Rescue (Atari 8-bit - 1985),5.00,1
Pong (Atari 8-bit - 1992),5.00,1
Pięć Gówien Eepcha (Atari 8-bit - 1991),0.00,0
The Goonies (Atari 8-bit - 1985),5.00,3
Gato (Atari 8-bit - 1987),4.40,30
Hi-Res Adventure #6: The Dark Crystal (Atari 8-bit - 1983),5.00,4
The Citadel (Atari 8-bit - 1991),0.00,0
Advance of the Megacamel (Atari 8-bit - 1984),4.00,3
Bang! Bank! (Atari 8-bit - 1992),5.00,2
C'est La Vie (Atari 8-bit - 1983),0.00,0
Rogue (Atari 8-bit - 1988),4.56,72
Richard Petty's Talladega (Atari 8-bit - 1984),5.00,6
Porky's (Atari 8-bit - 1983),0.00,0
Trailblazer (Atari 8-bit - 1986),2.00,1
The Count (Atari 8-bit - 1981),5.00,1
Lords of Time (Atari 8-bit - 1983),5.00,1
Night Mission Pinball (Atari 8-bit - 1982),4.13,15
Shanghai (Atari 8-bit - 1988),4.33,12
Quest for Quintana Roo (Atari 8-bit - 1985),5.00,1
Tube Baddies (Atari 8-bit - 1995),0.00,0
Excalibur (Atari 8-bit - 1983),0.00,0
Blue Max 2001 (Atari 8-bit - 1984),2.00,1
Apple Panic (Atari 8-bit - 1982),4.55,11
Cosmic Tunnels (Atari 8-bit - 1983),4.00,2
Pitfall! (Atari 8-bit - 1984),4.45,20
Racing Destruction Set (Atari 8-bit - 1986),4.60,5
Thunderfox (Atari 8-bit - 1987),0.00,0
Kangaroo (Atari 8-bit - 1982),5.00,2
Hi-Res Adventure #0: Mission Asteroid (Atari 8-bit - 1980),3.67,6
Pooyan (Atari 8-bit - 1983),4.33,6
Circus (Atari 8-bit - 1983),5.00,1
Flip and Flop (Atari 8-bit - 1983),4.67,3
Zbir (Atari 8-bit - 1993),0.00,0
Jumping Jack (Atari 8-bit - 1993),0.00,0
Kaiv (Atari 8-bit - 1983),2.00,2
Pole Position (Atari 8-bit - 1983),4.52,23
Legionnaire (Atari 8-bit - 1982),4.33,6
Crypts of Terror (Atari 8-bit - 1981),0.00,0
Brain Strainers (Atari 8-bit - 1983),4.50,2
Final Legacy (Atari 8-bit - 1987),4.00,2
Nuclear Adventure or the North Base (Atari 8-bit - 1990),0.00,0
Dark Abyss (Atari 8-bit - 1993),0.00,0
Mindshadow (Atari 8-bit - 1985),4.46,13
Airball (Atari 8-bit - 1988),4.11,18
Timeslip (Atari 8-bit - 1986),5.00,2
Winter Challenge: World Class Competition (Atari 8-bit - 1988),4.45,9
World Soccer (Atari 8-bit - 1990),0.00,0
Cops n' Robbers (Atari 8-bit - 1988),5.00,2
Suspended (Atari 8-bit - 1983),4.86,7
Rally Speedway (Atari 8-bit - 1983),4.00,2
Guderian (Atari 8-bit - 1987),5.00,1
Excelsor (Atari 8-bit - 1986),0.00,0
Exodus: Ultima III (Atari 8-bit - 1983),4.43,40
Technus (Atari 8-bit - 1993),5.00,1
ABC (Atari 8-bit - 1995),5.00,1
Moonmist (Atari 8-bit - 1986),4.37,8
Saper (Atari 8-bit - 1991),5.00,1
Scott Adams' Graphic Adventure #3: Secret Mission (Atari 8-bit - 1982),0.00,0
Saper Konstruktor (Atari 8-bit - 1992),0.00,0
Kennedy Approach (Atari 8-bit - 1985),4.64,11
Controller (Atari 8-bit - 1982),4.00,2
Draw Poker (Atari 8-bit - 1982),4.00,1
Babel (Atari 8-bit - 1982),0.00,0
Colossus Chess 3.0 (Atari 8-bit - 1984),4.00,1
Panzer Grenadier (Atari 8-bit - 1985),3.00,1
Super Boulder Dash (Atari 8-bit - 1986),3.75,8
Planetfall (Atari 8-bit - 1983),4.41,17
Syn Boga Wiatru (Atari 8-bit - 1993),0.00,0
Millionaire: The Stock Market Simulation (Atari 8-bit - 1982),3.80,5
Alien Ambush (Atari 8-bit - 1982),5.00,1
Bertyx (Atari 8-bit - 1992),0.00,0
Incydent (Atari 8-bit - 1993),0.00,0
Qb (Atari 8-bit - 1984),4.00,1
Rescue on Fractalus! (Atari 8-bit - 1985),4.20,10
The Stone of Sisyphus (Atari 8-bit - 1981),2.00,3
Caverns of Khafka (Atari 8-bit - 1983),4.33,3
Time Runner (Atari 8-bit - 1982),5.00,1
Dung Beetles (Atari 8-bit - 1982),0.00,0
Snokie (Atari 8-bit - 1984),4.00,1
Crisis Mountain (Atari 8-bit - 1983),5.00,1
Encounter! (Atari 8-bit - 1983),5.00,2
Round About (Atari 8-bit - 1983),0.00,0
FaceMaker (Atari 8-bit - 1983),3.00,2
Piece of Cake (Atari 8-bit - 1983),5.00,3
Pang (Atari 8-bit - 1993),5.00,1
Steve Davis Snooker (Atari 8-bit - 1985),0.00,0
Gyruss (Atari 8-bit - 1984),4.83,6
Najeźdźcy z Kosmosu (Atari 8-bit - 1985),0.00,0
Miss Mind II: Ania (Atari 8-bit - 1990),5.00,2
Turbican (Atari 8-bit - 1993),0.00,0
Fortress Underground (Atari 8-bit - 1987),3.50,2
Ace of Aces (Atari 8-bit - 1987),4.39,19
Ortografia (Atari 8-bit - 1991),3.00,1
Spellbound (Atari 8-bit - 1986),5.00,1
Miecze Valdgira (Atari 8-bit - 1991),0.00,0
Up Up and Away (Atari 8-bit - 1983),5.00,1
Super Cobra (Atari 8-bit - 1983),4.67,3
Sorcerer (Atari 8-bit - 1984),4.40,10
Battle for Normandy (Atari 8-bit - 1982),4.29,7
Raszyn 1809 (Atari 8-bit - 1992),0.00,0
Sea Horse Hide'n Seek (Atari 8-bit - 1984),0.00,0
Around the Planet (Atari 8-bit - 1994),5.00,2
Hellcat Ace (Atari 8-bit - 1982),3.80,10
Planet Attack (Atari 8-bit - 1987),4.00,1
Spy vs. Spy: The Island Caper (Atari 8-bit - 1986),4.67,15
Rebound (Atari 8-bit - 1987),0.00,0
Gallahad (Atari 8-bit - 1992),5.00,1
Wizard's Crown (Atari 8-bit - 1986),4.78,23
Barge (Atari 8-bit - 1983),0.00,0
Eastern Front (1941) (Atari 8-bit - 1981),4.33,6
Planet Miners (Atari 8-bit - 1981),4.25,4
Zork III: The Dungeon Master (Atari 8-bit - 1982),4.21,14
MicroLeague Baseball (Atari 8-bit - 1984),4.19,33
Mystery Fun House (Atari 8-bit - 1981),5.00,1
Johny's Trouble (Atari 8-bit - 1992),0.00,0
Ketchup (Atari 8-bit - 1996),0.00,0
Avalanche (Atari 8-bit - 1980),5.00,1
BC's Quest for Tires (Atari 8-bit - 1983),4.63,16
Transylvania (Atari 8-bit - 1984),3.91,25
Centipede (Atari 8-bit - 1982),5.00,6
Kaboom! (Atari 8-bit - 1983),0.00,0
Master Head (Atari 8-bit - 1992),0.00,0
Jupiter Mission 1999 (Atari 8-bit - 1984),4.00,1
Solar Star (Atari 8-bit - 1986),0.00,0
Food Fight (Atari 8-bit - 1989),3.50,4
Crack-Up (Atari 8-bit - 1989),4.50,2
Floyd of the Jungle (Version II) (Atari 8-bit - 1983),0.00,0
Spy vs Spy (Atari 8-bit - 1984),4.48,29
Summer Games (Atari 8-bit - 1984),4.43,7
Track & Field (Atari 8-bit - 1984),3.80,5
In Search of The Most Amazing Thing (Atari 8-bit - 1983),4.00,9
Najemnik: Powrót (Atari 8-bit - 1993),0.00,0
NATO Commander (Atari 8-bit - 1983),4.78,9
Computer Stocks & Bonds (Atari 8-bit - 1982),4.33,9
Jinxter (Atari 8-bit - 1988),4.80,5
Lunar Leeper (Atari 8-bit - 1983),4.00,1
Crossbow (Atari 8-bit - 1989),4.38,8
Millipede (Atari 8-bit - 1984),1.00,1
Marauder (Atari 8-bit - 1982),0.00,0
Murder on The Zinderneuf (Atari 8-bit - 1983),4.08,13
David's Midnight Magic (Atari 8-bit - 1982),5.00,5
Operation Whirlwind (Atari 8-bit - 1983),4.00,1
Periscope Up (Atari 8-bit - 1988),0.00,0
Transmuter (Atari 8-bit - 1987),5.00,1
Shamus: Case II (Atari 8-bit - 1983),4.00,2
Spellicopter (Atari 8-bit - 1983),1.00,1
Hydraulik (Atari 8-bit - 1993),0.00,0
Monkey Magic (Atari 8-bit - 1987),5.00,1
Ninja Master (Atari 8-bit - 1986),3.00,2
Fire Power (Atari 8-bit - 1993),0.00,0
Rome and the Barbarians (Atari 8-bit - 1984),5.00,4
Bounty Bob Strikes Back! (Atari 8-bit - 1985),5.00,1
Druid (Atari 8-bit - 1987),5.00,4
Boulder Dash II: Rockford's Revenge (Atari 8-bit - 1985),4.60,5
Jocky Wilson's Compendium of Darts (Atari 8-bit - 1991),2.00,1
Alphabet Zoo (Atari 8-bit - 1983),3.00,2
Helix (Atari 8-bit - 1992),0.00,0
Empire of the Over-Mind (Atari 8-bit - 1981),5.00,1
Tech (Atari 8-bit - 2002),0.00,0
Chancellor Of The Exchequer (Atari 8-bit - 1983),4.00,1
Strange Odyssey (Atari 8-bit - 1981),5.00,2
Asteroids (Atari 8-bit - 1981),3.00,2
Pirate Adventure (Atari 8-bit - 1981),5.00,1
Aliants: The Desperate Battle For Earth! (Atari 8-bit - 1987),3.83,6
One-on-One (Atari 8-bit - 1984),4.33,15
Wishbringer (Atari 8-bit - 1985),4.83,12
Dratewka the Shoemaker (Atari 8-bit - 2008),0.00,0
Beyond Castle Wolfenstein (Atari 8-bit - 1984),4.39,44
Scott Adams' Graphic Adventure #1: Adventureland (Atari 8-bit - 1983),4.00,3
The Battle of Shiloh (Atari 8-bit - 1981),0.00,0
The Hitchhiker's Guide to the Galaxy (Atari 8-bit - 1984),4.38,107
Fireball 1k (Atari 8-bit - 2008),0.00,0
Diamond Mine (Atari 8-bit - 1983),5.00,1
The Sands of Egypt (Atari 8-bit - 1982),4.00,1
Fuzzy (Atari 8-bit - 1985),0.00,0
Jumpman (Atari 8-bit - 1983),4.50,24
Mouskattack (Atari 8-bit - 1982),0.00,0
Atomia (Atari 8-bit - 1993),0.00,0
Topper (Atari 8-bit - 1983),0.00,0
Droga Wojownika (Atari 8-bit - 1993),0.00,0
Juice! (Atari 8-bit - 1983),5.00,1
Pensate (Atari 8-bit - 1984),3.00,1
Suspect (Atari 8-bit - 1984),4.86,7
Centurion (Atari 8-bit - 1995),3.00,2
Ninja Commando (Atari 8-bit - 1989),5.00,1
Silicon Warrior (Atari 8-bit - 1983),5.00,1
Blue Thunder (Atari 8-bit - 1984),4.00,3
Demon Attack (Atari 8-bit - 1983),5.00,2
Crash Dive! (Atari 8-bit - 1984),3.00,1
Caterpiggle (Atari 8-bit - 1982),0.00,0
Sesame Street: Letter-Go-Round (Atari 8-bit - 1984),4.92,12
Yogi Bear & Friends in the Greed Monster: A Treasure Hunt (Atari 8-bit - 1990),3.50,6
Zumbaja (Atari 8-bit - 1993),0.00,0
Troll's Tale (Atari 8-bit - 1984),4.30,10
Checker King (Atari 8-bit - 1980),5.00,1
Mr. Cool (Atari 8-bit - 1983),0.00,0
Story Machine (Atari 8-bit - 1982),5.00,1
Spellbreaker (Atari 8-bit - 1985),4.36,11
Dig Dug (Atari 8-bit - 1983),4.43,67
Football Manager (Atari 8-bit - 1985),4.05,19
Raid Over Moscow (Atari 8-bit - 1986),4.62,13
Baja Buggies (Atari 8-bit - 1982),0.00,0
Gun Law (Atari 8-bit - 1986),0.00,0
Milk Race (Atari 8-bit - 1987),3.67,3
Star Raiders II (Atari 8-bit - 1987),5.00,2
Coco Notes (Atari 8-bit - 1984),0.00,0
Shuttle Simulator (Atari 8-bit - 1983),4.00,5
Space War (Atari 8-bit - 1983),0.00,0
Super Zaxxon (Atari 8-bit - 1984),4.33,15
Spy's Demise (Atari 8-bit - 1983),5.00,1
Imperium Galactum (Atari 8-bit - 1984),4.14,7
Hard Hat Mack (Atari 8-bit - 1983),4.81,21
Dunjonquest: Temple of Apshai (Atari 8-bit - 1980),3.75,8
Matta Blatta (Atari 8-bit - 1988),0.00,0
RealSports Tennis (Atari 8-bit - 1983),0.00,0
Genesis (Atari 8-bit - 1984),0.00,0
Acey-Deucey (Atari 8-bit - 1982),0.00,0
Super Breakout (Atari 8-bit - 1979),4.40,5
Inspektor (Atari 8-bit - 1993),0.00,0
Dagobar (Atari 8-bit - 1993),0.00,0
Dragon's Eye (Atari 8-bit - 1981),5.00,2
Polar Pierre (Atari 8-bit - 1984),5.00,1
T.G.I.F. (Atari 8-bit - 1983),4.00,2
Andromeda Conquest (Atari 8-bit - 1982),4.00,13
The Return of Heracles (Atari 8-bit - 1984),5.00,2
Ultima (Atari 8-bit - 1983),4.75,4
Air Rescue I (Atari 8-bit - 1984),0.00,0
Whistler's Brother (Atari 8-bit - 1984),4.00,2
Action Quest (Atari 8-bit - 1982),5.00,2
Pengo (Atari 8-bit - 1984),5.00,3
Cyborg (Atari 8-bit - 1982),4.50,4
Invasion (Atari 8-bit - 1987),4.50,2
The Secret Diary of Adrian Mole Aged 13¾ (Atari 8-bit - 1985),5.00,2
Threshold (Atari 8-bit - 1981),5.00,1
Panther (Atari 8-bit - 1987),5.00,1
