Title,Average Rating,Number of Ratings
Afrika Korps (Atari ST - 1991),4.00,2
Fighting Soccer (Atari ST - 1989),0.00,0
"Garfield: Big, Fat, Hairy Deal (Atari ST - 1988)",4.44,9
Mr Dice (Atari ST - 1991),5.00,1
Bermuda Project (Atari ST - 1988),5.00,1
Robinson's Requiem (Atari ST - 1994),4.54,29
Temple of Apshai Trilogy (Atari ST - 1986),4.00,14
Colossus Chess X (Atari ST - 1988),5.00,3
Sky Shark (Atari ST - 1988),4.60,5
Pit-Fighter (Atari ST - 1991),3.87,23
Sky High Stuntman (Atari ST - 1991),5.00,1
Hostile Reception (Atari ST - 1990),0.00,0
The Real Ghostbusters (Atari ST - 1988),4.86,7
Footballer of the Year 2 (Atari ST - 1989),3.75,4
Mortville Manor (Atari ST - 1987),4.25,12
The Munsters (Atari ST - 1989),3.75,4
Exterminator (Atari ST - 1990),4.00,5
Insects in Space (Atari ST - 1991),2.50,2
Rockfall (Atari ST - 1992),0.00,0
Speed Buggy (Atari ST - 1988),4.50,10
Super Ski II (Atari ST - 1992),4.00,3
Psycho (Atari ST - 1989),3.56,9
Overlander (Atari ST - 1988),4.00,6
Gilbert: Escape from Drill (Atari ST - 1989),0.00,0
Huckleberry Hound in Hollywood Capers (Atari ST - 1993),3.00,2
The Light Corridor (Atari ST - 1990),4.67,6
Matrix Marauders (Atari ST - 1990),5.00,1
Graeme Souness Soccer Manager (Atari ST - 1992),4.75,4
Final Fight (Atari ST - 1991),4.46,13
The Charge of The Light Brigade (Atari ST - 1991),4.57,7
La Corona Mágica (Atari ST - 1990),4.00,2
The Universal Military Simulator: Vietnam - Scenario Disk Two (Atari ST - 1988),5.00,1
Napoleon I: The Campaigns 1805-1814 (Atari ST - 1991),4.00,2
Guy Spy and the Crystals of Armageddon (Atari ST - 1993),4.00,5
Disciples of Steel (Atari ST - 1991),4.65,17
Powermonger (Atari ST - 1990),4.55,29
Prophecy: Viking Child (Atari ST - 1990),4.83,6
Escape from the Planet of the Robot Monsters (Atari ST - 1990),4.15,20
PaperBoy (Atari ST - 1989),4.37,27
Wizball (Atari ST - 1988),4.12,24
Walls of Illusion (Atari ST - 1993),0.00,0
Roadwars (Atari ST - 1987),3.00,2
Blockbuster (Atari ST - 1987),4.67,6
Championship Wrestling (Atari ST - 1986),5.00,2
Clogged Up (Atari ST - 2004),0.00,0
Asterix: Operation Getafix (Atari ST - 1989),4.44,16
Zyklop (Atari ST - 1990),5.00,1
Battle Command (Atari ST - 1990),4.45,11
F-19 Stealth Fighter (Atari ST - 1990),4.44,152
Time Machine (Atari ST - 1990),3.67,3
Rogue Trooper (Atari ST - 1991),2.00,1
Super Cars (Atari ST - 1990),5.00,2
10th Frame (Atari ST - 1987),4.27,37
Zork: The Great Underground Empire (Atari ST - 1985),4.28,188
Downhill Challenge (Atari ST - 1988),3.63,8
Championship Manager (Atari ST - 1992),4.43,23
Spacewrecked: 14 Billion Light Years From Earth (Atari ST - 1990),4.23,13
Xevious (Atari ST - 1987),4.78,9
Laser Squad (Atari ST - 1989),4.73,48
Esprit (Atari ST - 1989),5.00,1
Ian Fleming's James Bond 007 in Live and Let Die: The Computer Game (Atari ST - 1988),5.00,7
The Mystic Well (Atari ST - 1990),0.00,0
Scapeghost (Atari ST - 1989),4.64,11
Fernandez Must Die (Atari ST - 1988),5.00,2
Mission Elevator (Atari ST - 1987),4.40,5
Xiphos (Atari ST - 1990),5.00,3
Zak McKracken and the Alien Mindbenders (Atari ST - 1989),3.53,36
Kick Off: Extra Time (Atari ST - 1989),4.00,2
Wild Wheels (Atari ST - 1991),4.00,9
Radio Controlled Racer (Atari ST - 1991),5.00,1
Die Hard 2: Die Harder (Atari ST - 1992),3.20,10
Addicta Ball (Atari ST - 1987),5.00,2
Fanwor: The Legend of Gemda (Atari ST - 1999),0.00,0
Interphase (Atari ST - 1989),4.83,6
Big Business (Atari ST - 1991),4.39,31
Mindshadow (Atari ST - 1986),4.46,13
Wargame Construction Set (Atari ST - 1988),4.33,9
Jumping Ghost (Atari ST - 1992),0.00,0
Barbarian (Atari ST - 1987),4.65,20
Prehistorik (Atari ST - 1991),4.72,80
Roll 'N Nudge (Atari ST - 1990),5.00,1
Bubble Dizzy (Atari ST - 1992),5.00,5
Bolo Werkstatt (Atari ST - 1988),0.00,0
Air Support (Atari ST - 1993),5.00,3
Utopia: The Creation of a Nation (Atari ST - 1991),4.17,18
Buffalo Bill's Wild West Show (Atari ST - 1989),4.14,7
Black Gold (Atari ST - 1989),4.46,33
Xenophobe (Atari ST - 1989),4.20,5
Albedo (Atari ST - 1988),5.00,1
The Koshan Conspiracy (Atari ST - 1993),4.52,23
Toki: Going Ape Spit (Atari ST - 1991),4.39,18
Vaxine (Atari ST - 1990),5.00,1
Creatures (Atari ST - 1993),4.38,13
Le Labyrinthe d'Errare (Atari ST - 1989),0.00,0
StarFlight (Atari ST - 1990),4.65,51
Conquests of Camelot: The Search for the Grail (Atari ST - 1990),4.50,48
Terry's Big Adventure (Atari ST - 1989),3.80,5
Crystal Castles (Atari ST - 1986),4.75,8
Into The Eagle's Nest (Atari ST - 1987),4.00,18
Vixen (Atari ST - 1988),4.43,7
Wonderland (Atari ST - 1991),4.00,12
"""Get Dexter!"" (Atari ST - 1987)",4.12,115
Bank Buster (Atari ST - 1988),5.00,2
Netherworld (Atari ST - 1988),4.65,17
Llamatron: 2112 (Atari ST - 1991),4.69,13
Joust (Atari ST - 1986),4.33,12
Seconds Out (Atari ST - 1988),0.00,0
Space 1889 (Atari ST - 1990),4.47,15
Battlehawks 1942 (Atari ST - 1989),4.38,16
Fiendish Freddy's Big Top O' Fun (Atari ST - 1989),4.67,9
Top Banana (Atari ST - 1992),2.00,7
Wrath of The Demon (Atari ST - 1991),4.84,25
Switchblade II (Atari ST - 1991),4.40,5
Time Runner (Atari ST - 1989),5.00,1
Nicky Boom (Atari ST - 1992),4.14,7
Bionic Commando (Atari ST - 1988),4.12,16
Mudpies (Atari ST - 1985),0.00,0
Bomb Disposal (Atari ST - 1992),4.00,1
Jaws (Atari ST - 1989),2.67,3
Dizzy Lizzy (Atari ST - 1990),5.00,1
Grand Prix 500 2 (Atari ST - 1991),4.67,3
Chrono Quest (Atari ST - 1988),3.67,3
Super Break-Out (Atari ST - 1989),5.00,1
Deathbringer (Atari ST - 1991),4.09,11
Puzznic (Atari ST - 1990),4.59,12
Full Metal Planet (Atari ST - 1990),4.73,11
Aliants: The Desperate Battle For Earth! (Atari ST - 1987),3.83,6
Beast Busters (Atari ST - 1991),5.00,1
Super Hang-On (Atari ST - 1988),4.80,20
Kyros (Atari ST - 1988),0.00,0
"Baby Jo in: ""Going Home"" (Atari ST - 1991)",4.16,19
Strike Force Harrier (Atari ST - 1988),4.50,8
International Sensible Soccer (Atari ST - 1994),4.40,15
Leatherneck (Atari ST - 1988),4.50,2
Rings of Zilfin (Atari ST - 1987),4.00,8
Slayer (Atari ST - 1989),3.00,1
Le labyrinthe d'Orthophus (Atari ST - 1989),4.00,1
Black Tiger (Atari ST - 1990),4.50,14
Breach 2 (Atari ST - 1990),4.78,9
Asgard (Atari ST - 1989),5.00,1
Megamix 2: Brainstorm (Atari ST - 1991),0.00,0
Unreal (Atari ST - 1991),4.20,5
Lombard RAC Rally (Atari ST - 1988),4.35,20
Deflektor (Atari ST - 1988),5.00,1
The Ultimate Ride (Atari ST - 1990),4.33,3
Where Time Stood Still (Atari ST - 1988),4.29,7
Archipelagos (Atari ST - 1989),5.00,5
Warriors of Releyne (Atari ST - 1992),4.00,2
Ghost Battle (Atari ST - 1991),4.00,2
King's Quest IV: The Perils of Rosella (Atari ST - 1990),4.18,81
Elvira II: The Jaws of Cerberus (Atari ST - 1992),4.34,45
Pool (Atari ST - 1987),3.67,3
Kaiser (Atari ST - 1988),5.00,1
Simulcra (Atari ST - 1990),3.67,3
Sub Hunt (Atari ST - 1989),0.00,0
Emlyn Hughes International Soccer (Atari ST - 1990),5.00,6
Crazy Shot (Atari ST - 1989),4.63,8
Rod-land (Atari ST - 1991),4.25,8
Last Ninja 2: Back With a Vengeance (Atari ST - 1990),4.46,28
Ballistix (Atari ST - 1989),4.50,10
Sarakon (Atari ST - 1990),4.80,5
Tip Off (Atari ST - 1992),1.00,1
The Final Battle (Atari ST - 1990),4.30,10
Air Bucks (Atari ST - 1992),4.32,41
Zombie Apocalypse (Atari ST - 2003),2.67,3
Star Fleet I: The War Begins! (Atari ST - 1986),4.45,27
Horror Zombies from The Crypt (Atari ST - 1990),3.89,9
Apprentice (Atari ST - 1990),4.71,7
The Great Giana Sisters (Atari ST - 1988),4.52,27
Tintin on the Moon (Atari ST - 1989),3.50,10
Nicky 2 (Atari ST - 1993),5.00,3
International Sports Challenge (Atari ST - 1992),3.25,4
Great Napoleonic Battles (Atari ST - 1991),3.71,7
Star Wars (Atari ST - 1987),4.50,38
Typhoon Thompson in Search for the Sea Child (Atari ST - 1988),4.00,3
Indiana Jones and The Last Crusade: The Action Game (Atari ST - 1989),4.15,27
Risky Woods (Atari ST - 1992),4.63,19
Fugger (Atari ST - 1988),4.60,5
The New Zealand Story (Atari ST - 1989),4.43,30
Voodoo Girl: Queen of the Darned (Atari ST - 2002),4.43,7
Match of the Day (Atari ST - 1992),2.82,11
Backlash (Atari ST - 1987),3.00,1
Cybernoid: The Fighting Machine (Atari ST - 1988),4.83,6
Subbuteo (Atari ST - 1990),3.75,8
Nord and Bert Couldn't Make Head or Tail of It (Atari ST - 1987),4.69,16
Asterix and the Magic Carpet (Atari ST - 1987),4.14,7
Universe 3 (Atari ST - 1990),4.19,21
Plan 9 from Outer Space (Atari ST - 1992),4.20,10
Death Sword (Atari ST - 1987),4.69,26
By Fair Means or Foul (Atari ST - 1990),3.75,4
A Prehistoric Tale (Atari ST - 1990),4.33,3
The Quest for the Time-bird (Atari ST - 1989),4.58,12
NARC (Atari ST - 1990),4.29,7
T-Bird (Atari ST - 1989),1.00,2
Rana Rama (Atari ST - 1987),4.67,3
Skateball (Atari ST - 1989),0.00,0
Bargon Attack (Atari ST - 1992),4.09,22
Yogi's Great Escape (Atari ST - 1990),3.60,5
Slime Nemesis (Atari ST - 1991),0.00,0
Times of Lore (Atari ST - 1988),4.21,14
Blasteroids (Atari ST - 1989),5.00,3
Street Fighter (Atari ST - 1988),3.97,31
Rotor (Atari ST - 1990),4.20,5
Trivial Pursuit (Atari ST - 1988),4.22,9
Thunderhawk (Atari ST - 1991),4.85,13
Push-Over (Atari ST - 1992),4.75,41
Day of the Viper (Atari ST - 1989),4.75,4
The Kristal (Atari ST - 1989),4.21,14
Big Run (Atari ST - 1992),4.50,4
Substation (Atari ST - 1995),0.00,0
Rocket Ranger (Atari ST - 1989),4.52,40
Incredible Shrinking Sphere (Atari ST - 1989),4.00,1
Mighty Bombjack (Atari ST - 1990),4.66,18
Super Cars II (Atari ST - 1991),4.32,19
Silent Service II (Atari ST - 1991),4.29,72
Indiana Jones and The Temple of Doom (Atari ST - 1988),4.00,20
The Hound of Shadow (Atari ST - 1989),4.43,14
Black Hornet (Atari ST - 1991),4.00,2
King's Quest II: Romancing the Throne (Atari ST - 1985),4.53,38
Purple Saturn Day (Atari ST - 1989),4.00,6
Shinobi (Atari ST - 1989),3.83,41
Days of Thunder (Atari ST - 1990),4.00,9
Taito's Super Space Invaders (Atari ST - 1991),4.47,19
Deja Vu: A Nightmare Comes True!! (Atari ST - 1987),4.96,55
The Punisher (Atari ST - 1990),4.60,20
International 3D Tennis (Atari ST - 1990),4.80,5
Eco (Atari ST - 1987),4.50,4
Ninja (Atari ST - 1987),4.61,13
SuperFly (Atari ST - 2002),0.00,0
Wizard's Crown (Atari ST - 1987),4.71,31
Dark Castle (Atari ST - 1987),4.66,41
Skidz (Atari ST - 1990),2.33,3
R.B.I. Baseball 2 (Atari ST - 1991),3.73,11
Vroom (Atari ST - 1991),5.00,10
Mad Show (Atari ST - 1988),4.75,8
Berlin 1948 (Atari ST - 1989),3.88,8
Chiki Chiki Boys (Atari ST - 1991),4.86,7
The Adventures of Maddog Williams in the Dungeons of Duridian (Atari ST - 1991),4.10,10
Dark Century (Atari ST - 1990),4.00,4
Elvira (Atari ST - 1991),4.59,53
Gobliiins (Atari ST - 1992),4.36,66
Annals of Rome (Atari ST - 1987),4.67,15
The Black Cauldron (Atari ST - 1986),4.62,29
Colonial Conquest (Atari ST - 1987),4.92,12
Let's Go Memo! (Atari ST - 1997),4.00,1
Silent Service (Atari ST - 1986),4.65,40
In 80 Days Around the World (Atari ST - 1987),5.00,3
Vegas Gambler (Atari ST - 1987),2.50,4
Potsworth & Co. (Atari ST - 1992),5.00,1
Impossamole (Atari ST - 1990),4.00,2
UMS II: Nations at War (Atari ST - 1990),4.00,6
Ghouls 'N Ghosts (Atari ST - 1989),4.68,22
Action Fighter (Atari ST - 1989),4.45,11
Football Director II (Atari ST - 1988),4.14,7
Platoon (Atari ST - 1988),4.50,18
Lethal Weapon (Atari ST - 1992),4.43,7
Predator 2 (Atari ST - 1991),4.90,10
Powerplay: The Game of the Gods (Atari ST - 1987),4.56,9
Ishar: Legend of the Fortress (Atari ST - 1992),4.50,8
The Guild of Thieves (Atari ST - 1987),4.58,12
Championship Water-Skiing (Atari ST - 1987),5.00,1
Hunter (Atari ST - 1991),4.70,10
Round the Bend! (Atari ST - 1991),1.00,1
James Pond 2: Codename: RoboCod (Atari ST - 1991),4.71,36
Oh No! More Lemmings (Atari ST - 1992),4.67,27
Jack Nicklaus' Greatest 18 Holes of Major Championship Golf (Atari ST - 1989),4.25,12
Bumpy's Arcade Fantasy (Atari ST - 1992),4.43,82
Sharks (Atari ST - 1991),0.00,0
Touring Car Racer (Atari ST - 1991),5.00,1
Time Soldiers (Atari ST - 1989),3.67,3
Air Supply (Atari ST - 1990),4.75,4
Alternate Reality: The City (Atari ST - 1986),4.61,23
Extensor (Atari ST - 1986),0.00,0
Swap (Atari ST - 1993),0.00,0
Black Lamp (Atari ST - 1988),4.29,7
Chambers of Shaolin (Atari ST - 1989),4.00,4
World Circuit (Atari ST - 1991),4.58,65
Violator (Atari ST - 1991),2.00,1
Double Juggle Vegetabobble (Atari ST - 2002),0.00,0
Smash Hit (Atari ST - 1992),0.00,0
Ghostbusters II (Atari ST - 1989),5.00,4
Iznogoud (Atari ST - 1987),2.33,3
Allan Border's Cricket (Atari ST - 1993),4.27,55
International Championship Athletics (Atari ST - 1991),0.00,0
Fire and Brimstone (Atari ST - 1990),5.00,2
1943: The Battle of Midway (Atari ST - 1988),4.41,32
Tonic Tile (Atari ST - 1987),0.00,0
Ghosts 'n Goblins (Atari ST - 1990),4.46,70
Beam (Atari ST - 1989),0.00,0
Hellowoon: Das Geheimnis des Zauberstabs (Atari ST - 1987),5.00,1
Storm Master (Atari ST - 1992),4.56,9
Final Assault (Atari ST - 1988),3.44,16
Jetpac (Atari ST - 1992),5.00,1
S.T.U.N. Runner (Atari ST - 1990),4.62,16
The Game of Harmony (Atari ST - 1990),5.00,4
Bubble+ (Atari ST - 1990),5.00,1
Warlock: The Avenger (Atari ST - 1991),3.00,4
Knight Force (Atari ST - 1989),3.50,6
Speedball 2: Brutal Deluxe (Atari ST - 1990),4.44,59
Explora III: Sous Le Signe Du Serpent (Atari ST - 1990),3.29,7
Line of Fire (Atari ST - 1990),4.20,5
Megamix (Atari ST - 1990),0.00,0
Realms (Atari ST - 1991),4.65,20
The Pawn (Atari ST - 1986),4.11,18
Black Gold (Atari ST - 1991),4.19,16
Artificial Dreams (Atari ST - 1988),0.00,0
Skull-Diggery (Atari ST - 1987),5.00,1
Arcade Trivia Quiz (Atari ST - 1991),4.50,2
Side Arms Hyper Dyne (Atari ST - 1989),5.00,4
WWF Wrestlemania (Atari ST - 1991),3.86,21
Super Skweek (Atari ST - 1990),3.67,3
Space Harrier (Atari ST - 1988),4.92,13
Hard Drivin' II (Atari ST - 1990),4.39,18
Balance of Power: The 1990 Edition (Atari ST - 1989),4.25,80
Garfield: Winter's Tail (Atari ST - 1989),4.00,2
Scenery Disk 7 (Atari ST - 1987),5.00,2
007: Licence to Kill (Atari ST - 1989),4.10,72
Quink (Atari ST - 1987),2.00,1
Nine Princes in Amber (Atari ST - 1986),4.54,13
Bob Morane: Jungle 1 (Atari ST - 1987),3.00,2
Navy Moves (Atari ST - 1989),4.20,15
Defenders of the Earth (Atari ST - 1990),5.00,1
Prohibition (Atari ST - 1987),4.88,8
Slippery Sid (Atari ST - 1989),0.00,0
Team Yankee (Atari ST - 1990),4.45,20
Lemmings (Atari ST - 1991),4.64,211
Drivin' Force (Atari ST - 1990),5.00,1
J.R.R. Tolkien's War in Middle Earth (Atari ST - 1989),4.38,30
Blazing Thunder (Atari ST - 1991),5.00,3
Their Finest Hour: The Battle of Britain (Atari ST - 1990),4.64,34
Grandad 2: In Search of Sandwiches (Atari ST - 1993),4.33,3
Utopos (Atari ST - 1993),0.00,0
Tom & Jerry (Atari ST - 1989),3.60,10
A Question of Sport (Atari ST - 1988),5.00,2
Gary Linekers Superskills (Atari ST - 1988),5.00,1
Kick Off 2: Return To Europe (Atari ST - 1991),3.50,2
Double Dragon II: The Revenge (Atari ST - 1989),4.10,75
Angel Nieto Pole 500 (Atari ST - 1990),4.22,23
Legend of the Lost (Atari ST - 1990),0.00,0
Elvira: The Arcade Game (Atari ST - 1991),4.29,21
High Steel (Atari ST - 1989),5.00,3
Leather Goddesses Of Phobos (Atari ST - 1986),4.23,31
Infestation (Atari ST - 1990),4.34,9
Conquest of Japan (Atari ST - 1992),3.67,3
Zero 5 (Atari ST - 1994),5.00,1
Oxyd (Atari ST - 1990),4.11,19
Chip's Challenge (Atari ST - 1990),4.28,129
Aliens (Atari ST - 1992),5.00,1
The Magnetic Scrolls Collection (Atari ST - 1991),4.42,24
War Zone (Atari ST - 1991),4.38,8
WWF European Rampage Tour (Atari ST - 1992),4.55,11
Masterblazer (Atari ST - 1991),4.00,3
Double Dragon 3: The Rosetta Stone (Atari ST - 1991),4.71,33
Jinxter (Atari ST - 1987),4.80,5
Return to Genesis (Atari ST - 1988),5.00,1
The Games: Winter Edition (Atari ST - 1988),4.73,11
Hammer Boy (Atari ST - 1991),4.00,5
Shadoworlds (Atari ST - 1992),3.00,4
Spirit of Adventure (Atari ST - 1991),4.57,31
The Universal Military Simulator: The American Civil War - Scenario Disk One (Atari ST - 1988),5.00,1
Killing Cloud (Atari ST - 1991),4.39,18
Winter Challenge: World Class Competition (Atari ST - 1988),4.45,9
Deliverance: Stormlord II (Atari ST - 1992),4.78,9
Campaign (Atari ST - 1993),4.31,13
Indiana Jones and The Fate of Atlantis: The Action Game (Atari ST - 1992),3.78,18
Rugby: The World Cup (Atari ST - 1991),0.00,0
Airborne Ranger (Atari ST - 1989),4.54,46
Borrowed Time (Atari ST - 1986),4.57,14
Rockfall 2: The Perils of Spud (Atari ST - 1992),0.00,0
Champion of The Raj (Atari ST - 1991),4.27,15
Obsession (Atari ST - 1994),2.33,3
ESLA League Manager III (Atari ST - 1995),0.00,0
Betrayal (Atari ST - 1990),4.67,6
Space Quest: Chapter I - The Sarien Encounter (Atari ST - 1986),4.58,67
Insecticide (Atari ST - 1992),0.00,0
California Games II (Atari ST - 1992),4.38,26
Cougar Force (Atari ST - 1990),4.22,9
Legends of Valour (Atari ST - 1993),4.59,17
A.L.C.O.N. (Atari ST - 1988),4.50,2
Eliminator (Atari ST - 1988),5.00,1
Yuppi's Revenge (Atari ST - 1988),5.00,5
Falcon Operation: Counterstrike (Atari ST - 1989),5.00,5
Virus (Atari ST - 1988),4.15,13
Bug Bash (Atari ST - 1990),5.00,1
Hotshot (Atari ST - 1988),3.50,4
JAY Minesweeper (Atari ST - 1995),0.00,0
Valgus (Atari ST - 1990),0.00,0
Penta (Atari ST - 2005),0.00,0
Ooze: Creepy Nites (Atari ST - 1988),4.57,7
Alien Fires: 2199 AD (Atari ST - 1987),4.75,4
Pacific Islands (Atari ST - 1992),4.32,25
Extase (Atari ST - 1990),4.00,3
Loom (Atari ST - 1990),4.33,63
Toyota Celica GT Rally (Atari ST - 1990),4.58,19
Manhunter 2: San Francisco (Atari ST - 1989),4.60,29
Graveyard (Atari ST - 1994),0.00,0
Locomotion (Atari ST - 1992),4.47,15
Th!nk Cross (Atari ST - 1991),5.00,3
Pork 2 (Atari ST - 1989),0.00,0
Missile Command (Atari ST - 1987),0.00,0
Lords of Conquest (Atari ST - 1988),4.56,16
Fate: Gates of Dawn (Atari ST - 1991),5.00,3
Shadowlands (Atari ST - 1992),4.60,10
The Second World (Atari ST - 1990),3.67,6
Batman: The Caped Crusader (Atari ST - 1989),4.29,21
Operation Thunderbolt (Atari ST - 1990),4.20,10
Othello Killer (Atari ST - 1989),0.00,0
Wheel of Fortune (Atari ST - 1987),5.00,3
Artura (Atari ST - 1988),4.40,5
Sleeping Gods Lie (Atari ST - 1989),4.80,5
International Soccer Challenge (Atari ST - 1990),4.69,13
La Aventura Original (Atari ST - 1989),4.50,4
Castle Warrior (Atari ST - 1989),4.80,5
Omnicron Conspiracy (Atari ST - 1990),4.28,18
Heroes of the Lance (Atari ST - 1988),4.18,17
Cannon Fodder (Atari ST - 1994),4.57,84
Atomic Robo-Kid (Atari ST - 1990),4.33,3
Gunship (Atari ST - 1986),4.71,31
Future Basketball (Atari ST - 1990),3.67,3
Drachen von Laas (Atari ST - 1991),5.00,2
B.A.T. (Atari ST - 1989),3.56,39
World Class Rugby (Atari ST - 1991),4.50,10
International Rugby Simulator (Atari ST - 1989),0.00,0
Magic Pockets (Atari ST - 1991),4.45,42
Iron Trackers (Atari ST - 1989),0.00,0
Indiana Jones and The Last Crusade: The Graphic Adventure (Atari ST - 1989),4.37,90
Tiger Road (Atari ST - 1989),3.60,5
Head Over Heels (Atari ST - 1989),4.20,5
Formel 1 - Manager (Atari ST - 1987),5.00,1
Oids (Atari ST - 1987),5.00,4
Stunt Track Racer (Atari ST - 1989),4.41,22
Cricket Captain (Atari ST - 1989),5.00,1
Falcon (Atari ST - 1988),4.24,17
Billy Boy (Atari ST - 1997),0.00,0
The Karate Kid: Part II - The Computer Game (Atari ST - 1986),4.00,6
Rainbow Islands (Atari ST - 1990),4.33,12
Vengeance of Excalibur (Atari ST - 1992),4.20,15
Robozone (Atari ST - 1991),1.00,1
Minefield (Atari ST - 1992),0.00,0
European Challenge (Atari ST - 1990),4.57,7
Harrier Strike Mission (Atari ST - 1986),5.00,3
Rick Dangerous 2 (Atari ST - 1990),4.38,32
Out of This World (Atari ST - 1991),4.62,88
Hyperbowl (Atari ST - 1987),1.00,1
World Championship Soccer (Atari ST - 1991),4.75,4
Verminator (Atari ST - 1989),0.00,0
Ogre (Atari ST - 1986),5.00,7
Army Moves (Atari ST - 1988),4.67,6
Hydra (Atari ST - 1991),2.00,1
Better Dead Than Alien! (Atari ST - 1988),5.00,3
Chain Reaction (Atari ST - 1991),5.00,1
UMS: The Universal Military Simulator (Atari ST - 1987),4.17,6
F29 Retaliator (Atari ST - 1989),4.59,37
Hudson Hawk (Atari ST - 1991),3.88,8
Vroom: Data Disk (Atari ST - 1992),3.67,3
Chess Simulator (Atari ST - 1990),3.67,3
Strider 2 (Atari ST - 1990),4.30,10
Atomix (Atari ST - 1990),3.92,13
RoboCop 3 (Atari ST - 1992),4.59,22
Liverpool: The Computer Game (Atari ST - 1993),5.00,3
Cybernoid II: The Revenge (Atari ST - 1989),4.75,8
Blood Money (Atari ST - 1989),4.53,17
Vampire's Empire (Atari ST - 1988),2.83,6
Bauernkampf (Atari ST - 1988),0.00,0
Hacker II: The Doomsday Papers (Atari ST - 1986),4.79,14
Populous: The Promised Lands (Atari ST - 1989),4.65,20
SAT.1 Bingo (Atari ST - 1992),5.00,1
Beyond Zork: The Coconut of Quendor (Atari ST - 1987),4.04,23
SimCity (Atari ST - 1990),4.31,135
Balance of Power (Atari ST - 1987),4.62,42
Euro Champ '92 (Atari ST - 1992),0.00,0
Strike Fleet (Atari ST - 1991),4.70,23
The Ancient Art of War in the Skies (Atari ST - 1993),4.55,20
Les Portes du Temps (Atari ST - 1989),3.33,3
Premier Manager (Atari ST - 1992),4.03,31
Crazy Cars (Atari ST - 1988),4.12,17
Rings of Medusa (Atari ST - 1989),4.75,16
Hot Wheels (Atari ST - 1991),4.00,2
European Championship 1992 (Atari ST - 1992),4.60,10
The Curse of RA (Atari ST - 1990),3.50,6
007: James Bond - The Stealth Affair (Atari ST - 1990),4.38,56
Gettysburg (Atari ST - 1990),0.00,0
Mission X (Atari ST - 1993),0.00,0
Project Neptune (Atari ST - 1989),4.24,17
Fantasy World Dizzy (Atari ST - 1991),4.14,14
England Championship Special (Atari ST - 1991),4.86,7
Big Nose the Caveman (Atari ST - 1992),0.00,0
Team Suzuki (Atari ST - 1991),4.50,14
Peter Pan (Atari ST - 1988),5.00,3
Leeds United Champions! (Atari ST - 1992),0.00,0
Manhunter: New York (Atari ST - 1989),4.90,20
Murders in Space (Atari ST - 1990),4.14,7
G.Nius (Atari ST - 1988),0.00,0
Night Shift (Atari ST - 1990),3.59,17
Quasar (Atari ST - 1986),0.00,0
Rambo III (Atari ST - 1988),3.57,40
Manchester United (Atari ST - 1990),3.89,9
Overscan Invaders (Atari ST - 1994),0.00,0
The Crimson Crown (Atari ST - 1986),4.13,8
Winter Supersports 92 (Atari ST - 1992),3.50,4
Hoverforce (Atari ST - 1990),4.86,7
Hammerfist (Atari ST - 1990),3.00,3
Savage (Atari ST - 1989),4.36,11
Obitus (Atari ST - 1991),4.41,32
Transworld (Atari ST - 1990),4.67,6
Butcher Hill (Atari ST - 1989),5.00,2
Darklyte (Atari ST - 1993),4.00,1
Mickey Mouse: The Computer Game (Atari ST - 1988),5.00,5
Tangram (Atari ST - 1991),5.00,2
Impossible Mission II (Atari ST - 1988),4.31,50
Combat Course (Atari ST - 1989),4.25,4
Sharkey's 3D Pool (Atari ST - 1989),4.81,16
Drakkhen (Atari ST - 1989),4.45,11
James Pond: Underwater Agent (Atari ST - 1990),4.00,6
Solomon's Key (Atari ST - 1987),4.38,8
Highway Patrol II (Atari ST - 1989),4.14,7
Hill Street Blues (Atari ST - 1991),4.50,18
Tycoon (Atari ST - 1988),3.00,1
Voyager (Atari ST - 1989),5.00,1
Predator (Atari ST - 1988),4.27,11
Turbo Cup (Atari ST - 1988),4.88,8
Stack Up (Atari ST - 1991),5.00,3
Hawkeye (Atari ST - 1989),3.75,4
Tower Toppler (Atari ST - 1988),4.24,25
Feudal Lords (Atari ST - 1990),4.57,7
Chariots of Wrath (Atari ST - 1989),4.00,3
Harley-Davidson: The Road to Sturgis (Atari ST - 1990),4.17,20
Police Quest 2: The Vengeance (Atari ST - 1989),4.71,28
OutRun Europa (Atari ST - 1991),4.57,7
Welltris (Atari ST - 1990),3.96,25
Goldrunner (Atari ST - 1987),3.50,2
Hoyle: Official Book of Games - Volume 1 (Atari ST - 1990),4.19,26
Boulder Dash: Construction Kit (Atari ST - 1987),4.20,5
Torvak the Warrior (Atari ST - 1990),4.22,9
Bangkok Knights (Atari ST - 1989),4.83,6
Future Wars: Adventures in Time (Atari ST - 1989),4.76,61
Protector (Atari ST - 1986),4.00,1
The Lost Kingdom of Zkul / West (Atari ST - 1986),0.00,0
Killerball (Atari ST - 1991),5.00,2
Harricana: International Snowmobile Race - Quebec-Canada 90 (Atari ST - 1990),5.00,2
Monty Python's Flying Circus (Atari ST - 1990),3.30,10
Titus the Fox: To Marrakech and Back (Atari ST - 1992),4.79,34
After the War (Atari ST - 1989),4.77,18
Street Fighter II: The World Warrior (Atari ST - 1992),4.50,129
Dizzy Panic (Atari ST - 1991),5.00,1
Stormball (Atari ST - 1991),0.00,0
Flip-it & Magnose: Water Carriers from Mars (Atari ST - 1990),5.00,3
Knightmare (Atari ST - 1991),5.00,5
Magicland Dizzy (Atari ST - 1991),4.21,19
Cadaver (Atari ST - 1990),4.57,23
West Phaser (Atari ST - 1989),3.67,3
Xenon (Atari ST - 1988),4.38,8
The Brainies (Atari ST - 1992),4.00,5
SuperBike Challenge (Atari ST - 1987),5.00,8
Dames Simulator (Atari ST - 1990),3.78,9
The Carl Lewis Challenge (Atari ST - 1992),3.00,4
Brat (Atari ST - 1991),5.00,2
The Spy Who Loved Me (Atari ST - 1990),4.29,7
Gary Lineker's Hot-Shot! (Atari ST - 1989),5.00,1
Axe of Rage (Atari ST - 1989),4.35,23
Golden Eagle (Atari ST - 1991),4.13,8
Mystical (Atari ST - 1990),4.33,6
Khalaan (Atari ST - 1990),3.50,8
Hero's Quest: So You Want To Be A Hero (Atari ST - 1990),4.50,72
No Exit (Atari ST - 1990),3.80,5
Code-Name: Iceman (Atari ST - 1989),4.55,22
Gato (Atari ST - 1986),4.35,32
Goal! (Atari ST - 1994),4.71,14
Los Templos Sagrados (Atari ST - 1991),5.00,4
Sabre Team (Atari ST - 1992),4.33,15
Street Gang (Atari ST - 1988),3.50,2
Dragon's Lair: Escape from Singe's Castle (Atari ST - 1991),4.24,24
Hades Nebula (Atari ST - 1987),4.00,3
Cool Ball (Atari ST - 1990),4.00,2
King's Quest III: To Heir is Human (Atari ST - 1987),4.36,56
Typhoon (Atari ST - 1987),0.00,0
Psyborg (Atari ST - 1992),5.00,1
Turbo ST (Atari ST - 1987),5.00,2
Phobia (Atari ST - 1989),2.50,2
Continental Circus (Atari ST - 1989),4.64,11
Alien Syndrome (Atari ST - 1988),4.42,19
Steve Davis World Snooker (Atari ST - 1989),1.00,1
Transylvania (Atari ST - 1986),3.80,26
Fort Apache (Atari ST - 1992),4.33,6
Jahangir Khan World Championship Squash (Atari ST - 1991),4.14,7
Advanced Destroyer Simulator (Atari ST - 1990),4.33,18
Frontier: Elite II (Atari ST - 1993),4.63,56
Breakers (Atari ST - 1986),3.67,3
Veteran (Atari ST - 1988),1.25,4
Road Runner (Atari ST - 1987),4.50,24
Leavin' Teramis (Atari ST - 1990),5.00,1
Prince of Persia (Atari ST - 1990),4.59,504
Treasure Island Dizzy (Atari ST - 1989),4.80,5
Sliders (Atari ST - 1991),0.00,0
Alien Blockade (Atari ST - 1991),0.00,0
Bunny Bricks (Atari ST - 1992),0.00,0
Bob Morane: Chevalerie 1 (Atari ST - 1987),4.20,5
Manix (Atari ST - 1990),0.00,0
Captain Planet and the Planeteers (Atari ST - 1992),0.00,0
Anarchy (Atari ST - 1990),5.00,1
World Karate Championship (Atari ST - 1986),4.43,14
F1 Tornado (Atari ST - 1992),4.00,1
Imperium (Atari ST - 1990),4.56,9
Sam in Monster's Garden (Atari ST - 1995),0.00,0
Passing Shot (Atari ST - 1989),4.00,2
Star Trap (Atari ST - 1988),3.00,2
Bob Winner (Atari ST - 1987),5.00,3
Hook (Atari ST - 1992),3.52,21
Boulder Dash (Atari ST - 1986),4.47,17
Fire-Brigade: The Battle for Kiev - 1943 (Atari ST - 1989),4.62,13
Greg Norman's Shark Attack!: The Ultimate Golf Simulator (Atari ST - 1990),3.00,2
Perfect Match (Atari ST - 1987),0.00,0
Spell Bound (Atari ST - 1990),4.20,5
The Games: Summer Edition (Atari ST - 1988),4.71,17
Botics (Atari ST - 1990),5.00,1
Jet Set Willy (Atari ST - 1998),4.00,3
Scrabble (Atari ST - 1993),5.00,1
Oo-Topos (Atari ST - 1981),4.80,5
Asteroidia (Atari ST - 1995),5.00,1
Gauntlet III: The Final Quest (Atari ST - 1991),5.00,8
...A Personal Nightmare (Atari ST - 1989),3.85,54
Vindicators (Atari ST - 1989),1.00,1
Power Struggle (Atari ST - 1988),5.00,2
Horse Racing Simulator (Atari ST - 1990),0.00,0
Volleyball Simulator (Atari ST - 1989),4.29,7
Zombi (Atari ST - 1990),3.86,27
Xenon 2: Megablast (Atari ST - 1989),4.68,79
R-Type II (Atari ST - 1991),4.17,6
Lotus: The Ultimate Challenge (Atari ST - 1992),4.67,67
Dallas (Atari ST - 1987),4.50,2
Power Up plus (Atari ST - 1998),0.00,0
HMS Cobra: Convois pour Mourmansk (Atari ST - 1987),4.33,3
Combo Racer (Atari ST - 1990),5.00,4
Armour-Geddon (Atari ST - 1991),4.75,16
Bubble Bobble (Atari ST - 1987),4.43,175
Magic Fly (Atari ST - 1990),4.50,2
Pictionary: The Game of Quick Draw (Atari ST - 1989),4.23,17
Battle Probe (Atari ST - 1988),2.00,1
Passengers on The Wind (Atari ST - 1987),4.18,11
Gold of the Realm (Atari ST - 1988),5.00,2
Space Invaders (Atari ST - 1990),5.00,1
Orbiter (Atari ST - 1988),4.75,4
Test Drive (Atari ST - 1987),4.56,89
Lure of The Temptress (Atari ST - 1992),4.76,29
The Amazing Spider-Man and Captain America in Dr. Doom's Revenge! (Atari ST - 1990),4.35,54
Suspicious Cargo (Atari ST - 1992),0.00,0
Saint Dragon (Atari ST - 1990),4.50,4
Headlong (Atari ST - 1992),0.00,0
500 cc Grand Prix (Atari ST - 1987),5.00,1
Sheer Agony (Atari ST - 1995),3.00,2
Dan Dare III: The Escape (Atari ST - 1990),5.00,1
Badlands Pete (Atari ST - 1990),3.00,1
Doodlebug: Bug Bash II (Atari ST - 1992),0.00,0
Fire and Forget (Atari ST - 1989),4.30,10
Sub Battle Simulator (Atari ST - 1987),4.39,18
Quadrel (Atari ST - 1991),4.00,3
Windsurf Willy (Atari ST - 1988),5.00,1
Mayday Squad (Atari ST - 1989),5.00,8
Orb (Atari ST - 1999),4.00,1
Tetris (Atari ST - 1989),4.42,31
F-15 Strike Eagle (Atari ST - 1985),4.20,15
Gremlins 2: The New Batch (Atari ST - 1990),4.44,18
Billiards Simulator (Atari ST - 1988),2.67,3
The Computer Edition of Scrabble Brand Crossword Game (Atari ST - 1986),5.00,1
Disc (Atari ST - 1990),5.00,2
The Colonel's Bequest (Atari ST - 1990),4.75,158
Air Warrior (Atari ST - 1991),4.25,16
StarGlider (Atari ST - 1986),4.73,15
The Simpsons: Bart vs. the World (Atari ST - 1993),4.20,5
Winter Games (Atari ST - 1986),4.38,37
Cosmic Pirate (Atari ST - 1989),5.00,1
Hotball (Atari ST - 1988),0.00,0
Pacman for GEM (Atari ST - 1998),5.00,1
Total Eclipse (Atari ST - 1989),4.54,13
Sargon III (Atari ST - 1988),4.17,6
Formula One (Atari ST - 1993),4.65,26
Kick Off 2: The Final Whistle (Atari ST - 1991),4.00,2
World Rugby (Atari ST - 1992),0.00,0
The Ball Game (Atari ST - 1991),3.67,3
Paragliding (Atari ST - 1991),4.37,8
Stello (Atari ST - 1994),4.00,1
The Prophecy (Atari ST - 1992),4.79,29
Hostage: Rescue Mission (Atari ST - 1988),4.36,36
The Patrician (Atari ST - 1992),4.84,19
Little Computer People (Atari ST - 1986),4.39,58
Badlands (Atari ST - 1990),4.60,5
Lords of Doom (Atari ST - 1990),3.58,19
Colorado (Atari ST - 1990),4.33,12
Total Recall (Atari ST - 1990),4.33,3
Ogre (Atari ST - 1986),4.00,1
Heartland (Atari ST - 1996),5.00,1
Wayne Gretzky Hockey (Atari ST - 1989),4.25,8
World Championship Boxing Manager (Atari ST - 1990),3.90,39
Super Cauldron (Atari ST - 1993),4.67,15
Paradroid 90 (Atari ST - 1990),4.13,8
Wanderer (Atari ST - 1986),3.00,2
Dungeon Master (Atari ST - 1987),4.69,93
Super Sprint (Atari ST - 1987),5.00,1
Cruise for a Corpse (Atari ST - 1991),4.30,50
Midi-Maze (Atari ST - 1987),4.33,6
The Basket Manager (Atari ST - 1990),2.67,3
Zool (Atari ST - 1993),4.40,30
Joan of Arc: Siege & the Sword (Atari ST - 1989),4.60,25
Rockford: The Arcade Game (Atari ST - 1988),3.93,15
Carrier Command (Atari ST - 1988),4.53,34
Zork II: The Wizard of Frobozz (Atari ST - 1985),4.43,21
Joe Blade (Atari ST - 1988),2.33,3
Axel's Magic Hammer (Atari ST - 1990),5.00,1
Wizkid: The Story of Wizball II (Atari ST - 1992),4.13,8
Space Quest II: Chapter II - Vohaul's Revenge (Atari ST - 1987),4.24,33
Dynasty Wars (Atari ST - 1990),4.75,4
Pro Powerboat Simulator (Atari ST - 1990),4.20,5
Lotus Esprit Turbo Challenge (Atari ST - 1990),4.85,13
Spitting Image: The Computer Game (Atari ST - 1988),5.00,2
Impulse (Atari ST - 1989),0.00,0
Tom and The Ghost (Atari ST - 1990),4.80,5
Shadowgate (Atari ST - 1988),4.08,12
Final Command (Atari ST - 1989),4.50,2
Techno Cop (Atari ST - 1988),5.00,8
Ultimate Tron ST (Atari ST - 1993),0.00,0
Sid Meier's Civilization (Atari ST - 1993),4.53,1005
1st Division Manager (Atari ST - 1992),3.82,11
Time Scanner (Atari ST - 1989),5.00,1
Zerphod (Atari ST - 1987),0.00,0
Ultima IV: Quest of the Avatar (Atari ST - 1987),4.38,47
Strider (Atari ST - 1989),4.43,21
Silicon Dreams (Atari ST - 1986),4.33,9
Championship Baseball (Atari ST - 1987),3.00,2
Rampage (Atari ST - 1987),4.69,32
Lin Wu's Challenge (Atari ST - 1990),5.00,1
Sliding Puzzler (Atari ST - 1988),0.00,0
Austerlitz (Atari ST - 1989),5.00,4
Parasol Stars: The Story of Bubble Bobble III (Atari ST - 1992),4.22,9
Satan (Atari ST - 1990),4.08,12
Wings of Death (Atari ST - 1990),4.33,6
Sea Fisherman (Atari ST - 1989),0.00,0
Stardust (Atari ST - 1994),4.60,5
Space Quest III: The Pirates of Pestulon (Atari ST - 1989),4.38,60
Treasure Trap (Atari ST - 1990),3.92,12
Sword of Kadash (Atari ST - 1986),4.20,5
Mercs (Atari ST - 1991),4.85,13
Frankenstein (Atari ST - 1992),0.00,0
Snow Strike (Atari ST - 1990),4.00,6
Quadralien (Atari ST - 1988),3.89,9
Astro 2000 (Atari ST - 1996),0.00,0
Wild Streets (Atari ST - 1989),4.25,8
Space Racer (Atari ST - 1988),5.00,4
Metal Masters (Atari ST - 1990),3.75,4
World Class Rugby: Five Nations Edition (Atari ST - 1992),0.00,0
Entombed (Atari ST - 1991),0.00,0
Mission (Atari ST - 1987),0.00,0
Mega Lo Mania (Atari ST - 1991),4.44,63
Super Cycle (Atari ST - 1986),4.25,4
Ikari Warriors II: Victory Road (Atari ST - 1989),3.64,11
Crystals of Arborea (Atari ST - 1990),4.91,11
The Magician (Atari ST - 1991),0.00,0
Autoduel (Atari ST - 1987),4.39,28
California Games (Atari ST - 1989),4.38,53
England Team Manager (Atari ST - 1990),0.00,0
The Enchanted Realm (Atari ST - 1988),5.00,1
Yogi's Big Clean Up (Atari ST - 1992),3.75,4
Bonanza Bros. (Atari ST - 1991),4.25,4
D-Day (Atari ST - 1992),4.44,18
Stratego (Atari ST - 1991),4.38,46
Marlowe (Atari ST - 1992),5.00,2
Mercenary III: The Dion Crisis (Atari ST - 1991),5.00,4
Indian Mission (Atari ST - 1988),0.00,0
Brian Clough's Football Fortunes (Atari ST - 1987),4.50,2
Lombric (Atari ST - 1999),0.00,0
Outlands (Atari ST - 1989),0.00,0
Hercules (Atari ST - 1990),3.33,3
Sonic Boom (Atari ST - 1990),3.00,2
Amberstar (Atari ST - 1992),4.18,29
Donald Duck's Playground (Atari ST - 1986),4.75,24
F40 Pursuit Simulator (Atari ST - 1989),4.14,21
A.M.C.: Astro Marine Corps (Atari ST - 1990),5.00,5
Hoyle: Official Book of Games - Volume 2: Solitaire (Atari ST - 1990),4.29,14
Flight of The Intruder (Atari ST - 1991),4.79,19
Dreadnoughts (Atari ST - 1992),5.00,5
Neighbours (Atari ST - 1991),3.00,2
Lorna (Atari ST - 1990),4.50,14
No Second Prize (Atari ST - 1992),5.00,1
Moonshine Racers (Atari ST - 1991),4.20,20
Dragonflight (Atari ST - 1990),4.00,4
Speedball (Atari ST - 1988),4.71,21
ESWAT: Cyber Police (Atari ST - 1990),4.78,9
First Contact (Atari ST - 1990),5.00,3
Magic Lines (Atari ST - 1990),5.00,2
Speedboat Assassins (Atari ST - 1989),3.50,2
Omnitrend's Paladin II (Atari ST - 1992),4.86,7
Awesome (Atari ST - 1990),4.50,2
Seymour Goes to Hollywood (Atari ST - 1992),4.33,3
Turrican II: The Final Fight (Atari ST - 1991),4.56,63
Exodus: Ultima III (Atari ST - 1986),4.43,40
Lancaster (Atari ST - 1989),4.50,2
Obliterator (Atari ST - 1988),4.17,6
Popeye 2 (Atari ST - 1992),5.00,4
Battle Chopper (Atari ST - 1989),4.00,1
Player Manager (Atari ST - 1990),4.67,15
Powerdrome (Atari ST - 1988),4.54,13
Blinkys Scary School (Atari ST - 1990),4.60,5
Skyfox (Atari ST - 1986),5.00,2
Menace (Atari ST - 1988),4.29,7
CarVup (Atari ST - 1990),5.00,3
Hanse (Atari ST - 1986),4.56,9
Pandora (Atari ST - 1988),3.67,3
Lemmings 2: The Tribes (Atari ST - 1993),4.47,47
Deuteros: The Next Millennium (Atari ST - 1991),4.71,14
Andes Attack (Atari ST - 1989),5.00,1
Hard 'n' Heavy (Atari ST - 1989),3.29,7
Ishar 2: Messengers of Doom (Atari ST - 1993),4.27,30
Oliver & Compagnie (Atari ST - 1989),4.83,12
Dark-Sat (Atari ST - 1990),0.00,0
Dogs of War (Atari ST - 1989),4.37,19
Slaygon (Atari ST - 1988),3.00,1
Mercenary (Atari ST - 1986),5.00,5
Omar Sharif on Bridge (Atari ST - 1992),3.75,12
Crown (Atari ST - 1991),4.00,2
Tau Ceti: The Lost Star Colony (Atari ST - 1986),4.67,12
Major Motion (Atari ST - 1986),4.00,3
Who Framed Roger Rabbit (Atari ST - 1988),4.31,16
Starglider II (Atari ST - 1988),4.48,15
Masters of the Universe: The Movie (Atari ST - 1988),5.00,3
Spaceball (Atari ST - 1988),1.00,1
Cybercon III (Atari ST - 1991),4.60,5
Gem'X (Atari ST - 1991),5.00,1
Roger (Atari ST - 2004),0.00,0
The Hunt for Red October (Atari ST - 1988),4.60,20
Clive Barker's Nightbreed: The Interactive Movie (Atari ST - 1990),4.09,17
Stupid Balloon Game (Atari ST - 1998),0.00,0
Rick Dangerous (Atari ST - 1989),4.14,36
Premium Mah Jongg II (Atari ST - 1993),0.00,0
Back to the Future Part II (Atari ST - 1990),4.32,28
Brataccas (Atari ST - 1986),4.38,8
Game Over II (Atari ST - 1988),4.89,9
Freedom: Rebels in the Darkness (Atari ST - 1988),3.80,10
Match (Atari ST - 1990),5.00,1
Keith Van Eron's Pro Soccer (Atari ST - 1989),4.33,15
Titan (Atari ST - 1989),3.00,2
Disney's Duck Tales: The Quest for Gold (Atari ST - 1990),4.59,72
Smash T.V. (Atari ST - 1991),4.33,13
Police Quest: In Pursuit of the Death Angel (Atari ST - 1988),4.60,39
Batman (Atari ST - 1989),4.10,39
MiG-29 Fulcrum (Atari ST - 1991),4.44,18
Face Off (Atari ST - 1989),0.00,0
Day of the Pharaoh (Atari ST - 1989),3.90,20
Death Trap (Atari ST - 1990),5.00,1
Football Manager: World Cup Edition 1990 (Atari ST - 1990),5.00,1
Towers: Lord Baniff's Deceit (Atari ST - 1993),5.00,2
The Addams Family (Atari ST - 1992),4.22,9
Oriental Games (Atari ST - 1990),2.00,1
Island Strike: The Ultimate Conflict (Atari ST - 1996),3.50,2
Corporation (Atari ST - 1990),3.86,7
Heimdall (Atari ST - 1992),4.69,19
Arnold Palmer Tournament Golf (Atari ST - 1990),5.00,2
G-Loc: Air Battle (Atari ST - 1992),5.00,2
RoboCop (Atari ST - 1989),4.28,25
Stormtrooper (Atari ST - 1988),5.00,2
Z-Out (Atari ST - 1991),4.25,4
Archer Maclean's Pool (Atari ST - 1992),3.70,10
Projectyle (Atari ST - 1990),4.50,2
Shuttle: The Space Flight Simulator (Atari ST - 1992),4.62,50
Metal Mutant (Atari ST - 1991),4.75,12
Dragons of Flame (Atari ST - 1989),3.83,18
Alien World (Atari ST - 1992),4.75,4
Black Sect (Atari ST - 1993),4.05,20
Arkanoid: Revenge of DOH (Atari ST - 1988),4.36,39
Exile (Atari ST - 1991),4.88,8
Blockout (Atari ST - 1990),4.55,31
On the Road (Atari ST - 1990),4.67,3
Push 'n' Shove (Atari ST - 1992),5.00,1
Great Courts 2 (Atari ST - 1991),3.83,24
A320 Airbus: Edition USA (Atari ST - 1993),4.14,7
World Cricket (Atari ST - 1991),5.00,3
E.S.S. (Atari ST - 1989),4.00,4
HKM (Atari ST - 1989),3.64,11
Midwinter (Atari ST - 1989),4.64,25
Scooby-Doo and Scrappy-Doo (Atari ST - 1991),3.71,7
The Hunt for Red October (Atari ST - 1990),4.50,12
Thunderblade (Atari ST - 1988),4.70,10
Chubby Gristle (Atari ST - 1988),1.00,1
Terminator 2: Judgment Day (Atari ST - 1991),4.26,35
The Running Man (Atari ST - 1989),5.00,5
Macadam Bumper (Atari ST - 1986),4.00,7
The Killing Game Show (Atari ST - 1990),5.00,3
Hard Drivin' (Atari ST - 1989),4.00,34
European Champions (Atari ST - 1994),5.00,5
Persian Gulf Inferno (Atari ST - 1990),4.75,16
Eskimo Games (Atari ST - 1989),4.00,2
Hacker (Atari ST - 1985),4.09,23
Race Drivin' (Atari ST - 1992),4.31,16
Pac-Mania (Atari ST - 1988),4.47,32
Spherical (Atari ST - 1989),4.00,4
Japan Scenery Disk (Atari ST - 1988),3.67,3
Borodino (Atari ST - 1989),4.67,3
The Return of Medusa (Atari ST - 1991),4.75,8
AV-8B Harrier Assault (Atari ST - 1993),4.37,27
Questron II (Atari ST - 1988),4.31,13
Outzone (Atari ST - 1991),5.00,2
Falcon Operation: Firefight (Atari ST - 1990),5.00,3
Narco Police (Atari ST - 1990),4.07,30
Sorcerer Lord (Atari ST - 1988),4.29,7
Only! Valency (Atari ST - 1994),3.67,3
The Chessmaster 2000 (Atari ST - 1987),4.56,41
Tennis Cup (Atari ST - 1990),3.00,2
Chicago 90 (Atari ST - 1989),4.67,3
Time Bandit (Atari ST - 1985),5.00,10
Journey to the Center of the Earth (Atari ST - 1988),4.52,16
Sleepwalker (Atari ST - 1993),5.00,11
Rolling Thunder (Atari ST - 1988),3.57,7
Trantor the Last Stormtrooper (Atari ST - 1988),4.20,5
Space Gun (Atari ST - 1992),2.25,4
David Leadbetter's Greens (Atari ST - 1991),3.67,3
Metro Cross (Atari ST - 1987),5.00,1
Jetsons: The Computer Game (Atari ST - 1992),4.13,15
Count Duckula 2 Featuring Tremendous Terence (Atari ST - 1992),5.00,3
Skweek (Atari ST - 1989),3.60,10
Italia 1990 (Atari ST - 1990),5.00,1
No Name (Atari ST - 1989),0.00,0
Circus Games (Atari ST - 1989),4.33,3
Challenge Golf (Atari ST - 1991),5.00,1
Wreckers (Atari ST - 1991),5.00,4
Enchanter (Atari ST - 1985),4.30,17
Arena (Atari ST - 1986),4.00,1
Kubes (Atari ST - 1993),5.00,1
Conqueror (Atari ST - 1989),4.14,7
Star Command (Atari ST - 1989),4.34,32
Superman: The Man of Steel (Atari ST - 1989),4.24,25
SantaFly (Atari ST - 2002),5.00,1
Hong Kong Phooey: No.1 Super Guy (Atari ST - 1990),2.00,1
Grandad and The Quest for The Holey Vest (Atari ST - 1992),5.00,1
The Seven Gates of Jambala (Atari ST - 1989),4.33,3
S.C.I.: Special Criminal Investigation (Atari ST - 1990),5.00,3
Dragon's Lair III: The Curse of Mordread (Atari ST - 1992),4.36,25
Mission Deadzone (Atari ST - 1990),0.00,0
Ikari Warriors (Atari ST - 1988),4.31,29
First Samurai (Atari ST - 1991),4.70,17
Alcatraz (Atari ST - 1992),4.50,22
Heat Wave: Offshore Superboat Racing (Atari ST - 1990),4.64,12
International Truck Racing (Atari ST - 1992),5.00,1
Zone Warrior (Atari ST - 1991),5.00,1
tictactoe (Atari ST - 1997),0.00,0
Freddy Hardest in South Manhattan (Atari ST - 1989),4.25,4
Domination (Atari ST - 1990),5.00,1
Dark Side (Atari ST - 1989),4.63,8
Sid Meier's Railroad Tycoon (Atari ST - 1991),4.77,35
Buster Bros. (Atari ST - 1990),4.57,33
Mata Hari (Atari ST - 1989),5.00,2
Vulcan: The Tunisian Campaign (Atari ST - 1989),5.00,7
Fire & Ice (Atari ST - 1992),4.32,48
Nigel Mansell's World Championship Racing (Atari ST - 1992),4.14,14
RoboCop 2 (Atari ST - 1990),5.00,1
Prime Time (Atari ST - 1988),4.11,9
Forgotten Worlds (Atari ST - 1989),3.87,15
Myth (Atari ST - 1989),3.86,7
Flight Simulator II (Atari ST - 1986),4.25,12
Bounce Out (Atari ST - 1988),0.00,0
Ninja Spirit (Atari ST - 1990),4.33,3
Gravity (Atari ST - 1990),5.00,1
Millennium: Return to Earth (Atari ST - 1989),4.41,34
PUNSSi (Atari ST - 1995),0.00,0
Graeme Souness Vector Soccer (Atari ST - 1991),1.50,2
Jumpin' Jackson (Atari ST - 1990),3.86,7
SideWinder (Atari ST - 1988),3.00,4
Zynaps (Atari ST - 1988),3.67,3
APB (Atari ST - 1989),4.12,17
Elemental (Atari ST - 1988),5.00,1
Recoil (Atari ST - 1989),5.00,1
MicroLeague Action Sports Soccer (Atari ST - 1991),4.33,6
Starbyte Super Soccer (Atari ST - 1991),4.22,9
Psion Chess (Atari ST - 1986),4.50,8
Magnetik Tank (Atari ST - 1987),5.00,3
Steel (Atari ST - 1989),1.00,1
Ultima VI: The False Prophet (Atari ST - 1992),4.27,55
Last Ninja 3 (Atari ST - 1991),4.69,13
Altered Beast (Atari ST - 1989),4.40,40
Spacola (Atari ST - 1991),0.00,0
Powermonger: World War I Edition (Atari ST - 1991),4.71,7
The Ultimate Arena (Atari ST - 1994),5.00,1
Fate Master (Atari ST - 1992),5.00,1
La Marque Jaune (Atari ST - 1988),0.00,0
Nitro (Atari ST - 1990),3.67,3
RoadWar Europa (Atari ST - 1987),4.64,15
Rebellion (Atari ST - 1992),0.00,0
Spy vs Spy (Atari ST - 1989),4.42,33
Dizzy Lizzy 2: A Winters Tale (Atari ST - 1991),1.00,1
Pink Panther (Atari ST - 1989),4.20,5
Jupiter's Masterdrive (Atari ST - 1990),5.00,1
Dominium (Atari ST - 1992),4.45,9
Tanglewood (Atari ST - 1987),5.00,1
Gods (Atari ST - 1991),4.41,70
Scary (Atari ST - 1989),0.00,0
Xybots (Atari ST - 1989),5.00,1
Kick Off 2 (Atari ST - 1990),4.22,37
Eagle's Rider (Atari ST - 1990),4.00,1
Bloodwych (Atari ST - 1989),4.61,33
Alfreds Kistenlager Schiebereien (Atari ST - 1990),4.00,1
Alien Storm (Atari ST - 1991),4.70,10
Shadow of the Beast II (Atari ST - 1991),4.00,3
BMX Simulator (Atari ST - 1988),4.44,9
Plutos (Atari ST - 1987),3.67,3
Lode Runner (Atari ST - 1989),4.71,41
Gemini Wing (Atari ST - 1989),5.00,1
SuperStar Ice Hockey (Atari ST - 1988),4.56,9
Tactical Manager (Atari ST - 1994),4.00,6
Wall Street (Atari ST - 1988),5.00,2
Robin Smith's International Cricket (Atari ST - 1991),1.00,1
Adrenalynn (Atari ST - 1991),5.00,2
Devious Designs (Atari ST - 1991),3.00,2
Planet Lander (Atari ST - 1988),0.00,0
Flimbo's Quest (Atari ST - 1990),4.25,16
Mean Streets (Atari ST - 1990),3.75,20
Warship (Atari ST - 1988),5.00,6
Sly Spy: Secret Agent (Atari ST - 1989),4.75,4
Chess Player 2150 (Atari ST - 1989),4.00,4
Cool World (Atari ST - 1992),4.46,13
Rick Davis's World Trophy Soccer (Atari ST - 1989),4.72,18
Spindizzy Worlds (Atari ST - 1990),2.75,4
StarBlade (Atari ST - 1990),4.30,10
GFL Championship Football (Atari ST - 1987),3.33,3
Iron Lord (Atari ST - 1989),4.31,13
Trivial Pursuit: A New Beginning (Atari ST - 1988),3.67,3
Rockfall Special Edition (Atari ST - 1992),0.00,0
Ultima V: Warriors of Destiny (Atari ST - 1989),4.66,35
1st Person Pinball (Atari ST - 1989),4.35,20
Scramble Spirits (Atari ST - 1990),5.00,5
Phantasie II (Atari ST - 1987),5.00,3
Leonardo (Atari ST - 1989),4.00,3
Hollywood Hijinx (Atari ST - 1987),4.71,7
Kid Gloves (Atari ST - 1990),5.00,2
Beverly Hills Cop (Atari ST - 1990),4.00,19
Once a King (Atari ST - 1988),5.00,1
Bombuzal (Atari ST - 1988),3.88,8
Tusker (Atari ST - 1990),4.00,5
Sundog: Frozen Legacy (Atari ST - 1986),4.63,32
Reach for the Skies (Atari ST - 1993),4.25,8
Quatris (Atari ST - 1991),0.00,0
Panza Kick Boxing (Atari ST - 1990),4.57,30
Road Raider (Atari ST - 1988),4.17,6
The Original (Atari ST - 1993),0.00,0
Lotus Turbo Challenge 2 (Atari ST - 1991),4.45,22
Germ Crazy (Atari ST - 1991),5.00,2
Summer Challenge (Atari ST - 1988),5.00,4
Leander (Atari ST - 1991),4.50,8
Ninja Gaiden (Atari ST - 1990),4.14,14
Oxyd 2 (Atari ST - 1991),4.00,2
Douglas Rockmoor (Atari ST - 1990),5.00,1
Operation: Cleanstreets (Atari ST - 1988),4.50,4
The Immortal (Atari ST - 1990),4.71,17
Captain Dynamo (Atari ST - 1992),4.50,8
Red Heat (Atari ST - 1989),4.00,7
Oxyd magnum! (Atari ST - 1993),3.00,2
Skrull (Atari ST - 1988),2.67,3
Star Wars: The Empire Strikes Back (Atari ST - 1988),4.20,10
Four-F (Atari ST - 2001),0.00,0
Shufflepuck Cafe (Atari ST - 1989),4.46,56
Skidoo (Atari ST - 1989),3.50,4
Night Crawlers (Atari ST - 1986),0.00,0
Omega (Atari ST - 1989),4.92,12
The Godfather (Atari ST - 1992),4.24,17
I Play: 3-D Soccer (Atari ST - 1991),5.00,1
L.E.D. Storm (Atari ST - 1988),3.50,6
Shanghai (Atari ST - 1986),4.33,12
Sim City: Terrain Editor (Atari ST - 1991),4.88,8
Dragon's Lair II: Time Warp (Atari ST - 1990),4.38,29
Murders in Venice (Atari ST - 1989),4.50,10
Sorcerer (Atari ST - 1986),4.50,12
Mindwheel (Atari ST - 1986),4.60,5
Kelly X (Atari ST - 1989),0.00,0
Fred (Atari ST - 1989),5.00,1
Turbo Out Run (Atari ST - 1989),4.72,29
Star Trek: The Rebel Universe (Atari ST - 1987),4.50,12
Super Scramble Simulator (Atari ST - 1989),3.50,2
Krypton Egg (Atari ST - 1989),4.48,21
Apache Flight (Atari ST - 1992),5.00,2
Warlock (Atari ST - 1988),4.29,7
The Rollercoaster Experience (Atari ST - 1995),0.00,0
Cisco Heat: All American Police Car Race (Atari ST - 1991),4.00,17
Ork (Atari ST - 1991),4.00,3
Populous / Populous: The Promised Lands (Atari ST - 1993),5.00,3
Chinese Karate (Atari ST - 1989),0.00,0
Space Crusade (Atari ST - 1992),4.41,39
Slightly Magic (Atari ST - 1991),3.50,2
Revenge of the Mutant Camels (Atari ST - 1992),3.25,4
'Nam 1965-1975 (Atari ST - 1991),3.80,97
Dogfight (Atari ST - 1990),0.00,0
Skull & Crossbones (Atari ST - 1991),4.33,6
Magic Boy (Atari ST - 1993),3.92,12
Mega Phoenix (Atari ST - 1991),4.00,2
Exolon (Atari ST - 1989),4.50,2
Tennis Cup 2 (Atari ST - 1992),4.00,3
Aquanaut (Atari ST - 1989),5.00,2
Gem Stone Legend (Atari ST - 1990),0.00,0
Cyber Snake (Atari ST - 1992),0.00,0
Stir Crazy featuring BoBo (Atari ST - 1988),3.75,4
Fire & Forget II (Atari ST - 1991),3.83,12
RVF Honda (Atari ST - 1989),4.00,2
Catch 23 (Atari ST - 1987),0.00,0
Lamborghini: American Challenge (Atari ST - 1992),4.21,48
Multi Pakman (Atari ST - 1994),0.00,0
Operation Wolf (Atari ST - 1988),4.36,45
Wolf Pack (Atari ST - 1991),4.86,29
Captive (Atari ST - 1990),4.56,23
Western Games (Atari ST - 1987),3.75,4
Sinbad and the Throne of the Falcon (Atari ST - 1988),4.57,7
Hillsfar (Atari ST - 1989),4.00,13
Xtron (Atari ST - 1986),0.00,0
Demoniak (Atari ST - 1991),3.25,4
Cobra 2 (Atari ST - 1989),0.00,0
GodPey (Atari ST - 2002),5.00,1
The Cool Croc Twins (Atari ST - 1991),4.75,4
Back to the Future Part III (Atari ST - 1991),4.12,26
Defender of The Crown (Atari ST - 1987),4.57,85
Baal (Atari ST - 1988),4.33,9
Detonator (Atari ST - 1990),2.50,2
Navy Seals (Atari ST - 1991),3.67,6
Space Harrier II (Atari ST - 1990),3.80,5
Phantasie (Atari ST - 1986),4.51,39
Crime City (Atari ST - 1992),4.09,22
Intruder (Atari ST - 1989),5.00,1
Judge Dredd (Atari ST - 1990),3.33,3
Legend of Djel (Atari ST - 1989),4.25,8
Minos (Atari ST - 1987),5.00,2
Quartz (Atari ST - 1989),2.00,1
Ultima II: The Revenge of the Enchantress... (Atari ST - 1985),4.28,25
Stryx (Atari ST - 1989),4.80,5
Bundesliga Manager (Atari ST - 1990),4.18,11
Lost Patrol (Atari ST - 1990),4.23,22
Moonfall (Atari ST - 1991),4.20,5
Lila (Atari ST - 2001),0.00,0
Rotox (Atari ST - 1990),2.50,2
Get Dexter 2 (Atari ST - 1988),5.00,1
Snoopy: The Cool Computer Game (Atari ST - 1989),4.55,29
Illusion (Atari ST - 1987),0.00,0
Emlyn Hughes Arcade Quiz (Atari ST - 1990),0.00,0
Pac-Land (Atari ST - 1989),4.42,12
The Last Ninja (Atari ST - 1990),4.32,31
Spirit of Excalibur (Atari ST - 1990),4.18,22
Quest for Tanda (Atari ST - 1991),0.00,0
The Games '92 - España (Atari ST - 1992),3.25,4
Populous II: Trials of the Olympian Gods (Atari ST - 1992),4.53,154
Xor (Atari ST - 1987),4.67,3
Thundercats (Atari ST - 1988),4.17,6
Bundesliga Manager Professional (Atari ST - 1991),4.16,38
Fish (Atari ST - 1988),4.55,11
Legend of The Sword (Atari ST - 1988),4.00,13
Captain Fizz Meets the Blaster-Trons (Atari ST - 1988),4.40,5
Premier Manager 2 (Atari ST - 1994),4.24,47
Peter Beardsley's International Football (Atari ST - 1988),1.50,2
Beyond the Ice Palace (Atari ST - 1988),4.50,6
Blackscar Mountain (Atari ST - 1991),0.00,0
Epic (Atari ST - 1992),4.35,17
9 Lives (Atari ST - 1990),4.00,4
Black Jack Plus 3 (Atari ST - 1991),0.00,0
Third Reich (Atari ST - 1992),5.00,1
Dick Tracy (Atari ST - 1990),4.44,16
Street Cat (Atari ST - 1987),4.30,10
Sherman M4 (Atari ST - 1989),4.94,17
Red Lightning (Atari ST - 1989),4.23,13
Volfied (Atari ST - 1991),4.24,369
Ballyhoo (Atari ST - 1986),4.83,6
Dyter-07 (Atari ST - 1990),5.00,1
Builderland: The Story of Melba (Atari ST - 1990),5.00,2
Fast Food (Atari ST - 1989),4.33,6
Phantasie III: The Wrath of Nikademus (Atari ST - 1987),4.24,21
Operation Harrier (Atari ST - 1990),4.45,11
S.D.I. (Atari ST - 1986),3.86,7
Ballerburg (Atari ST - 1987),5.00,1
Captain America in: The Doom Tube of Dr. Megalomann (Atari ST - 1988),3.13,8
Sensible Soccer: European Champions - 92/93 Edition (Atari ST - 1992),4.61,18
A Mind Forever Voyaging (Atari ST - 1985),4.36,28
Super Huey UH-IX (Atari ST - 1986),4.43,7
Trinity (Atari ST - 1986),4.37,19
Never Mind (Atari ST - 1989),4.00,4
Stone Age (Atari ST - 1992),4.78,32
Backgammon Royale (Atari ST - 1991),5.00,4
Helter Skelter (Atari ST - 1989),3.00,7
X-Out (Atari ST - 1990),4.33,9
Lords of Chaos (Atari ST - 1991),4.75,12
Championship Manager: End of 1994 Season Data Up-date Disk (Atari ST - 1994),4.16,28
Rockfall 3 (Atari ST - 1995),0.00,0
Paris Dakar 1990 (Atari ST - 1990),4.41,17
Tie Break (Atari ST - 1990),4.00,4
John Barnes European Football (Atari ST - 1992),4.75,4
Lucky Luke (Atari ST - 1987),4.00,9
Arcticfox (Atari ST - 1987),4.32,25
Bio Challenge (Atari ST - 1989),5.00,1
Electronic Pool (Atari ST - 1986),4.00,2
Ninja Rabbits (Atari ST - 1991),4.10,10
The Legend of William Tell (Atari ST - 1990),5.00,1
Arkanoid (Atari ST - 1987),4.48,46
Dragon Spirit (Atari ST - 1990),4.81,16
Klax (Atari ST - 1990),4.50,16
Shadow of the Beast (Atari ST - 1990),4.47,15
Herewith the Clues (Atari ST - 1990),4.50,2
Robert in the Fire Factory (Atari ST - 1992),0.00,0
Leader Board (Atari ST - 1986),5.00,3
Battle Chess (Atari ST - 1989),4.44,406
La Diosa de Cozumel (Atari ST - 1990),4.71,7
Moon Blaster (Atari ST - 1990),3.50,2
Bad Company (Atari ST - 1989),5.00,2
Power Drift (Atari ST - 1989),4.64,45
The Secret of Monkey Island (Atari ST - 1991),4.23,133
The Untouchables (Atari ST - 1989),4.33,3
The Ninja Warriors (Atari ST - 1989),4.00,2
Wipe-Out (Atari ST - 1990),1.00,1
Advantage Tennis (Atari ST - 1991),4.36,11
Castles (Atari ST - 1991),4.48,44
The Four Crystals of Trazere (Atari ST - 1992),4.50,24
Xenomorph (Atari ST - 1990),4.27,15
Blue Max: Aces of the Great War (Atari ST - 1990),4.40,10
Stationfall (Atari ST - 1987),5.00,3
Jimmy White's 'Whirlwind' Snooker (Atari ST - 1991),4.15,33
Midnight Resistance (Atari ST - 1990),4.67,15
Bumpy (Atari ST - 1989),4.88,8
Star Wars: Return of the Jedi (Atari ST - 1988),4.55,11
Continuum (Atari ST - 1991),5.00,8
Bloodwych: Data Disks Vol. 1 (Atari ST - 1990),4.50,2
Thunderstrike (Atari ST - 1990),5.00,7
Dynabusters+ (Atari ST - 1994),0.00,0
Galactic Conqueror (Atari ST - 1988),4.79,6
MiG-29M Super Fulcrum (Atari ST - 1991),4.89,9
Pacman on E's (Atari ST - 1993),4.33,6
Battle Master (Atari ST - 1990),4.10,21
Fantastic Worlds (Atari ST - 1992),0.00,0
Elf (Atari ST - 1991),4.57,14
Déjà Vu II: Lost in Las Vegas (Atari ST - 1988),4.47,32
Brides of Dracula (Atari ST - 1992),4.33,3
Hard Nova (Atari ST - 1991),4.17,24
Sapiens (Atari ST - 1987),3.56,9
Astate: La Malédiction des Templiers (Atari ST - 1990),4.83,6
Conflict: Europe (Atari ST - 1989),5.00,6
Jupiter Probe (Atari ST - 1987),0.00,0
Will Harvey's Zany Golf (Atari ST - 1989),4.70,23
Moonwalker (Atari ST - 1989),4.28,25
Marble Madness (Atari ST - 1986),4.57,37
The Simpsons: Bart vs. the Space Mutants (Atari ST - 1991),4.20,44
Maniac Mansion (Atari ST - 1989),4.09,34
Fun School 3 for the Under 5s (Atari ST - 1990),0.00,0
Le Labyrinthe de Morphintax (Atari ST - 1991),0.00,0
Crime Does Not Pay (Atari ST - 1991),4.50,6
Ferrari Formula One (Atari ST - 1989),4.32,19
Commando (Atari ST - 1990),4.44,25
Passengers on the Wind II (Atari ST - 1988),4.00,4
Chrono Quest II (Atari ST - 1990),4.50,10
World Games (Atari ST - 1986),4.43,17
M1 Tank Platoon (Atari ST - 1990),4.50,50
Boston Bomb Club (Atari ST - 1991),5.00,5
Renegade (Atari ST - 1988),4.80,15
Abalone (Atari ST - 1993),0.00,0
Voodoo Nightmare (Atari ST - 1990),3.50,2
Space Station Oblivion (Atari ST - 1988),4.78,9
Crack'ed (Atari ST - 1987),0.00,0
Méwilo (Atari ST - 1988),5.00,1
Missile Alert! (Atari ST - 1991),0.00,0
Astaroth: The Angel of Death (Atari ST - 1989),4.33,3
Ripcord (Atari ST - 1986),0.00,0
Red Storm Rising (Atari ST - 1989),4.65,58
Flood (Atari ST - 1990),4.67,6
Lagaf': Les Aventures de Moktar - Vol 1: La Zoubida (Atari ST - 1991),4.50,46
Harlequin (Atari ST - 1992),5.00,3
AAARGH! (Atari ST - 1989),4.05,20
F-16 Combat Pilot (Atari ST - 1989),4.67,48
Gauntlet (Atari ST - 1987),4.90,31
World Fighting Championship (Atari ST - 1993),2.00,1
Pub Darts (Atari ST - 1988),4.50,2
Eye of Horus (Atari ST - 1989),4.38,8
5th Gear (Atari ST - 1989),5.00,2
Kick Off (Atari ST - 1989),4.33,6
Jabato (Atari ST - 1989),5.00,4
Federation (Atari ST - 1989),4.80,5
The Gold of the Aztecs (Atari ST - 1990),4.40,10
Football Manager 2 (Atari ST - 1988),4.31,13
Space Station (Atari ST - 1986),0.00,0
Darius (Atari ST - 1989),4.50,4
Memory Recall (Atari ST - 1995),0.00,0
Hole-In-One Miniature Golf (Atari ST - 1988),4.33,9
Out Board (Atari ST - 1990),0.00,0
Pegasus (Atari ST - 1991),4.20,5
221 B Baker St. (Atari ST - 1987),4.04,26
Do! Run Run (Atari ST - 1990),4.00,1
Golden Axe (Atari ST - 1990),4.69,59
Captain Blood (Atari ST - 1988),4.38,29
RoadWar 2000 (Atari ST - 1987),4.76,21
Targhan (Atari ST - 1989),4.79,19
Dugger (Atari ST - 1988),0.00,0
Heavy Metal (Atari ST - 1990),4.00,10
Teenage Mutant Ninja Turtles (Atari ST - 1990),4.51,67
Revenge of Defender (Atari ST - 1988),5.00,4
Guardians (Atari ST - 1991),3.00,1
ThunderJaws (Atari ST - 1991),2.33,3
Final Blow (Atari ST - 1991),5.00,1
Elite (Atari ST - 1988),4.29,45
Super Grand Prix (Atari ST - 1991),4.00,3
Mem (Atari ST - 2002),0.00,0
Chuck Yeager's Advanced Flight Trainer 2.0 (Atari ST - 1990),4.86,14
Dynamite Düx (Atari ST - 1989),3.67,3
Graham Taylor's Soccer Challenge (Atari ST - 1992),3.25,4
Armalyte: The Final Run (Atari ST - 1991),3.00,3
Darkman (Atari ST - 1991),5.00,2
Bombs Away (Atari ST - 1995),0.00,0
Little Puff in Dragonland (Atari ST - 1990),3.00,2
Space Ace (Atari ST - 1989),4.77,13
Kennedy Approach (Atari ST - 1988),4.64,11
Trex Warrior: 22nd Century Gladiator (Atari ST - 1991),4.50,6
Goldrunner II (Atari ST - 1988),3.33,3
Hack (Atari ST - 1986),4.29,7
Bolo (Atari ST - 1987),4.33,3
Last Duel: Inter Planet War 2012 (Atari ST - 1989),5.00,1
Rock 'n Roll (Atari ST - 1989),4.47,15
Populous (Atari ST - 1989),4.59,51
Puffy's Saga (Atari ST - 1989),4.00,4
Steg the Slug (Atari ST - 1992),4.50,2
Wolfchild (Atari ST - 1992),5.00,5
Pinball Magic (Atari ST - 1989),4.75,4
The Adventures of Robin Hood (Atari ST - 1991),4.50,18
Ivan 'Ironman' Stewart's Super Off Road (Atari ST - 1990),4.62,84
Turrican (Atari ST - 1990),4.75,16
MegaTraveller 1: The Zhodani Conspiracy (Atari ST - 1991),4.64,11
"Scenery Disk ""Western European Tour"" (Atari ST - 1988)",5.00,3
Booly (Atari ST - 1991),4.75,4
Go-Moku / Renju (Atari ST - 1988),0.00,0
Bad Dudes (Atari ST - 1988),4.40,20
Cadaver: The Payoff (Atari ST - 1991),4.47,15
Superstar Indoor Sports (Atari ST - 1988),5.00,6
Robotz (Atari ST - 1990),4.00,1
Atomino (Atari ST - 1991),4.64,11
Circus Attractions (Atari ST - 1989),4.44,9
Super Monaco GP (Atari ST - 1991),4.78,9
Their Finest Missions: Volume One (Atari ST - 1991),5.00,6
OutRun (Atari ST - 1988),4.48,52
International Ninja Rabbits (Atari ST - 1991),3.60,5
Team (Atari ST - 1995),0.00,0
Foundations Waste (Atari ST - 1988),0.00,0
Special Forces (Atari ST - 1992),4.72,18
Bismarck (Atari ST - 1988),4.00,2
Thai Boxing (Atari ST - 1987),3.00,2
King's Quest (Atari ST - 1986),4.32,115
World Class Soccer (Atari ST - 1990),3.78,9
"Jeffrey Archer: Not a Penny More, Not a Penny Less - The Computer Game (Atari ST - 1987)",5.00,2
Loopz (Atari ST - 1990),5.00,2
Galaxy Force II (Atari ST - 1990),5.00,3
Cosmic Relief: Prof. Renegade to the Rescue (Atari ST - 1987),4.25,4
Deuce (Atari ST - 1992),0.00,0
Eco Phantoms (Atari ST - 1990),5.00,2
Battle Bound (Atari ST - 1991),0.00,0
Stargoose Warrior (Atari ST - 1988),5.00,5
Soccer Manager Plus (Atari ST - 1989),4.33,6
Livingstone II (Atari ST - 1989),4.62,21
Uninvited (Atari ST - 1988),4.00,19
African Raiders-01 (Atari ST - 1988),3.82,17
Where in the World is Carmen Sandiego? (Atari ST - 1991),4.34,165
Joe Blade II (Atari ST - 1988),5.00,2
Arcade Fruit Machine (Atari ST - 1992),4.60,5
Rubicon (Atari ST - 1992),3.43,7
Cabal (Atari ST - 1989),4.59,22
Karateka (Atari ST - 1988),4.48,48
Roller Coaster Rumbler (Atari ST - 1989),5.00,1
Castle Master (Atari ST - 1990),4.81,21
Chuck Rock (Atari ST - 1991),4.56,9
Frenetic (Atari ST - 1991),5.00,1
Enchanted Land (Atari ST - 1990),0.00,0
Frontline (Atari ST - 1990),4.67,3
Weird Dreams (Atari ST - 1989),4.20,15
Fallen Angel (Atari ST - 1989),4.00,7
Devon Aire in the Hidden Diamond Caper (Atari ST - 1989),5.00,2
Shadow Dancer (Atari ST - 1991),4.29,7
Table Tennis Simulation (Atari ST - 1989),0.00,0
Knights of the Sky (Atari ST - 1991),4.35,27
P47 Thunderbolt (Atari ST - 1990),4.17,6
Perry Mason: The Case of the Mandarin Murder (Atari ST - 1986),4.70,10
Tales of the Unknown: Volume I - The Bard's Tale (Atari ST - 1987),4.80,30
Dive Bomber (Atari ST - 1988),4.50,12
Rolling Ronny (Atari ST - 1991),4.20,5
Killdozers (Atari ST - 1988),0.00,0
North & South (Atari ST - 1989),4.37,62
Sensible Soccer: European Champions (Atari ST - 1992),5.00,2
Lethal Xcess: Wings of Death II (Atari ST - 1991),4.20,5
Mouse Trap (Atari ST - 1987),4.00,2
Cyberball (Atari ST - 1990),5.00,3
Tracksuit Manager (Atari ST - 1988),4.71,8
Ishar 3: The Seven Gates of Infinity (Atari ST - 1994),4.36,31
High Roller (Atari ST - 1987),4.00,2
The Blues Brothers (Atari ST - 1991),4.65,44
Venus the Flytrap (Atari ST - 1990),4.33,6
Rogue (Atari ST - 1986),4.57,76
Test Drive II Scenery Disk: California Challenge (Atari ST - 1990),4.54,13
Bully's Sporting Darts (Atari ST - 1993),0.00,0
"Jim Power in ""Mutant Planet"" (Atari ST - 1992)",4.00,2
Blue Angels: Formation Flight Simulation (Atari ST - 1989),5.00,7
Winzer (Atari ST - 1991),4.43,7
Light Cycles (Atari ST - 1990),5.00,1
Jet (Atari ST - 1988),4.67,12
S.W.I.V. (Atari ST - 1991),4.14,7
Beastlord (Atari ST - 1993),5.00,2
Antago (Atari ST - 1990),3.00,2
Daleks (Atari ST - 1986),3.78,9
Warhead (Atari ST - 1990),5.00,2
Rampart (Atari ST - 1992),4.33,27
TV Sports: Football (Atari ST - 1989),4.29,14
Steigar (Atari ST - 1989),3.00,2
Spot (Atari ST - 1991),4.63,8
The Duel: Test Drive II (Atari ST - 1990),4.25,97
Clive Barker's Nightbreed: The Action Game (Atari ST - 1990),4.67,12
Kingmaker (Atari ST - 1993),4.45,20
Pick 'n Pile (Atari ST - 1990),3.40,5
Zork III: The Dungeon Master (Atari ST - 1985),4.21,14
Airball (Atari ST - 1987),4.16,19
Enduro Racer (Atari ST - 1987),4.83,6
Galactic Empire (Atari ST - 1990),3.92,12
Chamber of the Sci-Mutant Priestess (Atari ST - 1989),4.00,14
GNU Chess (Atari ST - 1994),4.50,2
Sorcery+ (Atari ST - 1988),3.67,3
Thunder Burner (Atari ST - 1991),1.00,1
Double Dragon (Atari ST - 1989),4.70,48
Asteroids Deluxe (Atari ST - 1987),5.00,1
Crack Down (Atari ST - 1989),4.67,9
Dragon Breed (Atari ST - 1990),4.00,1
Gobliins 2: The Prince Buffoon (Atari ST - 1992),4.53,36
Life & Death (Atari ST - 1991),4.46,54
Legend of Faerghail (Atari ST - 1990),4.25,16
Switchblade (Atari ST - 1989),4.00,4
Zork (Atari ST - 1992),4.70,5
Monster Business (Atari ST - 1991),4.57,7
The Sentry (Atari ST - 1987),4.60,20
Championship Run (Atari ST - 1991),5.00,2
Lancelot (Atari ST - 1988),4.58,12
Star Raiders (Atari ST - 1986),4.67,6
Super STario Land (Atari ST - 1995),4.75,4
Mac Pan (Atari ST - 1987),5.00,1
Striker (Atari ST - 1992),4.52,25
Maupiti Island (Atari ST - 1991),4.84,45
Chase H.Q. (Atari ST - 1989),4.45,11
Firezone (Atari ST - 1988),4.25,8
Onslaught (Atari ST - 1989),4.57,7
Mickey's Runaway Zoo (Atari ST - 1991),5.00,3
Caesar (Atari ST - 1993),4.27,22
Under Pressure (Atari ST - 1991),2.00,1
Bubble Ghost (Atari ST - 1987),4.25,8
"Don't worry, be happy (Atari ST - 1996)",5.00,1
Fahrenheit 451 (Atari ST - 1986),4.56,9
Willow (Atari ST - 1988),4.57,14
Space Battle (Atari ST - 2004),0.00,0
Maniax (Atari ST - 1988),0.00,0
F-15 Strike Eagle II (Atari ST - 1991),4.55,52
ALF: The First Adventure (Atari ST - 1989),3.92,12
B-17 Flying Fortress (Atari ST - 1993),4.64,106
Chase (Atari ST - 1988),5.00,1
Gauntlet II (Atari ST - 1988),4.06,35
Barbarian II (Atari ST - 1991),4.83,6
F.1 Manager (Atari ST - 1990),5.00,1
Wicked (Atari ST - 1989),3.67,3
Danny Sullivan's Indy Heat (Atari ST - 1992),4.00,4
Ivanhoe (Atari ST - 1990),4.83,6
Crime Wave (Atari ST - 1990),4.41,23
Mach 3 (Atari ST - 1987),4.00,13
"20,000 Leagues Under the Sea (Atari ST - 1988)",3.75,24
Talespin (Atari ST - 1988),0.00,0
U.N. Squadron (Atari ST - 1990),4.25,8
Kid Gloves II: The Journey Back (Atari ST - 1992),3.67,3
Goin' Down with the Captain (Atari ST - 1995),0.00,0
