Title,Average Rating,Number of Ratings
"""Get Dexter!"" (Atari ST - 1987)",4.03,33
'Nam 1965-1975 (Atari ST - 1991),3.78,67
...A Personal Nightmare (Atari ST - 1989),3.90,29
007: James Bond - The Stealth Affair (Atari ST - 1990),4.32,28
007: Licence to Kill (Atari ST - 1989),4.00,45
10th Frame (Atari ST - 1987),3.85,20
1943: The Battle of Midway (Atari ST - 1988),4.38,13
1st Division Manager (Atari ST - 1992),3.40,5
1st Person Pinball (Atari ST - 1989),4.25,12
"20,000 Leagues Under the Sea (Atari ST - 1988)",3.20,15
221 B Baker St. (Atari ST - 1986),4.00,13
5th Gear (Atari ST - 1989),0.00,0
9 Lives (Atari ST - 1990),4.50,2
A Mind Forever Voyaging (Atari ST - 1985),4.33,22
A Prehistoric Tale (Atari ST - 1990),3.00,1
A Question of Sport (Atari ST - 1988),5.00,1
A.L.C.O.N. (Atari ST - 1988),4.50,2
A.M.C.: Astro Marine Corps (Atari ST - 1990),5.00,1
A320 Airbus: Edition USA (Atari ST - 1993),4.00,6
AAARGH! (Atari ST - 1989),4.08,13
Abalone (Atari ST - 1993),0.00,0
Action Fighter (Atari ST - 1989),4.20,5
Addicta Ball (Atari ST - 1987),5.00,1
Adrenalynn (Atari ST - 1991),0.00,0
Advanced Destroyer Simulator (Atari ST - 1990),4.45,11
Advantage Tennis (Atari ST - 1991),4.57,7
African Raiders-01 (Atari ST - 1988),3.71,14
Afrika Korps (Atari ST - 1991),5.00,1
After the War (Atari ST - 1989),4.75,8
Air Bucks (Atari ST - 1992),4.33,37
Air Supply (Atari ST - 1990),4.67,3
Air Support (Atari ST - 1993),5.00,2
Air Warrior (Atari ST - 1991),4.34,12
Airball (Atari ST - 1987),3.92,13
Airborne Ranger (Atari ST - 1989),4.50,32
Albedo (Atari ST - 1988),0.00,0
Alcatraz (Atari ST - 1992),3.89,9
ALF: The First Adventure (Atari ST - 1989),3.00,5
Alfreds Kistenlager Schiebereien (Atari ST - 1990),0.00,0
Aliants: The Desperate Battle For Earth! (Atari ST - 1987),3.75,4
Alien Blockade (Atari ST - 1991),0.00,0
Alien Fires: 2199 AD (Atari ST - 1987),5.00,1
Alien Storm (Atari ST - 1991),5.00,4
Alien Syndrome (Atari ST - 1988),4.10,10
Alien World (Atari ST - 1992),4.50,2
Aliens (Atari ST - 1992),0.00,0
Allan Border's Cricket (Atari ST - 1993),4.17,41
Altered Beast (Atari ST - 1989),4.50,28
Alternate Reality: The City (Atari ST - 1986),4.59,17
Amberstar (Atari ST - 1992),4.44,21
Anarchy (Atari ST - 1990),0.00,0
Andes Attack (Atari ST - 1989),5.00,1
Angel Nieto Pole 500 (Atari ST - 1990),4.18,17
Annals of Rome (Atari ST - 1987),4.58,12
Antago (Atari ST - 1990),0.00,0
Apache Flight (Atari ST - 1992),0.00,0
APB (Atari ST - 1989),3.85,13
Apprentice (Atari ST - 1990),5.00,1
Aquanaut (Atari ST - 1989),5.00,1
Arcade Fruit Machine (Atari ST - 1992),5.00,2
Arcade Trivia Quiz (Atari ST - 1991),5.00,1
Archer Maclean's Pool (Atari ST - 1992),3.40,5
Archipelagos (Atari ST - 1989),5.00,5
Arcticfox (Atari ST - 1986),3.94,16
Arena (Atari ST - 1986),0.00,0
Arkanoid (Atari ST - 1987),4.56,25
Arkanoid: Revenge of DOH (Atari ST - 1988),4.12,25
Armalyte: The Final Run (Atari ST - 1991),0.00,0
Armour-Geddon (Atari ST - 1991),4.60,10
Army Moves (Atari ST - 1988),5.00,2
Arnold Palmer Tournament Golf (Atari ST - 1990),0.00,0
Artificial Dreams (Atari ST - 1988),0.00,0
Artura (Atari ST - 1988),4.40,5
Asgard (Atari ST - 1989),0.00,0
Astaroth: The Angel of Death (Atari ST - 1989),5.00,1
Astate: La Malédiction des Templiers (Atari ST - 1990),0.00,0
Asterix and the Magic Carpet (Atari ST - 1987),4.00,4
Asterix: Operation Getafix (Atari ST - 1989),4.58,12
Asteroidia (Atari ST - 1995),0.00,0
Asteroids Deluxe (Atari ST - 1987),0.00,0
Astro 2000 (Atari ST - 1996),0.00,0
Atomic Robo-Kid (Atari ST - 1990),4.00,2
Atomino (Atari ST - 1991),4.40,5
Atomix (Atari ST - 1990),4.22,9
Austerlitz (Atari ST - 1989),5.00,4
AV-8B Harrier Assault (Atari ST - 1993),4.19,21
Awesome (Atari ST - 1990),5.00,1
Axe of Rage (Atari ST - 1989),4.50,14
Axel's Magic Hammer (Atari ST - 1990),5.00,1
B-17 Flying Fortress (Atari ST - 1993),4.65,85
B.A.T. (Atari ST - 1989),3.61,18
Baal (Atari ST - 1988),4.71,7
"Baby Jo in: ""Going Home"" (Atari ST - 1991)",4.08,13
Back to the Future Part II (Atari ST - 1990),4.50,16
Back to the Future Part III (Atari ST - 1991),4.18,11
Backgammon Royale (Atari ST - 1991),5.00,3
Backlash (Atari ST - 1987),3.00,1
Bad Company (Atari ST - 1989),0.00,0
Bad Dudes (Atari ST - 1988),4.42,12
Badlands (Atari ST - 1990),4.33,3
Badlands Pete (Atari ST - 1990),0.00,0
Balance of Power (Atari ST - 1987),4.43,26
Balance of Power: The 1990 Edition (Atari ST - 1989),4.09,47
Ballerburg (Atari ST - 1987),5.00,1
Ballistix (Atari ST - 1989),4.33,6
Ballyhoo (Atari ST - 1986),4.50,2
Bangkok Knights (Atari ST - 1989),5.00,1
Bank Buster (Atari ST - 1988),0.00,0
Barbarian (Atari ST - 1987),4.59,17
Barbarian II (Atari ST - 1991),5.00,1
Bargon Attack (Atari ST - 1992),3.00,10
Batman (Atari ST - 1989),4.16,25
Batman: The Caped Crusader (Atari ST - 1988),4.54,13
Battle Bound (Atari ST - 1991),0.00,0
Battle Chess (Atari ST - 1989),4.42,366
Battle Chopper (Atari ST - 1989),4.00,1
Battle Command (Atari ST - 1990),4.14,7
Battle Master (Atari ST - 1990),3.95,17
Battle Probe (Atari ST - 1988),0.00,0
Battlehawks 1942 (Atari ST - 1989),4.20,10
Bauernkampf (Atari ST - 1988),0.00,0
Beam (Atari ST - 1989),0.00,0
Beast Busters (Atari ST - 1991),5.00,1
Beastlord (Atari ST - 1993),0.00,0
Berlin 1948 (Atari ST - 1989),3.86,7
Bermuda Project (Atari ST - 1988),0.00,0
Betrayal (Atari ST - 1990),4.50,4
Better Dead Than Alien! (Atari ST - 1988),5.00,2
Beverly Hills Cop (Atari ST - 1990),4.36,14
Beyond the Ice Palace (Atari ST - 1988),4.50,4
Beyond Zork: The Coconut of Quendor (Atari ST - 1987),4.00,22
Big Business (Atari ST - 1991),4.22,23
Big Nose the Caveman (Atari ST - 1992),0.00,0
Big Run (Atari ST - 1992),4.00,2
Billiards Simulator (Atari ST - 1988),1.50,2
Billy Boy (Atari ST - 1997),0.00,0
Bio Challenge (Atari ST - 1988),5.00,1
Bionic Commando (Atari ST - 1988),4.00,11
Bismarck (Atari ST - 1988),0.00,0
Black Gold (Atari ST - 1989),4.33,27
Black Gold (Atari ST - 1991),3.82,11
Black Hornet (Atari ST - 1991),0.00,0
Black Jack Plus 3 (Atari ST - 1991),0.00,0
Black Lamp (Atari ST - 1988),0.00,0
Black Sect (Atari ST - 1993),4.16,12
Black Tiger (Atari ST - 1990),4.50,6
Blackscar Mountain (Atari ST - 1991),0.00,0
Blasteroids (Atari ST - 1989),5.00,2
Blazing Thunder (Atari ST - 1991),5.00,1
Blinkys Scary School (Atari ST - 1990),4.00,2
Blockbuster (Atari ST - 1987),4.60,5
Blockout (Atari ST - 1990),4.55,22
Blood Money (Atari ST - 1989),4.36,11
Bloodwych (Atari ST - 1989),4.57,30
Bloodwych: Data Disks Vol. 1 (Atari ST - 1990),0.00,0
Blue Angel 69 (Atari ST - 1989),3.17,6
Blue Angels: Formation Flight Simulation (Atari ST - 1989),5.00,5
Blue Max: Aces of the Great War (Atari ST - 1990),4.25,8
BMX Simulator (Atari ST - 1988),5.00,3
Bob Morane: Chevalerie 1 (Atari ST - 1987),4.00,4
Bob Morane: Jungle 1 (Atari ST - 1987),3.00,2
Bob Winner (Atari ST - 1987),5.00,3
Bolo (Atari ST - 1987),0.00,0
Bolo Werkstatt (Atari ST - 1988),0.00,0
Bomb Disposal (Atari ST - 1992),4.00,1
Bombs Away (Atari ST - 1995),0.00,0
Bombuzal (Atari ST - 1988),4.00,6
Bonanza Bros. (Atari ST - 1991),5.00,1
Booly (Atari ST - 1991),5.00,3
Borodino (Atari ST - 1988),5.00,2
Borrowed Time (Atari ST - 1985),4.45,11
Boston Bomb Club (Atari ST - 1991),5.00,4
Botics (Atari ST - 1990),0.00,0
Boulder Dash (Atari ST - 1986),5.00,6
Boulder Dash Construction Kit (Atari ST - 1987),0.00,0
Bounce Out (Atari ST - 1988),0.00,0
Brat (Atari ST - 1991),5.00,1
Brataccas (Atari ST - 1986),4.00,1
Breach 2 (Atari ST - 1990),4.75,8
Breakers (Atari ST - 1986),3.67,3
Brian Clough's Football Fortunes (Atari ST - 1987),4.50,2
Bride of the Robot (Atari ST - 1989),3.00,2
Brides of Dracula (Atari ST - 1992),4.00,2
Bubble Bobble (Atari ST - 1987),4.37,124
Bubble Dizzy (Atari ST - 1992),5.00,4
Bubble Ghost (Atari ST - 1987),4.14,7
Bubble+ (Atari ST - 1990),0.00,0
Buffalo Bill's Wild West Show (Atari ST - 1989),3.75,4
Bug Bash (Atari ST - 1990),0.00,0
Builderland: The Story of Melba (Atari ST - 1990),5.00,1
Bumpy (Atari ST - 1989),4.88,8
Bumpy's Arcade Fantasy (Atari ST - 1992),4.45,68
Bundesliga Manager (Atari ST - 1990),4.14,7
Bundesliga Manager Professional (Atari ST - 1991),4.00,30
Bunny Bricks (Atari ST - 1992),0.00,0
Butcher Hill (Atari ST - 1989),5.00,1
By Fair Means or Foul (Atari ST - 1990),5.00,1
Cabal (Atari ST - 1989),4.74,15
Cadaver (Atari ST - 1990),4.65,14
Cadaver: The Payoff (Atari ST - 1991),4.39,13
Caesar (Atari ST - 1993),4.45,20
California Games (Atari ST - 1989),4.34,33
California Games II (Atari ST - 1992),4.06,16
Campaign (Atari ST - 1993),4.10,10
Cannon Fodder (Atari ST - 1994),4.59,73
Captain America in: The Doom Tube of Dr. Megalomann (Atari ST - 1988),0.00,0
Captain Blood (Atari ST - 1988),4.76,17
Captain Dynamo (Atari ST - 1992),4.60,5
Captain Planet and the Planeteers (Atari ST - 1992),0.00,0
Captive (Atari ST - 1990),4.44,18
Carrier Command (Atari ST - 1988),4.54,26
CarVup (Atari ST - 1990),0.00,0
Castle Master (Atari ST - 1990),4.82,17
Castle Warrior (Atari ST - 1989),4.00,1
Castles (Atari ST - 1991),4.53,38
Catch 23 (Atari ST - 1987),0.00,0
Centerfold Squares (Atari ST - 1988),4.33,21
Chain Reaction (Atari ST - 1991),0.00,0
Challenge Golf (Atari ST - 1991),0.00,0
Chamber of the Sci-Mutant Priestess (Atari ST - 1989),4.63,8
Chambers of Shaolin (Atari ST - 1989),4.00,1
Champion of The Raj (Atari ST - 1991),4.29,14
Championship Baseball (Atari ST - 1987),0.00,0
Championship Manager (Atari ST - 1992),4.41,22
Championship Manager: End of 1994 Season Data Up-date Disk (Atari ST - 1994),4.35,18
Championship Run (Atari ST - 1991),0.00,0
Championship Water-Skiing (Atari ST - 1987),0.00,0
Championship Wrestling (Atari ST - 1986),0.00,0
Chariots of Wrath (Atari ST - 1989),5.00,1
Chase (Atari ST - 1988),0.00,0
Chase H.Q. (Atari ST - 1989),4.00,5
Chess Player 2150 (Atari ST - 1989),4.50,2
Chess Simulator (Atari ST - 1990),0.00,0
Chicago 90 (Atari ST - 1989),0.00,0
Chiki Chiki Boys (Atari ST - 1991),5.00,2
Chinese Karate (Atari ST - 1989),0.00,0
Chip's Challenge (Atari ST - 1990),4.27,116
Chrono Quest (Atari ST - 1988),5.00,1
Chrono Quest II (Atari ST - 1990),4.17,6
Chubby Gristle (Atari ST - 1988),0.00,0
Chuck Rock (Atari ST - 1991),4.50,2
Chuck Yeager's Advanced Flight Trainer 2.0 (Atari ST - 1990),4.80,10
Circus Attractions (Atari ST - 1989),4.50,4
Circus Games (Atari ST - 1989),5.00,1
Cisco Heat: All American Police Car Race (Atari ST - 1991),3.85,13
Clive Barker's Nightbreed: The Action Game (Atari ST - 1990),4.78,9
Clive Barker's Nightbreed: The Interactive Movie (Atari ST - 1990),4.12,13
Clogged Up (Atari ST - 2004),0.00,0
Cobra II (Atari ST - 1987),0.00,0
Code-Name: Iceman (Atari ST - 1989),4.65,17
Colonial Conquest (Atari ST - 1987),5.00,10
Colorado (Atari ST - 1990),4.20,5
Colossus Chess X (Atari ST - 1988),5.00,2
Combat Course (Atari ST - 1988),4.00,3
Combo Racer (Atari ST - 1990),5.00,1
Commando (Atari ST - 1990),3.89,9
Computer Scrabble De Luxe (Atari ST - 1988),0.00,0
Conflict: Europe (Atari ST - 1989),5.00,3
Conqueror (Atari ST - 1989),3.80,5
Conquest of Japan (Atari ST - 1992),3.67,3
Conquests of Camelot: The Search for the Grail (Atari ST - 1990),4.41,41
Continental Circus (Atari ST - 1989),5.00,2
Continuum (Atari ST - 1991),5.00,5
Cool Ball (Atari ST - 1990),3.00,1
Cool World (Atari ST - 1992),4.13,8
Corporation (Atari ST - 1990),3.33,3
Cosmic Pirate (Atari ST - 1989),0.00,0
Cosmic Relief: Prof. Renegade to the Rescue (Atari ST - 1987),3.50,2
Cougar Force (Atari ST - 1990),4.00,7
Count Duckula 2 Featuring Tremendous Terence (Atari ST - 1992),5.00,1
Crack Down (Atari ST - 1989),4.57,7
Crack'ed (Atari ST - 1987),0.00,0
Crazy Cars (Atari ST - 1988),4.25,12
Crazy Shot (Atari ST - 1989),4.67,6
Creatures (Atari ST - 1992),4.50,2
Cricket Captain (Atari ST - 1989),0.00,0
Crime City (Atari ST - 1992),4.11,18
Crime Does Not Pay (Atari ST - 1991),4.40,5
Crime Wave (Atari ST - 1990),4.22,9
Crown (Atari ST - 1991),4.00,2
Cruise for a Corpse (Atari ST - 1991),4.08,37
Crystal Castles (Atari ST - 1986),5.00,1
Crystals of Arborea (Atari ST - 1990),5.00,5
Cyber Snake (Atari ST - 1992),0.00,0
Cyberball (Atari ST - 1990),5.00,1
Cybercon III (Atari ST - 1991),4.50,4
Cybernoid II: The Revenge (Atari ST - 1989),4.50,2
Cybernoid: The Fighting Machine (Atari ST - 1988),5.00,1
D-Day (Atari ST - 1992),4.64,14
Dal'X (Atari ST - 1994),4.00,1
Daleks (Atari ST - 1986),2.80,5
Dallas (Atari ST - 1987),0.00,0
Dames Simulator (Atari ST - 1990),3.50,4
Dan Dare III: The Escape (Atari ST - 1990),0.00,0
Danny Sullivan's Indy Heat (Atari ST - 1992),3.00,2
Darius+ (Atari ST - 1989),5.00,1
Dark Castle (Atari ST - 1987),4.73,29
Dark Century (Atari ST - 1990),3.67,3
Dark Side (Atari ST - 1989),5.00,5
Dark-Sat (Atari ST - 1990),0.00,0
Darklyte (Atari ST - 1993),4.00,1
Darkman (Atari ST - 1991),5.00,1
David Leadbetter's Greens (Atari ST - 1991),5.00,1
Day of the Pharaoh (Atari ST - 1989),3.63,16
Day of the Viper (Atari ST - 1990),4.50,2
Days of Thunder (Atari ST - 1990),3.71,7
Death Sword (Atari ST - 1987),4.56,16
Death Trap (Atari ST - 1990),0.00,0
Deathbringer (Atari ST - 1991),4.33,9
Defender of The Crown (Atari ST - 1986),4.53,62
Defenders of the Earth (Atari ST - 1990),5.00,1
Deflektor (Atari ST - 1988),0.00,0
Déjà Vu II: Lost in Las Vegas (Atari ST - 1989),4.25,20
Deja Vu: A Nightmare Comes True!! (Atari ST - 1987),4.95,38
Deliverance: Stormlord II (Atari ST - 1992),4.80,5
Demoniak (Atari ST - 1991),4.00,3
Detonator (Atari ST - 1990),0.00,0
Deuce (Atari ST - 1992),0.00,0
Deuteros: The Next Millennium (Atari ST - 1991),4.60,5
Devious Designs (Atari ST - 1991),1.00,1
Devon Aire in the Hidden Diamond Caper (Atari ST - 1989),0.00,0
Dick Tracy (Atari ST - 1990),4.63,11
Die Hard 2: Die Harder (Atari ST - 1992),2.83,6
Disc (Atari ST - 1990),5.00,2
Disciples of Steel (Atari ST - 1991),4.33,9
Disney's Duck Tales: The Quest for Gold (Atari ST - 1990),4.55,48
Dive Bomber (Atari ST - 1988),4.25,8
Dizzy Lizzy (Atari ST - 1990),0.00,0
Dizzy Lizzy 2: A Winters Tale (Atari ST - 1991),1.00,1
Dizzy Panic (Atari ST - 1991),0.00,0
Do! Run Run (Atari ST - 1990),4.00,1
Dogfight (Atari ST - 1990),0.00,0
Dogs of War (Atari ST - 1989),4.29,7
Domination (Atari ST - 1990),0.00,0
Dominium (Atari ST - 1992),4.45,9
"Don't worry, be happy (Atari ST - 1996)",0.00,0
Donald Duck's Playground (Atari ST - 1986),4.70,13
Doodlebug: Bug Bash II (Atari ST - 1992),0.00,0
Double Dragon (Atari ST - 1989),4.73,31
Double Dragon 3: The Rosetta Stone (Atari ST - 1991),4.54,19
Double Dragon II: The Revenge (Atari ST - 1989),4.14,60
Double Juggle Vegetabobble (Atari ST - 2002),0.00,0
Douglas Rockmoor (Atari ST - 1990),0.00,0
Downhill Challenge (Atari ST - 1988),3.43,7
Drachen von Laas (Atari ST - 1991),5.00,1
Dragon Breed (Atari ST - 1990),0.00,0
Dragon Spirit (Atari ST - 1990),4.78,9
Dragon's Lair II: Time Warp (Atari ST - 1990),4.21,19
Dragon's Lair III: The Curse of Mordread (Atari ST - 1992),4.27,11
Dragon's Lair: Escape from Singe's Castle (Atari ST - 1991),4.18,11
Dragonflight (Atari ST - 1990),3.00,2
Dragons of Flame (Atari ST - 1989),3.00,9
Drakkhen (Atari ST - 1989),4.25,8
Dreadnoughts (Atari ST - 1992),5.00,4
Drivin' Force (Atari ST - 1990),0.00,0
Dugger (Atari ST - 1988),0.00,0
Dungeon (Atari ST - 1992),4.50,3
Dungeon Master (Atari ST - 1987),4.67,52
Dynabusters+ (Atari ST - 1994),0.00,0
Dynamite Düx (Atari ST - 1989),1.00,1
Dynasty Wars (Atari ST - 1990),5.00,2
Dyter-07 (Atari ST - 1990),5.00,1
E-SWAT: Cyber Police (Atari ST - 1990),4.75,4
E.S.S. (Atari ST - 1989),5.00,2
Eagle's Rider (Atari ST - 1990),0.00,0
Eco (Atari ST - 1987),4.00,2
Eco Phantoms (Atari ST - 1990),5.00,1
Electronic Pool (Atari ST - 1986),0.00,0
Elemental (Atari ST - 1988),0.00,0
Elf (Atari ST - 1991),4.70,10
Eliminator (Atari ST - 1988),0.00,0
Elite (Atari ST - 1988),4.24,33
Elvira (Atari ST - 1991),4.65,37
Elvira II: The Jaws of Cerberus (Atari ST - 1992),4.19,31
Elvira: The Arcade Game (Atari ST - 1991),4.22,14
Emlyn Hughes Arcade Quiz (Atari ST - 1990),0.00,0
Emlyn Hughes International Soccer (Atari ST - 1990),5.00,1
Emmanuelle: A Game of Eroticism (Atari ST - 1989),3.87,15
Enchanted Land (Atari ST - 1990),0.00,0
Enchanter (Atari ST - 1985),4.00,10
Enduro Racer (Atari ST - 1987),4.67,3
England Championship Special (Atari ST - 1991),5.00,2
England Team Manager (Atari ST - 1990),0.00,0
Entombed (Atari ST - 1991),0.00,0
Epic (Atari ST - 1992),4.38,13
Escape from the Planet of the Robot Monsters (Atari ST - 1990),4.73,11
Eskimo Games (Atari ST - 1989),3.00,1
ESLA League Manager III (Atari ST - 1995),0.00,0
Esprit (Atari ST - 1989),0.00,0
European Challenge (Atari ST - 1990),5.00,5
European Champions (Atari ST - 1994),5.00,2
European Championship 1992 (Atari ST - 1992),4.56,9
Exile (Atari ST - 1991),4.67,3
Exodus: Ultima III (Atari ST - 1986),4.46,35
Exolon (Atari ST - 1989),5.00,1
Explora III: Sous Le Signe Du Serpent (Atari ST - 1990),3.67,3
Extase (Atari ST - 1991),4.00,3
Extensor (Atari ST - 1986),0.00,0
Exterminator (Atari ST - 1990),3.33,3
Eye of Horus (Atari ST - 1989),4.50,4
F-15 Strike Eagle (Atari ST - 1985),4.00,8
F-15 Strike Eagle II (Atari ST - 1991),4.57,37
F-16 Combat Pilot (Atari ST - 1989),4.74,39
F-19 Stealth Fighter (Atari ST - 1990),4.42,140
F.1 Manager (Atari ST - 1990),5.00,1
F1 Tornado (Atari ST - 1992),4.00,1
F29 Retaliator (Atari ST - 1989),4.70,33
F40 Pursuit Simulator (Atari ST - 1989),4.11,18
Face Off (Atari ST - 1989),0.00,0
Fahrenheit 451 (Atari ST - 1986),4.71,7
Falcon (Atari ST - 1988),4.13,15
Falcon Operation: Counterstrike (Atari ST - 1989),5.00,3
Falcon Operation: Firefight (Atari ST - 1990),5.00,2
Fallen Angel (Atari ST - 1989),4.75,4
Fantastic Worlds (Atari ST - 1992),0.00,0
Fantasy World Dizzy (Atari ST - 1991),4.25,12
Fanwor: The Legend of Gemda (Atari ST - 1999),0.00,0
Fascination (Atari ST - 1991),4.36,50
Fast Food (Atari ST - 1989),4.25,4
Fate Master (Atari ST - 1992),0.00,0
Fate: Gates of Dawn (Atari ST - 1991),5.00,1
Fernandez Must Die (Atari ST - 1988),5.00,1
Ferrari Formula One (Atari ST - 1989),4.20,15
Feudal Lords (Atari ST - 1990),4.00,3
Fiendish Freddy's Big Top O' Fun (Atari ST - 1989),4.60,5
Fighting Soccer (Atari ST - 1989),0.00,0
Final Assault (Atari ST - 1988),3.11,9
Final Blow (Atari ST - 1991),5.00,1
Final Command (Atari ST - 1989),4.00,1
Final Fight (Atari ST - 1991),5.00,2
Fire & Forget II (Atari ST - 1991),3.80,10
Fire & Ice (Atari ST - 1992),4.44,33
Fire and Brimstone (Atari ST - 1990),5.00,1
Fire and Forget (Atari ST - 1989),4.13,8
Fire-Brigade: The Battle for Kiev - 1943 (Atari ST - 1989),4.70,10
Firezone (Atari ST - 1988),4.50,6
First Contact (Atari ST - 1990),5.00,1
First Samurai (Atari ST - 1991),4.61,13
Fish (Atari ST - 1988),4.89,9
Flight of The Intruder (Atari ST - 1991),4.75,12
Flight Simulator II (Atari ST - 1987),4.00,3
Flimbo's Quest (Atari ST - 1990),4.25,4
Flip-it & Magnose: Water Carriers from Mars (Atari ST - 1990),5.00,2
Flood (Atari ST - 1990),5.00,2
FOFT: Federation of Free Traders (Atari ST - 1989),5.00,3
Football Director II (Atari ST - 1988),0.00,0
Football Manager 2 (Atari ST - 1988),4.78,9
Football Manager: World Cup Edition 1990 (Atari ST - 1990),0.00,0
Footballer of the Year 2 (Atari ST - 1989),2.00,1
Forgotten Worlds (Atari ST - 1989),3.17,6
Formel 1 - Manager (Atari ST - 1987),0.00,0
Formula One (Atari ST - 1993),4.64,14
Fort Apache (Atari ST - 1992),4.20,5
Foundations Waste (Atari ST - 1988),0.00,0
Four-F (Atari ST - 2001),0.00,0
Frankenstein (Atari ST - 1992),0.00,0
Fred (Atari ST - 1989),5.00,1
Freddy Hardest in South Manhattan (Atari ST - 1989),4.33,3
Freedom: Rebels in the Darkness (Atari ST - 1988),3.00,2
Frenetic (Atari ST - 1991),0.00,0
Frontier: Elite II (Atari ST - 1993),4.65,34
Frontline (Atari ST - 1990),4.50,2
Fuck Quest (Atari ST - 1998),5.00,1
Fugger (Atari ST - 1988),5.00,1
Full Metal Planete (Atari ST - 1990),4.73,11
Fun School 3 for the Under 5s (Atari ST - 1990),0.00,0
Future Basketball (Atari ST - 1990),3.00,2
Future Wars: Adventures in Time (Atari ST - 1989),4.68,28
G-Loc Air Battle (Atari ST - 1992),5.00,1
G.Nius (Atari ST - 1988),0.00,0
Galactic Conqueror (Atari ST - 1988),4.67,3
Galactic Empire (Atari ST - 1990),3.88,8
Galaxy Force II (Atari ST - 1990),5.00,1
Game Over II (Atari ST - 1988),4.83,6
"Garfield: Big, Fat, Hairy Deal (Atari ST - 1988)",0.00,0
Garfield: Winter's Tail (Atari ST - 1989),5.00,1
Gary Lineker's Hot-Shot! (Atari ST - 1989),0.00,0
Gary Linekers Superskills (Atari ST - 1988),0.00,0
Gato (Atari ST - 1986),4.40,25
Gauntlet (Atari ST - 1987),4.91,23
Gauntlet II (Atari ST - 1988),4.68,19
Gauntlet III: The Final Quest (Atari ST - 1991),5.00,3
Geisha (Atari ST - 1990),3.76,21
Gem Stone Legend (Atari ST - 1990),0.00,0
Gem'X (Atari ST - 1991),5.00,1
Gemini Wing (Atari ST - 1989),0.00,0
Germ Crazy (Atari ST - 1991),5.00,1
Get Dexter 2 (Atari ST - 1988),5.00,1
Gettysburg (Atari ST - 1990),0.00,0
GFL Championship Football (Atari ST - 1987),3.33,3
Ghost Battle (Atari ST - 1991),5.00,1
Ghostbusters II (Atari ST - 1989),5.00,1
Ghosts 'n Goblins (Atari ST - 1990),4.44,50
Ghouls 'N Ghosts (Atari ST - 1989),4.57,7
Gilbert: Escape from Drill (Atari ST - 1989),0.00,0
GNU Chess (Atari ST - 1994),4.00,1
Go-Moku / Renju (Atari ST - 1988),0.00,0
Goal! (Atari ST - 1994),5.00,6
Gobliiins (Atari ST - 1992),4.34,56
Gobliins 2: The Prince Buffoon (Atari ST - 1992),4.53,32
GodPey (Atari ST - 2002),0.00,0
Gods (Atari ST - 1991),4.42,52
Goin' Down with the Captain (Atari ST - 1995),0.00,0
Gold of the Realm (Atari ST - 1988),5.00,1
Golden Axe (Atari ST - 1990),4.70,40
Golden Eagle (Atari ST - 1991),3.25,4
Goldrunner (Atari ST - 1987),2.00,1
Goldrunner II (Atari ST - 1988),2.50,2
Graeme Souness Soccer Manager (Atari ST - 1992),4.50,2
Graeme Souness Vector Soccer (Atari ST - 1991),0.00,0
Graham Taylor's Soccer Challenge (Atari ST - 1992),2.50,2
Grand Prix 500 2 (Atari ST - 1991),5.00,2
Grand Prix 500 cc (Atari ST - 1987),0.00,0
Grandad 2: In Search of Sandwiches (Atari ST - 1993),5.00,1
Grandad and The Quest for The Holey Vest (Atari ST - 1992),5.00,1
Graveyard (Atari ST - 1994),0.00,0
Gravity (Atari ST - 1990),5.00,1
Great Courts 2 (Atari ST - 1991),4.06,15
Great Napoleonic Battles (Atari ST - 1991),3.50,6
Greg Norman's Shark Attack!: The Ultimate Golf Simulator (Atari ST - 1990),3.00,2
Gremlins 2: The New Batch (Atari ST - 1990),4.70,10
Guardians (Atari ST - 1991),3.00,1
Gunship (Atari ST - 1986),4.64,25
Guy Spy and the Crystals of Armageddon (Atari ST - 1993),4.25,4
Hack (Atari ST - 1986),4.17,6
Hacker (Atari ST - 1986),3.82,17
Hacker II: The Doomsday Papers (Atari ST - 1986),4.91,11
Hades Nebula (Atari ST - 1987),4.00,2
Hammer Boy (Atari ST - 1991),4.67,3
Hammerfist (Atari ST - 1990),1.00,1
Hanse (Atari ST - 1986),4.50,8
Hard 'n' Heavy (Atari ST - 1989),2.75,4
Hard Drivin' (Atari ST - 1989),3.88,25
Hard Drivin' II (Atari ST - 1990),4.40,15
Hard Nova (Atari ST - 1991),4.06,17
Harlequin (Atari ST - 1992),5.00,1
Harley-Davidson: The Road to Sturgis (Atari ST - 1990),4.13,19
Harricana: International Snowmobile Race - Quebec-Canada 90 (Atari ST - 1990),5.00,1
Harrier Strike Mission (Atari ST - 1986),5.00,3
Hawkeye (Atari ST - 1989),3.67,3
Head Over Heels (Atari ST - 1989),3.67,3
Headlong (Atari ST - 1992),0.00,0
Heartland (Atari ST - 1996),0.00,0
Heat Wave: Offshore Superboat Racing (Atari ST - 1990),4.74,9
Heavy Metal (Atari ST - 1990),4.57,7
Heimdall (Atari ST - 1992),4.69,16
Hellowoon: Das Geheimnis des Zauberstabs (Atari ST - 1987),0.00,0
Helter Skelter (Atari ST - 1989),3.00,6
Hercules (Atari ST - 1990),2.50,2
Herewith the Clues (Atari ST - 1990),4.00,1
Hero's Quest: So You Want To Be A Hero (Atari ST - 1990),4.54,54
Heroes of the Lance (Atari ST - 1988),4.33,6
High Roller (Atari ST - 1986),0.00,0
High Steel (Atari ST - 1989),5.00,2
Highway Patrol II (Atari ST - 1989),3.80,5
Hill Street Blues (Atari ST - 1991),4.39,13
Hillsfar (Atari ST - 1989),3.82,11
HKM (Atari ST - 1989),4.20,5
HMS Cobra: Convois pour Mourmansk (Atari ST - 1987),0.00,0
Hole-In-One Miniature Golf (Atari ST - 1988),4.80,5
Hollywood Hijinx (Atari ST - 1987),4.60,5
Hollywood Poker Pro (Atari ST - 1989),4.83,6
Hong Kong Phooey: No.1 Super Guy (Atari ST - 1990),2.00,1
Hook (Atari ST - 1992),4.13,15
Horror Zombies from The Crypt (Atari ST - 1990),3.86,7
Horse Racing Simulator (Atari ST - 1990),0.00,0
Hostage: Rescue Mission (Atari ST - 1988),4.39,23
Hostile Reception (Atari ST - 1990),0.00,0
Hot Wheels (Atari ST - 1991),0.00,0
Hotball (Atari ST - 1988),0.00,0
Hotshot (Atari ST - 1988),5.00,2
Hoverforce (Atari ST - 1990),4.80,5
Hoyle: Official Book of Games - Volume 1 (Atari ST - 1990),4.41,17
Hoyle: Official Book of Games - Volume 2: Solitaire (Atari ST - 1990),4.44,9
Huckleberry Hound in Hollywood Capers (Atari ST - 1993),3.00,1
Hudson Hawk (Atari ST - 1991),3.00,2
Hunter (Atari ST - 1991),4.33,3
Hydra (Atari ST - 1991),2.00,1
Hyperbowl (Atari ST - 1987),1.00,1
I Play: 3-D Soccer (Atari ST - 1991),0.00,0
Ian Fleming's James Bond 007 in Live and Let Die: The Computer Game (Atari ST - 1988),5.00,1
Icarus (Atari ST - 1988),3.00,1
Ikari Warriors (Atari ST - 1988),4.30,17
Ikari Warriors II: Victory Road (Atari ST - 1989),3.88,8
Illusion (Atari ST - 1987),0.00,0
Imperium (Atari ST - 1990),4.43,7
Impossamole (Atari ST - 1990),4.00,2
Impossible Mission II (Atari ST - 1988),4.20,39
Impulse (Atari ST - 1989),0.00,0
In 80 Days Around the World (Atari ST - 1987),5.00,2
Incredible Shrinking Sphere (Atari ST - 1989),4.00,1
Indian Mission (Atari ST - 1988),0.00,0
Indiana Jones and The Fate of Atlantis: The Action Game (Atari ST - 1992),4.00,4
Indiana Jones and The Last Crusade: The Action Game (Atari ST - 1989),4.06,16
Indiana Jones and The Last Crusade: The Graphic Adventure (Atari ST - 1989),4.52,67
Indiana Jones and The Temple of Doom (Atari ST - 1987),4.10,10
Infestation (Atari ST - 1990),4.72,7
Insecticide (Atari ST - 1992),0.00,0
Insects in Space (Atari ST - 1991),2.50,2
International 3D Tennis (Atari ST - 1990),0.00,0
International Championship Athletics (Atari ST - 1991),0.00,0
International Ninja Rabbits (Atari ST - 1991),4.00,3
International Rugby Simulator (Atari ST - 1989),0.00,0
International Sensible Soccer (Atari ST - 1994),4.44,9
International Soccer Challenge (Atari ST - 1990),4.67,6
International Sports Challenge (Atari ST - 1992),2.67,3
International Truck Racing (Atari ST - 1992),0.00,0
Interphase (Atari ST - 1989),4.75,4
Into The Eagle's Nest (Atari ST - 1987),4.13,8
Intruder (Atari ST - 1989),5.00,1
Iron Lord (Atari ST - 1989),4.25,8
Iron Trackers (Atari ST - 1989),0.00,0
Ishar 2: Messengers of Doom (Atari ST - 1993),4.13,23
Ishar 3: The Seven Gates of Infinity (Atari ST - 1994),4.27,26
Ishar: Legend of the Fortress (Atari ST - 1992),5.00,4
Island Strike: The Ultimate Conflict (Atari ST - 1996),0.00,0
Italia 1990 (Atari ST - 1990),5.00,1
Ivan 'Ironman' Stewart's Super Off Road (Atari ST - 1990),4.56,51
Ivanhoe (Atari ST - 1990),5.00,1
Iznogoud (Atari ST - 1987),2.33,3
J.R.R. Tolkien's War in Middle Earth (Atari ST - 1989),4.45,21
Jabato (Atari ST - 1989),5.00,2
Jack Nicklaus' Greatest 18 Holes of Major Championship Golf (Atari ST - 1989),3.40,5
Jahangir Khan World Championship Squash (Atari ST - 1991),4.00,6
James Pond 2: Codename: RoboCod (Atari ST - 1991),4.70,23
James Pond: Underwater Agent (Atari ST - 1990),3.33,3
Japan Scenery Disk (Atari ST - 1988),3.00,2
Jaws (Atari ST - 1989),2.00,1
JAY Minesweeper (Atari ST - 1995),0.00,0
"Jeffrey Archer: Not a Penny More, Not a Penny Less - The Computer Game (Atari ST - 1987)",5.00,1
Jet (Atari ST - 1988),4.50,8
Jet Set Willy (Atari ST - 1998),0.00,0
Jetpac (Atari ST - 1992),0.00,0
Jetsons: The Computer Game (Atari ST - 1992),4.67,6
"Jim Power in ""Mutant Planet"" (Atari ST - 1992)",4.00,2
Jimmy White's 'Whirlwind' Snooker (Atari ST - 1991),4.07,28
Jinxter (Atari ST - 1988),5.00,3
Joan of Arc: Siege & the Sword (Atari ST - 1989),4.57,21
Joe Blade (Atari ST - 1988),3.00,2
Joe Blade II (Atari ST - 1988),5.00,1
John Barnes European Football (Atari ST - 1992),4.00,1
Journey to the Center of the Earth (Atari ST - 1988),4.56,13
Joust (Atari ST - 1986),3.83,6
Judge Dredd (Atari ST - 1990),2.00,1
Jumpin' Jackson (Atari ST - 1990),4.50,4
Jumping Ghost (Atari ST - 1992),0.00,0
Jupiter Probe (Atari ST - 1987),0.00,0
Jupiter's Masterdrive (Atari ST - 1990),0.00,0
Kaiser (Atari ST - 1988),0.00,0
Karateka (Atari ST - 1988),4.72,35
Keith Van Eron's Pro Soccer (Atari ST - 1989),4.29,14
Kelly X (Atari ST - 1989),0.00,0
Kennedy Approach (Atari ST - 1988),4.67,6
Khalaan (Atari ST - 1990),3.29,7
Kick Off (Atari ST - 1989),4.20,5
Kick Off 2 (Atari ST - 1990),4.17,30
Kick Off 2: Return To Europe (Atari ST - 1991),3.00,1
Kick Off 2: The Final Whistle (Atari ST - 1991),4.00,2
Kick Off: Extra Time (Atari ST - 1989),3.00,1
Kid Gloves (Atari ST - 1990),0.00,0
Kid Gloves II: The Journey Back (Atari ST - 1992),3.00,2
Killdozers (Atari ST - 1988),0.00,0
Killerball (Atari ST - 1991),0.00,0
Killing Cloud (Atari ST - 1991),4.30,10
King's Quest (Atari ST - 1986),4.37,105
King's Quest II: Romancing the Throne (Atari ST - 1985),4.46,33
King's Quest III: To Heir is Human (Atari ST - 1986),4.31,51
King's Quest IV: The Perils of Rosella (Atari ST - 1990),4.14,75
Kingmaker (Atari ST - 1993),4.53,17
Klax (Atari ST - 1990),4.22,9
Knight Force (Atari ST - 1989),3.67,3
Knightmare (Atari ST - 1991),5.00,1
Knights of the Sky (Atari ST - 1991),4.29,25
Krypton Egg (Atari ST - 1989),4.35,17
Kubes (Atari ST - 1993),0.00,0
Kyros (Atari ST - 1988),0.00,0
L.E.D. Storm (Atari ST - 1988),3.80,5
La Aventura Original (Atari ST - 1989),4.50,4
La Corona Mágica (Atari ST - 1990),3.00,1
La Diosa de Cozumel (Atari ST - 1990),4.33,3
La Marque Jaune (Atari ST - 1988),0.00,0
Lagaf': Les Aventures de Moktar - Vol 1: La Zoubida (Atari ST - 1991),4.55,40
Lamborghini: American Challenge (Atari ST - 1992),4.07,28
Lancaster (Atari ST - 1989),4.00,1
Lancelot (Atari ST - 1988),4.44,9
Laser Squad (Atari ST - 1989),4.70,33
Last Duel: Inter Planet War 2012 (Atari ST - 1989),5.00,1
Last Ninja 2: Back With a Vengeance (Atari ST - 1990),4.35,17
Last Ninja 3 (Atari ST - 1991),4.83,6
Le Labyrinthe d'Errare (Atari ST - 1989),0.00,0
Le labyrinthe d'Orthophus (Atari ST - 1989),4.00,1
Le Labyrinthe de Morphintax (Atari ST - 1991),0.00,0
Leader Board (Atari ST - 1986),5.00,1
Leander (Atari ST - 1991),4.00,2
Leather Goddesses Of Phobos (Atari ST - 1986),4.15,20
Leatherneck (Atari ST - 1988),4.00,1
Leavin' Teramis (Atari ST - 1990),0.00,0
Leeds United Champions! (Atari ST - 1992),0.00,0
Legend of Djel (Atari ST - 1989),4.50,4
Legend of Faerghail (Atari ST - 1990),4.20,10
Legend of the Lost (Atari ST - 1990),0.00,0
Legend of The Sword (Atari ST - 1988),4.00,9
Legends of Valour (Atari ST - 1993),4.38,8
Leisure Suit Larry Goes Looking for Love (In Several Wrong Places) (Atari ST - 1989),4.58,36
Leisure Suit Larry III: Passionate Patti in Pursuit of the Pulsating Pectorals (Atari ST - 1990),4.27,33
Leisure Suit Larry in the Land of the Lounge Lizards (Atari ST - 1987),4.28,103
Lemmings (Atari ST - 1991),4.69,111
Lemmings 2: The Tribes (Atari ST - 1993),4.37,27
Leonardo (Atari ST - 1989),3.50,2
Les Portes du Temps (Atari ST - 1989),1.00,1
Let's Go Memo! (Atari ST - 1997),4.00,1
Lethal Weapon (Atari ST - 1992),5.00,4
Lethal Xcess: Wings of Death II (Atari ST - 1991),4.25,4
Life & Death (Atari ST - 1991),4.29,34
Light Cycles (Atari ST - 1990),5.00,1
Lila (Atari ST - 2001),0.00,0
Lin Wu's Challenge (Atari ST - 1990),5.00,1
Line of Fire (Atari ST - 1990),3.50,2
Little Computer People (Atari ST - 1986),4.47,46
Little Puff in Dragonland (Atari ST - 1990),1.00,1
Liverpool: The Computer Game (Atari ST - 1993),5.00,1
Livingstone II (Atari ST - 1989),4.45,11
Llamatron: 2112 (Atari ST - 1991),4.63,11
Locomotion (Atari ST - 1992),4.20,10
Lode Runner (Atari ST - 1989),4.88,24
Lombard RAC Rally (Atari ST - 1988),4.54,11
Lombric (Atari ST - 1999),0.00,0
Loom (Atari ST - 1990),4.52,46
Loopz (Atari ST - 1990),5.00,1
Lords of Chaos (Atari ST - 1991),4.67,6
Lords of Conquest (Atari ST - 1988),4.50,14
Lords of Doom (Atari ST - 1990),3.40,15
Lorna (Atari ST - 1990),4.25,8
Los Templos Sagrados (Atari ST - 1991),5.00,2
Lost Patrol (Atari ST - 1990),4.06,17
Lotus Esprit Turbo Challenge (Atari ST - 1990),5.00,5
Lotus Turbo Challenge 2 (Atari ST - 1991),4.18,11
Lotus: The Ultimate Challenge (Atari ST - 1992),4.67,48
Lucky Luke (Atari ST - 1987),3.88,8
Lure of The Temptress (Atari ST - 1992),4.72,25
M1 Tank Platoon (Atari ST - 1990),4.60,40
Mac Pan (Atari ST - 1987),5.00,1
Macadam Bumper (Atari ST - 1986),4.50,6
Mach 3 (Atari ST - 1987),3.75,8
Mad Show (Atari ST - 1988),5.00,4
Magic Boy (Atari ST - 1993),3.86,7
Magic Fly (Atari ST - 1990),0.00,0
Magic Lines (Atari ST - 1990),5.00,2
Magic Pockets (Atari ST - 1991),4.52,29
Magicland Dizzy (Atari ST - 1991),4.36,11
Magnetik Tank (Atari ST - 1987),5.00,3
Major Motion (Atari ST - 1986),2.00,1
Manchester United (Atari ST - 1990),3.80,5
Manhunter 2: San Francisco (Atari ST - 1990),4.38,16
Manhunter: New York (Atari ST - 1988),4.80,10
Maniac Mansion (Atari ST - 1989),4.55,20
Maniax (Atari ST - 1988),0.00,0
Manix (Atari ST - 1990),0.00,0
Marble Madness (Atari ST - 1986),4.60,25
Marlowe (Atari ST - 1992),0.00,0
Masterblazer (Atari ST - 1991),3.50,2
Masters of the Universe: The Movie (Atari ST - 1988),0.00,0
Mata Hari (Atari ST - 1989),0.00,0
Match (Atari ST - 1990),0.00,0
Match of the Day (Atari ST - 1992),2.25,8
Matrix Marauders (Atari ST - 1990),0.00,0
Maupiti Island (Atari ST - 1991),5.00,24
Mayday Squad (Atari ST - 1989),5.00,5
Mean Streets (Atari ST - 1990),4.67,12
Mega Lo Mania (Atari ST - 1991),4.47,50
Mega Phoenix (Atari ST - 1991),4.00,2
Megamix (Atari ST - 1990),0.00,0
Megamix 2: Brainstorm (Atari ST - 1991),0.00,0
MegaTraveller 1: The Zhodani Conspiracy (Atari ST - 1991),4.50,8
Mem (Atari ST - 2002),0.00,0
Memory Recall (Atari ST - 1995),0.00,0
Menace (Atari ST - 1989),4.00,5
Mercenary (Atari ST - 1986),5.00,3
Mercenary III: The Dion Crisis (Atari ST - 1991),5.00,2
Mercs (Atari ST - 1991),4.00,2
Metal Masters (Atari ST - 1990),3.00,2
Metal Mutant (Atari ST - 1991),5.00,4
Metro Cross (Atari ST - 1987),0.00,0
Méwilo (Atari ST - 1988),0.00,0
Mickey Mouse: The Computer Game (Atari ST - 1988),5.00,1
Mickey's Runaway Zoo (Atari ST - 1991),5.00,1
MicroLeague Action Sports Soccer (Atari ST - 1991),4.20,5
Midi-Maze (Atari ST - 1987),5.00,1
Midnight Resistance (Atari ST - 1990),5.00,3
Midwinter (Atari ST - 1989),4.55,20
MiG-29 Fulcrum (Atari ST - 1991),4.38,13
MiG-29M Super Fulcrum (Atari ST - 1991),4.83,6
Mighty Bombjack (Atari ST - 1990),4.60,15
Millennium: Return to Earth (Atari ST - 1989),4.54,26
Mindshadow (Atari ST - 1985),4.25,8
Mindwheel (Atari ST - 1985),4.33,3
Minefield (Atari ST - 1992),0.00,0
Minos (Atari ST - 1987),0.00,0
Missile Alert! (Atari ST - 1991),0.00,0
Missile Command (Atari ST - 1987),0.00,0
Mission (Atari ST - 1987),0.00,0
Mission Deadzone (Atari ST - 1990),0.00,0
Mission Elevator (Atari ST - 1987),4.25,4
Mission X (Atari ST - 1993),0.00,0
Monster Business (Atari ST - 1991),4.40,5
Monty Python's Flying Circus (Atari ST - 1990),3.60,5
Moon Blaster (Atari ST - 1990),2.00,1
Moonfall (Atari ST - 1991),3.00,2
Moonshine Racers (Atari ST - 1991),4.53,17
Moonwalker (Atari ST - 1989),4.44,9
Mortville Manor (Atari ST - 1987),5.00,5
Mouse Trap (Atari ST - 1987),0.00,0
Mr Dice (Atari ST - 1991),0.00,0
Mudpies (Atari ST - 1985),0.00,0
Multi Pakman (Atari ST - 1994),0.00,0
Murders in Space (Atari ST - 1990),3.80,5
Murders in Venice (Atari ST - 1989),4.29,7
Mystical (Atari ST - 1990),4.00,3
Myth (Atari ST - 1989),3.60,5
Napoleon I: The Campaigns 1805-1814 (Atari ST - 1991),4.00,2
NARC (Atari ST - 1990),3.67,3
Narco Police (Atari ST - 1990),4.11,26
Navy Moves (Atari ST - 1989),4.08,13
Navy Seals (Atari ST - 1991),3.50,2
Neighbours (Atari ST - 1991),1.00,1
Netherworld (Atari ST - 1988),4.54,13
Never Mind (Atari ST - 1989),3.67,3
Nicky 2 (Atari ST - 1993),5.00,2
Nicky Boom (Atari ST - 1992),5.00,1
Nigel Mansell's World Championship Racing (Atari ST - 1992),4.10,10
Night Crawlers (Atari ST - 1986),0.00,0
Night Shift (Atari ST - 1990),3.00,2
Nine Princes in Amber (Atari ST - 1985),4.46,11
Ninja (Atari ST - 1987),4.67,6
Ninja Gaiden (Atari ST - 1990),3.67,9
Ninja Rabbits (Atari ST - 1991),4.50,6
Ninja Spirit (Atari ST - 1990),4.00,2
Nitro (Atari ST - 1990),3.00,2
No Exit (Atari ST - 1990),3.33,3
No Name (Atari ST - 1989),0.00,0
No Second Prize (Atari ST - 1992),5.00,1
Nord and Bert Couldn't Make Head or Tail of It (Atari ST - 1987),4.67,9
North & South (Atari ST - 1989),4.44,45
Obitus (Atari ST - 1991),4.13,15
Obliterator (Atari ST - 1988),4.67,3
Obsession (Atari ST - 1994),1.50,2
Ogre (Atari ST - 1986),4.00,1
Oh No! More Lemmings (Atari ST - 1992),4.75,16
Oids (Atari ST - 1987),5.00,1
Oliver & Company (Atari ST - 1989),4.78,9
Omar Sharif on Bridge (Atari ST - 1992),3.75,12
Omega (Atari ST - 1989),4.91,11
Omnicron Conspiracy (Atari ST - 1990),3.60,5
Omnitrend's Paladin II (Atari ST - 1992),4.83,6
On the Road (Atari ST - 1990),4.00,1
Once a King (Atari ST - 1988),0.00,0
Only! Valency (Atari ST - 1994),5.00,2
Onslaught (Atari ST - 1989),4.50,6
Oo-Topos (Atari ST - 1987),4.67,3
Ooze: Creepy Nites (Atari ST - 1988),4.60,5
Operation Harrier (Atari ST - 1990),4.25,8
Operation Thunderbolt (Atari ST - 1990),4.00,2
Operation Wolf (Atari ST - 1988),4.44,25
Operation: Cleanstreets (Atari ST - 1988),4.00,1
Orb (Atari ST - 1999),4.00,1
Orbiter (Atari ST - 1988),5.00,3
Oriental Games (Atari ST - 1990),2.00,1
Ork (Atari ST - 1991),2.00,1
Othello Killer (Atari ST - 1989),0.00,0
Out Board (Atari ST - 1990),0.00,0
Out of This World (Atari ST - 1991),4.70,70
Outlands (Atari ST - 1989),0.00,0
OutRun (Atari ST - 1988),4.31,29
OutRun Europa (Atari ST - 1991),4.75,4
Outzone (Atari ST - 1991),0.00,0
Overlander (Atari ST - 1988),3.67,3
Overscan Invaders (Atari ST - 1994),0.00,0
Oxyd (Atari ST - 1990),4.16,13
Oxyd 2 (Atari ST - 1991),5.00,1
Oxyd magnum! (Atari ST - 1993),3.00,2
P47 Thunderbolt (Atari ST - 1990),4.00,5
Pac-Land (Atari ST - 1989),4.20,5
Pac-Mania (Atari ST - 1988),4.46,13
Pacific Islands (Atari ST - 1992),4.10,19
Pacman for GEM (Atari ST - 1998),5.00,1
Pacman on E's (Atari ST - 1993),0.00,0
Pandora (Atari ST - 1988),1.00,1
Pang (Atari ST - 1990),4.43,23
Panza Kick Boxing (Atari ST - 1990),4.48,25
PaperBoy (Atari ST - 1989),4.47,17
Paradroid 90 (Atari ST - 1990),3.60,5
Paragliding (Atari ST - 1991),4.28,7
Parasol Stars: The Story of Bubble Bobble III (Atari ST - 1992),4.00,3
Paris Dakar 1990 (Atari ST - 1990),4.75,12
Passengers on The Wind (Atari ST - 1987),3.88,8
Passengers on the Wind II (Atari ST - 1988),4.00,4
Passing Shot (Atari ST - 1989),5.00,1
Pegasus (Atari ST - 1991),3.50,2
Penta (Atari ST - 2005),0.00,0
Perfect Match (Atari ST - 1987),0.00,0
Perry Mason: The Case of the Mandarin Murder (Atari ST - 1985),4.60,5
Persian Gulf Inferno (Atari ST - 1990),4.91,11
Peter Beardsley's International Football (Atari ST - 1988),0.00,0
Peter Pan (Atari ST - 1988),5.00,2
Phantasie (Atari ST - 1986),4.22,23
Phantasie II (Atari ST - 1986),5.00,1
Phantasie III: The Wrath of Nikademus (Atari ST - 1987),4.11,18
Phobia (Atari ST - 1989),2.50,2
Pick 'n Pile (Atari ST - 1990),3.40,5
Pictionary: The Game of Quick Draw (Atari ST - 1989),4.15,13
Pinball Magic (Atari ST - 1989),4.67,3
Pink Panther (Atari ST - 1989),3.67,3
Pit-Fighter (Atari ST - 1991),4.23,13
Plan 9 from Outer Space (Atari ST - 1992),4.13,8
Planet Lander (Atari ST - 1988),0.00,0
Planet of Lust (Atari ST - 1989),3.77,13
Platoon (Atari ST - 1988),4.70,10
Player Manager (Atari ST - 1990),4.67,3
Playhouse Strippoker (Atari ST - 1988),3.70,10
Plutos (Atari ST - 1987),3.67,3
Police Quest 2: The Vengeance (Atari ST - 1989),4.68,25
Police Quest: In Pursuit of the Death Angel (Atari ST - 1987),4.50,31
Pool (Atari ST - 1987),1.00,1
Populous (Atari ST - 1989),4.63,35
Populous / Populous: The Promised Lands (Atari ST - 1993),5.00,2
Populous II: Trials of the Olympian Gods (Atari ST - 1992),4.52,138
Populous: The Promised Lands (Atari ST - 1989),4.71,17
Pork 2 (Atari ST - 1989),0.00,0
Potsworth & Co. (Atari ST - 1992),5.00,1
Power Drift (Atari ST - 1989),4.36,11
Power Struggle (Atari ST - 1988),5.00,2
Power Up plus (Atari ST - 1998),0.00,0
Powerdrome (Atari ST - 1988),4.60,10
Powermonger (Atari ST - 1990),4.44,23
Powermonger: World War I Edition (Atari ST - 1991),5.00,5
Powerplay: The Game of the Gods (Atari ST - 1987),4.25,4
Predator (Atari ST - 1988),3.50,2
Predator 2 (Atari ST - 1991),5.00,6
Prehistorik (Atari ST - 1991),4.69,65
Premier Manager (Atari ST - 1992),4.08,26
Premier Manager 2 (Atari ST - 1994),4.22,38
Premium Mah Jongg II (Atari ST - 1993),0.00,0
Prime Time (Atari ST - 1988),3.86,7
Prince of Persia (Atari ST - 1990),4.61,211
Pro Powerboat Simulator (Atari ST - 1990),3.67,3
Prohibition (Atari ST - 1987),4.88,8
Project Neptune (Atari ST - 1989),4.07,14
Projectyle (Atari ST - 1990),5.00,1
Prophecy: Viking Child (Atari ST - 1990),4.80,5
Protector (Atari ST - 1986),0.00,0
Psion Chess (Atari ST - 1986),4.33,6
Psyborg (Atari ST - 1992),0.00,0
Psycho (Atari ST - 1989),3.00,4
Pub Darts (Atari ST - 1988),4.50,2
Puffy's Saga (Atari ST - 1989),1.00,1
PUNSSi (Atari ST - 1995),0.00,0
Purple Saturn Day (Atari ST - 1989),4.00,6
Push 'n' Shove (Atari ST - 1992),5.00,1
Pushover (Atari ST - 1992),4.50,20
Puzznic (Atari ST - 1990),4.55,11
Quadralien (Atari ST - 1988),4.20,5
Quadrel (Atari ST - 1991),4.00,3
Quartz (Atari ST - 1989),2.00,1
Quasar (Atari ST - 1986),0.00,0
Quatris (Atari ST - 1991),0.00,0
Quest for Tanda (Atari ST - 1991),0.00,0
Questron II (Atari ST - 1988),4.27,11
Quink (Atari ST - 1987),2.00,1
R-Type II (Atari ST - 1991),4.75,4
R.B.I. Baseball 2 (Atari ST - 1991),3.88,8
Race Drivin' (Atari ST - 1992),4.10,10
Radio Controlled Racer (Atari ST - 1991),0.00,0
Rainbow Islands (Atari ST - 1990),4.00,4
Rambo III (Atari ST - 1988),3.50,26
Rampage (Atari ST - 1987),4.85,13
Rampart (Atari ST - 1992),4.70,17
Rana Rama (Atari ST - 1987),4.00,1
Ranx: The Video Game (Atari ST - 1990),3.82,11
Reach for the Skies (Atari ST - 1993),4.20,5
Realms (Atari ST - 1991),4.65,17
Rebellion (Atari ST - 1992),0.00,0
Recoil (Atari ST - 1989),0.00,0
Red Heat (Atari ST - 1989),4.00,3
Red Lightning (Atari ST - 1989),4.22,9
Red Storm Rising (Atari ST - 1989),4.68,47
Renegade (Atari ST - 1988),4.82,11
Return to Genesis (Atari ST - 1988),0.00,0
Revenge of Defender (Atari ST - 1988),5.00,3
Revenge of the Mutant Camels (Atari ST - 1992),0.00,0
Rick Dangerous (Atari ST - 1989),4.05,21
Rick Dangerous 2 (Atari ST - 1990),4.62,21
Rick Davis's World Trophy Soccer (Atari ST - 1989),4.64,14
Rings of Medusa (Atari ST - 1989),4.69,13
Rings of Zilfin (Atari ST - 1987),3.40,5
Ripcord (Atari ST - 1986),0.00,0
Risky Woods (Atari ST - 1992),4.83,12
Road Raider (Atari ST - 1988),3.00,2
Road Runner (Atari ST - 1987),4.50,16
RoadWar 2000 (Atari ST - 1987),4.79,14
RoadWar Europa (Atari ST - 1987),4.75,12
Roadwars (Atari ST - 1987),1.00,1
Robert in the Fire Factory (Atari ST - 1992),0.00,0
Robin Smith's International Cricket (Atari ST - 1991),0.00,0
Robinson's Requiem (Atari ST - 1994),4.54,29
RoboCop (Atari ST - 1989),4.21,14
RoboCop 2 (Atari ST - 1990),0.00,0
RoboCop 3 (Atari ST - 1992),4.50,16
Robotz (Atari ST - 1990),0.00,0
Robozone (Atari ST - 1991),1.00,1
Rock 'n Roll (Atari ST - 1989),4.27,11
Rock Star Ate My Hamster (Atari ST - 1988),5.00,2
Rocket Ranger (Atari ST - 1988),4.33,27
Rockfall (Atari ST - 1992),0.00,0
Rockfall 2: The Perils of Spud (Atari ST - 1992),0.00,0
Rockfall 3 (Atari ST - 1995),0.00,0
Rockfall Special Edition (Atari ST - 1992),0.00,0
Rockford: The Arcade Game (Atari ST - 1988),4.00,8
Rodland (Atari ST - 1991),3.50,2
Roger (Atari ST - 2004),0.00,0
Rogue (Atari ST - 1986),4.37,35
Rogue Trooper (Atari ST - 1991),2.00,1
Roll 'N Nudge (Atari ST - 1990),0.00,0
Roller Coaster Rumbler (Atari ST - 1989),0.00,0
Rolling Ronny (Atari ST - 1991),4.20,5
Rolling Thunder (Atari ST - 1988),3.25,4
Rotor (Atari ST - 1990),4.20,5
Rotox (Atari ST - 1990),4.00,1
Round the Bend! (Atari ST - 1991),1.00,1
Rubicon (Atari ST - 1992),2.50,2
Rugby: The World Cup (Atari ST - 1991),0.00,0
RVF Honda (Atari ST - 1989),4.00,2
S.C.I.: Special Criminal Investigation (Atari ST - 1990),5.00,3
S.D.I. (Atari ST - 1986),4.20,5
S.T.U.N. Runner (Atari ST - 1990),4.54,13
S.W.I.V. (Atari ST - 1991),3.67,3
Sabre Team (Atari ST - 1992),4.31,13
Saint Dragon (Atari ST - 1990),4.67,3
Sam in Monster's Garden (Atari ST - 1995),0.00,0
SantaFly (Atari ST - 2002),0.00,0
Sapiens (Atari ST - 1987),3.50,8
Sarakon (Atari ST - 1990),4.80,5
Sargon III (Atari ST - 1988),4.40,5
SAT.1 Bingo (Atari ST - 1992),5.00,1
Satan (Atari ST - 1990),3.89,9
Savage (Atari ST - 1989),4.43,7
Scapeghost (Atari ST - 1989),4.67,6
Scary (Atari ST - 1989),0.00,0
"Scenery Disk ""Western European Tour"" (Atari ST - 1988)",5.00,2
Scenery Disk 7 (Atari ST - 1987),5.00,2
Scooby-Doo and Scrappy-Doo (Atari ST - 1991),3.00,4
Scrabble (Atari ST - 1993),0.00,0
Scramble Spirits (Atari ST - 1990),5.00,2
Sea Fisherman (Atari ST - 1989),0.00,0
Seconds Out (Atari ST - 1988),0.00,0
Sensible Soccer: European Champions (Atari ST - 1992),0.00,0
Sensible Soccer: European Champions - 92/93 Edition (Atari ST - 1992),4.61,18
Sex Olympics (Atari ST - 1991),4.12,16
Sex Vixens from Space (Atari ST - 1989),3.68,40
Seymour Goes to Hollywood (Atari ST - 1992),4.00,2
Shadow Dancer (Atari ST - 1991),4.75,4
Shadow of the Beast (Atari ST - 1990),5.00,3
Shadow of the Beast II (Atari ST - 1991),2.00,1
Shadowgate (Atari ST - 1987),4.22,9
Shadowlands (Atari ST - 1992),4.43,7
Shadoworlds (Atari ST - 1992),3.67,3
Shanghai (Atari ST - 1986),4.20,5
Sharkey's 3D Pool (Atari ST - 1989),4.57,7
Sharks (Atari ST - 1991),0.00,0
Sheer Agony (Atari ST - 1995),3.00,2
Sherman M4 (Atari ST - 1989),5.00,12
Shinobi (Atari ST - 1989),3.63,24
Shufflepuck Cafe (Atari ST - 1990),4.42,45
Shuttle: The Space Flight Simulator (Atari ST - 1992),4.54,35
Sid Meier's Civilization (Atari ST - 1993),4.53,587
Sid Meier's Railroad Tycoon (Atari ST - 1991),4.82,22
Side Arms Hyper Dyne (Atari ST - 1989),5.00,3
SideWinder (Atari ST - 1988),2.33,3
Silent Service (Atari ST - 1986),4.67,37
Silent Service II (Atari ST - 1991),4.35,63
Silicon Dreams (Atari ST - 1986),4.25,8
SimCity (Atari ST - 1990),4.37,71
SimCity: Terrain Editor (Atari ST - 1991),5.00,6
Simulcra (Atari ST - 1990),3.00,2
Sinbad and the Throne of the Falcon (Atari ST - 1988),4.57,7
Skateball (Atari ST - 1989),0.00,0
Skidoo (Atari ST - 1989),3.00,2
Skidz (Atari ST - 1990),3.00,2
Skrull (Atari ST - 1988),2.67,3
Skull & Crossbones (Atari ST - 1991),4.00,4
Skull-Diggery (Atari ST - 1987),5.00,1
Skweek (Atari ST - 1989),4.00,7
Sky High Stuntman (Atari ST - 1991),0.00,0
Sky Shark (Atari ST - 1988),4.33,3
Skyfox (Atari ST - 1986),5.00,2
Slayer (Atari ST - 1989),3.00,1
Slaygon (Atari ST - 1988),0.00,0
Sleeping Gods Lie (Atari ST - 1989),4.67,3
Sleepwalker (Atari ST - 1993),5.00,6
Sliders (Atari ST - 1991),0.00,0
Sliding Puzzler (Atari ST - 1988),0.00,0
Slightly Magic (Atari ST - 1991),2.00,1
Slime Nemesis (Atari ST - 1991),0.00,0
Slippery Sid (Atari ST - 1989),0.00,0
Sly Spy: Secret Agent (Atari ST - 1989),4.50,2
Smash Hit (Atari ST - 1992),0.00,0
Smash T.V. (Atari ST - 1991),3.67,3
Snoopy: The Cool Computer Game (Atari ST - 1989),4.37,16
Snow Strike (Atari ST - 1990),3.50,4
Soccer Manager Plus (Atari ST - 1989),5.00,1
Solomon's Key (Atari ST - 1987),4.29,7
Sonic Boom (Atari ST - 1990),1.00,1
Sorcerer (Atari ST - 1985),4.25,8
Sorcerer Lord (Atari ST - 1988),4.00,5
Sorcery+ (Atari ST - 1988),3.00,2
Space 1889 (Atari ST - 1990),4.11,9
Space Ace (Atari ST - 1989),4.33,3
Space Battle (Atari ST - 2004),0.00,0
Space Crusade (Atari ST - 1992),4.41,29
Space Gun (Atari ST - 1992),1.00,1
Space Harrier (Atari ST - 1988),5.00,7
Space Harrier II (Atari ST - 1990),3.67,3
Space Invaders (Atari ST - 1990),5.00,1
Space Quest II: Chapter II - Vohaul's Revenge (Atari ST - 1987),4.11,27
Space Quest III: The Pirates of Pestulon (Atari ST - 1989),4.37,46
Space Quest: Chapter I - The Sarien Encounter (Atari ST - 1986),4.60,53
Space Racer (Atari ST - 1988),5.00,4
Space Station (Atari ST - 1986),0.00,0
Space Station Oblivion (Atari ST - 1988),4.80,5
Spaceball (Atari ST - 1988),1.00,1
Spacewrecked: 14 Billion Light Years From Earth (Atari ST - 1990),4.14,7
Spacola (Atari ST - 1991),0.00,0
Special Forces (Atari ST - 1992),4.69,16
Speed Buggy (Atari ST - 1987),4.50,6
Speedball (Atari ST - 1988),4.69,13
Speedball 2: Brutal Deluxe (Atari ST - 1990),4.50,40
Speedboat Assassins (Atari ST - 1989),3.50,2
Spell Bound (Atari ST - 1990),3.00,1
Spherical (Atari ST - 1989),3.00,2
Spindizzy Worlds (Atari ST - 1990),2.00,2
Spirit of Adventure (Atari ST - 1991),4.27,15
Spirit of Excalibur (Atari ST - 1990),4.00,16
Spitting Image: The Computer Game (Atari ST - 1988),0.00,0
Spot (Atari ST - 1991),4.67,3
Spy vs Spy (Atari ST - 1989),4.50,10
Stack Up (Atari ST - 1991),5.00,3
Star Command (Atari ST - 1988),4.22,27
Star Fleet I: The War Begins! (Atari ST - 1986),4.94,16
Star Raiders (Atari ST - 1986),5.00,1
Star Trap (Atari ST - 1988),0.00,0
Star Trek: The Rebel Universe (Atari ST - 1987),4.50,8
Star Wars (Atari ST - 1987),4.46,24
Star Wars: Return of the Jedi (Atari ST - 1988),3.00,2
Star Wars: The Empire Strikes Back (Atari ST - 1988),3.67,3
StarBlade (Atari ST - 1990),4.00,3
Starbyte Super Soccer (Atari ST - 1991),3.00,2
Stardust (Atari ST - 1994),4.50,4
StarFlight (Atari ST - 1990),4.57,40
StarGlider (Atari ST - 1986),4.56,9
Starglider II (Atari ST - 1988),4.35,12
Stargoose Warrior (Atari ST - 1988),5.00,3
Stationfall (Atari ST - 1987),5.00,2
Steel (Atari ST - 1989),1.00,1
Steg the Slug (Atari ST - 1992),4.50,2
Steigar (Atari ST - 1989),1.00,1
Stello (Atari ST - 1994),0.00,0
Steve Davis World Snooker (Atari ST - 1989),1.00,1
Stir Crazy featuring BoBo (Atari ST - 1988),3.00,2
Stone Age (Atari ST - 1992),4.67,12
Storm Master (Atari ST - 1992),5.00,4
Stormball (Atari ST - 1991),0.00,0
Stormtrooper (Atari ST - 1988),5.00,1
Stratego (Atari ST - 1991),4.43,35
Street Cat (Atari ST - 1988),4.30,10
Street Fighter (Atari ST - 1988),3.85,13
Street Fighter II (Atari ST - 1992),4.48,107
Street Gang (Atari ST - 1988),2.00,1
Strider (Atari ST - 1989),4.64,11
Strider 2 (Atari ST - 1990),3.00,3
Strike Fleet (Atari ST - 1991),4.69,19
Strike Force Harrier (Atari ST - 1988),4.43,7
Striker (Atari ST - 1992),4.41,17
Strip Poker II (Atari ST - 1988),4.17,24
Strip Poker: A Sizzling Game of Chance (Atari ST - 1987),4.65,14
Stryx (Atari ST - 1989),4.75,4
Stunt Track Racer (Atari ST - 1989),4.50,12
Stupid Balloon Game (Atari ST - 1998),0.00,0
Sub Battle Simulator (Atari ST - 1988),4.35,17
Sub Hunt (Atari ST - 1989),0.00,0
Subbuteo (Atari ST - 1990),3.67,6
Substation (Atari ST - 1995),0.00,0
Summer Challenge (Atari ST - 1988),5.00,3
Sundog: Frozen Legacy (Atari ST - 1985),4.64,25
Super Break-Out (Atari ST - 1989),0.00,0
Super Cars (Atari ST - 1990),5.00,1
Super Cars II (Atari ST - 1991),4.14,7
Super Cauldron (Atari ST - 1993),4.73,11
Super Cycle (Atari ST - 1986),5.00,1
Super Grand Prix (Atari ST - 1991),2.00,1
Super Hang-On (Atari ST - 1988),4.85,14
Super Huey UH-IX (Atari ST - 1988),4.33,6
Super Monaco GP (Atari ST - 1991),5.00,2
Super Scramble Simulator (Atari ST - 1989),2.00,1
Super Ski II (Atari ST - 1992),3.50,2
Super Skweek (Atari ST - 1990),3.00,2
Super Soccer Champ (Atari ST - 1992),1.50,2
Super Sprint (Atari ST - 1987),0.00,0
Super STario Land (Atari ST - 1995),5.00,1
SuperBike Challenge (Atari ST - 1987),5.00,6
SuperFly (Atari ST - 2002),0.00,0
Superman: The Man of Steel (Atari ST - 1989),4.75,16
SuperStar Ice Hockey (Atari ST - 1988),4.50,8
Superstar Indoor Sports (Atari ST - 1988),5.00,3
Suspicious Cargo (Atari ST - 1992),0.00,0
Swap (Atari ST - 1993),0.00,0
Switchblade (Atari ST - 1989),3.00,2
Switchblade II (Atari ST - 1991),2.00,1
Sword of Kadash (Atari ST - 1986),0.00,0
T-Bird (Atari ST - 1989),1.00,1
Table Tennis Simulation (Atari ST - 1989),0.00,0
Tactical Manager (Atari ST - 1994),3.80,5
Taito's Super Space Invaders (Atari ST - 1991),4.60,15
Tales of the Unknown: Volume I - The Bard's Tale (Atari ST - 1987),4.71,17
Talespin (Atari ST - 1988),0.00,0
Tanglewood (Atari ST - 1987),0.00,0
Tangram (Atari ST - 1991),0.00,0
Targhan (Atari ST - 1989),4.64,11
Tau Ceti (Atari ST - 1986),4.56,9
Team (Atari ST - 1995),0.00,0
Team Suzuki (Atari ST - 1991),4.42,12
Team Yankee (Atari ST - 1990),4.21,14
Techno Cop (Atari ST - 1988),5.00,3
Teenage Mutant Ninja Turtles (Atari ST - 1990),4.45,40
Teenage Queen (Atari ST - 1988),4.12,16
Temple of Apshai Trilogy (Atari ST - 1986),3.75,8
Tennis Cup (Atari ST - 1990),1.00,1
Tennis Cup 2 (Atari ST - 1992),4.00,3
Terminator 2: Judgment Day (Atari ST - 1991),4.37,19
Terry's Big Adventure (Atari ST - 1989),3.33,3
Test Drive (Atari ST - 1987),4.55,77
Test Drive II Scenery Disk: California Challenge (Atari ST - 1990),4.50,10
Tetris (Atari ST - 1988),4.34,21
Th!nk Cross (Atari ST - 1991),5.00,3
Thai Boxing (Atari ST - 1987),1.00,1
The Addams Family (Atari ST - 1992),4.00,2
The Adventures of Maddog Williams in the Dungeons of Duridian (Atari ST - 1991),4.80,5
The Adventures of Robin Hood (Atari ST - 1991),4.50,12
The Amazing Spider-Man and Captain America in Dr. Doom's Revenge! (Atari ST - 1990),4.36,28
The Ancient Art of War in the Skies (Atari ST - 1993),4.38,13
The Ball Game (Atari ST - 1991),3.00,2
The Basket Manager (Atari ST - 1990),2.67,3
The Black Cauldron (Atari ST - 1986),4.52,23
The Blues Brothers (Atari ST - 1991),4.52,23
The Brainies (Atari ST - 1992),4.00,2
The Carl Lewis Challenge (Atari ST - 1992),3.67,3
The Charge of The Light Brigade (Atari ST - 1991),5.00,4
The Chessmaster 2000 (Atari ST - 1986),4.30,20
The Colonel's Bequest (Atari ST - 1990),4.74,116
The Cool Croc Twins (Atari ST - 1991),5.00,2
The Crimson Crown (Atari ST - 1985),3.83,6
The Curse of RA (Atari ST - 1990),2.75,4
The Duel: Test Drive II (Atari ST - 1990),4.33,69
The Enchanted Realm (Atari ST - 1988),0.00,0
The Final Battle (Atari ST - 1990),3.60,5
The Four Crystals of Trazere (Atari ST - 1992),4.50,16
The Game of Harmony (Atari ST - 1990),5.00,3
The Games '92 - España (Atari ST - 1992),2.67,3
The Games: Summer Edition (Atari ST - 1988),4.50,10
The Games: Winter Edition (Atari ST - 1988),4.63,8
The Godfather: The Action Game (Atari ST - 1992),4.17,12
The Gold of the Aztecs (Atari ST - 1990),4.71,7
The Great Giana Sisters (Atari ST - 1988),4.00,7
The Guild of Thieves (Atari ST - 1987),4.44,9
The Hound of Shadow (Atari ST - 1989),4.40,10
The Hunt for Red October (Atari ST - 1987),4.71,14
The Hunt for Red October (Atari ST - 1990),4.00,4
The Immortal (Atari ST - 1990),4.55,11
The Karate Kid: Part II - The Computer Game (Atari ST - 1986),3.50,2
The Killing Game Show (Atari ST - 1990),5.00,2
The Koshan Conspiracy (Atari ST - 1993),4.60,10
The Kristal (Atari ST - 1989),3.78,9
The Last Ninja (Atari ST - 1990),4.35,23
The Legend of William Tell (Atari ST - 1990),0.00,0
The Light Corridor (Atari ST - 1990),4.60,5
The Lost Kingdom of Zkul / West (Atari ST - 1986),0.00,0
The Magician (Atari ST - 1991),0.00,0
The Magnetic Scrolls Collection (Atari ST - 1991),4.30,17
The Munsters (Atari ST - 1989),1.00,1
The Mystic Well (Atari ST - 1990),0.00,0
The New Zealand Story (Atari ST - 1989),4.25,8
The Ninja Warriors (Atari ST - 1989),5.00,1
The Original (Atari ST - 1993),0.00,0
The Patrician (Atari ST - 1992),4.79,14
The Pawn (Atari ST - 1986),4.37,8
The Prophecy (Atari ST - 1992),4.74,23
The Punisher (Atari ST - 1990),4.47,15
The Quest for the Time-bird (Atari ST - 1989),4.38,8
The Real Ghostbusters (Atari ST - 1988),5.00,2
The Return of Medusa (Atari ST - 1991),4.67,6
The Rollercoaster Experience (Atari ST - 1995),0.00,0
The Running Man (Atari ST - 1989),5.00,1
The Second World (Atari ST - 1990),3.00,2
The Secret of Monkey Island (Atari ST - 1991),4.12,76
The Sentry (Atari ST - 1987),4.70,10
The Seven Gates of Jambala (Atari ST - 1989),3.00,1
The Simpsons: Bart vs. the Space Mutants (Atari ST - 1991),4.32,19
The Simpsons: Bart vs. the World (Atari ST - 1993),5.00,3
The Spy Who Loved Me (Atari ST - 1990),3.67,3
The Ultimate Arena (Atari ST - 1994),0.00,0
The Ultimate Ride (Atari ST - 1990),0.00,0
The Universal Military Simulator: The American Civil War - Scenario Disk One (Atari ST - 1988),5.00,1
The Universal Military Simulator: Vietnam - Scenario Disk Two (Atari ST - 1988),5.00,1
The Untouchables (Atari ST - 1989),5.00,1
Their Finest Hour: The Battle of Britain (Atari ST - 1990),4.38,13
Their Finest Missions: Volume One (Atari ST - 1991),5.00,4
Third Reich (Atari ST - 1992),0.00,0
Thunder Burner (Atari ST - 1991),1.00,1
Thunderblade (Atari ST - 1988),4.40,5
Thundercats (Atari ST - 1988),3.50,2
Thunderhawk AH-73M (Atari ST - 1991),4.67,6
ThunderJaws (Atari ST - 1991),1.00,2
Thunderstrike (Atari ST - 1990),5.00,4
tictactoe (Atari ST - 1997),0.00,0
Tie Break (Atari ST - 1990),3.67,3
Tiger Road (Atari ST - 1989),3.00,2
Time Bandit (Atari ST - 1985),5.00,7
Time Machine (Atari ST - 1990),1.00,1
Time Runner (Atari ST - 1989),5.00,1
Time Scanner (Atari ST - 1989),5.00,1
Time Soldiers (Atari ST - 1989),3.00,2
Times of Lore (Atari ST - 1988),4.73,11
Tintin on the Moon (Atari ST - 1989),3.43,7
Tip Off (Atari ST - 1992),1.00,1
Titan (Atari ST - 1989),3.00,2
Titus the Fox: To Marrakech and Back (Atari ST - 1992),4.77,27
Toki (Atari ST - 1991),4.10,10
Tom & Jerry (Atari ST - 1989),2.33,3
Tom and The Ghost (Atari ST - 1990),4.67,3
Tonic Tile (Atari ST - 1987),0.00,0
Top Banana (Atari ST - 1992),3.00,2
Torvak the Warrior (Atari ST - 1990),4.00,7
Total Eclipse (Atari ST - 1989),4.80,10
Total Recall (Atari ST - 1990),4.00,1
Touring Car Racer (Atari ST - 1991),0.00,0
Tower Toppler (Atari ST - 1988),4.54,13
Towers: Lord Baniff's Deceit (Atari ST - 1993),5.00,1
Toyota Celica GT Rally (Atari ST - 1990),4.56,18
Tracksuit Manager (Atari ST - 1988),5.00,4
Transworld (Atari ST - 1990),4.60,5
Transylvania (Atari ST - 1986),4.23,13
Trantor the Last Stormtrooper (Atari ST - 1988),5.00,3
Treasure Island Dizzy (Atari ST - 1989),5.00,2
Treasure Trap (Atari ST - 1990),3.83,6
Trex Warrior: 22nd Century Gladiator (Atari ST - 1991),4.00,1
Trinity (Atari ST - 1986),4.29,7
Trivial Pursuit (Atari ST - 1988),3.60,5
Trivial Pursuit: A New Beginning (Atari ST - 1988),2.00,1
Turbo Cup (Atari ST - 1988),5.00,6
Turbo Out Run (Atari ST - 1989),4.79,14
Turbo ST (Atari ST - 1987),0.00,0
Turrican (Atari ST - 1990),4.20,5
Turrican II: The Final Fight (Atari ST - 1991),4.45,44
Tusker (Atari ST - 1990),3.50,2
TV Sports: Football (Atari ST - 1989),4.23,13
Tycoon (Atari ST - 1988),3.00,1
Typhoon (Atari ST - 1987),0.00,0
Typhoon Thompson in Search for the Sea Child (Atari ST - 1989),4.00,3
U.N. Squadron (Atari ST - 1990),4.00,3
Ultima II: The Revenge of the Enchantress... (Atari ST - 1985),4.22,18
Ultima IV: Quest of the Avatar (Atari ST - 1987),4.53,34
Ultima V: Warriors of Destiny (Atari ST - 1989),4.65,31
Ultima VI: The False Prophet (Atari ST - 1992),4.30,47
Ultimate Tron ST (Atari ST - 1993),0.00,0
UMS II: Nations at War (Atari ST - 1990),4.50,4
UMS: The Universal Military Simulator (Atari ST - 1987),4.20,5
Under Pressure (Atari ST - 1991),2.00,1
Uninvited (Atari ST - 1987),3.92,12
Universe 3 (Atari ST - 1990),4.31,13
Unreal (Atari ST - 1991),4.20,5
Utopia: The Creation of a Nation (Atari ST - 1991),4.08,13
Utopos (Atari ST - 1993),0.00,0
Valgus (Atari ST - 1990),0.00,0
Vampire's Empire (Atari ST - 1988),2.00,2
Vaxine (Atari ST - 1990),5.00,1
Vegas Gambler (Atari ST - 1987),2.50,4
Vengeance of Excalibur (Atari ST - 1992),4.38,13
Venus the Flytrap (Atari ST - 1990),3.50,2
Verminator (Atari ST - 1989),0.00,0
Veteran (Atari ST - 1988),2.00,1
Vindicators (Atari ST - 1989),1.00,1
Violator (Atari ST - 1991),2.00,1
Virus (Atari ST - 1988),3.78,9
Vixen (Atari ST - 1988),4.40,5
Viz: The Game (Atari ST - 1991),4.29,7
Volfied (Atari ST - 1991),4.21,335
Volleyball Simulator (Atari ST - 1989),4.17,6
Voodoo Girl: Queen of the Darned (Atari ST - 2002),5.00,1
Voodoo Nightmare (Atari ST - 1990),0.00,0
Voyager (Atari ST - 1989),5.00,1
Vroom (Atari ST - 1991),5.00,2
Vroom: Data Disk (Atari ST - 1992),1.00,1
Vulcan: The Tunisian Campaign (Atari ST - 1989),5.00,7
Wall Street (Atari ST - 1988),5.00,2
Walls of Illusion (Atari ST - 1993),0.00,0
Wanderer (Atari ST - 1986),3.00,1
War Zone (Atari ST - 1991),3.67,3
Wargame Construction Set (Atari ST - 1988),4.33,9
Warhead (Atari ST - 1990),5.00,1
Warlock (Atari ST - 1988),4.29,7
Warlock: The Avenger (Atari ST - 1991),1.50,2
Warriors of Releyne (Atari ST - 1992),4.00,2
Warship (Atari ST - 1988),5.00,4
Wayne Gretzky Hockey (Atari ST - 1989),4.14,7
Weird Dreams (Atari ST - 1989),4.75,8
Welltris (Atari ST - 1990),3.84,19
West Phaser (Atari ST - 1989),3.00,2
Western Games (Atari ST - 1987),2.50,2
Wheel of Fortune (Atari ST - 1987),5.00,1
Where in the World is Carmen Sandiego? (Atari ST - 1991),4.33,135
Where Time Stood Still (Atari ST - 1988),4.80,5
Who Framed Roger Rabbit (Atari ST - 1988),4.13,8
Wicked (Atari ST - 1989),1.00,1
Wild Streets (Atari ST - 1989),4.14,7
Wild Wheels (Atari ST - 1990),3.67,6
Will Harvey's Zany Golf (Atari ST - 1988),4.61,18
Willow (Atari ST - 1988),4.63,8
Windsurf Willy (Atari ST - 1988),0.00,0
Wings of Death (Atari ST - 1990),4.20,5
Winter Challenge: World Class Competition (Atari ST - 1988),4.29,7
Winter Games (Atari ST - 1987),4.39,18
Winter Supersports 92 (Atari ST - 1992),3.50,4
Winzer (Atari ST - 1991),3.67,3
Wipe-Out (Atari ST - 1990),1.00,1
Wizard's Crown (Atari ST - 1987),4.76,17
Wizball (Atari ST - 1988),4.25,12
Wizkid: The Story of Wizball II (Atari ST - 1992),4.57,7
Wolfchild (Atari ST - 1992),5.00,4
Wolfpack (Atari ST - 1991),4.80,20
Wonderland (Atari ST - 1991),3.80,10
World Championship Boxing Manager (Atari ST - 1990),4.01,28
World Championship Soccer (Atari ST - 1991),5.00,1
World Circuit (Atari ST - 1991),4.51,41
World Class Rugby (Atari ST - 1991),4.38,8
World Class Rugby: Five Nations Edition (Atari ST - 1992),0.00,0
World Class Soccer (Atari ST - 1990),1.00,2
World Cricket (Atari ST - 1991),0.00,0
World Fighting Championship (Atari ST - 1993),0.00,0
World Games (Atari ST - 1986),4.53,12
World Karate Championship (Atari ST - 1986),4.25,8
World Rugby (Atari ST - 1992),0.00,0
Wrath of The Demon (Atari ST - 1991),4.80,10
Wreckers (Atari ST - 1991),5.00,3
WWF European Rampage Tour (Atari ST - 1992),4.75,4
WWF Wrestlemania (Atari ST - 1991),4.00,13
X-Out (Atari ST - 1990),4.00,4
Xenomorph (Atari ST - 1990),4.30,10
Xenon (Atari ST - 1988),4.38,8
Xenon 2: Megablast (Atari ST - 1989),4.86,43
Xenophobe (Atari ST - 1989),3.50,2
Xevious (Atari ST - 1987),5.00,2
Xiphos (Atari ST - 1990),5.00,2
Xor (Atari ST - 1987),5.00,1
Xtron (Atari ST - 1986),0.00,0
Xybots (Atari ST - 1989),0.00,0
Yogi's Big Clean Up (Atari ST - 1992),3.00,2
Yogi's Great Escape (Atari ST - 1990),2.50,2
Yuppi's Revenge (Atari ST - 1988),5.00,5
Z-Out (Atari ST - 1991),3.50,2
Zak McKracken and the Alien Mindbenders (Atari ST - 1988),3.86,22
Zero 5 (Atari ST - 1994),0.00,0
Zerphod (Atari ST - 1987),0.00,0
Zombi (Atari ST - 1990),4.08,15
Zombie Apocalypse (Atari ST - 2003),1.00,1
Zone Warrior (Atari ST - 1991),0.00,0
Zool (Atari ST - 1993),4.38,21
Zork II: The Wizard of Frobozz (Atari ST - 1985),4.40,15
Zork III: The Dungeon Master (Atari ST - 1985),4.15,13
Zork: The Great Underground Empire (Atari ST - 1985),4.29,172
Zyklop (Atari ST - 1990),0.00,0
Zynaps (Atari ST - 1988),3.67,3
