Title,Average Rating,Number of Ratings
Conquests of Camelot: The Search for the Grail (Atari ST - 1990),4.50,48
World Fighting Championship (Atari ST - 1993),2.00,1
Championship Water-Skiing (Atari ST - 1987),5.00,1
Blue Max: Aces of the Great War (Atari ST - 1990),4.40,10
Alien World (Atari ST - 1992),4.50,2
Demoniak (Atari ST - 1991),3.25,4
Zork (Atari ST - 1992),4.70,5
Vindicators (Atari ST - 1989),1.00,1
Atomino (Atari ST - 1991),4.60,10
Computer Scrabble De Luxe (Atari ST - 1988),5.00,1
Realms (Atari ST - 1991),4.68,19
Frankenstein (Atari ST - 1992),0.00,0
Robinson's Requiem (Atari ST - 1994),4.54,29
Deuteros: The Next Millennium (Atari ST - 1991),4.83,12
Aquanaut (Atari ST - 1989),5.00,1
Sarakon (Atari ST - 1990),4.80,5
Addicta Ball (Atari ST - 1987),5.00,1
Grand Prix 500 2 (Atari ST - 1991),5.00,2
Memory Recall (Atari ST - 1995),0.00,0
Magic Pockets (Atari ST - 1991),4.42,40
Darius+ (Atari ST - 1989),4.67,3
Bumpy (Atari ST - 1989),4.88,8
Lemmings (Atari ST - 1991),4.66,188
PUNSSi (Atari ST - 1995),0.00,0
Manix (Atari ST - 1990),0.00,0
The Koshan Conspiracy (Atari ST - 1993),4.48,21
Star Trek: The Rebel Universe (Atari ST - 1987),4.60,10
Asterix: Operation Getafix (Atari ST - 1989),4.44,16
Gauntlet (Atari ST - 1987),4.90,30
King's Quest (Atari ST - 1986),4.32,115
Zone Warrior (Atari ST - 1991),5.00,1
Insects in Space (Atari ST - 1991),2.50,2
Continuum (Atari ST - 1991),5.00,8
Monster Business (Atari ST - 1991),4.57,7
World Games (Atari ST - 1986),4.42,15
F.1 Manager (Atari ST - 1990),5.00,1
Summer Challenge (Atari ST - 1988),5.00,4
Hoverforce (Atari ST - 1990),4.86,7
Winzer (Atari ST - 1991),4.20,5
Sorcerer Lord (Atari ST - 1988),4.29,7
Dugger (Atari ST - 1988),0.00,0
Bad Dudes (Atari ST - 1988),4.37,19
Big Run (Atari ST - 1992),4.50,4
Last Ninja 3 (Atari ST - 1991),4.69,13
Formel 1 - Manager (Atari ST - 1987),5.00,1
Ishar 3: The Seven Gates of Infinity (Atari ST - 1994),4.36,31
Thunderblade (Atari ST - 1988),4.70,10
Red Lightning (Atari ST - 1989),4.23,13
Balance of Power: The 1990 Edition (Atari ST - 1989),4.25,77
Pacman for GEM (Atari ST - 1998),5.00,1
Ninja (Atari ST - 1987),4.61,13
Asteroids Deluxe (Atari ST - 1987),5.00,1
RoboCop (Atari ST - 1989),4.37,24
Prohibition (Atari ST - 1987),4.88,8
Mindshadow (Atari ST - 1986),4.46,13
Sundog: Frozen Legacy (Atari ST - 1986),4.67,30
African Raiders-01 (Atari ST - 1988),3.75,16
Skull-Diggery (Atari ST - 1987),5.00,1
Space Quest II: Chapter II - Vohaul's Revenge (Atari ST - 1987),4.24,33
Out of This World (Atari ST - 1991),4.69,84
Les Portes du Temps (Atari ST - 1989),3.33,3
In 80 Days Around the World (Atari ST - 1987),5.00,3
Chip's Challenge (Atari ST - 1990),4.28,129
Chuck Rock (Atari ST - 1991),4.50,4
Hammerfist (Atari ST - 1990),3.00,3
Zombi (Atari ST - 1990),3.86,27
Mem (Atari ST - 2002),0.00,0
Doodlebug: Bug Bash II (Atari ST - 1992),0.00,0
The Seven Gates of Jambala (Atari ST - 1989),4.33,3
Brian Clough's Football Fortunes (Atari ST - 1987),4.50,2
The Hunt for Red October (Atari ST - 1990),4.60,10
Wizball (Atari ST - 1988),4.29,21
Storm Master (Atari ST - 1992),4.50,8
Falcon (Atari ST - 1988),4.24,17
Back to the Future Part III (Atari ST - 1991),4.36,22
"Baby Jo in: ""Going Home"" (Atari ST - 1991)",4.16,19
F40 Pursuit Simulator (Atari ST - 1989),4.14,21
MiG-29M Super Fulcrum (Atari ST - 1991),4.88,8
Winter Games (Atari ST - 1986),4.52,33
Voodoo Girl: Queen of the Darned (Atari ST - 2002),4.43,7
Jet Set Willy (Atari ST - 1998),4.50,2
Lode Runner (Atari ST - 1989),4.68,37
Captive (Atari ST - 1990),4.54,22
Missile Command (Atari ST - 1987),0.00,0
Killing Cloud (Atari ST - 1991),4.35,17
Minos (Atari ST - 1987),5.00,2
Elf (Atari ST - 1991),4.54,13
Turbo Cup (Atari ST - 1988),4.88,8
Detonator (Atari ST - 1990),2.50,2
Prince of Persia (Atari ST - 1990),4.58,446
Simulcra (Atari ST - 1990),3.67,3
Championship Manager (Atari ST - 1992),4.43,23
The Magnetic Scrolls Collection (Atari ST - 1991),4.44,23
Sensible Soccer: European Champions - 92/93 Edition (Atari ST - 1992),4.61,18
Great Courts 2 (Atari ST - 1991),3.83,24
Builderland: The Story of Melba (Atari ST - 1990),5.00,2
Willow (Atari ST - 1988),4.57,14
Cobra 2 (Atari ST - 1989),0.00,0
Xenomorph (Atari ST - 1990),4.21,14
Magicland Dizzy (Atari ST - 1991),4.21,19
The Original (Atari ST - 1993),0.00,0
Black Gold (Atari ST - 1991),4.13,15
Chubby Gristle (Atari ST - 1988),0.00,0
Windsurf Willy (Atari ST - 1988),0.00,0
Alien Storm (Atari ST - 1991),5.00,8
Bolo Werkstatt (Atari ST - 1988),0.00,0
Borodino (Atari ST - 1989),4.67,3
Rocket Ranger (Atari ST - 1989),4.50,38
Foundations Waste (Atari ST - 1988),0.00,0
Germ Crazy (Atari ST - 1991),5.00,1
Snoopy: The Cool Computer Game (Atari ST - 1989),4.52,25
Dick Tracy (Atari ST - 1990),4.43,14
Uninvited (Atari ST - 1988),4.00,19
Bombuzal (Atari ST - 1988),3.88,8
Let's Go Memo! (Atari ST - 1997),4.00,1
Silicon Dreams (Atari ST - 1986),4.33,9
Ultima V: Warriors of Destiny (Atari ST - 1989),4.66,35
Street Fighter II: The World Warrior (Atari ST - 1992),4.51,123
Universe 3 (Atari ST - 1990),4.19,21
Disney's Duck Tales: The Quest for Gold (Atari ST - 1990),4.59,70
Do! Run Run (Atari ST - 1990),4.00,1
Autoduel (Atari ST - 1987),4.37,27
Star Wars (Atari ST - 1987),4.47,36
La Marque Jaune (Atari ST - 1988),0.00,0
APB (Atari ST - 1989),4.00,15
Final Fight (Atari ST - 1991),4.50,12
Gremlins 2: The New Batch (Atari ST - 1990),4.44,18
Narco Police (Atari ST - 1990),4.07,30
The New Zealand Story (Atari ST - 1989),4.41,29
Stunt Track Racer (Atari ST - 1989),4.50,18
Typhoon (Atari ST - 1987),0.00,0
Bionic Commando (Atari ST - 1988),4.14,14
Crime City (Atari ST - 1992),4.09,22
Buster Bros. (Atari ST - 1990),4.56,32
Maupiti Island (Atari ST - 1991),4.84,44
Elite (Atari ST - 1988),4.23,40
"Don't worry, be happy (Atari ST - 1996)",5.00,1
Zombie Apocalypse (Atari ST - 2003),2.67,3
The Colonel's Bequest (Atari ST - 1990),4.75,156
Voodoo Nightmare (Atari ST - 1990),3.50,2
Fire & Forget II (Atari ST - 1991),3.83,12
Advanced Destroyer Simulator (Atari ST - 1990),4.43,14
Championship Manager: End of 1994 Season Data Up-date Disk (Atari ST - 1994),4.06,25
Xor (Atari ST - 1987),5.00,2
Push 'n' Shove (Atari ST - 1992),5.00,1
1st Person Pinball (Atari ST - 1989),4.35,20
Colorado (Atari ST - 1990),4.27,11
Sonic Boom (Atari ST - 1990),1.00,1
Boulder Dash: Construction Kit (Atari ST - 1987),4.20,5
Bully's Sporting Darts (Atari ST - 1993),0.00,0
BMX Simulator (Atari ST - 1988),4.43,7
Night Shift (Atari ST - 1990),3.59,17
Roll 'N Nudge (Atari ST - 1990),0.00,0
Rotor (Atari ST - 1990),4.20,5
Pictionary: The Game of Quick Draw (Atari ST - 1989),4.23,17
Bismarck (Atari ST - 1988),4.00,2
Parasol Stars: The Story of Bubble Bobble III (Atari ST - 1992),4.12,8
Astro 2000 (Atari ST - 1996),0.00,0
Zool (Atari ST - 1993),4.34,27
Time Bandit (Atari ST - 1985),5.00,9
Hercules (Atari ST - 1990),3.33,3
Double Dragon II: The Revenge (Atari ST - 1989),4.11,74
Round the Bend! (Atari ST - 1991),1.00,1
Sorcerer (Atari ST - 1986),4.40,10
Superstar Indoor Sports (Atari ST - 1988),5.00,5
Robozone (Atari ST - 1991),1.00,1
Western Games (Atari ST - 1987),3.33,3
Black Lamp (Atari ST - 1988),4.50,6
Street Cat (Atari ST - 1987),4.30,10
Beastlord (Atari ST - 1993),5.00,2
Hong Kong Phooey: No.1 Super Guy (Atari ST - 1990),2.00,1
Snow Strike (Atari ST - 1990),4.00,6
Jetpac (Atari ST - 1992),5.00,1
Hudson Hawk (Atari ST - 1991),3.88,8
Prime Time (Atari ST - 1988),4.11,9
Bombs Away (Atari ST - 1995),0.00,0
Gem'X (Atari ST - 1991),5.00,1
Sid Meier's Civilization (Atari ST - 1993),4.52,927
Cybercon III (Atari ST - 1991),4.60,5
World Class Rugby: Five Nations Edition (Atari ST - 1992),0.00,0
The Guild of Thieves (Atari ST - 1987),4.50,10
Cadaver: The Payoff (Atari ST - 1991),4.47,15
Wargame Construction Set (Atari ST - 1988),4.33,9
Revenge of the Mutant Camels (Atari ST - 1992),3.25,4
Double Juggle Vegetabobble (Atari ST - 2002),0.00,0
Die Hard 2: Die Harder (Atari ST - 1992),3.11,9
Carrier Command (Atari ST - 1988),4.53,34
Drakkhen (Atari ST - 1989),4.45,11
Insecticide (Atari ST - 1992),0.00,0
Millennium: Return to Earth (Atari ST - 1989),4.41,34
OutRun (Atari ST - 1988),4.47,49
Wild Wheels (Atari ST - 1991),4.00,8
Premier Manager 2 (Atari ST - 1994),4.27,45
Fast Food (Atari ST - 1989),4.33,6
Déjà Vu II: Lost in Las Vegas (Atari ST - 1988),4.45,29
Mata Hari (Atari ST - 1989),5.00,2
Tycoon (Atari ST - 1988),3.00,1
Ultima VI: The False Prophet (Atari ST - 1992),4.26,54
Championship Run (Atari ST - 1991),5.00,2
Touring Car Racer (Atari ST - 1991),5.00,1
Spy vs Spy (Atari ST - 1989),4.48,29
The Games '92 - España (Atari ST - 1992),3.25,4
F-16 Combat Pilot (Atari ST - 1989),4.76,46
Red Heat (Atari ST - 1989),4.00,7
Elemental (Atari ST - 1988),5.00,1
Test Drive II Scenery Disk: California Challenge (Atari ST - 1990),4.54,13
Special Forces (Atari ST - 1992),4.72,18
Moonwalker (Atari ST - 1989),4.22,23
Enduro Racer (Atari ST - 1987),4.83,6
Midwinter (Atari ST - 1989),4.64,25
Highway Patrol II (Atari ST - 1989),4.00,6
Ogre (Atari ST - 1986),4.00,1
StarFlight (Atari ST - 1990),4.64,50
Typhoon Thompson in Search for the Sea Child (Atari ST - 1988),4.00,3
Graham Taylor's Soccer Challenge (Atari ST - 1992),3.25,4
Bloodwych: Data Disks Vol. 1 (Atari ST - 1990),4.50,2
Botics (Atari ST - 1990),5.00,1
On the Road (Atari ST - 1990),4.67,3
Titan (Atari ST - 1989),3.00,2
Valgus (Atari ST - 1990),0.00,0
Head Over Heels (Atari ST - 1989),4.00,4
Future Wars: Adventures in Time (Atari ST - 1989),4.82,58
The Sentry (Atari ST - 1987),4.63,19
Spot (Atari ST - 1991),4.80,5
Obitus (Atari ST - 1991),4.41,32
Ghouls 'N Ghosts (Atari ST - 1989),4.65,17
Gary Lineker's Hot-Shot! (Atari ST - 1989),5.00,1
Air Warrior (Atari ST - 1991),4.43,14
Dark Side (Atari ST - 1989),4.63,8
Skweek (Atari ST - 1989),3.60,10
Captain Blood (Atari ST - 1988),4.36,25
Cabal (Atari ST - 1989),4.60,20
Sam in Monster's Garden (Atari ST - 1995),0.00,0
...A Personal Nightmare (Atari ST - 1989),3.81,52
Kick Off 2: The Final Whistle (Atari ST - 1991),4.00,2
Persian Gulf Inferno (Atari ST - 1990),4.75,16
Suspicious Cargo (Atari ST - 1992),0.00,0
Infestation (Atari ST - 1990),4.34,9
Wanderer (Atari ST - 1986),3.00,2
Winter Supersports 92 (Atari ST - 1992),3.50,4
Stationfall (Atari ST - 1987),5.00,3
Archipelagos (Atari ST - 1989),5.00,5
Super Monaco GP (Atari ST - 1991),4.75,8
California Games II (Atari ST - 1992),4.36,25
Batman: The Caped Crusader (Atari ST - 1989),4.35,17
Campaign (Atari ST - 1993),4.25,12
Scooby-Doo and Scrappy-Doo (Atari ST - 1991),3.67,6
Stormtrooper (Atari ST - 1988),5.00,2
Enchanted Land (Atari ST - 1990),0.00,0
Wrath of The Demon (Atari ST - 1991),4.84,25
Street Gang (Atari ST - 1988),2.00,1
Light Cycles (Atari ST - 1990),5.00,1
Wreckers (Atari ST - 1991),5.00,4
Ultimate Tron ST (Atari ST - 1993),0.00,0
Knightmare (Atari ST - 1991),5.00,5
Ian Fleming's James Bond 007 in Live and Let Die: The Computer Game (Atari ST - 1988),5.00,7
Garfield: Winter's Tail (Atari ST - 1989),4.00,2
Slightly Magic (Atari ST - 1991),3.50,2
Chase H.Q. (Atari ST - 1989),4.40,10
Interphase (Atari ST - 1989),4.83,6
Dan Dare III: The Escape (Atari ST - 1990),5.00,1
Pit-Fighter (Atari ST - 1991),4.05,20
Hyperbowl (Atari ST - 1987),1.00,1
Leader Board (Atari ST - 1986),5.00,3
Herewith the Clues (Atari ST - 1990),4.50,2
Cyber Snake (Atari ST - 1992),0.00,0
Escape from the Planet of the Robot Monsters (Atari ST - 1990),4.11,19
A Prehistoric Tale (Atari ST - 1990),4.33,3
Fallen Angel (Atari ST - 1989),4.00,7
Vegas Gambler (Atari ST - 1987),2.50,4
Mega Phoenix (Atari ST - 1991),4.00,2
Get Dexter 2 (Atari ST - 1988),5.00,1
The Simpsons: Bart vs. the Space Mutants (Atari ST - 1991),4.27,41
Boulder Dash (Atari ST - 1986),4.69,13
Rainbow Islands (Atari ST - 1990),4.11,9
UMS II: Nations at War (Atari ST - 1990),3.80,5
Reach for the Skies (Atari ST - 1993),4.25,8
StarGlider (Atari ST - 1986),4.73,15
The Universal Military Simulator: The American Civil War - Scenario Disk One (Atari ST - 1988),5.00,1
Speed Buggy (Atari ST - 1988),4.56,9
Nigel Mansell's World Championship Racing (Atari ST - 1992),4.14,14
Tau Ceti: The Lost Star Colony (Atari ST - 1986),4.64,11
Kid Gloves (Atari ST - 1990),5.00,1
Minefield (Atari ST - 1992),0.00,0
The Immortal (Atari ST - 1990),4.69,16
Volleyball Simulator (Atari ST - 1989),4.29,7
Jack Nicklaus' Greatest 18 Holes of Major Championship Golf (Atari ST - 1989),4.25,12
Space Battle (Atari ST - 2004),0.00,0
Saint Dragon (Atari ST - 1990),4.50,4
Space Racer (Atari ST - 1988),5.00,4
Rogue (Atari ST - 1986),4.56,72
Dragonflight (Atari ST - 1990),4.00,4
Alien Fires: 2199 AD (Atari ST - 1987),4.75,4
F29 Retaliator (Atari ST - 1989),4.59,37
Into The Eagle's Nest (Atari ST - 1987),3.94,17
Sly Spy: Secret Agent (Atari ST - 1989),4.75,4
Stratego (Atari ST - 1991),4.43,43
Prophecy: Viking Child (Atari ST - 1990),4.83,6
Harlequin (Atari ST - 1992),5.00,3
Tusker (Atari ST - 1990),4.00,5
Shadow Dancer (Atari ST - 1991),4.29,7
Platoon (Atari ST - 1988),4.50,18
Horse Racing Simulator (Atari ST - 1990),0.00,0
Their Finest Missions: Volume One (Atari ST - 1991),5.00,5
S.D.I. (Atari ST - 1986),3.86,7
Iron Trackers (Atari ST - 1989),0.00,0
Joe Blade (Atari ST - 1988),2.33,3
Nicky Boom (Atari ST - 1992),4.00,5
International Soccer Challenge (Atari ST - 1990),4.75,12
Indiana Jones and The Last Crusade: The Graphic Adventure (Atari ST - 1989),4.38,88
The Secret of Monkey Island (Atari ST - 1991),4.26,126
Crazy Shot (Atari ST - 1989),4.71,7
Hotshot (Atari ST - 1988),3.50,4
Hillsfar (Atari ST - 1989),4.00,13
Perry Mason: The Case of the Mandarin Murder (Atari ST - 1986),4.70,10
Utopia: The Creation of a Nation (Atari ST - 1991),4.17,18
Betrayal (Atari ST - 1990),4.67,6
Arcade Trivia Quiz (Atari ST - 1991),5.00,1
Death Trap (Atari ST - 1990),5.00,1
Moonshine Racers (Atari ST - 1991),4.20,20
Spindizzy Worlds (Atari ST - 1990),2.00,3
Gem Stone Legend (Atari ST - 1990),0.00,0
Tom and The Ghost (Atari ST - 1990),4.80,5
Devon Aire in the Hidden Diamond Caper (Atari ST - 1989),5.00,2
The Chessmaster 2000 (Atari ST - 1987),4.54,39
Spherical (Atari ST - 1989),3.67,3
Pac-Land (Atari ST - 1989),4.30,10
Slime Nemesis (Atari ST - 1991),0.00,0
Eco (Atari ST - 1987),4.50,4
Chess Simulator (Atari ST - 1990),3.67,3
Méwilo (Atari ST - 1988),0.00,0
Harrier Strike Mission (Atari ST - 1986),5.00,3
Dallas (Atari ST - 1987),4.50,2
Gary Linekers Superskills (Atari ST - 1988),5.00,1
Stello (Atari ST - 1994),4.00,1
Rolling Thunder (Atari ST - 1988),3.57,7
Exolon (Atari ST - 1989),4.50,2
Sharks (Atari ST - 1991),0.00,0
Dungeon Master (Atari ST - 1987),4.67,87
Treasure Trap (Atari ST - 1990),3.92,12
Z-Out (Atari ST - 1991),4.00,3
Seymour Goes to Hollywood (Atari ST - 1992),4.33,3
Passengers on the Wind II (Atari ST - 1988),4.00,4
Joe Blade II (Atari ST - 1988),5.00,2
Asgard (Atari ST - 1989),5.00,1
Wolfchild (Atari ST - 1992),5.00,5
Eco Phantoms (Atari ST - 1990),5.00,2
Thundercats (Atari ST - 1988),4.17,6
Space Invaders (Atari ST - 1990),5.00,1
Teenage Mutant Ninja Turtles (Atari ST - 1990),4.55,64
Spacewrecked: 14 Billion Light Years From Earth (Atari ST - 1990),4.17,12
Revenge of Defender (Atari ST - 1988),5.00,4
Barbarian (Atari ST - 1987),4.63,19
Lotus: The Ultimate Challenge (Atari ST - 1992),4.67,66
West Phaser (Atari ST - 1989),3.67,3
P47 Thunderbolt (Atari ST - 1990),4.17,6
The Rollercoaster Experience (Atari ST - 1995),0.00,0
King's Quest IV: The Perils of Rosella (Atari ST - 1990),4.17,80
The Ultimate Arena (Atari ST - 1994),0.00,0
Imperium (Atari ST - 1990),4.56,9
The Quest for the Time-bird (Atari ST - 1989),4.58,12
Nord and Bert Couldn't Make Head or Tail of It (Atari ST - 1987),4.64,14
SuperBike Challenge (Atari ST - 1987),5.00,7
Loopz (Atari ST - 1990),5.00,2
Manhunter 2: San Francisco (Atari ST - 1989),4.60,29
Super STario Land (Atari ST - 1995),5.00,2
Dark Castle (Atari ST - 1987),4.74,38
Bob Winner (Atari ST - 1987),5.00,3
Llamatron: 2112 (Atari ST - 1991),4.69,13
Fantasy World Dizzy (Atari ST - 1991),4.14,14
Impossible Mission II (Atari ST - 1988),4.29,47
Jabato (Atari ST - 1989),5.00,4
Liverpool: The Computer Game (Atari ST - 1993),5.00,3
Wall Street (Atari ST - 1988),5.00,2
Rockfall Special Edition (Atari ST - 1992),0.00,0
Zynaps (Atari ST - 1988),3.67,3
Flight of The Intruder (Atari ST - 1991),4.79,19
Masters of the Universe: The Movie (Atari ST - 1988),5.00,2
F-15 Strike Eagle (Atari ST - 1985),4.38,13
Masterblazer (Atari ST - 1991),4.00,3
Sky High Stuntman (Atari ST - 1991),5.00,1
Steg the Slug (Atari ST - 1992),4.50,2
Space Station (Atari ST - 1986),0.00,0
Tip Off (Atari ST - 1992),1.00,1
War Zone (Atari ST - 1991),4.29,7
GFL Championship Football (Atari ST - 1987),3.33,3
Treasure Island Dizzy (Atari ST - 1989),5.00,4
Quink (Atari ST - 1987),2.00,1
By Fair Means or Foul (Atari ST - 1990),3.67,3
Scary (Atari ST - 1989),0.00,0
Powerdrome (Atari ST - 1988),4.64,11
Time Soldiers (Atari ST - 1989),3.67,3
James Pond 2: Codename: RoboCod (Atari ST - 1991),4.78,33
Lemmings 2: The Tribes (Atari ST - 1993),4.45,45
Yogi's Big Clean Up (Atari ST - 1992),3.75,4
Drivin' Force (Atari ST - 1990),5.00,1
Populous II: Trials of the Olympian Gods (Atari ST - 1992),4.53,153
Cybernoid: The Fighting Machine (Atari ST - 1988),5.00,5
Hydra (Atari ST - 1991),2.00,1
Violator (Atari ST - 1991),2.00,1
Goal! (Atari ST - 1994),4.71,14
Elvira: The Arcade Game (Atari ST - 1991),4.42,19
Sub Hunt (Atari ST - 1989),0.00,0
Wheel of Fortune (Atari ST - 1987),5.00,2
Zork II: The Wizard of Frobozz (Atari ST - 1985),4.43,21
Smash Hit (Atari ST - 1992),0.00,0
Jumpin' Jackson (Atari ST - 1990),3.67,6
Legend of Djel (Atari ST - 1989),4.25,8
Lotus Turbo Challenge 2 (Atari ST - 1991),4.43,21
Clive Barker's Nightbreed: The Interactive Movie (Atari ST - 1990),4.04,16
Sleeping Gods Lie (Atari ST - 1989),4.80,5
Heroes of the Lance (Atari ST - 1988),4.25,16
Air Supply (Atari ST - 1990),4.75,4
Speedboat Assassins (Atari ST - 1989),3.50,2
MiG-29 Fulcrum (Atari ST - 1991),4.38,16
Fire and Brimstone (Atari ST - 1990),5.00,2
Line of Fire (Atari ST - 1990),4.20,5
Spitting Image: The Computer Game (Atari ST - 1988),5.00,2
Lotus Esprit Turbo Challenge (Atari ST - 1990),4.85,13
Oxyd (Atari ST - 1990),4.11,19
Spirit of Adventure (Atari ST - 1991),4.54,29
Air Support (Atari ST - 1993),5.00,3
Murders in Venice (Atari ST - 1989),4.50,10
PaperBoy (Atari ST - 1989),4.44,25
WWF Wrestlemania (Atari ST - 1991),3.86,21
Harricana: International Snowmobile Race - Quebec-Canada 90 (Atari ST - 1990),5.00,2
Magnetik Tank (Atari ST - 1987),5.00,3
Ork (Atari ST - 1991),4.00,3
Only! Valency (Atari ST - 1994),5.00,2
Populous / Populous: The Promised Lands (Atari ST - 1993),5.00,3
Exile (Atari ST - 1991),4.75,4
Renegade (Atari ST - 1988),4.80,15
The Adventures of Maddog Williams in the Dungeons of Duridian (Atari ST - 1991),4.00,9
Karateka (Atari ST - 1988),4.46,46
Hades Nebula (Atari ST - 1987),4.00,3
Eagle's Rider (Atari ST - 1990),4.00,1
Scrabble (Atari ST - 1993),5.00,1
Rambo III (Atari ST - 1988),3.50,38
Roger (Atari ST - 2004),0.00,0
Sinbad and the Throne of the Falcon (Atari ST - 1988),4.57,7
Bermuda Project (Atari ST - 1988),5.00,1
Myth (Atari ST - 1989),3.86,7
International Sports Challenge (Atari ST - 1992),2.67,3
Shinobi (Atari ST - 1989),3.84,38
Indiana Jones and The Last Crusade: The Action Game (Atari ST - 1989),4.12,25
Fiendish Freddy's Big Top O' Fun (Atari ST - 1989),4.67,9
Oh No! More Lemmings (Atari ST - 1992),4.80,25
Sword of Kadash (Atari ST - 1986),4.00,4
Walls of Illusion (Atari ST - 1993),0.00,0
Challenge Golf (Atari ST - 1991),5.00,1
Bubble Dizzy (Atari ST - 1992),5.00,5
Rings of Medusa (Atari ST - 1989),4.72,14
Footballer of the Year 2 (Atari ST - 1989),4.00,3
Missile Alert! (Atari ST - 1991),0.00,0
Battle Probe (Atari ST - 1988),2.00,1
Dynabusters+ (Atari ST - 1994),0.00,0
Le Labyrinthe d'Errare (Atari ST - 1989),0.00,0
Nicky 2 (Atari ST - 1993),5.00,3
Switchblade (Atari ST - 1989),4.00,4
Clive Barker's Nightbreed: The Action Game (Atari ST - 1990),4.82,11
Dragon Breed (Atari ST - 1990),4.00,1
Tiger Road (Atari ST - 1989),3.60,5
Shuttle: The Space Flight Simulator (Atari ST - 1992),4.59,46
Mortville Manor (Atari ST - 1987),4.45,11
Dark Century (Atari ST - 1990),3.67,3
Super Ski II (Atari ST - 1992),4.00,3
Super Break-Out (Atari ST - 1989),5.00,1
Titus the Fox: To Marrakech and Back (Atari ST - 1992),4.77,31
Xenon 2: Megablast (Atari ST - 1989),4.76,73
Mission (Atari ST - 1987),0.00,0
Gettysburg (Atari ST - 1990),0.00,0
G.Nius (Atari ST - 1988),0.00,0
The Universal Military Simulator: Vietnam - Scenario Disk Two (Atari ST - 1988),5.00,1
RoboCop 3 (Atari ST - 1992),4.57,21
Artura (Atari ST - 1988),4.40,5
Cool Ball (Atari ST - 1990),4.00,2
Crazy Cars (Atari ST - 1988),4.12,17
Game Over II (Atari ST - 1988),4.89,9
Sensible Soccer: European Champions (Atari ST - 1992),5.00,2
Perfect Match (Atari ST - 1987),0.00,0
Tracksuit Manager (Atari ST - 1988),4.67,6
Warhead (Atari ST - 1990),5.00,2
Balance of Power (Atari ST - 1987),4.61,41
Metal Mutant (Atari ST - 1991),4.73,11
Radio Controlled Racer (Atari ST - 1991),0.00,0
Warship (Atari ST - 1988),5.00,6
Afrika Korps (Atari ST - 1991),4.00,2
CarVup (Atari ST - 1990),5.00,2
SAT.1 Bingo (Atari ST - 1992),5.00,1
Lethal Weapon (Atari ST - 1992),4.43,7
Wipe-Out (Atari ST - 1990),1.00,1
The Brainies (Atari ST - 1992),4.00,5
Ninja Gaiden (Atari ST - 1990),4.14,14
Kingmaker (Atari ST - 1993),4.45,20
Leonardo (Atari ST - 1989),4.00,3
Quest for Tanda (Atari ST - 1991),0.00,0
Harley-Davidson: The Road to Sturgis (Atari ST - 1990),4.17,20
California Games (Atari ST - 1989),4.36,50
Impulse (Atari ST - 1989),0.00,0
Yuppi's Revenge (Atari ST - 1988),5.00,5
Wild Streets (Atari ST - 1989),4.25,8
Pick 'n Pile (Atari ST - 1990),3.40,5
Star Raiders (Atari ST - 1986),4.50,4
Goin' Down with the Captain (Atari ST - 1995),0.00,0
Leatherneck (Atari ST - 1988),4.50,2
Ultima IV: Quest of the Avatar (Atari ST - 1987),4.37,46
L.E.D. Storm (Atari ST - 1988),3.50,6
Obsession (Atari ST - 1994),1.50,2
Huckleberry Hound in Hollywood Capers (Atari ST - 1993),3.00,2
Armour-Geddon (Atari ST - 1991),4.71,14
Chicago 90 (Atari ST - 1989),4.67,3
Crystals of Arborea (Atari ST - 1990),4.91,11
Flip-it & Magnose: Water Carriers from Mars (Atari ST - 1990),5.00,3
Pacman on E's (Atari ST - 1993),5.00,5
Jinxter (Atari ST - 1987),4.80,5
Deuce (Atari ST - 1992),0.00,0
The Patrician (Atari ST - 1992),4.83,18
Psycho (Atari ST - 1989),3.56,9
Race Drivin' (Atari ST - 1992),4.40,15
Arena (Atari ST - 1986),4.00,1
Helter Skelter (Atari ST - 1989),3.00,7
Hoyle: Official Book of Games - Volume 2: Solitaire (Atari ST - 1990),4.23,13
Bangkok Knights (Atari ST - 1989),5.00,4
Operation Harrier (Atari ST - 1990),4.45,11
The Gold of the Aztecs (Atari ST - 1990),4.40,10
Blinkys Scary School (Atari ST - 1990),4.33,3
NARC (Atari ST - 1990),4.29,7
Shadoworlds (Atari ST - 1992),3.67,3
World Rugby (Atari ST - 1992),0.00,0
Where in the World is Carmen Sandiego? (Atari ST - 1991),4.36,160
Ripcord (Atari ST - 1986),0.00,0
Darklyte (Atari ST - 1993),4.00,1
Rubicon (Atari ST - 1992),3.43,7
The Adventures of Robin Hood (Atari ST - 1991),4.47,17
Gold of the Realm (Atari ST - 1988),5.00,2
Mega Lo Mania (Atari ST - 1991),4.50,62
Bubble+ (Atari ST - 1990),5.00,1
Space Harrier (Atari ST - 1988),4.92,13
Kennedy Approach (Atari ST - 1988),4.64,11
Awesome (Atari ST - 1990),5.00,1
The Hound of Shadow (Atari ST - 1989),4.39,13
Heimdall (Atari ST - 1992),4.69,19
Blackscar Mountain (Atari ST - 1991),0.00,0
Badlands Pete (Atari ST - 1990),3.00,1
Nine Princes in Amber (Atari ST - 1986),4.54,13
Aliens (Atari ST - 1992),5.00,1
Omnicron Conspiracy (Atari ST - 1990),4.41,17
Techno Cop (Atari ST - 1988),5.00,4
No Exit (Atari ST - 1990),3.80,5
Monty Python's Flying Circus (Atari ST - 1990),3.30,10
Emlyn Hughes Arcade Quiz (Atari ST - 1990),0.00,0
Kick Off (Atari ST - 1989),4.33,6
Daleks (Atari ST - 1986),3.78,9
Dragons of Flame (Atari ST - 1989),3.75,16
The Running Man (Atari ST - 1989),5.00,4
Tales of the Unknown: Volume I - The Bard's Tale (Atari ST - 1987),4.80,30
Planet Lander (Atari ST - 1988),0.00,0
Laser Squad (Atari ST - 1989),4.72,46
Oriental Games (Atari ST - 1990),2.00,1
Sherman M4 (Atari ST - 1989),4.94,17
Asteroidia (Atari ST - 1995),0.00,0
The Curse of RA (Atari ST - 1990),3.50,6
Power Struggle (Atari ST - 1988),5.00,2
SuperStar Ice Hockey (Atari ST - 1988),4.56,9
Downhill Challenge (Atari ST - 1988),3.63,8
Chambers of Shaolin (Atari ST - 1989),4.00,4
Bargon Attack (Atari ST - 1992),4.00,20
Shadowlands (Atari ST - 1992),4.60,10
Jahangir Khan World Championship Squash (Atari ST - 1991),4.14,7
Wizkid: The Story of Wizball II (Atari ST - 1992),4.13,8
Predator (Atari ST - 1988),4.27,11
Steve Davis World Snooker (Atari ST - 1989),1.00,1
Fire and Forget (Atari ST - 1989),4.30,10
Speedball 2: Brutal Deluxe (Atari ST - 1990),4.44,57
Puffy's Saga (Atari ST - 1989),4.00,4
Mayday Squad (Atari ST - 1989),5.00,6
Legend of The Sword (Atari ST - 1988),4.00,13
Code-Name: Iceman (Atari ST - 1989),4.55,22
Roller Coaster Rumbler (Atari ST - 1989),5.00,1
Cool World (Atari ST - 1992),4.46,13
Risky Woods (Atari ST - 1992),4.63,19
Jupiter Probe (Atari ST - 1987),0.00,0
Sea Fisherman (Atari ST - 1989),0.00,0
The Basket Manager (Atari ST - 1990),2.67,3
Ballistix (Atari ST - 1989),4.44,9
Protector (Atari ST - 1986),4.00,1
Illusion (Atari ST - 1987),0.00,0
Hot Wheels (Atari ST - 1991),4.00,2
Lure of The Temptress (Atari ST - 1992),4.76,29
Galaxy Force II (Atari ST - 1990),5.00,3
Hacker (Atari ST - 1985),4.05,22
Mudpies (Atari ST - 1985),0.00,0
Dragon's Lair II: Time Warp (Atari ST - 1990),4.22,23
The Games: Summer Edition (Atari ST - 1988),4.69,16
Soccer Manager Plus (Atari ST - 1989),4.33,6
Bumpy's Arcade Fantasy (Atari ST - 1992),4.44,81
Striker (Atari ST - 1992),4.52,23
Spacola (Atari ST - 1991),0.00,0
Abalone (Atari ST - 1993),0.00,0
Killerball (Atari ST - 1991),5.00,2
Sabre Team (Atari ST - 1992),4.33,15
Hook (Atari ST - 1992),3.52,21
Rampart (Atari ST - 1992),4.34,26
High Roller (Atari ST - 1987),4.00,2
Space Station Oblivion (Atari ST - 1988),4.75,8
Wolf Pack (Atari ST - 1991),4.86,28
Ferrari Formula One (Atari ST - 1989),4.32,19
Metal Masters (Atari ST - 1990),3.75,4
Graeme Souness Soccer Manager (Atari ST - 1992),4.67,3
Mindwheel (Atari ST - 1986),4.50,4
Purple Saturn Day (Atari ST - 1989),4.00,6
Robin Smith's International Cricket (Atari ST - 1991),1.00,1
Crack'ed (Atari ST - 1987),0.00,0
Rock 'n Roll (Atari ST - 1989),4.47,15
Terminator 2: Judgment Day (Atari ST - 1991),4.26,35
Falcon Operation: Counterstrike (Atari ST - 1989),5.00,5
Alien Blockade (Atari ST - 1991),0.00,0
Electronic Pool (Atari ST - 1986),4.00,2
Guy Spy and the Crystals of Armageddon (Atari ST - 1993),4.00,5
Mad Show (Atari ST - 1988),4.71,7
Lorna (Atari ST - 1990),4.50,14
The Real Ghostbusters (Atari ST - 1988),4.86,7
Epic (Atari ST - 1992),4.35,17
Plutos (Atari ST - 1987),3.67,3
TV Sports: Football (Atari ST - 1989),4.23,13
Battle Chess (Atari ST - 1989),4.44,404
Star Command (Atari ST - 1989),4.28,29
Pegasus (Atari ST - 1991),4.20,5
Space Crusade (Atari ST - 1992),4.40,35
Pacific Islands (Atari ST - 1992),4.32,25
Midi-Maze (Atari ST - 1987),4.33,6
Angel Nieto Pole 500 (Atari ST - 1990),4.22,23
Menace (Atari ST - 1988),4.29,7
Turrican II: The Final Fight (Atari ST - 1991),4.53,60
Time Scanner (Atari ST - 1989),5.00,1
"Jeffrey Archer: Not a Penny More, Not a Penny Less - The Computer Game (Atari ST - 1987)",5.00,2
Mystical (Atari ST - 1990),4.33,6
Colonial Conquest (Atari ST - 1987),5.00,11
Crown (Atari ST - 1991),4.00,2
Bundesliga Manager Professional (Atari ST - 1991),4.17,36
Bomb Disposal (Atari ST - 1992),4.00,1
Volfied (Atari ST - 1991),4.24,362
Hill Street Blues (Atari ST - 1991),4.47,17
Napoleon I: The Campaigns 1805-1814 (Atari ST - 1991),4.00,2
Action Fighter (Atari ST - 1989),4.40,10
Hacker II: The Doomsday Papers (Atari ST - 1986),4.79,14
Graveyard (Atari ST - 1994),0.00,0
Rockfall (Atari ST - 1992),0.00,0
Macadam Bumper (Atari ST - 1986),4.00,7
Matrix Marauders (Atari ST - 1990),5.00,1
Thunderstrike (Atari ST - 1990),5.00,6
Frontline (Atari ST - 1990),4.67,3
Othello Killer (Atari ST - 1989),0.00,0
Feudal Lords (Atari ST - 1990),4.57,7
Scramble Spirits (Atari ST - 1990),5.00,5
Astaroth: The Angel of Death (Atari ST - 1989),5.00,1
Substation (Atari ST - 1995),0.00,0
Vroom: Data Disk (Atari ST - 1992),3.67,3
David Leadbetter's Greens (Atari ST - 1991),3.67,3
Legend of the Lost (Atari ST - 1990),0.00,0
Jetsons: The Computer Game (Atari ST - 1992),4.21,14
The Ultimate Ride (Atari ST - 1990),4.33,3
Kyros (Atari ST - 1988),0.00,0
Killdozers (Atari ST - 1988),0.00,0
Formula One (Atari ST - 1993),4.64,25
Peter Beardsley's International Football (Atari ST - 1988),1.00,1
The Ninja Warriors (Atari ST - 1989),5.00,1
Iron Lord (Atari ST - 1989),4.50,12
Sub Battle Simulator (Atari ST - 1987),4.39,18
Ooze: Creepy Nites (Atari ST - 1988),4.57,7
A320 Airbus: Edition USA (Atari ST - 1993),4.14,7
Major Motion (Atari ST - 1986),4.00,3
Tangram (Atari ST - 1991),5.00,2
Bob Morane: Jungle 1 (Atari ST - 1987),3.00,2
Indiana Jones and The Fate of Atlantis: The Action Game (Atari ST - 1992),3.78,18
Multi Pakman (Atari ST - 1994),0.00,0
Rana Rama (Atari ST - 1987),4.67,3
Conquest of Japan (Atari ST - 1992),3.67,3
Chase (Atari ST - 1988),5.00,1
Penta (Atari ST - 2005),0.00,0
Life & Death (Atari ST - 1991),4.48,52
Super Cycle (Atari ST - 1986),4.00,3
Continental Circus (Atari ST - 1989),4.78,9
Dizzy Lizzy (Atari ST - 1990),5.00,1
Goldrunner II (Atari ST - 1988),3.33,3
Third Reich (Atari ST - 1992),5.00,1
Table Tennis Simulation (Atari ST - 1989),0.00,0
International Sensible Soccer (Atari ST - 1994),4.40,15
Freedom: Rebels in the Darkness (Atari ST - 1988),3.67,9
I Play: 3-D Soccer (Atari ST - 1991),5.00,1
No Name (Atari ST - 1989),0.00,0
Impossamole (Atari ST - 1990),4.00,2
Fantastic Worlds (Atari ST - 1992),0.00,0
Sargon III (Atari ST - 1988),4.17,6
Hole-In-One Miniature Golf (Atari ST - 1988),4.33,9
Blockout (Atari ST - 1990),4.60,30
Wayne Gretzky Hockey (Atari ST - 1989),4.25,8
Count Duckula 2 Featuring Tremendous Terence (Atari ST - 1992),5.00,3
Red Storm Rising (Atari ST - 1989),4.65,58
The Cool Croc Twins (Atari ST - 1991),4.75,4
Buffalo Bill's Wild West Show (Atari ST - 1989),4.14,7
World Class Rugby (Atari ST - 1991),4.50,10
Double Dragon 3: The Rosetta Stone (Atari ST - 1991),4.71,33
Italia 1990 (Atari ST - 1990),5.00,1
Ballerburg (Atari ST - 1987),5.00,1
Jumping Ghost (Atari ST - 1992),0.00,0
Quadrel (Atari ST - 1991),4.00,3
Conqueror (Atari ST - 1989),4.14,7
Caesar (Atari ST - 1993),4.27,22
Dizzy Panic (Atari ST - 1991),0.00,0
Hard Drivin' (Atari ST - 1989),4.03,33
Oxyd magnum! (Atari ST - 1993),3.00,2
Indian Mission (Atari ST - 1988),0.00,0
Hotball (Atari ST - 1988),0.00,0
Arkanoid (Atari ST - 1987),4.46,41
Wings of Death (Atari ST - 1990),4.33,6
Championship Wrestling (Atari ST - 1986),5.00,2
Dragon's Lair III: The Curse of Mordread (Atari ST - 1992),4.21,19
Rockford: The Arcade Game (Atari ST - 1988),4.07,14
Chariots of Wrath (Atari ST - 1989),3.50,2
HKM (Atari ST - 1989),3.50,10
Bloodwych (Atari ST - 1989),4.61,33
Cyberball (Atari ST - 1990),5.00,3
Guardians (Atari ST - 1991),3.00,1
Bonanza Bros. (Atari ST - 1991),4.50,2
Chuck Yeager's Advanced Flight Trainer 2.0 (Atari ST - 1990),4.85,13
Ghosts 'n Goblins (Atari ST - 1990),4.51,65
Temple of Apshai Trilogy (Atari ST - 1986),4.00,13
The Simpsons: Bart vs. the World (Atari ST - 1993),4.20,5
Phobia (Atari ST - 1989),2.50,2
Crime Wave (Atari ST - 1990),4.33,20
Castle Warrior (Atari ST - 1989),4.80,5
Ishar: Legend of the Fortress (Atari ST - 1992),4.50,8
Super Sprint (Atari ST - 1987),5.00,1
Warriors of Releyne (Atari ST - 1992),4.00,2
Andes Attack (Atari ST - 1989),5.00,1
Ballyhoo (Atari ST - 1986),4.80,5
Street Fighter (Atari ST - 1988),3.89,28
Trivial Pursuit: A New Beginning (Atari ST - 1988),3.67,3
U.N. Squadron (Atari ST - 1990),4.14,7
Hollywood Hijinx (Atari ST - 1987),4.71,7
Apprentice (Atari ST - 1990),4.71,7
Moon Blaster (Atari ST - 1990),3.50,2
Xenon (Atari ST - 1988),4.38,8
Zyklop (Atari ST - 1990),5.00,1
Return to Genesis (Atari ST - 1988),5.00,1
World Karate Championship (Atari ST - 1986),4.54,13
Shanghai (Atari ST - 1986),4.33,12
La Aventura Original (Atari ST - 1989),4.50,4
Chamber of the Sci-Mutant Priestess (Atari ST - 1989),3.92,13
Chinese Karate (Atari ST - 1989),0.00,0
F1 Tornado (Atari ST - 1992),4.00,1
Robert in the Fire Factory (Atari ST - 1992),0.00,0
T-Bird (Atari ST - 1989),1.00,1
Alfreds Kistenlager Schiebereien (Atari ST - 1990),4.00,1
Conflict: Europe (Atari ST - 1989),5.00,6
Super Hang-On (Atari ST - 1988),4.80,20
RoboCop 2 (Atari ST - 1990),5.00,1
Police Quest 2: The Vengeance (Atari ST - 1989),4.71,28
Football Manager: World Cup Edition 1990 (Atari ST - 1990),5.00,1
Back to the Future Part II (Atari ST - 1990),4.40,25
Esprit (Atari ST - 1989),5.00,1
Corporation (Atari ST - 1990),4.17,6
Booly (Atari ST - 1991),4.75,4
Fugger (Atari ST - 1988),4.60,5
Steigar (Atari ST - 1989),3.00,2
Space Quest: Chapter I - The Sarien Encounter (Atari ST - 1986),4.58,67
World Class Soccer (Atari ST - 1990),3.75,8
Big Nose the Caveman (Atari ST - 1992),0.00,0
Castles (Atari ST - 1991),4.47,43
Disciples of Steel (Atari ST - 1991),4.65,17
Cricket Captain (Atari ST - 1989),0.00,0
SideWinder (Atari ST - 1988),3.00,4
Flight Simulator II (Atari ST - 1986),4.44,9
Hoyle: Official Book of Games - Volume 1 (Atari ST - 1990),4.39,23
Leander (Atari ST - 1991),4.57,7
Euro Champ '92 (Atari ST - 1992),0.00,0
Army Moves (Atari ST - 1988),4.60,5
Airborne Ranger (Atari ST - 1989),4.51,43
Pork 2 (Atari ST - 1989),0.00,0
Mission Deadzone (Atari ST - 1990),0.00,0
Push-Over (Atari ST - 1992),4.75,41
Dragon's Lair: Escape from Singe's Castle (Atari ST - 1991),4.18,21
Boston Bomb Club (Atari ST - 1991),5.00,5
Hanse (Atari ST - 1986),4.56,9
Lords of Doom (Atari ST - 1990),3.58,19
Enchanter (Atari ST - 1985),4.20,15
Switchblade II (Atari ST - 1991),4.25,4
Where Time Stood Still (Atari ST - 1988),4.29,7
10th Frame (Atari ST - 1987),4.28,36
Swap (Atari ST - 1993),0.00,0
Premium Mah Jongg II (Atari ST - 1993),0.00,0
Tower Toppler (Atari ST - 1988),4.24,25
Time Runner (Atari ST - 1989),5.00,1
Utopos (Atari ST - 1993),0.00,0
Alternate Reality: The City (Atari ST - 1986),4.59,22
Asterix and the Magic Carpet (Atari ST - 1987),4.14,7
Bolo (Atari ST - 1987),4.33,3
Tonic Tile (Atari ST - 1987),0.00,0
Galactic Empire (Atari ST - 1990),3.92,12
S.C.I.: Special Criminal Investigation (Atari ST - 1990),5.00,3
Oxyd 2 (Atari ST - 1991),5.00,1
The Crimson Crown (Atari ST - 1986),4.13,8
Peter Pan (Atari ST - 1988),5.00,3
Deflektor (Atari ST - 1988),5.00,1
Captain Dynamo (Atari ST - 1992),4.50,8
Fanwor: The Legend of Gemda (Atari ST - 1999),0.00,0
Circus Attractions (Atari ST - 1989),4.44,9
Mean Streets (Atari ST - 1990),3.61,18
Paradroid 90 (Atari ST - 1990),4.13,8
Ikari Warriors (Atari ST - 1988),4.31,26
Breach 2 (Atari ST - 1990),4.78,9
Jaws (Atari ST - 1989),2.00,2
Shufflepuck Cafe (Atari ST - 1989),4.48,54
The Great Giana Sisters (Atari ST - 1988),4.48,25
Lancaster (Atari ST - 1989),4.50,2
Zak McKracken and the Alien Mindbenders (Atari ST - 1989),3.49,35
'Nam 1965-1975 (Atari ST - 1991),3.78,95
Full Metal Planet (Atari ST - 1990),4.73,11
Judge Dredd (Atari ST - 1990),3.33,3
Atomic Robo-Kid (Atari ST - 1990),4.33,3
Rick Davis's World Trophy Soccer (Atari ST - 1989),4.70,17
Cosmic Relief: Prof. Renegade to the Rescue (Atari ST - 1987),4.25,4
Mach 3 (Atari ST - 1987),4.00,11
Cruise for a Corpse (Atari ST - 1991),4.27,48
Final Command (Atari ST - 1989),4.50,2
Test Drive (Atari ST - 1987),4.55,87
ESWAT: Cyber Police (Atari ST - 1990),4.78,9
Dogs of War (Atari ST - 1989),4.38,16
Midnight Resistance (Atari ST - 1990),4.55,11
Out Board (Atari ST - 1990),0.00,0
G-Loc: Air Battle (Atari ST - 1992),5.00,2
Fred (Atari ST - 1989),5.00,1
Wonderland (Atari ST - 1991),4.00,12
Hack (Atari ST - 1986),4.29,7
Battlehawks 1942 (Atari ST - 1989),4.38,16
Commando (Atari ST - 1990),4.41,22
Super Cauldron (Atari ST - 1993),4.61,13
Tetris (Atari ST - 1989),4.40,30
Elvira (Atari ST - 1991),4.58,52
X-Out (Atari ST - 1990),4.33,9
Defenders of the Earth (Atari ST - 1990),5.00,1
Knights of the Sky (Atari ST - 1991),4.35,27
Vampire's Empire (Atari ST - 1988),2.83,6
The Prophecy (Atari ST - 1992),4.79,28
Brides of Dracula (Atari ST - 1992),4.33,3
The Punisher (Atari ST - 1990),4.60,20
AAARGH! (Atari ST - 1989),4.11,18
Silent Service (Atari ST - 1986),4.69,39
Psyborg (Atari ST - 1992),5.00,1
Los Templos Sagrados (Atari ST - 1991),5.00,4
The Ball Game (Atari ST - 1991),3.67,3
Eskimo Games (Atari ST - 1989),4.00,2
Super Grand Prix (Atari ST - 1991),3.50,2
Venus the Flytrap (Atari ST - 1990),4.20,5
AV-8B Harrier Assault (Atari ST - 1993),4.34,26
Power Up plus (Atari ST - 1998),0.00,0
Flood (Atari ST - 1990),4.60,5
MicroLeague Action Sports Soccer (Atari ST - 1991),4.33,6
The Four Crystals of Trazere (Atari ST - 1992),4.43,21
Tennis Cup (Atari ST - 1990),3.00,2
Mercs (Atari ST - 1991),4.83,12
Vulcan: The Tunisian Campaign (Atari ST - 1989),5.00,7
Turbo ST (Atari ST - 1987),5.00,2
Ishar 2: Messengers of Doom (Atari ST - 1993),4.27,30
Bubble Ghost (Atari ST - 1987),4.25,8
The Games: Winter Edition (Atari ST - 1988),4.73,11
Strider (Atari ST - 1989),4.40,20
Ghostbusters II (Atari ST - 1989),5.00,4
Keith Van Eron's Pro Soccer (Atari ST - 1989),4.29,14
Side Arms Hyper Dyne (Atari ST - 1989),5.00,4
The Enchanted Realm (Atari ST - 1988),5.00,1
Smash T.V. (Atari ST - 1991),4.33,13
Scenery Disk 7 (Atari ST - 1987),5.00,2
Team Suzuki (Atari ST - 1991),4.50,14
Stormball (Atari ST - 1991),0.00,0
Football Director II (Atari ST - 1988),4.17,6
First Contact (Atari ST - 1990),5.00,3
Predator 2 (Atari ST - 1991),4.90,10
Gauntlet II (Atari ST - 1988),4.06,32
Omega (Atari ST - 1989),4.91,11
Welltris (Atari ST - 1990),3.91,24
Antago (Atari ST - 1990),5.00,1
Quasar (Atari ST - 1986),0.00,0
Zork III: The Dungeon Master (Atari ST - 1985),4.21,14
Powermonger (Atari ST - 1990),4.55,29
Galactic Conqueror (Atari ST - 1988),4.75,5
Forgotten Worlds (Atari ST - 1989),3.86,14
Recoil (Atari ST - 1989),5.00,1
Intruder (Atari ST - 1989),5.00,1
WWF European Rampage Tour (Atari ST - 1992),4.55,11
Lethal Xcess: Wings of Death II (Atari ST - 1991),4.20,5
Mercenary (Atari ST - 1986),5.00,5
Circus Games (Atari ST - 1989),4.00,2
World Circuit (Atari ST - 1991),4.56,62
Federation (Atari ST - 1989),4.80,5
Space 1889 (Atari ST - 1990),4.47,15
Rogue Trooper (Atari ST - 1991),2.00,1
GodPey (Atari ST - 2002),5.00,1
Drachen von Laas (Atari ST - 1991),5.00,2
Bounce Out (Atari ST - 1988),0.00,0
Greg Norman's Shark Attack!: The Ultimate Golf Simulator (Atari ST - 1990),3.00,2
ESLA League Manager III (Atari ST - 1995),0.00,0
Omnitrend's Paladin II (Atari ST - 1992),4.86,7
1st Division Manager (Atari ST - 1992),3.70,10
Arcade Fruit Machine (Atari ST - 1992),4.75,4
Explora III: Sous Le Signe Du Serpent (Atari ST - 1990),3.29,7
Subbuteo (Atari ST - 1990),3.75,8
Beyond the Ice Palace (Atari ST - 1988),4.50,6
Oliver & Company (Atari ST - 1989),4.83,12
Krypton Egg (Atari ST - 1989),4.45,20
Amberstar (Atari ST - 1992),4.23,27
Baal (Atari ST - 1988),4.33,9
Vroom (Atari ST - 1991),5.00,7
Falcon Operation: Firefight (Atari ST - 1990),5.00,3
Heat Wave: Offshore Superboat Racing (Atari ST - 1990),4.64,12
Axe of Rage (Atari ST - 1989),4.33,21
Joan of Arc: Siege & the Sword (Atari ST - 1989),4.60,25
Taito's Super Space Invaders (Atari ST - 1991),4.50,18
Thai Boxing (Atari ST - 1987),3.00,2
Space Ace (Atari ST - 1989),4.75,8
Hard 'n' Heavy (Atari ST - 1989),3.29,7
Netherworld (Atari ST - 1988),4.63,16
Championship Baseball (Atari ST - 1987),3.00,2
MegaTraveller 1: The Zhodani Conspiracy (Atari ST - 1991),4.64,11
Metro Cross (Atari ST - 1987),5.00,1
Black Jack Plus 3 (Atari ST - 1991),0.00,0
Ogre (Atari ST - 1986),5.00,7
Captain Planet and the Planeteers (Atari ST - 1992),0.00,0
Super Cars (Atari ST - 1990),5.00,2
Gemini Wing (Atari ST - 1989),5.00,1
ThunderJaws (Atari ST - 1991),2.33,3
Match (Atari ST - 1990),0.00,0
Transworld (Atari ST - 1990),4.67,6
Castle Master (Atari ST - 1990),4.80,20
Roadwars (Atari ST - 1987),3.00,2
Orbiter (Atari ST - 1988),4.75,4
Pinball Magic (Atari ST - 1989),4.75,4
Rolling Ronny (Atari ST - 1991),4.20,5
Big Business (Atari ST - 1991),4.39,31
Player Manager (Atari ST - 1990),4.67,15
Billy Boy (Atari ST - 1997),0.00,0
Police Quest: In Pursuit of the Death Angel (Atari ST - 1988),4.59,38
Lagaf': Les Aventures de Moktar - Vol 1: La Zoubida (Atari ST - 1991),4.49,45
1943: The Battle of Midway (Atari ST - 1988),4.38,29
Hawkeye (Atari ST - 1989),3.75,4
The Amazing Spider-Man and Captain America in Dr. Doom's Revenge! (Atari ST - 1990),4.41,49
007: Licence to Kill (Atari ST - 1989),4.04,67
Cybernoid II: The Revenge (Atari ST - 1989),4.86,7
King's Quest II: Romancing the Throne (Atari ST - 1985),4.53,38
Black Tiger (Atari ST - 1990),4.42,12
Skyfox (Atari ST - 1986),5.00,2
The Lost Kingdom of Zkul / West (Atari ST - 1986),0.00,0
Battle Chopper (Atari ST - 1989),4.00,1
Four-F (Atari ST - 2001),0.00,0
European Champions (Atari ST - 1994),5.00,3
Xtron (Atari ST - 1986),0.00,0
Psion Chess (Atari ST - 1986),4.50,8
Beam (Atari ST - 1989),0.00,0
Cougar Force (Atari ST - 1990),4.22,9
tictactoe (Atari ST - 1997),0.00,0
Fernandez Must Die (Atari ST - 1988),5.00,2
Slayer (Atari ST - 1989),3.00,1
Apache Flight (Atari ST - 1992),5.00,1
The Last Ninja (Atari ST - 1990),4.32,31
Borrowed Time (Atari ST - 1986),4.57,14
Sim City: Terrain Editor (Atari ST - 1991),4.88,8
Archer Maclean's Pool (Atari ST - 1992),3.70,10
Maniax (Atari ST - 1988),0.00,0
Fun School 3 for the Under 5s (Atari ST - 1990),0.00,0
Navy Seals (Atari ST - 1991),3.75,4
Trex Warrior: 22nd Century Gladiator (Atari ST - 1991),4.40,5
Fire-Brigade: The Battle for Kiev - 1943 (Atari ST - 1989),4.62,13
The Killing Game Show (Atari ST - 1990),5.00,3
Sliders (Atari ST - 1991),0.00,0
Knight Force (Atari ST - 1989),3.50,6
Space Harrier II (Atari ST - 1990),4.00,4
Dreadnoughts (Atari ST - 1992),5.00,5
Day of the Pharaoh (Atari ST - 1989),3.78,18
Projectyle (Atari ST - 1990),4.50,2
Gobliins 2: The Prince Buffoon (Atari ST - 1992),4.53,36
Lancelot (Atari ST - 1988),4.58,12
Thunderhawk (Atari ST - 1991),4.83,12
Paragliding (Atari ST - 1991),4.37,8
Indiana Jones and The Temple of Doom (Atari ST - 1988),4.00,19
Beyond Zork: The Coconut of Quendor (Atari ST - 1987),4.00,22
D-Day (Atari ST - 1992),4.44,18
Grandad and The Quest for The Holey Vest (Atari ST - 1992),5.00,1
Bundesliga Manager (Atari ST - 1990),4.33,9
Chrono Quest II (Atari ST - 1990),4.50,10
Crack Down (Atari ST - 1989),4.67,9
Day of the Viper (Atari ST - 1989),4.75,4
Dynasty Wars (Atari ST - 1990),5.00,3
Gobliiins (Atari ST - 1992),4.34,64
International 3D Tennis (Atari ST - 1990),5.00,2
North & South (Atari ST - 1989),4.38,60
R-Type II (Atari ST - 1991),4.00,5
Sleepwalker (Atari ST - 1993),5.00,11
Outlands (Atari ST - 1989),0.00,0
Road Raider (Atari ST - 1988),4.17,6
Quartz (Atari ST - 1989),2.00,1
Dynamite Düx (Atari ST - 1989),3.00,2
Wizard's Crown (Atari ST - 1987),4.78,23
Skrull (Atari ST - 1988),2.67,3
Ninja Spirit (Atari ST - 1990),4.33,3
ALF: The First Adventure (Atari ST - 1989),3.82,11
Dizzy Lizzy 2: A Winters Tale (Atari ST - 1991),1.00,1
Blazing Thunder (Atari ST - 1991),5.00,3
Lords of Conquest (Atari ST - 1988),4.54,15
Questron II (Atari ST - 1988),4.31,13
Skateball (Atari ST - 1989),0.00,0
Tom & Jerry (Atari ST - 1989),3.56,9
Livingstone II (Atari ST - 1989),4.55,18
Super Skweek (Atari ST - 1990),3.67,3
Captain America in: The Doom Tube of Dr. Megalomann (Atari ST - 1988),2.80,5
Pink Panther (Atari ST - 1989),4.20,5
9 Lives (Atari ST - 1990),4.00,4
Chrono Quest (Atari ST - 1988),3.67,3
Superman: The Man of Steel (Atari ST - 1989),4.32,22
Manchester United (Atari ST - 1990),3.89,9
Bad Company (Atari ST - 1989),5.00,2
Pro Powerboat Simulator (Atari ST - 1990),4.00,4
Total Recall (Atari ST - 1990),4.33,3
Lin Wu's Challenge (Atari ST - 1990),5.00,1
Mercenary III: The Dion Crisis (Atari ST - 1991),5.00,4
Extensor (Atari ST - 1986),0.00,0
Klax (Atari ST - 1990),4.53,15
Strider 2 (Atari ST - 1990),4.33,9
Go-Moku / Renju (Atari ST - 1988),0.00,0
Time Machine (Atari ST - 1990),3.00,2
Final Blow (Atari ST - 1991),5.00,1
HMS Cobra: Convois pour Mourmansk (Atari ST - 1987),4.33,3
Beverly Hills Cop (Atari ST - 1990),4.11,18
Talespin (Atari ST - 1988),0.00,0
Mac Pan (Atari ST - 1987),5.00,1
Manhunter: New York (Atari ST - 1989),4.90,20
Mickey's Runaway Zoo (Atari ST - 1991),5.00,3
Last Ninja 2: Back With a Vengeance (Atari ST - 1990),4.55,27
The Magician (Atari ST - 1991),0.00,0
Potsworth & Co. (Atari ST - 1992),5.00,1
Hammer Boy (Atari ST - 1991),4.00,5
Obliterator (Atari ST - 1988),4.00,5
B-17 Flying Fortress (Atari ST - 1993),4.66,101
Verminator (Atari ST - 1989),0.00,0
Blockbuster (Atari ST - 1987),4.67,6
Little Computer People (Atari ST - 1986),4.42,56
Savage (Atari ST - 1989),4.36,11
Japan Scenery Disk (Atari ST - 1988),3.67,3
Flimbo's Quest (Atari ST - 1990),4.36,14
Brat (Atari ST - 1991),5.00,2
Robotz (Atari ST - 1990),0.00,0
Horror Zombies from The Crypt (Atari ST - 1990),3.89,9
Backgammon Royale (Atari ST - 1991),5.00,4
Shadowgate (Atari ST - 1988),4.08,12
The Addams Family (Atari ST - 1992),4.29,7
Defender of The Crown (Atari ST - 1987),4.56,82
After the War (Atari ST - 1989),4.80,16
Tintin on the Moon (Atari ST - 1989),3.50,10
International Rugby Simulator (Atari ST - 1989),0.00,0
Hard Nova (Atari ST - 1991),4.09,22
Cosmic Pirate (Atari ST - 1989),5.00,1
The Charge of The Light Brigade (Atari ST - 1991),4.57,7
Wicked (Atari ST - 1989),3.67,3
Rugby: The World Cup (Atari ST - 1991),0.00,0
Mighty Bombjack (Atari ST - 1990),4.66,18
Omar Sharif on Bridge (Atari ST - 1992),3.75,12
Ivanhoe (Atari ST - 1990),4.83,6
Xybots (Atari ST - 1989),0.00,0
Island Strike: The Ultimate Conflict (Atari ST - 1996),3.50,2
A Question of Sport (Atari ST - 1988),5.00,2
B.A.T. (Atari ST - 1989),3.45,36
Satan (Atari ST - 1990),4.08,12
Bank Buster (Atari ST - 1988),5.00,2
Virus (Atari ST - 1988),4.15,13
Stack Up (Atari ST - 1991),5.00,3
Dragon Spirit (Atari ST - 1990),4.81,16
Advantage Tennis (Atari ST - 1991),4.36,11
The Kristal (Atari ST - 1989),4.15,13
Gato (Atari ST - 1986),4.40,30
Bob Morane: Chevalerie 1 (Atari ST - 1987),4.20,5
Sid Meier's Railroad Tycoon (Atari ST - 1991),4.77,34
Deathbringer (Atari ST - 1991),4.09,11
Exodus: Ultima III (Atari ST - 1986),4.43,40
Phantasie (Atari ST - 1986),4.50,36
Bauernkampf (Atari ST - 1988),0.00,0
Douglas Rockmoor (Atari ST - 1990),5.00,1
Spell Bound (Atari ST - 1990),4.00,4
Darkman (Atari ST - 1991),5.00,2
Loom (Atari ST - 1990),4.32,62
Batman (Atari ST - 1989),4.19,37
Ghost Battle (Atari ST - 1991),4.00,2
Thunder Burner (Atari ST - 1991),1.00,1
Torvak the Warrior (Atari ST - 1990),4.22,9
Zork: The Great Underground Empire (Atari ST - 1985),4.28,187
Rebellion (Atari ST - 1992),0.00,0
Navy Moves (Atari ST - 1989),4.20,15
Outzone (Atari ST - 1991),5.00,2
Kid Gloves II: The Journey Back (Atari ST - 1992),3.67,3
Gauntlet III: The Final Quest (Atari ST - 1991),5.00,7
Match of the Day (Atari ST - 1992),2.82,11
Pandora (Atari ST - 1988),3.00,2
Toyota Celica GT Rally (Atari ST - 1990),4.58,19
Vixen (Atari ST - 1988),4.43,7
Lombric (Atari ST - 1999),0.00,0
Emlyn Hughes International Soccer (Atari ST - 1990),5.00,6
Lila (Atari ST - 2001),0.00,0
Hunter (Atari ST - 1991),4.67,9
Spaceball (Atari ST - 1988),1.00,1
Great Napoleonic Battles (Atari ST - 1991),3.71,7
Phantasie III: The Wrath of Nikademus (Atari ST - 1987),4.24,21
Mission Elevator (Atari ST - 1987),4.40,5
Death Sword (Atari ST - 1987),4.68,25
Stardust (Atari ST - 1994),4.60,5
Oo-Topos (Atari ST - 1981),4.75,4
Sharkey's 3D Pool (Atari ST - 1989),4.77,13
Nitro (Atari ST - 1990),3.67,3
Khalaan (Atari ST - 1990),3.50,8
Double Dragon (Atari ST - 1989),4.73,46
Quadralien (Atari ST - 1988),3.89,9
Populous: The Promised Lands (Atari ST - 1989),4.63,19
Colossus Chess X (Atari ST - 1988),5.00,3
S.T.U.N. Runner (Atari ST - 1990),4.62,16
Sky Shark (Atari ST - 1988),4.50,4
Atomix (Atari ST - 1990),4.00,11
RVF Honda (Atari ST - 1989),4.00,2
Elvira II: The Jaws of Cerberus (Atari ST - 1992),4.34,45
Magic Boy (Atari ST - 1993),3.92,12
Le Labyrinthe de Morphintax (Atari ST - 1991),0.00,0
European Challenge (Atari ST - 1990),4.57,7
Lombard RAC Rally (Atari ST - 1988),4.44,16
Blasteroids (Atari ST - 1989),5.00,3
"20,000 Leagues Under the Sea (Atari ST - 1988)",3.78,23
Team (Atari ST - 1995),0.00,0
Golden Axe (Atari ST - 1990),4.68,56
Rockfall 2: The Perils of Spud (Atari ST - 1992),0.00,0
Never Mind (Atari ST - 1989),4.00,4
Kick Off 2 (Atari ST - 1990),4.22,37
Voyager (Atari ST - 1989),5.00,1
Headlong (Atari ST - 1992),0.00,0
World Championship Soccer (Atari ST - 1991),4.75,4
Gravity (Atari ST - 1990),5.00,1
Lucky Luke (Atari ST - 1987),4.00,9
5th Gear (Atari ST - 1989),5.00,2
Super Cars II (Atari ST - 1991),4.32,19
Panza Kick Boxing (Atari ST - 1990),4.57,30
Ultima II: The Revenge of the Enchantress... (Atari ST - 1985),4.39,23
The Godfather (Atari ST - 1992),4.25,16
Gunship (Atari ST - 1986),4.70,30
Zerphod (Atari ST - 1987),0.00,0
Sapiens (Atari ST - 1987),3.56,9
Adrenalynn (Atari ST - 1991),5.00,1
Rockfall 3 (Atari ST - 1995),0.00,0
M1 Tank Platoon (Atari ST - 1990),4.55,47
Air Bucks (Atari ST - 1992),4.38,40
Passengers on The Wind (Atari ST - 1987),4.10,10
J.R.R. Tolkien's War in Middle Earth (Atari ST - 1989),4.36,29
Phantasie II (Atari ST - 1987),5.00,2
Allan Border's Cricket (Atari ST - 1993),4.26,54
The Return of Medusa (Atari ST - 1991),4.75,8
Silent Service II (Atari ST - 1991),4.29,72
Bubble Bobble (Atari ST - 1987),4.42,170
Onslaught (Atari ST - 1989),4.57,7
Devious Designs (Atari ST - 1991),3.00,2
Kubes (Atari ST - 1993),5.00,1
Airball (Atari ST - 1987),4.11,18
International Truck Racing (Atari ST - 1992),5.00,1
Toki (Atari ST - 1991),4.35,17
Who Framed Roger Rabbit (Atari ST - 1988),4.27,15
The Mystic Well (Atari ST - 1990),0.00,0
Badlands (Atari ST - 1990),4.60,5
Firezone (Atari ST - 1988),4.25,8
Trivial Pursuit (Atari ST - 1988),4.13,8
Vaxine (Atari ST - 1990),5.00,1
Neighbours (Atari ST - 1991),3.00,2
Lost Patrol (Atari ST - 1990),4.15,20
Bio Challenge (Atari ST - 1989),5.00,1
Targhan (Atari ST - 1989),4.78,18
Th!nk Cross (Atari ST - 1991),5.00,3
Terry's Big Adventure (Atari ST - 1989),3.50,4
Hard Drivin' II (Atari ST - 1990),4.39,18
Dark-Sat (Atari ST - 1990),0.00,0
The Second World (Atari ST - 1990),3.67,6
Xenophobe (Atari ST - 1989),4.25,4
Battle Master (Atari ST - 1990),4.10,21
Journey to the Center of the Earth (Atari ST - 1988),4.49,15
Once a King (Atari ST - 1988),5.00,1
Arnold Palmer Tournament Golf (Atari ST - 1990),5.00,2
Sliding Puzzler (Atari ST - 1988),0.00,0
John Barnes European Football (Atari ST - 1992),4.75,4
Magic Fly (Atari ST - 1990),4.50,2
Super Huey UH-IX (Atari ST - 1986),4.43,7
Prehistorik (Atari ST - 1991),4.72,78
Stupid Balloon Game (Atari ST - 1998),0.00,0
Stir Crazy featuring BoBo (Atari ST - 1988),3.75,4
Stargoose Warrior (Atari ST - 1988),5.00,5
A.M.C.: Astro Marine Corps (Atari ST - 1990),5.00,5
Fort Apache (Atari ST - 1992),4.33,6
Winter Challenge: World Class Competition (Atari ST - 1988),4.45,9
Heartland (Atari ST - 1996),5.00,1
Weird Dreams (Atari ST - 1989),4.14,14
E.S.S. (Atari ST - 1989),4.00,4
Strike Force Harrier (Atari ST - 1988),4.50,8
Shadow of the Beast II (Atari ST - 1991),4.00,3
Pool (Atari ST - 1987),3.67,3
Pac-Mania (Atari ST - 1988),4.46,26
Cadaver (Atari ST - 1990),4.59,22
221 B Baker St. (Atari ST - 1987),4.04,26
Rotox (Atari ST - 1990),2.50,2
Solomon's Key (Atari ST - 1987),4.38,8
Alien Syndrome (Atari ST - 1988),4.39,18
JAY Minesweeper (Atari ST - 1995),0.00,0
Arcticfox (Atari ST - 1987),4.29,24
Entombed (Atari ST - 1991),0.00,0
Warlock: The Avenger (Atari ST - 1991),3.00,4
Jupiter's Masterdrive (Atari ST - 1990),5.00,1
Spirit of Excalibur (Atari ST - 1990),4.20,20
La Corona Mágica (Atari ST - 1990),4.00,2
Tie Break (Atari ST - 1990),4.00,4
Star Wars: Return of the Jedi (Atari ST - 1988),4.50,10
Murders in Space (Atari ST - 1990),4.14,7
Future Basketball (Atari ST - 1990),3.67,3
Arkanoid: Revenge of DOH (Atari ST - 1988),4.30,33
Times of Lore (Atari ST - 1988),4.21,14
Leather Goddesses Of Phobos (Atari ST - 1986),4.18,28
Ninja Rabbits (Atari ST - 1991),4.10,10
Overscan Invaders (Atari ST - 1994),0.00,0
Mickey Mouse: The Computer Game (Atari ST - 1988),5.00,3
Beast Busters (Atari ST - 1991),5.00,1
OutRun Europa (Atari ST - 1991),4.57,7
Rod-land (Atari ST - 1991),4.25,8
Yogi's Great Escape (Atari ST - 1990),3.75,4
500 cc Grand Prix (Atari ST - 1987),5.00,1
SantaFly (Atari ST - 2002),5.00,1
Pub Darts (Atari ST - 1988),4.50,2
Extase (Atari ST - 1990),4.00,3
Power Drift (Atari ST - 1989),4.56,16
F-19 Stealth Fighter (Atari ST - 1990),4.44,150
Black Sect (Atari ST - 1993),4.12,17
A.L.C.O.N. (Atari ST - 1988),4.50,2
Fate Master (Atari ST - 1992),5.00,1
Transylvania (Atari ST - 1986),3.91,25
Clogged Up (Atari ST - 2004),0.00,0
The Munsters (Atari ST - 1989),3.75,4
First Samurai (Atari ST - 1991),4.70,17
Dames Simulator (Atari ST - 1990),3.78,9
The Game of Harmony (Atari ST - 1990),5.00,4
Their Finest Hour: The Battle of Britain (Atari ST - 1990),4.63,31
Kaiser (Atari ST - 1988),5.00,1
Kelly X (Atari ST - 1989),0.00,0
Catch 23 (Atari ST - 1987),0.00,0
Face Off (Atari ST - 1989),0.00,0
Powerplay: The Game of the Gods (Atari ST - 1987),4.50,8
No Second Prize (Atari ST - 1992),5.00,1
Lords of Chaos (Atari ST - 1991),4.73,11
007: James Bond - The Stealth Affair (Atari ST - 1990),4.38,53
Legend of Faerghail (Atari ST - 1990),4.47,15
Puzznic (Atari ST - 1990),4.59,12
Le labyrinthe d'Orthophus (Atari ST - 1989),4.00,1
Astate: La Malédiction des Templiers (Atari ST - 1990),4.80,5
Operation Thunderbolt (Atari ST - 1990),4.11,9
R.B.I. Baseball 2 (Atari ST - 1991),3.70,10
S.W.I.V. (Atari ST - 1991),4.14,7
Leeds United Champions! (Atari ST - 1992),0.00,0
Battle Bound (Atari ST - 1991),0.00,0
Annals of Rome (Atari ST - 1987),4.62,13
Powermonger: World War I Edition (Atari ST - 1991),4.71,7
Jet (Atari ST - 1988),4.64,11
Unreal (Atari ST - 1991),4.20,5
SuperFly (Atari ST - 2002),0.00,0
Lamborghini: American Challenge (Atari ST - 1992),4.19,47
The Ancient Art of War in the Skies (Atari ST - 1993),4.55,20
Towers: Lord Baniff's Deceit (Atari ST - 1993),5.00,2
International Championship Athletics (Atari ST - 1991),0.00,0
Paris Dakar 1990 (Atari ST - 1990),4.41,17
Disc (Atari ST - 1990),5.00,2
Chain Reaction (Atari ST - 1991),0.00,0
Donald Duck's Playground (Atari ST - 1986),4.72,21
Football Manager 2 (Atari ST - 1988),4.31,13
Total Eclipse (Atari ST - 1989),4.54,13
Deliverance: Stormlord II (Atari ST - 1992),4.78,9
Frenetic (Atari ST - 1991),5.00,1
The Light Corridor (Atari ST - 1990),4.67,6
Aliants: The Desperate Battle For Earth! (Atari ST - 1987),3.83,6
A Mind Forever Voyaging (Atari ST - 1985),4.45,27
The Duel: Test Drive II (Atari ST - 1990),4.27,94
Quatris (Atari ST - 1991),0.00,0
Fahrenheit 451 (Atari ST - 1986),4.56,9
King's Quest III: To Heir is Human (Atari ST - 1987),4.36,56
England Team Manager (Atari ST - 1990),0.00,0
Starglider II (Atari ST - 1988),4.48,15
Eliminator (Atari ST - 1988),5.00,1
Champion of The Raj (Atari ST - 1991),4.27,15
The Untouchables (Atari ST - 1989),5.00,2
Star Trap (Atari ST - 1988),3.00,2
Axel's Magic Hammer (Atari ST - 1990),5.00,1
Dominium (Atari ST - 1992),4.45,9
Hostage: Rescue Mission (Atari ST - 1988),4.36,36
Deja Vu: A Nightmare Comes True!! (Atari ST - 1987),4.96,54
Battle Command (Atari ST - 1990),4.45,11
Bug Bash (Atari ST - 1990),5.00,1
Zero 5 (Atari ST - 1994),5.00,1
Fate: Gates of Dawn (Atari ST - 1991),5.00,3
Ikari Warriors II: Victory Road (Atari ST - 1989),3.60,10
Xiphos (Atari ST - 1990),5.00,3
Backlash (Atari ST - 1987),3.00,1
Cannon Fodder (Atari ST - 1994),4.57,84
Xevious (Atari ST - 1987),4.78,9
Speedball (Atari ST - 1988),4.68,19
Night Crawlers (Atari ST - 1986),0.00,0
Popeye 2 (Atari ST - 1992),5.00,4
Altered Beast (Atari ST - 1989),4.45,38
Dive Bomber (Atari ST - 1988),4.50,12
Overlander (Atari ST - 1988),4.00,6
Jimmy White's 'Whirlwind' Snooker (Atari ST - 1991),4.12,32
Populous (Atari ST - 1989),4.58,50
Veteran (Atari ST - 1988),1.25,4
Fish (Atari ST - 1988),4.55,11
International Ninja Rabbits (Atari ST - 1991),3.60,5
Bunny Bricks (Atari ST - 1992),0.00,0
Marlowe (Atari ST - 1992),5.00,2
Fighting Soccer (Atari ST - 1989),0.00,0
Joust (Atari ST - 1986),4.33,12
Shadow of the Beast (Atari ST - 1990),4.58,12
Top Banana (Atari ST - 1992),1.83,6
Stone Age (Atari ST - 1992),4.78,32
Team Yankee (Atari ST - 1990),4.45,20
Breakers (Atari ST - 1986),3.67,3
The Final Battle (Atari ST - 1990),4.30,10
The Spy Who Loved Me (Atari ST - 1990),4.29,7
Ivan 'Ironman' Stewart's Super Off Road (Atari ST - 1990),4.61,81
StarBlade (Atari ST - 1990),4.22,9
Butcher Hill (Atari ST - 1989),5.00,2
"Garfield: Big, Fat, Hairy Deal (Atari ST - 1988)",4.44,9
Danny Sullivan's Indy Heat (Atari ST - 1992),4.00,4
Dogfight (Atari ST - 1990),0.00,0
High Steel (Atari ST - 1989),5.00,3
The Hunt for Red October (Atari ST - 1988),4.60,20
Gilbert: Escape from Drill (Atari ST - 1989),0.00,0
Tanglewood (Atari ST - 1987),5.00,1
Magic Lines (Atari ST - 1990),5.00,2
Last Duel: Inter Planet War 2012 (Atari ST - 1989),5.00,1
Kick Off: Extra Time (Atari ST - 1989),4.00,2
Rampage (Atari ST - 1987),4.74,27
The Karate Kid: Part II - The Computer Game (Atari ST - 1986),4.00,3
Final Assault (Atari ST - 1988),3.22,14
Skull & Crossbones (Atari ST - 1991),4.33,6
Creatures (Atari ST - 1993),4.11,9
England Championship Special (Atari ST - 1991),5.00,5
The Blues Brothers (Atari ST - 1991),4.64,43
Will Harvey's Zany Golf (Atari ST - 1989),4.70,23
Cisco Heat: All American Police Car Race (Atari ST - 1991),4.00,17
Steel (Atari ST - 1989),1.00,1
Combat Course (Atari ST - 1989),4.25,4
Moonfall (Atari ST - 1991),4.00,4
Maniac Mansion (Atari ST - 1989),4.03,31
Captain Fizz Meets the Blaster-Trons (Atari ST - 1988),4.33,3
Starbyte Super Soccer (Atari ST - 1991),4.00,7
Days of Thunder (Atari ST - 1990),4.00,9
Domination (Atari ST - 1990),5.00,1
Exterminator (Atari ST - 1990),3.75,4
Dyter-07 (Atari ST - 1990),5.00,1
Slaygon (Atari ST - 1988),3.00,1
Crime Does Not Pay (Atari ST - 1991),4.50,6
Skidz (Atari ST - 1990),2.33,3
Sorcery+ (Atari ST - 1988),3.67,3
Eye of Horus (Atari ST - 1989),4.29,7
Gods (Atari ST - 1991),4.40,68
Operation Wolf (Atari ST - 1988),4.40,42
GNU Chess (Atari ST - 1994),4.50,2
Under Pressure (Atari ST - 1991),2.00,1
Megamix 2: Brainstorm (Atari ST - 1991),0.00,0
Legends of Valour (Atari ST - 1993),4.62,16
Turrican (Atari ST - 1990),4.73,15
Chess Player 2150 (Atari ST - 1989),4.00,4
SimCity (Atari ST - 1990),4.30,125
Star Wars: The Empire Strikes Back (Atari ST - 1988),4.11,9
World Championship Boxing Manager (Atari ST - 1990),3.90,38
Megamix (Atari ST - 1990),0.00,0
The Black Cauldron (Atari ST - 1986),4.59,27
Space Quest III: The Pirates of Pestulon (Atari ST - 1989),4.38,60
"""Get Dexter!"" (Atari ST - 1987)",4.11,102
RoadWar 2000 (Atari ST - 1987),4.72,18
Hellowoon: Das Geheimnis des Zauberstabs (Atari ST - 1987),5.00,1
Brataccas (Atari ST - 1986),4.38,8
European Championship 1992 (Atari ST - 1992),4.60,10
Barbarian II (Atari ST - 1991),4.83,6
Sheer Agony (Atari ST - 1995),3.00,2
UMS: The Universal Military Simulator (Atari ST - 1987),4.17,6
Warlock (Atari ST - 1988),4.29,7
Mission X (Atari ST - 1993),0.00,0
Mr Dice (Atari ST - 1991),5.00,1
Freddy Hardest in South Manhattan (Atari ST - 1989),4.25,4
Locomotion (Atari ST - 1992),4.47,15
Artificial Dreams (Atari ST - 1988),0.00,0
Strike Fleet (Atari ST - 1991),4.70,23
Berlin 1948 (Atari ST - 1989),3.88,8
Anarchy (Atari ST - 1990),5.00,1
The Pawn (Atari ST - 1986),4.08,13
Tactical Manager (Atari ST - 1994),3.80,5
The Legend of William Tell (Atari ST - 1990),5.00,1
Skidoo (Atari ST - 1989),3.00,2
Hero's Quest: So You Want To Be A Hero (Atari ST - 1990),4.50,71
Seconds Out (Atari ST - 1988),0.00,0
Blood Money (Atari ST - 1989),4.53,17
Armalyte: The Final Run (Atari ST - 1991),4.00,2
Little Puff in Dragonland (Atari ST - 1990),3.00,2
Tennis Cup 2 (Atari ST - 1992),4.00,3
Incredible Shrinking Sphere (Atari ST - 1989),4.00,1
Frontier: Elite II (Atari ST - 1993),4.61,54
Iznogoud (Atari ST - 1987),2.33,3
Heavy Metal (Atari ST - 1990),4.00,10
RoadWar Europa (Atari ST - 1987),4.75,12
Space Gun (Atari ST - 1992),2.25,4
Marble Madness (Atari ST - 1986),4.54,35
Goldrunner (Atari ST - 1987),3.50,2
Combo Racer (Atari ST - 1990),5.00,4
"Jim Power in ""Mutant Planet"" (Atari ST - 1992)",4.00,2
Alcatraz (Atari ST - 1992),4.50,22
Operation: Cleanstreets (Atari ST - 1988),4.33,3
Mouse Trap (Atari ST - 1987),4.00,2
Blue Angels: Formation Flight Simulation (Atari ST - 1989),5.00,7
Oids (Atari ST - 1987),5.00,3
Super Scramble Simulator (Atari ST - 1989),3.50,2
Vengeance of Excalibur (Atari ST - 1992),4.20,15
Albedo (Atari ST - 1988),0.00,0
Better Dead Than Alien! (Atari ST - 1988),5.00,3
Slippery Sid (Atari ST - 1989),0.00,0
Fire & Ice (Atari ST - 1992),4.35,45
Orb (Atari ST - 1999),4.00,1
Trantor the Last Stormtrooper (Atari ST - 1988),5.00,4
Kick Off 2: Return To Europe (Atari ST - 1991),3.50,2
Black Gold (Atari ST - 1989),4.46,33
Road Runner (Atari ST - 1987),4.43,21
"Scenery Disk ""Western European Tour"" (Atari ST - 1988)",5.00,3
Scapeghost (Atari ST - 1989),4.64,11
Project Neptune (Atari ST - 1989),4.19,16
Black Hornet (Atari ST - 1991),4.00,2
The Carl Lewis Challenge (Atari ST - 1992),3.67,3
Leavin' Teramis (Atari ST - 1990),5.00,1
Golden Eagle (Atari ST - 1991),4.13,8
F-15 Strike Eagle II (Atari ST - 1991),4.54,51
Hostile Reception (Atari ST - 1990),0.00,0
Austerlitz (Atari ST - 1989),5.00,4
Billiards Simulator (Atari ST - 1988),2.67,3
Rick Dangerous 2 (Atari ST - 1990),4.46,28
Turbo Out Run (Atari ST - 1989),4.72,29
Crystal Castles (Atari ST - 1986),4.67,6
Stryx (Atari ST - 1989),4.80,5
World Cricket (Atari ST - 1991),5.00,2
La Diosa de Cozumel (Atari ST - 1990),4.71,7
Premier Manager (Atari ST - 1992),4.00,30
Rick Dangerous (Atari ST - 1989),4.14,35
Plan 9 from Outer Space (Atari ST - 1992),4.20,10
Graeme Souness Vector Soccer (Atari ST - 1991),1.50,2
Rings of Zilfin (Atari ST - 1987),3.67,6
Chiki Chiki Boys (Atari ST - 1991),4.83,6
Grandad 2: In Search of Sandwiches (Atari ST - 1993),4.00,2
Passing Shot (Atari ST - 1989),4.00,2
James Pond: Underwater Agent (Atari ST - 1990),3.80,5
Trinity (Atari ST - 1986),4.38,16
Star Fleet I: The War Begins! (Atari ST - 1986),4.40,25
