Title,Average Rating,Number of Ratings
221 B Baker St. (Atari 8-bit - 1987),4.00,13
3-D Tic-Tac-Toe (Atari 8-bit - 1979),3.29,14
3d24 (Atari 8-bit - 1993),0.00,0
50 Mission Crush (Atari 8-bit - 1984),2.78,10
747 Flight Simulator (Atari 8-bit - 1983),5.00,3
A.D. 2044: Seksmisja (Atari 8-bit - 1991),5.00,1
A.E. (Atari 8-bit - 1982),5.00,1
ABC (Atari 8-bit - 1995),5.00,1
Abracadabra! (Atari 8-bit - 1983),4.00,1
Ace of Aces (Atari 8-bit - 1987),4.17,12
Acey-Deucey (Atari 8-bit - 1982),0.00,0
Action Biker (Atari 8-bit - 1985),3.00,2
Action Quest (Atari 8-bit - 1982),5.00,1
Adax (Atari 8-bit - 1992),0.00,0
Advance of the Megacamel (Atari 8-bit - 1984),5.00,1
Advanced Pinball Simulator (Atari 8-bit - 1988),5.00,1
Adventure in the Fifth Dimension (Atari 8-bit - 1983),0.00,0
Adventure Master (Atari 8-bit - 1984),5.00,1
Adventure Quest (Atari 8-bit - 1983),5.00,1
Agent USA (Atari 8-bit - 1984),4.57,14
Air Rescue I (Atari 8-bit - 1984),0.00,0
Airball (Atari 8-bit - 1988),3.92,13
Airline (Atari 8-bit - 1986),5.00,1
Airstrike (Atari 8-bit - 1982),0.00,0
Airstrike II (Atari 8-bit - 1983),0.00,0
Alchemia (Atari 8-bit - 1993),5.00,1
ALF in the Color Caves (Atari 8-bit - 1984),5.00,1
Alfa-Boot (Atari 8-bit - 1994),0.00,0
Ali Baba and the Forty Thieves (Atari 8-bit - 1981),5.00,1
Aliants: The Desperate Battle For Earth! (Atari 8-bit - 1987),3.75,4
Alien Ambush (Atari 8-bit - 1982),0.00,0
Alien Garden (Atari 8-bit - 1982),0.00,0
Alien Hell (Atari 8-bit - 1981),0.00,0
Alienbusters (Atari 8-bit - 1991),0.00,0
Alley Cat (Atari 8-bit - 1983),4.72,36
Alphabet Zoo (Atari 8-bit - 1983),1.00,1
Alternate Reality: The City (Atari 8-bit - 1985),4.59,17
Alternate Reality: The Dungeon (Atari 8-bit - 1987),5.00,2
Amaurote (Atari 8-bit - 1987),3.00,1
Android (Atari 8-bit - 1991),0.00,0
Andromeda Conquest (Atari 8-bit - 1982),3.80,10
Ankh (Atari 8-bit - 1984),3.00,1
Ant Eater (Atari 8-bit - 1983),0.00,0
Apple Panic (Atari 8-bit - 1982),4.17,6
Aquatron (Atari 8-bit - 1983),0.00,0
Arcade Fruit Machine (Atari 8-bit - 1990),5.00,2
Archon II: Adept (Atari 8-bit - 1984),5.00,2
Archon: The Light and the Dark (Atari 8-bit - 1983),4.35,26
Ardeny 1944 (Atari 8-bit - 1995),0.00,0
Ardy the Aardvark (Atari 8-bit - 1983),0.00,0
Arena 3000 (Atari 8-bit - 1984),0.00,0
Arkanoid (Atari 8-bit - 1987),4.56,25
Armor Assault (Atari 8-bit - 1982),4.00,1
Around the Planet (Atari 8-bit - 1994),5.00,1
Artefakt Przodków (Atari 8-bit - 1992),0.00,0
Asteroids (Atari 8-bit - 1981),1.00,1
Astro Chase (Atari 8-bit - 1982),0.00,0
Astro-Grover (Atari 8-bit - 1984),4.58,9
Atlantis (Atari 8-bit - 1983),0.00,0
Atomia (Atari 8-bit - 1993),0.00,0
Aurum (Atari 8-bit - 1993),0.00,0
Avalanche (Atari 8-bit - 1980),0.00,0
Axilox (Atari 8-bit - 1993),0.00,0
Axis Assassin (Atari 8-bit - 1983),4.00,2
Aztec (Atari 8-bit - 1982),2.00,2
Aztec Challenge (Atari 8-bit - 1982),5.00,3
B-1 Nuclear Bomber (Atari 8-bit - 1980),4.29,14
Babel (Atari 8-bit - 1982),0.00,0
Baja Buggies (Atari 8-bit - 1982),0.00,0
Ballblazer (Atari 8-bit - 1985),5.00,1
Ballyhoo (Atari 8-bit - 1986),4.50,2
Bandits (Atari 8-bit - 1982),5.00,1
Bang! Bank! (Atari 8-bit - 1992),0.00,0
Bannercatch (Atari 8-bit - 1984),4.00,1
Banzai (Atari 8-bit - 1995),0.00,0
Barahir (Atari 8-bit - 1993),5.00,1
Barge (Atari 8-bit - 1983),0.00,0
Barnyard Blaster (Atari 8-bit - 1987),0.00,0
Basil the Great Mouse Detective (Atari 8-bit - 1987),5.00,1
Basketball (Atari 8-bit - 1979),4.50,2
Battalion Commander (Atari 8-bit - 1985),5.00,2
Battle for Normandy (Atari 8-bit - 1982),4.17,6
Battle of Antietam (Atari 8-bit - 1985),4.00,4
Battle Ships (Atari 8-bit - 1989),0.00,0
Battlezone (Atari 8-bit - 1987),4.34,24
BC's Quest for Tires (Atari 8-bit - 1983),4.57,7
Beach-Head (Atari 8-bit - 1983),5.00,4
Beach-Head II: The Dictator Strikes Back (Atari 8-bit - 1986),4.75,4
Beamrider (Atari 8-bit - 1983),5.00,1
Beneath Apple Manor (Atari 8-bit - 1983),3.17,6
Bertyx (Atari 8-bit - 1992),0.00,0
Beyond Castle Wolfenstein (Atari 8-bit - 1984),4.35,32
Biker Dave (Atari 8-bit - 1986),0.00,0
Bismarck (Atari 8-bit - 1988),0.00,0
Black Lamp (Atari 8-bit - 1989),0.00,0
Blackjack (Atari 8-bit - 1980),0.00,0
Blinkys Scary School (Atari 8-bit - 1990),4.00,2
Blue Max (Atari 8-bit - 1983),5.00,1
Blue Max 2001 (Atari 8-bit - 1984),0.00,0
Blue Thunder (Atari 8-bit - 1984),0.00,0
BMX Simulator (Atari 8-bit - 1986),5.00,3
Boing II (Atari 8-bit - 1992),0.00,0
Bomb Fusion (Atari 8-bit - 1989),5.00,2
Bomber Attack (Atari 8-bit - 1982),4.00,1
Bop'N Wrestle (Atari 8-bit - 1986),3.75,4
Boulder Dash (Atari 8-bit - 1984),5.00,6
Boulder Dash Construction Kit (Atari 8-bit - 1986),0.00,0
Boulder Dash II: Rockford's Revenge (Atari 8-bit - 1985),4.50,2
Bounty Bob Strikes Back! (Atari 8-bit - 1984),0.00,0
Brain Strainers (Atari 8-bit - 1983),4.50,2
Breakthrough in the Ardennes (Atari 8-bit - 1984),0.00,0
Brian Clough's Football Fortunes (Atari 8-bit - 1987),4.50,2
Brimstone (Atari 8-bit - 1985),1.00,1
Bristles (Atari 8-bit - 1983),0.00,0
Broadsides (Atari 8-bit - 1983),5.00,1
Bruce Lee (Atari 8-bit - 1984),4.33,18
Bubble Trouble (Atari 8-bit - 1987),5.00,1
Buck Rogers: Planet of Zoom (Atari 8-bit - 1983),4.59,12
Bug Attack (Atari 8-bit - 1982),5.00,1
Bug Hunt (Atari 8-bit - 1987),0.00,0
Buried Buck$ (Atari 8-bit - 1982),0.00,0
C'est La Vie (Atari 8-bit - 1983),0.00,0
Canyon Climber (Atari 8-bit - 1982),0.00,0
Captain Gather (Atari 8-bit - 1992),0.00,0
Captain Sticky's Gold (Atari 8-bit - 1983),0.00,0
Capture the Flag (Atari 8-bit - 1983),0.00,0
Carnival Massacre (Atari 8-bit - 1983),0.00,0
Castle Crisis (Atari 8-bit - 2003),0.00,0
Castle Wolfenstein (Atari 8-bit - 1983),4.45,73
Cat-Nap (Atari 8-bit - 1982),0.00,0
Caterpiggle (Atari 8-bit - 1982),0.00,0
Caveman (Atari 8-bit - 1993),5.00,1
Cavernia (Atari 8-bit - 1990),0.00,0
Caverns of Callisto (Atari 8-bit - 1983),4.00,1
Caverns of Eriban (Atari 8-bit - 1986),0.00,0
Caverns of Khafka (Atari 8-bit - 1983),4.00,2
Caverns of Mars (Atari 8-bit - 1981),0.00,0
Caverns of the Lost Miner (Atari 8-bit - 2007),0.00,0
Centipede (Atari 8-bit - 1982),5.00,2
Centurion (Atari 8-bit - 1995),5.00,1
Championship Lode Runner (Atari 8-bit - 1984),5.00,1
Chancellor Of The Exchequer (Atari 8-bit - 1983),4.00,1
Change (Atari 8-bit - 1992),0.00,0
Chatterbee (Atari 8-bit - 1983),0.00,0
Checker King (Atari 8-bit - 1980),0.00,0
Chicken Chase (Atari 8-bit - 1986),5.00,1
Chimera (Atari 8-bit - 1985),0.00,0
Chop Suey (Atari 8-bit - 1985),0.00,0
Choplifter! (Atari 8-bit - 1982),3.50,2
Chopper Hunt (Atari 8-bit - 1984),0.00,0
Chopper Rescue (Atari 8-bit - 1982),0.00,0
Chuckie Egg (Atari 8-bit - 1985),4.00,13
Circus (Atari 8-bit - 1983),0.00,0
Claim Jumper (Atari 8-bit - 1982),0.00,0
Clear for Action (Atari 8-bit - 1984),3.00,1
Climber 5 (Atari 8-bit - 1987),0.00,0
Clowns & Balloons (Atari 8-bit - 1982),0.00,0
Coco Notes (Atari 8-bit - 1984),0.00,0
Collapse (Atari 8-bit - 1985),0.00,0
Colonial Conquest (Atari 8-bit - 1985),5.00,10
Colony (Atari 8-bit - 1987),5.00,1
Colossal Adventure (Atari 8-bit - 1983),0.00,0
Colossus Chess 3.0 (Atari 8-bit - 1984),4.00,1
Colossus Chess 4 (Atari 8-bit - 1987),4.50,2
Combat Leader (Atari 8-bit - 1983),5.00,1
Computer Acquire (Atari 8-bit - 1981),4.46,11
Computer Ambush (Atari 8-bit - 1984),3.50,2
Computer Baseball (Atari 8-bit - 1984),5.00,1
Computer Baseball Strategy (Atari 8-bit - 1982),0.00,0
Computer Football Strategy (Atari 8-bit - 1983),0.00,0
Computer Quarterback (Atari 8-bit - 1981),3.40,5
Computer Stocks & Bonds (Atari 8-bit - 1982),4.25,8
Computer War (Atari 8-bit - 1983),4.00,1
Conan: Hall of Volta (Atari 8-bit - 1984),3.67,3
Conflict in Vietnam (Atari 8-bit - 1986),4.31,16
Congo Bongo (Atari 8-bit - 1983),4.20,10
Constellation (Atari 8-bit - 1992),0.00,0
Controller (Atari 8-bit - 1982),4.00,1
Cops n' Robbers (Atari 8-bit - 1988),5.00,1
Cosmic Balance II (Atari 8-bit - 1983),5.00,2
Cosmic Hero (Atari 8-bit - 2004),0.00,0
Cosmic Pirate (Atari 8-bit - 1989),0.00,0
Cosmic Tunnels (Atari 8-bit - 1983),0.00,0
Crack-Up (Atari 8-bit - 1989),0.00,0
Crash Dive! (Atari 8-bit - 1984),0.00,0
Crisis Mountain (Atari 8-bit - 1983),0.00,0
Crossbow (Atari 8-bit - 1988),4.33,6
Crossfire (Atari 8-bit - 1981),4.20,5
Crownland (Atari 8-bit - 2007),0.00,0
Crusade in Europe (Atari 8-bit - 1985),4.30,17
"Crush, Crumble and Chomp! (Atari 8-bit - 1981)",4.43,7
Crypto Cube (Atari 8-bit - 1983),0.00,0
Crypts of Egypt (Atari 8-bit - 1995),0.00,0
Crypts of Terror (Atari 8-bit - 1981),0.00,0
Crystal Castles (Atari 8-bit - 1988),5.00,1
Crystal Raider (Atari 8-bit - 1986),0.00,0
Cuthbert Goes Walkabout (Atari 8-bit - 1984),5.00,1
Cutthroats (Atari 8-bit - 1984),4.50,2
Cyborg (Atari 8-bit - 1982),4.50,4
Cyborg (Atari 8-bit - 1994),0.00,0
Cytron Masters (Atari 8-bit - 1982),3.25,4
Cywilizacja (Atari 8-bit - 1993),0.00,0
Czarny Orzeł (Atari 8-bit - 1995),0.00,0
Dagobar (Atari 8-bit - 1993),0.00,0
Dandy (Atari 8-bit - 1983),0.00,0
Danger Ranger (Atari 8-bit - 1984),0.00,0
Dark Abyss (Atari 8-bit - 1993),0.00,0
Dark Chambers (Atari 8-bit - 1988),0.00,0
Darkness Hour (Atari 8-bit - 1992),0.00,0
David's Midnight Magic (Atari 8-bit - 1982),5.00,3
Deadline (Atari 8-bit - 1982),4.50,6
Death Race (Atari 8-bit - 1987),0.00,0
Death Sword (Atari 8-bit - 1992),4.56,16
Deathland (Atari 8-bit - 1994),0.00,0
Decision in the Desert (Atari 8-bit - 1985),4.27,11
Defender (Atari 8-bit - 1982),4.13,15
Defensor (Atari 8-bit - 1995),0.00,0
Deimos (Atari 8-bit - 1993),0.00,0
Demon (Atari 8-bit - 1993),0.00,0
Demon Attack (Atari 8-bit - 1982),0.00,0
Denis Through the Drinking Glass (Atari 8-bit - 1984),0.00,0
Desert Falcon (Atari 8-bit - 1988),0.00,0
Despatch Rider (Atari 8-bit - 1986),0.00,0
Diamond Mine (Atari 8-bit - 1983),0.00,0
Diamond Mine (Atari 8-bit - 1985),0.00,0
Dig Dug (Atari 8-bit - 1982),4.47,47
Digi Duck (Atari 8-bit - 1992),0.00,0
Dimension X (Atari 8-bit - 1984),0.00,0
Dizzy Dice (Atari 8-bit - 1987),3.00,2
Dnieper River Line (Atari 8-bit - 1982),5.00,2
Dodge Racer (Atari 8-bit - 1981),0.00,0
Don't Shoot That Word! (Atari 8-bit - 1983),0.00,0
Donkey Kong (Atari 8-bit - 1983),4.38,122
Donkey Kong Junior (Atari 8-bit - 1983),5.00,1
Dr. Seuss's Fix-Up the Mix-Up Puzzler (Atari 8-bit - 1984),5.00,1
Draconus (Atari 8-bit - 1988),4.50,2
Dragon's Eye (Atari 8-bit - 1981),0.00,0
Dragon's Keep (Atari 8-bit - 1984),2.00,1
Dragonriders of Pern (Atari 8-bit - 1983),3.67,3
Dratewka the Shoemaker (Atari 8-bit - 2008),0.00,0
Draw Poker (Atari 8-bit - 1982),4.00,1
Drelbs (Atari 8-bit - 1983),0.00,0
Droga do Duplandu (Atari 8-bit - 1993),3.00,5
Droga Wojownika (Atari 8-bit - 1993),0.00,0
Drol (Atari 8-bit - 1983),4.00,3
Drop It! (Atari 8-bit - 1993),4.00,1
Dropzone (Atari 8-bit - 1984),5.00,1
Druid (Atari 8-bit - 1987),5.00,1
Ducks Ahoy! (Atari 8-bit - 1984),3.00,2
Dung Beetles (Atari 8-bit - 1982),0.00,0
Dunjonquest: Hellfire Warrior (Atari 8-bit - 1982),0.00,0
Dunjonquest: Morloc's Tower (Atari 8-bit - 1980),0.00,0
Dunjonquest: Temple of Apshai (Atari 8-bit - 1981),3.57,7
Dunjonquest: The Datestones of Ryn (Atari 8-bit - 1981),0.00,0
Dunjonquest: Upper Reaches of Apshai (Atari 8-bit - 1982),3.00,2
Dunzhin (Atari 8-bit - 1983),0.00,0
Dwie Wieże (Atari 8-bit - 1993),0.00,0
Dziedzictwo Gigantów (Atari 8-bit - 1993),0.00,0
E.T. Phone Home! (Atari 8-bit - 1983),0.00,0
Eagles (Atari 8-bit - 1983),4.00,1
Early Games for Young Children (Atari 8-bit - 1982),3.00,2
Earthquake San Francisco 1906 (Atari 8-bit - 1986),0.00,0
Eastern Front (1941) (Atari 8-bit - 1981),0.00,0
Elektraglide (Atari 8-bit - 1986),0.00,0
Emerald Isle (Atari 8-bit - 1985),4.00,1
Empire of the Over-Mind (Atari 8-bit - 1981),0.00,0
Enchanter (Atari 8-bit - 1983),4.00,10
Encounter! (Atari 8-bit - 1983),5.00,1
Energy Czar (Atari 8-bit - 1980),5.00,3
Eoroid (Atari 8-bit - 1994),0.00,0
Epidemic! (Atari 8-bit - 1983),3.88,8
Escape from Doomworld (Atari 8-bit - 1986),0.00,0
Espial (Atari 8-bit - 1984),0.00,0
Essex (Atari 8-bit - 1985),5.00,1
Eureka (Atari 8-bit - 1992),0.00,0
Excalibur (Atari 8-bit - 1983),0.00,0
Excelsor (Atari 8-bit - 1986),0.00,0
Exodus: Ultima III (Atari 8-bit - 1983),4.46,35
F-15 Strike Eagle (Atari 8-bit - 1984),4.00,8
FaceMaker (Atari 8-bit - 1983),3.00,2
Factor Blast (Atari 8-bit - 1983),4.00,1
Fantastic Soccer (Atari 8-bit - 1989),0.00,0
Fantastic Voyage (Atari 8-bit - 1982),0.00,0
Fast Eddie (Atari 8-bit - 1982),5.00,1
Fastgammon (Atari 8-bit - 1980),0.00,0
Fatum (Atari 8-bit - 1993),0.00,0
Feasibility Experiment (Atari 8-bit - 1982),0.00,0
Feud (Atari 8-bit - 1987),4.86,7
Field of Fire (Atari 8-bit - 1984),5.00,2
Fight Night (Atari 8-bit - 1986),5.00,1
Fighter Pilot (Atari 8-bit - 1985),4.50,2
Fighter Pilot (Atari 8-bit - 1983),0.00,0
Final Legacy (Atari 8-bit - 1987),3.00,1
Fire Power (Atari 8-bit - 1993),0.00,0
Fire Stone (Atari 8-bit - 1995),5.00,1
Fireball 1k (Atari 8-bit - 2008),0.00,0
Firebird (Atari 8-bit - 1981),0.00,0
Flak: The Ultimate Flight Experience (Atari 8-bit - 1984),0.00,0
Flash Gordon (Atari 8-bit - 1983),0.00,0
Flight Simulator II (Atari 8-bit - 1984),4.00,3
Flip and Flop (Atari 8-bit - 1983),5.00,1
Floyd of the Jungle (Atari 8-bit - 1982),0.00,0
Floyd of the Jungle (Version II) (Atari 8-bit - 1983),0.00,0
Fluid-Kha (Atari 8-bit - 1993),0.00,0
Flying Ace (Atari 8-bit - 1983),4.00,1
Fooblitzky (Atari 8-bit - 1985),3.50,2
Food Fight (Atari 8-bit - 1987),0.00,0
Football Manager (Atari 8-bit - 1985),3.84,13
Footballer of the Year (Atari 8-bit - 1986),5.00,1
Forbidden Forest (Atari 8-bit - 1983),5.00,1
Formula 1 (Atari 8-bit - 1982),0.00,0
Fort Apocalypse (Atari 8-bit - 1982),5.00,1
Fortress (Atari 8-bit - 1983),4.00,1
Fortress Underground (Atari 8-bit - 1987),3.50,2
Fraction Fever (Atari 8-bit - 1983),0.00,0
Frank & Mark (Atari 8-bit - 1993),0.00,0
Fred (Atari 8-bit - 1991),0.00,0
Free Trader (Atari 8-bit - 1983),4.50,2
Frenesis (Atari 8-bit - 1987),0.00,0
Frogger (Atari 8-bit - 1982),4.20,20
Frogger II: ThreeeDeep! (Atari 8-bit - 1984),5.00,5
Fuzzy (Atari 8-bit - 1985),0.00,0
Galactic Empire (Atari 8-bit - 1981),4.50,2
Galactic Trader (Atari 8-bit - 1981),4.00,1
Galaxian (Atari 8-bit - 1982),4.06,30
Gallahad (Atari 8-bit - 1992),0.00,0
Gateway to Apshai (Atari 8-bit - 1983),3.00,1
Gato (Atari 8-bit - 1987),4.40,25
Gauntlet (Atari 8-bit - 1985),4.91,23
Gauntlet (Atari 8-bit - 1984),0.00,0
Gemstone Warrior (Atari 8-bit - 1985),3.00,2
Genesis (Atari 8-bit - 1983),0.00,0
Getaway! (Atari 8-bit - 1982),0.00,0
Gettysburg: The Turning Point (Atari 8-bit - 1986),4.50,4
Ghost Chaser (Atari 8-bit - 1984),3.00,1
Ghostbusters (Atari 8-bit - 1984),3.67,3
Global War (Atari 8-bit - 1993),0.00,0
Gnome Ranger (Atari 8-bit - 1987),4.78,9
Gold Hunter (Atari 8-bit - 1992),0.00,0
Golden Gloves (Atari 8-bit - 1982),0.00,0
Gorf (Atari 8-bit - 1982),4.67,3
Gossip (Atari 8-bit - 1983),0.00,0
Grand Prix Simulator (Atari 8-bit - 1987),5.00,1
Gridrunner (Atari 8-bit - 1983),1.00,1
Gruds In Space (Atari 8-bit - 1983),4.00,1
Grunwald 1410 (Atari 8-bit - 1995),5.00,1
Guard (Atari 8-bit - 1992),0.00,0
Guderian (Atari 8-bit - 1986),5.00,1
Gun Law (Atari 8-bit - 1986),0.00,0
Gunslinger (Atari 8-bit - 1987),0.00,0
Gwendolyn: Pursuit of a Princess (Atari 8-bit - 1983),0.00,0
GYPSY (Atari 8-bit - 1982),0.00,0
Gyruss (Atari 8-bit - 1984),4.67,3
H.E.R.O. (Atari 8-bit - 1984),4.00,2
Hacker (Atari 8-bit - 1985),3.82,17
Hans Kloss (Atari 8-bit - 1992),0.00,0
Hard Hat Mack (Atari 8-bit - 1983),4.77,17
Harrier Mission (Atari 8-bit - 1985),5.00,2
Hawkquest (Atari 8-bit - 1989),0.00,0
Head Over Heels (Atari 8-bit - 1987),3.67,3
Heartache (Atari 8-bit - 1988),0.00,0
Heartlight (Atari 8-bit - 1991),4.56,9
Heathcliff: Fun with Spelling (Atari 8-bit - 1984),0.00,0
Helix (Atari 8-bit - 1992),0.00,0
Hellcat Ace (Atari 8-bit - 1982),4.11,9
Henry's House (Atari 8-bit - 1987),4.00,2
Herbert (Atari 8-bit - 1988),0.00,0
Hi-Res Adventure #0: Mission Asteroid (Atari 8-bit - 1980),0.00,0
Hi-Res Adventure #2: The Wizard and the Princess (Atari 8-bit - 1980),3.64,11
Hi-Res Adventure #4: Ulysses and the Golden Fleece (Atari 8-bit - 1982),3.17,6
Hi-Res Adventure #6: The Dark Crystal (Atari 8-bit - 1984),0.00,0
Highrise (Atari 8-bit - 1983),5.00,2
Hollywood Hijinx (Atari 8-bit - 1987),4.60,5
Hover Bovver (Atari 8-bit - 1984),0.00,0
Humanoid (Atari 8-bit - 1992),0.00,0
Hydraulik (Atari 8-bit - 1993),0.00,0
Imagic 1-2-3 (Atari 8-bit - 1984),0.00,0
Imagine (Atari 8-bit - 1992),0.00,0
Imperium Galactum (Atari 8-bit - 1984),3.33,3
In Search of The Most Amazing Thing (Atari 8-bit - 1983),3.88,8
Incydent (Atari 8-bit - 1993),0.00,0
Infidel (Atari 8-bit - 1983),4.71,7
Infiltrator (Atari 8-bit - 1986),5.00,6
Ingrid's Back! (Atari 8-bit - 1988),5.00,3
Inside (Atari 8-bit - 1990),0.00,0
Inspektor (Atari 8-bit - 1993),0.00,0
Into The Eagle's Nest (Atari 8-bit - 1988),4.13,8
Invasion (Atari 8-bit - 1987),4.00,1
IQ Master (Atari 8-bit - 1992),5.00,1
Jaffar (Atari 8-bit - 1993),0.00,0
Jagdstaffel (Atari 8-bit - 1980),0.00,0
James Bond 007 (Atari 8-bit - 1984),4.00,1
James Bond 007 in The Living Daylights: The Computer Game (Atari 8-bit - 1987),0.00,0
Janosik (Atari 8-bit - 1994),0.00,0
Jaskiniowiec (Atari 8-bit - 1995),0.00,0
Jawbreaker (Atari 8-bit - 1981),0.00,0
Jet Set Willy (Atari 8-bit - 1986),0.00,0
Jet-Boot Jack (Atari 8-bit - 1983),4.00,1
Jinxter (Atari 8-bit - 1988),5.00,3
Jocky Wilson's Compendium of Darts (Atari 8-bit - 1991),2.00,1
Jocky Wilson's Darts Challenge (Atari 8-bit - 1988),3.00,2
Joe Blade (Atari 8-bit - 1988),3.00,2
John Anderson's Rally Speedway (Atari 8-bit - 1983),0.00,0
Johny's Trouble (Atari 8-bit - 1992),0.00,0
Journey to the Planets (Atari 8-bit - 1982),0.00,0
Joust (Atari 8-bit - 1983),3.83,6
Juice! (Atari 8-bit - 1983),0.00,0
Jumbo Jet Pilot (Atari 8-bit - 1982),4.00,1
Jumping Jack (Atari 8-bit - 1993),0.00,0
Jumpman (Atari 8-bit - 1983),4.35,17
Jumpman Junior (Atari 8-bit - 1983),4.50,2
Jungle Hunt (Atari 8-bit - 1983),4.27,11
Juno First (Atari 8-bit - 1984),0.00,0
Jupiter Mission 1999 (Atari 8-bit - 1984),4.00,1
K-Razy Shoot-Out (Atari 8-bit - 1981),0.00,0
Kaboom! (Atari 8-bit - 1983),0.00,0
Kaiser (Atari 8-bit - 1984),5.00,4
Kaiv (Atari 8-bit - 1983),0.00,0
Kampania wrześniowa (Atari 8-bit - 1993),0.00,0
Kangaroo (Atari 8-bit - 1982),0.00,0
Karateka (Atari 8-bit - 1985),4.72,35
Kasiarz (Atari 8-bit - 1994),0.00,0
Kennedy Approach (Atari 8-bit - 1985),4.67,6
Kenny Dalglish Soccer Manager (Atari 8-bit - 1989),0.00,0
Kernaw (Atari 8-bit - 1993),0.00,0
Ketchup (Atari 8-bit - 1996),0.00,0
Keystone Kapers (Atari 8-bit - 1983),5.00,3
Kick Off (Atari 8-bit - 1989),4.20,5
Kid Grid (Atari 8-bit - 1982),0.00,0
Kids on Keys (Atari 8-bit - 1983),4.00,2
Kikstart: Off-Road Simulator (Atari 8-bit - 1986),0.00,0
Knight Orc (Atari 8-bit - 1987),4.83,6
Knock (Atari 8-bit - 1992),0.00,0
KNOCKOUT (Atari 8-bit - 1982),0.00,0
Kolony (Atari 8-bit - 1991),5.00,1
Koronis Rift (Atari 8-bit - 1985),5.00,3
Koło Fortuny (Atari 8-bit - 1993),0.00,0
Krucjata (Atari 8-bit - 1993),0.00,0
Kult (Atari 8-bit - 1992),0.00,0
Kupiec (Atari 8-bit - 1993),0.00,0
Labyrinth (Atari 8-bit - 1982),0.00,0
Lancelot (Atari 8-bit - 1988),4.44,9
Las Vegas Casino (Atari 8-bit - 1989),0.00,0
Laser Hawk (Atari 8-bit - 1986),0.00,0
Leader Board (Atari 8-bit - 1986),0.00,0
Leaderboard Tournament (Atari 8-bit - 1987),0.00,0
Leaper (Atari 8-bit - 1986),5.00,1
Leather Goddesses Of Phobos (Atari 8-bit - 1986),4.15,20
Legionnaire (Atari 8-bit - 1982),5.00,5
Liga Polska (Atari 8-bit - 1995),0.00,0
Lizard (Atari 8-bit - 1992),0.00,0
Loco (Atari 8-bit - 1986),0.00,0
Lode Runner (Atari 8-bit - 1983),4.88,24
Lode Runner's Rescue (Atari 8-bit - 1985),5.00,1
Lords of Conquest (Atari 8-bit - 1986),4.50,14
Lords of Time (Atari 8-bit - 1983),0.00,0
Lorien's Tomb (Atari 8-bit - 1992),0.00,0
Los Angeles SWAT (Atari 8-bit - 1986),0.00,0
Lost Tomb (Atari 8-bit - 1984),3.00,1
Lucifer's Realm (Atari 8-bit - 1985),5.00,1
Lunar Leeper (Atari 8-bit - 1983),0.00,0
Mad-Netter (Atari 8-bit - 1982),0.00,0
Magia (Atari 8-bit - 1993),0.00,0
Magia Fortuny (Atari 8-bit - 1993),5.00,1
Magia Kryształu (Atari 8-bit - 1992),0.00,0
Magic Dimension (Atari 8-bit - 1993),0.00,0
Magic Micro Mission (Atari 8-bit - 1984),0.00,0
Magic of Words (Atari 8-bit - 1996),0.00,0
Magic World (Atari 8-bit - 1994),0.00,0
Mail Order Monsters (Atari 8-bit - 1986),5.00,5
Major Bronx (Atari 8-bit - 1992),0.00,0
Marauder (Atari 8-bit - 1982),0.00,0
Mario Bros. (Atari 8-bit - 1988),4.50,10
Master Chess (Atari 8-bit - 1986),5.00,1
Master Head (Atari 8-bit - 1992),0.00,0
Master of the Lamps (Atari 8-bit - 1985),4.00,1
Match Wits (Atari 8-bit - 1984),0.00,0
Matchboxes (Atari 8-bit - 1983),0.00,0
Math Mileage (Atari 8-bit - 1984),4.00,1
Matta Blatta (Atari 8-bit - 1988),0.00,0
Maxwell Manor (Atari 8-bit - 1984),5.00,1
Maze of Death (Atari 8-bit - 1981),0.00,0
Mech Brigade (Atari 8-bit - 1986),3.80,5
Megamania (Atari 8-bit - 1983),0.00,0
Memory Manor (Atari 8-bit - 1984),0.00,0
Mercenary (Atari 8-bit - 1985),5.00,3
Mercenary: Escape from Targ - The Second City (Atari 8-bit - 1986),5.00,2
MicroLeague Baseball (Atari 8-bit - 1984),4.20,31
MicroMan (Atari 8-bit - 1993),0.00,0
Microx (Atari 8-bit - 1992),5.00,1
Midnight (Atari 8-bit - 1993),0.00,0
Miecze Valdgira (Atari 8-bit - 1991),0.00,0
Miecze Valdgira II: Władca Gór (Atari 8-bit - 1993),3.50,2
MiG Alley Ace (Atari 8-bit - 1983),4.00,1
Milk Race (Atari 8-bit - 1987),5.00,1
Millionaire: The Stock Market Simulation (Atari 8-bit - 1982),3.80,5
Millipede (Atari 8-bit - 1984),0.00,0
Mindshadow (Atari 8-bit - 1985),4.25,8
Miner 2049er (Atari 8-bit - 1982),4.60,10
Mirax Force (Atari 8-bit - 1987),0.00,0
Miss Mind II: Ania (Atari 8-bit - 1990),5.00,2
Missile Command (Atari 8-bit - 1982),0.00,0
Mission on Thunderhead (Atari 8-bit - 1985),0.00,0
Mission Shark (Atari 8-bit - 1991),0.00,0
Mission Zircon (Atari 8-bit - 1992),0.00,0
Missmind: Sara (Atari 8-bit - 1989),5.00,1
Mogul Maniac (Atari 8-bit - 1983),0.00,0
Molecule Man (Atari 8-bit - 1986),0.00,0
Monkey Magic (Atari 8-bit - 1987),0.00,0
Monster Maze (Atari 8-bit - 1982),0.00,0
Monstrum (Atari 8-bit - 1992),5.00,1
Montezuma's Revenge (Atari 8-bit - 1984),4.35,49
Moon Patrol (Atari 8-bit - 1983),4.16,26
Moon Patrol (Atari 8-bit - 1982),0.00,0
Moon Shuttle (Atari 8-bit - 1983),0.00,0
Moonmist (Atari 8-bit - 1986),4.00,5
Mordon's Quest (Atari 8-bit - 1985),0.00,0
Mountain Bike Racer (Atari 8-bit - 1989),5.00,1
Mountain King (Atari 8-bit - 1983),0.00,0
Mouse Trap (Atari 8-bit - 1987),0.00,0
Mouskattack (Atari 8-bit - 1982),0.00,0
Mr. Cool (Atari 8-bit - 1983),0.00,0
Mr. Dig (Atari 8-bit - 1984),0.00,0
Mr. Do! (Atari 8-bit - 1984),5.00,1
Mr. Do!'s Castle (Atari 8-bit - 1984),3.00,1
Mr. Robot and His Robot Factory (Atari 8-bit - 1983),4.00,1
Mr. TNT (Atari 8-bit - 1983),0.00,0
Ms. Pac-Man (Atari 8-bit - 1983),3.96,32
Murder on The Zinderneuf (Atari 8-bit - 1983),3.86,7
My First Alphabet (Atari 8-bit - 1981),0.00,0
Mystery Fun House (Atari 8-bit - 1981),0.00,0
Najemnik (Atari 8-bit - 1992),4.00,1
Najemnik: Powrót (Atari 8-bit - 1993),0.00,0
Najeźdźcy z Kosmosu (Atari 8-bit - 1985),0.00,0
NAM (Atari 8-bit - 1986),4.00,2
NATO Commander (Atari 8-bit - 1983),4.71,7
Naturix (Atari 8-bit - 1994),0.00,0
Necromancer (Atari 8-bit - 1982),0.00,0
Neptune's Daughters (Atari 8-bit - 1984),0.00,0
Neron (Atari 8-bit - 1993),0.00,0
Neuroid (Atari 8-bit - 1996),0.00,0
New York City (Atari 8-bit - 1984),0.00,0
Nexus (Atari 8-bit - 1996),5.00,1
Night Mission Pinball (Atari 8-bit - 1982),3.92,12
Ninja (Atari 8-bit - 1986),4.67,6
Ninja Commando (Atari 8-bit - 1989),5.00,1
Ninja Master (Atari 8-bit - 1986),0.00,0
Nuclear Adventure or the North Base (Atari 8-bit - 1990),0.00,0
O'Riley's Mine (Atari 8-bit - 1983),0.00,0
Odwracanka (Atari 8-bit - 1998),0.00,0
Oil's Well (Atari 8-bit - 1983),4.50,2
Ollie's Follies (Atari 8-bit - 1984),0.00,0
On Cue (Atari 8-bit - 1987),2.00,1
One Man and His Droid (Atari 8-bit - 1986),0.00,0
One-on-One (Atari 8-bit - 1983),4.28,14
Operation Blood (Atari 8-bit - 1992),0.00,0
Operation Blood for Lightgun (Atari 8-bit - 1992),0.00,0
"Operation Market Garden: Drive on Arnhem, September 1944 (Atari 8-bit - 1985)",4.75,4
Operation Whirlwind (Atari 8-bit - 1983),4.00,1
Orc Attack: You Against the Hordes (Atari 8-bit - 1983),4.00,1
Ortografia (Atari 8-bit - 1991),3.00,1
Outris (Atari 8-bit - 1993),5.00,1
Pac-Man (Atari 8-bit - 1982),4.67,42
Pacific Coast Highway (Atari 8-bit - 1982),0.00,0
Pang (Atari 8-bit - 1993),0.00,0
Panic Express (Atari 8-bit - 1986),0.00,0
Panther (Atari 8-bit - 1987),5.00,1
Panzer Grenadier (Atari 8-bit - 1985),0.00,0
Paris in Danger (Atari 8-bit - 1983),5.00,2
Pastfinder (Atari 8-bit - 1984),2.00,1
Peanut Butter Panic (Atari 8-bit - 1984),0.00,0
Pengo (Atari 8-bit - 1983),0.00,0
Pengon (Atari 8-bit - 1984),0.00,0
Pensate (Atari 8-bit - 1984),3.00,1
Periscope Up (Atari 8-bit - 1988),0.00,0
Phantasie (Atari 8-bit - 1987),4.22,23
Phantasie II (Atari 8-bit - 1987),5.00,1
Picnic Paranoia (Atari 8-bit - 1982),0.00,0
Pięć Gówien Eepcha (Atari 8-bit - 1991),0.00,0
Piece of Cake (Atari 8-bit - 1983),5.00,3
Pirate Adventure (Atari 8-bit - 1981),0.00,0
Pirates of The Barbary Coast (Atari 8-bit - 1986),4.40,5
Pitfall II: Lost Caverns (Atari 8-bit - 1984),4.25,4
Pitfall! (Atari 8-bit - 1984),4.44,9
Pitstop (Atari 8-bit - 1983),5.00,2
Pitstop II (Atari 8-bit - 1984),4.09,12
Planet Attack (Atari 8-bit - 1987),0.00,0
Planet Miners (Atari 8-bit - 1981),4.00,3
Planetfall (Atari 8-bit - 1983),4.36,14
Planetfall (Atari 8-bit - 1983),4.00,1
Plastron (Atari 8-bit - 1990),0.00,0
PlatterMania (Atari 8-bit - 1982),0.00,0
Plot (Atari 8-bit - 1990),0.00,0
Plundered Hearts (Atari 8-bit - 1987),4.89,9
Pogo Joe (Atari 8-bit - 1983),5.00,1
Polar Pierre (Atari 8-bit - 1984),0.00,0
Pole Position (Atari 8-bit - 1983),4.43,14
Pong (Atari 8-bit - 1992),0.00,0
Pooyan (Atari 8-bit - 1983),4.00,2
Popeye (Atari 8-bit - 1983),5.00,5
Porky's (Atari 8-bit - 1983),0.00,0
Power Down (Atari 8-bit - 1987),0.00,0
PQ: The Party Quiz Game (Atari 8-bit - 1984),0.00,0
Preppie! (Atari 8-bit - 1982),0.00,0
Princess and Frog (Atari 8-bit - 1982),0.00,0
Přízrak nuly (Atari 8-bit - 1988),0.00,0
Pro Mountain Bike Simulator (Atari 8-bit - 1989),0.00,0
Protector (Atari 8-bit - 1981),5.00,1
Protector (Atari 8-bit - 1989),0.00,0
Protector II (Atari 8-bit - 1982),0.00,0
Przemytnik (Atari 8-bit - 1992),5.00,1
Pub Darts (Atari 8-bit - 1986),4.50,2
Puzmania (Atari 8-bit - 1995),5.00,1
PuzzlePanic (Atari 8-bit - 1984),0.00,0
Pyramid (Atari 8-bit - 1993),0.00,0
Qb (Atari 8-bit - 1984),4.00,1
Qix (Atari 8-bit - 1982),4.19,16
Quasimodo (Atari 8-bit - 1984),4.50,2
Quest for Quintana Roo (Atari 8-bit - 1984),0.00,0
Quest of the Space Beagle (Atari 8-bit - 1984),4.00,1
Questprobe: Featuring Human Torch and the Thing (Atari 8-bit - 1985),4.25,4
Questron (Atari 8-bit - 1984),5.00,2
Racing Destruction Set (Atari 8-bit - 1985),4.50,2
Raid Over Moscow (Atari 8-bit - 1986),4.83,6
Rainbow Walker (Atari 8-bit - 1983),3.00,1
Rampage (Atari 8-bit - 1987),4.85,13
Raster Blaster (Atari 8-bit - 1982),3.33,6
Raszyn 1809 (Atari 8-bit - 1992),0.00,0
RealSports Football (Atari 8-bit - 1983),0.00,0
RealSports Tennis (Atari 8-bit - 1983),0.00,0
Rebel Charge at Chickamauga (Atari 8-bit - 1987),3.33,3
Rebound (Atari 8-bit - 1987),0.00,0
Red Moon (Atari 8-bit - 1985),5.00,1
Repton (Atari 8-bit - 1983),5.00,1
Rescue on Fractalus! (Atari 8-bit - 1985),4.00,5
Return of the Mutant Camels (Atari 8-bit - 1987),0.00,0
Return to Eden (Atari 8-bit - 1984),3.00,1
Reversi (Atari 8-bit - 1980),5.00,1
Reversi II (Atari 8-bit - 1981),0.00,0
Richard Petty's Talladega (Atari 8-bit - 1984),5.00,4
Riot (Atari 8-bit - 1992),0.00,0
River Raid (Atari 8-bit - 1983),5.00,1
River Rescue: Racing Against Time (Atari 8-bit - 1983),5.00,1
Robbo (Atari 8-bit - 1989),4.15,13
Robin Wojownik Czasu (Atari 8-bit - 1995),0.00,0
Robotron: 2084 (Atari 8-bit - 1983),4.15,13
Rock-Ola's Nibbler (Atari 8-bit - 1983),5.00,1
Rockman (Atari 8-bit - 1995),0.00,0
Roderic (Atari 8-bit - 1992),0.00,0
Rogue (Atari 8-bit - 1988),4.37,35
Rome and the Barbarians (Atari 8-bit - 1984),5.00,3
Round About (Atari 8-bit - 1983),0.00,0
Rucu (Atari 8-bit - 1992),0.00,0
Ruff and Reddy in the Space Adventure (Atari 8-bit - 1990),1.00,1
Run for the Money (Atari 8-bit - 1984),5.00,2
Rush'n Attack (Atari 8-bit - 1986),3.92,24
Rycerz (Atari 8-bit - 1993),0.00,0
Saigon: The Final Days (Atari 8-bit - 1981),0.00,0
Salmon Run (Atari 8-bit - 1982),0.00,0
Samurai's Game (Atari 8-bit - 1992),0.00,0
Saper (Atari 8-bit - 1991),5.00,1
Saper Konstruktor (Atari 8-bit - 1992),0.00,0
Saracen (Atari 8-bit - 1987),0.00,0
Sargon II (Atari 8-bit - 1982),5.00,1
Sargon III (Atari 8-bit - 1985),4.40,5
Savage Pond (Atari 8-bit - 1983),0.00,0
Scott Adams' Graphic Adventure #1: Adventureland (Atari 8-bit - 1983),2.00,1
Scott Adams' Graphic Adventure #2: Pirate Adventure (Atari 8-bit - 1982),2.00,1
Scott Adams' Graphic Adventure #3: Secret Mission (Atari 8-bit - 1982),0.00,0
Scott Adams' Graphic Adventure #4: Voodoo Castle (Atari 8-bit - 1983),3.50,2
Scott Adams' Graphic Adventure #5: The Count (Atari 8-bit - 1982),0.00,0
Scott Adams' Graphic Adventure #6: Strange Odyssey (Atari 8-bit - 1982),0.00,0
Screaming Wings (Atari 8-bit - 1986),5.00,1
Sea dragon (Atari 8-bit - 1982),4.00,7
Sea Horse Hide'n Seek (Atari 8-bit - 1984),0.00,0
Seafox (Atari 8-bit - 1982),0.00,0
Seastalker (Atari 8-bit - 1984),4.60,5
Sentinel (Atari 8-bit - 1982),5.00,1
Serpentine (Atari 8-bit - 1982),4.17,6
Sesame Street: Letter-Go-Round (Atari 8-bit - 1984),4.92,12
Sexversi (Atari 8-bit - 1994),0.00,0
Sexy Six (Atari 8-bit - 1995),4.50,2
Shamus: Case II (Atari 8-bit - 1983),3.00,1
Shanghai (Atari 8-bit - 1988),4.20,5
Ship (Atari 8-bit - 1993),0.00,0
Shuttle Simulator (Atari 8-bit - 1983),3.75,4
Sidewinder (Atari 8-bit - 1986),0.00,0
Silent Service (Atari 8-bit - 1985),4.67,37
Silicon Warrior (Atari 8-bit - 1983),0.00,0
Skarbnik (Atari 8-bit - 1993),0.00,0
Sky Writer (Atari 8-bit - 1983),0.00,0
Slinky (Atari 8-bit - 1983),0.00,0
Snake Byte (Atari 8-bit - 1982),0.00,0
Sneakers (Atari 8-bit - 1981),0.00,0
Snokie (Atari 8-bit - 1983),0.00,0
Snowball (Atari 8-bit - 1983),0.00,0
Soccer (Atari 8-bit - 1982),0.00,0
Softporn Adventure (Atari 8-bit - 1981),3.50,10
Solar Star (Atari 8-bit - 1986),0.00,0
Solo Flight (Atari 8-bit - 1983),4.85,8
Sorcerer (Atari 8-bit - 1984),4.25,8
Sorcerer of Claymorgue Castle (Atari 8-bit - 1984),4.33,6
SOS Saturn (Atari 8-bit - 1992),0.00,0
Space Eggs (Atari 8-bit - 1981),0.00,0
Space Invaders (Atari 8-bit - 1980),0.00,0
Space Shuttle: A Journey into Space (Atari 8-bit - 1983),3.67,3
Space Station Zulu (Atari 8-bit - 1982),4.00,1
Space War (Atari 8-bit - 1983),0.00,0
SpaceMaster X-7 (Atari 8-bit - 1983),0.00,0
Spare Change (Atari 8-bit - 1983),0.00,0
Special Delivery: Santa's Christmas Chaos (Atari 8-bit - 1984),5.00,1
Special Forces: Operation Blood II (Atari 8-bit - 1993),0.00,0
Speed Ace (Atari 8-bit - 1987),0.00,0
Speed Fox (Atari 8-bit - 1992),0.00,0
Speed Hawk (Atari 8-bit - 1988),0.00,0
Speed King (Atari 8-bit - 1986),0.00,0
Speed Zone (Atari 8-bit - 1989),5.00,2
Spellbound (Atari 8-bit - 1986),0.00,0
Spellbreaker (Atari 8-bit - 1985),4.80,5
Spellicopter (Atari 8-bit - 1983),0.00,0
Spelunker (Atari 8-bit - 1983),0.00,0
Spider-Man (Atari 8-bit - 1984),4.69,16
Spiky Harold (Atari 8-bit - 1986),5.00,1
Spindizzy (Atari 8-bit - 1986),5.00,1
Spitfire '40 (Atari 8-bit - 1986),4.00,1
Spitfire Ace (Atari 8-bit - 1982),5.00,4
Springer (Atari 8-bit - 1983),0.00,0
Spy Hunter (Atari 8-bit - 1984),4.45,11
Spy Master (Atari 8-bit - 1993),5.00,1
Spy vs Spy (Atari 8-bit - 1984),4.50,10
Spy vs. Spy: The Island Caper (Atari 8-bit - 1985),4.38,8
Spy's Demise (Atari 8-bit - 1983),0.00,0
Squish 'Em (Atari 8-bit - 1983),0.00,0
Stack Up (Atari 8-bit - 1991),5.00,3
Star Blazer (Atari 8-bit - 1983),5.00,1
Star Fleet I: The War Begins! (Atari 8-bit - 1986),4.94,16
Star Raiders (Atari 8-bit - 1979),5.00,1
Star Raiders II (Atari 8-bit - 1986),0.00,0
Star Trek: Strategic Operations Simulator (Atari 8-bit - 1983),4.67,3
Star Wars (Atari 8-bit - 1984),4.46,24
Star Wars: Return of the Jedi - Death Star Battle (Atari 8-bit - 1983),0.00,0
Starball (Atari 8-bit - 1995),0.00,0
Starcross (Atari 8-bit - 1982),3.91,11
Starquake (Atari 8-bit - 1986),4.60,10
StarQuest: Rescue at Rigel (Atari 8-bit - 1981),4.00,3
StarQuest: Star Warrior (Atari 8-bit - 1981),3.00,2
Stationfall (Atari 8-bit - 1987),5.00,2
Stealth (Atari 8-bit - 1984),5.00,1
Stellar Shuttle (Atari 8-bit - 1982),0.00,0
Steve Davis Snooker (Atari 8-bit - 1985),0.00,0
Storm (Atari 8-bit - 1987),5.00,2
Story Machine (Atari 8-bit - 1982),0.00,0
Strange Odyssey (Atari 8-bit - 1981),0.00,0
Strato Sphere (Atari 8-bit - 1987),0.00,0
Streets (Atari 8-bit - 1993),0.00,0
Strip Poker: A Sizzling Game of Chance (Atari 8-bit - 1983),4.65,14
Strzyga (Atari 8-bit - 1992),5.00,2
Submarine Commander (Atari 8-bit - 1982),0.00,0
Summer Games (Atari 8-bit - 1984),5.00,1
Super Boulder Dash (Atari 8-bit - 1986),3.60,5
Super Breakout (Atari 8-bit - 1979),2.00,1
Super Bunny (Atari 8-bit - 1984),0.00,0
Super Cobra (Atari 8-bit - 1983),0.00,0
Super Fortuna (Atari 8-bit - 1993),0.00,0
Super Huey UH-IX (Atari 8-bit - 1986),4.33,6
Super Zaxxon (Atari 8-bit - 1984),4.50,8
Survivor (Atari 8-bit - 1982),0.00,0
Suspect (Atari 8-bit - 1984),4.84,6
Suspended (Atari 8-bit - 1983),5.00,6
Świat Olkiego (Atari 8-bit - 1994),0.00,0
Syn Boga Wiatru (Atari 8-bit - 1993),0.00,0
T-34: The Battle (Atari 8-bit - 1994),5.00,1
T.G.I.F. (Atari 8-bit - 1983),4.00,1
TAC: Tactical Armor Command (Atari 8-bit - 1983),3.00,1
Tactic (Atari 8-bit - 1992),0.00,0
Tagalon (Atari 8-bit - 1991),0.00,0
Tanium (Atari 8-bit - 1988),0.00,0
Tank Commander (Atari 8-bit - 1985),4.00,1
Tanks (Atari 8-bit - 1992),0.00,0
Tapper (Atari 8-bit - 1984),4.36,14
Tarkus and the Crystal of Fear (Atari 8-bit - 1992),0.00,0
Tarkus and the Orbs of Doom (Atari 8-bit - 1993),5.00,1
Tawerna (Atari 8-bit - 1993),5.00,1
Tech (Atari 8-bit - 2002),0.00,0
Technoid (Atari 8-bit - 1995),0.00,0
Technus (Atari 8-bit - 1993),0.00,0
Telengard (Atari 8-bit - 1982),4.23,13
Terminator (Atari 8-bit - 1993),0.00,0
The Activision Decathlon (Atari 8-bit - 1984),4.50,2
The Adventures of Buckaroo Banzai: Across the Eighth Dimension (Atari 8-bit - 1984),2.33,3
The Adventures of Robin Hood (Atari 8-bit - 1984),0.00,0
The Arcade Machine (Atari 8-bit - 1983),0.00,0
The Archers (Atari 8-bit - 1986),0.00,0
The Battle of Chickamauga (Atari 8-bit - 1985),0.00,0
The Battle of Shiloh (Atari 8-bit - 1981),0.00,0
The Blade of Blackpoole (Atari 8-bit - 1983),0.00,0
The Chessmaster 2000 (Atari 8-bit - 1986),4.30,20
The Citadel (Atari 8-bit - 1991),0.00,0
The Comet Game (Atari 8-bit - 1986),0.00,0
The Convicts (Atari 8-bit - 1992),0.00,0
The Count (Atari 8-bit - 1981),0.00,0
The Crypts of Plumbous (Atari 8-bit - 1982),0.00,0
The Dallas Quest (Atari 8-bit - 1984),5.00,1
The Dreadnaught Factor (Atari 8-bit - 1984),0.00,0
The Earth Dies Screaming (Atari 8-bit - 1983),5.00,1
The Eidolon (Atari 8-bit - 1985),4.00,1
The Eliminator (Atari 8-bit - 1982),0.00,0
The Eternal Dagger (Atari 8-bit - 1987),3.40,5
The Fall of Rome (Atari 8-bit - 1984),5.00,4
The Goonies (Atari 8-bit - 1985),5.00,1
The Great American Cross-Country Road Race (Atari 8-bit - 1985),5.00,1
The Guild of Thieves (Atari 8-bit - 1987),4.44,9
The Hitchhiker's Guide to the Galaxy (Atari 8-bit - 1984),4.33,82
The Institute (Atari 8-bit - 1983),0.00,0
The Jet Action (Atari 8-bit - 1992),0.00,0
The Last Guardian (Atari 8-bit - 1988),0.00,0
The Last V8 (Atari 8-bit - 1986),0.00,0
The Last Warrior (Atari 8-bit - 1985),0.00,0
The Lurking Horror (Atari 8-bit - 1987),4.05,60
The Mask of the Sun (Atari 8-bit - 1984),0.00,0
The Neverending Story (Atari 8-bit - 1986),5.00,1
The Pawn (Atari 8-bit - 1986),4.37,8
The Pharaoh's Curse (Atari 8-bit - 1983),5.00,1
The Price of Magik (Atari 8-bit - 1986),3.00,1
The Quest (Atari 8-bit - 1984),3.00,1
The Return of Heracles (Atari 8-bit - 1984),0.00,0
The Sands of Egypt (Atari 8-bit - 1982),0.00,0
The Scrolls of Abadon (Atari 8-bit - 1984),0.00,0
The Secret Diary of Adrian Mole Aged 13¾ (Atari 8-bit - 1985),5.00,1
The Serpent's Star (Atari 8-bit - 1983),0.00,0
The Seven Cities of Gold (Atari 8-bit - 1984),4.75,8
The Stone of Sisyphus (Atari 8-bit - 1981),1.00,1
The Witness (Atari 8-bit - 1983),3.67,3
The Wizard of Akyrz (Atari 8-bit - 1983),0.00,0
Theatre Europe (Atari 8-bit - 1985),5.00,3
Thinker (Atari 8-bit - 1992),0.00,0
Thrax Lair (Atari 8-bit - 1982),0.00,0
Threshold (Atari 8-bit - 1981),0.00,0
Thrust (Atari 8-bit - 1986),3.00,1
Thunderfox (Atari 8-bit - 1987),0.00,0
Time Bandit (Atari 8-bit - 1984),0.00,0
Time Runner (Atari 8-bit - 1982),0.00,0
Timeslip (Atari 8-bit - 1990),0.00,0
Tomahawk (Atari 8-bit - 1986),4.86,7
Top Secret (Atari 8-bit - 1993),0.00,0
Topper (Atari 8-bit - 1983),0.00,0
Touchdown Football (Atari 8-bit - 1986),0.00,0
Track & Field (Atari 8-bit - 1984),3.67,3
Track Attack! (Atari 8-bit - 1982),0.00,0
Trailblazer (Atari 8-bit - 1986),0.00,0
Trains (Atari 8-bit - 1983),4.60,5
Transmuter (Atari 8-bit - 1987),0.00,0
Transylvania (Atari 8-bit - 1984),4.23,13
Trisz Divinis (Atari 8-bit - 1993),0.00,0
Trivia Quest (Atari 8-bit - 1984),0.00,0
Trivial Pursuit (Atari 8-bit - 1987),3.60,5
Trix (Atari 8-bit - 1992),5.00,1
Troll's Tale (Atari 8-bit - 1984),4.22,9
Trolls and Tribulations (Atari 8-bit - 1984),4.00,3
Tron: Cykl Świetlny (Atari 8-bit - 1993),0.00,0
Tube Baddies (Atari 8-bit - 1995),0.00,0
Turbican (Atari 8-bit - 1993),0.00,0
Turmoil (Atari 8-bit - 1982),5.00,1
Tusker (Atari 8-bit - 1993),0.00,0
TvT (Atari 8-bit - 1993),0.00,0
Twerps (Atari 8-bit - 1982),5.00,1
U.S.A.A.F. - United States Army Air Force (Atari 8-bit - 1985),5.00,1
U235 (Atari 8-bit - 1992),0.00,0
Ultima (Atari 8-bit - 1983),5.00,1
Ultima II: The Revenge of the Enchantress... (Atari 8-bit - 1983),4.22,18
Ultima IV: Quest of the Avatar (Atari 8-bit - 1986),4.53,34
Universal Hero (Atari 8-bit - 1987),0.00,0
Universe (Atari 8-bit - 1983),5.00,6
Up 'n Down (Atari 8-bit - 1984),3.00,2
Up Up and Away (Atari 8-bit - 1983),0.00,0
VC (Atari 8-bit - 1983),3.71,7
Vegas Jackpot (Atari 8-bit - 1986),4.50,2
Vicky (Atari 8-bit - 1993),2.00,1
Video Chess (Atari 8-bit - 1979),5.00,1
Video Easel (Atari 8-bit - 1979),0.00,0
War Hawk (Atari 8-bit - 1986),3.00,1
War in Russia (Atari 8-bit - 1984),0.00,0
War-Copter (Atari 8-bit - 1986),0.00,0
Wargame Construction Set (Atari 8-bit - 1986),4.33,9
WarGames (Atari 8-bit - 1984),5.00,3
Warlok (Atari 8-bit - 1983),0.00,0
Wavy Navy (Atari 8-bit - 1983),0.00,0
Waxworks (Atari 8-bit - 1984),0.00,0
Wayout (Atari 8-bit - 1982),3.00,1
Web Master (Atari 8-bit - 1983),0.00,0
Webster: The Word Game (Atari 8-bit - 1983),0.00,0
Whirlinurd (Atari 8-bit - 1985),3.00,1
Whistler's Brother (Atari 8-bit - 1984),3.00,1
Who Dares Wins II (Atari 8-bit - 1987),5.00,1
Whomper Stomper (Atari 8-bit - 1984),0.00,0
Whoops! 2 (Atari 8-bit - 1993),0.00,0
Winter Challenge: World Class Competition (Atari 8-bit - 1988),4.29,7
Winter Olympics (Atari 8-bit - 1987),0.00,0
Wishbringer (Atari 8-bit - 1985),4.71,7
Wizard of Id's WizType (Atari 8-bit - 1984),3.00,2
Wizard of Wor (Atari 8-bit - 1983),4.50,2
Wizard's Crown (Atari 8-bit - 1986),4.76,17
World Karate Championship (Atari 8-bit - 1986),4.25,8
World Soccer (Atari 8-bit - 1990),0.00,0
Worm War I (Atari 8-bit - 1982),0.00,0
Wyprawy Kupca (Atari 8-bit - 1993),0.00,0
Wyspa (Atari 8-bit - 1993),0.00,0
Xenon Raid (Atari 8-bit - 1983),0.00,0
Yogi Bear & Friends in the Greed Monster: A Treasure Hunt (Atari 8-bit - 1990),3.00,3
Yogi's Great Escape (Atari 8-bit - 1990),2.50,2
Zardon (Atari 8-bit - 1982),0.00,0
Zaxxon (Atari 8-bit - 1984),4.61,23
Zbir (Atari 8-bit - 1993),0.00,0
Zenji (Atari 8-bit - 1984),0.00,0
Zeppelin (Atari 8-bit - 1983),5.00,1
Zero Wars (Atari 8-bit - 1990),0.00,0
Zeus (Atari 8-bit - 1993),0.00,0
Zombies (Atari 8-bit - 1983),4.00,1
Zone Ranger (Atari 8-bit - 1984),0.00,0
Zork II: The Wizard of Frobozz (Atari 8-bit - 1983),4.40,15
Zork III: The Dungeon Master (Atari 8-bit - 1983),4.15,13
Zork: The Great Underground Empire (Atari 8-bit - 1983),4.29,172
Zorro (Atari 8-bit - 1985),5.00,2
Zumbaja (Atari 8-bit - 1993),0.00,0
Zybex (Atari 8-bit - 1988),5.00,3
