Title,Average Rating,Number of Ratings
Battle for Normandy (Atari 8-bit - 1982),4.29,7
U235 (Atari 8-bit - 1992),0.00,0
Sargon II (Atari 8-bit - 1982),5.00,2
Spellbound (Atari 8-bit - 1986),5.00,1
Enchanter (Atari 8-bit - 1983),4.30,17
Archon: The Light and the Dark (Atari 8-bit - 1983),4.57,44
Draw Poker (Atari 8-bit - 1982),4.00,1
Rucu (Atari 8-bit - 1992),0.00,0
Savage Pond (Atari 8-bit - 1983),5.00,1
Essex (Atari 8-bit - 1985),5.00,1
Sky Writer (Atari 8-bit - 1983),0.00,0
Fluid-Kha (Atari 8-bit - 1993),5.00,1
The Pharaoh's Curse (Atari 8-bit - 1983),5.00,2
The Pawn (Atari 8-bit - 1986),4.11,18
Cyborg (Atari 8-bit - 1994),0.00,0
Hydraulik (Atari 8-bit - 1993),0.00,0
Snokie (Atari 8-bit - 1984),4.00,1
Alien Hell (Atari 8-bit - 1981),5.00,1
Hellcat Ace (Atari 8-bit - 1982),3.80,10
Epidemic! (Atari 8-bit - 1983),4.00,9
Zaxxon (Atari 8-bit - 1983),4.58,36
Pro Mountain Bike Simulator (Atari 8-bit - 1989),5.00,1
Sorcerer (Atari 8-bit - 1984),4.50,12
Who Dares Wins II (Atari 8-bit - 1987),5.00,5
Crisis Mountain (Atari 8-bit - 1983),5.00,1
Raster Blaster (Atari 8-bit - 1982),3.57,7
Castle Wolfenstein (Atari 8-bit - 1983),4.37,94
Kampania wrześniowa (Atari 8-bit - 1993),0.00,0
Jawbreaker (Atari 8-bit - 1981),5.00,1
Tusker (Atari 8-bit - 1993),0.00,0
Story Machine (Atari 8-bit - 1982),5.00,1
Wizard's Crown (Atari 8-bit - 1986),4.71,31
Computer Stocks & Bonds (Atari 8-bit - 1982),4.33,9
Imagic 1-2-3 (Atari 8-bit - 1984),0.00,0
Gridrunner (Atari 8-bit - 1983),4.25,8
Carnival Massacre (Atari 8-bit - 1983),0.00,0
Hans Kloss (Atari 8-bit - 1992),0.00,0
Kernaw (Atari 8-bit - 1993),0.00,0
Miecze Valdgira II: Władca Gór (Atari 8-bit - 1993),4.00,3
Video Chess (Atari 8-bit - 1979),5.00,2
Pooyan (Atari 8-bit - 1983),4.33,6
Racing Destruction Set (Atari 8-bit - 1986),4.60,5
Planet Attack (Atari 8-bit - 1987),4.00,1
Henry's House (Atari 8-bit - 1987),4.50,4
Scott Adams' Graphic Adventure #3: Secret Mission (Atari 8-bit - 1982),0.00,0
Touchdown Football (Atari 8-bit - 1986),0.00,0
Darkness Hour (Atari 8-bit - 1992),5.00,1
Zardon (Atari 8-bit - 1982),0.00,0
Qix (Atari 8-bit - 1983),4.14,21
Super Boulder Dash (Atari 8-bit - 1986),3.75,8
Bounty Bob Strikes Back! (Atari 8-bit - 1985),4.00,3
Rock-Ola's Nibbler (Atari 8-bit - 1983),5.00,2
Adax (Atari 8-bit - 1992),0.00,0
Mindshadow (Atari 8-bit - 1985),4.46,13
Stationfall (Atari 8-bit - 1987),5.00,3
Zork: The Great Underground Empire (Atari 8-bit - 1983),4.28,188
Mouse Trap (Atari 8-bit - 1987),4.00,2
Mystery Fun House (Atari 8-bit - 1981),5.00,1
Droga Wojownika (Atari 8-bit - 1993),0.00,0
TvT (Atari 8-bit - 1993),5.00,1
Monstrum (Atari 8-bit - 1992),5.00,1
Krucjata (Atari 8-bit - 1993),0.00,0
Keystone Kapers (Atari 8-bit - 1984),5.00,3
Lode Runner (Atari 8-bit - 1983),4.71,41
Pitfall! (Atari 8-bit - 1984),4.48,21
Silicon Warrior (Atari 8-bit - 1983),5.00,1
Cops n' Robbers (Atari 8-bit - 1988),4.80,5
Action Biker (Atari 8-bit - 1985),4.20,5
Jet-Boot Jack (Atari 8-bit - 1983),4.00,1
Tawerna (Atari 8-bit - 1993),5.00,1
Kaiv (Atari 8-bit - 1983),2.00,2
Congo Bongo (Atari 8-bit - 1983),4.21,14
Time Bandit (Atari 8-bit - 1984),0.00,0
Twerps (Atari 8-bit - 1983),5.00,1
Sentinel (Atari 8-bit - 1982),5.00,1
Hi-Res Adventure #2: The Wizard and the Princess (Atari 8-bit - 1980),4.12,24
Seastalker (Atari 8-bit - 1984),4.78,9
Shanghai (Atari 8-bit - 1988),4.33,12
Alchemia (Atari 8-bit - 1993),5.00,1
Kangaroo (Atari 8-bit - 1982),5.00,2
Ardeny 1944 (Atari 8-bit - 1995),0.00,0
Rycerz (Atari 8-bit - 1993),0.00,0
Solar Star (Atari 8-bit - 1986),0.00,0
Przemytnik (Atari 8-bit - 1992),5.00,3
Naturix (Atari 8-bit - 1994),5.00,1
Zombies (Atari 8-bit - 1983),4.80,5
Chop Suey (Atari 8-bit - 1985),5.00,1
Dwie Wieże (Atari 8-bit - 1993),0.00,0
VC (Atari 8-bit - 1983),3.56,9
Ant Eater (Atari 8-bit - 1983),0.00,0
Deimos (Atari 8-bit - 1993),5.00,1
Fantastic Soccer (Atari 8-bit - 1989),0.00,0
Laser Hawk (Atari 8-bit - 1986),5.00,1
Space Invaders (Atari 8-bit - 1980),4.33,6
Mission Zircon (Atari 8-bit - 1992),0.00,0
Samurai's Game (Atari 8-bit - 1992),0.00,0
Strato Sphere (Atari 8-bit - 1987),0.00,0
Time Runner (Atari 8-bit - 1982),5.00,1
Centipede (Atari 8-bit - 1982),4.71,7
Forbidden Forest (Atari 8-bit - 1983),5.00,3
Moon Patrol (Atari 8-bit - 1982),0.00,0
Periscope Up (Atari 8-bit - 1988),0.00,0
Saper (Atari 8-bit - 1991),5.00,1
Drop It! (Atari 8-bit - 1993),4.00,1
Flak: The Ultimate Flight Experience (Atari 8-bit - 1984),0.00,0
Joust (Atari 8-bit - 1984),4.33,12
Rampage (Atari 8-bit - 1987),4.69,32
Ardy the Aardvark (Atari 8-bit - 1983),0.00,0
Magia Kryształu (Atari 8-bit - 1992),0.00,0
Troll's Tale (Atari 8-bit - 1984),4.30,10
Rockman (Atari 8-bit - 1995),0.00,0
Speed Zone (Atari 8-bit - 1989),5.00,2
Computer Quarterback (Atari 8-bit - 1981),4.11,53
Kids on Keys (Atari 8-bit - 1983),4.00,2
H.E.R.O. (Atari 8-bit - 1984),3.92,13
Magic Dimension (Atari 8-bit - 1993),0.00,0
Buried Buck$ (Atari 8-bit - 1982),0.00,0
Ogre (Atari 8-bit - 1986),5.00,7
3-D Tic-Tac-Toe (Atari 8-bit - 1979),3.93,28
Firebird (Atari 8-bit - 1981),0.00,0
Outris (Atari 8-bit - 1993),5.00,1
Match Wits (Atari 8-bit - 1984),0.00,0
Mirax Force (Atari 8-bit - 1987),0.00,0
Springer (Atari 8-bit - 1983),0.00,0
Dandy (Atari 8-bit - 1983),0.00,0
Sidewinder (Atari 8-bit - 1986),5.00,2
Wizard of Wor (Atari 8-bit - 1983),4.56,16
Sneakers (Atari 8-bit - 1981),0.00,0
Video Easel (Atari 8-bit - 1979),4.00,1
Zeppelin (Atari 8-bit - 1983),5.00,1
Lorien's Tomb (Atari 8-bit - 1992),5.00,1
Sargon III (Atari 8-bit - 1985),4.17,6
Ballyhoo (Atari 8-bit - 1986),4.83,6
Midnight (Atari 8-bit - 1993),0.00,0
The Arcade Machine (Atari 8-bit - 1983),0.00,0
Crownland (Atari 8-bit - 2007),5.00,1
Whoops! 2 (Atari 8-bit - 1993),0.00,0
Space Station Zulu (Atari 8-bit - 1982),4.50,2
Bang! Bank! (Atari 8-bit - 1992),5.00,2
The Comet Game (Atari 8-bit - 1986),5.00,2
Empire of the Over-Mind (Atari 8-bit - 1981),5.00,1
Space War (Atari 8-bit - 1983),3.00,1
Kenny Dalglish Soccer Manager (Atari 8-bit - 1989),5.00,3
Memory Manor (Atari 8-bit - 1984),5.00,1
Android (Atari 8-bit - 1991),0.00,0
Technus (Atari 8-bit - 1993),5.00,1
Cat-Nap (Atari 8-bit - 1983),0.00,0
Caveman (Atari 8-bit - 1993),5.00,1
Protector (Atari 8-bit - 1989),0.00,0
Vegas Jackpot (Atari 8-bit - 1986),4.00,4
Ghost Chaser (Atari 8-bit - 1984),4.71,7
Kikstart: Off-Road Simulator (Atari 8-bit - 1986),5.00,3
RealSports Football (Atari 8-bit - 1984),0.00,0
Zork III: The Dungeon Master (Atari 8-bit - 1982),4.21,14
Questron (Atari 8-bit - 1984),4.58,12
Dunzhin (Atari 8-bit - 1983),5.00,1
Leaper (Atari 8-bit - 1986),5.00,1
Aquatron (Atari 8-bit - 1983),0.00,0
Montezuma's Revenge (Atari 8-bit - 1984),4.36,58
Aztec (Atari 8-bit - 1984),4.25,8
Demon Attack (Atari 8-bit - 1983),5.00,2
Dunjonquest: Morloc's Tower (Atari 8-bit - 1980),5.00,1
Mercenary: Escape from Targ - The Second City (Atari 8-bit - 1986),5.00,2
One Man and His Droid (Atari 8-bit - 1986),5.00,2
PuzzlePanic (Atari 8-bit - 1984),5.00,1
GYPSY (Atari 8-bit - 1983),0.00,0
Millionaire: The Stock Market Simulation (Atari 8-bit - 1982),4.00,6
Maze of Death (Atari 8-bit - 1981),5.00,1
Tank Commander (Atari 8-bit - 1985),4.50,2
Pirate Adventure (Atari 8-bit - 1981),5.00,2
Las Vegas Casino (Atari 8-bit - 1989),0.00,0
Gyruss (Atari 8-bit - 1984),4.83,6
Stack Up (Atari 8-bit - 1991),5.00,3
Wishbringer (Atari 8-bit - 1985),4.85,13
The Quest (Atari 8-bit - 1984),4.33,3
Worm War I (Atari 8-bit - 1983),0.00,0
Airstrike II (Atari 8-bit - 1983),5.00,2
Diamond Mine (Atari 8-bit - 1985),0.00,0
Ms. Pac-Man (Atari 8-bit - 1983),4.21,64
Spider-Man (Atari 8-bit - 1984),4.35,20
New York City (Atari 8-bit - 1983),5.00,3
Pyramid (Atari 8-bit - 1993),0.00,0
Pong (Atari 8-bit - 1992),5.00,1
Murder on The Zinderneuf (Atari 8-bit - 1983),4.14,14
Nuclear Adventure or the North Base (Atari 8-bit - 1990),0.00,0
Atlantis (Atari 8-bit - 1983),3.50,2
Dagobar (Atari 8-bit - 1993),0.00,0
Panther (Atari 8-bit - 1987),5.00,1
Return of the Mutant Camels (Atari 8-bit - 1987),3.00,1
Pang (Atari 8-bit - 1993),5.00,1
Caverns of Mars (Atari 8-bit - 1981),5.00,1
BMX Simulator (Atari 8-bit - 1986),4.44,9
Tactic (Atari 8-bit - 1992),0.00,0
Boing II (Atari 8-bit - 1992),0.00,0
Survivor (Atari 8-bit - 1982),5.00,1
Boulder Dash: Construction Kit (Atari 8-bit - 1986),4.20,5
Pengo (Atari 8-bit - 1984),5.00,3
50 Mission Crush (Atari 8-bit - 1984),3.40,17
Space Shuttle: A Journey into Space (Atari 8-bit - 1984),4.00,4
Neuroid (Atari 8-bit - 1996),0.00,0
Trolls and Tribulations (Atari 8-bit - 1985),4.40,5
Cosmic Tunnels (Atari 8-bit - 1983),4.00,2
Topper (Atari 8-bit - 1983),0.00,0
Gallahad (Atari 8-bit - 1992),5.00,1
Jagdstaffel (Atari 8-bit - 1980),0.00,0
Tapper (Atari 8-bit - 1984),4.37,30
Spellicopter (Atari 8-bit - 1983),1.00,1
Tube Baddies (Atari 8-bit - 1995),0.00,0
Mission on Thunderhead (Atari 8-bit - 1986),0.00,0
Trivial Pursuit (Atari 8-bit - 1987),4.22,9
Red Moon (Atari 8-bit - 1985),5.00,2
Quasimodo (Atari 8-bit - 1983),4.67,3
Summer Games (Atari 8-bit - 1984),4.38,8
Turbican (Atari 8-bit - 1993),0.00,0
Mercenary (Atari 8-bit - 1985),5.00,5
The Last V8 (Atari 8-bit - 1986),5.00,1
Protector (Atari 8-bit - 1981),5.00,1
Saigon: The Final Days (Atari 8-bit - 1981),0.00,0
Rally Speedway (Atari 8-bit - 1983),4.00,2
Round About (Atari 8-bit - 1983),0.00,0
Coco Notes (Atari 8-bit - 1984),0.00,0
Spy vs. Spy: The Island Caper (Atari 8-bit - 1986),4.62,16
Checker King (Atari 8-bit - 1980),5.00,1
Food Fight (Atari 8-bit - 1989),3.50,4
Reversi (Atari 8-bit - 1980),5.00,1
Roderic (Atari 8-bit - 1992),0.00,0
Free Trader (Atari 8-bit - 1984),4.50,2
Alien Ambush (Atari 8-bit - 1982),5.00,1
Strzyga (Atari 8-bit - 1992),5.00,2
Mr. Robot and His Robot Factory (Atari 8-bit - 1983),3.50,2
Collapse (Atari 8-bit - 1985),5.00,1
Najemnik (Atari 8-bit - 1992),4.00,1
Global War (Atari 8-bit - 1993),0.00,0
Bomber Attack (Atari 8-bit - 1982),4.00,1
Dark Abyss (Atari 8-bit - 1993),0.00,0
Pastfinder (Atari 8-bit - 1984),3.50,2
Syn Boga Wiatru (Atari 8-bit - 1993),0.00,0
The Blade of Blackpoole (Atari 8-bit - 1983),5.00,1
Mr. Dig (Atari 8-bit - 1984),0.00,0
Xenon Raid (Atari 8-bit - 1983),0.00,0
Alphabet Zoo (Atari 8-bit - 1983),3.00,2
Crystal Raider (Atari 8-bit - 1986),5.00,1
M.U.L.E. (Atari 8-bit - 1983),4.38,16
Harrier Mission (Atari 8-bit - 1985),5.00,5
Gato (Atari 8-bit - 1987),4.35,32
Juno First (Atari 8-bit - 1984),0.00,0
Plastron (Atari 8-bit - 1990),0.00,0
War in Russia (Atari 8-bit - 1984),5.00,1
Liga Polska (Atari 8-bit - 1995),0.00,0
Timeslip (Atari 8-bit - 1986),5.00,2
Captain Gather (Atari 8-bit - 1992),0.00,0
Deadline (Atari 8-bit - 1982),4.64,11
Whirlinurd (Atari 8-bit - 1985),3.00,1
Squish 'Em (Atari 8-bit - 1983),4.00,3
Early Games for Young Children (Atari 8-bit - 1982),3.33,3
The Guild of Thieves (Atari 8-bit - 1987),4.58,12
Legionnaire (Atari 8-bit - 1982),4.43,7
Gorf (Atari 8-bit - 1982),4.29,7
Heartache (Atari 8-bit - 1988),0.00,0
Hi-Res Adventure #4: Ulysses and the Golden Fleece (Atari 8-bit - 1982),3.93,14
Wayout (Atari 8-bit - 1982),3.33,3
Frogger II: ThreeeDeep! (Atari 8-bit - 1984),5.00,7
Yogi Bear & Friends in the Greed Monster: A Treasure Hunt (Atari 8-bit - 1990),3.50,6
Colony (Atari 8-bit - 1987),4.33,3
Galactic Empire (Atari 8-bit - 1981),4.50,2
Axilox (Atari 8-bit - 1993),0.00,0
Dunjonquest: Temple of Apshai (Atari 8-bit - 1980),4.00,10
Drelbs (Atari 8-bit - 1983),5.00,1
F-15 Strike Eagle (Atari 8-bit - 1984),4.20,15
Eoroid (Atari 8-bit - 1994),0.00,0
The Witness (Atari 8-bit - 1983),4.00,4
Dropzone (Atari 8-bit - 1984),4.50,4
Magic of Words (Atari 8-bit - 1996),0.00,0
Floyd of the Jungle (Version II) (Atari 8-bit - 1983),0.00,0
Up Up and Away (Atari 8-bit - 1983),3.00,2
Quest of the Space Beagle (Atari 8-bit - 1984),4.67,3
Operation Whirlwind (Atari 8-bit - 1983),4.00,1
Universe (Atari 8-bit - 1983),5.00,9
Heartlight (Atari 8-bit - 1991),4.60,10
Master Head (Atari 8-bit - 1992),0.00,0
MicroLeague Baseball (Atari 8-bit - 1984),4.21,34
Wyspa (Atari 8-bit - 1993),0.00,0
Brain Strainers (Atari 8-bit - 1983),4.50,2
Caverns of the Lost Miner (Atari 8-bit - 2007),0.00,0
Universal Hero (Atari 8-bit - 1987),5.00,1
Airstrike (Atari 8-bit - 1982),3.00,1
Gwendolyn: Pursuit of a Princess (Atari 8-bit - 1983),5.00,1
Computer Baseball (Atari 8-bit - 1984),4.00,3
Spiky Harold (Atari 8-bit - 1986),5.00,1
Pitfall II: Lost Caverns (Atari 8-bit - 1984),4.57,7
Master Chess (Atari 8-bit - 1986),5.00,1
Tech (Atari 8-bit - 2002),0.00,0
Caverns of Eriban (Atari 8-bit - 1986),5.00,1
Heathcliff: Fun with Spelling (Atari 8-bit - 1984),0.00,0
Lunar Leeper (Atari 8-bit - 1983),4.00,1
Kid Grid (Atari 8-bit - 1982),5.00,2
Agent USA (Atari 8-bit - 1984),4.73,22
Colossal Adventure (Atari 8-bit - 1983),5.00,2
Gnome Ranger (Atari 8-bit - 1987),4.23,13
Wavy Navy (Atari 8-bit - 1983),4.00,1
Canyon Climber (Atari 8-bit - 1982),3.50,4
Alpha Shield (Atari 8-bit - 1983),0.00,0
The Great American Cross-Country Road Race (Atari 8-bit - 1985),4.89,9
Crystal Castles (Atari 8-bit - 1989),4.75,8
O'Riley's Mine (Atari 8-bit - 1983),4.00,1
Jaskiniowiec (Atari 8-bit - 1995),0.00,0
Panic Express (Atari 8-bit - 1986),5.00,1
Andromeda Conquest (Atari 8-bit - 1982),4.07,14
Baja Buggies (Atari 8-bit - 1982),0.00,0
Salmon Run (Atari 8-bit - 1982),0.00,0
Ballblazer (Atari 8-bit - 1985),5.00,3
Choplifter! (Atari 8-bit - 1982),4.42,12
Beach-Head II: The Dictator Strikes Back (Atari 8-bit - 1986),4.89,9
Infiltrator (Atari 8-bit - 1987),5.00,11
Rainbow Walker (Atari 8-bit - 1983),3.00,1
Colossus Chess 3.0 (Atari 8-bit - 1984),4.00,1
The Chessmaster 2000 (Atari 8-bit - 1986),4.56,41
Pub Darts (Atari 8-bit - 1986),4.50,2
Cosmic Pirate (Atari 8-bit - 1989),5.00,1
Buck Rogers: Planet of Zoom (Atari 8-bit - 1983),4.65,14
Mech Brigade (Atari 8-bit - 1986),4.14,7
Ingrid's Back! (Atari 8-bit - 1988),4.00,5
Dark Chambers (Atari 8-bit - 1989),5.00,1
Zork II: The Wizard of Frobozz (Atari 8-bit - 1982),4.43,21
Missile Command (Atari 8-bit - 1981),0.00,0
The Convicts (Atari 8-bit - 1992),0.00,0
Stealth (Atari 8-bit - 1984),5.00,2
Gold Hunter (Atari 8-bit - 1992),0.00,0
Bannercatch (Atari 8-bit - 1984),4.00,1
Chopper Hunt (Atari 8-bit - 1984),0.00,0
Monster Maze (Atari 8-bit - 1982),5.00,1
Pitstop (Atari 8-bit - 1983),4.50,4
Up 'n Down (Atari 8-bit - 1984),4.00,5
The Return of Heracles (Atari 8-bit - 1984),3.67,3
Scott Adams' Graphic Adventure #1: Adventureland (Atari 8-bit - 1983),4.00,3
Track Attack! (Atari 8-bit - 1982),0.00,0
Ollie's Follies (Atari 8-bit - 1984),5.00,1
Claim Jumper (Atari 8-bit - 1982),0.00,0
Dodge Racer (Atari 8-bit - 1981),5.00,1
MiG Alley Ace (Atari 8-bit - 1983),4.50,2
Speed Ace (Atari 8-bit - 1987),0.00,0
Knock (Atari 8-bit - 1992),5.00,1
Přízrak nuly (Atari 8-bit - 1988),0.00,0
Arkanoid (Atari 8-bit - 1987),4.48,46
Amaurote (Atari 8-bit - 1987),4.33,3
Crusade in Europe (Atari 8-bit - 1985),4.09,23
Matta Blatta (Atari 8-bit - 1988),0.00,0
Terminator (Atari 8-bit - 1993),5.00,1
ALF in the Color Caves (Atari 8-bit - 1984),3.00,2
Flash Gordon (Atari 8-bit - 1983),5.00,1
Tarkus and the Orbs of Doom (Atari 8-bit - 1993),5.00,1
I.Q. Master (Atari 8-bit - 1992),5.00,1
Technoid (Atari 8-bit - 1995),0.00,0
Archon II: Adept (Atari 8-bit - 1984),4.88,8
Biker Dave (Atari 8-bit - 1986),3.00,2
Cutthroats (Atari 8-bit - 1984),4.20,5
Lucifer's Realm (Atari 8-bit - 1981),5.00,2
Rogue (Atari 8-bit - 1988),4.57,76
Saracen (Atari 8-bit - 1987),0.00,0
Blackjack (Atari 8-bit - 1980),5.00,1
River Raid (Atari 8-bit - 1983),5.00,14
KNOCKOUT (Atari 8-bit - 1982),0.00,0
Dragon's Eye (Atari 8-bit - 1981),5.00,2
Plot (Atari 8-bit - 1990),0.00,0
The Serpent's Star (Atari 8-bit - 1983),0.00,0
Jumpman Junior (Atari 8-bit - 1983),4.56,9
Adventure Master (Atari 8-bit - 1985),3.33,3
Floyd of the Jungle (Atari 8-bit - 1982),4.00,1
Star Fleet I: The War Begins! (Atari 8-bit - 1986),4.45,27
Leaderboard Tournament (Atari 8-bit - 1987),0.00,0
Ninja Master (Atari 8-bit - 1986),3.00,3
Fooblitzky (Atari 8-bit - 1986),3.00,3
Spare Change (Atari 8-bit - 1983),0.00,0
Fight Night (Atari 8-bit - 1986),5.00,2
Computer Football Strategy (Atari 8-bit - 1983),0.00,0
Kaiser (Atari 8-bit - 1984),5.00,7
Pacific Coast Highway (Atari 8-bit - 1982),0.00,0
Spindizzy (Atari 8-bit - 1986),5.00,1
Brian Clough's Football Fortunes (Atari 8-bit - 1987),4.50,2
Getaway! (Atari 8-bit - 1982),5.00,2
Infidel (Atari 8-bit - 1983),4.78,9
Head Over Heels (Atari 8-bit - 1987),4.20,5
Lode Runner's Rescue (Atari 8-bit - 1985),5.00,1
Chatterbee (Atari 8-bit - 1983),0.00,0
The Lurking Horror (Atari 8-bit - 1987),4.07,70
Bertyx (Atari 8-bit - 1992),0.00,0
Blinkys Scary School (Atari 8-bit - 1990),4.60,5
Fastgammon (Atari 8-bit - 1980),0.00,0
Ghostbusters (Atari 8-bit - 1985),4.55,19
Major Bronx (Atari 8-bit - 1992),0.00,0
Spitfire Ace (Atari 8-bit - 1982),4.25,12
Artefakt Przodków (Atari 8-bit - 1992),0.00,0
747 Flight Simulator (Atari 8-bit - 1983),4.38,8
Serpentine (Atari 8-bit - 1982),4.38,8
Los Angeles SWAT (Atari 8-bit - 1986),4.00,1
Change (Atari 8-bit - 1992),0.00,0
The Goonies (Atari 8-bit - 1985),5.00,3
Beyond Castle Wolfenstein (Atari 8-bit - 1984),4.36,47
Popeye (Atari 8-bit - 1983),5.00,6
On Cue (Atari 8-bit - 1987),2.00,1
Spy Hunter (Atari 8-bit - 1984),4.47,17
Bandits (Atari 8-bit - 1982),5.00,2
Jumpman (Atari 8-bit - 1983),4.52,25
Mountain Bike Racer (Atari 8-bit - 1989),5.00,3
Strange Odyssey (Atari 8-bit - 1981),5.00,2
Desert Falcon (Atari 8-bit - 1989),0.00,0
Dziedzictwo Gigantów (Atari 8-bit - 1993),0.00,0
Cosmic Balance II (Atari 8-bit - 1983),5.00,2
Star Wars: Return of the Jedi - Death Star Battle (Atari 8-bit - 1983),0.00,0
Star Wars (Atari 8-bit - 1984),4.50,38
Herbert (Atari 8-bit - 1988),0.00,0
Imagine (Atari 8-bit - 1992),0.00,0
U.S.A.A.F. - United States Army Air Force (Atari 8-bit - 1986),4.00,4
Moon Patrol (Atari 8-bit - 1984),4.20,36
Mordon's Quest (Atari 8-bit - 1985),5.00,1
Star Trek: Strategic Operations Simulator (Atari 8-bit - 1983),4.17,6
Phantasie II (Atari 8-bit - 1987),5.00,3
Karateka (Atari 8-bit - 1985),4.48,48
Chancellor Of The Exchequer (Atari 8-bit - 1983),4.00,1
Blue Max (Atari 8-bit - 1983),4.30,10
Return to Eden (Atari 8-bit - 1984),4.00,3
Solo Flight (Atari 8-bit - 1983),4.68,10
Snake Byte (Atari 8-bit - 1982),5.00,1
The Price of Magik (Atari 8-bit - 1986),4.00,2
Dr. Seuss's Fix-Up the Mix-Up Puzzler (Atari 8-bit - 1985),5.00,1
Marauder (Atari 8-bit - 1982),0.00,0
Alley Cat (Atari 8-bit - 1983),4.74,50
Flight Simulator II (Atari 8-bit - 1984),4.25,12
Space Eggs (Atari 8-bit - 1981),4.00,1
Trix (Atari 8-bit - 1992),5.00,1
Denis Through the Drinking Glass (Atari 8-bit - 1984),0.00,0
Mountain King (Atari 8-bit - 1983),4.50,2
Super Breakout (Atari 8-bit - 1979),4.50,6
Robotron: 2084 (Atari 8-bit - 1984),4.20,20
Track & Field (Atari 8-bit - 1984),3.80,5
Crossfire (Atari 8-bit - 1981),3.67,6
Death Race (Atari 8-bit - 1987),4.00,2
Protector II (Atari 8-bit - 1982),5.00,1
Knight Orc (Atari 8-bit - 1987),4.86,7
RealSports Tennis (Atari 8-bit - 1983),0.00,0
Tagalon (Atari 8-bit - 1993),0.00,0
Energy Czar (Atari 8-bit - 1980),4.20,5
Gauntletak (Atari 8-bit - 1984),4.00,1
The Mask of the Sun (Atari 8-bit - 1984),5.00,1
Rome and the Barbarians (Atari 8-bit - 1984),5.00,4
Lost Tomb (Atari 8-bit - 1985),3.00,4
Formula 1 (Atari 8-bit - 1982),5.00,1
One-on-One (Atari 8-bit - 1984),4.33,15
Gateway to Apshai (Atari 8-bit - 1983),4.00,5
Escape from Doomworld (Atari 8-bit - 1986),5.00,1
Feasibility Experiment (Atari 8-bit - 1982),5.00,2
Journey to the Planets (Atari 8-bit - 1982),4.00,1
Mail Order Monsters (Atari 8-bit - 1986),4.59,17
Blue Max 2001 (Atari 8-bit - 1984),2.00,1
Plundered Hearts (Atari 8-bit - 1987),4.91,11
Fort Apocalypse (Atari 8-bit - 1982),4.40,5
Fast Eddie (Atari 8-bit - 1982),5.00,1
Gemstone Warrior (Atari 8-bit - 1985),4.20,5
Bomb Fusion (Atari 8-bit - 1989),5.00,2
Mr. Do! (Atari 8-bit - 1985),5.00,1
Thinker (Atari 8-bit - 1992),0.00,0
Lords of Time (Atari 8-bit - 1983),5.00,2
Gossip (Atari 8-bit - 1983),0.00,0
WarGames (Atari 8-bit - 1984),4.40,5
Winter Olympics (Atari 8-bit - 1987),0.00,0
Winter Challenge: World Class Competition (Atari 8-bit - 1988),4.45,9
Imperium Galactum (Atari 8-bit - 1984),4.25,8
TAC: Tactical Armor Command (Atari 8-bit - 1983),4.25,4
Pengon (Atari 8-bit - 1984),5.00,1
The Stone of Sisyphus (Atari 8-bit - 1981),2.00,3
Seafox (Atari 8-bit - 1982),4.00,2
Black Lamp (Atari 8-bit - 1989),4.29,7
Beneath Apple Manor (Atari 8-bit - 1983),3.75,20
Colonial Conquest (Atari 8-bit - 1985),4.92,12
Porky's (Atari 8-bit - 1983),0.00,0
Rescue on Fractalus! (Atari 8-bit - 1985),4.20,10
Fire Stone (Atari 8-bit - 1995),5.00,1
Jinxter (Atari 8-bit - 1988),4.80,5
Crypto Cube (Atari 8-bit - 1983),0.00,0
Top Secret (Atari 8-bit - 1993),0.00,0
Dragonriders of Pern (Atari 8-bit - 1983),4.11,9
Gunslinger (Atari 8-bit - 1987),5.00,1
Airline (Atari 8-bit - 1986),4.00,2
SOS Saturn (Atari 8-bit - 1992),0.00,0
Ali Baba and the Forty Thieves (Atari 8-bit - 1981),4.75,4
StarQuest: Rescue at Rigel (Atari 8-bit - 1981),4.63,8
Cavernia (Atari 8-bit - 1990),5.00,1
Run for the Money (Atari 8-bit - 1984),5.00,3
Hacker (Atari 8-bit - 1985),4.09,23
Footballer of the Year (Atari 8-bit - 1986),4.40,5
Zeus (Atari 8-bit - 1993),5.00,1
Spy Master (Atari 8-bit - 1993),5.00,3
Caverns of Khafka (Atari 8-bit - 1983),4.50,4
Alien Garden (Atari 8-bit - 1982),0.00,0
Cosmic Hero (Atari 8-bit - 2004),0.00,0
Mouskattack (Atari 8-bit - 1982),0.00,0
Ketchup (Atari 8-bit - 1996),0.00,0
Necromancer (Atari 8-bit - 1982),5.00,1
Ninja (Atari 8-bit - 1986),4.61,13
Robin Wojownik Czasu (Atari 8-bit - 1995),0.00,0
Wizard of Id's WizType (Atari 8-bit - 1984),3.67,3
Lords of Conquest (Atari 8-bit - 1986),4.56,16
Ultima II: The Revenge of the Enchantress... (Atari 8-bit - 1983),4.28,25
Highrise (Atari 8-bit - 1983),5.00,2
The Activision Decathlon (Atari 8-bit - 1984),4.67,3
Inspektor (Atari 8-bit - 1993),0.00,0
Super Zaxxon (Atari 8-bit - 1984),4.33,15
Fatum (Atari 8-bit - 1993),0.00,0
The Eliminator (Atari 8-bit - 1982),5.00,1
Grunwald 1410 (Atari 8-bit - 1995),5.00,3
Droga do Duplandu (Atari 8-bit - 1993),3.00,7
Ducks Ahoy! (Atari 8-bit - 1984),3.43,7
Starquake (Atari 8-bit - 1986),4.64,11
Sorcerer of Claymorgue Castle (Atari 8-bit - 1984),4.50,8
Druid (Atari 8-bit - 1987),5.00,5
The Count (Atari 8-bit - 1981),5.00,1
Spy vs Spy (Atari 8-bit - 1984),4.42,33
Turmoil (Atari 8-bit - 1982),3.50,2
NATO Commander (Atari 8-bit - 1983),4.73,11
Hard Hat Mack (Atari 8-bit - 1983),4.82,22
Barnyard Blaster (Atari 8-bit - 1987),0.00,0
Odwracanka (Atari 8-bit - 1998),0.00,0
Qb (Atari 8-bit - 1984),4.00,1
Suspect (Atari 8-bit - 1984),4.86,7
Speed Fox (Atari 8-bit - 1992),5.00,1
Cytron Masters (Atari 8-bit - 1982),3.60,5
Beamrider (Atari 8-bit - 1984),5.00,1
The Adventures of Robin Hood (Atari 8-bit - 1984),0.00,0
Arena 3000 (Atari 8-bit - 1982),5.00,2
Shamus: Case II (Atari 8-bit - 1983),4.00,2
Colossus Chess 4 (Atari 8-bit - 1987),4.50,4
Fighter Pilot (Atari 8-bit - 1983),0.00,0
War Hawk (Atari 8-bit - 1986),3.00,1
Waxworks (Atari 8-bit - 1984),0.00,0
The Battle of Chickamauga (Atari 8-bit - 1985),0.00,0
Kaboom! (Atari 8-bit - 1983),0.00,0
Arcade Fruit Machine (Atari 8-bit - 1990),4.60,5
Axis Assassin (Atari 8-bit - 1983),4.00,2
Jet Set Willy (Atari 8-bit - 1986),4.00,3
Starcross (Atari 8-bit - 1982),4.00,16
Capture the Flag (Atari 8-bit - 1983),0.00,0
Excelsor (Atari 8-bit - 1986),0.00,0
Planetfall (Atari 8-bit - 1983),4.41,17
Scott Adams' Graphic Adventure #6: Strange Odyssey (Atari 8-bit - 1982),5.00,1
Breakthrough in the Ardennes (Atari 8-bit - 1984),0.00,0
Digi Duck (Atari 8-bit - 1992),0.00,0
Barge (Atari 8-bit - 1983),0.00,0
James Bond 007 in The Living Daylights: The Computer Game (Atari 8-bit - 1987),5.00,6
Computer War (Atari 8-bit - 1983),4.00,1
Air Rescue I (Atari 8-bit - 1984),0.00,0
Milk Race (Atari 8-bit - 1987),3.67,3
Transylvania (Atari 8-bit - 1984),3.80,26
Sea Horse Hide'n Seek (Atari 8-bit - 1984),0.00,0
Spitfire '40 (Atari 8-bit - 1986),4.33,3
Stellar Shuttle (Atari 8-bit - 1982),0.00,0
Planetfall (Atari 8-bit - 1983),4.50,2
Asteroids (Atari 8-bit - 1981),3.50,4
Dunjonquest: Upper Reaches of Apshai (Atari 8-bit - 1982),4.00,4
Special Forces: Operation Blood II (Atari 8-bit - 1993),4.00,1
Millipede (Atari 8-bit - 1984),1.00,1
The Battle of Shiloh (Atari 8-bit - 1981),0.00,0
FaceMaker (Atari 8-bit - 1983),3.00,2
Tanks (Atari 8-bit - 1992),5.00,1
Adventure in the Fifth Dimension (Atari 8-bit - 1983),0.00,0
Gun Law (Atari 8-bit - 1986),0.00,0
Maxwell Manor (Atari 8-bit - 1984),5.00,1
Koło Fortuny (Atari 8-bit - 1993),5.00,1
Kult (Atari 8-bit - 1992),0.00,0
Don't Shoot That Word! (Atari 8-bit - 1983),0.00,0
Magia (Atari 8-bit - 1993),5.00,1
Panzer Grenadier (Atari 8-bit - 1985),3.00,1
Flying Ace (Atari 8-bit - 1983),4.00,1
"Crush, Crumble and Chomp! (Atari 8-bit - 1981)",4.50,10
Around the Planet (Atari 8-bit - 1994),5.00,2
Webster: The Word Game (Atari 8-bit - 1984),0.00,0
Hover Bovver (Atari 8-bit - 1984),4.50,2
Czarny Orzeł (Atari 8-bit - 1995),0.00,0
Sesame Street: Letter-Go-Round (Atari 8-bit - 1984),4.92,12
Matchboxes (Atari 8-bit - 1983),0.00,0
Zero Wars (Atari 8-bit - 1990),0.00,0
Star Blazer (Atari 8-bit - 1983),5.00,1
Raszyn 1809 (Atari 8-bit - 1992),0.00,0
Preppie! (Atari 8-bit - 1982),4.00,2
Fire Power (Atari 8-bit - 1993),0.00,0
Caterpiggle (Atari 8-bit - 1982),0.00,0
Clear for Action (Atari 8-bit - 1984),4.00,2
Ace of Aces (Atari 8-bit - 1987),4.42,20
Super Huey UH-IX (Atari 8-bit - 1986),4.43,7
The Hitchhiker's Guide to the Galaxy (Atari 8-bit - 1984),4.40,111
ABC (Atari 8-bit - 1995),5.00,1
Pitstop II (Atari 8-bit - 1985),4.27,15
The Dallas Quest (Atari 8-bit - 1984),4.00,6
Yogi's Great Escape (Atari 8-bit - 1990),3.60,5
3d24 (Atari 8-bit - 1993),5.00,2
Helix (Atari 8-bit - 1992),0.00,0
Death Sword (Atari 8-bit - 1992),4.69,26
Questprobe: Featuring Human Torch and the Thing (Atari 8-bit - 1985),4.40,5
Scott Adams' Graphic Adventure #2: Pirate Adventure (Atari 8-bit - 1982),4.00,3
Tomahawk (Atari 8-bit - 1986),4.91,11
221 B Baker St. (Atari 8-bit - 1987),4.04,26
Miss Mind II: Ania (Atari 8-bit - 1990),5.00,2
Moonmist (Atari 8-bit - 1986),4.37,8
Miner 2049er (Atari 8-bit - 1982),4.20,15
Invasion (Atari 8-bit - 1987),4.50,2
Świat Olkiego (Atari 8-bit - 1994),5.00,1
Adventure Quest (Atari 8-bit - 1983),4.33,3
Bubble Trouble (Atari 8-bit - 1987),5.00,1
Peanut Butter Panic (Atari 8-bit - 1984),0.00,0
B-1 Nuclear Bomber (Atari 8-bit - 1980),4.45,31
Whistler's Brother (Atari 8-bit - 1984),4.00,2
Star Raiders (Atari 8-bit - 1979),4.67,6
Trisz Divinis (Atari 8-bit - 1993),0.00,0
Dimension X (Atari 8-bit - 1984),0.00,0
The Adventures of Buckaroo Banzai: Across the Eighth Dimension (Atari 8-bit - 1984),3.40,5
Drol (Atari 8-bit - 1983),4.25,4
Autoduel (Atari 8-bit - 1987),4.39,28
The Earth Dies Screaming (Atari 8-bit - 1983),5.00,1
The Fall of Rome (Atari 8-bit - 1984),5.00,5
Pirates of The Barbary Coast (Atari 8-bit - 1986),4.57,7
Boulder Dash (Atari 8-bit - 1984),4.47,17
Astro Chase (Atari 8-bit - 1982),0.00,0
Power Down (Atari 8-bit - 1987),4.67,3
Soccer (Atari 8-bit - 1982),4.00,2
Golden Gloves (Atari 8-bit - 1982),0.00,0
Steve Davis Snooker (Atari 8-bit - 1985),1.00,1
Najemnik: Powrót (Atari 8-bit - 1993),0.00,0
Operation Blood for Lightgun (Atari 8-bit - 1992),0.00,0
Banzai (Atari 8-bit - 1995),0.00,0
Controller (Atari 8-bit - 1982),4.00,2
Snowball (Atari 8-bit - 1983),4.50,2
Armor Assault (Atari 8-bit - 1982),4.50,2
Barahir (Atari 8-bit - 1993),5.00,2
Football Manager (Atari 8-bit - 1985),4.05,19
Megamania (Atari 8-bit - 1984),5.00,3
PQ: The Party Quiz Game (Atari 8-bit - 1984),0.00,0
Eagles (Atari 8-bit - 1983),4.00,1
Decision in the Desert (Atari 8-bit - 1985),4.25,16
Dung Beetles (Atari 8-bit - 1982),0.00,0
The Seven Cities of Gold (Atari 8-bit - 1984),4.70,23
Zorro (Atari 8-bit - 1985),4.63,8
Cyborg (Atari 8-bit - 1982),4.50,4
Hollywood Hijinx (Atari 8-bit - 1987),4.71,7
The Crypts of Plumbous (Atari 8-bit - 1982),0.00,0
Incydent (Atari 8-bit - 1993),0.00,0
Frank & Mark (Atari 8-bit - 1993),0.00,0
Frenesis (Atari 8-bit - 1987),0.00,0
Alienbusters (Atari 8-bit - 1991),0.00,0
Missmind: Sara (Atari 8-bit - 1989),5.00,1
Pole Position (Atari 8-bit - 1983),4.56,25
Crossbow (Atari 8-bit - 1989),4.38,8
StarQuest: Star Warrior (Atari 8-bit - 1981),4.00,4
The Last Guardian (Atari 8-bit - 1988),0.00,0
Exodus: Ultima III (Atari 8-bit - 1983),4.43,40
Koronis Rift (Atari 8-bit - 1985),4.17,6
Night Mission Pinball (Atari 8-bit - 1982),4.13,15
T-34: The Battle (Atari 8-bit - 1994),5.00,1
Battle Ships (Atari 8-bit - 1989),0.00,0
Wyprawy Kupca (Atari 8-bit - 1993),0.00,0
Kasiarz (Atari 8-bit - 1994),5.00,1
Combat Leader (Atari 8-bit - 1983),4.60,5
Wargame Construction Set (Atari 8-bit - 1986),4.33,9
Master of the Lamps (Atari 8-bit - 1985),4.00,1
Jocky Wilson's Darts Challenge (Atari 8-bit - 1988),3.67,3
Feud (Atari 8-bit - 1987),4.60,10
Molecule Man (Atari 8-bit - 1986),0.00,0
Web Master (Atari 8-bit - 1983),0.00,0
Repton (Atari 8-bit - 1983),5.00,3
Abracadabra! (Atari 8-bit - 1983),4.00,1
Rebound (Atari 8-bit - 1987),0.00,0
Riot (Atari 8-bit - 1992),0.00,0
Guard (Atari 8-bit - 1992),0.00,0
Computer Acquire (Atari 8-bit - 1981),4.46,11
Computer Baseball Strategy (Atari 8-bit - 1982),0.00,0
Star Raiders II (Atari 8-bit - 1987),5.00,2
Storm (Atari 8-bit - 1987),5.00,5
Telengard (Atari 8-bit - 1983),4.61,29
Crypts of Terror (Atari 8-bit - 1981),0.00,0
Leather Goddesses Of Phobos (Atari 8-bit - 1986),4.23,31
Spelunker (Atari 8-bit - 1983),4.50,4
Beach-Head (Atari 8-bit - 1983),4.89,9
Dratewka the Shoemaker (Atari 8-bit - 2008),0.00,0
Despatch Rider (Atari 8-bit - 1986),0.00,0
Alternate Reality: The City (Atari 8-bit - 1985),4.61,23
Bug Attack (Atari 8-bit - 1982),5.00,1
Super Cobra (Atari 8-bit - 1983),4.67,3
Avalanche (Atari 8-bit - 1980),5.00,1
Computer Ambush (Atari 8-bit - 1984),4.40,5
Emerald Isle (Atari 8-bit - 1985),4.50,2
Bug Hunt (Atari 8-bit - 1987),5.00,1
MicroMan (Atari 8-bit - 1993),0.00,0
Thunderfox (Atari 8-bit - 1987),0.00,0
Earthquake San Francisco 1906 (Atari 8-bit - 1986),0.00,0
Magic Micro Mission (Atari 8-bit - 1984),0.00,0
Trivia Quest (Atari 8-bit - 1984),0.00,0
Battalion Commander (Atari 8-bit - 1985),5.00,3
Jumping Jack (Atari 8-bit - 1993),0.00,0
River Rescue: Racing Against Time (Atari 8-bit - 1983),5.00,2
Starball (Atari 8-bit - 1995),0.00,0
Circus (Atari 8-bit - 1983),5.00,2
Draconus (Atari 8-bit - 1988),4.75,4
Quest for Quintana Roo (Atari 8-bit - 1985),5.00,1
Monkey Magic (Atari 8-bit - 1987),5.00,1
Raid Over Moscow (Atari 8-bit - 1986),4.67,15
Babel (Atari 8-bit - 1982),0.00,0
Juice! (Atari 8-bit - 1983),5.00,1
Thrust (Atari 8-bit - 1986),4.00,4
The Sands of Egypt (Atari 8-bit - 1982),4.50,2
Gettysburg: The Turning Point (Atari 8-bit - 1986),4.85,13
The Secret Diary of Adrian Mole Aged 13¾ (Atari 8-bit - 1985),5.00,2
Acey-Deucey (Atari 8-bit - 1982),1.00,1
Paris in Danger (Atari 8-bit - 1983),5.00,4
Joe Blade (Atari 8-bit - 1988),2.33,3
Reversi II (Atari 8-bit - 1981),0.00,0
The Neverending Story (Atari 8-bit - 1986),4.67,3
Kolony (Atari 8-bit - 1991),5.00,1
Oil's Well (Atari 8-bit - 1983),3.75,4
Dnieper River Line (Atari 8-bit - 1982),4.33,3
Richard Petty's Talladega (Atari 8-bit - 1984),5.00,6
"Operation Market Garden: Drive on Arnhem, September 1944 (Atari 8-bit - 1985)",4.80,5
Neptune's Daughters (Atari 8-bit - 1984),3.00,3
Dizzy Dice (Atari 8-bit - 1987),3.67,3
Field of Fire (Atari 8-bit - 1984),4.67,3
Elektraglide (Atari 8-bit - 1985),0.00,0
Mr. Do!'s Castle (Atari 8-bit - 1984),3.50,2
A.D. 2044: Seksmisja (Atari 8-bit - 1991),5.00,4
Grand Prix Simulator (Atari 8-bit - 1987),4.00,2
Fortress Underground (Atari 8-bit - 1987),3.50,2
My First Alphabet (Atari 8-bit - 1981),0.00,0
T.G.I.F. (Atari 8-bit - 1983),4.00,2
Blue Thunder (Atari 8-bit - 1984),4.25,4
Chopper Rescue (Atari 8-bit - 1982),5.00,1
Najeźdźcy z Kosmosu (Atari 8-bit - 1985),0.00,0
Chicken Chase (Atari 8-bit - 1986),4.33,6
Princess and Frog (Atari 8-bit - 1982),5.00,1
Janosik (Atari 8-bit - 1994),0.00,0
Fraction Fever (Atari 8-bit - 1983),0.00,0
Fireball 1k (Atari 8-bit - 2008),0.00,0
Clowns & Balloons (Atari 8-bit - 1982),0.00,0
Fred (Atari 8-bit - 1991),5.00,1
Ninja Commando (Atari 8-bit - 1989),5.00,1
Humanoid (Atari 8-bit - 1992),0.00,0
Magic World (Atari 8-bit - 1994),0.00,0
Galactic Trader (Atari 8-bit - 1981),4.50,2
The Jet Action (Atari 8-bit - 1992),0.00,0
Atomia (Atari 8-bit - 1993),0.00,0
Scott Adams' Graphic Adventure #5: The Count (Atari 8-bit - 1982),5.00,1
Centurion (Atari 8-bit - 1995),3.00,2
NAM (Atari 8-bit - 1986),4.33,3
Special Delivery: Santa's Christmas Chaos (Atari 8-bit - 1984),5.00,1
The Archers (Atari 8-bit - 1986),5.00,1
Aztec Challenge (Atari 8-bit - 1983),4.92,13
Dragon's Keep (Atari 8-bit - 1984),2.00,1
Jupiter Mission 1999 (Atari 8-bit - 1984),4.00,1
Chuckie Egg (Atari 8-bit - 1985),4.18,22
Neron (Atari 8-bit - 1993),0.00,0
Boulder Dash II: Rockford's Revenge (Atari 8-bit - 1985),4.60,5
Inside (Atari 8-bit - 1990),5.00,2
Operation Blood (Atari 8-bit - 1992),4.00,1
Scott Adams' Graphic Adventure #4: Voodoo Castle (Atari 8-bit - 1983),4.00,3
Hi-Res Adventure #6: The Dark Crystal (Atari 8-bit - 1983),5.00,4
Danger Ranger (Atari 8-bit - 1984),0.00,0
Bop'N Wrestle (Atari 8-bit - 1987),4.25,8
Orc Attack: You Against the Hordes (Atari 8-bit - 1983),4.67,3
Microx (Atari 8-bit - 1992),5.00,1
Loco (Atari 8-bit - 1986),4.50,4
Ultima (Atari 8-bit - 1983),4.80,5
Jocky Wilson's Compendium of Darts (Atari 8-bit - 1991),2.00,1
Airball (Atari 8-bit - 1988),4.16,19
Screaming Wings (Atari 8-bit - 1986),5.00,1
The Wizard of Akyrz (Atari 8-bit - 1983),5.00,1
Eastern Front (1941) (Atari 8-bit - 1981),4.00,10
Chimera (Atari 8-bit - 1985),3.00,3
Deathland (Atari 8-bit - 1994),0.00,0
Ankh (Atari 8-bit - 1984),4.33,3
Zybex (Atari 8-bit - 1988),4.36,11
Apple Panic (Atari 8-bit - 1982),4.55,11
David's Midnight Magic (Atari 8-bit - 1982),5.00,5
The Citadel (Atari 8-bit - 1991),0.00,0
A.E. (Atari 8-bit - 1982),5.00,2
Trailblazer (Atari 8-bit - 1986),2.00,1
The Eidolon (Atari 8-bit - 1985),4.67,6
Ortografia (Atari 8-bit - 1991),3.00,1
Warlok (Atari 8-bit - 1983),5.00,1
Eureka (Atari 8-bit - 1992),0.00,0
Piece of Cake (Atari 8-bit - 1983),5.00,3
Super Fortuna (Atari 8-bit - 1993),5.00,1
Ultima IV: Quest of the Avatar (Atari 8-bit - 1986),4.38,47
Conan (Atari 8-bit - 1984),4.25,8
Alternate Reality: The Dungeon (Atari 8-bit - 1987),5.00,4
Flip and Flop (Atari 8-bit - 1983),4.50,4
Kupiec (Atari 8-bit - 1993),5.00,1
Gruds In Space (Atari 8-bit - 1983),4.50,2
Jaffar (Atari 8-bit - 1993),0.00,0
War-Copter (Atari 8-bit - 1986),0.00,0
Defender (Atari 8-bit - 1982),4.19,16
Skarbnik (Atari 8-bit - 1993),0.00,0
Silent Service (Atari 8-bit - 1985),4.65,40
Fortress (Atari 8-bit - 1983),3.50,2
Diamond Mine (Atari 8-bit - 1983),5.00,1
Climber 5 (Atari 8-bit - 1987),0.00,0
Miecze Valdgira (Atari 8-bit - 1991),0.00,0
Fantastic Voyage (Atari 8-bit - 1982),0.00,0
Fighter Pilot (Atari 8-bit - 1985),4.50,2
Broadsides (Atari 8-bit - 1984),4.67,3
Mission Shark (Atari 8-bit - 1991),0.00,0
Thrax Lair (Atari 8-bit - 1982),0.00,0
Demon (Atari 8-bit - 1993),0.00,0
Cywilizacja (Atari 8-bit - 1993),0.00,0
Ruff and Reddy in the Space Adventure (Atari 8-bit - 1990),3.00,2
Spy vs. Spy III: Arctic Antics (Atari 8-bit - 1986),4.00,3
Battlezone (Atari 8-bit - 1988),4.24,34
Kennedy Approach (Atari 8-bit - 1985),4.64,11
Spellbreaker (Atari 8-bit - 1985),4.39,13
Advanced Pinball Simulator (Atari 8-bit - 1988),4.33,3
Pac-Man (Atari 8-bit - 1982),4.48,86
James Bond 007 (Atari 8-bit - 1984),4.86,7
Polar Pierre (Atari 8-bit - 1984),5.00,1
Jumbo Jet Pilot (Atari 8-bit - 1982),4.00,1
Factor Blast (Atari 8-bit - 1983),4.00,1
Brimstone (Atari 8-bit - 1985),3.00,2
The Eternal Dagger (Atari 8-bit - 1987),3.89,9
Mogul Maniac (Atari 8-bit - 1983),0.00,0
Gauntlet (Atari 8-bit - 1985),4.90,31
Caverns of Callisto (Atari 8-bit - 1983),4.00,1
Bristles (Atari 8-bit - 1983),5.00,1
Pensate (Atari 8-bit - 1984),3.00,1
Rebel Charge at Chickamauga (Atari 8-bit - 1987),3.75,4
Hawkquest (Atari 8-bit - 1989),0.00,0
Galaxian (Atari 8-bit - 1982),4.26,42
Castle Crisis (Atari 8-bit - 2003),0.00,0
Crash Dive! (Atari 8-bit - 1984),3.00,1
Pięć Gówien Eepcha (Atari 8-bit - 1991),0.00,0
Fuzzy (Atari 8-bit - 1985),0.00,0
Jungle Hunt (Atari 8-bit - 1983),4.47,19
Shuttle Simulator (Atari 8-bit - 1983),3.83,6
In Search of The Most Amazing Thing (Atari 8-bit - 1983),4.00,9
World Karate Championship (Atari 8-bit - 1986),4.43,14
Hi-Res Adventure #0: Mission Asteroid (Atari 8-bit - 1980),3.71,7
Nexus (Atari 8-bit - 1996),5.00,1
Advance of the Megacamel (Atari 8-bit - 1984),4.00,3
E.T. Phone Home! (Atari 8-bit - 1983),5.00,2
Pogo Joe (Atari 8-bit - 1983),4.33,3
Basketball (Atari 8-bit - 1979),4.50,2
Threshold (Atari 8-bit - 1981),5.00,1
Conflict in Vietnam (Atari 8-bit - 1986),4.35,23
Labyrinth (Atari 8-bit - 1982),0.00,0
Speed Hawk (Atari 8-bit - 1988),0.00,0
Aurum (Atari 8-bit - 1993),0.00,0
Submarine Commander (Atari 8-bit - 1982),4.00,2
Genesis (Atari 8-bit - 1984),0.00,0
Robbo (Atari 8-bit - 1989),4.20,15
Ship (Atari 8-bit - 1993),0.00,0
Guderian (Atari 8-bit - 1987),5.00,1
Tanium (Atari 8-bit - 1988),0.00,0
Mr. TNT (Atari 8-bit - 1983),0.00,0
The Dreadnaught Factor (Atari 8-bit - 1984),1.00,1
C'est La Vie (Atari 8-bit - 1983),0.00,0
Theatre Europe (Atari 8-bit - 1985),4.70,10
Basil the Great Mouse Detective (Atari 8-bit - 1987),4.00,2
Alfa-Boot (Atari 8-bit - 1994),0.00,0
Encounter! (Atari 8-bit - 1983),5.00,2
Phantasie (Atari 8-bit - 1987),4.51,39
Puzmania (Atari 8-bit - 1995),5.00,1
Mad-Netter (Atari 8-bit - 1983),0.00,0
Zumbaja (Atari 8-bit - 1993),0.00,0
BC's Quest for Tires (Atari 8-bit - 1983),4.63,16
Crypts of Egypt (Atari 8-bit - 1995),0.00,0
Leader Board (Atari 8-bit - 1986),5.00,2
Suspended (Atari 8-bit - 1983),4.86,7
Super Bunny (Atari 8-bit - 1983),5.00,2
Crack-Up (Atari 8-bit - 1989),4.50,2
Johny's Trouble (Atari 8-bit - 1992),0.00,0
Spy's Demise (Atari 8-bit - 1983),5.00,1
Tron: Cykl Świetlny (Atari 8-bit - 1993),0.00,0
Dunjonquest: Hellfire Warrior (Atari 8-bit - 1982),5.00,1
Kick Off (Atari 8-bit - 1989),4.33,6
Streets (Atari 8-bit - 1993),0.00,0
Sinistar (Atari 8-bit - 2010),5.00,1
Excalibur (Atari 8-bit - 1983),0.00,0
Picnic Paranoia (Atari 8-bit - 1982),0.00,0
Final Legacy (Atari 8-bit - 1987),4.00,2
Constellation (Atari 8-bit - 1992),0.00,0
Battle of Antietam (Atari 8-bit - 1986),4.17,6
Mr. Cool (Atari 8-bit - 1983),5.00,1
Bruce Lee (Atari 8-bit - 1984),4.40,30
Saper Konstruktor (Atari 8-bit - 1992),0.00,0
Championship Lode Runner (Atari 8-bit - 1985),4.33,3
Zone Ranger (Atari 8-bit - 1984),5.00,1
Cuthbert Goes Walkabout (Atari 8-bit - 1984),5.00,1
Tarkus and the Crystal of Fear (Atari 8-bit - 1992),0.00,0
Defensor (Atari 8-bit - 1995),0.00,0
Zbir (Atari 8-bit - 1993),0.00,0
Astro-Grover (Atari 8-bit - 1984),4.58,9
Dunjonquest: The Datestones of Ryn (Atari 8-bit - 1981),5.00,2
Lancelot (Atari 8-bit - 1988),4.58,12
Magia Fortuny (Atari 8-bit - 1993),5.00,1
K-Razy Shoot-Out (Atari 8-bit - 1981),5.00,1
Aliants: The Desperate Battle For Earth! (Atari 8-bit - 1987),3.83,6
Speed King (Atari 8-bit - 1986),5.00,2
The Last Warrior (Atari 8-bit - 1985),0.00,0
Action Quest (Atari 8-bit - 1982),5.00,2
Rush'n Attack (Atari 8-bit - 1986),3.90,31
PlatterMania (Atari 8-bit - 1982),4.00,1
Whomper Stomper (Atari 8-bit - 1984),0.00,0
Espial (Atari 8-bit - 1984),0.00,0
Dig Dug (Atari 8-bit - 1983),4.45,69
Moon Shuttle (Atari 8-bit - 1983),3.00,1
Captain Sticky's Gold (Atari 8-bit - 1983),0.00,0
Math Mileage (Atari 8-bit - 1984),4.00,1
Trains (Atari 8-bit - 1983),4.78,9
Zenji (Atari 8-bit - 1984),0.00,0
Planet Miners (Atari 8-bit - 1981),4.25,4
The Institute (Atari 8-bit - 1983),5.00,2
Sea dragon (Atari 8-bit - 1982),4.00,7
World Soccer (Atari 8-bit - 1990),0.00,0
Bismarck (Atari 8-bit - 1988),4.00,2
Slinky (Atari 8-bit - 1983),5.00,1
Donkey Kong (Atari 8-bit - 1983),4.39,146
Into The Eagle's Nest (Atari 8-bit - 1989),4.00,18
Frogger (Atari 8-bit - 1982),4.13,40
Lizard (Atari 8-bit - 1992),0.00,0
Vicky (Atari 8-bit - 1993),2.00,1
The Scrolls of Abadon (Atari 8-bit - 1984),0.00,0
Transmuter (Atari 8-bit - 1987),5.00,1
