Title,Average Rating,Number of Ratings
Sorcerer of Claymorgue Castle (BBC Micro - 1984),4.50,8
Intruders (BBC Micro - 1983),0.00,0
BMX on the Moon (BBC Micro - 1984),0.00,0
Merry Xmas Santa (BBC Micro - 1984),0.00,0
The Saga of Erik the Viking (BBC Micro - 1984),4.25,4
Adventure Quest (BBC Micro - 1982),4.33,3
Johnny Reb (BBC Micro - 1984),2.33,3
Shanghai Warriors (BBC Micro - 1989),5.00,1
The Growing Pains of Adrian Mole (BBC Micro - 1987),3.75,4
Alien Swirl (BBC Micro - 1983),0.00,0
Winter Challenge: World Class Competition (BBC Micro - 1988),4.45,9
Lords of Time (BBC Micro - 1984),5.00,2
Wizadore (BBC Micro - 1985),0.00,0
Alien 8 (BBC Micro - 1985),5.00,3
Mr. Wiz (BBC Micro - 1984),0.00,0
Electro Freddy (BBC Micro - 1984),0.00,0
Tetrapod (BBC Micro - 1984),0.00,0
Panik! (BBC Micro - 1987),0.00,0
Revs (BBC Micro - 1985),0.00,0
3D Grand Prix (BBC Micro - 1984),4.33,3
The Ket Trilogy (BBC Micro - 1985),0.00,0
Crazy Painter (BBC Micro - 1983),0.00,0
Galaforce (BBC Micro - 1986),0.00,0
Shadowfax (BBC Micro - 1982),5.00,1
Ossie (BBC Micro - 1984),0.00,0
Dictator (BBC Micro - 1983),4.00,3
Jet-Boot Jack (BBC Micro - 1984),4.00,1
Astro Plumber (BBC Micro - 1985),5.00,1
Time and Magik: The Trilogy (BBC Micro - 1988),4.33,9
Harrier Mission (BBC Micro - 1985),5.00,5
Daley Thompson's Super-Test (BBC Micro - 1985),5.00,1
Airline (BBC Micro - 1983),5.00,2
Geoff Capes Strongman (BBC Micro - 1986),5.00,1
Drain Mania (BBC Micro - 1985),0.00,0
Feasibility Experiment (BBC Micro - 1983),5.00,2
The Fellowship of The Ring (BBC Micro - 1986),4.50,32
Pengwyn (BBC Micro - 1984),0.00,0
Tarzan (BBC Micro - 1987),4.33,3
Countdown to Doom (BBC Micro - 1982),4.53,8
Jet Set Willy II: The Final Frontier (BBC Micro - 1986),5.00,2
Killer Gorilla (BBC Micro - 1983),0.00,0
Dinosaur Discovery (BBC Micro - 1985),0.00,0
Dallas (BBC Micro - 1983),5.00,1
Anarchy Zone (BBC Micro - 1988),0.00,0
W.A.R (BBC Micro - 1986),0.00,0
Rush'n Attack (BBC Micro - 1989),3.90,31
Islandia (BBC Micro - 1984),5.00,1
Colossal Adventure (BBC Micro - 1982),5.00,2
Beach-Head (BBC Micro - 1985),4.89,9
Suds (BBC Micro - 1986),0.00,0
American Football (BBC Micro - 1988),4.00,1
Trivial Pursuit (BBC Micro - 1988),4.22,9
Tetris (BBC Micro - 1988),5.00,1
Mr. Freeze (BBC Micro - 1985),0.00,0
Duck! (BBC Micro - 1984),0.00,0
Rebel Planet (BBC Micro - 1986),5.00,2
Plan B (BBC Micro - 1986),4.00,1
Fun School 3: for the over 7s (BBC Micro - 1990),0.00,0
Kane (BBC Micro - 1986),5.00,2
B.C. Bill (BBC Micro - 1984),4.20,5
Special Operations (BBC Micro - 1984),4.00,1
Fat Man Sam (BBC Micro - 1986),0.00,0
The Unorthodox Engineers: The Pen and the Dark (BBC Micro - 1984),0.00,0
The Hacker (BBC Micro - 1985),0.00,0
Alien Dropout (BBC Micro - 1982),0.00,0
Hobgoblin (BBC Micro - 1990),4.67,3
Arrow of Death: Part I (BBC Micro - 1982),5.00,2
Heist (BBC Micro - 1983),0.00,0
Felix in the Factory (BBC Micro - 1982),0.00,0
Captain Fizz Meets the Blaster-Trons (BBC Micro - 1988),4.40,5
Bird Strike (BBC Micro - 1984),0.00,0
Snowball (BBC Micro - 1983),4.50,2
Jet Power Jack (BBC Micro - 1984),5.00,1
Brian Jacks Superstar Challenge (BBC Micro - 1985),5.00,3
Planetfall (BBC Micro - 1983),4.50,2
Sharkey's 3D Pool (BBC Micro - 1989),4.81,16
Monopoly (BBC Micro - 1985),4.67,12
Atomic Protector (BBC Micro - 1983),0.00,0
Painter (BBC Micro - 1983),0.00,0
3 Deep Space (BBC Micro - 1983),5.00,8
Master Break (BBC Micro - 1991),0.00,0
Lancelot (BBC Micro - 1988),4.58,12
The Slicker Puzzle (BBC Micro - 1983),0.00,0
World War I (BBC Micro - 1986),5.00,2
Arena 3000 (BBC Micro - 1984),5.00,2
Tank Attack (BBC Micro - 1989),4.17,6
Boulder Dash (BBC Micro - 1988),4.47,17
Footballer of the Year (BBC Micro - 1986),4.40,5
Graham Gooch's Test Cricket (BBC Micro - 1985),4.30,10
Raid Over Moscow (BBC Micro - 1986),4.67,15
Xanagrams (BBC Micro - 1984),0.00,0
Crazee Rider (BBC Micro - 1987),0.00,0
Predator (BBC Micro - 1989),4.27,11
Kingdom of Hamil (BBC Micro - 1984),4.50,4
JCB Digger (BBC Micro - 1984),5.00,2
Gunfighter (BBC Micro - 1990),0.00,0
The Big KO! (BBC Micro - 1987),0.00,0
Brian Clough's Football Fortunes (BBC Micro - 1987),4.50,2
Sphinx Adventure (BBC Micro - 1982),5.00,1
Cybertron Mission (BBC Micro - 1983),5.00,1
Combat Lynx (BBC Micro - 1985),0.00,0
Death Sword (BBC Micro - 1988),4.69,26
Boxer (BBC Micro - 1984),0.00,0
The Hunt: Search for Shauna (BBC Micro - 1987),5.00,1
BBC Mastermind (BBC Micro - 1984),5.00,1
Sabre Wulf (BBC Micro - 1984),4.14,7
Repton (BBC Micro - 1985),1.00,1
Buffalo Bill's Wild West Show (BBC Micro - 1989),4.14,7
Frenzy (BBC Micro - 1984),0.00,0
Cranky (BBC Micro - 1983),4.00,1
Hostage: Rescue Mission (BBC Micro - 1990),4.36,36
Match Day (BBC Micro - 1985),3.33,3
Doctor Who: The First Adventure (BBC Micro - 1983),5.00,1
Phantom (BBC Micro - 1987),0.00,0
Philosopher's Quest (BBC Micro - 1982),4.67,6
Joe Blade (BBC Micro - 1988),2.33,3
The Last Ninja (BBC Micro - 1988),4.32,31
Giant Killer (BBC Micro - 1987),0.00,0
Nifty Lifty (BBC Micro - 1984),0.00,0
Bumble Bee (BBC Micro - 1983),1.00,1
Xor (BBC Micro - 1987),4.67,3
Star Drifter (BBC Micro - 1986),0.00,0
Circus (BBC Micro - 1984),5.00,2
Indoor Soccer (BBC Micro - 1988),5.00,1
Nightshade (BBC Micro - 1985),4.50,4
Tapper (BBC Micro - 1986),4.37,30
Citadel (BBC Micro - 1985),0.00,0
Acheton (BBC Micro - 1984),3.67,3
Cosmic Cruiser (BBC Micro - 1984),5.00,2
Questprobe: Featuring Human Torch and the Thing (BBC Micro - 1986),4.40,5
Last Ninja 2: Back With a Vengeance (BBC Micro - 1989),4.46,28
Light Cycle (BBC Micro - 1983),0.00,0
Abyss (BBC Micro - 1984),5.00,1
Crazy Tracer (BBC Micro - 1984),0.00,0
Gold Digger (BBC Micro - 1984),0.00,0
The Golden Voyage (BBC Micro - 1984),5.00,2
The Life of Repton (BBC Micro - 1987),0.00,0
Gauntlet (BBC Micro - 1984),5.00,1
Maze (BBC Micro - 1984),5.00,2
Killapede (BBC Micro - 1986),0.00,0
Empire (BBC Micro - 1984),4.00,5
Project Thesius: Rick Hanson 2 (BBC Micro - 1986),0.00,0
Apocalypse (BBC Micro - 1983),0.00,0
Superman: The Man of Steel (BBC Micro - 1989),4.24,25
Strategy 1 - Invasion (BBC Micro - 1983),5.00,1
Confrontation (BBC Micro - 1983),0.00,0
The Wizard (BBC Micro - 1983),0.00,0
League Challenge (BBC Micro - 1986),0.00,0
Volcano (BBC Micro - 1984),0.00,0
Cosmic Kidnap (BBC Micro - 1984),0.00,0
Secret Mission (BBC Micro - 1986),3.40,5
Subway Vigilante (BBC Micro - 1989),5.00,2
Diamond Mine II (BBC Micro - 1985),5.00,1
Hunkidory (BBC Micro - 1986),0.00,0
Loopz (BBC Micro - 1991),5.00,2
Granny's Garden (BBC Micro - 1983),4.00,29
Football Manager (BBC Micro - 1984),4.05,19
Uridium (BBC Micro - 1987),4.60,10
Castle Blackstar (BBC Micro - 1984),0.00,0
Pro Golf (BBC Micro - 1988),0.00,0
Fruit Machine Simulator (BBC Micro - 1989),4.00,2
Acid Drops (BBC Micro - 1984),0.00,0
Barrage (BBC Micro - 1982),5.00,1
L: A Mathemagical Adventure (BBC Micro - 1984),5.00,1
Missile Base (BBC Micro - 1983),0.00,0
Realm of Chaos: Village of Lost Souls (BBC Micro - 1985),5.00,1
A Question of Sport (BBC Micro - 1988),5.00,2
Meteor Mission (BBC Micro - 1984),0.00,0
Blockbusters (BBC Micro - 1984),5.00,2
Microball (BBC Micro - 1987),5.00,2
Super Invaders (BBC Micro - 1984),5.00,1
Arcadians (BBC Micro - 1982),0.00,0
Bullseye (BBC Micro - 1984),5.00,1
Mikie (BBC Micro - 1986),5.00,3
Monsters (BBC Micro - 1982),0.00,0
Circus Games (BBC Micro - 1988),4.33,3
Waxworks (BBC Micro - 1984),0.00,0
Atic Atac (BBC Micro - 1985),5.00,1
Rubble Trouble (BBC Micro - 1983),3.00,1
Elite (BBC Micro - 1984),4.29,45
Voodoo Castle (BBC Micro - 1986),4.50,2
Hercules (BBC Micro - 1987),3.33,3
By Fair Means or Foul (BBC Micro - 1988),3.75,4
Spider-Man (BBC Micro - 1984),4.35,20
Tempest (BBC Micro - 1985),4.50,2
Blockbusters: Gold Run (BBC Micro - 1986),0.00,0
Ravenskull (BBC Micro - 1986),0.00,0
Strike Force Harrier (BBC Micro - 1985),4.50,8
Star Wars (BBC Micro - 1987),4.50,38
Cops n' Robbers (BBC Micro - 1987),4.80,5
The Valley (BBC Micro - 1983),5.00,1
Crystal Castles (BBC Micro - 1986),4.75,8
Fantasia Diamond (BBC Micro - 1984),0.00,0
The Survivors (BBC Micro - 1987),0.00,0
Gremlins: The Adventure (BBC Micro - 1985),4.00,4
Strange Odyssey (BBC Micro - 1984),5.00,2
The Fall of Rome (BBC Micro - 1984),5.00,5
Star Wars: Return of the Jedi (BBC Micro - 1988),4.55,11
Yie Ar Kung-Fu (BBC Micro - 1985),4.71,7
Karls Kavern (BBC Micro - 1984),0.00,0
Yie Ar Kung-Fu 2: The Emperor Yie-Gah (BBC Micro - 1986),4.29,7
Escape from Pulsar 7 (BBC Micro - 1983),5.00,4
Repton Thru Time (BBC Micro - 1988),0.00,0
Axe of Rage (BBC Micro - 1989),4.35,23
Dungeon Adventure (BBC Micro - 1982),5.00,2
Joe Blade II (BBC Micro - 1988),5.00,2
Ghost Town (BBC Micro - 1986),5.00,1
Confrontation: Scenarios Volume 1 (BBC Micro - 1984),0.00,0
The White Barrows (BBC Micro - 1983),0.00,0
737 Flight Simulator (BBC Micro - 1983),4.67,6
Return to Eden (BBC Micro - 1984),4.00,3
Codename Droid: Stryker's Run - Part 2 (BBC Micro - 1987),5.00,1
Bored of the Rings (BBC Micro - 1985),3.50,4
Roman Empire (BBC Micro - 1983),4.50,2
Emerald Isle (BBC Micro - 1985),4.50,2
Falcon Patrol (BBC Micro - 1986),3.71,7
Repton 3 (BBC Micro - 1986),5.00,2
Kung-Fu: The Way of the Exploding Fist (BBC Micro - 1985),4.89,9
The Evil Dead (BBC Micro - 1984),3.90,10
Pedro (BBC Micro - 1984),5.00,1
Vegas Jackpot (BBC Micro - 1983),4.00,4
Spy vs Spy (BBC Micro - 1987),4.42,33
Play It Again Sam 13 (BBC Micro - 1990),5.00,1
Dead or Alive (BBC Micro - 1987),3.00,1
Hunchback (BBC Micro - 1984),4.00,5
Micro Olympics (BBC Micro - 1984),5.00,1
Klax (BBC Micro - 1990),4.50,16
Tales of the Arabian Nights (BBC Micro - 1985),4.33,3
The Secret Diary of Adrian Mole Aged 13¾ (BBC Micro - 1985),5.00,2
Yes Prime Minister: The Computer Game (BBC Micro - 1987),4.07,15
Frak! (BBC Micro - 1984),5.00,2
Champions! (BBC Micro - 1985),2.00,7
Carousel (BBC Micro - 1983),0.00,0
1984: A Game of Government Management (BBC Micro - 1984),4.33,18
Cluedo (BBC Micro - 1986),5.00,2
Denis Through the Drinking Glass (BBC Micro - 1984),0.00,0
Red Arrows (BBC Micro - 1985),0.00,0
Exile (BBC Micro - 1988),4.88,8
Scapeghost (BBC Micro - 1989),4.64,11
Ballistix (BBC Micro - 1989),4.50,10
Sphere of Destiny (BBC Micro - 1987),0.00,0
Adventure 1 (BBC Micro - 1985),5.00,1
Sliding-Block Puzzles (BBC Micro - 1982),0.00,0
Overdrive (BBC Micro - 1984),0.00,0
Eagle Empire (BBC Micro - 1983),3.67,3
Blagger (BBC Micro - 1984),4.50,4
Chess (BBC Micro - 1983),0.00,0
Protector (BBC Micro - 1983),0.00,0
Who Dares Wins II (BBC Micro - 1986),5.00,5
Attack on Alpha Centauri (BBC Micro - 1983),0.00,0
Waterloo (BBC Micro - 1985),5.00,1
The Golden Baton (BBC Micro - 1982),5.00,1
The Hobbit (BBC Micro - 1983),4.63,51
Flowers of Crystal (BBC Micro - 1984),0.00,0
West (BBC Micro - 1984),0.00,0
Confuzion (BBC Micro - 1985),5.00,1
The Wizard of Akyrz (BBC Micro - 1983),5.00,1
Chuckie Egg (BBC Micro - 1983),4.18,22
Cylon Attack (BBC Micro - 1983),0.00,0
Winter Wonderland (BBC Micro - 1986),5.00,1
Conquering Everest (BBC Micro - 1983),4.67,3
Dodgy Geezers (BBC Micro - 1986),0.00,0
Pimania (BBC Micro - 1982),5.00,1
Ghouls (BBC Micro - 1984),5.00,2
Red Moon (BBC Micro - 1985),5.00,2
PaperBoy (BBC Micro - 1986),4.37,27
Summer Challenge (BBC Micro - 1988),5.00,4
Eldorado Gold (BBC Micro - 1982),5.00,1
SimCity (BBC Micro - 1990),4.31,135
Microcosm (BBC Micro - 1985),0.00,0
Savage Pond (BBC Micro - 1984),5.00,1
Jumbo (BBC Micro - 1982),0.00,0
Video Classics (BBC Micro - 1988),0.00,0
Psycastria (BBC Micro - 1986),0.00,0
Magic Mushrooms (BBC Micro - 1985),0.00,0
Fortress (BBC Micro - 1984),0.00,0
Gyroscope (BBC Micro - 1985),0.00,0
Sporting Triangles (BBC Micro - 1989),5.00,1
Fire Hawks (BBC Micro - 1983),0.00,0
Spitfire '40 (BBC Micro - 1987),4.33,3
Great Britain Limited (BBC Micro - 1982),0.00,0
Animal Vegetable Mineral (BBC Micro - 1983),0.00,0
Cred Breaks Out (BBC Micro - 1986),0.00,0
Cube Master (BBC Micro - 1982),0.00,0
Spaceman Sid (BBC Micro - 1984),0.00,0
E-Type (BBC Micro - 1990),0.00,0
Starship Command (BBC Micro - 1983),0.00,0
Frankenstein 2000 (BBC Micro - 1985),0.00,0
Space Pilot (BBC Micro - 1984),0.00,0
Helter Skelter (BBC Micro - 1990),3.00,7
Zalaga (BBC Micro - 1983),5.00,1
Airwolf (BBC Micro - 1985),3.67,6
Er*bert (BBC Micro - 1984),0.00,0
Snapper (BBC Micro - 1982),0.00,0
Arrow of Death Part II (BBC Micro - 1982),4.00,2
The Count (BBC Micro - 1984),5.00,1
Spellbinder (BBC Micro - 1987),5.00,1
Knight Lore (BBC Micro - 1985),5.00,4
Danger UXB (BBC Micro - 1983),5.00,1
Star Wars: The Empire Strikes Back (BBC Micro - 1988),4.20,10
007: Licence to Kill (BBC Micro - 1989),4.10,72
Eddie Kidd Jump Challenge (BBC Micro - 1985),5.00,2
Podd (BBC Micro - 1984),5.00,1
Future Shock (BBC Micro - 1986),0.00,0
Shuttle Simulator (BBC Micro - 1983),3.83,6
747 (BBC Micro - 1983),5.00,5
Bone Cruncher (BBC Micro - 1987),5.00,1
Colossus Bridge 4 (BBC Micro - 1988),0.00,0
"Words, Words, Words (BBC Micro - 1983)",0.00,0
Steve Davis Snooker (BBC Micro - 1985),1.00,1
Countdown (BBC Micro - 1986),2.50,2
Evening Star (BBC Micro - 1987),5.00,1
Son of Blagger (BBC Micro - 1984),5.00,1
Ian Botham's Test Match (BBC Micro - 1986),0.00,0
Transistors Revenge (BBC Micro - 1983),0.00,0
Bug Blaster (BBC Micro - 1983),4.50,2
Cholo (BBC Micro - 1987),5.00,6
Rig Attack (BBC Micro - 1985),1.00,1
Hyper Sports (BBC Micro - 1985),4.67,3
Guardian (BBC Micro - 1984),5.00,1
Bismarck: Death of a Battleship (BBC Micro - 1987),5.00,1
The Worm in Paradise (BBC Micro - 1985),3.50,2
Southern Belle (BBC Micro - 1986),5.00,2
Castle of Riddles (BBC Micro - 1982),2.00,2
Head Coach v3 (BBC Micro - 1988),0.00,0
The Archers (BBC Micro - 1986),2.00,1
Centipede (BBC Micro - 1983),4.71,7
Defender (BBC Micro - 1982),0.00,0
Pole Position (BBC Micro - 1984),4.56,25
Percy Penguin (BBC Micro - 1984),4.00,1
Siege (BBC Micro - 1983),0.00,0
Thrust (BBC Micro - 1986),4.00,4
Colossus Chess 4 (BBC Micro - 1986),4.50,4
First Steps with the Mr. Men (BBC Micro - 1983),0.00,0
Pipe Dream (BBC Micro - 1990),4.31,13
Doctor Who and the Mines of Terror (BBC Micro - 1985),4.25,4
Space Station Alpha (BBC Micro - 1984),0.00,0
Android Attack (BBC Micro - 1983),0.00,0
Spy Hunter (BBC Micro - 1986),4.47,17
Strykers Run (BBC Micro - 1986),5.00,1
Superman: The Game (BBC Micro - 1986),4.00,1
Farmer (BBC Micro - 1983),5.00,1
Repton 2 (BBC Micro - 1985),0.00,0
Blockbuster (BBC Micro - 1988),4.67,6
Bruce Lee (BBC Micro - 1986),4.40,30
Challenger (BBC Micro - 1983),0.00,0
Repton Infinity (BBC Micro - 1988),0.00,0
Moon Cresta (BBC Micro - 1986),3.50,2
Apple Pie (BBC Micro - 1984),0.00,0
Twin Kingdom Valley (BBC Micro - 1983),5.00,4
Microbe (BBC Micro - 1983),0.00,0
Manic Miner (BBC Micro - 1984),5.00,6
Mr. Ee! (BBC Micro - 1984),0.00,0
Hampstead (BBC Micro - 1985),5.00,1
The Price of Magik (BBC Micro - 1986),4.00,2
Karate Combat (BBC Micro - 1986),0.00,0
Around the World in 40 Screens (BBC Micro - 1987),5.00,1
Sorcery (BBC Micro - 1984),0.00,0
Cavey (BBC Micro - 1986),0.00,0
Chip Buster (BBC Micro - 1985),0.00,0
Heathrow International Air Traffic Control (BBC Micro - 1984),5.00,1
Battle 1917 (BBC Micro - 1983),0.00,0
Commando (BBC Micro - 1985),4.44,25
3D Tanx (BBC Micro - 1984),3.67,3
747 Flight Simulator (BBC Micro - 1983),4.38,8
Treasure Hunt (BBC Micro - 1986),4.00,1
Robotron: 2084 (BBC Micro - 1984),4.20,20
Stix (BBC Micro - 1984),0.00,0
Sinbad (BBC Micro - 1984),0.00,0
Camelot (BBC Micro - 1990),0.00,0
Jetpac (BBC Micro - 1984),5.00,1
Rocket Raid (BBC Micro - 1983),5.00,1
Elixir (BBC Micro - 1987),0.00,0
Bug Eyes (BBC Micro - 1985),0.00,0
Goal! (BBC Micro - 1987),0.00,0
Jet Set Willy (BBC Micro - 1985),4.00,3
Zenon (BBC Micro - 1988),0.00,0
Number Puzzler (BBC Micro - 1983),4.00,2
Daredevil Denis (BBC Micro - 1984),0.00,0
Superstar Indoor Sports (BBC Micro - 1988),5.00,6
Arkanoid (BBC Micro - 1987),4.48,46
Mined-Out (BBC Micro - 1983),5.00,1
Estra (BBC Micro - 1984),0.00,0
Crack-Up (BBC Micro - 1989),4.50,2
Beverly Hills Cop (BBC Micro - 1990),4.00,19
Hopper (BBC Micro - 1983),0.00,0
Hi-Q-Quiz (BBC Micro - 1989),0.00,0
Tomcat (BBC Micro - 1989),5.00,1
