Title,Average Rating,Number of Ratings
Fortress (BBC Micro - 1984),0.00,0
Countdown (BBC Micro - 1986),2.50,2
Waterloo (BBC Micro - 1985),5.00,1
Barrage (BBC Micro - 1982),0.00,0
Feasibility Experiment (BBC Micro - 1983),5.00,1
Sphinx Adventure (BBC Micro - 1982),0.00,0
The Survivors (BBC Micro - 1987),0.00,0
Tempest (BBC Micro - 1985),4.50,2
Confrontation (BBC Micro - 1983),0.00,0
Manic Miner (BBC Micro - 1984),5.00,6
Alien Swirl (BBC Micro - 1983),0.00,0
Kung-Fu: The Way of the Exploding Fist (BBC Micro - 1985),4.88,8
Spitfire '40 (BBC Micro - 1987),4.33,3
Cluedo (BBC Micro - 1986),5.00,2
Jet Power Jack (BBC Micro - 1984),0.00,0
Cavey (BBC Micro - 1986),0.00,0
Xor (BBC Micro - 1987),5.00,2
Alien Dropout (BBC Micro - 1982),0.00,0
Karate Combat (BBC Micro - 1986),0.00,0
Mined-Out (BBC Micro - 1983),5.00,1
Arcadians (BBC Micro - 1982),0.00,0
Arrow of Death Part II (BBC Micro - 1982),3.00,1
SimCity (BBC Micro - 1990),4.30,125
Dictator (BBC Micro - 1983),4.00,2
Gremlins: The Adventure (BBC Micro - 1985),4.00,4
Blagger (BBC Micro - 1984),4.50,4
Son of Blagger (BBC Micro - 1984),5.00,1
Galaforce (BBC Micro - 1986),0.00,0
Arena 3000 (BBC Micro - 1984),5.00,1
Light Cycle (BBC Micro - 1983),0.00,0
Plan B (BBC Micro - 1986),4.00,1
747 (BBC Micro - 1983),5.00,5
Tomcat (BBC Micro - 1989),5.00,1
Apple Pie (BBC Micro - 1984),0.00,0
Dallas (BBC Micro - 1983),0.00,0
Sabre Wulf (BBC Micro - 1984),4.14,7
Acid Drops (BBC Micro - 1984),0.00,0
Cube Master (BBC Micro - 1982),0.00,0
Yes Prime Minister: The Computer Game (BBC Micro - 1987),3.92,13
Castle Blackstar (BBC Micro - 1984),0.00,0
Questprobe: Featuring Human Torch and the Thing (BBC Micro - 1986),4.40,5
Cholo (BBC Micro - 1987),5.00,6
Killer Gorilla (BBC Micro - 1983),0.00,0
Sharkey's 3D Pool (BBC Micro - 1989),4.77,13
Knight Lore (BBC Micro - 1985),5.00,3
Alien 8 (BBC Micro - 1985),5.00,2
Raid Over Moscow (BBC Micro - 1986),4.62,13
Cylon Attack (BBC Micro - 1983),0.00,0
Nightshade (BBC Micro - 1985),4.33,3
B.C. Bill (BBC Micro - 1984),4.20,5
Bored of the Rings (BBC Micro - 1985),3.50,4
Killapede (BBC Micro - 1986),0.00,0
Doctor Who: The First Adventure (BBC Micro - 1983),5.00,1
The Growing Pains of Adrian Mole (BBC Micro - 1987),3.33,3
Waxworks (BBC Micro - 1984),0.00,0
Planetfall (BBC Micro - 1983),4.50,2
The Worm in Paradise (BBC Micro - 1985),3.50,2
Airwolf (BBC Micro - 1985),3.67,6
Podd (BBC Micro - 1984),5.00,1
Video Classics (BBC Micro - 1988),0.00,0
Diamond Mine II (BBC Micro - 1985),0.00,0
Repton Infinity (BBC Micro - 1988),0.00,0
Mr. Wiz (BBC Micro - 1984),0.00,0
Hostage: Rescue Mission (BBC Micro - 1990),4.36,36
Sinbad (BBC Micro - 1984),0.00,0
Hyper Sports (BBC Micro - 1985),4.67,3
Jumbo (BBC Micro - 1982),0.00,0
Percy Penguin (BBC Micro - 1984),4.00,1
Strategy 1 - Invasion (BBC Micro - 1983),5.00,1
Star Wars (BBC Micro - 1987),4.47,36
Strykers Run (BBC Micro - 1986),5.00,1
Ghouls (BBC Micro - 1984),5.00,2
Hobgoblin (BBC Micro - 1990),4.67,3
Drain Mania (BBC Micro - 1985),0.00,0
Intruders (BBC Micro - 1983),0.00,0
1984: A Game of Government Management (BBC Micro - 1984),4.25,16
Kingdom of Hamil (BBC Micro - 1984),4.33,3
The Valley (BBC Micro - 1983),5.00,1
Mr. Freeze (BBC Micro - 1985),0.00,0
First Steps with the Mr. Men (BBC Micro - 1983),0.00,0
Jet-Boot Jack (BBC Micro - 1984),4.00,1
Elite (BBC Micro - 1984),4.23,40
Fantasia Diamond (BBC Micro - 1984),0.00,0
Pipe Dream (BBC Micro - 1990),4.25,12
Microcosm (BBC Micro - 1985),0.00,0
The Archers (BBC Micro - 1986),2.00,1
Colossus Chess 4 (BBC Micro - 1986),4.50,4
Brian Jacks Superstar Challenge (BBC Micro - 1985),5.00,3
Nifty Lifty (BBC Micro - 1984),0.00,0
Centipede (BBC Micro - 1983),5.00,6
Axe of Rage (BBC Micro - 1989),4.33,21
Winter Wonderland (BBC Micro - 1986),5.00,1
The Golden Baton (BBC Micro - 1982),5.00,1
Arkanoid (BBC Micro - 1987),4.46,41
Jet Set Willy II: The Final Frontier (BBC Micro - 1986),5.00,2
Circus Games (BBC Micro - 1988),4.00,2
Harrier Mission (BBC Micro - 1985),5.00,4
Frenzy (BBC Micro - 1984),0.00,0
Scapeghost (BBC Micro - 1989),4.64,11
Starship Command (BBC Micro - 1983),0.00,0
Repton 2 (BBC Micro - 1985),0.00,0
Tarzan (BBC Micro - 1987),4.33,3
Bruce Lee (BBC Micro - 1986),4.41,29
Volcano (BBC Micro - 1984),0.00,0
Pengwyn (BBC Micro - 1984),0.00,0
Felix in the Factory (BBC Micro - 1982),0.00,0
Brian Clough's Football Fortunes (BBC Micro - 1987),4.50,2
Chuckie Egg (BBC Micro - 1983),4.20,20
Farmer (BBC Micro - 1983),0.00,0
Merry Xmas Santa (BBC Micro - 1984),0.00,0
Ghost Town (BBC Micro - 1986),5.00,1
Ossie (BBC Micro - 1984),0.00,0
Graham Gooch's Test Cricket (BBC Micro - 1985),4.33,9
Football Manager (BBC Micro - 1984),4.05,19
3D Tanx (BBC Micro - 1984),5.00,1
Robotron: 2084 (BBC Micro - 1984),4.20,20
Acheton (BBC Micro - 1984),3.00,2
Karls Kavern (BBC Micro - 1984),0.00,0
Duck! (BBC Micro - 1984),0.00,0
The Hacker (BBC Micro - 1985),0.00,0
Snapper (BBC Micro - 1982),0.00,0
Revs (BBC Micro - 1985),0.00,0
Missile Base (BBC Micro - 1983),0.00,0
Atomic Protector (BBC Micro - 1983),0.00,0
Heathrow International Air Traffic Control (BBC Micro - 1984),5.00,1
The Evil Dead (BBC Micro - 1984),4.22,9
Red Arrows (BBC Micro - 1985),0.00,0
Protector (BBC Micro - 1983),0.00,0
The Price of Magik (BBC Micro - 1986),3.00,1
Attack on Alpha Centauri (BBC Micro - 1983),0.00,0
Special Operations (BBC Micro - 1984),4.00,1
Blockbuster (BBC Micro - 1988),4.67,6
Rig Attack (BBC Micro - 1985),1.00,1
Sorcery (BBC Micro - 1984),0.00,0
Loopz (BBC Micro - 1991),5.00,2
Elixir (BBC Micro - 1987),0.00,0
Johnny Reb (BBC Micro - 1984),2.00,2
Shadowfax (BBC Micro - 1982),5.00,1
Fruit Machine Simulator (BBC Micro - 1989),4.00,2
Airline (BBC Micro - 1983),5.00,1
The Big KO! (BBC Micro - 1987),0.00,0
Repton (BBC Micro - 1985),1.00,1
Project Thesius: Rick Hanson 2 (BBC Micro - 1986),0.00,0
Buffalo Bill's Wild West Show (BBC Micro - 1989),4.14,7
Trivial Pursuit (BBC Micro - 1988),4.13,8
Challenger (BBC Micro - 1983),0.00,0
Bug Blaster (BBC Micro - 1983),4.50,2
Spy vs Spy (BBC Micro - 1987),4.48,29
Adventure 1 (BBC Micro - 1985),5.00,1
Dead or Alive (BBC Micro - 1987),3.00,1
Flowers of Crystal (BBC Micro - 1984),0.00,0
Superman: The Game (BBC Micro - 1986),4.00,1
The Life of Repton (BBC Micro - 1987),0.00,0
The Fellowship of The Ring (BBC Micro - 1986),4.50,30
BBC Mastermind (BBC Micro - 1984),5.00,1
The Hobbit (BBC Micro - 1983),4.63,51
Voodoo Castle (BBC Micro - 1986),4.00,1
Subway Vigilante (BBC Micro - 1989),5.00,2
Microball (BBC Micro - 1987),5.00,1
Red Moon (BBC Micro - 1985),5.00,2
Ian Botham's Test Match (BBC Micro - 1986),0.00,0
Treasure Hunt (BBC Micro - 1986),4.00,1
Beverly Hills Cop (BBC Micro - 1990),4.11,18
Heist (BBC Micro - 1983),0.00,0
The Saga of Erik the Viking (BBC Micro - 1984),4.25,4
Microbe (BBC Micro - 1983),0.00,0
Codename Droid: Stryker's Run - Part 2 (BBC Micro - 1987),0.00,0
3D Grand Prix (BBC Micro - 1984),5.00,1
Realm of Chaos: Village of Lost Souls (BBC Micro - 1985),5.00,1
Rush'n Attack (BBC Micro - 1989),3.90,30
Frak! (BBC Micro - 1984),5.00,2
Hunchback (BBC Micro - 1984),4.00,5
Cosmic Kidnap (BBC Micro - 1984),0.00,0
Spaceman Sid (BBC Micro - 1984),0.00,0
West (BBC Micro - 1984),0.00,0
Bird Strike (BBC Micro - 1984),0.00,0
Granny's Garden (BBC Micro - 1983),3.96,26
Colossus Bridge 4 (BBC Micro - 1988),0.00,0
Sphere of Destiny (BBC Micro - 1987),0.00,0
Master Break (BBC Micro - 1991),0.00,0
Stix (BBC Micro - 1984),0.00,0
Time and Magik: The Trilogy (BBC Micro - 1988),4.14,7
Hampstead (BBC Micro - 1985),5.00,1
Spellbinder (BBC Micro - 1987),0.00,0
Blockbusters: Gold Run (BBC Micro - 1986),0.00,0
Yie Ar Kung-Fu (BBC Micro - 1985),5.00,5
747 Flight Simulator (BBC Micro - 1983),4.67,6
Transistors Revenge (BBC Micro - 1983),0.00,0
Apocalypse (BBC Micro - 1983),0.00,0
Superstar Indoor Sports (BBC Micro - 1988),5.00,5
Thrust (BBC Micro - 1986),4.00,4
The Wizard of Akyrz (BBC Micro - 1983),5.00,1
Yie Ar Kung-Fu 2: The Emperor Yie-Gah (BBC Micro - 1986),4.40,5
Predator (BBC Micro - 1989),4.27,11
Match Day (BBC Micro - 1985),3.33,3
The Wizard (BBC Micro - 1983),0.00,0
American Football (BBC Micro - 1988),4.00,1
Cosmic Cruiser (BBC Micro - 1984),5.00,1
L: A Mathemagical Adventure (BBC Micro - 1984),0.00,0
Eddie Kidd Jump Challenge (BBC Micro - 1985),5.00,2
Dinosaur Discovery (BBC Micro - 1985),0.00,0
Xanagrams (BBC Micro - 1984),0.00,0
Maze (BBC Micro - 1984),5.00,2
Last Ninja 2: Back With a Vengeance (BBC Micro - 1989),4.55,27
Bullseye (BBC Micro - 1984),5.00,1
Death Sword (BBC Micro - 1988),4.68,25
JCB Digger (BBC Micro - 1984),5.00,1
Denis Through the Drinking Glass (BBC Micro - 1984),0.00,0
Abyss (BBC Micro - 1984),0.00,0
Crazy Painter (BBC Micro - 1983),0.00,0
Roman Empire (BBC Micro - 1983),4.00,1
Tetris (BBC Micro - 1988),0.00,0
Defender (BBC Micro - 1982),0.00,0
Chip Buster (BBC Micro - 1985),0.00,0
Countdown to Doom (BBC Micro - 1982),4.53,8
Commando (BBC Micro - 1985),4.41,22
Empire (BBC Micro - 1984),3.75,4
Wizadore (BBC Micro - 1985),0.00,0
Boxer (BBC Micro - 1984),0.00,0
Bug Eyes (BBC Micro - 1985),0.00,0
League Challenge (BBC Micro - 1986),0.00,0
The Count (BBC Micro - 1984),5.00,1
Gyroscope (BBC Micro - 1985),0.00,0
Strange Odyssey (BBC Micro - 1984),5.00,2
Fun School 3: for the over 7s (BBC Micro - 1990),0.00,0
BMX on the Moon (BBC Micro - 1984),0.00,0
Pedro (BBC Micro - 1984),5.00,1
Indoor Soccer (BBC Micro - 1988),5.00,1
Bone Cruncher (BBC Micro - 1987),5.00,1
Jetpac (BBC Micro - 1984),5.00,1
Bismarck: Death of a Battleship (BBC Micro - 1987),0.00,0
Hopper (BBC Micro - 1983),0.00,0
Lords of Time (BBC Micro - 1984),5.00,1
Fat Man Sam (BBC Micro - 1986),0.00,0
PaperBoy (BBC Micro - 1986),4.44,25
Giant Killer (BBC Micro - 1987),0.00,0
Camelot (BBC Micro - 1990),0.00,0
Captain Fizz Meets the Blaster-Trons (BBC Micro - 1988),4.33,3
W.A.R (BBC Micro - 1986),0.00,0
By Fair Means or Foul (BBC Micro - 1988),3.67,3
Citadel (BBC Micro - 1985),0.00,0
Panik! (BBC Micro - 1987),0.00,0
The Ket Trilogy (BBC Micro - 1985),0.00,0
Crazee Rider (BBC Micro - 1987),0.00,0
Repton Thru Time (BBC Micro - 1988),0.00,0
Jet Set Willy (BBC Micro - 1985),4.50,2
Rocket Raid (BBC Micro - 1983),5.00,1
Sorcerer of Claymorgue Castle (BBC Micro - 1984),4.50,8
3 Deep Space (BBC Micro - 1983),5.00,8
Blockbusters (BBC Micro - 1984),5.00,2
Astro Plumber (BBC Micro - 1985),5.00,1
Sporting Triangles (BBC Micro - 1989),5.00,1
Mikie (BBC Micro - 1986),5.00,3
Confrontation: Scenarios Volume 1 (BBC Micro - 1984),0.00,0
Shanghai Warriors (BBC Micro - 1989),5.00,1
Who Dares Wins II (BBC Micro - 1986),5.00,4
Fire Hawks (BBC Micro - 1983),0.00,0
Evening Star (BBC Micro - 1987),5.00,1
Philosopher's Quest (BBC Micro - 1982),4.67,6
Southern Belle (BBC Micro - 1986),5.00,2
Geoff Capes Strongman (BBC Micro - 1986),0.00,0
Hi-Q-Quiz (BBC Micro - 1989),0.00,0
Emerald Isle (BBC Micro - 1985),4.00,1
Boulder Dash (BBC Micro - 1988),4.69,13
Android Attack (BBC Micro - 1983),0.00,0
Cranky (BBC Micro - 1983),4.00,1
Guardian (BBC Micro - 1984),5.00,1
Animal Vegetable Mineral (BBC Micro - 1983),0.00,0
Great Britain Limited (BBC Micro - 1982),0.00,0
Adventure Quest (BBC Micro - 1982),4.00,2
Rubble Trouble (BBC Micro - 1983),3.00,1
Star Drifter (BBC Micro - 1986),0.00,0
Falcon Patrol (BBC Micro - 1986),3.71,7
Estra (BBC Micro - 1984),0.00,0
Future Shock (BBC Micro - 1986),0.00,0
Tank Attack (BBC Micro - 1989),4.17,6
Gold Digger (BBC Micro - 1984),0.00,0
Moon Cresta (BBC Micro - 1986),3.50,2
Play It Again Sam 13 (BBC Micro - 1990),5.00,1
Gauntlet (BBC Micro - 1984),5.00,1
Monopoly (BBC Micro - 1985),4.64,11
Cybertron Mission (BBC Micro - 1983),5.00,1
Rebel Planet (BBC Micro - 1986),5.00,1
Confuzion (BBC Micro - 1985),5.00,1
Summer Challenge (BBC Micro - 1988),5.00,4
Tales of the Arabian Nights (BBC Micro - 1985),4.33,3
Pimania (BBC Micro - 1982),5.00,1
Ravenskull (BBC Micro - 1986),0.00,0
Tapper (BBC Micro - 1986),4.44,27
Joe Blade (BBC Micro - 1988),2.33,3
Exile (BBC Micro - 1988),4.75,4
Doctor Who and the Mines of Terror (BBC Micro - 1985),4.25,4
Arrow of Death: Part I (BBC Micro - 1982),5.00,2
Castle of Riddles (BBC Micro - 1982),1.00,1
Secret Mission (BBC Micro - 1986),3.40,5
Crack-Up (BBC Micro - 1989),4.50,2
Steve Davis Snooker (BBC Micro - 1985),0.00,0
E-Type (BBC Micro - 1990),0.00,0
Phantom (BBC Micro - 1987),0.00,0
Electro Freddy (BBC Micro - 1984),0.00,0
Circus (BBC Micro - 1984),5.00,1
Vegas Jackpot (BBC Micro - 1983),4.00,4
Daley Thompson's Super-Test (BBC Micro - 1985),5.00,1
Return to Eden (BBC Micro - 1984),4.00,3
Zalaga (BBC Micro - 1983),0.00,0
Footballer of the Year (BBC Micro - 1986),4.75,4
Head Coach v3 (BBC Micro - 1988),0.00,0
Savage Pond (BBC Micro - 1984),0.00,0
Hunkidory (BBC Micro - 1986),0.00,0
Klax (BBC Micro - 1990),4.53,15
Escape from Pulsar 7 (BBC Micro - 1983),5.00,1
Anarchy Zone (BBC Micro - 1988),0.00,0
737 Flight Simulator (BBC Micro - 1983),4.60,5
Crazy Tracer (BBC Micro - 1984),0.00,0
Around the World in 40 Screens (BBC Micro - 1987),0.00,0
Er*bert (BBC Micro - 1984),0.00,0
Hercules (BBC Micro - 1987),3.33,3
Helter Skelter (BBC Micro - 1990),3.00,7
Gunfighter (BBC Micro - 1990),0.00,0
Danger UXB (BBC Micro - 1983),0.00,0
Eldorado Gold (BBC Micro - 1982),0.00,0
Combat Lynx (BBC Micro - 1985),0.00,0
Twin Kingdom Valley (BBC Micro - 1983),5.00,2
Pole Position (BBC Micro - 1984),4.52,23
Spy Hunter (BBC Micro - 1986),4.47,17
Champions! (BBC Micro - 1985),2.17,6
Chess (BBC Micro - 1983),0.00,0
Siege (BBC Micro - 1983),0.00,0
Daredevil Denis (BBC Micro - 1984),0.00,0
Ballistix (BBC Micro - 1989),4.44,9
Meteor Mission (BBC Micro - 1984),0.00,0
The White Barrows (BBC Micro - 1983),0.00,0
Bumble Bee (BBC Micro - 1983),1.00,1
Suds (BBC Micro - 1986),0.00,0
Micro Olympics (BBC Micro - 1984),5.00,1
Beach-Head (BBC Micro - 1985),4.89,9
Space Station Alpha (BBC Micro - 1984),0.00,0
Overdrive (BBC Micro - 1984),0.00,0
The Slicker Puzzle (BBC Micro - 1983),0.00,0
Tetrapod (BBC Micro - 1984),0.00,0
Frankenstein 2000 (BBC Micro - 1985),0.00,0
The Last Ninja (BBC Micro - 1988),4.32,31
Psycastria (BBC Micro - 1986),0.00,0
Pro Golf (BBC Micro - 1988),0.00,0
Cred Breaks Out (BBC Micro - 1986),0.00,0
Zenon (BBC Micro - 1988),0.00,0
Monsters (BBC Micro - 1982),0.00,0
Painter (BBC Micro - 1983),0.00,0
Eagle Empire (BBC Micro - 1983),3.67,3
Space Pilot (BBC Micro - 1984),0.00,0
Cops n' Robbers (BBC Micro - 1987),5.00,2
Strike Force Harrier (BBC Micro - 1985),4.50,8
007: Licence to Kill (BBC Micro - 1989),4.04,67
Star Wars: Return of the Jedi (BBC Micro - 1988),4.50,10
Superman: The Man of Steel (BBC Micro - 1989),4.32,22
Spider-Man (BBC Micro - 1984),4.53,19
A Question of Sport (BBC Micro - 1988),5.00,2
"Words, Words, Words (BBC Micro - 1983)",0.00,0
Crystal Castles (BBC Micro - 1986),4.67,6
Uridium (BBC Micro - 1987),4.89,9
Sliding-Block Puzzles (BBC Micro - 1982),0.00,0
Dodgy Geezers (BBC Micro - 1986),0.00,0
The Secret Diary of Adrian Mole Aged 13¾ (BBC Micro - 1985),5.00,2
The Unorthodox Engineers: The Pen and the Dark (BBC Micro - 1984),0.00,0
Mr. Ee! (BBC Micro - 1984),0.00,0
Shuttle Simulator (BBC Micro - 1983),4.00,5
The Golden Voyage (BBC Micro - 1984),5.00,1
The Hunt: Search for Shauna (BBC Micro - 1987),0.00,0
Super Invaders (BBC Micro - 1984),0.00,0
Lancelot (BBC Micro - 1988),4.58,12
Battle 1917 (BBC Micro - 1983),0.00,0
Snowball (BBC Micro - 1983),4.50,2
World War I (BBC Micro - 1986),5.00,2
Star Wars: The Empire Strikes Back (BBC Micro - 1988),4.11,9
Carousel (BBC Micro - 1983),0.00,0
Winter Challenge: World Class Competition (BBC Micro - 1988),4.45,9
Colossal Adventure (BBC Micro - 1982),5.00,1
Dungeon Adventure (BBC Micro - 1982),5.00,1
Repton 3 (BBC Micro - 1986),5.00,2
The Fall of Rome (BBC Micro - 1984),5.00,4
Goal! (BBC Micro - 1987),0.00,0
Atic Atac (BBC Micro - 1985),0.00,0
Islandia (BBC Micro - 1984),5.00,1
Kane (BBC Micro - 1986),5.00,2
Magic Mushrooms (BBC Micro - 1985),0.00,0
Joe Blade II (BBC Micro - 1988),5.00,2
Number Puzzler (BBC Micro - 1983),4.00,2
Conquering Everest (BBC Micro - 1983),4.50,2
