Title,Average Rating,Number of Ratings
0 and x (Commodore 16 - 1986),4.00,1
15 Move Hole Puzzle (DOS - 1994),3.67,40
1830: Railroads & Robber Barons (DOS - 1995),4.61,33
"1999: Hore, Mita koto ka! Seikimatsu (NES - 1992)",0.00,0
"221 B Baker St. (DOS, Apple II, Atari 8-bit, Atari ST, C64 - 1987)",4.00,13
"3-D Tic-Tac-Toe (DOS, Atari 8-bit - 1982)",3.29,14
3-D Tic-Tac-Toe (Apple II - 1978),4.50,2
3D Tic Tac Toe (Windows 3.x - 1991),3.00,7
4 Play (Windows 3.x - 1993),3.00,2
4-in-1 Fun Pak (Game Boy - 1992),3.00,2
4-in-1 Funpak: Volume II (Game Boy - 1993),0.00,0
5 in One Fun Pak (Game Gear - 1994),0.00,0
5th Fleet (DOS - 1994),4.33,30
"7 Colors (DOS, Amiga - 1991)",3.57,7
8088 Othello (DOS - 1985),3.50,4
A Line in The Sand (DOS - 1992),4.44,16
"A Question of Scruples: The Computer Edition (Amstrad CPC, C64 - 1987)",5.00,1
Aa Yakyū Jinsei Icchokusen (NES - 1992),0.00,0
Abalone (Atari ST - 1993),0.00,0
Acquire (DOS - 1988),4.50,4
Advance to Boardwalk (C64 - 1990),0.00,0
Advanced Civilization (DOS - 1995),4.06,18
Aggravation (DOS - 1991),3.83,6
Aggression (DOS - 1990),1.00,1
"Airline (Atari 8-bit, C64 - 1986)",5.00,1
"Andromeda Conquest (DOS, Apple II, Atari 8-bit, C64 - 1982)",3.80,10
Animal Vegetable Mineral (Amstrad CPC - 1984),0.00,0
"Anna's Gram (DOS, C64 - 1987)",2.00,1
"Antago (Amiga, Atari ST - 1990)",0.00,0
Anticipation (NES - 1988),0.00,0
Anyone for Cards? (Mac - 1994),0.00,0
Apples & Oranges (DOS - 1990),5.00,2
"Arcade Pool (DOS, Amiga - 1994)",3.94,16
"Arcade Trivia Quiz (DOS, Amstrad CPC, Atari ST, C64 - 1993)",5.00,1
"Archon II: Adept (Amiga, Amstrad CPC, Apple II, Atari 8-bit, C64 - 1986)",5.00,2
Argo Checkers (DOS - 1993),4.50,2
Arithmetic Games Set 1 (DOS - 1981),4.75,4
Attaxx (Windows 3.x - 1991),4.75,4
Automon (DOS - 1990),0.00,0
Avalon Hill's Diplomacy (Windows - 1999),0.00,0
Axilox (Atari 8-bit - 1993),0.00,0
Axis & Allies (Windows - 1998),5.00,4
Backgammon (DOS - 1984),3.00,1
Backgammon (DOS - 1982),5.00,2
Backgammon (DOS - 1991),0.00,0
Backgammon (Dragon 32/64 - 1983),0.00,0
Backgammon Royal (Amiga - 1996),0.00,0
"Backgammon Royale (DOS, Amiga, Atari ST - 1990)",5.00,3
Bagels (C64 - 1992),0.00,0
Bakushō! Star Monomane Shitennō (NES - 1990),0.00,0
Bakushō!! Ai no Gekijō (NES - 1990),0.00,0
Bakushō!! Jinsei Gekijō (NES - 1989),0.00,0
Bakushō!! Jinsei Gekijō 2 (NES - 1991),0.00,0
Bakushō!! Jinsei Gekijō 3 (NES - 1991),0.00,0
Banqi 聖手 (DOS - 1995),0.00,0
Banzai (Atari 8-bit - 1995),0.00,0
"Battle Chess (DOS, Amiga, Windows 3.x, Mac, Apple II, Apple IIgs, Atari ST, C64, NES - 1988)",4.42,366
Battle Chess 4000 (DOS - 1992),4.47,45
"Battle Chess II: Chinese Chess (DOS, Amiga - 1990)",4.64,33
Battle Fleet (DOS - 1991),2.67,3
Battle For Atlantis (DOS - 1990),4.30,10
Battle Ships (Atari 8-bit - 1989),0.00,0
"Battleship: The Classic Naval Combat Game (Game Boy, Game Boy Color - 1989)",0.00,0
Battleships (C64 - 1982),0.00,0
Bauernkampf (Atari ST - 1988),0.00,0
Bible Buffet (NES - 1993),0.00,0
Big Blue Disk #41 (DOS - 1990),5.00,2
Bingo (C64 - 1984),0.00,0
Black Jack (C64 - 1988),0.00,0
Blind Wars (DOS - 1992),3.00,2
"Blitzkrieg at the Ardennes (DOS, Amiga - 1990)",4.25,12
Block Five (DOS - 1986),3.50,2
"Blockbusters (Amstrad CPC, Commodore 16, C64 - 1984)",5.00,1
"Blue Angel 69 (DOS, Amiga, Atari ST, C64 - 1989)",3.17,6
Bluebush Chess (DOS - 1983),3.28,7
BogOut (Windows 3.x - 1992),0.00,0
Bolo (Mac - 1989),4.25,8
Bonzo! (C64 - 1983),0.00,0
Box (C64 - 1983),0.00,0
Brain (Windows 3.x - 1991),1.00,2
Brain Challenge: The Arena of Death (Amiga - 1993),0.00,0
"Brian Clough's Football Fortunes (Amstrad CPC, Atari 8-bit, Atari ST, C64 - 1987)",4.50,2
Briscola (C64 - 1988),0.00,0
Bullseye (DOS - 1982),5.00,1
"Bullseye (Amstrad CPC, C64 - 1985)",0.00,0
Bush Buck: Global Treasure Hunter (DOS - 1991),4.94,15
Cargo Bay Deluxe (DOS - 1995),5.00,3
Casino Craps (DOS - 1992),3.33,3
Chaos Overlords (Mac - 1996),4.70,10
Checker King (Atari 8-bit - 1980),0.00,0
Chess! (DOS - 1992),3.25,4
Chessmaster 6000 (Mac - 1999),4.40,10
Chibi Maruko-chan: Waku Waku Shopping (Genesis - 1992),4.00,1
Chicagopoly (DOS - 1989),3.40,5
Chinese Checkers (DOS - 1991),3.80,5
Chinese Chess (Amiga - 1989),0.00,0
Chinese Chess Master III (DOS - 1992),5.00,6
Chivalry (Apple II - 1983),4.00,1
Clogged Up (Atari ST - 2004),0.00,0
Clonk Advanced Players Edition (DOS - 1995),5.00,1
Clonk Endeavour (Windows - 2004),4.00,2
"Clonk Rage (Windows, Mac, Linux - 2007)",5.00,1
Club Backgammon (Apple IIgs - 1988),0.00,0
"Clue (Genesis, SNES - 1992)",5.00,2
"Clue: Master Detective (DOS, Apple II, C64 - 1989)",4.49,23
"Cluedo (Amstrad CPC, C64 - 1986)",5.00,1
"Cogito (Windows 3.x, Mac - 1992)",3.80,5
"Colossus Chess 4 (Amstrad CPC, Atari 8-bit, C64 - 1986)",4.50,2
Columbus Discovery (DOS - 1992),4.29,7
"Computer Acquire (DOS, Atari 8-bit - 1980)",4.46,11
Computer Baseball Strategy (Atari 8-bit - 1982),0.00,0
Computer Diplomacy (DOS - 1984),3.74,15
Computer Kensington (C64 - 1984),0.00,0
"Computer Scrabble (Amstrad CPC, C64 - 1985)",0.00,0
"Computer Scrabble De Luxe (Amiga, Amstrad CPC, Atari ST, C64 - 1988)",0.00,0
"Computer Stocks & Bonds (DOS, Atari 8-bit, C64 - 1982)",4.25,8
Conaga (DOS - 1989),5.00,1
Connect 4 (C64 - 1984),0.00,0
Conquest (DOS - 1992),4.14,7
Contact (C64 - 1984),0.00,0
Cosmic Memory (Mac - 2002),0.00,0
Counter Attack (C64 - 1984),0.00,0
"Crayon Shin-chan: Arashi o Yobu Enji (Genesis, SNES - 1994)",5.00,1
Crazy Nick's Software Picks: King Graham's Board Game Challenge (DOS - 1993),4.43,7
Crime Fighter (DOS - 1993),4.60,20
Cross of insanity (DOS - 1990),1.00,1
Crystal Ball (DOS - 1988),3.00,2
Cubic Tic Tac Toe (DOS - 1985),3.00,2
"Cubulus (DOS, Amiga, C64 - 1991)",1.00,1
"Cyrus II Chess (Amstrad CPC, C64 - 1985)",4.50,2
"Dames Simulator (DOS, Amstrad CPC, Atari ST - 1990)",3.50,4
Darts (DOS - 1991),0.00,0
Darts (DOS - 1989),0.00,0
Dawn Treader (C64 - 1984),4.00,1
Deluxe Trivial Pursuit (DOS - 1992),4.80,14
Deuce (Atari ST - 1992),0.00,0
"Dino Wars (DOS, Amiga, C64 - 1990)",3.93,19
Distant Armies: A Playing History of Chess (Amiga - 1988),5.00,3
Diva Starz: Mall Mania (Game Boy Color - 2001),0.00,0
Dobbel (DOS - 1991),0.00,0
"Don't worry, be happy (Atari ST - 1996)",0.00,0
Double Talk: Sports Edition (Windows 3.x - 1994),0.00,0
Dracula in London (DOS - 1988),4.33,6
Dragon's Eye Plus Shanghai III (Genesis - 1991),0.00,0
Draughts (C64 - 1983),0.00,0
Electronic Aggravation (DOS - 1991),0.00,0
Elite Darts (Mac - 1999),0.00,0
Eoroid (Atari 8-bit - 1994),0.00,0
"Espionage (DOS, Amiga, Amstrad CPC, C64 - 1988)",5.00,1
"Eye (Amstrad CPC, C64 - 1987)",0.00,0
FarmersMahJongg (Mac - 2001),0.00,0
Fastgammon (Atari 8-bit - 1980),0.00,0
Filler (DOS - 1990),5.00,2
FLIP-ELLO (DOS - 1982),0.00,0
FlixMix (DOS - 1993),3.00,2
"Fooblitzky (DOS, Apple II, Atari 8-bit - 1985)",3.50,2
Fourside (DOS - 1990),5.00,1
Frazzle! (DOS - 1990),0.00,0
"Full Metal Planete (DOS, Amiga, Mac, Atari ST - 1990)",4.73,11
Galactic Conquest (DOS - 1987),4.00,1
Garfield's Mad About Cats (Mac - 2000),3.00,2
Gearheads (Mac - 1996),5.00,1
Global Conquest (DOS - 1992),4.52,21
Go (C64 - 1983),0.00,0
Go Player (Amiga - 1991),5.00,1
Go Simulator (DOS - 1992),4.29,44
Go-Moku / Renju (Atari ST - 1988),0.00,0
GoMoku Narabe (Windows - 1996),0.00,0
Gomoku Narabe Renju (NES - 1983),0.00,0
Grand Slam Bridge II (DOS - 1992),3.00,4
"Grandmaster (Commodore 16, C64 - 1985)",5.00,2
Grossology (Windows - 1997),5.00,1
Guzzle (DOS - 1989),5.00,1
"HeroQuest (DOS, Amiga, C64 - 1991)",4.63,27
Hex (Amiga - 1986),3.00,2
Hexapawn (C64 - 1983),3.00,2
Hexxagon (DOS - 1993),4.44,9
Hexxagon 2 (DOS - 1993),4.60,10
Hi-Q-Quiz (C64 - 1988),0.00,0
Hide & Sink (DOS - 1983),4.00,1
Hon Shōgi: Naitō 9 Dan Shōgi Hiden (NES - 1985),0.00,0
Hoyle Classic Games (Mac - 1996),4.00,2
"Hoyle: Official Book of Games - Volume 1 (DOS, Amiga, Mac, Atari ST - 1989)",4.41,17
"Hoyle: Official Book of Games - Volume 3 (DOS, Amiga - 1991)",4.56,9
Hyokkori Hyōtanjima: Daitōryō o Mezase! (Genesis - 1992),0.00,0
"Intelligent Strategy Games 10 (DOS, Amiga - 1993)",3.50,10
Isoleur (Amstrad CPC - 1985),0.00,0
Itadaki Street 2: Neon Sign wa Bara-iro ni (SNES - 1994),5.00,1
Itadaki Street: Watashi no Omise ni Yotte tte (NES - 1991),5.00,2
Jang-gi (DOS - 1991),1.00,1
"Jocky Wilson's Darts Challenge (Amiga, Amstrad CPC, Atari 8-bit, C64 - 1990)",3.00,2
"John Lowe's Ultimate Darts (Amiga, C64 - 1989)",2.50,2
Jones in the Fast Lane (DOS - 1991),4.26,77
Journey to the Promised Land (DOS - 1992),5.00,3
Jurassic Banqi (DOS - 1994),4.00,1
Kaisen Game: NavyBlue '90 (Game Boy - 1990),0.00,0
Kalah (C64 - 1984),0.00,0
Kasparov Chessmate (Mac - 2004),5.00,2
Kengi (DOS - 1991),1.00,1
Kengi (Amiga - 1991),0.00,0
Kinetic Connection (C64 - 1986),5.00,1
Kinetic Connection (Game Gear - 1991),0.00,0
King of the Hill (Windows - 2000),1.00,1
King's Table: The Legend of Ragnarok (DOS - 1993),4.30,10
Koolah (DOS - 1991),1.00,1
Krieg um die Krone (C64 - 1989),4.00,1
Kriegspiel (Dragon 32/64 - 1983),0.00,0
"La Colmena (DOS, Amiga - 1992)",4.07,15
LEGO Chess (Windows - 1998),5.00,4
Let's Go Memo! (Atari ST - 1997),4.00,1
Lila (Atari ST - 2001),0.00,0
Lucky Luke: Gamblin' Cowboy (C64 - 1992),4.00,1
Lucky's Casino Adventure (DOS - 1993),4.86,7
"Lunar Pool (NES, PC-88 - 1985)",5.00,2
Magic Darts (NES - 1991),0.00,0
"Magic Lines (Amiga, Atari ST - 1990)",5.00,2
"Magnetic (DOS, C64 - 1993)",1.00,1
Mah Jongg Solitaire (DOS - 1987),3.00,2
"Make Your Own Murder Party (Apple II, C64 - 1986)",4.00,1
Mancala (Apple IIgs - 1988),0.00,0
"Mario's Game Gallery (DOS, Mac - 1995)",4.59,206
Master Mind (DOS - 1990),3.00,2
Master Mind (Amiga - 1997),3.50,2
Match (Atari ST - 1990),0.00,0
"MaxIt (DOS, C64 - 1982)",2.88,24
Maze Adventures (DOS - 1986),1.00,1
Megamix 2: Brainstorm (Atari ST - 1991),0.00,0
Mem (Atari ST - 2002),0.00,0
Memory Recall (Atari ST - 1995),0.00,0
MicroBalls (Windows - 1997),5.00,1
Microchess (Apple II - 1978),5.00,2
"Microgo1 (C64, NES - 1984)",0.00,0
MicroLink Push Your Luck (DOS - 1990),1.00,1
MicroLink Shut the Box (DOS - 1989),1.00,1
MicroLink Yaht (DOS - 1987),1.00,1
"Mind Pursuit (Apple II, C64 - 1986)",0.00,0
Mission: Mainframe (DOS - 1987),3.60,5
Mnemotron (Amiga - 1995),1.00,1
Momotarō Dentetsu (NES - 1988),0.00,0
Monopoly (DOS - 1985),4.70,10
"Monopoly (DOS, Amiga, Amstrad CPC - 1989)",5.00,8
Monopoly (DOS - 1993),3.40,10
"Monopoly (Game Boy, Game Boy Color, Genesis, NES, SNES - 1991)",5.00,3
Monopoly Deluxe (DOS - 1992),4.58,53
Monopoly Tycoon (Windows - 2001),4.16,25
Monster Trivia (C64 - 1985),0.00,0
Monte Carlo Baccarat (DOS - 1991),5.00,2
Morita Shōgi (NES - 1987),0.00,0
Morkin 2 (DOS - 1992),4.20,5
Motoko-chan no Wonder Kitchen (SNES - 1993),0.00,0
Mozaik (DOS - 1993),5.00,2
Mychess (DOS - 1984),4.00,3
Numerix (Amiga - 1993),0.00,0
"Oil Barons (DOS, Apple II, C64 - 1983)",4.71,7
Oligopoly (DOS - 1987),3.83,6
Only! Valency (Atari ST - 1994),5.00,2
"Osiris (DOS, Amiga - 1993)",1.00,1
Othello (DOS - 1982),3.00,2
Othello (DOS - 1988),4.00,1
Othello (DOS - 1991),0.00,0
"Othello (Game Boy, NES - 1990)",0.00,0
"Othello Killer (Amiga, Atari ST - 1989)",0.00,0
OutFox (DOS - 1989),5.00,1
Pachisi (DOS - 1989),0.00,0
Pearl Harbour (Amstrad CPC - 1985),5.00,1
"Pensate (Mac, Atari 8-bit, C64 - 1984)",3.00,1
Pente (DOS - 1986),1.00,1
Phagefight (DOS - 1992),0.00,0
Pictionary (DOS - 1989),3.71,7
"Pictionary: The Game of Quick Draw (DOS, Amiga, Amstrad CPC, Atari ST, C64 - 1989)",4.15,13
Pictionary: The Game of Video Quick Draw (NES - 1990),0.00,0
"Powerplay: The Game of the Gods (Amiga, Amstrad CPC, Atari ST, C64 - 1988)",4.25,4
PQ: The Party Quiz Game (Atari 8-bit - 1984),0.00,0
Pref Club (DOS - 1991),4.19,11
Premium Mah Jongg II (Atari ST - 1993),0.00,0
Proto Type (DOS - 1989),5.00,1
"Pub Darts (Amiga, Amstrad CPC, Atari 8-bit, Atari ST, C64 - 1988)",4.50,2
Pub Games (Amstrad CPC - 1987),0.00,0
Putt-Putt's Fun Pack (DOS - 1994),4.32,38
Puzz 3D: Victorian Mansion (Mac - 1999),0.00,0
Puzzle & Action: Ichidant-R (Genesis - 1995),0.00,0
"Puzzle & Action: Tant-R (Game Gear, Genesis - 1994)",5.00,1
"Quink (DOS, Atari ST, C64 - 1984)",2.00,1
Radar Mission (Game Boy - 1990),0.00,0
Redhook's Revenge (DOS - 1993),4.90,10
"Reederei (Amiga, C64 - 1988)",1.00,1
"Renaissance (C64, VIC-20 - 1982)",0.00,0
Reversi (DOS - 1985),0.00,0
Rings of the Magi: Grand Master Edition (DOS - 1995),4.80,5
Risk (DOS - 1986),5.00,4
Risk (Windows 3.x - 1991),4.75,4
Risk (Mac - 1991),3.75,4
Risk II (Windows - 2000),3.00,2
RISK: Parker Brothers' World Conquest Game (Genesis - 1994),5.00,1
Risk: The Game of Global Domination (Windows - 1996),5.00,1
"Robot Rascals (DOS, Apple II, C64 - 1987)",4.40,5
Rock Challenge (Amiga - 1988),0.00,0
Rosemary West's House of Fortunes (DOS - 1993),3.83,6
Ruckus Roulette (DOS - 1993),2.00,2
Samotnik (DOS - 1991),0.00,0
"Sarakon (DOS, Amiga, Atari ST, C64 - 1991)",4.80,5
"Sargon II (Apple II, Atari 8-bit, C64, VIC-20 - 1979)",5.00,1
Satori (DOS - 1990),1.00,1
Schoolhouse (DOS - 1991),4.00,2
Scrabble (DOS - 1991),0.00,0
"Scrabble (Amiga, Atari ST - 1993)",0.00,0
Scrabble: The Deluxe Computer Edition (DOS - 1990),4.48,25
Sea Battle (Game Boy - 1998),0.00,0
Sea Hunt (DOS - 1987),1.75,4
Sextimates (Amiga - 1990),5.00,1
Sexversi (Atari 8-bit - 1994),0.00,0
SeXXcapades (DOS - 1991),4.09,12
"Sexy Droids (DOS, Amiga - 1992)",4.12,16
Shanghai (Dragon 32/64 - 1991),0.00,0
Shanghai (Game Boy - 1989),4.00,1
"Shanghai II: Dragon's Eye (DOS, Mac, Genesis, SNES - 1990)",4.00,23
Shanghai: Dynasty (Mac - 1997),5.00,2
Shanghai: Second Dynasty (Mac - 1999),3.50,2
Shogi Master (DOS - 1991),4.71,7
Shooting Range (NES - 1989),0.00,0
"Silicon Warrior (Atari 8-bit, C64 - 1983)",0.00,0
Sink The Bizmark (DOS - 1986),0.00,0
"Soccer Rivals (Amstrad CPC, C64 - 1991)",0.00,0
Sorry! (DOS - 1988),5.00,1
"Space Crusade (DOS, Amiga, Amstrad CPC, Atari ST, C64 - 1992)",4.41,29
SPOC the Chess Master (DOS - 1983),0.00,0
"Spot (DOS, Amiga, Atari ST, Game Boy, NES - 1990)",4.67,3
Squares (DOS - 1989),3.00,1
"Star Saga: One - Beyond the Boundary (DOS, Apple IIgs - 1988)",5.00,4
"Star Saga: Two - The Clathran Menace (DOS, Apple IIgs - 1989)",5.00,4
Stello (Atari ST - 1994),0.00,0
"Stratego (DOS, Amiga, Mac, Atari ST, C64 - 1990)",4.43,35
Strategy Games (DOS - 1983),4.20,5
"Subbuteo (DOS, Amiga, Amstrad CPC, Atari ST, C64 - 1990)",3.67,6
Sugoro Quest: Dice no Senshi Tachi (NES - 1991),0.00,0
"Super Battleship: The Classic Naval Combat Game (Genesis, SNES - 1993)",4.00,3
"Swap (DOS, Amiga, Amstrad CPC, Atari ST, C64 - 1992)",0.00,0
"T.G.I.F. (Atari 8-bit, C64 - 1983)",4.00,1
Take a Break! Crosswords (Windows 3.x - 1992),4.00,1
"Tank Attack (DOS, Amiga, Amstrad CPC, C64 - 1990)",4.50,4
TeleGames (Amiga - 1987),1.00,1
Terminator 2: Judgment Day - Chess Wars (DOS - 1993),3.67,6
Terrace (Mac - 1995),5.00,1
"The Ball Game (DOS, Amiga, Atari ST, C64 - 1991)",3.00,2
The Banyon Wars (DOS - 1990),4.50,2
The Computer Edition of Risk: The World Conquest Game (DOS - 1989),4.83,6
The Computer Edition of Scrabble Brand Crossword Game (DOS - 1989),5.00,2
The Electronic Monopoly (DOS - 1989),5.00,5
The Flintstones: The Treasure of Sierra Madrock (SNES - 1994),0.00,0
The Game of Yahtzee (DOS - 1988),0.00,0
The Games People Play: Gin ∙ Cribbage ∙ Checkers ∙ Backgammon (DOS - 1990),4.50,2
The Software Toolworks' Star Wars Chess (DOS - 1993),4.22,96
Theatre of War (DOS - 1992),4.00,8
Tic Tac Toe (DOS - 1982),5.00,1
tictactoe (Atari ST - 1997),0.00,0
Tiles of the Dragon (DOS - 1993),4.00,1
"Tilt (DOS, Amiga, C64 - 1992)",3.00,2
Tommy's Backgammon (DOS - 1987),4.00,2
Tommy's Double L (DOS - 1987),5.00,1
Tommy's High Iq (DOS - 1987),0.00,0
Tommy's Hollywords (DOS - 1992),0.00,0
Tommy's Monopoly (DOS - 1988),5.00,2
Tommy's Nite Lites! (DOS - 1995),1.00,1
Tommy's Tic-Tac-Toe (DOS - 1987),5.00,1
Tommy's Tyrants (DOS - 1987),4.00,1
"TrianGO (DOS, Amiga, Apple IIgs, C64 - 1989)",1.00,1
Trivia Quest (Atari 8-bit - 1984),0.00,0
"Trivia U.K. (Amstrad CPC, C64 - 1985)",0.00,0
Trivial Pursuit (DOS - 1989),4.00,4
"Trivial Pursuit (DOS, Amiga, Amstrad CPC, Atari 8-bit, Atari ST, C64, ZX Spectrum - 1987)",3.60,5
"Trivial Pursuit: A New Beginning (Amiga, Amstrad CPC, Atari ST, C64, ZX Spectrum - 1988)",2.00,1
"Trivial Pursuit: Baby Boomer Edition (Amstrad CPC, ZX Spectrum - 1987)",0.00,0
"Trivial Pursuit: Young Players Edition (Amstrad CPC, ZX Spectrum - 1987)",4.00,1
Trump Castle 3 (DOS - 1993),2.50,2
Trump Castle II (DOS - 1991),3.67,3
Trump Castle: The Ultimate Casino Gambling Simulation (DOS - 1988),4.00,2
TurboGo (DOS - 1993),1.00,2
"Turn It (DOS, Amiga, C64 - 1990)",1.00,1
"Turn It II (Amiga, C64 - 1991)",3.00,2
Undercover Cops Gaiden: Hakaishin Garumaa (Game Boy - 1993),5.00,1
Uno (DOS - 1991),1.50,2
Verso (DOS - 1986),1.00,1
Video Chess (Atari 8-bit - 1979),5.00,1
Vier op een rij (DOS - 1990),0.00,0
"Wacky Darts (Amiga, Amstrad CPC, C64, ZX Spectrum - 1991)",1.50,2
Waddingtons Deluxe Monopoly (C64 - 1988),3.67,3
Wari: The Ancient Game of Africa (DOS - 1994),3.00,2
Wheel of Fortune (Atari ST - 1987),5.00,1
Wily & Right no RockBoard: That's Paradise (NES - 1993),5.00,1
WinRisk (Windows 3.x - 1992),0.00,0
"Xanagrams (Amstrad CPC, C64, ZX Spectrum - 1984)",0.00,0
Yahtzee (DOS - 1983),0.00,0
Yahtzie (ZX Spectrum - 1983),0.00,0
Yakuman (Game Boy - 1989),0.00,0
Yatzy (DOS - 1984),1.00,1
"Zampabolas (DOS, Amstrad CPC, ZX Spectrum - 1989)",0.00,0
ZX Columns (ZX Spectrum - 2005),0.00,0
¿Quien es Cualo? (DOS - 1994),4.00,2
