Title,Average Rating,Number of Ratings
3D Scacchi Simulator (C64 - 1991),0.00,0
4-in-1 Fun Pak (Game Boy - 1992),3.00,2
5 in One Fun Pak (Game Gear - 1994),0.00,0
Aggression (DOS - 1990),1.00,1
Ajedrez (DOS - 1988),3.00,3
Arasan Chess (Windows 3.x - 1994),3.67,3
Banqi 聖手 (DOS - 1995),0.00,0
"Battle Chess (DOS, Amiga, Windows 3.x, Mac, Apple II, Apple IIgs, Atari ST, C64, NES - 1988)",4.42,366
Battle Chess 4000 (DOS - 1992),4.47,45
"Battle Chess: Enhanced CD-ROM (DOS, Mac - 1992)",4.52,67
Beast War (Apple II - 1984),0.00,0
Bluebush Chess (DOS - 1983),3.28,7
Bobby Fischer Teaches Chess (DOS - 1994),5.00,2
Checkmate (Mac - 1993),0.00,0
Chess (DOS - 1981),3.43,7
Chess Housers (DOS - 1990),0.00,0
"Chess Player 2150 (DOS, Amiga, Atari ST - 1990)",4.50,2
"Chess Simulator (DOS, Amiga, Atari ST - 1990)",0.00,0
Chess! (DOS - 1992),3.25,4
Chess88 (DOS - 1984),5.00,6
Chessmaster 6000 (Mac - 1999),4.40,10
Chinese Chess Master III (DOS - 1992),5.00,6
Colossus Chess 2∙0 (C64 - 1984),4.00,1
Colossus Chess 3.0 (Atari 8-bit - 1984),4.00,1
"Colossus Chess 4 (Amstrad CPC, Atari 8-bit, C64 - 1986)",4.50,2
"Colossus Chess X (DOS, Amiga, Atari ST - 1990)",5.00,2
"Complete Chess System (DOS, Amiga - 1993)",5.00,6
Cyberchess (DOS - 1992),4.80,5
"Cyrus (DOS, Dragon 32/64 - 1985)",3.92,12
"Cyrus II Chess (Amstrad CPC, C64 - 1985)",4.50,2
Distant Armies: A Playing History of Chess (Amiga - 1988),5.00,3
GNU Chess (Atari ST - 1994),4.00,1
"Grandmaster (Commodore 16, C64 - 1985)",5.00,2
Grandmaster Chess (DOS - 1992),4.75,8
"Intelligent Strategy Games 10 (DOS, Amiga - 1993)",3.50,10
Jang-gi (DOS - 1991),1.00,1
Jurassic Banqi (DOS - 1994),4.00,1
Kasparov Chessmate (Mac - 2004),5.00,2
Kasparov's Gambit (DOS - 1993),4.60,10
Laser Chess (DOS - 1994),3.67,6
Laser Chess (C64 - 1987),5.00,2
LEGO Chess (Windows - 1998),5.00,4
"Master Chess (Amstrad CPC, Atari 8-bit, C64 - 1987)",5.00,1
Microchess (Apple II - 1978),5.00,2
Mychess (DOS - 1984),4.00,3
National Lampoon's Chess Maniac 5 Billion and 1 (DOS - 1993),4.58,12
PowerChess (DOS - 1989),5.00,1
"Psion Chess (DOS, Mac, Atari ST - 1985)",4.33,6
"Rebel 12 (DOS, Windows - 2004)",3.75,4
Sargon (Apple II - 1979),5.00,1
Sargon 4 (DOS - 1989),4.88,8
"Sargon II (Apple II, Atari 8-bit, C64, VIC-20 - 1979)",5.00,1
"Sargon III (DOS, Amiga, Mac, Apple II, Atari 8-bit, Atari ST, C64 - 1984)",4.40,5
"Sargon V: World Class Chess (DOS, Mac - 1991)",4.20,15
Socrates (DOS - 1993),0.00,0
SPOC the Chess Master (DOS - 1983),0.00,0
TeleGames (Amiga - 1987),1.00,1
Terminator 2: Judgment Day - Chess Wars (DOS - 1993),3.67,6
The Art of Chess (Amiga - 1987),5.00,1
The Chess Game (C64 - 1985),0.00,0
"The Chessmaster (Game Boy, Game Gear, NES, SNES - 1991)",0.00,0
"The Chessmaster 2000 (DOS, Amiga, Mac, Amstrad CPC, Apple II, Atari 8-bit, Atari ST, C64 - 1986)",4.30,20
The Chessmaster 3000 (DOS - 1991),4.36,28
The Chessmaster 4000 Turbo (Windows 3.x - 1993),4.30,23
"The Fidelity Chessmaster 2100 (DOS, Amiga, Mac, Apple IIgs, C64 - 1989)",4.50,12
The Final Chesscard (C64 - 1989),3.50,2
The Software Toolworks' Star Wars Chess (DOS - 1993),4.22,96
Video Chess (Atari 8-bit - 1979),5.00,1
