Title,Average Rating,Number of Ratings
"LinCity-NG (Linux, Windows, Mac - 2009)",4.50,4
PC-BLOX 2 (DOS - 1993),0.00,0
PC-BLOX 3 (DOS - 1998),0.00,0
"Pizza Tycoon (DOS, Amiga - 1994)",4.47,70
"SimCity (DOS, Amiga, Amstrad CPC, Atari ST, C64, SNES - 1989)",4.37,71
"SimCity 2000 (DOS, Amiga, SNES - 1993)",4.40,921
SimCity 2000 Scenarios Volume 1: Great Disasters (DOS - 1994),4.80,5
SimCity 2000 Urban Renewal Kit (DOS - 1994),4.47,15
SimCity 2000: CD Collection (DOS - 1996),4.59,63
SimCity Classic Graphics (DOS - 1994),4.83,6
"SimCity Graphics Set 1: Ancient Cities (DOS, Amiga - 1990)",4.50,8
"SimCity Graphics Set 2: Future Cities (DOS, Amiga - 1991)",4.25,4
"SimCity: Terrain Editor (DOS, Amiga, Atari ST - 1989)",5.00,6
SimTown (Windows - 1995),5.00,3
Theme Hospital (DOS - 1997),4.43,807
"Theme Park (DOS, Amiga, Genesis, SNES - 1994)",4.52,156
