Title,Average Rating,Number of Ratings
Venture (ColecoVision - 1982),3.75,4
Artillery Duel (ColecoVision - 1983),4.29,7
Frogger (ColecoVision - 1983),4.13,40
Fathom (ColecoVision - 1984),0.00,0
Donkey Kong (ColecoVision - 1982),4.39,146
Carnival (ColecoVision - 1982),3.33,3
Sir Lancelot (ColecoVision - 1983),5.00,1
Buck Rogers: Planet of Zoom (ColecoVision - 1984),4.65,14
Choplifter! (ColecoVision - 1985),4.42,12
Zenji (ColecoVision - 1984),0.00,0
Keystone Kapers (ColecoVision - 1984),5.00,3
WarGames (ColecoVision - 1984),4.40,5
Rock n' Bolt (ColecoVision - 1985),5.00,1
2010: The Graphic Action Game (ColecoVision - 1985),3.75,8
Aquattack (ColecoVision - 1984),0.00,0
H.E.R.O. (ColecoVision - 1984),3.92,13
Zaxxon (ColecoVision - 1982),4.58,36
Threshold (ColecoVision - 1984),5.00,1
Victory (ColecoVision - 1983),0.00,0
Frantic Freddy (ColecoVision - 1983),0.00,0
Spectron (ColecoVision - 1983),0.00,0
Montezuma's Revenge (ColecoVision - 1984),4.36,58
The Dam Busters (ColecoVision - 1985),4.80,10
Ken Uston BlackJack/Poker (ColecoVision - 1982),0.00,0
Super Cobra (ColecoVision - 1984),4.67,3
Boulder Dash (ColecoVision - 1984),4.47,17
Bump 'N' Jump (ColecoVision - 1984),3.67,3
Omega Race (ColecoVision - 1983),4.17,6
Cabbage Patch Kids Adventures in the Park (ColecoVision - 1984),4.17,6
Star Trek: Strategic Operations Simulator (ColecoVision - 1984),4.17,6
Chuck Norris Superkicks (ColecoVision - 1983),1.00,2
Jumpman Junior (ColecoVision - 1984),4.56,9
One-on-One (ColecoVision - 1985),4.33,15
Popeye (ColecoVision - 1983),5.00,6
The Heist (ColecoVision - 1984),5.00,1
Mr. Do!'s Castle (ColecoVision - 1984),3.50,2
Front Line (ColecoVision - 1983),5.00,2
Cosmic Avenger (ColecoVision - 1982),5.00,1
Space Fury (ColecoVision - 1982),0.00,0
Star Wars (ColecoVision - 1984),4.50,38
Pitstop (ColecoVision - 1983),4.50,4
Escape from the Mindmaster (ColecoVision - 1990),5.00,1
Gyruss (ColecoVision - 1984),4.83,6
Blockade Runner (ColecoVision - 1984),5.00,1
James Bond 007 (ColecoVision - 1984),4.86,7
Sammy Lightfoot (ColecoVision - 1984),2.67,3
Quest for Quintana Roo (ColecoVision - 1984),5.00,1
Congo Bongo (ColecoVision - 1984),4.21,14
Pepper II (ColecoVision - 1983),3.67,3
Time Pilot (ColecoVision - 1983),4.60,5
Frenzy (ColecoVision - 1983),4.50,2
Motocross Racer (ColecoVision - 1984),5.00,1
Q*bert's Qubes (ColecoVision - 1985),0.00,0
Looping (ColecoVision - 1983),4.50,2
Pitfall II: Lost Caverns (ColecoVision - 1984),4.57,7
Squish 'Em (ColecoVision - 1984),4.00,3
Super Action Baseball (ColecoVision - 1983),4.50,2
Gateway to Apshai (ColecoVision - 1984),4.00,5
Sewer Sam (ColecoVision - 1984),0.00,0
Robin Hood (ColecoVision - 1984),1.00,1
BurgerTime (ColecoVision - 1984),4.36,31
SubRoc 3-D (ColecoVision - 1983),5.00,1
Up 'n Down (ColecoVision - 1984),4.00,5
Galaxian (ColecoVision - 1984),4.26,42
Gorf (ColecoVision - 1983),4.29,7
The Activision Decathlon (ColecoVision - 1984),4.67,3
Jungle Hunt (ColecoVision - 1984),4.47,19
Tapper (ColecoVision - 1984),4.37,30
Mountain King (ColecoVision - 1984),4.50,2
Pitfall! (ColecoVision - 1984),4.48,21
The Dukes of Hazzard (ColecoVision - 1984),5.00,2
Roc 'N Rope (ColecoVision - 1984),4.00,1
Frogger II: ThreeeDeep! (ColecoVision - 1984),5.00,7
Antarctic Adventure (ColecoVision - 1984),3.33,3
Mr. Do! (ColecoVision - 1983),5.00,1
Destructor (ColecoVision - 1984),0.00,0
Space Panic (ColecoVision - 1983),3.50,2
Wing War (ColecoVision - 1984),5.00,2
Lady Bug (ColecoVision - 1982),4.19,16
Rocky Super Action Boxing (ColecoVision - 1983),4.60,5
Slither (ColecoVision - 1983),0.00,0
Alcazar: The Forgotten Fortress (ColecoVision - 1985),4.67,3
Nova Blast (ColecoVision - 1983),0.00,0
Turbo (ColecoVision - 1982),5.00,1
Chess Challenger (ColecoVision - 1983),5.00,1
Dragonfire (ColecoVision - 1984),3.33,3
Super Action Football (ColecoVision - 1984),4.00,1
Beamrider (ColecoVision - 1984),5.00,1
BC's Quest for Tires (ColecoVision - 1983),4.63,16
Evolution (ColecoVision - 1983),4.71,7
Mouse Trap (ColecoVision - 1982),5.00,1
Centipede (ColecoVision - 1983),4.71,7
Miner 2049er (ColecoVision - 1983),4.20,15
Oil's Well (ColecoVision - 1984),3.75,4
B.C. II: Grog's Revenge (ColecoVision - 1985),4.83,6
Smurf: Rescue in Gargamel's Castle (ColecoVision - 1982),3.20,5
Tournament Tennis (ColecoVision - 1984),3.13,8
Moonsweeper (ColecoVision - 1984),0.00,0
River Raid (ColecoVision - 1984),5.00,14
Defender (ColecoVision - 1983),4.19,16
Spy Hunter (ColecoVision - 1985),4.47,17
Tomarc the Barbarian (ColecoVision - 1984),0.00,0
Tutankham (ColecoVision - 1984),4.50,4
