Title,Average Rating,Number of Ratings
2010: The Graphic Action Game (ColecoVision - 1984),1.67,3
Alcazar: The Forgotten Fortress (ColecoVision - 1985),0.00,0
Antarctic Adventure (ColecoVision - 1984),1.00,1
Aquattack (ColecoVision - 1984),0.00,0
Artillery Duel (ColecoVision - 1983),4.00,3
B.C. II: Grog's Revenge (ColecoVision - 1984),5.00,2
BC's Quest for Tires (ColecoVision - 1983),4.57,7
Beamrider (ColecoVision - 1983),5.00,1
Blockade Runner (ColecoVision - 1984),5.00,1
Boulder Dash (ColecoVision - 1984),5.00,6
Buck Rogers: Planet of Zoom (ColecoVision - 1984),4.59,12
Bump 'N' Jump (ColecoVision - 1984),1.00,1
BurgerTime (ColecoVision - 1984),4.21,19
Cabbage Patch Kids Adventures in the Park (ColecoVision - 1984),3.67,3
Carnival (ColecoVision - 1982),3.00,2
Centipede (ColecoVision - 1983),5.00,2
Choplifter! (ColecoVision - 1984),3.50,2
Chuck Norris Superkicks (ColecoVision - 1983),1.00,1
Congo Bongo (ColecoVision - 1984),4.20,10
Cosmic Avenger (ColecoVision - 1982),0.00,0
Defender (ColecoVision - 1983),4.13,15
Destructor (ColecoVision - 1984),0.00,0
Donkey Kong (ColecoVision - 1982),4.38,122
Donkey Kong Junior (ColecoVision - 1983),5.00,1
Dragonfire (ColecoVision - 1984),2.00,1
Escape from the Mindmaster (ColecoVision - 1990),5.00,1
Evolution (ColecoVision - 1983),4.75,4
Fathom (ColecoVision - 1983),0.00,0
Frantic Freddy (ColecoVision - 1983),0.00,0
Frenzy (ColecoVision - 1983),0.00,0
Frogger (ColecoVision - 1983),4.20,20
Frogger II: ThreeeDeep! (ColecoVision - 1984),5.00,5
Front Line (ColecoVision - 1983),0.00,0
Galaxian (ColecoVision - 1983),4.06,30
Gateway to Apshai (ColecoVision - 1984),3.00,1
Gorf (ColecoVision - 1983),4.67,3
Gyruss (ColecoVision - 1984),4.67,3
H.E.R.O. (ColecoVision - 1984),4.00,2
James Bond 007 (ColecoVision - 1984),4.00,1
Jumpman Junior (ColecoVision - 1984),4.50,2
Jungle Hunt (ColecoVision - 1983),4.27,11
Ken Uston BlackJack/Poker (ColecoVision - 1983),0.00,0
Keystone Kapers (ColecoVision - 1984),5.00,3
Lady Bug (ColecoVision - 1982),4.00,1
Looping (ColecoVision - 1983),4.00,1
Miner 2049er (ColecoVision - 1983),4.60,10
Montezuma's Revenge (ColecoVision - 1984),4.35,49
Moonsweeper (ColecoVision - 1983),0.00,0
Motocross Racer (ColecoVision - 1984),5.00,1
Mountain King (ColecoVision - 1984),0.00,0
Mouse Trap (ColecoVision - 1982),0.00,0
Mr. Do! (ColecoVision - 1983),5.00,1
Mr. Do!'s Castle (ColecoVision - 1984),3.00,1
Nova Blast (ColecoVision - 1983),0.00,0
Oil's Well (ColecoVision - 1984),4.50,2
Omega Race (ColecoVision - 1983),4.50,2
One-on-One (ColecoVision - 1984),4.28,14
Pepper II (ColecoVision - 1983),0.00,0
Pitfall II: Lost Caverns (ColecoVision - 1984),4.25,4
Pitfall! (ColecoVision - 1983),4.44,9
Pitstop (ColecoVision - 1983),5.00,2
Popeye (ColecoVision - 1983),5.00,5
Q*bert's Qubes (ColecoVision - 1984),0.00,0
Quest for Quintana Roo (ColecoVision - 1983),0.00,0
River Raid (ColecoVision - 1984),5.00,1
Robin Hood (ColecoVision - 1984),1.00,1
Roc 'N Rope (ColecoVision - 1984),0.00,0
Rock n' Bolt (ColecoVision - 1985),5.00,1
Rocky Super Action Boxing (ColecoVision - 1983),0.00,0
Sammy Lightfoot (ColecoVision - 1983),3.50,2
Sewer Sam (ColecoVision - 1984),0.00,0
Sir Lancelot (ColecoVision - 1983),0.00,0
Slither (ColecoVision - 1983),0.00,0
Smurf: Rescue in Gargamel's Castle (ColecoVision - 1982),5.00,1
Space Fury (ColecoVision - 1982),0.00,0
Space Panic (ColecoVision - 1983),0.00,0
Spectron (ColecoVision - 1983),0.00,0
Spy Hunter (ColecoVision - 1984),4.45,11
Squish 'Em (ColecoVision - 1984),0.00,0
Star Trek: Strategic Operations Simulator (ColecoVision - 1984),4.67,3
Star Wars (ColecoVision - 1984),4.46,24
SubRoc 3-D (ColecoVision - 1983),0.00,0
Super Action Baseball (ColecoVision - 1983),4.50,2
Super Action Football (ColecoVision - 1984),0.00,0
Super Cobra (ColecoVision - 1983),0.00,0
Tapper (ColecoVision - 1984),4.36,14
The Activision Decathlon (ColecoVision - 1984),4.50,2
The Dam Busters (ColecoVision - 1984),4.80,10
The Dukes of Hazzard (ColecoVision - 1984),5.00,1
The Heist (ColecoVision - 1984),5.00,1
Threshold (ColecoVision - 1983),0.00,0
Time Pilot (ColecoVision - 1983),5.00,2
Tomarc the Barbarian (ColecoVision - 1984),0.00,0
Tournament Tennis (ColecoVision - 1984),3.00,6
Turbo (ColecoVision - 1982),0.00,0
Tutankham (ColecoVision - 1983),0.00,0
Up 'n Down (ColecoVision - 1984),3.00,2
Venture (ColecoVision - 1982),3.00,1
Victory (ColecoVision - 1983),0.00,0
WarGames (ColecoVision - 1984),5.00,3
Wing War (ColecoVision - 1983),0.00,0
Zaxxon (ColecoVision - 1982),4.61,23
Zenji (ColecoVision - 1984),0.00,0
