Title,Average Rating,Number of Ratings
Star Wars (ColecoVision - 1984),4.47,36
The Dam Busters (ColecoVision - 1985),4.80,10
Robin Hood (ColecoVision - 1984),1.00,1
Chess Challenger (ColecoVision - 1983),5.00,1
Rocky Super Action Boxing (ColecoVision - 1983),4.33,3
Pepper II (ColecoVision - 1983),3.67,3
River Raid (ColecoVision - 1984),5.00,12
WarGames (ColecoVision - 1984),5.00,4
Jumpman Junior (ColecoVision - 1984),4.43,7
Aquattack (ColecoVision - 1984),0.00,0
Destructor (ColecoVision - 1984),0.00,0
Wing War (ColecoVision - 1984),5.00,2
Carnival (ColecoVision - 1982),3.33,3
Lady Bug (ColecoVision - 1982),4.19,16
Sir Lancelot (ColecoVision - 1983),5.00,1
Space Panic (ColecoVision - 1983),3.50,2
Choplifter! (ColecoVision - 1985),4.36,11
Bump 'N' Jump (ColecoVision - 1984),3.67,3
Gateway to Apshai (ColecoVision - 1984),3.75,4
BC's Quest for Tires (ColecoVision - 1983),4.63,16
Montezuma's Revenge (ColecoVision - 1984),4.40,57
Sewer Sam (ColecoVision - 1984),0.00,0
The Dukes of Hazzard (ColecoVision - 1984),5.00,2
Front Line (ColecoVision - 1983),5.00,2
Cosmic Avenger (ColecoVision - 1982),5.00,1
Super Action Football (ColecoVision - 1984),0.00,0
Mr. Do!'s Castle (ColecoVision - 1984),3.00,1
Dragonfire (ColecoVision - 1984),3.33,3
Gorf (ColecoVision - 1983),4.50,6
Pitfall! (ColecoVision - 1984),4.45,20
Tapper (ColecoVision - 1984),4.44,27
Sammy Lightfoot (ColecoVision - 1984),2.67,3
Tomarc the Barbarian (ColecoVision - 1984),0.00,0
Mountain King (ColecoVision - 1984),4.00,1
2010: The Graphic Action Game (ColecoVision - 1985),3.75,8
Up 'n Down (ColecoVision - 1984),4.00,5
Oil's Well (ColecoVision - 1984),4.67,3
Jungle Hunt (ColecoVision - 1984),4.47,19
Defender (ColecoVision - 1983),4.19,16
Slither (ColecoVision - 1983),0.00,0
One-on-One (ColecoVision - 1985),4.33,15
Smurf: Rescue in Gargamel's Castle (ColecoVision - 1982),3.33,3
Zaxxon (ColecoVision - 1982),4.56,34
Super Action Baseball (ColecoVision - 1983),4.50,2
Frantic Freddy (ColecoVision - 1983),0.00,0
Congo Bongo (ColecoVision - 1984),4.21,14
B.C. II: Grog's Revenge (ColecoVision - 1985),5.00,3
Zenji (ColecoVision - 1984),0.00,0
Spectron (ColecoVision - 1983),0.00,0
Omega Race (ColecoVision - 1983),4.60,5
Miner 2049er (ColecoVision - 1983),4.15,13
Frogger (ColecoVision - 1983),4.16,32
Super Cobra (ColecoVision - 1984),4.67,3
Roc 'N Rope (ColecoVision - 1984),4.00,1
Donkey Kong (ColecoVision - 1982),4.37,140
Q*bert's Qubes (ColecoVision - 1985),0.00,0
Spy Hunter (ColecoVision - 1985),4.47,17
Popeye (ColecoVision - 1983),5.00,6
Squish 'Em (ColecoVision - 1984),4.00,3
Tournament Tennis (ColecoVision - 1984),3.13,8
Looping (ColecoVision - 1983),4.50,2
Pitstop (ColecoVision - 1983),4.50,4
Centipede (ColecoVision - 1983),5.00,6
Chuck Norris Superkicks (ColecoVision - 1983),1.00,2
Frenzy (ColecoVision - 1983),5.00,1
Boulder Dash (ColecoVision - 1984),4.69,13
Space Fury (ColecoVision - 1982),0.00,0
SubRoc 3-D (ColecoVision - 1983),5.00,1
Victory (ColecoVision - 1983),0.00,0
Galaxian (ColecoVision - 1984),4.25,40
Time Pilot (ColecoVision - 1983),4.60,5
Motocross Racer (ColecoVision - 1984),5.00,1
Mr. Do! (ColecoVision - 1983),5.00,1
Alcazar: The Forgotten Fortress (ColecoVision - 1985),4.67,3
Turbo (ColecoVision - 1982),5.00,1
Keystone Kapers (ColecoVision - 1984),5.00,3
Gyruss (ColecoVision - 1984),4.83,6
Artillery Duel (ColecoVision - 1983),4.17,6
H.E.R.O. (ColecoVision - 1984),4.09,11
Escape from the Mindmaster (ColecoVision - 1990),5.00,1
Quest for Quintana Roo (ColecoVision - 1984),5.00,1
Evolution (ColecoVision - 1983),4.60,5
Frogger II: ThreeeDeep! (ColecoVision - 1984),5.00,7
The Heist (ColecoVision - 1984),5.00,1
Cabbage Patch Kids Adventures in the Park (ColecoVision - 1984),4.17,6
Venture (ColecoVision - 1982),3.75,4
Ken Uston BlackJack/Poker (ColecoVision - 1982),0.00,0
The Activision Decathlon (ColecoVision - 1984),4.67,3
Star Trek: Strategic Operations Simulator (ColecoVision - 1984),4.17,6
Pitfall II: Lost Caverns (ColecoVision - 1984),4.57,7
Fathom (ColecoVision - 1984),0.00,0
Threshold (ColecoVision - 1984),5.00,1
BurgerTime (ColecoVision - 1984),4.35,29
Tutankham (ColecoVision - 1984),5.00,2
Blockade Runner (ColecoVision - 1984),5.00,1
Nova Blast (ColecoVision - 1983),0.00,0
Antarctic Adventure (ColecoVision - 1984),3.33,3
Mouse Trap (ColecoVision - 1982),5.00,1
Rock n' Bolt (ColecoVision - 1985),5.00,1
James Bond 007 (ColecoVision - 1984),4.86,7
Moonsweeper (ColecoVision - 1984),0.00,0
Buck Rogers: Planet of Zoom (ColecoVision - 1984),4.65,14
Beamrider (ColecoVision - 1984),5.00,1
