Title,Average Rating,Number of Ratings
Crazy Golf (Commodore 16 - 1984),0.00,0
Punchy (Commodore 16 - 1984),0.00,0
Mercenary: Escape from Targ - The Second City (Commodore 16 - 1986),5.00,2
The Survivors (Commodore 16 - 1987),0.00,0
Tomb of Tarrabash (Commodore 16 - 1985),0.00,0
Booty (Commodore 16 - 1986),4.50,4
Kikstart: Off-Road Simulator (Commodore 16 - 1986),5.00,3
Indoor Soccer (Commodore 16 - 1987),5.00,1
Championship Wrestling (Commodore 16 - 1987),5.00,2
Matrix and Laserzone (Commodore 16 - 1986),0.00,0
Street Olympics (Commodore 16 - 1986),5.00,1
Quick Draw (Commodore 16 - 1985),0.00,0
Storm (Commodore 16 - 1986),5.00,5
Canoe Slalom (Commodore 16 - 1985),0.00,0
Cuthbert Enters the Tombs Of Doom (Commodore 16 - 1984),1.00,1
Reach for the Sky (Commodore 16 - 1986),0.00,0
Mercenary (Commodore 16 - 1986),5.00,5
Fortress Underground (Commodore 16 - 1987),3.50,2
Karate King (Commodore 16 - 1986),5.00,1
Rescue From Zylon (Commodore 16 - 1986),5.00,2
Pheenix (Commodore 16 - 1986),0.00,0
Formula 1 Simulator (Commodore 16 - 1985),0.00,0
3-D Glooper (Commodore 16 - 1985),4.18,11
Locomotion (Commodore 16 - 1985),5.00,2
Sword of Destiny (Commodore 16 - 1985),0.00,0
Number Chaser (Commodore 16 - 1985),5.00,1
Battle (Commodore 16 - 1987),0.00,0
GWNN (Commodore 16 - 1987),0.00,0
Harbour Attack (Commodore 16 - 1984),5.00,1
Death Race (Commodore 16 - 1985),4.00,2
Jetbrix (Commodore 16 - 1986),0.00,0
Dizasterblaster (Commodore 16 - 1987),0.00,0
Minnesota Fats' Pool Challenge (Commodore 16 - 1985),0.00,0
Auto Zone (Commodore 16 - 1987),0.00,0
Spiky Harold (Commodore 16 - 1986),5.00,1
Rush'n Attack (Commodore 16 - 1989),3.90,30
Taskforce (Commodore 16 - 1989),4.00,1
Out on a Limb (Commodore 16 - 1984),3.50,2
Rig Attack (Commodore 16 - 1984),1.00,1
Berks (Commodore 16 - 1985),4.00,1
Into the Deep (Commodore 16 - 1986),0.00,0
Oblido (Commodore 16 - 1986),5.00,1
Cops n' Robbers (Commodore 16 - 1986),5.00,2
Sea Strike (Commodore 16 - 1985),4.00,1
Video Meanies (Commodore 16 - 1986),0.00,0
Jet Set Willy (Commodore 16 - 1986),4.50,2
The Chip Factory (Commodore 16 - 1986),0.00,0
Gullwing Falcon (Commodore 16 - 1985),5.00,1
Dirty Den (Commodore 16 - 1986),5.00,1
Petch (Commodore 16 - 1985),4.00,2
Ghost Town (Commodore 16 - 1985),4.50,2
Arena 3000 (Commodore 16 - 1985),5.00,1
Zodiac (Commodore 16 - 1985),0.00,0
Dizzy Dice (Commodore 16 - 1987),3.67,3
Icicle Works (Commodore 16 - 1985),3.20,10
Dingbat (Commodore 16 - 1988),0.00,0
Chipy (Commodore 16 - 1989),0.00,0
Number Builder (Commodore 16 - 1985),0.00,0
Savage Island (Commodore 16 - 1986),5.00,1
Aardvark (Commodore 16 - 1986),0.00,0
Diamond Mine II (Commodore 16 - 1987),0.00,0
Tom (Commodore 16 - 1986),5.00,1
ACE: Air Combat Emulator (Commodore 16 - 1985),4.00,11
Fiends (Commodore 16 - 1987),4.00,1
Tazz (Commodore 16 - 1986),0.00,0
Liberator (Commodore 16 - 1987),5.00,1
Olympic Skier (Commodore 16 - 1985),5.00,1
Demolition (Commodore 16 - 1987),0.00,0
Chopper War (Commodore 16 - 1986),0.00,0
Blaze (Commodore 16 - 1985),5.00,1
Commando (Commodore 16 - 1986),4.41,22
Who Dares Wins II (Commodore 16 - 1986),5.00,4
Torpedo Alley (Commodore 16 - 1986),5.00,1
Baby Berks (Commodore 16 - 1985),0.00,0
Blagger (Commodore 16 - 1985),4.50,4
Falcon Patrol (Commodore 16 - 1986),3.71,7
Legionnaire (Commodore 16 - 1986),4.00,1
Aliens: The Computer Game (Commodore 16 - 1987),4.25,12
Ninja Master (Commodore 16 - 1986),3.00,2
P.O.D.: Proof of Destruction (Commodore 16 - 1986),5.00,1
Pin Point (Commodore 16 - 1986),0.00,0
Starforce Nova (Commodore 16 - 1987),0.00,0
Steve Davis Snooker (Commodore 16 - 1985),0.00,0
The Exploits of Fingers Malone (Commodore 16 - 1986),4.00,2
Wimbledon (Commodore 16 - 1986),0.00,0
Fire Ant (Commodore 16 - 1984),5.00,5
Kung-Fu Kid (Commodore 16 - 1986),5.00,1
Project Nova (Commodore 16 - 1986),0.00,0
Champions! (Commodore 16 - 1987),2.17,6
Crillion (Commodore 16 - 1989),0.00,0
Killapede (Commodore 16 - 1986),0.00,0
Xargon's Revenge (Commodore 16 - 1985),5.00,1
Bandits at Zero (Commodore 16 - 1986),3.00,1
Spectipede (Commodore 16 - 1985),0.00,0
Skramble (Commodore 16 - 1984),4.75,4
Speed King (Commodore 16 - 1986),5.00,2
Death River (Commodore 16 - 1986),0.00,0
Tomcat (Commodore 16 - 1989),5.00,1
Tutti Frutti (Commodore 16 - 1985),5.00,3
Two to One (Commodore 16 - 1990),0.00,0
Wolf Pack (Commodore 16 - 1985),0.00,0
Monty on the Run (Commodore 16 - 1986),4.71,7
Rockman (Commodore 16 - 1985),4.33,3
Emerald Mine II (Commodore 16 - 1989),0.00,0
Treasure Hunter (Commodore 16 - 1986),0.00,0
Treasure Island (Commodore 16 - 1985),5.00,3
Diamond Mine (Commodore 16 - 1985),0.00,0
Diagon (Commodore 16 - 1984),0.00,0
Maniax (Commodore 16 - 1988),0.00,0
Molecule Man (Commodore 16 - 1987),0.00,0
Petals of Doom (Commodore 16 - 1985),0.00,0
Xargon Wars (Commodore 16 - 1984),4.25,4
Reflex (Commodore 16 - 1988),0.00,0
1k-mini-bdash (Commodore 16 - 2008),5.00,4
Goldrush (Commodore 16 - 1986),3.00,1
Robo Knight (Commodore 16 - 1986),0.00,0
Monkey Magic (Commodore 16 - 1985),5.00,1
Roller Kong (Commodore 16 - 1985),0.00,0
Exorcist (Commodore 16 - 1984),5.00,1
One Man and His Droid (Commodore 16 - 1986),5.00,2
Cuthbert in Space (Commodore 16 - 1985),0.00,0
Finders Keepers (Commodore 16 - 1986),4.50,2
Thai Boxing (Commodore 16 - 1985),3.00,2
BMX Racers (Commodore 16 - 1985),3.00,1
Panik! (Commodore 16 - 1986),0.00,0
Zagan Warrior (Commodore 16 - 1986),0.00,0
Kane (Commodore 16 - 1986),5.00,2
Cruncher (Commodore 16 - 1985),0.00,0
Ikari Warriors (Commodore 16 - 1987),4.31,26
Airwolf 2 (Commodore 16 - 1989),5.00,1
Moon Buggy (Commodore 16 - 1985),4.25,4
PaperBoy (Commodore 16 - 1986),4.44,25
Corman (Commodore 16 - 1985),0.00,0
Mr. Puniverse (Commodore 16 - 1986),4.67,3
Raffles (Commodore 16 - 1985),0.00,0
Apollo Rescue (Commodore 16 - 1985),0.00,0
Droid One (Commodore 16 - 1986),0.00,0
Zolyx (Commodore 16 - 1987),5.00,1
Fury (Commodore 16 - 1986),0.00,0
Grandmaster (Commodore 16 - 1985),4.67,3
Trailblazer (Commodore 16 - 1986),2.00,1
Guzzler (Commodore 16 - 1986),4.00,1
Pharaoh's Tomb (Commodore 16 - 1986),5.00,1
Runner (Commodore 16 - 1986),0.00,0
Las Vegas Video Poker (Commodore 16 - 1986),3.00,3
Eoroid Professional (Commodore 16 - 1994),0.00,0
Yie Ar Kung-Fu (Commodore 16 - 1986),5.00,5
World Cup (Commodore 16 - 1985),0.00,0
Future Knight (Commodore 16 - 1986),3.00,1
Purple Turtles (Commodore 16 - 1984),3.33,3
Climb-It (Commodore 16 - 1984),0.00,0
Auf Wiedersehen Monty (Commodore 16 - 1987),5.00,1
Megabolts (Commodore 16 - 1986),0.00,0
Manic Death Chase (Commodore 16 - 1985),0.00,0
Atlantis (Commodore 16 - 1985),2.00,1
Major Blink: Berks 2 (Commodore 16 - 1985),0.00,0
Auriga (Commodore 16 - 1986),5.00,2
Tube Runner (Commodore 16 - 1988),5.00,1
Arthur Noid (Commodore 16 - 1988),0.00,0
Twin Kingdom Valley (Commodore 16 - 1985),5.00,2
Footballer of the Year (Commodore 16 - 1986),4.75,4
Pacmania (Commodore 16 - 1985),4.00,8
Phantom (Commodore 16 - 1987),0.00,0
Thrust (Commodore 16 - 1987),4.00,4
Alien Attack (Commodore 16 - 1985),5.00,1
Mayhem (Commodore 16 - 1984),0.00,0
Tycoon Tex (Commodore 16 - 1985),3.00,1
Timeslip (Commodore 16 - 1985),5.00,2
Spore (Commodore 16 - 1987),0.00,0
Pancho (Commodore 16 - 1985),0.00,0
Superstar Indoor Sports (Commodore 16 - 1988),5.00,5
Saboteur (Commodore 16 - 1986),4.80,5
Battlestar (Commodore 16 - 1987),5.00,1
'g'man (Commodore 16 - 1986),4.00,2
Frenesis (Commodore 16 - 1987),0.00,0
Gunslinger (Commodore 16 - 1984),5.00,1
Cave Fighter (Commodore 16 - 1985),5.00,1
Vegas Jackpot (Commodore 16 - 1985),4.00,4
Harvey Headbanger (Commodore 16 - 1986),0.00,0
Suicide Run (Commodore 16 - 1985),3.00,1
Prospector Pete (Commodore 16 - 1986),0.00,0
Bomb Jack II (Commodore 16 - 1986),4.00,3
3D Quasars (Commodore 16 - 1986),5.00,1
Bridgehead (Commodore 16 - 1986),4.00,1
Leaper (Commodore 16 - 1986),5.00,1
Dork's Dilemma? (Commodore 16 - 1985),0.00,0
Terra Cognita (Commodore 16 - 1986),5.00,1
Room Ten (Commodore 16 - 1987),0.00,0
ACE 2 (Commodore 16 - 1987),4.20,5
European Games (Commodore 16 - 1987),5.00,1
The Return of Rockman (Commodore 16 - 1986),0.00,0
Kung-Fu: The Way of the Exploding Fist (Commodore 16 - 1986),4.88,8
Spy vs Spy (Commodore 16 - 1987),4.48,29
3D Time Trek (Commodore 16 - 1985),4.63,8
Astro Plumber (Commodore 16 - 1987),5.00,1
Blockbusters (Commodore 16 - 1986),5.00,2
Powerball (Commodore 16 - 1986),0.00,0
Bubble Trouble (Commodore 16 - 1987),5.00,1
Arrow of Death: Part I (Commodore 16 - 1985),5.00,2
Berks 3: They're Angry! (Commodore 16 - 1985),5.00,2
Loco-Coco (Commodore 16 - 1986),5.00,1
Airwolf (Commodore 16 - 1985),3.67,6
BMX Simulator (Commodore 16 - 1986),4.43,7
Galaxy (Commodore 16 - 1985),4.00,1
Emerald Mine (Commodore 16 - 1987),0.00,0
Solar Star (Commodore 16 - 1987),0.00,0
Bongo (Commodore 16 - 1986),3.00,1
0 and x (Commodore 16 - 1986),4.80,10
Cyborg (Commodore 16 - 1985),0.00,0
Jack Attack (Commodore 16 - 1984),4.20,10
Las Vegas (Commodore 16 - 1984),0.00,0
Space Sweep & Invaders (Commodore 16 - 1984),0.00,0
The Magicians Curse (Commodore 16 - 1986),5.00,1
Danger Zone (Commodore 16 - 1986),0.00,0
Shark (Commodore 16 - 1986),0.00,0
Squirm (Commodore 16 - 1985),5.00,1
