Title,Average Rating,Number of Ratings
Harbour Attack (Commodore 16 - 1984),5.00,1
P.O.D.: Proof of Destruction (Commodore 16 - 1986),5.00,1
Squirm (Commodore 16 - 1985),5.00,2
Emerald Mine (Commodore 16 - 1987),0.00,0
Major Blink: Berks 2 (Commodore 16 - 1985),0.00,0
Galaxy (Commodore 16 - 1985),4.00,1
Pancho (Commodore 16 - 1985),0.00,0
Shark (Commodore 16 - 1986),0.00,0
Robo Knight (Commodore 16 - 1986),0.00,0
Out on a Limb (Commodore 16 - 1984),3.50,2
The Exploits of Fingers Malone (Commodore 16 - 1986),4.00,2
Rush'n Attack (Commodore 16 - 1989),3.90,31
Las Vegas (Commodore 16 - 1984),0.00,0
Goldrush (Commodore 16 - 1986),3.00,1
Liberator (Commodore 16 - 1987),5.00,1
1k-mini-bdash (Commodore 16 - 2008),5.00,4
Treasure Island (Commodore 16 - 1985),5.00,4
Tutti Frutti (Commodore 16 - 1985),5.00,4
Crillion (Commodore 16 - 1989),5.00,1
Formula 1 Simulator (Commodore 16 - 1985),0.00,0
Kung-Fu: The Way of the Exploding Fist (Commodore 16 - 1986),4.89,9
Tazz (Commodore 16 - 1986),0.00,0
Zodiac (Commodore 16 - 1985),0.00,0
Zolyx (Commodore 16 - 1987),5.00,1
Bandits at Zero (Commodore 16 - 1986),3.00,1
Kane (Commodore 16 - 1986),5.00,2
Sea Strike (Commodore 16 - 1985),4.00,1
Tube Runner (Commodore 16 - 1988),5.00,1
Tycoon Tex (Commodore 16 - 1985),3.00,1
Suicide Run (Commodore 16 - 1985),3.00,1
Guzzler (Commodore 16 - 1986),4.00,1
ACE: Air Combat Emulator (Commodore 16 - 1985),4.08,12
Karate King (Commodore 16 - 1986),5.00,1
Locomotion (Commodore 16 - 1985),5.00,2
Punchy (Commodore 16 - 1984),0.00,0
Monty on the Run (Commodore 16 - 1986),4.71,7
Raffles (Commodore 16 - 1985),0.00,0
Chipy (Commodore 16 - 1989),0.00,0
Death River (Commodore 16 - 1986),0.00,0
Fortress Underground (Commodore 16 - 1987),3.50,2
Gullwing Falcon (Commodore 16 - 1985),5.00,1
Storm (Commodore 16 - 1986),5.00,5
Savage Island (Commodore 16 - 1986),5.00,1
Dingbat (Commodore 16 - 1988),0.00,0
Auto Zone (Commodore 16 - 1987),0.00,0
0 and x (Commodore 16 - 1986),4.80,10
Thai Boxing (Commodore 16 - 1985),3.00,2
Blaze (Commodore 16 - 1985),5.00,1
Arthur Noid (Commodore 16 - 1988),0.00,0
3D Quasars (Commodore 16 - 1986),5.00,1
Future Knight (Commodore 16 - 1986),3.00,1
Reflex (Commodore 16 - 1988),0.00,0
Atlantis (Commodore 16 - 1985),2.00,1
Quick Draw (Commodore 16 - 1985),0.00,0
Booty (Commodore 16 - 1986),4.50,4
Rockman (Commodore 16 - 1985),4.33,3
Pacmania (Commodore 16 - 1985),4.11,9
Cuthbert Enters the Tombs Of Doom (Commodore 16 - 1984),1.00,1
Tomb of Tarrabash (Commodore 16 - 1985),0.00,0
Wimbledon (Commodore 16 - 1986),0.00,0
Superstar Indoor Sports (Commodore 16 - 1988),5.00,6
Xargon Wars (Commodore 16 - 1984),4.25,4
Into the Deep (Commodore 16 - 1986),0.00,0
Cuthbert in Space (Commodore 16 - 1985),0.00,0
Ghost Town (Commodore 16 - 1985),4.50,2
Aardvark (Commodore 16 - 1986),0.00,0
Battlestar (Commodore 16 - 1987),5.00,1
Frenesis (Commodore 16 - 1987),0.00,0
Jack Attack (Commodore 16 - 1984),4.31,13
Manic Death Chase (Commodore 16 - 1985),0.00,0
Saboteur (Commodore 16 - 1986),4.80,5
Fury (Commodore 16 - 1986),0.00,0
Killapede (Commodore 16 - 1986),0.00,0
Space Sweep & Invaders (Commodore 16 - 1984),0.00,0
World Cup (Commodore 16 - 1985),0.00,0
Phantom (Commodore 16 - 1987),0.00,0
3D Time Trek (Commodore 16 - 1985),4.63,8
Kikstart: Off-Road Simulator (Commodore 16 - 1986),5.00,3
Roller Kong (Commodore 16 - 1985),1.00,1
Dizzy Dice (Commodore 16 - 1987),3.67,3
Tom (Commodore 16 - 1986),5.00,2
Emerald Mine II (Commodore 16 - 1989),0.00,0
Reach for the Sky (Commodore 16 - 1986),0.00,0
Diagon (Commodore 16 - 1984),0.00,0
Panik! (Commodore 16 - 1986),0.00,0
Auriga (Commodore 16 - 1986),5.00,2
Footballer of the Year (Commodore 16 - 1986),4.40,5
Battle (Commodore 16 - 1987),0.00,0
Droid One (Commodore 16 - 1986),0.00,0
Petals of Doom (Commodore 16 - 1985),0.00,0
Blagger (Commodore 16 - 1985),4.50,4
Blockbusters (Commodore 16 - 1986),5.00,2
Exorcist (Commodore 16 - 1984),5.00,1
Olympic Skier (Commodore 16 - 1985),5.00,1
Dizasterblaster (Commodore 16 - 1987),0.00,0
Crazy Golf (Commodore 16 - 1984),5.00,1
Mercenary (Commodore 16 - 1986),5.00,5
Runner (Commodore 16 - 1986),0.00,0
Pharaoh's Tomb (Commodore 16 - 1986),5.00,1
PaperBoy (Commodore 16 - 1986),4.37,27
Maniax (Commodore 16 - 1988),0.00,0
Ninja Master (Commodore 16 - 1986),3.00,3
Terra Cognita (Commodore 16 - 1986),5.00,1
Climb-It (Commodore 16 - 1984),0.00,0
Cave Fighter (Commodore 16 - 1985),5.00,1
Ikari Warriors (Commodore 16 - 1987),4.31,29
Bongo (Commodore 16 - 1986),3.00,1
Mr. Puniverse (Commodore 16 - 1986),4.25,4
The Survivors (Commodore 16 - 1987),0.00,0
The Return of Rockman (Commodore 16 - 1986),0.00,0
Airwolf 2 (Commodore 16 - 1989),4.00,2
Leaper (Commodore 16 - 1986),5.00,1
Spiky Harold (Commodore 16 - 1986),5.00,1
Loco-Coco (Commodore 16 - 1986),5.00,1
Skramble (Commodore 16 - 1984),4.75,4
Fiends (Commodore 16 - 1987),4.00,1
Demolition (Commodore 16 - 1987),0.00,0
3-D Glooper (Commodore 16 - 1985),3.92,12
Chopper War (Commodore 16 - 1986),0.00,0
Two to One (Commodore 16 - 1990),0.00,0
Cops n' Robbers (Commodore 16 - 1986),4.80,5
Powerball (Commodore 16 - 1986),5.00,1
ACE 2 (Commodore 16 - 1987),4.20,5
Commando (Commodore 16 - 1986),4.44,25
Aliens: The Computer Game (Commodore 16 - 1987),4.33,15
Purple Turtles (Commodore 16 - 1984),3.33,3
Corman (Commodore 16 - 1985),0.00,0
Wolf Pack (Commodore 16 - 1985),0.00,0
Diamond Mine (Commodore 16 - 1985),0.00,0
Timeslip (Commodore 16 - 1985),5.00,2
Astro Plumber (Commodore 16 - 1987),5.00,1
Indoor Soccer (Commodore 16 - 1987),5.00,1
Minnesota Fats' Pool Challenge (Commodore 16 - 1985),0.00,0
Canoe Slalom (Commodore 16 - 1985),0.00,0
Bridgehead (Commodore 16 - 1986),4.00,1
Diamond Mine II (Commodore 16 - 1987),5.00,1
Dork's Dilemma? (Commodore 16 - 1985),0.00,0
Starforce Nova (Commodore 16 - 1987),0.00,0
Legionnaire (Commodore 16 - 1986),4.00,1
BMX Simulator (Commodore 16 - 1986),4.44,9
Bubble Trouble (Commodore 16 - 1987),5.00,1
'g'man (Commodore 16 - 1986),4.50,4
Arrow of Death: Part I (Commodore 16 - 1985),5.00,2
Kung-Fu Kid (Commodore 16 - 1986),5.00,1
Harvey Headbanger (Commodore 16 - 1986),0.00,0
Monkey Magic (Commodore 16 - 1985),5.00,1
Icicle Works (Commodore 16 - 1985),3.31,13
Petch (Commodore 16 - 1985),4.00,2
Champions! (Commodore 16 - 1987),2.00,7
Spore (Commodore 16 - 1987),0.00,0
One Man and His Droid (Commodore 16 - 1986),5.00,2
Death Race (Commodore 16 - 1985),4.00,2
Spy vs Spy (Commodore 16 - 1987),4.42,33
Danger Zone (Commodore 16 - 1986),0.00,0
Berks (Commodore 16 - 1985),4.00,1
Cyborg (Commodore 16 - 1985),0.00,0
Molecule Man (Commodore 16 - 1987),0.00,0
Xargon's Revenge (Commodore 16 - 1985),5.00,1
Berks 3: They're Angry! (Commodore 16 - 1985),5.00,2
Matrix and Laserzone (Commodore 16 - 1986),0.00,0
Oblido (Commodore 16 - 1986),5.00,1
European Games (Commodore 16 - 1987),5.00,1
Rescue From Zylon (Commodore 16 - 1986),5.00,2
Megabolts (Commodore 16 - 1986),0.00,0
Cruncher (Commodore 16 - 1985),0.00,0
Yie Ar Kung-Fu (Commodore 16 - 1986),4.71,7
Bomb Jack II (Commodore 16 - 1986),4.00,3
Apollo Rescue (Commodore 16 - 1985),0.00,0
Solar Star (Commodore 16 - 1987),0.00,0
Who Dares Wins II (Commodore 16 - 1986),5.00,5
Rig Attack (Commodore 16 - 1984),1.00,1
Finders Keepers (Commodore 16 - 1986),4.50,2
Fire Ant (Commodore 16 - 1984),5.00,6
Baby Berks (Commodore 16 - 1985),0.00,0
Mayhem (Commodore 16 - 1984),0.00,0
Number Builder (Commodore 16 - 1985),0.00,0
GWNN (Commodore 16 - 1987),0.00,0
Spectipede (Commodore 16 - 1985),0.00,0
Treasure Hunter (Commodore 16 - 1986),0.00,0
Championship Wrestling (Commodore 16 - 1987),5.00,2
Eoroid Professional (Commodore 16 - 1994),0.00,0
Street Olympics (Commodore 16 - 1986),5.00,1
Sword of Destiny (Commodore 16 - 1985),1.00,1
Steve Davis Snooker (Commodore 16 - 1985),1.00,1
Taskforce (Commodore 16 - 1989),4.00,1
Jet Set Willy (Commodore 16 - 1986),4.00,3
Pin Point (Commodore 16 - 1986),0.00,0
Thrust (Commodore 16 - 1987),4.00,4
BMX Racers (Commodore 16 - 1985),3.00,1
Speed King (Commodore 16 - 1986),5.00,2
Auf Wiedersehen Monty (Commodore 16 - 1987),4.75,4
Mercenary: Escape from Targ - The Second City (Commodore 16 - 1986),5.00,2
Number Chaser (Commodore 16 - 1985),5.00,1
Zagan Warrior (Commodore 16 - 1986),4.00,1
The Magicians Curse (Commodore 16 - 1986),5.00,1
Vegas Jackpot (Commodore 16 - 1985),4.00,4
Jetbrix (Commodore 16 - 1986),0.00,0
Prospector Pete (Commodore 16 - 1986),0.00,0
The Chip Factory (Commodore 16 - 1986),0.00,0
Video Meanies (Commodore 16 - 1986),5.00,1
Moon Buggy (Commodore 16 - 1985),4.20,5
Dirty Den (Commodore 16 - 1986),5.00,1
Airwolf (Commodore 16 - 1985),3.67,6
Falcon Patrol (Commodore 16 - 1986),3.71,7
Project Nova (Commodore 16 - 1986),5.00,1
Grandmaster (Commodore 16 - 1985),4.75,4
Pheenix (Commodore 16 - 1986),0.00,0
Room Ten (Commodore 16 - 1987),0.00,0
Twin Kingdom Valley (Commodore 16 - 1985),5.00,4
Torpedo Alley (Commodore 16 - 1986),5.00,1
Trailblazer (Commodore 16 - 1986),2.00,1
Gunslinger (Commodore 16 - 1984),5.00,1
Alien Attack (Commodore 16 - 1985),5.00,1
Arena 3000 (Commodore 16 - 1985),5.00,2
Las Vegas Video Poker (Commodore 16 - 1986),3.00,3
Tomcat (Commodore 16 - 1989),5.00,1
