Title,Average Rating,Number of Ratings
Jonny Quest (Amstrad CPC - 1991),5.00,2
Global Commander (Amstrad CPC - 1987),5.00,5
Galaxy Force II (Amstrad CPC - 1989),5.00,3
D-Day (Amstrad CPC - 1992),4.44,18
Hot Rod (Amstrad CPC - 1990),3.67,3
Sorcery+ (Amstrad CPC - 1985),3.67,3
Frost Byte (Amstrad CPC - 1986),3.75,4
Moto X Simulator (Amstrad CPC - 1989),2.50,2
Adventure 1 (Amstrad CPC - 1984),5.00,1
Double Dragon 3: The Rosetta Stone (Amstrad CPC - 1991),4.71,33
Hideous (Amstrad CPC - 1992),0.00,0
Spy vs. Spy: The Island Caper (Amstrad CPC - 1987),4.62,16
Colony (Amstrad CPC - 1987),4.33,3
Adventure A (Amstrad CPC - 1985),0.00,0
President (Amstrad CPC - 1987),5.00,7
Iznogoud (Amstrad CPC - 1987),2.33,3
Xanagrams (Amstrad CPC - 1984),0.00,0
Thundercats (Amstrad CPC - 1987),4.17,6
Strike (Amstrad CPC - 1987),5.00,1
Dynamite Düx (Amstrad CPC - 1989),3.67,3
Hunchback: the Adventure (Amstrad CPC - 1986),0.00,0
Oberon 69 (Amstrad CPC - 1990),4.33,3
Wanted (Amstrad CPC - 1990),4.50,6
Meganova (Amstrad CPC - 1988),5.00,1
Archon: The Light and the Dark (Amstrad CPC - 1985),4.57,44
Gunship (Amstrad CPC - 1987),4.71,31
Rally Simulator (Amstrad CPC - 1988),0.00,0
Carrier Command (Amstrad CPC - 1989),4.53,34
Biff (Amstrad CPC - 1992),3.50,2
Kentilla (Amstrad CPC - 1986),4.00,4
Death Wake (Amstrad CPC - 1985),0.00,0
Punch & Judy (Amstrad CPC - 1989),0.00,0
Perico Delgado Maillot Amarillo (Amstrad CPC - 1989),4.00,9
SAS Combat Simulator (Amstrad CPC - 1989),1.00,1
Pink Panther (Amstrad CPC - 1988),4.20,5
The Vikings (Amstrad CPC - 1986),5.00,3
Adventure C (Amstrad CPC - 1985),0.00,0
Cisco Heat: All American Police Car Race (Amstrad CPC - 1991),4.00,17
Where in the World is Carmen Sandiego? (Amstrad CPC - 1990),4.37,40
Mega Sports (Amstrad CPC - 1992),0.00,0
Mandragore (Amstrad CPC - 1986),4.00,3
Galactic Games (Amstrad CPC - 1987),0.00,0
Get Dexter 2 (Amstrad CPC - 1988),5.00,1
Protector (Amstrad CPC - 1989),0.00,0
Black Tiger (Amstrad CPC - 1990),4.50,14
Bugsy (Amstrad CPC - 1986),4.50,6
Huxley Pig (Amstrad CPC - 1990),0.00,0
Paste-Man Pat (Amstrad CPC - 1989),0.00,0
Dan Dare III: The Escape (Amstrad CPC - 1990),4.25,4
Spitfire (Amstrad CPC - 1989),4.00,2
Fire Ant (Amstrad CPC - 1984),5.00,6
Feud (Amstrad CPC - 1987),4.60,10
La Abadía del Crimen (Amstrad CPC - 1988),4.92,13
Bob Morane: Chevalerie 1 (Amstrad CPC - 1987),4.20,5
Evening Star (Amstrad CPC - 1987),5.00,1
Olli & Lissa 3: The Candlelight Adventure (Amstrad CPC - 1989),5.00,1
Zork III: The Dungeon Master (Amstrad CPC - 1986),4.21,14
Harrier Mission (Amstrad CPC - 1985),5.00,5
Astérix et la Potion Magique (Amstrad CPC - 1986),5.00,1
F-16 Combat Pilot (Amstrad CPC - 1991),4.67,48
Rock 'n Roll (Amstrad CPC - 1989),4.47,15
Trailblazer (Amstrad CPC - 1986),2.00,1
Kat Trap: Planet of the Cat-Men (Amstrad CPC - 1987),0.00,0
On Cue (Amstrad CPC - 1987),2.00,1
Dizzy Dice (Amstrad CPC - 1987),3.67,3
Gladiator (Amstrad CPC - 1986),0.00,0
Zub (Amstrad CPC - 1986),0.00,0
Vagan Attack (Amstrad CPC - 1985),3.00,1
Legions of Death (Amstrad CPC - 1986),4.67,3
Mortville Manor (Amstrad CPC - 1988),4.25,12
Psycho Hopper (Amstrad CPC - 1989),4.00,1
Centurions: Power X Treme (Amstrad CPC - 1987),5.00,1
Le Diamant de l'Île Maudite (Amstrad CPC - 1986),0.00,0
Sooty & Sweep (Amstrad CPC - 1989),0.00,0
Samurai Warrior: The Battles of.... Usagi Yojimbo (Amstrad CPC - 1988),5.00,11
Sliders (Amstrad CPC - 1991),0.00,0
Kick Off (Amstrad CPC - 1989),4.33,6
Ninja Hamster (Amstrad CPC - 1987),0.00,0
Windsurf Willy (Amstrad CPC - 1989),5.00,1
Trollie Wallie (Amstrad CPC - 1986),3.00,1
The Simpsons: Bart vs. the Space Mutants (Amstrad CPC - 1991),4.20,44
Starion (Amstrad CPC - 1985),4.67,3
Firezone (Amstrad CPC - 1987),4.25,8
Rad Warrior (Amstrad CPC - 1986),4.50,6
Wizball (Amstrad CPC - 1987),4.12,24
Mountains of Ket (Amstrad CPC - 1986),5.00,1
Pulsator (Amstrad CPC - 1987),0.00,0
Nonamed (Amstrad CPC - 1986),0.00,0
Bugaboo (The Flea) (Amstrad CPC - 1984),5.00,2
Jail Break (Amstrad CPC - 1986),5.00,1
Operation Gunship (Amstrad CPC - 1989),5.00,1
Out Board (Amstrad CPC - 1990),0.00,0
10 Computer Hits: Volume Five (Amstrad CPC - 1989),4.50,6
Pegasus Bridge (Amstrad CPC - 1987),4.40,5
Passing Shot (Amstrad CPC - 1989),4.00,2
It's a Knockout (Amstrad CPC - 1986),5.00,1
Mata Hari (Amstrad CPC - 1988),5.00,2
Road Runner (Amstrad CPC - 1987),4.50,24
Yogi Bear & Friends in the Greed Monster: A Treasure Hunt (Amstrad CPC - 1990),3.50,6
Guzzler (Amstrad CPC - 1986),4.00,1
Questprobe: Featuring Human Torch and the Thing (Amstrad CPC - 1985),4.40,5
Jungle Warfare (Amstrad CPC - 1989),0.00,0
Stainless Steel (Amstrad CPC - 1986),0.00,0
Survivor (Amstrad CPC - 1987),5.00,1
MOT (Amstrad CPC - 1989),4.56,9
Game Set and Match (Amstrad CPC - 1987),0.00,0
Guardian II: Revenge of the Mutants (Amstrad CPC - 1990),0.00,0
Back to the Future Part II (Amstrad CPC - 1990),4.32,28
Mermaid Madness (Amstrad CPC - 1986),0.00,0
Cylu (Amstrad CPC - 1985),0.00,0
Guillermo Tell (Amstrad CPC - 1989),0.00,0
RoadBlasters (Amstrad CPC - 1988),5.00,1
Battle for Midway (Amstrad CPC - 1985),4.33,6
Lords of Time (Amstrad CPC - 1984),5.00,2
Galactic Conqueror (Amstrad CPC - 1988),4.79,6
Forgotten Worlds (Amstrad CPC - 1989),3.87,15
Skull & Crossbones (Amstrad CPC - 1991),4.33,6
Kong's Revenge (Amstrad CPC - 1991),5.00,1
Mystical (Amstrad CPC - 1990),4.33,6
Prison Riot (Amstrad CPC - 1990),0.00,0
Grand Prix Tennis (Amstrad CPC - 1987),5.00,2
Targhan (Amstrad CPC - 1990),4.79,19
Fruit Machine Simulator (Amstrad CPC - 1988),4.00,2
The A-Team (Amstrad CPC - 1989),5.00,1
La Marque Jaune (Amstrad CPC - 1988),0.00,0
Mindshadow (Amstrad CPC - 1986),4.46,13
Olli & Lissa: The Ghost of Shilmore Castle (Amstrad CPC - 1987),3.00,1
Zolyx (Amstrad CPC - 1987),5.00,1
Classic Invaders (Amstrad CPC - 1986),5.00,1
El Capitán Trueno (Amstrad CPC - 1989),4.40,5
Spy-Trek Adventure (Amstrad CPC - 1986),5.00,1
Commando (Amstrad CPC - 1986),4.44,25
Ikari Warriors II: Victory Road (Amstrad CPC - 1988),3.64,11
Highlander (Amstrad CPC - 1986),3.00,5
Lemmings (Amstrad CPC - 1992),4.64,211
Animal Vegetable Mineral (Amstrad CPC - 1984),0.00,0
Sports-A-Roni (Amstrad CPC - 1987),5.00,1
Beyond the Ice Palace (Amstrad CPC - 1988),4.50,6
Dun Darach (Amstrad CPC - 1985),0.00,0
Hyperbowl (Amstrad CPC - 1987),1.00,1
Super Robin Hood (Amstrad CPC - 1986),5.00,5
Convoy Raider (Amstrad CPC - 1987),5.00,1
Into The Eagle's Nest (Amstrad CPC - 1987),4.00,18
Marble Madness Construction Set (Amstrad CPC - 1986),3.00,3
Strider 2 (Amstrad CPC - 1990),4.30,10
Future Bike Simulator (Amstrad CPC - 1990),0.00,0
Moon Buggy (Amstrad CPC - 1985),4.20,5
La Espada Sagrada (Amstrad CPC - 1990),5.00,6
Murder on The Atlantic (Amstrad CPC - 1986),4.25,4
Tetris (Amstrad CPC - 1988),0.00,0
Binky (Amstrad CPC - 1985),5.00,1
Subway Vigilante (Amstrad CPC - 1989),5.00,2
Ballblazer (Amstrad CPC - 1986),5.00,3
Freddy Hardest in South Manhattan (Amstrad CPC - 1989),4.25,4
Ghouls (Amstrad CPC - 1984),5.00,2
Rugby Boss (Amstrad CPC - 1989),5.00,1
Omni-Play Horse Racing (Amstrad CPC - 1986),3.55,9
The Rubicon Alliance (Amstrad CPC - 1987),4.00,1
Atom Ant (Amstrad CPC - 1990),4.50,4
Bride of Frankenstein (Amstrad CPC - 1987),0.00,0
Stryker in the Crypts of Trogan (Amstrad CPC - 1992),0.00,0
Carlos Sainz (Amstrad CPC - 1990),5.00,6
Wanderer (Amstrad CPC - 1989),3.00,2
Alien (Amstrad CPC - 1985),4.60,10
Gunfighter (Amstrad CPC - 1990),0.00,0
Oink! (Amstrad CPC - 1987),0.00,0
Max Headroom (Amstrad CPC - 1986),4.88,8
Dynamite Dan II (Amstrad CPC - 1986),5.00,1
Death Wish 3 (Amstrad CPC - 1987),4.50,4
Bad Dudes (Amstrad CPC - 1988),4.40,20
Jetsons: The Computer Game (Amstrad CPC - 1992),4.13,15
Soviet (Amstrad CPC - 1990),4.56,9
Prince of Persia (Amstrad CPC - 1990),4.59,504
Dark Sceptre (Amstrad CPC - 1988),0.00,0
Wacky Darts (Amstrad CPC - 1992),3.00,4
Robin of Sherwood: The Touchstones of Rhiannon (Amstrad CPC - 1985),4.00,5
Afteroids (Amstrad CPC - 1988),0.00,0
Project Future (Amstrad CPC - 1985),1.00,2
GFL Championship Football (Amstrad CPC - 1987),3.33,3
Tomahawk (Amstrad CPC - 1986),4.91,11
Seas of Blood (Amstrad CPC - 1985),5.00,3
Cobra's Arc (Amstrad CPC - 1986),5.00,1
Piso Zero (Amstrad CPC - 1991),3.50,2
Who Dares Wins II (Amstrad CPC - 1986),5.00,5
The Fifth Axis (Amstrad CPC - 1985),4.00,2
Top Secret (Amstrad CPC - 1986),5.00,1
The Hitchhiker's Guide to the Galaxy (Amstrad CPC - 1987),4.40,111
Ulises (Amstrad CPC - 1989),4.67,3
The Games: Summer Edition (Amstrad CPC - 1989),4.71,17
Life Force (Amstrad CPC - 1988),5.00,4
Konami Coin-Op Hits (Amstrad CPC - 1986),0.00,0
Bubble Bobble (Amstrad CPC - 1987),4.43,175
Five Star Games (Amstrad CPC - 1986),5.00,1
Turbo Esprit (Amstrad CPC - 1986),4.25,12
Stir Crazy featuring BoBo (Amstrad CPC - 1988),3.75,4
Survivor (Amstrad CPC - 1984),5.00,1
The Addams Family (Amstrad CPC - 1992),5.00,1
Codename MAT II (Amstrad CPC - 1985),4.50,2
Pub Trivia Simulator (Amstrad CPC - 1989),5.00,1
1942 (Amstrad CPC - 1986),4.50,24
Dragon Breed (Amstrad CPC - 1990),4.00,1
Con-Quest (Amstrad CPC - 1986),3.00,1
Hyper Sports (Amstrad CPC - 1985),4.67,3
Back to the Future (Amstrad CPC - 1986),4.50,4
The Loopz Collection (Amstrad CPC - 1991),0.00,0
PHM Pegasus (Amstrad CPC - 1988),4.42,12
Skateball (Amstrad CPC - 1989),0.00,0
Cauldron (Amstrad CPC - 1985),4.20,5
Crazy Shot (Amstrad CPC - 1989),4.63,8
Acrojet (Amstrad CPC - 1987),4.67,3
Dive Bomber (Amstrad CPC - 1988),4.50,12
2 Player Soccer Squad (Amstrad CPC - 1991),4.14,7
Run for Gold (Amstrad CPC - 1985),5.00,1
Codename MAT (Amstrad CPC - 1984),5.00,1
Ninja Commando (Amstrad CPC - 1988),5.00,1
John Elway's Quarterback (Amstrad CPC - 1990),2.25,4
Obliterator (Amstrad CPC - 1988),4.17,6
F.A. Cup Football (Amstrad CPC - 1986),4.00,5
Wizard Willy (Amstrad CPC - 1989),0.00,0
Black Beard (Amstrad CPC - 1988),5.00,1
Psycho Soldier (Amstrad CPC - 1988),0.00,0
Netherworld (Amstrad CPC - 1988),4.65,17
Spooky Castle (Amstrad CPC - 1990),5.00,2
BMX Freestyle (Amstrad CPC - 1989),5.00,2
Pit-Fighter (Amstrad CPC - 1991),3.87,23
Times of Lore (Amstrad CPC - 1990),4.21,14
Yie Ar Kung-Fu (Amstrad CPC - 1985),4.71,7
Marauder (Amstrad CPC - 1988),3.00,1
Arkanoid (Amstrad CPC - 1987),4.48,46
Superman: The Man of Steel (Amstrad CPC - 1989),4.24,25
Dragontorc (Amstrad CPC - 1985),3.67,3
Fun School 2: For the Under-6s (Amstrad CPC - 1989),5.00,1
Hollywood or Bust (Amstrad CPC - 1986),5.00,2
Rasterscan (Amstrad CPC - 1987),5.00,4
Ocean Conqueror (Amstrad CPC - 1987),4.67,3
Tomcat (Amstrad CPC - 1989),5.00,1
Mercenary (Amstrad CPC - 1987),5.00,5
Kokotoni Wilf (Amstrad CPC - 1986),2.50,2
European 5-A-Side (Amstrad CPC - 1988),0.00,0
Auf Wiedersehen Monty (Amstrad CPC - 1987),4.75,4
North & South (Amstrad CPC - 1990),4.37,62
Grumpy Gumphrey Supersleuth (Amstrad CPC - 1985),0.00,0
Winter Olympics (Amstrad CPC - 1986),0.00,0
Angle Ball (Amstrad CPC - 1987),0.00,0
Bounty Bob Strikes Back! (Amstrad CPC - 1985),4.00,3
Sorcerer Lord (Amstrad CPC - 1987),4.29,7
Match Day II (Amstrad CPC - 1987),4.75,4
The Race Against Time (Amstrad CPC - 1988),2.00,1
Defcom (Amstrad CPC - 1986),0.00,0
War Cars Construction Set (Amstrad CPC - 1987),5.00,1
Space Station Oblivion (Amstrad CPC - 1987),4.78,9
Johnny Reb II (Amstrad CPC - 1986),3.33,3
Slightly Magic (Amstrad CPC - 1991),3.50,2
Soul of a Robot (Amstrad CPC - 1985),0.00,0
The Cycles: International Grand Prix Racing (Amstrad CPC - 1990),4.51,35
Xybots (Amstrad CPC - 1989),5.00,1
Microball (Amstrad CPC - 1988),5.00,2
Ninja Massacre (Amstrad CPC - 1989),4.00,2
Glen Hoddle Soccer (Amstrad CPC - 1985),0.00,0
James Bond 007 in The Living Daylights: The Computer Game (Amstrad CPC - 1987),5.00,6
Hollywood Hijinx (Amstrad CPC - 1987),4.71,7
High Frontier (Amstrad CPC - 1987),5.00,2
Return to Eden (Amstrad CPC - 1984),4.00,3
Sonic Boom (Amstrad CPC - 1990),3.00,2
Warlock (Amstrad CPC - 1987),5.00,1
Adventure Quest (Amstrad CPC - 1984),4.33,3
Assault On Port Stanley (Amstrad CPC - 1985),5.00,1
Biggles (Amstrad CPC - 1986),5.00,3
Alien Storm (Amstrad CPC - 1991),4.70,10
10th Frame (Amstrad CPC - 1986),4.27,37
Flimbo's Quest (Amstrad CPC - 1990),4.25,16
Jinxter (Amstrad CPC - 1988),4.80,5
Little Computer People (Amstrad CPC - 1987),4.39,58
Mr Wino (Amstrad CPC - 1988),0.00,0
Trivial Pursuit: Baby Boomer Edition (Amstrad CPC - 1987),5.00,1
Kenny Dalglish Soccer Match (Amstrad CPC - 1990),5.00,1
Fruity Frank (Amstrad CPC - 1984),4.41,22
Dan Dare II: Mekon's Revenge (Amstrad CPC - 1988),4.00,3
XARQ: The Zimmerman Trenches (Amstrad CPC - 1986),0.00,0
Leviathan (Amstrad CPC - 1987),3.75,4
Skatin' USA (Amstrad CPC - 1990),5.00,1
Clive Barker's Nightbreed: The Action Game (Amstrad CPC - 1990),4.67,12
Ghouls 'N Ghosts (Amstrad CPC - 1989),4.68,22
Gnome Ranger (Amstrad CPC - 1987),4.23,13
Beach Buggy Simulator (Amstrad CPC - 1987),0.00,0
Gemini Wing (Amstrad CPC - 1989),5.00,1
Helter Skelter (Amstrad CPC - 1990),3.00,7
Batman: The Caped Crusader (Amstrad CPC - 1988),4.29,21
Scooby-Doo (Amstrad CPC - 1986),3.67,3
Stuntman Seymour (Amstrad CPC - 1992),0.00,0
Catch 23 (Amstrad CPC - 1987),0.00,0
Casanova (Amstrad CPC - 1989),0.00,0
Bestial Warrior (Amstrad CPC - 1989),5.00,1
They $tole a Million (Amstrad CPC - 1986),4.67,3
Dominator (Amstrad CPC - 1989),4.33,3
World Cup Challenge (Amstrad CPC - 1990),5.00,1
Army Moves (Amstrad CPC - 1986),4.67,6
Chop N' Drop (Amstrad CPC - 1988),4.75,8
Knight Force (Amstrad CPC - 1989),3.50,6
Ultima Ratio (Amstrad CPC - 1987),0.00,0
The Last Mission (Amstrad CPC - 1987),4.86,7
Manic Miner (Amstrad CPC - 1984),5.00,6
The Legend of Apache Gold (Amstrad CPC - 1986),5.00,1
I Ball II (Amstrad CPC - 1987),0.00,0
Super Monaco GP (Amstrad CPC - 1991),4.78,9
Exterminator (Amstrad CPC - 1991),4.00,5
TLL: Tornado Low Level (Amstrad CPC - 1985),4.00,1
Hundra (Amstrad CPC - 1988),5.00,2
Boulder Dash III (Amstrad CPC - 1986),4.60,5
Dark Star (Amstrad CPC - 1985),5.00,1
Hit Pak: 6 Pak (Amstrad CPC - 1987),0.00,0
"Olé, Toro (Amstrad CPC - 1985)",0.00,0
Mutan Zone (Amstrad CPC - 1988),5.00,6
007: Licence to Kill (Amstrad CPC - 1989),4.10,72
Professional BMX Simulator (Amstrad CPC - 1988),5.00,2
Bonanza Bros. (Amstrad CPC - 1991),4.25,4
La Corona Mágica (Amstrad CPC - 1990),4.00,2
Super Seymour Saves the Planet (Amstrad CPC - 1991),1.00,1
No Exit (Amstrad CPC - 1990),3.80,5
Turbo the Tortoise (Amstrad CPC - 1992),4.50,2
Monte Carlo Casino (Amstrad CPC - 1989),5.00,2
SuperStar Soccer (Amstrad CPC - 1987),4.27,11
A Question of Sport (Amstrad CPC - 1988),5.00,2
"Gold, Silver, Bronze (Amstrad CPC - 1988)",0.00,0
Shard of Inovar (Amstrad CPC - 1987),5.00,4
Guerrilla War (Amstrad CPC - 1988),4.92,12
Deactivators (Amstrad CPC - 1986),4.00,1
Hanse (Amstrad CPC - 1986),4.56,9
The Survivors (Amstrad CPC - 1988),0.00,0
By Fair Means or Foul (Amstrad CPC - 1988),3.75,4
Super Cauldron (Amstrad CPC - 1993),4.67,15
Tusker (Amstrad CPC - 1990),4.00,5
The Paranoia Complex (Amstrad CPC - 1989),4.29,7
The Archers (Amstrad CPC - 1987),5.00,1
Countdown (Amstrad CPC - 1986),2.50,2
Fun School 2: For 6-8 Year Olds (Amstrad CPC - 1989),0.00,0
Ballyhoo (Amstrad CPC - 1986),4.83,6
Sorcerer (Amstrad CPC - 1986),4.50,12
Emlyn Hughes Arcade Quiz (Amstrad CPC - 1991),0.00,0
Konami's Arcade Collection (Amstrad CPC - 1988),0.00,0
Best of the Best Championship Karate (Amstrad CPC - 1992),4.50,26
Hydra (Amstrad CPC - 1990),2.00,1
The Fury (Amstrad CPC - 1988),0.00,0
Grand Prix Simulator 2 (Amstrad CPC - 1989),4.00,1
Batman (Amstrad CPC - 1989),4.10,39
Realm (Amstrad CPC - 1987),1.00,1
Abu Simbel Profanation (Amstrad CPC - 1985),5.00,2
The Guild of Thieves (Amstrad CPC - 1987),4.58,12
Rally Driver (Amstrad CPC - 1986),5.00,1
Super Hang-On (Amstrad CPC - 1987),4.80,20
Return to Oz (Amstrad CPC - 1986),5.00,1
Cybernoid: The Fighting Machine (Amstrad CPC - 1988),4.83,6
Impossible Mission (Amstrad CPC - 1986),4.42,19
Cutthroats (Amstrad CPC - 1986),4.20,5
Swords & Sorcery (Amstrad CPC - 1986),4.00,2
Street Cat (Amstrad CPC - 1987),4.30,10
Leaderboard Tournament (Amstrad CPC - 1987),0.00,0
Starquake (Amstrad CPC - 1986),4.64,11
Final Assault (Amstrad CPC - 1987),3.44,16
Manchester United (Amstrad CPC - 1990),3.89,9
Colossus Chess 4 (Amstrad CPC - 1986),4.50,4
Star Control (Amstrad CPC - 1990),4.67,30
Midnight Resistance (Amstrad CPC - 1990),4.67,15
Express Raider (Amstrad CPC - 1987),5.00,2
International 3D Tennis (Amstrad CPC - 1990),4.80,5
"Garfield: Big, Fat, Hairy Deal (Amstrad CPC - 1988)",4.44,9
Galactic Plague (Amstrad CPC - 1984),2.00,1
Thrust (Amstrad CPC - 1986),4.00,4
Champions! (Amstrad CPC - 1985),2.00,7
West Bank (Amstrad CPC - 1986),3.75,4
Fruit Machine Simulator 2 (Amstrad CPC - 1990),3.00,1
Timeman One (Amstrad CPC - 1984),4.00,2
Hard Hat Mack (Amstrad CPC - 1984),4.82,22
Football Manager 3 (Amstrad CPC - 1992),4.17,6
Knight Orc (Amstrad CPC - 1987),4.86,7
Solomon's Key (Amstrad CPC - 1987),4.38,8
Tau Ceti: The Lost Star Colony (Amstrad CPC - 1986),4.67,12
Freedom Fighter (Amstrad CPC - 1988),4.00,2
Las Vegas Casino (Amstrad CPC - 1989),0.00,0
Suspended (Amstrad CPC - 1986),4.86,7
Santa's Xmas Caper (Amstrad CPC - 1991),5.00,1
International Ninja Rabbits (Amstrad CPC - 1991),3.60,5
Ninja Remix (Amstrad CPC - 1990),4.43,7
Lone Wolf: The Mirror of Death (Amstrad CPC - 1991),4.60,5
Hacker II: The Doomsday Papers (Amstrad CPC - 1987),4.79,14
The Ancient Art of War (Amstrad CPC - 1990),4.27,72
Quadrel (Amstrad CPC - 1991),4.00,3
Tir Na Nog (Amstrad CPC - 1986),5.00,2
Rodeo (Amstrad CPC - 1986),5.00,1
Tank (Amstrad CPC - 1987),3.50,2
Endurance (Amstrad CPC - 1985),4.00,1
Gridtrap (Amstrad CPC - 1985),0.00,0
Lazer Tag (Amstrad CPC - 1987),0.00,0
Throne of Fire (Amstrad CPC - 1987),1.00,1
Mutants (Amstrad CPC - 1987),5.00,2
Super Scramble Simulator (Amstrad CPC - 1989),3.50,2
Elidon (Amstrad CPC - 1985),5.00,1
Jackson City (Amstrad CPC - 1990),5.00,1
Amelie Minuit (Amstrad CPC - 1985),0.00,0
Emlyn Hughes International Soccer (Amstrad CPC - 1989),5.00,6
Nigel Mansell's Grand Prix (Amstrad CPC - 1988),0.00,0
Cavemania (Amstrad CPC - 1991),5.00,1
NARC (Amstrad CPC - 1990),4.29,7
Welltris (Amstrad CPC - 1990),3.96,25
Zynaps (Amstrad CPC - 1987),3.67,3
Techno Cop (Amstrad CPC - 1988),5.00,8
Die Alien Slime (Amstrad CPC - 1989),5.00,1
Para Academy (Amstrad CPC - 1990),5.00,1
Marble Madness Deluxe Edition (Amstrad CPC - 1987),4.50,2
Through the Trap Door (Amstrad CPC - 1987),3.00,2
Taito's Super Space Invaders (Amstrad CPC - 1991),4.47,19
Super Nudge 2000 (Amstrad CPC - 1989),0.00,0
Pacific (Amstrad CPC - 1986),0.00,0
Vigilante (Amstrad CPC - 1989),5.00,6
Bully's Sporting Darts (Amstrad CPC - 1993),0.00,0
Hard Drivin' (Amstrad CPC - 1989),4.00,34
Grand Prix 500 2 (Amstrad CPC - 1991),4.67,3
La Guerra de las Vajillas (Amstrad CPC - 1988),2.00,1
Red Heat (Amstrad CPC - 1989),4.00,7
League Challenge (Amstrad CPC - 1987),0.00,0
Loopz (Amstrad CPC - 1990),5.00,2
Bomb Jack (Amstrad CPC - 1986),4.50,12
Night Hunter (Amstrad CPC - 1990),4.92,13
F1 Tornado (Amstrad CPC - 1991),4.50,2
Halls of the Things (Amstrad CPC - 1985),0.00,0
Cauldron II: The Pumpkin Strikes Back (Amstrad CPC - 1986),4.40,5
ATV Simulator (Amstrad CPC - 1987),5.00,6
Flunky (Amstrad CPC - 1987),3.00,1
Rainbow Islands (Amstrad CPC - 1990),4.33,12
James Clavell's Shogun (Amstrad CPC - 1986),5.00,5
Ghostbusters (Amstrad CPC - 1985),4.55,19
PaperBoy (Amstrad CPC - 1987),4.37,27
Encyclopedia of War: Ancient Battles (Amstrad CPC - 1988),5.00,8
TwinWorld: Land of Vision (Amstrad CPC - 1990),4.75,4
Saboteur (Amstrad CPC - 1986),4.80,5
The Final Matrix (Amstrad CPC - 1987),0.00,0
Top Gun (Amstrad CPC - 1986),4.50,6
Bop'N Wrestle (Amstrad CPC - 1986),4.25,8
The Chessmaster 2000 (Amstrad CPC - 1990),4.56,41
Rock'N Roller (Amstrad CPC - 1988),4.00,2
Total Recall (Amstrad CPC - 1991),0.00,0
Metro Cross (Amstrad CPC - 1987),5.00,1
Trans-Atlantic Balloon Challenge: The Game (Amstrad CPC - 1987),0.00,0
Los Templos Sagrados (Amstrad CPC - 1991),5.00,4
World Championship Soccer (Amstrad CPC - 1990),4.75,4
California Games (Amstrad CPC - 1987),4.38,53
Camelot Warriors (Amstrad CPC - 1986),5.00,6
Crystal Castles (Amstrad CPC - 1986),4.75,8
Brainstorm (Amstrad CPC - 1988),0.00,0
Game Over II (Amstrad CPC - 1988),4.89,9
Tobruk: The Clash of Armour (Amstrad CPC - 1987),4.50,4
Western Games (Amstrad CPC - 1987),3.75,4
Puzznic (Amstrad CPC - 1990),4.59,12
Heartland (Amstrad CPC - 1986),3.67,3
Geoff Capes Strongman (Amstrad CPC - 1985),5.00,1
Leader Board (Amstrad CPC - 1987),5.00,2
Kikstart 2 (Amstrad CPC - 1988),4.00,4
Bunny Bricks (Amstrad CPC - 1992),0.00,0
Pro Powerboat Simulator (Amstrad CPC - 1989),4.20,5
Rex (Amstrad CPC - 1989),4.00,1
Space Hawks (Amstrad CPC - 1985),5.00,1
Professional Tennis Simulator (Amstrad CPC - 1990),3.63,8
Street Fighter (Amstrad CPC - 1988),3.97,31
R-Type (Amstrad CPC - 1989),4.67,6
Spy vs. Spy III: Arctic Antics (Amstrad CPC - 1988),4.00,3
Gladiator (Amstrad CPC - 1991),0.00,0
The Sentry (Amstrad CPC - 1987),4.60,20
The Boggit: Bored Too (Amstrad CPC - 1986),4.00,1
Election (Amstrad CPC - 1987),4.67,3
Rampage (Amstrad CPC - 1988),4.69,32
World Class Rugby (Amstrad CPC - 1991),4.50,10
Streaker (Amstrad CPC - 1987),0.00,0
Eliminator (Amstrad CPC - 1988),5.00,1
Skate Crazy (Amstrad CPC - 1988),0.00,0
Elite (Amstrad CPC - 1986),4.29,45
Renegade (Amstrad CPC - 1987),4.80,15
Golden Eagle (Amstrad CPC - 1991),4.13,8
Trivial Pursuit (Amstrad CPC - 1987),4.22,9
Ghost Hunters (Amstrad CPC - 1987),5.00,2
Leather Goddesses Of Phobos (Amstrad CPC - 1986),4.23,31
Builderland: The Story of Melba (Amstrad CPC - 1991),5.00,2
Championship Baseball (Amstrad CPC - 1987),3.00,2
Wibstars (Amstrad CPC - 1987),0.00,0
Venom (Amstrad CPC - 1988),4.40,5
Ole! (Amstrad CPC - 1987),3.67,3
Rath-Tha (Amstrad CPC - 1989),5.00,1
They Sold a Million (Amstrad CPC - 1986),0.00,0
Zarkon (Amstrad CPC - 1987),0.00,0
Bobby Bearing (Amstrad CPC - 1986),5.00,1
Herbert's Dummy Run (Amstrad CPC - 1985),4.00,1
Gyroscope (Amstrad CPC - 1985),0.00,0
Magicland Dizzy (Amstrad CPC - 1990),4.21,19
Plundered Hearts (Amstrad CPC - 1987),4.91,11
El Cid (Amstrad CPC - 1987),5.00,1
Dracula (Amstrad CPC - 1986),4.71,7
StarGlider (Amstrad CPC - 1986),4.73,15
Super Gran (Amstrad CPC - 1985),0.00,0
Bactron (Amstrad CPC - 1986),5.00,1
Mercs (Amstrad CPC - 1991),4.85,13
Indiana Jones and The Temple of Doom (Amstrad CPC - 1987),4.00,20
Vulcan: The Tunisian Campaign (Amstrad CPC - 1987),5.00,7
Jet-Boot Jack (Amstrad CPC - 1984),4.00,1
Robinson Crusoe (Amstrad CPC - 1987),5.00,1
American Football (Amstrad CPC - 1984),0.00,0
Chicken Chase (Amstrad CPC - 1987),4.33,6
Strider (Amstrad CPC - 1989),4.43,21
Tales of the Arabian Nights (Amstrad CPC - 1985),4.33,3
Tintin on the Moon (Amstrad CPC - 1989),3.50,10
Savage (Amstrad CPC - 1988),4.36,11
The Games: Winter Edition (Amstrad CPC - 1988),4.73,11
Pneumatic Hammers (Amstrad CPC - 1987),0.00,0
Genghis Khan (Amstrad CPC - 1991),4.90,131
International Speedway (Amstrad CPC - 1988),5.00,1
Murders in Venice (Amstrad CPC - 1989),4.50,10
Defender of The Crown (Amstrad CPC - 1989),4.57,85
Slapshot (Amstrad CPC - 1984),0.00,0
Thunderbirds (Amstrad CPC - 1989),3.67,3
Sabrina (Amstrad CPC - 1988),3.00,1
Seymour Goes to Hollywood (Amstrad CPC - 1991),4.33,3
Assault Course: Combat Academy (Amstrad CPC - 1990),5.00,1
Zap't'Balls: The Advanced Edition (Amstrad CPC - 1992),0.00,0
Necris Dome (Amstrad CPC - 1986),4.00,2
Titan (Amstrad CPC - 1988),3.00,2
Hawk Storm (Amstrad CPC - 1990),5.00,1
Booty (Amstrad CPC - 1984),4.50,4
Koronis Rift (Amstrad CPC - 1987),4.17,6
Moonwalker (Amstrad CPC - 1989),4.28,25
Klax (Amstrad CPC - 1990),4.50,16
Special Operations (Amstrad CPC - 1984),4.00,1
Gunfright (Amstrad CPC - 1986),5.00,1
The Running Man (Amstrad CPC - 1989),5.00,5
Tournament Snooker (Amstrad CPC - 1987),5.00,1
The Amazing Spider-Man and Captain America in Dr. Doom's Revenge! (Amstrad CPC - 1990),4.35,54
Paws (Amstrad CPC - 1985),5.00,1
Lagaf': Les Aventures de Moktar - Vol 1: La Zoubida (Amstrad CPC - 1992),4.50,46
Movie Premiere (Amstrad CPC - 1991),0.00,0
Deflektor (Amstrad CPC - 1987),5.00,1
Heroes of the Lance (Amstrad CPC - 1988),4.18,17
Sai Combat (Amstrad CPC - 1986),0.00,0
Sweevo's World (Amstrad CPC - 1985),5.00,1
Prohibition (Amstrad CPC - 1987),4.88,8
Knight Rider (Amstrad CPC - 1986),4.00,4
Pro Tennis Simulator (Amstrad CPC - 1989),3.67,3
Sol Negro (Amstrad CPC - 1988),4.30,10
Mission Omega (Amstrad CPC - 1986),5.00,3
Solo (Amstrad CPC - 1989),4.00,1
One Man and His Droid (Amstrad CPC - 1985),5.00,2
500 cc Grand Prix (Amstrad CPC - 1986),5.00,1
Weetabix Versus the Titchies (Amstrad CPC - 1984),0.00,0
Cobra (Amstrad CPC - 1987),5.00,1
Continental Circus (Amstrad CPC - 1989),4.64,11
The Famous Five: Five on a Treasure Island (Amstrad CPC - 1990),3.80,5
Xeno (Amstrad CPC - 1986),5.00,2
Atlantis (Amstrad CPC - 1985),2.00,1
Operation Wolf (Amstrad CPC - 1988),4.36,45
Avenger (Amstrad CPC - 1986),3.80,5
Indoor Soccer (Amstrad CPC - 1986),5.00,1
Daley Thompson's Olympic Challenge (Amstrad CPC - 1988),5.00,4
Wacky Races (Amstrad CPC - 1992),4.00,7
Hive (Amstrad CPC - 1987),0.00,0
World Class Soccer (Amstrad CPC - 1990),3.78,9
Glider Rider (Amstrad CPC - 1986),0.00,0
Donald's Alphabet Chase (Amstrad CPC - 1991),4.62,53
The Light Corridor (Amstrad CPC - 1990),4.67,6
After the War (Amstrad CPC - 1989),4.77,18
Winter Games (Amstrad CPC - 1986),4.38,37
The Rocky Horror Show (Amstrad CPC - 1985),3.80,5
Blagger (Amstrad CPC - 1984),4.50,4
The Shadows of Mordor (Amstrad CPC - 1987),4.40,15
Spaghetti Western Simulator (Amstrad CPC - 1990),5.00,3
Spellbound (Amstrad CPC - 1985),5.00,1
GBA Championship Basketball: Two-on-Two (Amstrad CPC - 1986),3.20,5
Fire & Forget II (Amstrad CPC - 1990),3.83,12
Barbarian (Amstrad CPC - 1988),4.65,20
Sergeant Seymour: Robot Cop (Amstrad CPC - 1992),5.00,1
Overlander (Amstrad CPC - 1988),4.00,6
Tank Attack (Amstrad CPC - 1989),4.17,6
Mordon's Quest (Amstrad CPC - 1985),5.00,1
Wizard's Lair (Amstrad CPC - 1985),4.00,2
Bubble Dizzy (Amstrad CPC - 1991),5.00,5
Admiral Graf Spee (Amstrad CPC - 1984),3.00,2
Spindizzy (Amstrad CPC - 1986),5.00,1
Ardok the Barbarian (Amstrad CPC - 1986),4.25,4
Gary Linekers Superskills (Amstrad CPC - 1988),5.00,1
Rescue on Fractalus! (Amstrad CPC - 1986),4.20,10
T-Bird (Amstrad CPC - 1989),1.00,2
MicroLeague Action Sports Soccer (Amstrad CPC - 1991),4.33,6
Sharkey's Moll (Amstrad CPC - 1991),4.33,3
Corruption (Amstrad CPC - 1988),4.72,18
Scapeghost (Amstrad CPC - 1989),4.64,11
Butcher Hill (Amstrad CPC - 1989),5.00,2
Terminator 2: Judgment Day (Amstrad CPC - 1991),4.26,35
Runestone (Amstrad CPC - 1986),0.00,0
Top Cat Starring in Beverly Hills Cats (Amstrad CPC - 1990),4.00,3
Android One: The Reactor Run (Amstrad CPC - 1985),5.00,1
Fantasy World Dizzy (Amstrad CPC - 1989),4.14,14
Blazing Thunder (Amstrad CPC - 1990),5.00,3
Skweek (Amstrad CPC - 1989),3.60,10
Psycho Pigs UXB (Amstrad CPC - 1988),5.00,2
Penalty Soccer (Amstrad CPC - 1990),5.00,1
European Superleague (Amstrad CPC - 1991),4.50,2
Crystal Kingdom Dizzy (Amstrad CPC - 1992),5.00,5
Ace of Aces (Amstrad CPC - 1986),4.42,20
Vixen (Amstrad CPC - 1988),4.43,7
Pearl Harbour (Amstrad CPC - 1985),5.00,1
Chubby Gristle (Amstrad CPC - 1988),1.00,1
Daley Thompson's Super-Test (Amstrad CPC - 1985),5.00,1
Disc (Amstrad CPC - 1991),5.00,2
Sharkey's 3D Pool (Amstrad CPC - 1989),4.81,16
Mundial de Fútbol (Amstrad CPC - 1990),4.50,4
Zombi (Amstrad CPC - 1986),3.86,27
Jack and the Beanstalk (Amstrad CPC - 1985),3.00,1
Artura (Amstrad CPC - 1989),4.40,5
Le Labyrinthe d'Errare (Amstrad CPC - 1989),0.00,0
Metropolis (Amstrad CPC - 1988),0.00,0
Livingstone II (Amstrad CPC - 1989),4.62,21
Grand Prix Simulator (Amstrad CPC - 1987),4.00,2
Sooty's Fun With Numbers (Amstrad CPC - 1990),0.00,0
Shanghai (Amstrad CPC - 1988),4.33,12
Reckless Rufus (Amstrad CPC - 1992),0.00,0
Wings of Fury (Amstrad CPC - 1990),4.71,31
Android Two (Amstrad CPC - 1985),3.25,4
Nexus (Amstrad CPC - 1986),5.00,2
Tales of the Unknown: Volume I - The Bard's Tale (Amstrad CPC - 1988),4.80,30
Space Gun (Amstrad CPC - 1992),2.25,4
Robozone (Amstrad CPC - 1991),1.00,1
Basil the Great Mouse Detective (Amstrad CPC - 1987),4.00,2
Rygar (Amstrad CPC - 1987),4.43,7
Star Wreck (Amstrad CPC - 1987),5.00,2
Vermeer (Amstrad CPC - 1987),4.38,34
After Shock (Amstrad CPC - 1986),0.00,0
Space Crusade (Amstrad CPC - 1992),4.41,39
Eye (Amstrad CPC - 1987),0.00,0
3D Stunt Rider (Amstrad CPC - 1985),4.58,12
Choy-Lee-Fut Kung-Fu Warrior (Amstrad CPC - 1990),4.13,8
Bored of the Rings (Amstrad CPC - 1985),3.50,4
Triaxos (Amstrad CPC - 1987),0.00,0
Lode Runner (Amstrad CPC - 1989),4.71,41
Titus the Fox: To Marrakech and Back (Amstrad CPC - 1992),4.79,34
Jimmy Connors Pro Tennis Tour (Amstrad CPC - 1989),4.33,9
Prehistorik 2 (Amstrad CPC - 1993),4.41,160
The Fellowship of The Ring (Amstrad CPC - 1986),4.50,32
Charlie Chaplin (Amstrad CPC - 1988),3.93,14
Battleship (Amstrad CPC - 1987),5.00,2
Shao Lin's Road (Amstrad CPC - 1987),3.00,1
Emilio Butragueño ¡Fútbol! (Amstrad CPC - 1987),4.00,6
Martianoids (Amstrad CPC - 1987),0.00,0
ThunderJaws (Amstrad CPC - 1991),2.33,3
The Price of Magik (Amstrad CPC - 1986),4.00,2
International Football (Amstrad CPC - 1990),0.00,0
Mad Mix Game (Amstrad CPC - 1988),5.00,6
Trantor the Last Stormtrooper (Amstrad CPC - 1987),4.20,5
Killed Until Dead (Amstrad CPC - 1987),5.00,5
The Comet Game (Amstrad CPC - 1986),5.00,2
Doomdark's Revenge (Amstrad CPC - 1986),4.70,10
Capitán Sevilla (Amstrad CPC - 1988),0.00,0
Macadam Bumper (Amstrad CPC - 1985),4.00,7
Infidel (Amstrad CPC - 1986),4.78,9
L'Aigle d'Or (Amstrad CPC - 1986),5.00,1
Shanghai Warriors (Amstrad CPC - 1989),5.00,1
Skateboard Kidz (Amstrad CPC - 1988),0.00,0
Bob's Full House (Amstrad CPC - 1988),5.00,1
Thunderblade (Amstrad CPC - 1988),4.70,10
Rastan (Amstrad CPC - 1988),4.52,61
Caves of Doom (Amstrad CPC - 1985),5.00,2
NY Warriors (Amstrad CPC - 1990),4.60,5
Ninja Scooter Simulator (Amstrad CPC - 1988),5.00,1
Fairlight II (Amstrad CPC - 1988),5.00,1
Bullseye (Amstrad CPC - 1985),5.00,1
Kick Off 2 (Amstrad CPC - 1990),4.22,37
Dandy (Amstrad CPC - 1986),5.00,2
F40 Pursuit Simulator (Amstrad CPC - 1988),4.14,21
Vampire Killer (Amstrad CPC - 1984),5.00,2
Kaiser (Amstrad CPC - 1984),5.00,7
Pub Darts (Amstrad CPC - 1986),4.50,2
Nuclear Heist (Amstrad CPC - 1986),5.00,1
Shanghai Karate (Amstrad CPC - 1988),5.00,1
The Colour of Magic (Amstrad CPC - 1986),5.00,1
Asterix and the Magic Carpet (Amstrad CPC - 1987),4.14,7
Killerball (Amstrad CPC - 1991),5.00,2
Golden Axe (Amstrad CPC - 1990),4.69,59
Bobsleigh (Amstrad CPC - 1987),0.00,0
Paris-Dakar (Amstrad CPC - 1988),4.15,13
B.A.T. (Amstrad CPC - 1991),3.56,39
Smash T.V. (Amstrad CPC - 1991),4.33,13
Hammer Boy (Amstrad CPC - 1991),4.00,5
Double Dragon II: The Revenge (Amstrad CPC - 1989),4.10,75
Annals of Rome (Amstrad CPC - 1986),4.67,15
Fugitif: Les Aventures de Jack Bludfield - Part 1 (Amstrad CPC - 1991),5.00,2
Dizzy Panic (Amstrad CPC - 1991),5.00,1
Quiwi (Amstrad CPC - 1986),0.00,0
Line of Fire (Amstrad CPC - 1990),4.20,5
Snow Strike (Amstrad CPC - 1990),4.00,6
Yogi's Great Escape (Amstrad CPC - 1990),3.60,5
Jai Alai (Amstrad CPC - 1991),3.00,2
Bob Morane: Jungle 1 (Amstrad CPC - 1987),3.00,2
Enlightenment (Amstrad CPC - 1988),5.00,3
Cluedo (Amstrad CPC - 1986),5.00,2
Cabal (Amstrad CPC - 1989),4.59,22
Strike Force Harrier (Amstrad CPC - 1986),4.50,8
Park Patrol (Amstrad CPC - 1986),4.50,2
A View to a Kill: The Computer Game (Amstrad CPC - 1985),3.80,10
Galletron (Amstrad CPC - 1987),0.00,0
Everyone's A Wally (The Life of Wally) (Amstrad CPC - 1985),5.00,1
Street Sports Basketball (Amstrad CPC - 1988),5.00,6
Chicago 90 (Amstrad CPC - 1989),4.67,3
Madballs (Amstrad CPC - 1988),3.00,2
Vampire (Amstrad CPC - 1986),0.00,0
Time Machine (Amstrad CPC - 1990),3.67,3
Jet Bike Simulator (Amstrad CPC - 1988),0.00,0
Jocky Wilson's Compendium of Darts (Amstrad CPC - 1990),2.00,1
Wonder Boy in Monster Land (Amstrad CPC - 1989),4.75,4
Software Star (Amstrad CPC - 1985),4.00,1
Silicon Dreams (Amstrad CPC - 1986),4.33,9
Ian Fleming's James Bond 007 in Live and Let Die: The Computer Game (Amstrad CPC - 1988),5.00,7
Kane (Amstrad CPC - 1986),5.00,2
Peter Pack Rat (Amstrad CPC - 1988),5.00,1
Sherman M4 (Amstrad CPC - 1990),4.94,17
Deep Strike (Amstrad CPC - 1986),4.50,2
Sid Meier's Pirates! (Amstrad CPC - 1987),4.57,56
Championship Sprint (Amstrad CPC - 1988),5.00,3
La Aventura Original (Amstrad CPC - 1989),4.50,4
Gremlins 2: The New Batch (Amstrad CPC - 1990),4.44,18
Zorro (Amstrad CPC - 1986),4.63,8
Zap't'Balls (Amstrad CPC - 1992),0.00,0
Boulder Dash (Amstrad CPC - 1985),4.47,17
Saracen (Amstrad CPC - 1987),0.00,0
Impossaball (Amstrad CPC - 1987),0.00,0
Mindfighter (Amstrad CPC - 1988),5.00,6
Jack the Nipper... II in Coconut Capers (Amstrad CPC - 1987),4.50,2
Vindicators (Amstrad CPC - 1989),1.00,1
Head Over Heels (Amstrad CPC - 1987),4.20,5
Gutter (Amstrad CPC - 1985),0.00,0
Sir Fred (Amstrad CPC - 1986),4.50,2
Super Sprint (Amstrad CPC - 1987),5.00,1
Theatre Europe (Amstrad CPC - 1985),4.70,10
Howard the Duck (Amstrad CPC - 1987),5.00,1
Bumpy's Arcade Fantasy (Amstrad CPC - 1992),4.43,82
Scuba Kidz (Amstrad CPC - 1989),5.00,1
Gary Lineker's Hot-Shot! (Amstrad CPC - 1989),5.00,1
Soccer Pinball (Amstrad CPC - 1992),3.67,3
MASK (Amstrad CPC - 1987),0.00,0
Challenge of the Gobots (Amstrad CPC - 1987),0.00,0
Shackled (Amstrad CPC - 1988),0.00,0
Mega-Bucks (Amstrad CPC - 1986),0.00,0
Ninja Gaiden (Amstrad CPC - 1990),4.14,14
Infodroid (Amstrad CPC - 1986),0.00,0
Dead on Time (Amstrad CPC - 2010),4.75,4
Moon Cresta (Amstrad CPC - 1986),3.50,2
Mythos (Amstrad CPC - 1990),5.00,3
War Machine (Amstrad CPC - 1989),1.00,1
Gazza's Super Soccer (Amstrad CPC - 1989),3.50,2
Bedlam (Amstrad CPC - 1988),5.00,2
Dan Dare: Pilot of the Future (Amstrad CPC - 1986),5.00,1
Mach 3 (Amstrad CPC - 1987),4.00,13
Chase H.Q. (Amstrad CPC - 1989),4.45,11
Turbo Boat Simulator (Amstrad CPC - 1988),0.00,0
Trivia U.K. (Amstrad CPC - 1985),0.00,0
Le Mystère de Kikekankoi (Amstrad CPC - 1985),0.00,0
Subbuteo (Amstrad CPC - 1990),3.75,8
Pick 'n Pile (Amstrad CPC - 1990),3.40,5
ESWAT: Cyber Police (Amstrad CPC - 1990),4.78,9
Technician Ted (Amstrad CPC - 1984),0.00,0
Star Wars: Return of the Jedi (Amstrad CPC - 1988),4.55,11
Tempest (Amstrad CPC - 1987),4.50,2
Deathscape (Amstrad CPC - 1987),5.00,1
Bruce Lee (Amstrad CPC - 1986),4.40,30
U.N. Squadron (Amstrad CPC - 1990),4.25,8
Jason of the Argonauts (Amstrad CPC - 1990),3.67,3
Street Machine (Amstrad CPC - 1986),0.00,0
R.B.I. Baseball 2 (Amstrad CPC - 1991),3.73,11
Iron Lord (Amstrad CPC - 1990),4.31,13
Fun School 2: For the Over-8s (Amstrad CPC - 1989),0.00,0
Badlands (Amstrad CPC - 1991),4.60,5
Astro Plumber (Amstrad CPC - 1985),5.00,1
Mission Genocide (Amstrad CPC - 1987),0.00,0
Crazy Cars (Amstrad CPC - 1988),4.12,17
Wrestling Superstars (Amstrad CPC - 1993),0.00,0
Popeye 3: WrestleCrazy (Amstrad CPC - 1992),3.67,3
Colossus Mah Jong (Amstrad CPC - 1988),5.00,1
Nigel Mansell's World Championship Racing (Amstrad CPC - 1993),4.14,14
Hoppin' Mad (Amstrad CPC - 1988),0.00,0
High Steel (Amstrad CPC - 1989),5.00,3
Saint & Greavsie (Amstrad CPC - 1989),5.00,1
Jahangir Khan World Championship Squash (Amstrad CPC - 1991),4.14,7
Trivial Pursuit: Young Players Edition (Amstrad CPC - 1987),4.50,2
Devil's Crown (Amstrad CPC - 1985),3.50,2
Hudson Hawk (Amstrad CPC - 1991),3.88,8
Konami's Golf (Amstrad CPC - 1987),5.00,1
Beach-Head II: The Dictator Strikes Back (Amstrad CPC - 1985),4.89,9
Anarchy (Amstrad CPC - 1987),5.00,3
Invitation (Amstrad CPC - 1987),0.00,0
"""Get Dexter!"" (Amstrad CPC - 1986)",4.12,115
Frankie Goes to Hollywood (Amstrad CPC - 1986),4.60,5
Rambo III (Amstrad CPC - 1988),3.57,40
Formula One (Amstrad CPC - 1985),5.00,1
Starstrike II (Amstrad CPC - 1986),4.00,1
Crack Down (Amstrad CPC - 1990),4.67,9
Split Personalities (Amstrad CPC - 1986),5.00,1
Hunchback (Amstrad CPC - 1984),4.00,5
Blockbusters (Amstrad CPC - 1984),5.00,2
Peter Beardsley's International Football (Amstrad CPC - 1988),1.50,2
Star Sabre (Amstrad CPC - 2008),5.00,1
Zork: The Great Underground Empire (Amstrad CPC - 1986),4.28,188
Master of the Lamps (Amstrad CPC - 1985),4.00,1
Heathrow International Air Traffic Control (Amstrad CPC - 1984),5.00,1
Autocrash (Amstrad CPC - 1991),4.00,1
Nemesis the Warlock (Amstrad CPC - 1987),4.00,3
Oriental Games (Amstrad CPC - 1990),2.00,1
Lamborghini: American Challenge (Amstrad CPC - 1992),4.21,48
La Aventura Espacial (Amstrad CPC - 1990),4.86,7
Birdie (Amstrad CPC - 1987),4.00,1
Gauntlet III: The Final Quest (Amstrad CPC - 1991),5.00,8
Tower Toppler (Amstrad CPC - 1988),4.24,25
Metaplex (Amstrad CPC - 1988),0.00,0
The Hobbit (Amstrad CPC - 1985),4.63,51
Blood Brothers (Amstrad CPC - 1988),5.00,1
Spiky Harold (Amstrad CPC - 1986),5.00,1
Bomb Scare (Amstrad CPC - 1986),0.00,0
Zampabolas (Amstrad CPC - 1989),1.00,1
Jewels of Babylon (Amstrad CPC - 1984),4.33,3
Fast Food (Amstrad CPC - 1989),4.33,6
The Case of the Mixed-Up Shymer (Amstrad CPC - 1987),5.00,1
Ping Pong (Amstrad CPC - 1985),5.00,2
The Astonishing Adventures of Mr. Weems and the She Vampires (Amstrad CPC - 1987),5.00,1
Turbo Girl (Amstrad CPC - 1988),5.00,3
The Slugger (Amstrad CPC - 1985),1.00,1
The New Zealand Story (Amstrad CPC - 1989),4.43,30
Vectorball (Amstrad CPC - 1988),0.00,0
Rod-land (Amstrad CPC - 1991),4.25,8
Fiendish Freddy's Big Top O' Fun (Amstrad CPC - 1989),4.67,9
Knight Games (Amstrad CPC - 1986),3.75,4
Bridge-It (Amstrad CPC - 1984),5.00,1
Titanic Blinky (Amstrad CPC - 1992),3.00,2
International Rugby Simulator (Amstrad CPC - 1988),0.00,0
The Wild Bunch (Amstrad CPC - 1985),2.44,9
Hong Kong Phooey: No.1 Super Guy (Amstrad CPC - 1990),2.00,1
Teenage Mutant Ninja Turtles (Amstrad CPC - 1990),4.51,67
Xenon (Amstrad CPC - 1988),4.38,8
TT Racer (Amstrad CPC - 1986),5.00,2
WWF Wrestlemania (Amstrad CPC - 1991),3.86,21
Test Match + One Day Cricket (Amstrad CPC - 1985),1.00,1
The Lords of Midnight (Amstrad CPC - 1984),4.92,12
Blade Runner (Amstrad CPC - 1986),4.67,3
Dark Fusion (Amstrad CPC - 1988),5.00,2
Hero of the Golden Talisman (Amstrad CPC - 1986),4.80,5
The Official America's Cup Sailing Simulation (Amstrad CPC - 1986),3.67,3
Tie Break (Amstrad CPC - 1990),4.00,4
Classic Punter (Amstrad CPC - 1989),0.00,0
Seastalker (Amstrad CPC - 1986),4.78,9
Cerberus (Amstrad CPC - 1986),0.00,0
Wiz Biz (Amstrad CPC - 1987),0.00,0
Arkanoid: Revenge of DOH (Amstrad CPC - 1988),4.36,39
Trashman (Amstrad CPC - 1986),4.00,2
Spy Hunter (Amstrad CPC - 1986),4.47,17
Dizzy: The Ultimate Cartoon Adventure (Amstrad CPC - 1987),4.50,12
Football Manager: World Cup Edition 1990 (Amstrad CPC - 1990),5.00,1
Aliens: The Computer Game (Amstrad CPC - 1987),4.67,6
Power (Amstrad CPC - 1985),0.00,0
Brian Clough's Football Fortunes (Amstrad CPC - 1987),4.50,2
Captain Zapp (Amstrad CPC - 1987),4.00,2
Chuckie Egg II (Amstrad CPC - 1985),3.67,3
Street Gang (Amstrad CPC - 1988),3.50,2
Bubbler (Amstrad CPC - 1987),0.00,0
World Games (Amstrad CPC - 1987),4.43,17
Thrust II (Amstrad CPC - 1987),0.00,0
Beach Volley (Amstrad CPC - 1989),3.80,5
The Match (Amstrad CPC - 1991),5.00,1
Toobin' (Amstrad CPC - 1989),4.00,4
Crazy Golf (Amstrad CPC - 1984),5.00,1
The Growing Pains of Adrian Mole (Amstrad CPC - 1988),3.75,4
Toyota Celica GT Rally (Amstrad CPC - 1991),4.58,19
Stationfall (Amstrad CPC - 1987),5.00,3
Chuck Yeager's Advanced Flight Simulator (Amstrad CPC - 1989),3.88,17
The Spy Who Loved Me (Amstrad CPC - 1990),4.29,7
Kentucky Racing (Amstrad CPC - 1990),0.00,0
Professional Footballer (Amstrad CPC - 1991),5.00,1
Defenders of the Earth (Amstrad CPC - 1990),5.00,1
Thanatos (Amstrad CPC - 1986),4.00,3
Robin Hood: Legend Quest (Amstrad CPC - 1993),4.60,5
Sorcery (Amstrad CPC - 1985),4.75,4
Snowball (Amstrad CPC - 1984),4.50,2
Liverpool (Amstrad CPC - 1990),0.00,0
Fighter Pilot (Amstrad CPC - 1985),4.50,2
6*Pak Vol. 2 (Amstrad CPC - 1987),5.00,1
Rockford: The Arcade Game (Amstrad CPC - 1988),3.93,15
Target Plus (Amstrad CPC - 1988),0.00,0
Ballbreaker II (Amstrad CPC - 1988),5.00,1
Trevor Brooking's World Cup Glory (Amstrad CPC - 1990),0.00,0
Bloodwych (Amstrad CPC - 1990),4.61,33
Shadow Skimmer (Amstrad CPC - 1987),0.00,0
Run the Gauntlet (Amstrad CPC - 1989),3.29,7
Sito Pons 500 c.c. Grand Prix (Amstrad CPC - 1990),4.00,13
Silkworm (Amstrad CPC - 1989),5.00,4
Galivan (Amstrad CPC - 1986),5.00,1
Tracksuit Manager (Amstrad CPC - 1988),4.71,8
Icon Jon (Amstrad CPC - 1986),0.00,0
Saboteur II (Amstrad CPC - 1987),4.61,28
Narco Police (Amstrad CPC - 1990),4.07,30
Spy vs Spy (Amstrad CPC - 1985),4.42,33
Trigger (Amstrad CPC - 1989),5.00,2
Sirwood (Amstrad CPC - 1990),4.50,6
Angel Nieto Pole 500 (Amstrad CPC - 1990),4.22,23
Fernando Martín Basket Master (Amstrad CPC - 1987),4.60,10
Quad (Amstrad CPC - 1987),0.00,0
Little Puff in Dragonland (Amstrad CPC - 1989),3.00,2
Time Scanner (Amstrad CPC - 1989),5.00,1
Gilligan's Gold (Amstrad CPC - 1984),5.00,1
Jack the Ripper (Amstrad CPC - 1987),4.50,4
Spitting Image: The Computer Game (Amstrad CPC - 1988),5.00,2
Zone Trooper (Amstrad CPC - 1988),0.00,0
Spirits (Amstrad CPC - 1987),5.00,1
Power Drift (Amstrad CPC - 1989),4.64,45
The Computer Edition of Scrabble Brand Crossword Game (Amstrad CPC - 1987),5.00,1
Chiller (Amstrad CPC - 1985),4.50,4
Magnetik Tank (Amstrad CPC - 1986),5.00,3
Tim Love's Cricket (Amstrad CPC - 1985),5.00,1
Battle Valley (Amstrad CPC - 1988),5.00,1
Batty (Amstrad CPC - 1988),5.00,1
The Legend of Kage (Amstrad CPC - 1986),4.00,4
Echelon (Amstrad CPC - 1988),4.54,11
Navy Moves (Amstrad CPC - 1988),4.20,15
The Witness (Amstrad CPC - 1986),4.00,4
Graham Gooch's Test Cricket (Amstrad CPC - 1985),4.30,10
Para Assault Course (Amstrad CPC - 1988),0.00,0
Arachnophobia (Amstrad CPC - 1991),4.52,25
Street Cred Boxing (Amstrad CPC - 1989),0.00,0
Molecule Man (Amstrad CPC - 1986),0.00,0
Rigel's Revenge (Amstrad CPC - 1987),5.00,2
Sidewalk (Amstrad CPC - 1987),5.00,3
Arcticfox (Amstrad CPC - 1988),4.32,25
Zoids (Amstrad CPC - 1986),4.75,4
Rick Dangerous (Amstrad CPC - 1989),4.14,36
Spellbreaker (Amstrad CPC - 1986),4.39,13
Footballer of the Year (Amstrad CPC - 1986),4.40,5
Uridium (Amstrad CPC - 1987),4.60,10
Steve Davis Snooker (Amstrad CPC - 1986),1.00,1
Space Ace (Amstrad CPC - 1988),5.00,1
ATF: Advanced Tactical Fighter (Amstrad CPC - 1988),4.75,4
Chicago 30's (Amstrad CPC - 1988),5.00,1
Tai-Pan (Amstrad CPC - 1987),4.75,4
Hacker (Amstrad CPC - 1986),4.09,23
Los Pájaros de Bangkok (Amstrad CPC - 1988),2.00,1
Deadline (Amstrad CPC - 1986),4.64,11
Sailing (Amstrad CPC - 1987),3.67,3
Sabotage (Amstrad CPC - 1988),5.00,1
Rig Attack (Amstrad CPC - 1985),1.00,1
BMX Simulator (Amstrad CPC - 1987),4.44,9
Mission Elevator (Amstrad CPC - 1986),4.40,5
Super Stock Car (Amstrad CPC - 1990),0.00,0
Fruit Machine (Amstrad CPC - 1984),4.00,2
Elevator Action (Amstrad CPC - 1987),4.75,4
"Jim Power in ""Mutant Planet"" (Amstrad CPC - 1992)",4.00,2
Viaje Al Centro De La Tierra (Amstrad CPC - 1989),4.20,5
Drazen Petrovic Basket (Amstrad CPC - 1989),3.80,5
Rasputin (Amstrad CPC - 1986),5.00,1
Red Scorpion (Amstrad CPC - 1987),0.00,0
Passengers on the Wind II (Amstrad CPC - 1988),4.00,4
Thunder Burner (Amstrad CPC - 1991),1.00,1
Psyborg (Amstrad CPC - 1992),5.00,1
ACE 2 (Amstrad CPC - 1987),4.20,5
Conquestador (Amstrad CPC - 1986),5.00,2
Scooby-Doo and Scrappy-Doo (Amstrad CPC - 1991),3.71,7
DJ Puff (Amstrad CPC - 1992),4.33,3
Winter Sports (Amstrad CPC - 1985),5.00,1
"20,000 Leagues Under the Sea (Amstrad CPC - 1988)",3.75,24
The Story So Far: Vol 4 (Amstrad CPC - 1990),5.00,1
Booly (Amstrad CPC - 1991),4.75,4
Des Chiffres et des Lettres (Amstrad CPC - 1987),4.67,12
Spitfire '40 (Amstrad CPC - 1985),4.33,3
Rugby Coach (Amstrad CPC - 1991),0.00,0
Off Shore Warrior (Amstrad CPC - 1988),4.50,4
Coil Cop (Amstrad CPC - 1987),0.00,0
Joe Blade (Amstrad CPC - 1987),2.33,3
World Championship Boxing Manager (Amstrad CPC - 1990),3.90,39
Space Racer (Amstrad CPC - 1988),5.00,4
Mortadelo y Filemón II: Safari Callejero (Amstrad CPC - 1989),5.00,6
Chuckie Egg (Amstrad CPC - 1985),4.18,22
Adventure B (Amstrad CPC - 1985),0.00,0
Terra Cognita (Amstrad CPC - 1986),5.00,1
Speed Buggy (Amstrad CPC - 1987),4.50,10
Space School Simulator: The Academy (Amstrad CPC - 1987),4.56,9
Wizard Warz (Amstrad CPC - 1987),3.75,4
Shadow Dancer (Amstrad CPC - 1991),4.29,7
Classic Muncher (Amstrad CPC - 1987),5.00,1
Lorna (Amstrad CPC - 1990),4.50,14
Vendetta (Amstrad CPC - 1990),5.00,2
Aftermath (Amstrad CPC - 1988),3.00,1
Airwolf (Amstrad CPC - 1985),3.67,6
Mindtrap (Amstrad CPC - 1989),0.00,0
Deadenders (Amstrad CPC - 1988),5.00,1
Nightshade (Amstrad CPC - 1985),4.50,4
Score 3020 (Amstrad CPC - 1988),0.00,0
Xenophobe (Amstrad CPC - 1989),4.20,5
Hammer-Head (Amstrad CPC - 1992),0.00,0
Strike Aces (Amstrad CPC - 1990),4.50,10
Werewolf Simulator (Amstrad CPC - 1988),4.00,2
Killapede (Amstrad CPC - 1986),0.00,0
Total Eclipse: Special Edition (Amstrad CPC - 1989),0.00,0
Rush'n Attack (Amstrad CPC - 1986),3.90,31
Bomb Fusion (Amstrad CPC - 1989),5.00,2
Superstar Indoor Sports (Amstrad CPC - 1987),5.00,6
Dragon's Lair Part II: Escape from Singe's Castle (Amstrad CPC - 1987),4.00,4
1943: The Battle of Midway (Amstrad CPC - 1988),4.41,32
Championship Water-Skiing (Amstrad CPC - 1987),5.00,1
I-Alien (Amstrad CPC - 1988),0.00,0
The Great Escape (Amstrad CPC - 1986),4.41,17
Star Raiders II (Amstrad CPC - 1987),5.00,2
Downhill Challenge (Amstrad CPC - 1987),3.63,8
Desert Fox (Amstrad CPC - 1986),4.50,2
Mountie Mick's Deathride (Amstrad CPC - 1987),5.00,1
AAARGH! (Amstrad CPC - 1989),4.05,20
Volleyball Simulator (Amstrad CPC - 1989),4.29,7
Wreckless Roger (Amstrad CPC - 1984),0.00,0
Alien 8 (Amstrad CPC - 1985),5.00,3
The Goonies (Amstrad CPC - 1986),5.00,3
Road Raider (Amstrad CPC - 1988),4.17,6
GI Hero (Amstrad CPC - 1988),0.00,0
6*Pak Vol. 3 (Amstrad CPC - 1988),5.00,1
Airwolf 2 (Amstrad CPC - 1987),4.00,2
Switchblade (Amstrad CPC - 1990),4.00,4
Fun School 3: for the over 7s (Amstrad CPC - 1990),0.00,0
Heavy Metal (Amstrad CPC - 1990),4.00,10
Motos (Amstrad CPC - 1987),4.00,2
Stormbringer (Amstrad CPC - 1987),0.00,0
Explorer (Amstrad CPC - 1987),5.00,1
Deadly Evil (Amstrad CPC - 1990),5.00,1
Premier 2: Superleague (Amstrad CPC - 1987),0.00,0
S.T.U.N. Runner (Amstrad CPC - 1990),4.62,16
Terminus: The Prison Planet (Amstrad CPC - 1986),0.00,0
OutRun Europa (Amstrad CPC - 1991),4.57,7
Out of this World (Amstrad CPC - 1987),2.50,2
G-Loc: Air Battle (Amstrad CPC - 1992),5.00,2
Rescate En El Golfo (Amstrad CPC - 1990),5.00,5
P47 Thunderbolt (Amstrad CPC - 1990),4.17,6
Tuareg (Amstrad CPC - 1988),5.00,2
FireTrap (Amstrad CPC - 1987),5.00,1
Gunboat (Amstrad CPC - 1987),0.00,0
The Worm in Paradise (Amstrad CPC - 1986),3.50,2
The Eidolon (Amstrad CPC - 1986),4.67,6
Castle Blackstar (Amstrad CPC - 1984),0.00,0
Four Smash Hits from Hewson (Amstrad CPC - 1987),0.00,0
The Quest for the Golden Eggcup (Amstrad CPC - 1988),5.00,1
Indiana Jones and The Fate of Atlantis: The Action Game (Amstrad CPC - 1992),3.78,18
Popeye (Amstrad CPC - 1986),4.33,3
West Phaser (Amstrad CPC - 1989),3.67,3
Pinball Magic (Amstrad CPC - 1990),4.75,4
Fernandez Must Die (Amstrad CPC - 1988),5.00,2
Star Firebirds (Amstrad CPC - 1986),0.00,0
Rebel Planet (Amstrad CPC - 1986),5.00,2
Gauntlet: The Deeper Dungeons (Amstrad CPC - 1987),4.50,4
Elektraglide (Amstrad CPC - 1986),0.00,0
Jackle & Wide (Amstrad CPC - 1987),5.00,1
Southern Belle (Amstrad CPC - 1985),5.00,2
Hunchback II: Quasimodo's Revenge (Amstrad CPC - 1985),5.00,1
Coliseum (Amstrad CPC - 1988),5.00,1
Kobyashi Naru (Amstrad CPC - 1987),1.33,3
Rocco (Amstrad CPC - 1985),0.00,0
Ninja Spirit (Amstrad CPC - 1990),4.33,3
Hammerfist (Amstrad CPC - 1990),3.00,3
Battle Command (Amstrad CPC - 1991),4.45,11
Motorbike Madness (Amstrad CPC - 1988),2.75,4
The Brick (Amstrad CPC - 1989),0.00,0
Black Magic (Amstrad CPC - 1987),4.60,5
Mystery of the Nile (Amstrad CPC - 1986),5.00,6
Rolling Thunder (Amstrad CPC - 1988),3.57,7
Roy of the Rovers (Amstrad CPC - 1988),5.00,1
Xcel (Amstrad CPC - 1986),0.00,0
Pictionary: The Game of Quick Draw (Amstrad CPC - 1989),4.23,17
Nibbler (Amstrad CPC - 1985),3.00,1
Stunt Track Racer (Amstrad CPC - 1990),4.41,22
The Hunt for Red October (Amstrad CPC - 1991),4.50,12
Master Chess (Amstrad CPC - 1987),5.00,1
Indiana Jones and The Last Crusade: The Action Game (Amstrad CPC - 1989),4.15,27
Edd the Duck! (Amstrad CPC - 1991),5.00,1
Rollaround (Amstrad CPC - 1988),0.00,0
Platoon (Amstrad CPC - 1988),4.50,18
Grid Iron 2 (Amstrad CPC - 1989),0.00,0
Classic Trainer (Amstrad CPC - 1989),0.00,0
Friday the 13th (Amstrad CPC - 1986),4.25,12
PC-Man (Amstrad CPC - 1982),5.00,9
War Hawk (Amstrad CPC - 1986),3.00,1
Le labyrinthe d'Orthophus (Amstrad CPC - 1989),4.00,1
Captain Planet and the Planeteers (Amstrad CPC - 1992),5.00,3
Quartet (Amstrad CPC - 1987),0.00,0
Execution (Amstrad CPC - 1985),0.00,0
Christmas Collection (Amstrad CPC - 1989),0.00,0
Mambo (Amstrad CPC - 1989),3.50,2
Ruff and Reddy in the Space Adventure (Amstrad CPC - 1990),3.00,2
Professional Ski Simulator (Amstrad CPC - 1988),4.50,2
Crack-Up (Amstrad CPC - 1989),4.50,2
Deliverance: Stormlord II (Amstrad CPC - 1990),4.78,9
Fighting Soccer (Amstrad CPC - 1989),0.00,0
The Hunt for Red October (Amstrad CPC - 1988),4.60,20
Action Force (Amstrad CPC - 1988),5.00,3
The Ice Temple (Amstrad CPC - 1989),4.00,2
Fire and Forget (Amstrad CPC - 1988),4.30,10
The Neverending Story (Amstrad CPC - 1985),4.67,3
Poogaboo: La Pulga 2 (Amstrad CPC - 1991),4.00,3
Guadalcanal (Amstrad CPC - 1987),5.00,4
Postman Pat 2 (Amstrad CPC - 1989),0.00,0
The Last V8 (Amstrad CPC - 1986),5.00,1
Street Hawk (Amstrad CPC - 1986),3.50,2
Thing on a Spring (Amstrad CPC - 1986),4.25,4
European Soccer Challenge (Amstrad CPC - 1989),2.00,1
Frankenstein Jnr. (Amstrad CPC - 1990),5.00,1
Attack of the Killer Tomatoes (Amstrad CPC - 1986),0.00,0
Magic Johnson's Fast Break (Amstrad CPC - 1990),4.83,6
Battle Droidz (Amstrad CPC - 1987),3.50,2
Ninja Master (Amstrad CPC - 1986),3.00,3
Rick Davis's World Trophy Soccer (Amstrad CPC - 1989),4.72,18
Tournament Tennis (Amstrad CPC - 1985),3.13,8
Football Manager 2 (Amstrad CPC - 1988),4.31,13
Comando Tracer (Amstrad CPC - 1988),5.00,1
African Trail Simulator (Amstrad CPC - 1990),4.10,10
Balloonacy (Amstrad CPC - 2007),5.00,1
Mig-29 Soviet Fighter (Amstrad CPC - 1989),2.50,2
The Adventures of Bond... Basildon Bond (Amstrad CPC - 1986),5.00,2
Twice Shy (Amstrad CPC - 1986),0.00,0
Ramparts (Amstrad CPC - 1988),5.00,2
Werner: Let's go! (Amstrad CPC - 1987),0.00,0
Darkman (Amstrad CPC - 1991),0.00,0
Une affaire en or (Amstrad CPC - 1985),4.00,1
Planetfall (Amstrad CPC - 1986),4.41,17
Mega-Apocalypse (Amstrad CPC - 1988),4.00,1
Stifflip & Co. (Amstrad CPC - 1987),4.00,1
Invasion (Amstrad CPC - 1987),4.50,2
Frank N Stein (Amstrad CPC - 1985),0.00,0
Monopoly (Amstrad CPC - 1986),4.67,12
Nick Faldo Plays The Open (Amstrad CPC - 1986),0.00,0
Axe of Rage (Amstrad CPC - 1989),4.35,23
Asphalt (Amstrad CPC - 1987),4.50,4
Core (Amstrad CPC - 1986),4.67,3
Contra (Amstrad CPC - 1987),4.29,49
Revolution (Amstrad CPC - 1986),0.00,0
Trap (Amstrad CPC - 1987),3.00,1
S.W.I.V. (Amstrad CPC - 1991),4.14,7
Rogue (Amstrad CPC - 1988),4.57,76
Dick Tracy (Amstrad CPC - 1990),4.44,16
Traffic (Amstrad CPC - 1985),4.60,5
Bomb Jack II (Amstrad CPC - 1987),4.00,3
Footballer of the Year 2 (Amstrad CPC - 1989),3.75,4
Duel Master: Blood Valley (Amstrad CPC - 1987),5.00,1
Mission (Amstrad CPC - 1987),0.00,0
Multi-Player Soccer Manager (Amstrad CPC - 1990),4.43,7
Peter Shilton's Handball Maradona! (Amstrad CPC - 1986),4.00,2
Gee Bee Air Rally (Amstrad CPC - 1988),4.67,3
Gauntlet (Amstrad CPC - 1986),4.90,31
Hercules: Slayer of the Damned! (Amstrad CPC - 1988),4.00,2
RoboCop (Amstrad CPC - 1989),4.75,4
Druid (Amstrad CPC - 1986),5.00,5
Bob Morane: Science Fiction 1 (Amstrad CPC - 1987),3.00,2
Jump (Amstrad CPC - 1992),5.00,1
Alien Syndrome (Amstrad CPC - 1988),4.42,19
Heroes of Karn (Amstrad CPC - 1985),4.50,2
Kung-Fu: The Way of the Exploding Fist (Amstrad CPC - 1985),4.89,9
British Super League (Amstrad CPC - 1990),5.00,1
Big Trouble in Little China (Amstrad CPC - 1987),3.75,4
They Sold a Million 3 (Amstrad CPC - 1986),1.00,1
Hydrofool (Amstrad CPC - 1987),3.00,2
Super Trux (Amstrad CPC - 1989),5.00,1
APB (Amstrad CPC - 1989),4.12,17
Abracadabra (Amstrad CPC - 1988),5.00,8
Gerbil Riot of '67 (Amstrad CPC - 1988),5.00,1
Jimmy's Soccer Manager (Amstrad CPC - 1992),0.00,0
Advanced Pinball Simulator (Amstrad CPC - 1988),4.33,3
Monty Python's Flying Circus (Amstrad CPC - 1990),3.30,10
Pro Skateboard Simulator (Amstrad CPC - 1989),5.00,1
Winter Wonderland (Amstrad CPC - 1987),5.00,1
Captain Blood (Amstrad CPC - 1988),4.38,29
Red Moon (Amstrad CPC - 1985),5.00,2
Purple Saturn Day (Amstrad CPC - 1989),4.00,6
They Sold a Million II (Amstrad CPC - 1986),5.00,1
F-15 Strike Eagle (Amstrad CPC - 1987),4.20,15
Blasteroids (Amstrad CPC - 1989),5.00,3
Mike Gunner (Amstrad CPC - 1989),0.00,0
Pinball Wizard (Amstrad CPC - 1985),0.00,0
Buster Block (Amstrad CPC - 1986),0.00,0
Confuzion (Amstrad CPC - 1985),5.00,1
V (Amstrad CPC - 1986),4.33,3
Action Fighter (Amstrad CPC - 1989),4.45,11
Minnesota Fats' Pool Challenge (Amstrad CPC - 1985),0.00,0
Herobotix (Amstrad CPC - 1988),0.00,0
OutRun (Amstrad CPC - 1987),4.48,52
Flippit (Amstrad CPC - 1988),0.00,0
Shark (Amstrad CPC - 1989),0.00,0
Three Weeks in Paradise (Amstrad CPC - 1986),0.00,0
Predator (Amstrad CPC - 1987),4.27,11
Dustin (Amstrad CPC - 1986),5.00,1
Iron Trackers (Amstrad CPC - 1989),0.00,0
Tenpin Challenge (Amstrad CPC - 1987),0.00,0
100% Dynamite (Amstrad CPC - 1990),5.00,6
Mutant Monty (Amstrad CPC - 1984),5.00,2
A.L.C.O.N. (Amstrad CPC - 1987),4.50,2
Keith Van Eron's Pro Soccer (Amstrad CPC - 1988),4.33,15
Tour 91 (Amstrad CPC - 1991),4.80,5
Kwik Snax (Amstrad CPC - 1990),3.67,6
Count Duckula in No Sax Please - We're Egyptian (Amstrad CPC - 1989),4.50,4
The Duel: Test Drive II (Amstrad CPC - 1989),4.25,97
Finders Keepers (Amstrad CPC - 1985),4.50,2
Jack Nicklaus' Greatest 18 Holes of Major Championship Golf (Amstrad CPC - 1989),4.25,12
Harrier Attack! (Amstrad CPC - 1984),3.71,7
Los Inhumanos (Amstrad CPC - 1990),0.00,0
Myth: History in the Making (Amstrad CPC - 1989),4.75,16
Garfield: Winter's Tail (Amstrad CPC - 1989),4.00,2
The Fifth Quadrant (Amstrad CPC - 1987),5.00,1
Suspect (Amstrad CPC - 1986),4.86,7
Cobra (Amstrad CPC - 1987),5.00,7
Frank Bruno's Boxing (Amstrad CPC - 1985),5.00,1
Potsworth & Co. (Amstrad CPC - 1992),5.00,1
Firelord (Amstrad CPC - 1986),4.50,4
Equinox (Amstrad CPC - 1986),4.00,2
Sigma 7 (Amstrad CPC - 1987),1.00,1
Dream Warrior (Amstrad CPC - 1988),5.00,3
Circus Games (Amstrad CPC - 1988),4.33,3
BraveStarr (Amstrad CPC - 1987),5.00,2
Impossamole (Amstrad CPC - 1990),4.00,2
Space Harrier (Amstrad CPC - 1987),4.92,13
"I, Ball (Amstrad CPC - 1987)",0.00,0
Panzadrome (Amstrad CPC - 1986),5.00,1
Sabre Wulf (Amstrad CPC - 1985),4.14,7
Espionage (Amstrad CPC - 1988),5.00,1
Raster Runner (Amstrad CPC - 1990),0.00,0
Avalanche: The Struggle for Italy (Amstrad CPC - 1991),5.00,3
Bob Winner (Amstrad CPC - 1986),5.00,3
Batman (Amstrad CPC - 1986),4.80,5
Last Duel: Inter Planet War 2012 (Amstrad CPC - 1989),5.00,1
Qabbalah (Amstrad CPC - 1986),4.00,1
Zona 0 (Amstrad CPC - 1991),4.18,11
Killer Gorilla (Amstrad CPC - 1984),0.00,0
The Krypton Factor (Amstrad CPC - 1987),0.00,0
Arcade Flight Simulator (Amstrad CPC - 1989),5.00,2
Cybernoid II: The Revenge (Amstrad CPC - 1989),4.75,8
Thomas the Tank Engine's Fun With Words (Amstrad CPC - 1990),4.38,8
Trivial Pursuit: A New Beginning (Amstrad CPC - 1988),3.67,3
Solid Gold (Amstrad CPC - 1987),0.00,0
Starcross (Amstrad CPC - 1986),4.00,16
Eden Blues (Amstrad CPC - 1987),5.00,6
The Lurking Horror (Amstrad CPC - 1987),4.07,70
Bumpy (Amstrad CPC - 1989),4.88,8
Double Dragon (Amstrad CPC - 1988),4.70,48
Brian Bloodaxe (Amstrad CPC - 1985),0.00,0
A.M.C.: Astro Marine Corps (Amstrad CPC - 1989),5.00,5
Goody (Amstrad CPC - 1988),4.85,14
Last Ninja 2: Back With a Vengeance (Amstrad CPC - 1988),4.46,28
Ajax (Amstrad CPC - 1989),4.60,5
Captain America in: The Doom Tube of Dr. Megalomann (Amstrad CPC - 1988),3.13,8
Hobgoblin (Amstrad CPC - 1991),4.67,3
PaperBoy 2 (Amstrad CPC - 1991),4.35,37
Gun.Smoke (Amstrad CPC - 1987),5.00,4
Treasure Island Dizzy (Amstrad CPC - 1989),4.80,5
Boulder Dash: Construction Kit (Amstrad CPC - 1988),4.20,5
American Tag-Team Wrestling (Amstrad CPC - 1992),5.00,3
Popeye 2 (Amstrad CPC - 1991),5.00,4
Combat Lynx (Amstrad CPC - 1985),0.00,0
Captain Dynamo (Amstrad CPC - 1992),4.50,8
World Cup Soccer (Amstrad CPC - 1985),5.00,2
Titanic (Amstrad CPC - 1988),3.50,2
Whopper Chase (Amstrad CPC - 1987),5.00,1
Super Skweek (Amstrad CPC - 1991),3.67,3
Target: Renegade (Amstrad CPC - 1988),4.50,4
Star Wars: Droids (Amstrad CPC - 1988),4.43,7
Turrican II: The Final Fight (Amstrad CPC - 1991),4.56,63
Adidas Championship Football (Amstrad CPC - 1990),0.00,0
Nether Earth (Amstrad CPC - 1987),4.50,2
Infiltrator (Amstrad CPC - 1986),5.00,11
Metropolis (Amstrad CPC - 1989),5.00,1
Speed King (Amstrad CPC - 1986),5.00,2
Greyfell: Legend of Norman (Amstrad CPC - 1987),5.00,1
Stunt Bike Simulator (Amstrad CPC - 1988),0.00,0
Blockbuster (Amstrad CPC - 1988),4.67,6
Bounder (Amstrad CPC - 1986),5.00,1
The Secret Diary of Adrian Mole Aged 13¾ (Amstrad CPC - 1985),5.00,2
La Diosa de Cozumel (Amstrad CPC - 1990),4.71,7
Back to Reality (Amstrad CPC - 1986),5.00,2
Miami Vice (Amstrad CPC - 1986),5.00,1
Jonah Barrington's Squash (Amstrad CPC - 1990),4.50,2
Wembley Greyhounds (Amstrad CPC - 1989),0.00,0
Raid Over Moscow (Amstrad CPC - 1985),4.67,15
Turbo Kart Racer (Amstrad CPC - 1990),0.00,0
3D-Pinball (Amstrad CPC - 1989),5.00,6
Willow Pattern (Amstrad CPC - 1985),0.00,0
Impossible Mission II (Amstrad CPC - 1988),4.31,50
The Official Father Christmas (Amstrad CPC - 1989),0.00,0
Moontorc (Amstrad CPC - 1991),5.00,2
Ghosts 'n Goblins (Amstrad CPC - 1986),4.46,70
Dragons of Flame (Amstrad CPC - 1990),3.83,18
Enchanter (Amstrad CPC - 1986),4.30,17
The Pawn (Amstrad CPC - 1987),4.11,18
Masters of the Universe: The Movie (Amstrad CPC - 1987),5.00,3
Star Wars (Amstrad CPC - 1987),4.50,38
Xyphoes Fantasy (Amstrad CPC - 1991),5.00,3
Teenage Mutant Ninja Turtles (Amstrad CPC - 1991),4.30,109
Méwilo (Amstrad CPC - 1987),5.00,1
Pac-Mania (Amstrad CPC - 1988),4.47,32
Battle Chopper (Amstrad CPC - 1989),4.00,1
Alex Higgins' World Snooker (Amstrad CPC - 1985),4.20,5
Tiger Road (Amstrad CPC - 1989),3.60,5
Cyberball (Amstrad CPC - 1990),5.00,3
Postman Pat 3: To the Rescue (Amstrad CPC - 1992),5.00,1
Panza Kick Boxing (Amstrad CPC - 1990),4.57,30
Phileas Fogg's Balloon Battles (Amstrad CPC - 1991),5.00,1
Room Ten (Amstrad CPC - 1986),0.00,0
Helichopper (Amstrad CPC - 1986),5.00,2
N.O.M.A.D (Amstrad CPC - 1986),5.00,1
Flight Path 737 (Amstrad CPC - 1984),4.00,1
Turrican (Amstrad CPC - 1990),4.75,16
Strike Force: Cobra (Amstrad CPC - 1986),4.25,4
The Very Big Cave Adventure (Amstrad CPC - 1986),3.00,1
Moon Blaster (Amstrad CPC - 1990),3.50,2
Eagle's Rider (Amstrad CPC - 1990),4.00,1
Beverly Hills Cop (Amstrad CPC - 1990),4.00,19
Airborne Ranger (Amstrad CPC - 1988),4.54,46
Fun School 3: for 5 to 7 Year Olds (Amstrad CPC - 1991),5.00,1
Alpine Games (Amstrad CPC - 1987),3.50,2
Wild West Seymour (Amstrad CPC - 1992),5.00,2
Pac-Land (Amstrad CPC - 1988),4.42,12
Future Knight (Amstrad CPC - 1986),3.00,1
Death or Glory (Amstrad CPC - 1987),5.00,1
Steg the Slug (Amstrad CPC - 1992),4.50,2
Clever & Smart (Amstrad CPC - 1987),5.00,3
The Trap Door (Amstrad CPC - 1986),4.29,7
SDI: Strategic Defense Initiative (Amstrad CPC - 1989),4.00,5
Twin Turbo V8 (Amstrad CPC - 1988),0.00,0
Humphrey (Amstrad CPC - 1988),0.00,0
Oh Mummy (Amstrad CPC - 1984),5.00,7
BMX Ninja (Amstrad CPC - 1988),5.00,2
Soccer Star (Amstrad CPC - 1989),0.00,0
Poli Díaz (Amstrad CPC - 1990),4.20,5
Rally Cross Challenge (Amstrad CPC - 1989),3.67,3
Supersports: The Alternative Olympics (Amstrad CPC - 1988),0.00,0
Spooked (Amstrad CPC - 1989),5.00,1
L.E.D. Storm (Amstrad CPC - 1988),3.50,6
1st Division Manager (Amstrad CPC - 1991),3.82,11
Cosmic Relief: Prof. Renegade to the Rescue (Amstrad CPC - 1988),4.25,4
Grand Prix Circuit (Amstrad CPC - 1990),4.62,78
Rana Rama (Amstrad CPC - 1987),4.67,3
Maze Mania (Amstrad CPC - 1989),5.00,1
Street Cred Football (Amstrad CPC - 1989),0.00,0
Rick Dangerous 2 (Amstrad CPC - 1990),4.38,32
Red Arrows (Amstrad CPC - 1985),0.00,0
Postman Pat (Amstrad CPC - 1989),4.11,9
Dizzy: Prince of the Yolkfolk (Amstrad CPC - 1991),4.86,7
Dynamite Dan (Amstrad CPC - 1985),4.00,3
Chevy Chase (Amstrad CPC - 1991),5.00,3
Bionic Ninja (Amstrad CPC - 1989),4.00,2
Nosferatu the Vampyre (Amstrad CPC - 1986),4.57,7
Solar Star (Amstrad CPC - 1987),0.00,0
Mega Phoenix (Amstrad CPC - 1991),4.00,2
Hold-Up (Amstrad CPC - 1984),0.00,0
Infernal Runner (Amstrad CPC - 1985),4.20,5
BreakThru (Amstrad CPC - 1986),5.00,3
Enduro Racer (Amstrad CPC - 1987),4.83,6
Warlord (Amstrad CPC - 1985),4.00,1
Super Tank Simulator (Amstrad CPC - 1989),0.00,0
Activator (Amstrad CPC - 1986),5.00,1
Arcade Fruit Machine (Amstrad CPC - 1990),4.60,5
Destructo (Amstrad CPC - 1987),5.00,2
Emerald Isle (Amstrad CPC - 1985),4.50,2
Space Harrier II (Amstrad CPC - 1990),3.80,5
Troll (Amstrad CPC - 1988),5.00,1
Snoopy: The Cool Computer Game (Amstrad CPC - 1989),4.55,29
Bangers & Mash (Amstrad CPC - 1992),4.25,4
Xevious (Amstrad CPC - 1986),4.78,9
Emilio Sanchez Vicario Grand Slam (Amstrad CPC - 1989),3.50,2
Heavy on the Magick (Amstrad CPC - 1986),0.00,0
Desert Rats: The North Africa Campaign (Amstrad CPC - 1986),4.70,10
Miami Dice (Amstrad CPC - 1986),0.00,0
Agent X II: The Mad Prof's Back! (Amstrad CPC - 1987),0.00,0
Psi 5 Trading Co. (Amstrad CPC - 1987),4.77,13
Cosmic Sheriff (Amstrad CPC - 1989),5.00,2
Super Cycle (Amstrad CPC - 1986),4.25,4
The Brainies (Amstrad CPC - 1991),4.00,5
Bosconian '87 (Amstrad CPC - 1987),5.00,2
Back to the Future Part III (Amstrad CPC - 1991),4.12,26
3D Boxing (Amstrad CPC - 1985),5.00,1
Road Runner and Wile E. Coyote (Amstrad CPC - 1991),5.00,6
Gremlins: The Adventure (Amstrad CPC - 1985),4.00,4
Marsport (Amstrad CPC - 1985),5.00,2
Radius (Amstrad CPC - 1987),0.00,0
Tapper (Amstrad CPC - 1985),4.37,30
Imagination (Amstrad CPC - 1987),3.67,3
Michel Futbol Master + Super Skills (Amstrad CPC - 1989),3.00,2
F-1 (Amstrad CPC - 1991),5.00,3
Sudoku (Amstrad CPC - 2008),3.00,1
Rebelstar (Amstrad CPC - 1987),4.67,3
Dynasty Wars (Amstrad CPC - 1990),4.75,4
3D Time Trek (Amstrad CPC - 1985),4.63,8
4x4 Off-Road Racing (Amstrad CPC - 1988),4.31,45
Prodigy (Amstrad CPC - 1986),0.00,0
Espionage Island (Amstrad CPC - 1985),0.00,0
Jackal (Amstrad CPC - 1987),4.35,20
Splat! (Amstrad CPC - 1985),0.00,0
Peter Pan (Amstrad CPC - 1988),5.00,3
Corsarios (Amstrad CPC - 1989),5.00,5
Stormlord (Amstrad CPC - 1989),4.56,18
Seabase Delta (Amstrad CPC - 1986),5.00,3
Slot Car Racer (Amstrad CPC - 1987),5.00,2
Thomas the Tank Engine & Friends (Amstrad CPC - 1991),0.00,0
Kyros (Amstrad CPC - 1988),0.00,0
Milk Race (Amstrad CPC - 1987),3.67,3
Double Gold: The Black Fountain and Sharpe's Deeds (Amstrad CPC - 1987),5.00,1
Cosa Nostra (Amstrad CPC - 1986),0.00,0
The Deep (Amstrad CPC - 1988),1.00,1
Pyjamarama (Amstrad CPC - 1984),5.00,2
Archon II: Adept (Amstrad CPC - 1989),4.88,8
The Computer Edition of Scrabble Brand Crossword Game (Amstrad CPC - 1985),5.00,2
The Train: Escape to Normandy (Amstrad CPC - 1988),5.00,11
Scramble Spirits (Amstrad CPC - 1990),5.00,5
Striker (Amstrad CPC - 1990),5.00,4
Karateka (Amstrad CPC - 1990),4.48,48
Jinks (Amstrad CPC - 1988),1.00,1
3-D Monster Chase (Amstrad CPC - 1984),4.83,6
Super Trolley (Amstrad CPC - 1988),0.00,0
"Baby Jo in: ""Going Home"" (Amstrad CPC - 1991)",4.16,19
A Question of Scruples: The Computer Edition (Amstrad CPC - 1987),3.50,2
Realm of Chaos: Village of Lost Souls (Amstrad CPC - 1987),5.00,1
Jack the Nipper (Amstrad CPC - 1986),4.00,2
"Jeffrey Archer: Not a Penny More, Not a Penny Less - The Computer Game (Amstrad CPC - 1987)",5.00,2
Final Fight (Amstrad CPC - 1991),4.46,13
Dungeon Adventure (Amstrad CPC - 1984),5.00,2
Combat Course (Amstrad CPC - 1988),4.25,4
Werewolves of London (Amstrad CPC - 1987),3.75,4
Superkid (Amstrad CPC - 1990),3.00,1
Le Maître des âmes (Amstrad CPC - 1987),4.00,3
Golden Basket (Amstrad CPC - 1990),4.80,5
Yogi Bear (Amstrad CPC - 1987),5.00,1
Pub Games (Amstrad CPC - 1987),4.00,2
The Big Sleaze (Amstrad CPC - 1987),4.00,2
Turbo Cup (Amstrad CPC - 1988),4.88,8
Gunboat (Amstrad CPC - 1990),4.35,34
Buffalo Bill's Wild West Show (Amstrad CPC - 1989),4.14,7
Grange Hill (Amstrad CPC - 1987),5.00,1
Le Labyrinthe de Morphintax (Amstrad CPC - 1991),0.00,0
Short Circuit (Amstrad CPC - 1987),5.00,2
Speed Zone (Amstrad CPC - 1988),5.00,2
The Untouchables (Amstrad CPC - 1989),4.33,3
Harvey Headbanger (Amstrad CPC - 1986),0.00,0
Star Wars: The Empire Strikes Back (Amstrad CPC - 1988),4.20,10
Wriggler (Amstrad CPC - 1985),0.00,0
Cholo (Amstrad CPC - 1987),5.00,6
Striker Manager (Amstrad CPC - 1990),0.00,0
Mickey Mouse: The Computer Game (Amstrad CPC - 1988),5.00,5
Grand Prix Master (Amstrad CPC - 1988),4.00,8
Prehistorik (Amstrad CPC - 1991),4.72,80
720º (Amstrad CPC - 1988),5.00,7
The Real Ghostbusters (Amstrad CPC - 1989),4.86,7
The Ninja Warriors (Amstrad CPC - 1989),4.00,2
Sláine (Amstrad CPC - 1987),4.00,2
Guardians (Amstrad CPC - 1991),3.00,1
Jocky Wilson's Darts Challenge (Amstrad CPC - 1988),3.67,3
Forbidden Planet (Amstrad CPC - 1986),0.00,0
Spherical (Amstrad CPC - 1990),4.00,4
Dames Simulator (Amstrad CPC - 1990),3.78,9
Platinum (Amstrad CPC - 1990),0.00,0
Transmuter (Amstrad CPC - 1987),5.00,1
Pulsoids (Amstrad CPC - 1988),0.00,0
Rescue from Atlantis (Amstrad CPC - 1989),0.00,0
Sultan's Maze (Amstrad CPC - 1984),0.00,0
Billy 2 (Amstrad CPC - 1987),3.50,2
Exolon (Amstrad CPC - 1987),4.50,2
Gradius (Amstrad CPC - 1987),4.50,2
Dynamic Duo (Amstrad CPC - 1989),5.00,1
Soccer Rivals (Amstrad CPC - 1991),5.00,1
Operation Hanoi (Amstrad CPC - 1990),0.00,0
Tarzan (Amstrad CPC - 1986),4.33,3
Movie (Amstrad CPC - 1986),5.00,1
The Sydney Affair (Amstrad CPC - 1986),4.50,4
Dogfight 2187 (Amstrad CPC - 1987),0.00,0
Every Second Counts (Amstrad CPC - 1988),5.00,1
Ikari Warriors (Amstrad CPC - 1987),4.31,29
Strange Loop (Amstrad CPC - 1985),5.00,1
Arcade Trivia Quiz (Amstrad CPC - 1989),4.50,2
Gothik (Amstrad CPC - 1988),5.00,1
Wriggler (Amstrad CPC - 1984),0.00,0
Crete 1941: Fallschirmjager (Amstrad CPC - 1990),4.50,2
Death Stalker (Amstrad CPC - 1989),0.00,0
Skate or Die (Amstrad CPC - 1989),4.14,21
X-Out (Amstrad CPC - 1990),4.33,9
Zblast SD (Amstrad CPC - 2005),0.00,0
Yes Prime Minister: The Computer Game (Amstrad CPC - 1987),4.07,15
HKM (Amstrad CPC - 1989),3.64,11
Hotshot (Amstrad CPC - 1988),3.50,4
Johnny Reb (Amstrad CPC - 1984),2.33,3
Isoleur (Amstrad CPC - 1985),0.00,0
Star Dust (Amstrad CPC - 1987),5.00,4
Beach-Head (Amstrad CPC - 1985),4.89,9
Uchi Mata (Amstrad CPC - 1987),4.33,3
Cricket Captain (Amstrad CPC - 1990),5.00,1
Shadow of the Beast (Amstrad CPC - 1990),4.47,15
Kong Strikes Back! (Amstrad CPC - 1985),3.00,2
Lucky Luke (Amstrad CPC - 1987),4.00,9
Silent Service (Amstrad CPC - 1986),4.65,40
Kinetik (Amstrad CPC - 1987),3.00,1
Monty on the Run (Amstrad CPC - 1985),4.71,7
Rogue Trooper (Amstrad CPC - 1986),5.00,2
Formula 1 Simulator (Amstrad CPC - 1985),0.00,0
The Bells (Amstrad CPC - 1986),0.00,0
The Munsters (Amstrad CPC - 1989),3.75,4
Andy Capp (Amstrad CPC - 1988),5.00,4
Bionic Commando (Amstrad CPC - 1988),4.12,16
Tennis Cup (Amstrad CPC - 1990),3.00,2
Skyfox (Amstrad CPC - 1986),5.00,2
Chimera (Amstrad CPC - 1985),3.00,3
Storm (Amstrad CPC - 1986),5.00,5
Silent Shadow (Amstrad CPC - 1988),4.50,2
Cyrus II Chess (Amstrad CPC - 1985),4.83,6
Bubble Ghost (Amstrad CPC - 1988),4.25,8
First Class with the Shoe People (Amstrad CPC - 1991),0.00,0
The Game of Harmony (Amstrad CPC - 1990),5.00,4
Total Eclipse (Amstrad CPC - 1988),4.54,13
Battle of the Planets (Amstrad CPC - 1986),5.00,1
Chip's Challenge (Amstrad CPC - 1990),4.28,129
Gilbert: Escape from Drill (Amstrad CPC - 1989),0.00,0
Dragon Spirit (Amstrad CPC - 1989),4.81,16
Buggy Ranger (Amstrad CPC - 1990),5.00,2
Extreme (Amstrad CPC - 1991),5.00,1
Boot Camp (Amstrad CPC - 1987),4.17,6
Terror of the Deep (Amstrad CPC - 1987),5.00,1
Sporting Triangles (Amstrad CPC - 1989),5.00,1
Renegade III: The Final Chapter (Amstrad CPC - 1989),0.00,0
The Blues Brothers (Amstrad CPC - 1991),4.65,44
Minder (Amstrad CPC - 1985),0.00,0
Froggy (Amstrad CPC - 1985),0.00,0
Thai Boxing (Amstrad CPC - 1986),3.00,2
Fred (Amstrad CPC - 1984),4.60,5
Atomic Driver (Amstrad CPC - 1988),0.00,0
Altered Beast (Amstrad CPC - 1989),4.40,40
Night Shift (Amstrad CPC - 1991),3.59,17
Pipe Dream (Amstrad CPC - 1990),4.31,13
Mike Read's Computer Pop Quiz (Amstrad CPC - 1989),0.00,0
Yie Ar Kung-Fu 2: The Emperor Yie-Gah (Amstrad CPC - 1987),4.29,7
Brian Jacks Superstar Challenge (Amstrad CPC - 1985),5.00,3
Star Empire (Amstrad CPC - 1986),5.00,1
Fun School 3 for the Under 5s (Amstrad CPC - 1990),0.00,0
MASK Two Two (Amstrad CPC - 1988),0.00,0
SimCity (Amstrad CPC - 1989),4.31,135
Ingrid's Back! (Amstrad CPC - 1988),4.00,5
Roland in Time (Amstrad CPC - 1985),5.00,1
NEIL Android (Amstrad CPC - 1988),5.00,2
Satan (Amstrad CPC - 1990),4.08,12
Tanium (Amstrad CPC - 1988),0.00,0
Saint Dragon (Amstrad CPC - 1990),4.50,4
Gunstar (Amstrad CPC - 1987),5.00,1
Q10 Tankbuster (Amstrad CPC - 1992),3.00,1
Passengers on The Wind (Amstrad CPC - 1986),4.18,11
Powerplay: The Game of the Gods (Amstrad CPC - 1986),4.56,9
Battle of Britain (Amstrad CPC - 1985),4.14,7
J.R.R. Tolkien's War in Middle Earth (Amstrad CPC - 1989),5.00,3
Drakkar (Amstrad CPC - 1989),5.00,2
Jaws (Amstrad CPC - 1989),2.67,3
Dragon's Lair (Amstrad CPC - 1986),4.50,10
4 Soccer Simulators (Amstrad CPC - 1989),5.00,3
Danger Mouse in Double Trouble (Amstrad CPC - 1985),3.25,4
Shockway Rider (Amstrad CPC - 1987),5.00,1
Shufflepuck Cafe (Amstrad CPC - 1989),4.46,56
Desperado 2 (Amstrad CPC - 1991),4.25,8
Game Over (Amstrad CPC - 1987),4.75,13
Knight Tyme (Amstrad CPC - 1986),0.00,0
Super Stuntman (Amstrad CPC - 1987),0.00,0
Highway Encounter (Amstrad CPC - 1985),4.75,4
Mad Mix 2: En el castillo de los fantasmas (Amstrad CPC - 1990),5.00,2
Rad Ramp Racer (Amstrad CPC - 1989),5.00,1
Dead or Alive (Amstrad CPC - 1987),3.00,1
Doctor Who and the Mines of Terror (Amstrad CPC - 1986),4.25,4
Knight Lore (Amstrad CPC - 1985),5.00,4
"Livingstone, I Presume? (Amstrad CPC - 1987)",4.69,16
Puffy's Saga (Amstrad CPC - 1989),4.00,4
How to be a Hero (Amstrad CPC - 1987),0.00,0
Sky Shark (Amstrad CPC - 1987),4.60,5
750cc Grand Prix (Amstrad CPC - 1989),4.20,5
Lords of Chaos (Amstrad CPC - 1990),4.75,12
Periscope Up (Amstrad CPC - 1989),0.00,0
Donkey Kong (Amstrad CPC - 1986),4.39,146
NorthStar (Amstrad CPC - 1988),0.00,0
Los Angeles SWAT (Amstrad CPC - 1987),4.00,1
Joe Blade II (Amstrad CPC - 1988),5.00,2
Fighting Warrior (Amstrad CPC - 1985),5.00,2
Robbbot (Amstrad CPC - 1986),0.00,0
Dark Century (Amstrad CPC - 1990),4.00,4
Freddy Hardest (Amstrad CPC - 1987),5.00,3
Lightforce (Amstrad CPC - 1986),3.00,1
Daley Thompson's Decathlon (Amstrad CPC - 1985),4.50,6
Fairlight (Amstrad CPC - 1986),4.33,3
Aliens: The Computer Game (Amstrad CPC - 1987),4.33,15
ACE: Air Combat Emulator (Amstrad CPC - 1986),4.08,12
Zork II: The Wizard of Frobozz (Amstrad CPC - 1986),4.43,21
Amaurote (Amstrad CPC - 1987),4.33,3
The Saga of Erik the Viking (Amstrad CPC - 1984),4.25,4
Castle Master + Castle Master II: The Crypt (Amstrad CPC - 1990),4.17,6
Space Shuttle: A Journey into Space (Amstrad CPC - 1986),4.00,4
Kung-Fu Master (Amstrad CPC - 1987),4.75,8
Star Trap (Amstrad CPC - 1989),3.00,2
Swap (Amstrad CPC - 1990),0.00,0
Lancelot (Amstrad CPC - 1988),4.58,12
Vera Cruz (Amstrad CPC - 1985),3.86,7
Dark Side (Amstrad CPC - 1988),4.63,8
Nonterraqueous (Amstrad CPC - 1985),0.00,0
The Flintstones (Amstrad CPC - 1988),4.00,3
The Way of the Tiger (Amstrad CPC - 1986),0.00,0
Austerlitz (Amstrad CPC - 1986),5.00,2
Billy la Banlieue (Amstrad CPC - 1986),5.00,4
The Tolkien Trilogy (Amstrad CPC - 1989),0.00,0
Rambo: First Blood Part II (Amstrad CPC - 1986),4.40,10
WEC Le Mans 24 (Amstrad CPC - 1988),4.25,4
Advanced Destroyer Simulator (Amstrad CPC - 1990),4.33,18
Catastrophes (Amstrad CPC - 1985),0.00,0
Fun School 4: For 5 to 7 Year Olds (Amstrad CPC - 1992),3.67,3
Budokan: The Martial Spirit (Amstrad CPC - 1991),4.83,48
Mikie (Amstrad CPC - 1986),5.00,3
Castle Master (Amstrad CPC - 1990),4.81,21
Super Pipeline II (Amstrad CPC - 1985),4.25,4
Hijack (Amstrad CPC - 1986),0.00,0
Star Rank Boxing (Amstrad CPC - 1985),4.25,4
Turbo Out Run (Amstrad CPC - 1989),4.72,29
Operation Thunderbolt (Amstrad CPC - 1990),4.20,10
World Cup (Amstrad CPC - 1985),0.00,0
Collapse (Amstrad CPC - 1985),5.00,1
Ivan 'Ironman' Stewart's Super Off Road (Amstrad CPC - 1990),4.62,84
Krakout (Amstrad CPC - 1987),5.00,3
Lotus Esprit Turbo Challenge (Amstrad CPC - 1990),4.85,13
Message from Andromeda (Amstrad CPC - 1985),3.00,1
World Class Leader Board (Amstrad CPC - 1988),4.66,38
Don Juan (Amstrad CPC - 1984),0.00,0
Gazza II (Amstrad CPC - 1990),0.00,0
Ian Botham's Test Match (Amstrad CPC - 1985),0.00,0
Punchy (Amstrad CPC - 1984),0.00,0
Ghostbusters II (Amstrad CPC - 1989),5.00,4
Sgrizam (Amstrad CPC - 1985),5.00,1
Escape from the Planet of the Robot Monsters (Amstrad CPC - 1990),4.15,20
Project Neptune (Amstrad CPC - 1988),4.24,17
Wells & Fargo (Amstrad CPC - 1988),4.50,2
Awesome Earl in SkateRock (Amstrad CPC - 1987),3.75,4
HMS Cobra: Convois pour Mourmansk (Amstrad CPC - 1986),4.33,3
Shinobi (Amstrad CPC - 1989),3.83,41
Mobile Man (Amstrad CPC - 1989),0.00,0
Predator 2 (Amstrad CPC - 1991),4.90,10
Tom & Jerry (Amstrad CPC - 1989),3.60,10
Shadowfire (Amstrad CPC - 1986),5.00,3
Agent Orange (Amstrad CPC - 1986),0.00,0
Moonmist (Amstrad CPC - 1986),4.37,8
Wishbringer (Amstrad CPC - 1986),4.85,13
Kenny Dalglish Soccer Manager (Amstrad CPC - 1989),5.00,3
Karnov (Amstrad CPC - 1988),4.31,16
Knightmare (Amstrad CPC - 1987),5.00,4
Freedom: Rebels in the Darkness (Amstrad CPC - 1988),3.80,10
Match Day (Amstrad CPC - 1985),3.33,3
HeroQuest: Return of the Witch Lord (Amstrad CPC - 1991),4.44,9
Australian Rules Football (Amstrad CPC - 1989),0.00,0
Jet Set Willy (Amstrad CPC - 1985),4.00,3
Xor (Amstrad CPC - 1987),4.67,3
Don Quijote (Amstrad CPC - 1987),4.67,6
Fire! (Amstrad CPC - 1990),0.00,0
Football Manager (Amstrad CPC - 1984),4.05,19
BMX Kidz (Amstrad CPC - 1988),2.00,1
Roland Goes Digging (Amstrad CPC - 1984),3.00,2
BMX Simulator 2 (Amstrad CPC - 1989),4.33,6
Colossus Bridge 4 (Amstrad CPC - 1986),0.00,0
Sir Lancelot (Amstrad CPC - 1984),4.00,1
Chain Reaction (Amstrad CPC - 1988),0.00,0
Nodes of Yesod (Amstrad CPC - 1985),4.00,2
Gauntlet II (Amstrad CPC - 1987),4.06,35
The Fourth Protocol (Amstrad CPC - 1986),4.43,7
Wild Streets (Amstrad CPC - 1989),4.25,8
Hostage: Rescue Mission (Amstrad CPC - 1990),4.36,36
3D Starstrike (Amstrad CPC - 1985),4.25,4
The Dam Busters (Amstrad CPC - 1986),4.80,10
Granny's Garden (Amstrad CPC - 1987),4.00,29
Hybrid (Amstrad CPC - 1987),5.00,1
Incredible Shrinking Sphere (Amstrad CPC - 1989),4.00,1
Yabba Dabba Doo! (Amstrad CPC - 1986),4.33,3
Murder off Miami (Amstrad CPC - 1986),4.80,5
Samurai Trilogy (Amstrad CPC - 1987),0.00,0
Count Duckula 2 Featuring Tremendous Terence (Amstrad CPC - 1992),5.00,3
Sapiens (Amstrad CPC - 1986),3.56,9
