Title,Average Rating,Number of Ratings
Golden Eagle (Amstrad CPC - 1991),4.13,8
They Sold a Million 3 (Amstrad CPC - 1986),1.00,1
Thomas the Tank Engine's Fun With Words (Amstrad CPC - 1990),4.17,6
Une affaire en or (Amstrad CPC - 1985),4.00,1
Space Crusade (Amstrad CPC - 1992),4.40,35
Molecule Man (Amstrad CPC - 1986),0.00,0
Asphalt (Amstrad CPC - 1987),4.33,3
Los Templos Sagrados (Amstrad CPC - 1991),5.00,4
Iron Trackers (Amstrad CPC - 1989),0.00,0
They $tole a Million (Amstrad CPC - 1986),4.50,2
Mindtrap (Amstrad CPC - 1989),0.00,0
Elite (Amstrad CPC - 1986),4.23,40
Roland in Time (Amstrad CPC - 1985),5.00,1
Colony (Amstrad CPC - 1987),5.00,2
Master of the Lamps (Amstrad CPC - 1985),4.00,1
Dragon Spirit (Amstrad CPC - 1989),4.81,16
Piso Zero (Amstrad CPC - 1991),3.00,1
Run for Gold (Amstrad CPC - 1985),5.00,1
Codename MAT II (Amstrad CPC - 1985),4.50,2
Platinum (Amstrad CPC - 1990),0.00,0
Operation Thunderbolt (Amstrad CPC - 1990),4.11,9
Battleship (Amstrad CPC - 1987),5.00,1
Kane (Amstrad CPC - 1986),5.00,2
The Game of Harmony (Amstrad CPC - 1990),5.00,4
Head Over Heels (Amstrad CPC - 1987),4.00,4
Combat Course (Amstrad CPC - 1988),4.25,4
Arcade Fruit Machine (Amstrad CPC - 1990),4.75,4
SimCity (Amstrad CPC - 1989),4.30,125
The Fifth Quadrant (Amstrad CPC - 1987),5.00,1
Maze Mania (Amstrad CPC - 1989),5.00,1
Pac-Land (Amstrad CPC - 1988),4.30,10
Test Match + One Day Cricket (Amstrad CPC - 1985),0.00,0
Five Star Games (Amstrad CPC - 1986),5.00,1
Strider (Amstrad CPC - 1989),4.40,20
Metro Cross (Amstrad CPC - 1987),5.00,1
Twin Turbo V8 (Amstrad CPC - 1988),0.00,0
Daley Thompson's Super-Test (Amstrad CPC - 1985),5.00,1
James Clavell's Shogun (Amstrad CPC - 1986),5.00,5
PHM Pegasus (Amstrad CPC - 1988),4.42,12
Predator 2 (Amstrad CPC - 1991),4.90,10
Taito's Super Space Invaders (Amstrad CPC - 1991),4.50,18
Core (Amstrad CPC - 1986),5.00,2
Echelon (Amstrad CPC - 1988),4.54,11
Road Raider (Amstrad CPC - 1988),4.17,6
Street Hawk (Amstrad CPC - 1986),3.50,2
Impossaball (Amstrad CPC - 1987),0.00,0
Street Sports Basketball (Amstrad CPC - 1988),5.00,6
Thunder Burner (Amstrad CPC - 1991),1.00,1
Cobra's Arc (Amstrad CPC - 1986),5.00,1
Sol Negro (Amstrad CPC - 1988),4.30,10
ESWAT: Cyber Police (Amstrad CPC - 1990),4.78,9
La Aventura Original (Amstrad CPC - 1989),4.50,4
L'Aigle d'Or (Amstrad CPC - 1986),5.00,1
Highway Encounter (Amstrad CPC - 1985),4.75,4
Prince of Persia (Amstrad CPC - 1990),4.58,446
Forbidden Planet (Amstrad CPC - 1986),0.00,0
Space Shuttle: A Journey into Space (Amstrad CPC - 1986),4.00,4
GI Hero (Amstrad CPC - 1988),0.00,0
Jahangir Khan World Championship Squash (Amstrad CPC - 1991),4.14,7
Cobra (Amstrad CPC - 1987),5.00,7
Thunderblade (Amstrad CPC - 1988),4.70,10
Terra Cognita (Amstrad CPC - 1986),5.00,1
A View to a Kill: The Computer Game (Amstrad CPC - 1985),4.00,9
Chevy Chase (Amstrad CPC - 1991),5.00,3
Viaje Al Centro De La Tierra (Amstrad CPC - 1989),4.20,5
Yogi Bear (Amstrad CPC - 1987),5.00,1
Plundered Hearts (Amstrad CPC - 1987),4.91,11
The Lords of Midnight (Amstrad CPC - 1984),5.00,11
Vixen (Amstrad CPC - 1988),4.43,7
Professional Ski Simulator (Amstrad CPC - 1988),4.50,2
Nonterraqueous (Amstrad CPC - 1985),0.00,0
Guardians (Amstrad CPC - 1991),3.00,1
Postman Pat 2 (Amstrad CPC - 1989),0.00,0
Jai Alai (Amstrad CPC - 1991),3.00,2
The Quest for the Golden Eggcup (Amstrad CPC - 1988),0.00,0
Gradius (Amstrad CPC - 1987),4.50,2
Hideous (Amstrad CPC - 1992),0.00,0
Warlord (Amstrad CPC - 1985),4.00,1
"I, Ball (Amstrad CPC - 1987)",0.00,0
Jackle & Wide (Amstrad CPC - 1987),5.00,1
"Jeffrey Archer: Not a Penny More, Not a Penny Less - The Computer Game (Amstrad CPC - 1987)",5.00,2
Zorro (Amstrad CPC - 1986),4.63,8
2 Player Soccer Squad (Amstrad CPC - 1991),4.14,7
Xenon (Amstrad CPC - 1988),4.38,8
BMX Ninja (Amstrad CPC - 1988),5.00,2
Kyros (Amstrad CPC - 1988),0.00,0
Desperado 2 (Amstrad CPC - 1991),4.25,8
Periscope Up (Amstrad CPC - 1989),0.00,0
Graham Gooch's Test Cricket (Amstrad CPC - 1985),4.33,9
Gunfright (Amstrad CPC - 1986),5.00,1
Cauldron II: The Pumpkin Strikes Back (Amstrad CPC - 1986),4.40,5
Traffic (Amstrad CPC - 1985),4.60,5
Hobgoblin (Amstrad CPC - 1991),4.67,3
Mystical (Amstrad CPC - 1990),4.33,6
Wild Streets (Amstrad CPC - 1989),4.25,8
Titanic (Amstrad CPC - 1988),3.50,2
Space Harrier (Amstrad CPC - 1987),4.92,13
Extreme (Amstrad CPC - 1991),5.00,1
Legions of Death (Amstrad CPC - 1986),4.50,2
Garfield: Winter's Tail (Amstrad CPC - 1989),4.00,2
Pro Powerboat Simulator (Amstrad CPC - 1989),4.00,4
NorthStar (Amstrad CPC - 1988),0.00,0
Gunfighter (Amstrad CPC - 1990),0.00,0
Dive Bomber (Amstrad CPC - 1988),4.50,12
F40 Pursuit Simulator (Amstrad CPC - 1988),4.14,21
Platoon (Amstrad CPC - 1988),4.50,18
Friday the 13th (Amstrad CPC - 1986),4.78,9
The Sentry (Amstrad CPC - 1987),4.63,19
The Cycles: International Grand Prix Racing (Amstrad CPC - 1990),4.48,33
Football Manager: World Cup Edition 1990 (Amstrad CPC - 1990),5.00,1
OutRun Europa (Amstrad CPC - 1991),4.57,7
Android Two (Amstrad CPC - 1985),3.25,4
The Sydney Affair (Amstrad CPC - 1986),4.00,2
Christmas Collection (Amstrad CPC - 1989),0.00,0
Total Eclipse: Special Edition (Amstrad CPC - 1989),0.00,0
Zarkon (Amstrad CPC - 1987),0.00,0
Vectorball (Amstrad CPC - 1988),0.00,0
Murders in Venice (Amstrad CPC - 1989),4.50,10
Gnome Ranger (Amstrad CPC - 1987),4.23,13
Oink! (Amstrad CPC - 1987),0.00,0
Miami Dice (Amstrad CPC - 1986),0.00,0
Postman Pat (Amstrad CPC - 1989),4.11,9
Steg the Slug (Amstrad CPC - 1992),4.50,2
American Tag-Team Wrestling (Amstrad CPC - 1992),5.00,3
Star Wars: Return of the Jedi (Amstrad CPC - 1988),4.50,10
Zone Trooper (Amstrad CPC - 1988),0.00,0
Catastrophes (Amstrad CPC - 1985),0.00,0
Los Pájaros de Bangkok (Amstrad CPC - 1988),2.00,1
Para Academy (Amstrad CPC - 1990),5.00,1
Shanghai (Amstrad CPC - 1988),4.33,12
Rygar (Amstrad CPC - 1987),4.67,6
Autocrash (Amstrad CPC - 1991),4.00,1
Carlos Sainz (Amstrad CPC - 1990),5.00,6
R.B.I. Baseball 2 (Amstrad CPC - 1991),3.70,10
The Slugger (Amstrad CPC - 1985),1.00,1
Sultan's Maze (Amstrad CPC - 1984),0.00,0
Atom Ant (Amstrad CPC - 1990),4.33,3
Mutan Zone (Amstrad CPC - 1988),5.00,6
The Flintstones (Amstrad CPC - 1988),4.00,3
The Pawn (Amstrad CPC - 1987),4.08,13
Penalty Soccer (Amstrad CPC - 1990),5.00,1
Tetris (Amstrad CPC - 1988),4.40,30
Speed King (Amstrad CPC - 1986),5.00,2
Crazy Shot (Amstrad CPC - 1989),4.71,7
T-Bird (Amstrad CPC - 1989),1.00,1
Howard the Duck (Amstrad CPC - 1987),5.00,1
Who Dares Wins II (Amstrad CPC - 1986),5.00,4
Liverpool (Amstrad CPC - 1990),0.00,0
Speed Zone (Amstrad CPC - 1988),5.00,2
Acrojet (Amstrad CPC - 1987),4.67,3
Survivor (Amstrad CPC - 1984),5.00,1
Trigger (Amstrad CPC - 1989),5.00,2
Wanderer (Amstrad CPC - 1989),3.00,2
Tournament Snooker (Amstrad CPC - 1987),5.00,1
Killed Until Dead (Amstrad CPC - 1987),5.00,5
Peter Shilton's Handball Maradona! (Amstrad CPC - 1986),3.00,1
Deflektor (Amstrad CPC - 1987),5.00,1
Dustin (Amstrad CPC - 1986),5.00,1
Ghostbusters (Amstrad CPC - 1985),4.46,16
StarGlider (Amstrad CPC - 1986),4.73,15
Dizzy Dice (Amstrad CPC - 1987),3.67,3
North & South (Amstrad CPC - 1990),4.38,60
Mike Read's Computer Pop Quiz (Amstrad CPC - 1989),0.00,0
Firezone (Amstrad CPC - 1987),4.25,8
Cauldron (Amstrad CPC - 1985),4.00,4
Thai Boxing (Amstrad CPC - 1986),3.00,2
Booly (Amstrad CPC - 1991),4.75,4
Aftermath (Amstrad CPC - 1988),3.00,1
Espionage (Amstrad CPC - 1988),5.00,1
Mordon's Quest (Amstrad CPC - 1985),5.00,1
Xyphoes Fantasy (Amstrad CPC - 1991),5.00,1
Chicago 90 (Amstrad CPC - 1989),4.67,3
Dark Sceptre (Amstrad CPC - 1988),0.00,0
Batman: The Caped Crusader (Amstrad CPC - 1988),4.35,17
Rock'N Roller (Amstrad CPC - 1988),4.00,2
Yogi Bear & Friends in the Greed Monster: A Treasure Hunt (Amstrad CPC - 1990),3.50,6
Pit-Fighter (Amstrad CPC - 1991),4.05,20
Gunship (Amstrad CPC - 1987),4.70,30
Jet Bike Simulator (Amstrad CPC - 1988),0.00,0
Willow Pattern (Amstrad CPC - 1985),0.00,0
P47 Thunderbolt (Amstrad CPC - 1990),4.17,6
Rampage (Amstrad CPC - 1988),4.74,27
Tempest (Amstrad CPC - 1987),4.50,2
Biggles (Amstrad CPC - 1986),5.00,3
Snowball (Amstrad CPC - 1984),4.50,2
Hammer-Head (Amstrad CPC - 1992),0.00,0
Jetsons: The Computer Game (Amstrad CPC - 1992),4.21,14
Billy 2 (Amstrad CPC - 1987),3.50,2
Booty (Amstrad CPC - 1984),4.50,4
Tank Attack (Amstrad CPC - 1989),4.17,6
Fighter Pilot (Amstrad CPC - 1985),4.50,2
Yie Ar Kung-Fu (Amstrad CPC - 1985),5.00,5
Metaplex (Amstrad CPC - 1988),0.00,0
Sirwood (Amstrad CPC - 1990),4.50,6
Uridium (Amstrad CPC - 1987),4.89,9
Knight Tyme (Amstrad CPC - 1986),0.00,0
Steve Davis Snooker (Amstrad CPC - 1986),0.00,0
Defcom (Amstrad CPC - 1986),0.00,0
Dungeon Adventure (Amstrad CPC - 1984),5.00,1
Computer Scrabble De Luxe (Amstrad CPC - 1987),5.00,1
Return to Oz (Amstrad CPC - 1986),5.00,1
DJ Puff (Amstrad CPC - 1992),4.33,3
Xanagrams (Amstrad CPC - 1984),0.00,0
The Vikings (Amstrad CPC - 1986),5.00,3
Nonamed (Amstrad CPC - 1986),0.00,0
Professional Tennis Simulator (Amstrad CPC - 1990),3.63,8
Deep Strike (Amstrad CPC - 1986),4.50,2
Star Wars: The Empire Strikes Back (Amstrad CPC - 1988),4.11,9
The Krypton Factor (Amstrad CPC - 1987),0.00,0
The Race Against Time (Amstrad CPC - 1988),2.00,1
Freedom Fighter (Amstrad CPC - 1988),5.00,1
J.R.R. Tolkien's War in Middle Earth (Amstrad CPC - 1989),5.00,2
Army Moves (Amstrad CPC - 1986),4.60,5
Ninja Remix (Amstrad CPC - 1990),4.43,7
Tir Na Nog (Amstrad CPC - 1986),5.00,2
Wonder Boy in Monster Land (Amstrad CPC - 1989),4.75,4
Tenpin Challenge (Amstrad CPC - 1987),0.00,0
Pneumatic Hammers (Amstrad CPC - 1987),0.00,0
On Cue (Amstrad CPC - 1987),2.00,1
Golden Basket (Amstrad CPC - 1990),4.80,5
V (Amstrad CPC - 1986),4.00,2
Multi-Player Soccer Manager (Amstrad CPC - 1990),4.43,7
Emlyn Hughes International Soccer (Amstrad CPC - 1989),5.00,6
Rad Warrior (Amstrad CPC - 1986),4.50,6
Vampire Killer (Amstrad CPC - 1984),5.00,2
Battle Droidz (Amstrad CPC - 1987),3.50,2
Emlyn Hughes Arcade Quiz (Amstrad CPC - 1991),0.00,0
Rally Simulator (Amstrad CPC - 1988),0.00,0
Le Labyrinthe d'Errare (Amstrad CPC - 1989),0.00,0
Toyota Celica GT Rally (Amstrad CPC - 1991),4.58,19
Tusker (Amstrad CPC - 1990),4.00,5
Wacky Darts (Amstrad CPC - 1992),2.67,3
Stifflip & Co. (Amstrad CPC - 1987),4.00,1
Grand Prix Circuit (Amstrad CPC - 1990),4.61,72
Lightforce (Amstrad CPC - 1986),3.00,1
Vera Cruz (Amstrad CPC - 1985),4.00,6
Colossus Bridge 4 (Amstrad CPC - 1986),0.00,0
Seas of Blood (Amstrad CPC - 1985),5.00,3
Bounder (Amstrad CPC - 1986),5.00,1
Bomb Scare (Amstrad CPC - 1986),0.00,0
Marble Madness Deluxe Edition (Amstrad CPC - 1987),5.00,1
Total Eclipse (Amstrad CPC - 1988),4.54,13
Lords of Chaos (Amstrad CPC - 1990),4.73,11
Shinobi (Amstrad CPC - 1989),3.84,38
Titanic Blinky (Amstrad CPC - 1992),3.00,2
Pink Panther (Amstrad CPC - 1988),4.20,5
Rad Ramp Racer (Amstrad CPC - 1989),5.00,1
Gothik (Amstrad CPC - 1988),5.00,1
Indoor Soccer (Amstrad CPC - 1986),5.00,1
Fugitif: Les Aventures de Jack Bludfield - Part 1 (Amstrad CPC - 1991),5.00,2
Le Maître des âmes (Amstrad CPC - 1987),4.00,3
Super Stuntman (Amstrad CPC - 1987),0.00,0
Game Set and Match (Amstrad CPC - 1987),0.00,0
Guerrilla War (Amstrad CPC - 1988),4.92,12
Zombi (Amstrad CPC - 1986),3.86,27
Fairlight II (Amstrad CPC - 1988),5.00,1
Jimmy Connors Pro Tennis Tour (Amstrad CPC - 1989),4.29,7
Chip's Challenge (Amstrad CPC - 1990),4.28,129
Software Star (Amstrad CPC - 1985),4.00,1
Fernando Martín Basket Master (Amstrad CPC - 1987),4.60,10
Zork III: The Dungeon Master (Amstrad CPC - 1986),4.21,14
Alien (Amstrad CPC - 1985),4.56,9
Espionage Island (Amstrad CPC - 1985),0.00,0
Peter Pan (Amstrad CPC - 1988),5.00,3
Lotus Esprit Turbo Challenge (Amstrad CPC - 1990),4.85,13
Encyclopedia of War: Ancient Battles (Amstrad CPC - 1988),5.00,8
Fruity Frank (Amstrad CPC - 1984),4.41,22
Mercs (Amstrad CPC - 1991),4.83,12
Line of Fire (Amstrad CPC - 1990),4.20,5
Animal Vegetable Mineral (Amstrad CPC - 1984),0.00,0
Panzadrome (Amstrad CPC - 1986),5.00,1
Gremlins: The Adventure (Amstrad CPC - 1985),4.00,4
Crack-Up (Amstrad CPC - 1989),4.50,2
Sudoku (Amstrad CPC - 2008),3.00,1
Game Over II (Amstrad CPC - 1988),4.89,9
Zblast SD (Amstrad CPC - 2005),0.00,0
Explorer (Amstrad CPC - 1987),5.00,1
The Fourth Protocol (Amstrad CPC - 1986),4.43,7
Heavy on the Magick (Amstrad CPC - 1986),0.00,0
Star Trap (Amstrad CPC - 1989),3.00,2
Imagination (Amstrad CPC - 1987),3.67,3
Big Trouble in Little China (Amstrad CPC - 1987),4.33,3
Mythos (Amstrad CPC - 1990),5.00,3
Ulises (Amstrad CPC - 1989),4.67,3
Space Hawks (Amstrad CPC - 1985),5.00,1
The Hunt for Red October (Amstrad CPC - 1988),4.60,20
Space Station Oblivion (Amstrad CPC - 1987),4.75,8
Jet-Boot Jack (Amstrad CPC - 1984),4.00,1
Beverly Hills Cop (Amstrad CPC - 1990),4.11,18
Game Over (Amstrad CPC - 1987),4.73,12
Magicland Dizzy (Amstrad CPC - 1990),4.21,19
Arcticfox (Amstrad CPC - 1988),4.29,24
Pearl Harbour (Amstrad CPC - 1985),5.00,1
Kwik Snax (Amstrad CPC - 1990),3.67,6
Future Bike Simulator (Amstrad CPC - 1990),0.00,0
Paws (Amstrad CPC - 1985),5.00,1
Oberon 69 (Amstrad CPC - 1990),4.33,3
Strike (Amstrad CPC - 1987),5.00,1
Bionic Commando (Amstrad CPC - 1988),4.14,14
Technician Ted (Amstrad CPC - 1984),0.00,0
Mutant Monty (Amstrad CPC - 1984),5.00,2
Tracksuit Manager (Amstrad CPC - 1988),4.67,6
Fiendish Freddy's Big Top O' Fun (Amstrad CPC - 1989),4.67,9
Robinson Crusoe (Amstrad CPC - 1987),5.00,1
Infidel (Amstrad CPC - 1986),4.78,9
Yie Ar Kung-Fu 2: The Emperor Yie-Gah (Amstrad CPC - 1987),4.40,5
Rainbow Islands (Amstrad CPC - 1990),4.11,9
Trevor Brooking's World Cup Glory (Amstrad CPC - 1990),0.00,0
Election (Amstrad CPC - 1987),4.67,3
Nosferatu the Vampyre (Amstrad CPC - 1986),4.57,7
Time Scanner (Amstrad CPC - 1989),5.00,1
PC-Man (Amstrad CPC - 1982),5.00,9
Overlander (Amstrad CPC - 1988),4.00,6
Super Robin Hood (Amstrad CPC - 1986),5.00,5
The Final Matrix (Amstrad CPC - 1987),0.00,0
Martianoids (Amstrad CPC - 1987),0.00,0
Budokan: The Martial Spirit (Amstrad CPC - 1991),4.85,47
Rambo: First Blood Part II (Amstrad CPC - 1986),4.40,10
Turbo Girl (Amstrad CPC - 1988),5.00,3
Dan Dare II: Mekon's Revenge (Amstrad CPC - 1988),4.00,3
Flight Path 737 (Amstrad CPC - 1984),4.00,1
Into The Eagle's Nest (Amstrad CPC - 1987),3.94,17
Bruce Lee (Amstrad CPC - 1986),4.41,29
Lazer Tag (Amstrad CPC - 1987),0.00,0
Guillermo Tell (Amstrad CPC - 1989),0.00,0
MicroLeague Action Sports Soccer (Amstrad CPC - 1991),4.33,6
Swap (Amstrad CPC - 1990),0.00,0
The Munsters (Amstrad CPC - 1989),3.75,4
Colossus Mah Jong (Amstrad CPC - 1988),5.00,1
Panza Kick Boxing (Amstrad CPC - 1990),4.57,30
Annals of Rome (Amstrad CPC - 1986),4.62,13
Sabre Wulf (Amstrad CPC - 1985),4.14,7
1st Division Manager (Amstrad CPC - 1991),3.70,10
Chubby Gristle (Amstrad CPC - 1988),0.00,0
F1 Tornado (Amstrad CPC - 1991),4.50,2
Gyroscope (Amstrad CPC - 1985),0.00,0
Camelot Warriors (Amstrad CPC - 1986),5.00,5
International Ninja Rabbits (Amstrad CPC - 1991),3.60,5
Rigel's Revenge (Amstrad CPC - 1987),5.00,1
Stir Crazy featuring BoBo (Amstrad CPC - 1988),3.75,4
007: Licence to Kill (Amstrad CPC - 1989),4.04,67
Corsarios (Amstrad CPC - 1989),5.00,5
Punchy (Amstrad CPC - 1984),0.00,0
Ingrid's Back! (Amstrad CPC - 1988),4.00,5
The Duel: Test Drive II (Amstrad CPC - 1989),4.27,94
Stuntman Seymour (Amstrad CPC - 1992),0.00,0
The A-Team (Amstrad CPC - 1989),5.00,1
G-Loc: Air Battle (Amstrad CPC - 1992),5.00,2
Ajax (Amstrad CPC - 1989),4.60,5
Hoppin' Mad (Amstrad CPC - 1988),0.00,0
Andy Capp (Amstrad CPC - 1988),5.00,2
Trashman (Amstrad CPC - 1986),4.00,2
Adventure 1 (Amstrad CPC - 1984),5.00,1
Operation Gunship (Amstrad CPC - 1989),5.00,1
Airwolf 2 (Amstrad CPC - 1987),5.00,1
Battle Valley (Amstrad CPC - 1988),5.00,1
Bonanza Bros. (Amstrad CPC - 1991),4.50,2
Back to the Future Part II (Amstrad CPC - 1990),4.40,25
Flippit (Amstrad CPC - 1988),0.00,0
High Frontier (Amstrad CPC - 1987),5.00,2
Gunboat (Amstrad CPC - 1990),4.35,34
Shadow Dancer (Amstrad CPC - 1991),4.29,7
Powerplay: The Game of the Gods (Amstrad CPC - 1986),4.50,8
Arkanoid: Revenge of DOH (Amstrad CPC - 1988),4.30,33
Aliens: The Computer Game (Amstrad CPC - 1987),4.60,5
Stunt Bike Simulator (Amstrad CPC - 1988),0.00,0
Donald's Alphabet Chase (Amstrad CPC - 1991),4.59,48
Robin Hood: Legend Quest (Amstrad CPC - 1993),4.60,5
Trap (Amstrad CPC - 1987),3.00,1
Kong's Revenge (Amstrad CPC - 1991),5.00,1
Rod-land (Amstrad CPC - 1991),4.25,8
Bullseye (Amstrad CPC - 1985),5.00,1
XARQ: The Zimmerman Trenches (Amstrad CPC - 1986),0.00,0
Harrier Attack! (Amstrad CPC - 1984),3.71,7
Rig Attack (Amstrad CPC - 1985),1.00,1
Battle for Midway (Amstrad CPC - 1985),4.33,6
The Chessmaster 2000 (Amstrad CPC - 1990),4.54,39
One Man and His Droid (Amstrad CPC - 1985),5.00,2
Ace of Aces (Amstrad CPC - 1986),4.39,19
Rick Dangerous (Amstrad CPC - 1989),4.14,35
Bounty Bob Strikes Back! (Amstrad CPC - 1985),5.00,1
Monty Python's Flying Circus (Amstrad CPC - 1990),3.30,10
Operation Hanoi (Amstrad CPC - 1990),0.00,0
Sherman M4 (Amstrad CPC - 1990),4.94,17
Bob Morane: Chevalerie 1 (Amstrad CPC - 1987),4.20,5
Black Beard (Amstrad CPC - 1988),5.00,1
Granny's Garden (Amstrad CPC - 1987),3.96,26
The Guild of Thieves (Amstrad CPC - 1987),4.50,10
Rick Davis's World Trophy Soccer (Amstrad CPC - 1989),4.70,17
Sidewalk (Amstrad CPC - 1987),5.00,3
Blockbuster (Amstrad CPC - 1988),4.67,6
SDI: Strategic Defense Initiative (Amstrad CPC - 1989),3.00,2
Don Juan (Amstrad CPC - 1984),0.00,0
Moontorc (Amstrad CPC - 1991),5.00,2
Axe of Rage (Amstrad CPC - 1989),4.33,21
Venom (Amstrad CPC - 1988),4.25,4
Adventure Quest (Amstrad CPC - 1984),4.00,2
Narco Police (Amstrad CPC - 1990),4.07,30
The Amazing Spider-Man and Captain America in Dr. Doom's Revenge! (Amstrad CPC - 1990),4.41,49
Monty on the Run (Amstrad CPC - 1985),4.71,7
Bubble Bobble (Amstrad CPC - 1987),4.42,170
Message from Andromeda (Amstrad CPC - 1985),3.00,1
Huxley Pig (Amstrad CPC - 1990),0.00,0
Death Wish 3 (Amstrad CPC - 1987),4.33,3
Combat Lynx (Amstrad CPC - 1985),0.00,0
World Cup Challenge (Amstrad CPC - 1990),5.00,1
Super Monaco GP (Amstrad CPC - 1991),4.75,8
Hunchback II: Quasimodo's Revenge (Amstrad CPC - 1985),5.00,1
BreakThru (Amstrad CPC - 1986),5.00,2
Stationfall (Amstrad CPC - 1987),5.00,3
750cc Grand Prix (Amstrad CPC - 1989),4.00,4
Avalanche: The Struggle for Italy (Amstrad CPC - 1991),5.00,3
I Ball II (Amstrad CPC - 1987),0.00,0
Mata Hari (Amstrad CPC - 1988),5.00,2
Kaiser (Amstrad CPC - 1984),5.00,6
Dizzy: The Ultimate Cartoon Adventure (Amstrad CPC - 1987),4.50,12
Eliminator (Amstrad CPC - 1988),5.00,1
Galletron (Amstrad CPC - 1987),0.00,0
Jonah Barrington's Squash (Amstrad CPC - 1990),4.50,2
Pegasus Bridge (Amstrad CPC - 1987),4.40,5
Trans-Atlantic Balloon Challenge: The Game (Amstrad CPC - 1987),0.00,0
Duel Master: Blood Valley (Amstrad CPC - 1987),5.00,1
WWF Wrestlemania (Amstrad CPC - 1991),3.86,21
Barbarian (Amstrad CPC - 1988),4.63,19
Road Runner (Amstrad CPC - 1987),4.43,21
Agent Orange (Amstrad CPC - 1986),0.00,0
Kikstart 2 (Amstrad CPC - 1988),4.00,4
Sito Pons 500 c.c. Grand Prix (Amstrad CPC - 1990),4.00,13
La Corona Mágica (Amstrad CPC - 1990),4.00,2
3D Time Trek (Amstrad CPC - 1985),4.63,8
Battle Command (Amstrad CPC - 1991),4.45,11
Highlander (Amstrad CPC - 1986),3.00,5
Enchanter (Amstrad CPC - 1986),4.20,15
Superkid (Amstrad CPC - 1990),0.00,0
Monte Carlo Casino (Amstrad CPC - 1989),5.00,1
Winter Wonderland (Amstrad CPC - 1987),5.00,1
Alien Storm (Amstrad CPC - 1991),5.00,8
Wiz Biz (Amstrad CPC - 1987),0.00,0
Jimmy's Soccer Manager (Amstrad CPC - 1992),0.00,0
The Goonies (Amstrad CPC - 1986),5.00,3
Turbo Cup (Amstrad CPC - 1988),4.88,8
Chicken Chase (Amstrad CPC - 1987),4.33,6
Adidas Championship Football (Amstrad CPC - 1990),0.00,0
Stryker in the Crypts of Trogan (Amstrad CPC - 1992),0.00,0
Stunt Track Racer (Amstrad CPC - 1990),4.50,18
R-Type (Amstrad CPC - 1989),4.67,6
Hijack (Amstrad CPC - 1986),0.00,0
Jack the Nipper (Amstrad CPC - 1986),3.00,1
Ballblazer (Amstrad CPC - 1986),5.00,3
Sporting Triangles (Amstrad CPC - 1989),5.00,1
Roy of the Rovers (Amstrad CPC - 1988),5.00,1
Astérix et la Potion Magique (Amstrad CPC - 1986),5.00,1
Computer Scrabble (Amstrad CPC - 1985),5.00,2
B.A.T. (Amstrad CPC - 1991),3.45,36
Emilio Sanchez Vicario Grand Slam (Amstrad CPC - 1989),3.50,2
Volleyball Simulator (Amstrad CPC - 1989),4.29,7
Survivor (Amstrad CPC - 1987),5.00,1
Thomas the Tank Engine & Friends (Amstrad CPC - 1991),4.58,33
Star Empire (Amstrad CPC - 1986),5.00,1
Confuzion (Amstrad CPC - 1985),5.00,1
AAARGH! (Amstrad CPC - 1989),4.11,18
Hero of the Golden Talisman (Amstrad CPC - 1986),4.75,4
Dan Dare: Pilot of the Future (Amstrad CPC - 1986),5.00,1
Pro Skateboard Simulator (Amstrad CPC - 1989),5.00,1
Goody (Amstrad CPC - 1988),4.85,14
Soccer Star (Amstrad CPC - 1989),0.00,0
Mystery of the Nile (Amstrad CPC - 1986),5.00,5
Dark Star (Amstrad CPC - 1985),5.00,1
Elektraglide (Amstrad CPC - 1986),0.00,0
Grand Prix Master (Amstrad CPC - 1988),3.86,7
Super Trux (Amstrad CPC - 1989),5.00,1
Dogfight 2187 (Amstrad CPC - 1987),0.00,0
Kick Off 2 (Amstrad CPC - 1990),4.22,37
Donkey Kong (Amstrad CPC - 1986),4.37,140
Hollywood Hijinx (Amstrad CPC - 1987),4.71,7
Mega Phoenix (Amstrad CPC - 1991),4.00,2
Wrestling Superstars (Amstrad CPC - 1993),0.00,0
Boulder Dash (Amstrad CPC - 1985),4.69,13
Magnetik Tank (Amstrad CPC - 1986),5.00,3
President (Amstrad CPC - 1987),5.00,7
Winter Games (Amstrad CPC - 1986),4.52,33
6*Pak Vol. 3 (Amstrad CPC - 1988),5.00,1
Trivial Pursuit: Young Players Edition (Amstrad CPC - 1987),4.50,2
Gladiator (Amstrad CPC - 1991),0.00,0
Theatre Europe (Amstrad CPC - 1985),4.70,10
Championship Sprint (Amstrad CPC - 1988),5.00,3
Wishbringer (Amstrad CPC - 1986),4.83,12
The Archers (Amstrad CPC - 1987),5.00,1
Movie Premiere (Amstrad CPC - 1991),0.00,0
Myth: History in the Making (Amstrad CPC - 1989),4.75,16
Space Gun (Amstrad CPC - 1992),2.25,4
Pick 'n Pile (Amstrad CPC - 1990),3.40,5
Gerbil Riot of '67 (Amstrad CPC - 1988),5.00,1
Power Drift (Amstrad CPC - 1989),4.56,16
Infiltrator (Amstrad CPC - 1986),5.00,11
Motos (Amstrad CPC - 1987),3.00,1
Jaws (Amstrad CPC - 1989),2.00,2
Prehistorik 2 (Amstrad CPC - 1993),4.40,156
Speed Buggy (Amstrad CPC - 1987),4.56,9
Pipe Dream (Amstrad CPC - 1990),4.25,12
Equinox (Amstrad CPC - 1986),4.00,2
Iznogoud (Amstrad CPC - 1987),2.33,3
BMX Simulator 2 (Amstrad CPC - 1989),4.75,4
Storm (Amstrad CPC - 1986),5.00,5
Gilbert: Escape from Drill (Amstrad CPC - 1989),0.00,0
Casanova (Amstrad CPC - 1989),0.00,0
3D-Pinball (Amstrad CPC - 1989),5.00,5
Birdie (Amstrad CPC - 1987),4.00,1
Crystal Kingdom Dizzy (Amstrad CPC - 1992),5.00,4
Dracula (Amstrad CPC - 1986),4.71,7
Skate or Die (Amstrad CPC - 1989),4.20,20
Ghouls (Amstrad CPC - 1984),5.00,2
3-D Monster Chase (Amstrad CPC - 1984),4.83,6
Frankie Goes to Hollywood (Amstrad CPC - 1986),4.60,5
The Hobbit (Amstrad CPC - 1985),4.63,51
Bumpy's Arcade Fantasy (Amstrad CPC - 1992),4.44,81
Isoleur (Amstrad CPC - 1985),0.00,0
Crazy Cars (Amstrad CPC - 1988),4.12,17
Tapper (Amstrad CPC - 1985),4.44,27
Through the Trap Door (Amstrad CPC - 1987),3.00,2
Blagger (Amstrad CPC - 1984),4.50,4
Deadline (Amstrad CPC - 1986),4.64,11
Savage (Amstrad CPC - 1988),4.36,11
World Class Rugby (Amstrad CPC - 1991),4.50,10
Forgotten Worlds (Amstrad CPC - 1989),3.86,14
Assault On Port Stanley (Amstrad CPC - 1985),5.00,1
Dragon's Lair (Amstrad CPC - 1986),4.38,8
Rath-Tha (Amstrad CPC - 1989),5.00,1
Mission Genocide (Amstrad CPC - 1987),0.00,0
SuperStar Soccer (Amstrad CPC - 1987),4.20,10
Wanted (Amstrad CPC - 1990),4.50,6
Galactic Games (Amstrad CPC - 1987),0.00,0
Dynasty Wars (Amstrad CPC - 1990),5.00,3
Amelie Minuit (Amstrad CPC - 1985),0.00,0
Freddy Hardest (Amstrad CPC - 1987),5.00,2
Archon: The Light and the Dark (Amstrad CPC - 1985),4.54,41
Koronis Rift (Amstrad CPC - 1987),4.17,6
Mission (Amstrad CPC - 1987),0.00,0
500 cc Grand Prix (Amstrad CPC - 1986),5.00,1
Skateboard Kidz (Amstrad CPC - 1988),0.00,0
Indiana Jones and The Temple of Doom (Amstrad CPC - 1987),4.00,19
Sigma 7 (Amstrad CPC - 1987),1.00,1
Renegade (Amstrad CPC - 1987),4.80,15
Death Stalker (Amstrad CPC - 1989),0.00,0
Target: Renegade (Amstrad CPC - 1988),4.33,3
Chiller (Amstrad CPC - 1985),4.50,4
Werewolf Simulator (Amstrad CPC - 1988),5.00,1
Sir Fred (Amstrad CPC - 1986),4.50,2
Impossible Mission II (Amstrad CPC - 1988),4.29,47
Rex (Amstrad CPC - 1989),4.00,1
Best of the Best Championship Karate (Amstrad CPC - 1992),4.50,26
Glider Rider (Amstrad CPC - 1986),0.00,0
Techno Cop (Amstrad CPC - 1988),5.00,4
Galaxy Force II (Amstrad CPC - 1989),5.00,3
Captain Zapp (Amstrad CPC - 1987),5.00,1
Glen Hoddle Soccer (Amstrad CPC - 1985),0.00,0
Rugby Coach (Amstrad CPC - 1991),0.00,0
Pinball Magic (Amstrad CPC - 1990),4.75,4
Jonny Quest (Amstrad CPC - 1991),5.00,2
Batty (Amstrad CPC - 1988),5.00,1
Subbuteo (Amstrad CPC - 1990),3.75,8
Meganova (Amstrad CPC - 1988),5.00,1
Rebel Planet (Amstrad CPC - 1986),5.00,1
Pulsoids (Amstrad CPC - 1988),0.00,0
California Games (Amstrad CPC - 1987),4.36,50
Xor (Amstrad CPC - 1987),5.00,2
The Ice Temple (Amstrad CPC - 1989),3.00,1
The Blues Brothers (Amstrad CPC - 1991),4.64,43
Rescate En El Golfo (Amstrad CPC - 1990),5.00,5
Strike Force: Cobra (Amstrad CPC - 1986),4.00,3
Ninja Scooter Simulator (Amstrad CPC - 1988),5.00,1
The Colour of Magic (Amstrad CPC - 1986),5.00,1
Fire Ant (Amstrad CPC - 1984),5.00,5
Spellbreaker (Amstrad CPC - 1986),4.36,11
La Abadía del Crimen (Amstrad CPC - 1988),4.92,12
Terminus: The Prison Planet (Amstrad CPC - 1986),0.00,0
Dragons of Flame (Amstrad CPC - 1990),3.75,16
Navy Moves (Amstrad CPC - 1988),4.20,15
Tobruk: The Clash of Armour (Amstrad CPC - 1987),4.50,4
Marble Madness Construction Set (Amstrad CPC - 1986),3.00,1
Fantasy World Dizzy (Amstrad CPC - 1989),4.14,14
By Fair Means or Foul (Amstrad CPC - 1988),3.67,3
Star Wars: Droids (Amstrad CPC - 1988),4.43,7
Iron Lord (Amstrad CPC - 1990),4.50,12
Soul of a Robot (Amstrad CPC - 1985),0.00,0
Weetabix Versus the Titchies (Amstrad CPC - 1984),0.00,0
Austerlitz (Amstrad CPC - 1986),5.00,2
Quartet (Amstrad CPC - 1987),0.00,0
Mission Elevator (Amstrad CPC - 1986),4.40,5
Adventure B (Amstrad CPC - 1985),0.00,0
Lorna (Amstrad CPC - 1990),4.50,14
Galactic Plague (Amstrad CPC - 1984),2.00,1
"""Get Dexter!"" (Amstrad CPC - 1986)",4.11,102
Des Chiffres et des Lettres (Amstrad CPC - 1987),4.67,12
Thrust II (Amstrad CPC - 1987),0.00,0
3D Starstrike (Amstrad CPC - 1985),4.25,4
Splat! (Amstrad CPC - 1985),0.00,0
Qabbalah (Amstrad CPC - 1986),4.00,1
Contra (Amstrad CPC - 1987),4.28,46
Street Cat (Amstrad CPC - 1987),4.30,10
FireTrap (Amstrad CPC - 1987),0.00,0
Jinks (Amstrad CPC - 1988),1.00,1
Cylu (Amstrad CPC - 1985),0.00,0
Super Skweek (Amstrad CPC - 1991),3.67,3
Castle Master (Amstrad CPC - 1990),4.80,20
Nibbler (Amstrad CPC - 1985),3.00,1
Downhill Challenge (Amstrad CPC - 1987),3.63,8
The Paranoia Complex (Amstrad CPC - 1989),4.29,7
Santa's Xmas Caper (Amstrad CPC - 1991),5.00,1
A.M.C.: Astro Marine Corps (Amstrad CPC - 1989),5.00,5
Poli Díaz (Amstrad CPC - 1990),4.20,5
Strider 2 (Amstrad CPC - 1990),4.33,9
Spherical (Amstrad CPC - 1990),3.67,3
Metropolis (Amstrad CPC - 1988),0.00,0
Trivial Pursuit (Amstrad CPC - 1987),4.13,8
Destructo (Amstrad CPC - 1987),5.00,2
Invitation (Amstrad CPC - 1987),0.00,0
Life Force (Amstrad CPC - 1988),5.00,4
Seymour Goes to Hollywood (Amstrad CPC - 1991),4.33,3
Dream Warrior (Amstrad CPC - 1988),5.00,3
Lode Runner (Amstrad CPC - 1989),4.68,37
"20,000 Leagues Under the Sea (Amstrad CPC - 1988)",3.78,23
Skateball (Amstrad CPC - 1989),0.00,0
Revolution (Amstrad CPC - 1986),0.00,0
Cholo (Amstrad CPC - 1987),5.00,6
ACE: Air Combat Emulator (Amstrad CPC - 1986),4.00,11
Gunstar (Amstrad CPC - 1987),5.00,1
Lancelot (Amstrad CPC - 1988),4.58,12
Murder on The Atlantic (Amstrad CPC - 1986),4.25,4
The Light Corridor (Amstrad CPC - 1990),4.67,6
Out of this World (Amstrad CPC - 1987),2.50,2
"Olé, Toro (Amstrad CPC - 1985)",0.00,0
Defenders of the Earth (Amstrad CPC - 1990),5.00,1
Thunderbirds (Amstrad CPC - 1989),3.67,3
Lone Wolf: The Mirror of Death (Amstrad CPC - 1991),4.60,5
Popeye 3: WrestleCrazy (Amstrad CPC - 1992),3.67,3
Brian Clough's Football Fortunes (Amstrad CPC - 1987),4.50,2
Xybots (Amstrad CPC - 1989),0.00,0
Die Alien Slime (Amstrad CPC - 1989),5.00,1
Crazy Golf (Amstrad CPC - 1984),0.00,0
Superman: The Man of Steel (Amstrad CPC - 1989),4.32,22
Tim Love's Cricket (Amstrad CPC - 1985),5.00,1
Passengers on The Wind (Amstrad CPC - 1986),4.10,10
The Brick (Amstrad CPC - 1989),0.00,0
They Sold a Million II (Amstrad CPC - 1986),5.00,1
HeroQuest: Return of the Witch Lord (Amstrad CPC - 1991),4.44,9
Hydra (Amstrad CPC - 1990),2.00,1
Cybernoid II: The Revenge (Amstrad CPC - 1989),4.86,7
Cosmic Sheriff (Amstrad CPC - 1989),5.00,2
Gun.Smoke (Amstrad CPC - 1987),5.00,4
Subway Vigilante (Amstrad CPC - 1989),5.00,2
Night Shift (Amstrad CPC - 1991),3.59,17
Ian Fleming's James Bond 007 in Live and Let Die: The Computer Game (Amstrad CPC - 1988),5.00,7
Saint and Greavsie (Amstrad CPC - 1989),5.00,1
The Hitchhiker's Guide to the Galaxy (Amstrad CPC - 1987),4.38,107
Wibstars (Amstrad CPC - 1987),0.00,0
Pro Tennis Simulator (Amstrad CPC - 1989),3.67,3
Jack the Ripper (Amstrad CPC - 1987),4.50,4
Pub Games (Amstrad CPC - 1987),4.00,2
Carrier Command (Amstrad CPC - 1989),4.53,34
10th Frame (Amstrad CPC - 1986),4.28,36
Sky Shark (Amstrad CPC - 1987),4.50,4
Nodes of Yesod (Amstrad CPC - 1985),4.00,2
Mike Gunner (Amstrad CPC - 1989),0.00,0
Black Magic (Amstrad CPC - 1987),4.33,3
Moon Blaster (Amstrad CPC - 1990),3.50,2
Rescue on Fractalus! (Amstrad CPC - 1986),4.20,10
John Elway's Quarterback (Amstrad CPC - 1990),2.25,4
Pulsator (Amstrad CPC - 1987),0.00,0
Slot Car Racer (Amstrad CPC - 1987),5.00,2
The Official America's Cup Sailing Simulation (Amstrad CPC - 1986),3.67,3
Tau Ceti: The Lost Star Colony (Amstrad CPC - 1986),4.64,11
Hive (Amstrad CPC - 1987),0.00,0
The Big Sleaze (Amstrad CPC - 1987),4.00,2
Sergeant Seymour: Robot Cop (Amstrad CPC - 1992),5.00,1
Heathrow International Air Traffic Control (Amstrad CPC - 1984),5.00,1
Castle Blackstar (Amstrad CPC - 1984),0.00,0
Eden Blues (Amstrad CPC - 1987),5.00,6
Dynamite Düx (Amstrad CPC - 1989),3.00,2
International Football (Amstrad CPC - 1990),0.00,0
The Ninja Warriors (Amstrad CPC - 1989),5.00,1
No Exit (Amstrad CPC - 1990),3.80,5
Starion (Amstrad CPC - 1985),4.67,3
African Trail Simulator (Amstrad CPC - 1990),4.10,10
Hunchback (Amstrad CPC - 1984),4.00,5
Spirits (Amstrad CPC - 1987),5.00,1
Transmuter (Amstrad CPC - 1987),5.00,1
Keith Van Eron's Pro Soccer (Amstrad CPC - 1988),4.29,14
Marauder (Amstrad CPC - 1988),3.00,1
MASK Two Two (Amstrad CPC - 1988),0.00,0
Return to Eden (Amstrad CPC - 1984),4.00,3
Dizzy Panic (Amstrad CPC - 1991),0.00,0
Bomb Jack II (Amstrad CPC - 1987),4.00,3
Prehistorik (Amstrad CPC - 1991),4.72,78
Timeman One (Amstrad CPC - 1984),4.00,2
Zampabolas (Amstrad CPC - 1989),1.00,1
Advanced Pinball Simulator (Amstrad CPC - 1988),5.00,2
Grumpy Gumphrey Supersleuth (Amstrad CPC - 1985),0.00,0
A Question of Sport (Amstrad CPC - 1988),5.00,2
Clive Barker's Nightbreed: The Action Game (Amstrad CPC - 1990),4.82,11
Spy vs Spy (Amstrad CPC - 1985),4.48,29
Fruit Machine Simulator (Amstrad CPC - 1988),4.00,2
D-Day (Amstrad CPC - 1992),4.44,18
Super Gran (Amstrad CPC - 1985),0.00,0
Terror of the Deep (Amstrad CPC - 1987),5.00,1
The Secret Diary of Adrian Mole Aged 13¾ (Amstrad CPC - 1985),5.00,2
Night Hunter (Amstrad CPC - 1990),4.92,13
Zoids (Amstrad CPC - 1986),4.75,4
Rasterscan (Amstrad CPC - 1987),5.00,3
Shanghai Warriors (Amstrad CPC - 1989),5.00,1
Nemesis the Warlock (Amstrad CPC - 1987),4.00,3
Dynamic Duo (Amstrad CPC - 1989),5.00,1
Afteroids (Amstrad CPC - 1988),0.00,0
Paris-Dakar (Amstrad CPC - 1988),4.00,11
Bactron (Amstrad CPC - 1986),5.00,1
Grange Hill (Amstrad CPC - 1987),5.00,1
Renegade III: The Final Chapter (Amstrad CPC - 1989),0.00,0
Sweevo's World (Amstrad CPC - 1985),5.00,1
They Sold a Million (Amstrad CPC - 1986),0.00,0
Q10 Tankbuster (Amstrad CPC - 1992),3.00,1
Pyjamarama (Amstrad CPC - 1984),5.00,2
Get Dexter 2 (Amstrad CPC - 1988),5.00,1
Boulder Dash: Construction Kit (Amstrad CPC - 1988),4.20,5
Sapiens (Amstrad CPC - 1986),3.56,9
Death or Glory (Amstrad CPC - 1987),5.00,1
Soccer Pinball (Amstrad CPC - 1992),3.67,3
Wizball (Amstrad CPC - 1987),4.29,21
Moonmist (Amstrad CPC - 1986),4.37,8
War Cars Construction Set (Amstrad CPC - 1987),5.00,1
The Rubicon Alliance (Amstrad CPC - 1987),4.00,1
Heartland (Amstrad CPC - 1986),3.00,2
Space Ace (Amstrad CPC - 1988),5.00,1
Minnesota Fats' Pool Challenge (Amstrad CPC - 1985),0.00,0
Gary Lineker's Hot-Shot! (Amstrad CPC - 1989),5.00,1
The Bells (Amstrad CPC - 1986),0.00,0
Quadrel (Amstrad CPC - 1991),4.00,3
Spy-Trek Adventure (Amstrad CPC - 1986),5.00,1
The Legend of Apache Gold (Amstrad CPC - 1986),5.00,1
Chop N' Drop (Amstrad CPC - 1988),4.83,6
Fernandez Must Die (Amstrad CPC - 1988),5.00,2
Sabrina (Amstrad CPC - 1988),3.00,1
Turbo Kart Racer (Amstrad CPC - 1990),0.00,0
Ninja Gaiden (Amstrad CPC - 1990),4.14,14
Kick Off (Amstrad CPC - 1989),4.33,6
I-Alien (Amstrad CPC - 1988),0.00,0
Druid (Amstrad CPC - 1986),5.00,4
Xenophobe (Amstrad CPC - 1989),4.25,4
Future Knight (Amstrad CPC - 1986),3.00,1
British Super League (Amstrad CPC - 1990),5.00,1
High Steel (Amstrad CPC - 1989),5.00,3
Raster Runner (Amstrad CPC - 1990),0.00,0
Froggy (Amstrad CPC - 1985),0.00,0
Operation Wolf (Amstrad CPC - 1988),4.40,42
Rescue from Atlantis (Amstrad CPC - 1989),0.00,0
Battle Chopper (Amstrad CPC - 1989),4.00,1
Ninja Spirit (Amstrad CPC - 1990),4.33,3
Ping Pong (Amstrad CPC - 1985),5.00,2
F-15 Strike Eagle (Amstrad CPC - 1987),4.38,13
Killapede (Amstrad CPC - 1986),0.00,0
The Last V8 (Amstrad CPC - 1986),5.00,1
Mercenary (Amstrad CPC - 1987),5.00,5
Bedlam (Amstrad CPC - 1988),5.00,2
Match Day II (Amstrad CPC - 1987),4.75,4
Geoff Capes Strongman (Amstrad CPC - 1985),0.00,0
Soccer Rivals (Amstrad CPC - 1991),5.00,1
West Phaser (Amstrad CPC - 1989),3.67,3
F.A. Cup Football (Amstrad CPC - 1986),5.00,3
Football Manager 2 (Amstrad CPC - 1988),4.31,13
Fun School 2: For the Under-6s (Amstrad CPC - 1989),5.00,1
Scuba Kidz (Amstrad CPC - 1989),5.00,1
Wells & Fargo (Amstrad CPC - 1988),5.00,1
Helichopper (Amstrad CPC - 1986),5.00,2
Street Machine (Amstrad CPC - 1986),0.00,0
Cyrus II Chess (Amstrad CPC - 1985),4.83,6
Spaghetti Western Simulator (Amstrad CPC - 1990),5.00,2
Fun School 3 for the Under 5s (Amstrad CPC - 1990),0.00,0
The Neverending Story (Amstrad CPC - 1985),4.67,3
Roland Goes Digging (Amstrad CPC - 1984),3.00,2
Centurions: Power X Treme (Amstrad CPC - 1987),5.00,1
Skatin' USA (Amstrad CPC - 1990),5.00,1
Tower Toppler (Amstrad CPC - 1988),4.24,25
4x4 Off-Road Racing (Amstrad CPC - 1988),4.20,39
Dragon Breed (Amstrad CPC - 1990),4.00,1
Zork: The Great Underground Empire (Amstrad CPC - 1986),4.28,187
La Diosa de Cozumel (Amstrad CPC - 1990),4.71,7
Bubble Ghost (Amstrad CPC - 1988),4.25,8
Hydrofool (Amstrad CPC - 1987),3.00,2
Mad Mix Game (Amstrad CPC - 1988),5.00,6
Warlock (Amstrad CPC - 1987),5.00,1
RoadBlasters (Amstrad CPC - 1988),5.00,1
Ballyhoo (Amstrad CPC - 1986),4.80,5
Atlantis (Amstrad CPC - 1985),2.00,1
Last Duel: Inter Planet War 2012 (Amstrad CPC - 1989),5.00,1
Mortadelo y Filemón II: Safari Callejero (Amstrad CPC - 1989),5.00,6
Back to the Future (Amstrad CPC - 1986),4.50,4
Battle of the Planets (Amstrad CPC - 1986),5.00,1
Heroes of Karn (Amstrad CPC - 1985),4.50,2
Avenger (Amstrad CPC - 1986),3.50,4
Super Cauldron (Amstrad CPC - 1993),4.61,13
Los Angeles SWAT (Amstrad CPC - 1987),0.00,0
The Brainies (Amstrad CPC - 1991),4.00,5
Mortville Manor (Amstrad CPC - 1988),4.45,11
Halls of the Things (Amstrad CPC - 1985),0.00,0
Rick Dangerous 2 (Amstrad CPC - 1990),4.46,28
Spooky Castle (Amstrad CPC - 1990),5.00,2
Fun School 4: For 5 to 7 Year Olds (Amstrad CPC - 1992),3.50,2
Hammerfist (Amstrad CPC - 1990),3.00,3
World Cup Soccer (Amstrad CPC - 1985),5.00,2
Footballer of the Year 2 (Amstrad CPC - 1989),4.00,3
Emilio Butragueño ¡Fútbol! (Amstrad CPC - 1987),4.00,6
Mandragore (Amstrad CPC - 1986),4.00,3
International Rugby Simulator (Amstrad CPC - 1988),0.00,0
PaperBoy 2 (Amstrad CPC - 1991),4.32,34
Cluedo (Amstrad CPC - 1986),5.00,2
Nether Earth (Amstrad CPC - 1987),4.50,2
Pub Trivia Simulator (Amstrad CPC - 1989),5.00,1
Road Runner and Wile E. Coyote (Amstrad CPC - 1991),5.00,6
Jungle Warfare (Amstrad CPC - 1989),0.00,0
Turbo Boat Simulator (Amstrad CPC - 1988),0.00,0
Brainstorm (Amstrad CPC - 1988),0.00,0
Indiana Jones and The Last Crusade: The Action Game (Amstrad CPC - 1989),4.12,25
Gazza II (Amstrad CPC - 1990),0.00,0
Kokotoni Wilf (Amstrad CPC - 1986),2.50,2
Eye (Amstrad CPC - 1987),0.00,0
Bop'N Wrestle (Amstrad CPC - 1986),4.25,8
Tomahawk (Amstrad CPC - 1986),4.91,11
Chimera (Amstrad CPC - 1985),3.00,3
Bubbler (Amstrad CPC - 1987),0.00,0
Nexus (Amstrad CPC - 1986),5.00,2
Hundra (Amstrad CPC - 1988),5.00,2
Ghosts 'n Goblins (Amstrad CPC - 1986),4.51,65
PaperBoy (Amstrad CPC - 1987),4.44,25
Footballer of the Year (Amstrad CPC - 1986),4.75,4
Golden Axe (Amstrad CPC - 1990),4.68,56
HKM (Amstrad CPC - 1989),3.50,10
L.E.D. Storm (Amstrad CPC - 1988),3.50,6
Sorcerer (Amstrad CPC - 1986),4.40,10
Greyfell: Legend of Norman (Amstrad CPC - 1987),5.00,1
Mundial de Fútbol (Amstrad CPC - 1990),4.50,4
Knight Rider (Amstrad CPC - 1986),4.00,4
Hunchback: the Adventure (Amstrad CPC - 1986),0.00,0
World Championship Soccer (Amstrad CPC - 1990),4.75,4
Lucky Luke (Amstrad CPC - 1987),4.00,9
Buffalo Bill's Wild West Show (Amstrad CPC - 1989),4.14,7
Formula 1 Simulator (Amstrad CPC - 1985),0.00,0
Aliens: The Computer Game (Amstrad CPC - 1987),4.25,12
APB (Amstrad CPC - 1989),4.00,15
Classic Invaders (Amstrad CPC - 1986),5.00,1
Dark Fusion (Amstrad CPC - 1988),5.00,2
Milk Race (Amstrad CPC - 1987),3.67,3
Hard Drivin' (Amstrad CPC - 1989),4.03,33
X-Out (Amstrad CPC - 1990),4.33,9
Hacker II: The Doomsday Papers (Amstrad CPC - 1987),4.79,14
Enlightenment (Amstrad CPC - 1988),5.00,2
Captain America in: The Doom Tube of Dr. Megalomann (Amstrad CPC - 1988),2.80,5
Special Operations (Amstrad CPC - 1984),4.00,1
Bionic Ninja (Amstrad CPC - 1989),4.00,2
Pub Darts (Amstrad CPC - 1986),4.50,2
Starquake (Amstrad CPC - 1986),4.64,11
Cisco Heat: All American Police Car Race (Amstrad CPC - 1991),4.00,17
Lagaf': Les Aventures de Moktar - Vol 1: La Zoubida (Amstrad CPC - 1992),4.49,45
Off Shore Warrior (Amstrad CPC - 1988),4.50,4
Rockford: The Arcade Game (Amstrad CPC - 1988),4.07,14
Abracadabra (Amstrad CPC - 1988),5.00,7
BMX Kidz (Amstrad CPC - 1988),2.00,1
Vindicators (Amstrad CPC - 1989),1.00,1
Ardok the Barbarian (Amstrad CPC - 1986),4.25,4
Saboteur (Amstrad CPC - 1986),4.80,5
The Fury (Amstrad CPC - 1988),0.00,0
Mutants (Amstrad CPC - 1987),5.00,1
Gutter (Amstrad CPC - 1985),0.00,0
Swords & Sorcery (Amstrad CPC - 1986),4.00,2
Harrier Mission (Amstrad CPC - 1985),5.00,4
Samurai Trilogy (Amstrad CPC - 1987),0.00,0
Hot Rod (Amstrad CPC - 1990),3.67,3
World Class Leader Board (Amstrad CPC - 1988),4.67,36
Frank N Stein (Amstrad CPC - 1985),0.00,0
Arcade Trivia Quiz (Amstrad CPC - 1989),5.00,1
Doctor Who and the Mines of Terror (Amstrad CPC - 1986),4.25,4
Gremlins 2: The New Batch (Amstrad CPC - 1990),4.44,18
Knight Force (Amstrad CPC - 1989),3.50,6
Incredible Shrinking Sphere (Amstrad CPC - 1989),4.00,1
Back to the Future Part III (Amstrad CPC - 1991),4.36,22
Trivia U.K. (Amstrad CPC - 1985),0.00,0
Emerald Isle (Amstrad CPC - 1985),4.00,1
Advanced Destroyer Simulator (Amstrad CPC - 1990),4.43,14
Karnov (Amstrad CPC - 1988),4.50,14
Ninja Hamster (Amstrad CPC - 1987),0.00,0
Bob Morane: Science Fiction 1 (Amstrad CPC - 1987),3.00,2
Space Harrier II (Amstrad CPC - 1990),4.00,4
Red Heat (Amstrad CPC - 1989),4.00,7
International 3D Tennis (Amstrad CPC - 1990),5.00,2
Rogue Trooper (Amstrad CPC - 1986),5.00,2
Boulder Dash III (Amstrad CPC - 1986),4.60,5
Robozone (Amstrad CPC - 1991),1.00,1
Mega Sports (Amstrad CPC - 1992),0.00,0
Shao Lin's Road (Amstrad CPC - 1987),3.00,1
Wacky Races (Amstrad CPC - 1992),3.80,5
Super Cycle (Amstrad CPC - 1986),4.00,3
Peter Beardsley's International Football (Amstrad CPC - 1988),1.00,1
F-1 (Amstrad CPC - 1991),5.00,3
La Marque Jaune (Amstrad CPC - 1988),0.00,0
Deadenders (Amstrad CPC - 1988),5.00,1
Deathscape (Amstrad CPC - 1987),5.00,1
Bloodwych (Amstrad CPC - 1990),4.61,33
World Games (Amstrad CPC - 1987),4.42,15
6*Pak Vol. 2 (Amstrad CPC - 1987),5.00,1
Ghostbusters II (Amstrad CPC - 1989),5.00,4
Turbo Esprit (Amstrad CPC - 1986),5.00,5
Turbo the Tortoise (Amstrad CPC - 1992),4.50,2
Championship Baseball (Amstrad CPC - 1987),3.00,2
Flimbo's Quest (Amstrad CPC - 1990),4.36,14
Killer Gorilla (Amstrad CPC - 1984),0.00,0
Guadalcanal (Amstrad CPC - 1987),5.00,3
Wild West Seymour (Amstrad CPC - 1992),5.00,2
Battle of Britain (Amstrad CPC - 1985),4.00,6
Clever & Smart (Amstrad CPC - 1987),5.00,3
The Tolkien Trilogy (Amstrad CPC - 1989),0.00,0
Spooked (Amstrad CPC - 1989),5.00,1
Fire & Forget II (Amstrad CPC - 1990),3.83,12
Wriggler (Amstrad CPC - 1985),0.00,0
Kung-Fu Master (Amstrad CPC - 1987),4.75,8
Anarchy (Amstrad CPC - 1987),5.00,1
Atomic Driver (Amstrad CPC - 1988),0.00,0
Metropolis (Amstrad CPC - 1989),5.00,1
Windsurf Willy (Amstrad CPC - 1989),0.00,0
The Witness (Amstrad CPC - 1986),4.00,4
Dames Simulator (Amstrad CPC - 1990),3.78,9
The New Zealand Story (Amstrad CPC - 1989),4.41,29
Manchester United (Amstrad CPC - 1990),3.89,9
Mermaid Madness (Amstrad CPC - 1986),0.00,0
Grand Prix Tennis (Amstrad CPC - 1987),5.00,2
Jackson City (Amstrad CPC - 1990),5.00,1
Rock 'n Roll (Amstrad CPC - 1989),4.47,15
Wizard's Lair (Amstrad CPC - 1985),4.00,2
Hard Hat Mack (Amstrad CPC - 1984),4.81,21
The Lurking Horror (Amstrad CPC - 1987),4.06,69
Puzznic (Amstrad CPC - 1990),4.59,12
Marsport (Amstrad CPC - 1985),5.00,2
Treasure Island Dizzy (Amstrad CPC - 1989),5.00,4
Bobsleigh (Amstrad CPC - 1987),0.00,0
ATF: Advanced Tactical Fighter (Amstrad CPC - 1988),4.67,3
Turbo Out Run (Amstrad CPC - 1989),4.72,29
Motorbike Madness (Amstrad CPC - 1988),2.75,4
Harvey Headbanger (Amstrad CPC - 1986),0.00,0
Samurai Warrior: The Battles of.... Usagi Yojimbo (Amstrad CPC - 1988),5.00,11
Airwolf (Amstrad CPC - 1985),3.67,6
Star Control (Amstrad CPC - 1990),4.68,28
Bugaboo (The Flea) (Amstrad CPC - 1984),5.00,2
Frankenstein Jnr. (Amstrad CPC - 1990),5.00,1
Super Stock Car (Amstrad CPC - 1990),0.00,0
Welltris (Amstrad CPC - 1990),3.91,24
Realm (Amstrad CPC - 1987),1.00,1
Dark Side (Amstrad CPC - 1988),4.63,8
Bestial Warrior (Amstrad CPC - 1989),5.00,1
The Official Father Christmas (Amstrad CPC - 1989),0.00,0
Builderland: The Story of Melba (Amstrad CPC - 1991),5.00,2
Blade Runner (Amstrad CPC - 1986),5.00,2
The Match (Amstrad CPC - 1991),5.00,1
Bomb Jack (Amstrad CPC - 1986),4.78,9
The Way of the Tiger (Amstrad CPC - 1986),0.00,0
Herobotix (Amstrad CPC - 1988),0.00,0
Room Ten (Amstrad CPC - 1986),0.00,0
Shadow Skimmer (Amstrad CPC - 1987),0.00,0
The Astonishing Adventures of Mr. Weems and the She Vampires (Amstrad CPC - 1987),5.00,1
European 5-A-Side (Amstrad CPC - 1988),0.00,0
Robbbot (Amstrad CPC - 1986),0.00,0
Split Personalities (Amstrad CPC - 1986),5.00,1
"Garfield: Big, Fat, Hairy Deal (Amstrad CPC - 1988)",4.44,9
Hyperbowl (Amstrad CPC - 1987),1.00,1
The Fifth Axis (Amstrad CPC - 1985),4.00,2
Rally Driver (Amstrad CPC - 1986),5.00,1
"Gold, Silver, Bronze (Amstrad CPC - 1988)",0.00,0
Stormlord (Amstrad CPC - 1989),4.56,18
Western Games (Amstrad CPC - 1987),3.33,3
HMS Cobra: Convois pour Mourmansk (Amstrad CPC - 1986),4.33,3
World Class Soccer (Amstrad CPC - 1990),3.75,8
Passing Shot (Amstrad CPC - 1989),4.00,2
Satan (Amstrad CPC - 1990),4.08,12
Sooty's Fun With Numbers (Amstrad CPC - 1990),0.00,0
The Games: Summer Edition (Amstrad CPC - 1989),4.69,16
Wreckless Roger (Amstrad CPC - 1984),0.00,0
Rastan (Amstrad CPC - 1988),4.51,59
Psyborg (Amstrad CPC - 1992),5.00,1
The Spy Who Loved Me (Amstrad CPC - 1990),4.29,7
Three Weeks in Paradise (Amstrad CPC - 1986),0.00,0
Heroes of the Lance (Amstrad CPC - 1988),4.25,16
Jack the Nipper... II in Coconut Capers (Amstrad CPC - 1987),4.50,2
Las Vegas Casino (Amstrad CPC - 1989),0.00,0
Trollie Wallie (Amstrad CPC - 1986),3.00,1
Circus Games (Amstrad CPC - 1988),4.00,2
Dun Darach (Amstrad CPC - 1985),0.00,0
Spitting Image: The Computer Game (Amstrad CPC - 1988),5.00,2
Solid Gold (Amstrad CPC - 1987),0.00,0
Activator (Amstrad CPC - 1986),5.00,1
War Machine (Amstrad CPC - 1989),1.00,1
Caves of Doom (Amstrad CPC - 1985),5.00,2
Grid Iron 2 (Amstrad CPC - 1989),0.00,0
It's a Knockout (Amstrad CPC - 1986),5.00,1
TT Racer (Amstrad CPC - 1986),5.00,2
Tarzan (Amstrad CPC - 1986),4.33,3
Suspended (Amstrad CPC - 1986),4.86,7
Ocean Conqueror (Amstrad CPC - 1987),4.50,2
Hollywood or Bust (Amstrad CPC - 1986),5.00,2
The Real Ghostbusters (Amstrad CPC - 1989),4.86,7
Challenge of the Gobots (Amstrad CPC - 1987),0.00,0
Snow Strike (Amstrad CPC - 1990),4.00,6
Purple Saturn Day (Amstrad CPC - 1989),4.00,6
Grand Prix Simulator (Amstrad CPC - 1987),5.00,1
Red Moon (Amstrad CPC - 1985),5.00,2
Professional BMX Simulator (Amstrad CPC - 1988),5.00,2
Death Wake (Amstrad CPC - 1985),0.00,0
Classic Trainer (Amstrad CPC - 1989),0.00,0
Run the Gauntlet (Amstrad CPC - 1989),3.29,7
Heavy Metal (Amstrad CPC - 1990),4.00,10
Postman Pat 3: To the Rescue (Amstrad CPC - 1992),5.00,1
Supersports: The Alternative Olympics (Amstrad CPC - 1988),0.00,0
Bunny Bricks (Amstrad CPC - 1992),0.00,0
Australian Rules Football (Amstrad CPC - 1989),0.00,0
Knight Orc (Amstrad CPC - 1987),4.83,6
La Guerra de las Vajillas (Amstrad CPC - 1988),2.00,1
Bangers & Mash (Amstrad CPC - 1992),4.25,4
Icon Jon (Amstrad CPC - 1986),0.00,0
Super Trolley (Amstrad CPC - 1988),0.00,0
Final Assault (Amstrad CPC - 1987),3.22,14
Fast Food (Amstrad CPC - 1989),4.33,6
The Legend of Kage (Amstrad CPC - 1986),4.00,4
Prohibition (Amstrad CPC - 1987),4.88,8
Spitfire (Amstrad CPC - 1989),4.00,2
Where in the World is Carmen Sandiego? (Amstrad CPC - 1990),4.32,34
Hotshot (Amstrad CPC - 1988),3.50,4
Enduro Racer (Amstrad CPC - 1987),4.83,6
Alpine Games (Amstrad CPC - 1987),3.50,2
Predator (Amstrad CPC - 1987),4.27,11
Super Tank Simulator (Amstrad CPC - 1989),0.00,0
RoboCop (Amstrad CPC - 1989),4.75,4
Gunboat (Amstrad CPC - 1987),0.00,0
Star Sabre (Amstrad CPC - 2008),5.00,1
Tai-Pan (Amstrad CPC - 1987),4.75,4
Fun School 3: for 5 to 7 Year Olds (Amstrad CPC - 1991),5.00,1
Desert Rats: The North Africa Campaign (Amstrad CPC - 1986),4.67,9
Kung-Fu: The Way of the Exploding Fist (Amstrad CPC - 1985),4.88,8
Auf Wiedersehen Monty (Amstrad CPC - 1987),5.00,1
Four Smash Hits from Hewson (Amstrad CPC - 1987),0.00,0
Silkworm (Amstrad CPC - 1989),5.00,4
Grand Prix 500 2 (Amstrad CPC - 1991),5.00,2
Sláine (Amstrad CPC - 1987),4.00,2
Infodroid (Amstrad CPC - 1986),0.00,0
Dragontorc (Amstrad CPC - 1985),3.00,2
Rasputin (Amstrad CPC - 1986),5.00,1
NARC (Amstrad CPC - 1990),4.29,7
Oh Mummy (Amstrad CPC - 1984),5.00,6
Wembley Greyhounds (Amstrad CPC - 1989),0.00,0
S.W.I.V. (Amstrad CPC - 1991),4.14,7
Top Cat Starring in Beverly Hills Cats (Amstrad CPC - 1990),4.00,3
Artura (Amstrad CPC - 1989),4.40,5
F-16 Combat Pilot (Amstrad CPC - 1991),4.76,46
Feud (Amstrad CPC - 1987),4.89,9
Psycho Soldier (Amstrad CPC - 1988),0.00,0
Ruff and Reddy in the Space Adventure (Amstrad CPC - 1990),3.00,2
Winter Sports (Amstrad CPC - 1985),5.00,1
NY Warriors (Amstrad CPC - 1990),4.60,5
Tour 91 (Amstrad CPC - 1991),4.80,5
Starstrike II (Amstrad CPC - 1986),4.00,1
El Cid (Amstrad CPC - 1987),5.00,1
Angel Nieto Pole 500 (Amstrad CPC - 1990),4.22,23
Jason of the Argonauts (Amstrad CPC - 1990),5.00,1
Adventure C (Amstrad CPC - 1985),0.00,0
Codename MAT (Amstrad CPC - 1984),5.00,1
Arcade Flight Simulator (Amstrad CPC - 1989),5.00,1
The Ancient Art of War (Amstrad CPC - 1990),4.27,67
Hybrid (Amstrad CPC - 1987),5.00,1
Twice Shy (Amstrad CPC - 1986),0.00,0
Drazen Petrovic Basket (Amstrad CPC - 1989),3.80,5
Midnight Resistance (Amstrad CPC - 1990),4.55,11
Wriggler (Amstrad CPC - 1984),0.00,0
Sorcery+ (Amstrad CPC - 1985),3.67,3
Spellbound (Amstrad CPC - 1985),5.00,1
Street Cred Football (Amstrad CPC - 1989),0.00,0
Protector (Amstrad CPC - 1989),0.00,0
Leaderboard Tournament (Amstrad CPC - 1987),0.00,0
TLL: Tornado Low Level (Amstrad CPC - 1985),4.00,1
Ikari Warriors II: Victory Road (Amstrad CPC - 1988),3.60,10
Ian Botham's Test Match (Amstrad CPC - 1985),0.00,0
Suspect (Amstrad CPC - 1986),4.86,7
The Fellowship of The Ring (Amstrad CPC - 1986),4.50,30
Top Secret (Amstrad CPC - 1986),5.00,1
Snoopy: The Cool Computer Game (Amstrad CPC - 1989),4.52,25
Gauntlet: The Deeper Dungeons (Amstrad CPC - 1987),4.50,4
Street Gang (Amstrad CPC - 1988),2.00,1
Classic Muncher (Amstrad CPC - 1987),5.00,1
Microball (Amstrad CPC - 1988),5.00,1
Saboteur II (Amstrad CPC - 1987),4.61,28
Puffy's Saga (Amstrad CPC - 1989),4.00,4
Bully's Sporting Darts (Amstrad CPC - 1993),0.00,0
Strike Force Harrier (Amstrad CPC - 1986),4.50,8
Fire and Forget (Amstrad CPC - 1988),4.30,10
Psi 5 Trading Co. (Amstrad CPC - 1987),4.75,12
After Shock (Amstrad CPC - 1986),0.00,0
Bad Dudes (Amstrad CPC - 1988),4.37,19
Dynamite Dan (Amstrad CPC - 1985),4.00,3
Shockway Rider (Amstrad CPC - 1987),5.00,1
Slapshot (Amstrad CPC - 1984),0.00,0
Tom & Jerry (Amstrad CPC - 1989),3.56,9
Fun School 2: For 6-8 Year Olds (Amstrad CPC - 1989),0.00,0
Prison Riot (Amstrad CPC - 1990),0.00,0
Arachnophobia (Amstrad CPC - 1991),4.50,24
Popeye 2 (Amstrad CPC - 1991),5.00,4
Badlands (Amstrad CPC - 1991),4.60,5
Le labyrinthe d'Orthophus (Amstrad CPC - 1989),4.00,1
Back to Reality (Amstrad CPC - 1986),5.00,2
Movie (Amstrad CPC - 1986),5.00,1
Coliseum (Amstrad CPC - 1988),5.00,1
Desert Fox (Amstrad CPC - 1986),4.50,2
Chuckie Egg (Amstrad CPC - 1985),4.20,20
European Superleague (Amstrad CPC - 1991),4.00,1
Passengers on the Wind II (Amstrad CPC - 1988),4.00,4
Saracen (Amstrad CPC - 1987),0.00,0
The Price of Magik (Amstrad CPC - 1986),3.00,1
Ikari Warriors (Amstrad CPC - 1987),4.31,26
MOT (Amstrad CPC - 1989),4.50,8
Quiwi (Amstrad CPC - 1986),0.00,0
Moto X Simulator (Amstrad CPC - 1989),2.50,2
Ramparts (Amstrad CPC - 1988),5.00,2
Rugby Boss (Amstrad CPC - 1989),5.00,1
Execution (Amstrad CPC - 1985),0.00,0
Olli & Lissa 3: The Candlelight Adventure (Amstrad CPC - 1989),5.00,1
The Boggit: Bored Too (Amstrad CPC - 1986),4.00,1
Nick Faldo Plays The Open (Amstrad CPC - 1986),0.00,0
Star Raiders II (Amstrad CPC - 1987),5.00,2
Lords of Time (Amstrad CPC - 1984),5.00,1
Pictionary: The Game of Quick Draw (Amstrad CPC - 1989),4.23,17
Jack and the Beanstalk (Amstrad CPC - 1985),3.00,1
Convoy Raider (Amstrad CPC - 1987),5.00,1
Conquestador (Amstrad CPC - 1986),5.00,2
Street Fighter (Amstrad CPC - 1988),3.89,28
International Speedway (Amstrad CPC - 1988),5.00,1
Cobra (Amstrad CPC - 1987),5.00,1
Streaker (Amstrad CPC - 1987),0.00,0
Sports-A-Roni (Amstrad CPC - 1987),5.00,1
After the War (Amstrad CPC - 1989),4.80,16
Jet Set Willy (Amstrad CPC - 1985),4.50,2
Professional Footballer (Amstrad CPC - 1991),0.00,0
Daley Thompson's Olympic Challenge (Amstrad CPC - 1988),5.00,4
Xeno (Amstrad CPC - 1986),5.00,2
BMX Simulator (Amstrad CPC - 1987),4.43,7
Skyfox (Amstrad CPC - 1986),5.00,2
American Football (Amstrad CPC - 1984),0.00,0
Triaxos (Amstrad CPC - 1987),0.00,0
Hit Pak: 6 Pak (Amstrad CPC - 1987),0.00,0
Agent X II: The Mad Prof's Back! (Amstrad CPC - 1987),0.00,0
Endurance (Amstrad CPC - 1985),4.00,1
Buggy Ranger (Amstrad CPC - 1990),5.00,2
Captain Planet and the Planeteers (Amstrad CPC - 1992),5.00,3
Darkman (Amstrad CPC - 1991),5.00,2
Lamborghini: American Challenge (Amstrad CPC - 1992),4.19,47
Little Puff in Dragonland (Amstrad CPC - 1989),3.00,2
Jocky Wilson's Darts Challenge (Amstrad CPC - 1988),3.67,3
Sid Meier's Pirates! (Amstrad CPC - 1987),4.57,56
Ninja Master (Amstrad CPC - 1986),3.00,2
Trivial Pursuit: Baby Boomer Edition (Amstrad CPC - 1987),5.00,1
Bosconian '87 (Amstrad CPC - 1987),5.00,2
Shackled (Amstrad CPC - 1988),0.00,0
Rodeo (Amstrad CPC - 1986),5.00,1
Formula One (Amstrad CPC - 1985),0.00,0
Scooby-Doo and Scrappy-Doo (Amstrad CPC - 1991),3.67,6
Gilligan's Gold (Amstrad CPC - 1984),5.00,1
Frost Byte (Amstrad CPC - 1986),3.75,4
Fruit Machine (Amstrad CPC - 1984),4.00,2
Spy vs. Spy: The Island Caper (Amstrad CPC - 1987),4.67,15
Hyper Sports (Amstrad CPC - 1985),4.67,3
The Story So Far: Vol 4 (Amstrad CPC - 1990),5.00,1
Mindfighter (Amstrad CPC - 1988),5.00,6
Le Diamant de l'Île Maudite (Amstrad CPC - 1986),0.00,0
Beach Buggy Simulator (Amstrad CPC - 1987),0.00,0
Lemmings (Amstrad CPC - 1992),4.66,188
"Livingstone, I Presume? (Amstrad CPC - 1987)",4.64,14
Times of Lore (Amstrad CPC - 1990),4.21,14
Rana Rama (Amstrad CPC - 1987),4.67,3
James Bond 007 in The Living Daylights: The Computer Game (Amstrad CPC - 1987),5.00,6
1942 (Amstrad CPC - 1986),4.52,21
ACE 2 (Amstrad CPC - 1987),4.20,5
Fun School 3: for the over 7s (Amstrad CPC - 1990),0.00,0
Vendetta (Amstrad CPC - 1990),5.00,2
Zynaps (Amstrad CPC - 1987),3.67,3
La Aventura Espacial (Amstrad CPC - 1990),4.86,7
Beyond the Ice Palace (Amstrad CPC - 1988),4.50,6
Skull & Crossbones (Amstrad CPC - 1991),4.33,6
The Last Mission (Amstrad CPC - 1987),4.86,7
Star Dust (Amstrad CPC - 1987),5.00,4
Firelord (Amstrad CPC - 1986),4.50,4
Double Dragon II: The Revenge (Amstrad CPC - 1989),4.11,74
Omni-Play Horse Racing (Amstrad CPC - 1986),3.55,9
Super Sprint (Amstrad CPC - 1987),5.00,1
Charlie Chaplin (Amstrad CPC - 1988),3.93,14
Dan Dare III: The Escape (Amstrad CPC - 1990),4.25,4
Space Racer (Amstrad CPC - 1988),5.00,4
Shufflepuck Cafe (Amstrad CPC - 1989),4.48,54
Boot Camp (Amstrad CPC - 1987),4.20,5
Xcel (Amstrad CPC - 1986),0.00,0
Infernal Runner (Amstrad CPC - 1985),4.20,5
Scapeghost (Amstrad CPC - 1989),4.64,11
West Bank (Amstrad CPC - 1986),3.50,2
Astro Plumber (Amstrad CPC - 1985),5.00,1
Space School Simulator: The Academy (Amstrad CPC - 1987),4.50,8
Teenage Mutant Ninja Turtles (Amstrad CPC - 1991),4.32,108
Saint Dragon (Amstrad CPC - 1990),4.50,4
Ivan 'Ironman' Stewart's Super Off Road (Amstrad CPC - 1990),4.61,81
Beach-Head (Amstrad CPC - 1985),4.89,9
Tennis Cup (Amstrad CPC - 1990),3.00,2
Vampire (Amstrad CPC - 1986),0.00,0
Spiky Harold (Amstrad CPC - 1986),5.00,1
Poogaboo: La Pulga 2 (Amstrad CPC - 1991),4.00,3
Soviet (Amstrad CPC - 1990),4.56,9
Sir Lancelot (Amstrad CPC - 1984),4.00,1
The Train: Escape to Normandy (Amstrad CPC - 1988),5.00,11
Helter Skelter (Amstrad CPC - 1990),3.00,7
Gazza's Super Soccer (Amstrad CPC - 1989),3.50,2
Jail Break (Amstrad CPC - 1986),5.00,1
Continental Circus (Amstrad CPC - 1989),4.78,9
The Dam Busters (Amstrad CPC - 1986),4.80,10
Gauntlet II (Amstrad CPC - 1987),4.06,32
Seabase Delta (Amstrad CPC - 1986),5.00,2
3D Stunt Rider (Amstrad CPC - 1985),4.80,10
Cybernoid: The Fighting Machine (Amstrad CPC - 1988),5.00,5
Monopoly (Amstrad CPC - 1986),4.64,11
Total Recall (Amstrad CPC - 1991),0.00,0
Match Day (Amstrad CPC - 1985),3.33,3
Bobby Bearing (Amstrad CPC - 1986),5.00,1
Nuclear Heist (Amstrad CPC - 1986),5.00,1
Amaurote (Amstrad CPC - 1987),4.00,2
Runestone (Amstrad CPC - 1986),0.00,0
Super Seymour Saves the Planet (Amstrad CPC - 1991),1.00,1
Crystal Castles (Amstrad CPC - 1986),4.67,6
GFL Championship Football (Amstrad CPC - 1987),3.33,3
Loopz (Amstrad CPC - 1990),5.00,2
Blazing Thunder (Amstrad CPC - 1990),5.00,3
Little Computer People (Amstrad CPC - 1987),4.42,56
Double Gold: The Black Fountain and Sharpe's Deeds (Amstrad CPC - 1987),5.00,1
Shadow of the Beast (Amstrad CPC - 1990),4.58,12
The Adventures of Bond... Basildon Bond (Amstrad CPC - 1986),5.00,1
Seastalker (Amstrad CPC - 1986),4.71,7
Skweek (Amstrad CPC - 1989),3.60,10
Tuareg (Amstrad CPC - 1988),5.00,2
Paste-Man Pat (Amstrad CPC - 1989),0.00,0
Time Machine (Amstrad CPC - 1990),3.00,2
Exterminator (Amstrad CPC - 1991),3.75,4
Elidon (Amstrad CPC - 1985),5.00,1
Flunky (Amstrad CPC - 1987),3.00,1
Vulcan: The Tunisian Campaign (Amstrad CPC - 1987),5.00,7
Spy Hunter (Amstrad CPC - 1986),4.47,17
Spy vs. Spy III: Arctic Antics (Amstrad CPC - 1988),4.00,3
Mr Wino (Amstrad CPC - 1988),0.00,0
Potsworth & Co. (Amstrad CPC - 1992),5.00,1
Cavemania (Amstrad CPC - 1991),5.00,1
Kinetik (Amstrad CPC - 1987),3.00,1
Troll (Amstrad CPC - 1988),5.00,1
Starcross (Amstrad CPC - 1986),3.94,15
Hold-Up (Amstrad CPC - 1984),0.00,0
Mach 3 (Amstrad CPC - 1987),4.00,11
Batman (Amstrad CPC - 1989),4.19,37
Yogi's Great Escape (Amstrad CPC - 1990),3.75,4
Daley Thompson's Decathlon (Amstrad CPC - 1985),4.25,4
Fighting Warrior (Amstrad CPC - 1985),5.00,2
U.N. Squadron (Amstrad CPC - 1990),4.14,7
Tiger Road (Amstrad CPC - 1989),3.60,5
The Games: Winter Edition (Amstrad CPC - 1988),4.73,11
Zub (Amstrad CPC - 1986),0.00,0
Ole! (Amstrad CPC - 1987),3.67,3
Street Cred Boxing (Amstrad CPC - 1989),0.00,0
Zork II: The Wizard of Frobozz (Amstrad CPC - 1986),4.43,21
Karateka (Amstrad CPC - 1990),4.46,46
Star Wars (Amstrad CPC - 1987),4.47,36
ATV Simulator (Amstrad CPC - 1987),5.00,3
The Famous Five: Five on a Treasure Island (Amstrad CPC - 1990),3.50,4
Classic Punter (Amstrad CPC - 1989),0.00,0
Killerball (Amstrad CPC - 1991),5.00,2
Master Chess (Amstrad CPC - 1987),5.00,1
Attack of the Killer Tomatoes (Amstrad CPC - 1986),0.00,0
Project Future (Amstrad CPC - 1985),1.00,2
Danger Mouse in Double Trouble (Amstrad CPC - 1985),3.25,4
Impossible Mission (Amstrad CPC - 1986),4.56,16
El Capitán Trueno (Amstrad CPC - 1989),5.00,4
The Growing Pains of Adrian Mole (Amstrad CPC - 1988),3.33,3
Miami Vice (Amstrad CPC - 1986),5.00,1
The Great Escape (Amstrad CPC - 1986),4.33,15
Chain Reaction (Amstrad CPC - 1988),0.00,0
Gridtrap (Amstrad CPC - 1985),0.00,0
Defender of The Crown (Amstrad CPC - 1989),4.56,82
Blockbusters (Amstrad CPC - 1984),5.00,2
Hostage: Rescue Mission (Amstrad CPC - 1990),4.36,36
NEIL Android (Amstrad CPC - 1988),5.00,2
A.L.C.O.N. (Amstrad CPC - 1987),4.50,2
The Very Big Cave Adventure (Amstrad CPC - 1986),3.00,1
Humphrey (Amstrad CPC - 1988),0.00,0
Nigel Mansell's World Championship Racing (Amstrad CPC - 1993),4.14,14
Comando Tracer (Amstrad CPC - 1988),5.00,1
Project Neptune (Amstrad CPC - 1988),4.19,16
Silent Service (Amstrad CPC - 1986),4.69,39
Chicago 30's (Amstrad CPC - 1988),5.00,1
Super Hang-On (Amstrad CPC - 1987),4.80,20
Mikie (Amstrad CPC - 1986),5.00,3
Trailblazer (Amstrad CPC - 1986),2.00,1
Fairlight (Amstrad CPC - 1986),4.33,3
Raid Over Moscow (Amstrad CPC - 1985),4.62,13
Leather Goddesses Of Phobos (Amstrad CPC - 1986),4.18,28
Double Dragon 3: The Rosetta Stone (Amstrad CPC - 1991),4.71,33
Questprobe: Featuring Human Torch and the Thing (Amstrad CPC - 1985),4.40,5
Wizard Warz (Amstrad CPC - 1987),3.75,4
Asterix and the Magic Carpet (Amstrad CPC - 1987),4.14,7
Tomcat (Amstrad CPC - 1989),5.00,1
The Eidolon (Amstrad CPC - 1986),4.80,5
Werner: Let's go! (Amstrad CPC - 1987),0.00,0
Robin of Sherwood: The Touchstones of Rhiannon (Amstrad CPC - 1985),4.00,5
Dead or Alive (Amstrad CPC - 1987),3.00,1
Méwilo (Amstrad CPC - 1987),0.00,0
Cosmic Relief: Prof. Renegade to the Rescue (Amstrad CPC - 1988),4.25,4
Targhan (Amstrad CPC - 1990),4.78,18
Pinball Wizard (Amstrad CPC - 1985),0.00,0
Double Dragon (Amstrad CPC - 1988),4.73,46
Vagan Attack (Amstrad CPC - 1985),3.00,1
War Hawk (Amstrad CPC - 1986),3.00,1
Beach-Head II: The Dictator Strikes Back (Amstrad CPC - 1985),4.88,8
Star Firebirds (Amstrad CPC - 1986),0.00,0
Action Fighter (Amstrad CPC - 1989),4.40,10
Cyberball (Amstrad CPC - 1990),5.00,3
Eagle's Rider (Amstrad CPC - 1990),4.00,1
Peter Pack Rat (Amstrad CPC - 1988),5.00,1
Scooby-Doo (Amstrad CPC - 1986),3.00,2
The Deep (Amstrad CPC - 1988),1.00,1
Brian Jacks Superstar Challenge (Amstrad CPC - 1985),5.00,3
Don Quijote (Amstrad CPC - 1987),4.60,5
Frank Bruno's Boxing (Amstrad CPC - 1985),5.00,1
Titus the Fox: To Marrakech and Back (Amstrad CPC - 1992),4.77,31
Fruit Machine Simulator 2 (Amstrad CPC - 1990),3.00,1
Teenage Mutant Ninja Turtles (Amstrad CPC - 1990),4.55,64
Express Raider (Amstrad CPC - 1987),5.00,2
Stainless Steel (Amstrad CPC - 1986),0.00,0
World Cup (Amstrad CPC - 1985),0.00,0
Shark (Amstrad CPC - 1989),0.00,0
Black Tiger (Amstrad CPC - 1990),4.42,12
Grand Prix Simulator 2 (Amstrad CPC - 1989),0.00,0
"Jim Power in ""Mutant Planet"" (Amstrad CPC - 1992)",4.00,2
Necris Dome (Amstrad CPC - 1986),3.00,1
Murder off Miami (Amstrad CPC - 1986),4.75,4
Stormbringer (Amstrad CPC - 1987),0.00,0
Football Manager (Amstrad CPC - 1984),4.05,19
Klax (Amstrad CPC - 1990),4.53,15
Awesome Earl in SkateRock (Amstrad CPC - 1987),2.50,2
Sabotage (Amstrad CPC - 1988),5.00,1
Evening Star (Amstrad CPC - 1987),5.00,1
The Simpsons: Bart vs. the Space Mutants (Amstrad CPC - 1991),4.27,41
Mobile Man (Amstrad CPC - 1989),0.00,0
Psycho Pigs UXB (Amstrad CPC - 1988),5.00,2
Finders Keepers (Amstrad CPC - 1985),4.50,2
Psycho Hopper (Amstrad CPC - 1989),4.00,1
Toobin' (Amstrad CPC - 1989),4.00,4
Jack Nicklaus' Greatest 18 Holes of Major Championship Golf (Amstrad CPC - 1989),4.25,12
Castle Master + Castle Master II: The Crypt (Amstrad CPC - 1990),4.17,6
Los Inhumanos (Amstrad CPC - 1990),0.00,0
Bridge-It (Amstrad CPC - 1984),5.00,1
Kong Strikes Back! (Amstrad CPC - 1985),3.00,2
Brian Bloodaxe (Amstrad CPC - 1985),0.00,0
Rolling Thunder (Amstrad CPC - 1988),3.57,7
Final Fight (Amstrad CPC - 1991),4.50,12
Mountains of Ket (Amstrad CPC - 1986),5.00,1
Tournament Tennis (Amstrad CPC - 1985),3.13,8
Rogue (Amstrad CPC - 1988),4.56,72
The Wild Bunch (Amstrad CPC - 1985),2.57,7
Cutthroats (Amstrad CPC - 1986),4.00,4
Trantor the Last Stormtrooper (Amstrad CPC - 1987),5.00,4
Bumpy (Amstrad CPC - 1989),4.88,8
Bob Winner (Amstrad CPC - 1986),5.00,3
Trivial Pursuit: A New Beginning (Amstrad CPC - 1988),3.67,3
BraveStarr (Amstrad CPC - 1987),5.00,2
Deadly Evil (Amstrad CPC - 1990),5.00,1
Pac-Mania (Amstrad CPC - 1988),4.46,26
Sooty & Sweep (Amstrad CPC - 1989),0.00,0
Mega-Bucks (Amstrad CPC - 1986),0.00,0
The Hunt for Red October (Amstrad CPC - 1991),4.60,10
Scramble Spirits (Amstrad CPC - 1990),5.00,5
Kentilla (Amstrad CPC - 1986),4.00,4
Galivan (Amstrad CPC - 1986),5.00,1
Ballbreaker II (Amstrad CPC - 1988),5.00,1
Android One: The Reactor Run (Amstrad CPC - 1985),5.00,1
Turrican (Amstrad CPC - 1990),4.73,15
Balloonacy (Amstrad CPC - 2007),5.00,1
Hanse (Amstrad CPC - 1986),4.56,9
Drakkar (Amstrad CPC - 1989),5.00,2
League Challenge (Amstrad CPC - 1987),0.00,0
Phileas Fogg's Balloon Battles (Amstrad CPC - 1991),5.00,1
Sliders (Amstrad CPC - 1991),0.00,0
Bugsy (Amstrad CPC - 1986),4.80,5
Whopper Chase (Amstrad CPC - 1987),5.00,1
Arkanoid (Amstrad CPC - 1987),4.46,41
Nigel Mansell's Grand Prix (Amstrad CPC - 1988),0.00,0
Rally Cross Challenge (Amstrad CPC - 1989),3.67,3
Ninja Commando (Amstrad CPC - 1988),5.00,1
1943: The Battle of Midway (Amstrad CPC - 1988),4.38,29
Strike Aces (Amstrad CPC - 1990),4.50,10
Punch & Judy (Amstrad CPC - 1989),0.00,0
Thundercats (Amstrad CPC - 1987),4.17,6
A Question of Scruples: The Computer Edition (Amstrad CPC - 1987),3.50,2
The Trap Door (Amstrad CPC - 1986),4.33,3
Strange Loop (Amstrad CPC - 1985),0.00,0
Beach Volley (Amstrad CPC - 1989),3.80,5
GBA Championship Basketball: Two-on-Two (Amstrad CPC - 1986),3.20,5
Yes Prime Minister: The Computer Game (Amstrad CPC - 1987),3.92,13
Slightly Magic (Amstrad CPC - 1991),3.50,2
Tanium (Amstrad CPC - 1988),0.00,0
Dynamite Dan II (Amstrad CPC - 1986),0.00,0
Blood Brothers (Amstrad CPC - 1988),5.00,1
Hammer Boy (Amstrad CPC - 1991),4.00,5
Bride of Frankenstein (Amstrad CPC - 1987),0.00,0
Olli & Lissa: The Ghost of Shilmore Castle (Amstrad CPC - 1987),3.00,1
Gauntlet (Amstrad CPC - 1986),4.90,30
720º (Amstrad CPC - 1988),5.00,7
Disc (Amstrad CPC - 1991),5.00,2
Blasteroids (Amstrad CPC - 1989),5.00,3
Crete 1941: Fallschirmjager (Amstrad CPC - 1990),4.50,2
Mad Mix 2: En el castillo de los fantasmas (Amstrad CPC - 1990),5.00,2
Capitán Sevilla (Amstrad CPC - 1988),0.00,0
Moon Cresta (Amstrad CPC - 1986),3.50,2
Zap't'Balls: The Advanced Edition (Amstrad CPC - 1992),0.00,0
Fun School 2: For the Over-8s (Amstrad CPC - 1989),0.00,0
Countdown (Amstrad CPC - 1986),2.50,2
Catch 23 (Amstrad CPC - 1987),0.00,0
Joe Blade II (Amstrad CPC - 1988),5.00,2
Kat Trap: Planet of the Cat-Men (Amstrad CPC - 1987),0.00,0
Angle Ball (Amstrad CPC - 1987),0.00,0
WEC Le Mans 24 (Amstrad CPC - 1988),5.00,2
Gee Bee Air Rally (Amstrad CPC - 1988),4.67,3
Deactivators (Amstrad CPC - 1986),4.00,1
Rocco (Amstrad CPC - 1985),0.00,0
Super Scramble Simulator (Amstrad CPC - 1989),3.50,2
Sgrizam (Amstrad CPC - 1985),5.00,1
The Loopz Collection (Amstrad CPC - 1991),0.00,0
Le Labyrinthe de Morphintax (Amstrad CPC - 1991),0.00,0
Pacific (Amstrad CPC - 1986),0.00,0
10 Computer Hits: Volume Five (Amstrad CPC - 1989),4.50,6
Buster Block (Amstrad CPC - 1986),0.00,0
Madballs (Amstrad CPC - 1988),3.00,2
Tales of the Arabian Nights (Amstrad CPC - 1985),4.33,3
First Class with the Shoe People (Amstrad CPC - 1991),0.00,0
Captain Blood (Amstrad CPC - 1988),4.36,25
Alien 8 (Amstrad CPC - 1985),5.00,2
Assault Course: Combat Academy (Amstrad CPC - 1990),5.00,1
Alex Higgins' World Snooker (Amstrad CPC - 1985),4.20,5
Guzzler (Amstrad CPC - 1986),4.00,1
Gemini Wing (Amstrad CPC - 1989),5.00,1
Hudson Hawk (Amstrad CPC - 1991),3.88,8
Batman (Amstrad CPC - 1986),4.80,5
Freedom: Rebels in the Darkness (Amstrad CPC - 1988),3.67,9
Popeye (Amstrad CPC - 1986),4.00,2
Gauntlet III: The Final Quest (Amstrad CPC - 1991),5.00,7
The Running Man (Amstrad CPC - 1989),5.00,4
Chuck Yeager's Advanced Flight Simulator (Amstrad CPC - 1989),3.81,16
Spitfire '40 (Amstrad CPC - 1985),4.33,3
Super Pipeline II (Amstrad CPC - 1985),4.33,3
Winter Olympics (Amstrad CPC - 1986),0.00,0
Mig-29 Soviet Fighter (Amstrad CPC - 1989),2.50,2
Turrican II: The Final Fight (Amstrad CPC - 1991),4.53,60
Colossus Chess 4 (Amstrad CPC - 1986),4.50,4
Gary Linekers Superskills (Amstrad CPC - 1988),5.00,1
Corruption (Amstrad CPC - 1988),4.72,18
Ghouls 'N Ghosts (Amstrad CPC - 1989),4.65,17
Obliterator (Amstrad CPC - 1988),4.00,5
Knight Games (Amstrad CPC - 1986),3.75,4
3D Boxing (Amstrad CPC - 1985),5.00,1
Gladiator (Amstrad CPC - 1986),0.00,0
Dizzy: Prince of the Yolkfolk (Amstrad CPC - 1991),4.86,7
Bob Morane: Jungle 1 (Amstrad CPC - 1987),3.00,2
Sorcery (Amstrad CPC - 1985),4.75,4
Mission Omega (Amstrad CPC - 1986),5.00,3
Biff (Amstrad CPC - 1992),3.50,2
Leader Board (Amstrad CPC - 1987),5.00,1
Dandy (Amstrad CPC - 1986),5.00,1
Admiral Graf Spee (Amstrad CPC - 1984),3.00,2
Konami's Arcade Collection (Amstrad CPC - 1988),0.00,0
Moonwalker (Amstrad CPC - 1989),4.22,23
The Shadows of Mordor (Amstrad CPC - 1987),4.40,15
Knightmare (Amstrad CPC - 1987),5.00,4
Bored of the Rings (Amstrad CPC - 1985),3.50,4
Minder (Amstrad CPC - 1985),0.00,0
Sailing (Amstrad CPC - 1987),3.00,2
Macadam Bumper (Amstrad CPC - 1985),4.00,7
Southern Belle (Amstrad CPC - 1985),5.00,2
Every Second Counts (Amstrad CPC - 1988),5.00,1
Dark Century (Amstrad CPC - 1990),3.67,3
Tie Break (Amstrad CPC - 1990),4.00,4
The Addams Family (Amstrad CPC - 1992),5.00,1
Mindshadow (Amstrad CPC - 1986),4.46,13
Commando (Amstrad CPC - 1986),4.41,22
"Baby Jo in: ""Going Home"" (Amstrad CPC - 1991)",4.16,19
Count Duckula 2 Featuring Tremendous Terence (Amstrad CPC - 1992),5.00,3
Shard of Inovar (Amstrad CPC - 1987),5.00,4
Abu Simbel Profanation (Amstrad CPC - 1985),5.00,2
Guardian II: Revenge of the Mutants (Amstrad CPC - 1990),0.00,0
Alien Syndrome (Amstrad CPC - 1988),4.39,18
Red Scorpion (Amstrad CPC - 1987),0.00,0
Sorcerer Lord (Amstrad CPC - 1987),4.29,7
Jewels of Babylon (Amstrad CPC - 1984),4.33,3
Moon Buggy (Amstrad CPC - 1985),4.25,4
Le Mystère de Kikekankoi (Amstrad CPC - 1985),0.00,0
Sharkey's Moll (Amstrad CPC - 1991),4.33,3
Masters of the Universe: The Movie (Amstrad CPC - 1987),5.00,2
Dead on Time (Amstrad CPC - 2010),4.75,4
S.T.U.N. Runner (Amstrad CPC - 1990),4.62,16
Wings of Fury (Amstrad CPC - 1990),4.70,30
Altered Beast (Amstrad CPC - 1989),4.45,38
Power (Amstrad CPC - 1985),0.00,0
Action Force (Amstrad CPC - 1988),5.00,3
Uchi Mata (Amstrad CPC - 1987),5.00,1
Global Commander (Amstrad CPC - 1987),5.00,5
Super Nudge 2000 (Amstrad CPC - 1989),0.00,0
Impossamole (Amstrad CPC - 1990),4.00,2
Radius (Amstrad CPC - 1987),0.00,0
Thrust (Amstrad CPC - 1986),4.00,4
Rambo III (Amstrad CPC - 1988),3.50,38
Wizard Willy (Amstrad CPC - 1989),0.00,0
Xevious (Amstrad CPC - 1986),4.78,9
Sharkey's 3D Pool (Amstrad CPC - 1989),4.77,13
Leviathan (Amstrad CPC - 1987),3.33,3
Magic Johnson's Fast Break (Amstrad CPC - 1990),4.80,5
Superstar Indoor Sports (Amstrad CPC - 1987),5.00,5
Chuckie Egg II (Amstrad CPC - 1985),3.67,3
Devil's Crown (Amstrad CPC - 1985),3.50,2
Last Ninja 2: Back With a Vengeance (Amstrad CPC - 1988),4.55,27
Yabba Dabba Doo! (Amstrad CPC - 1986),4.50,2
Cabal (Amstrad CPC - 1989),4.60,20
4 Soccer Simulators (Amstrad CPC - 1989),5.00,2
Sai Combat (Amstrad CPC - 1986),0.00,0
Basil the Great Mouse Detective (Amstrad CPC - 1987),5.00,1
100% Dynamite (Amstrad CPC - 1990),5.00,6
Mega-Apocalypse (Amstrad CPC - 1988),4.00,1
Top Gun (Amstrad CPC - 1986),4.50,6
Rollaround (Amstrad CPC - 1988),0.00,0
Captain Dynamo (Amstrad CPC - 1992),4.50,8
Binky (Amstrad CPC - 1985),5.00,1
Dominator (Amstrad CPC - 1989),4.33,3
Switchblade (Amstrad CPC - 1990),4.00,4
Park Patrol (Amstrad CPC - 1986),4.50,2
MASK (Amstrad CPC - 1987),0.00,0
La Espada Sagrada (Amstrad CPC - 1990),5.00,6
Netherworld (Amstrad CPC - 1988),4.63,16
Striker Manager (Amstrad CPC - 1990),0.00,0
Werewolves of London (Amstrad CPC - 1987),3.67,3
Solo (Amstrad CPC - 1989),4.00,1
Jocky Wilson's Compendium of Darts (Amstrad CPC - 1990),2.00,1
Para Assault Course (Amstrad CPC - 1988),0.00,0
Reckless Rufus (Amstrad CPC - 1992),0.00,0
Ghost Hunters (Amstrad CPC - 1987),5.00,2
Exolon (Amstrad CPC - 1987),4.50,2
Hercules: Slayer of the Damned! (Amstrad CPC - 1988),4.00,2
Score 3020 (Amstrad CPC - 1988),0.00,0
Premier 2: Superleague (Amstrad CPC - 1987),0.00,0
Perico Delgado Maillot Amarillo (Amstrad CPC - 1989),4.00,9
Kentucky Racing (Amstrad CPC - 1990),0.00,0
Dragon's Lair Part II: Escape from Singe's Castle (Amstrad CPC - 1987),3.67,3
The Case of the Mixed-Up Shymer (Amstrad CPC - 1987),5.00,1
Zolyx (Amstrad CPC - 1987),5.00,1
Freddy Hardest in South Manhattan (Amstrad CPC - 1989),4.25,4
Manic Miner (Amstrad CPC - 1984),5.00,6
The Untouchables (Amstrad CPC - 1989),5.00,2
European Soccer Challenge (Amstrad CPC - 1989),0.00,0
Chase H.Q. (Amstrad CPC - 1989),4.40,10
Tales of the Unknown: Volume I - The Bard's Tale (Amstrad CPC - 1988),4.80,30
Genghis Khan (Amstrad CPC - 1991),4.92,129
Johnny Reb (Amstrad CPC - 1984),2.00,2
Fred (Amstrad CPC - 1984),4.50,4
Bomb Fusion (Amstrad CPC - 1989),5.00,2
Ultima Ratio (Amstrad CPC - 1987),0.00,0
Ninja Massacre (Amstrad CPC - 1989),4.00,2
Mickey Mouse: The Computer Game (Amstrad CPC - 1988),5.00,3
Mountie Mick's Deathride (Amstrad CPC - 1987),5.00,1
How to be a Hero (Amstrad CPC - 1987),0.00,0
Star Rank Boxing (Amstrad CPC - 1985),4.00,3
Rush'n Attack (Amstrad CPC - 1986),3.90,30
Football Manager 3 (Amstrad CPC - 1992),4.17,6
Escape from the Planet of the Robot Monsters (Amstrad CPC - 1990),4.11,19
Short Circuit (Amstrad CPC - 1987),5.00,2
Quad (Amstrad CPC - 1987),0.00,0
Realm of Chaos: Village of Lost Souls (Amstrad CPC - 1987),5.00,1
Jackal (Amstrad CPC - 1987),4.31,19
OutRun (Amstrad CPC - 1987),4.47,49
Cerberus (Amstrad CPC - 1986),0.00,0
Tank (Amstrad CPC - 1987),3.50,2
Airborne Ranger (Amstrad CPC - 1988),4.51,43
Bubble Dizzy (Amstrad CPC - 1991),5.00,5
Striker (Amstrad CPC - 1990),5.00,4
Silent Shadow (Amstrad CPC - 1988),4.50,2
Terminator 2: Judgment Day (Amstrad CPC - 1991),4.26,35
Shanghai Karate (Amstrad CPC - 1988),5.00,1
Johnny Reb II (Amstrad CPC - 1986),4.00,2
Kenny Dalglish Soccer Match (Amstrad CPC - 1990),5.00,1
Joe Blade (Amstrad CPC - 1987),2.33,3
The Comet Game (Amstrad CPC - 1986),5.00,2
Max Headroom (Amstrad CPC - 1986),4.83,6
Tintin on the Moon (Amstrad CPC - 1989),3.50,10
Adventure A (Amstrad CPC - 1985),0.00,0
Shadowfire (Amstrad CPC - 1986),5.00,3
Butcher Hill (Amstrad CPC - 1989),5.00,2
Hong Kong Phooey: No.1 Super Guy (Amstrad CPC - 1990),2.00,1
Cosa Nostra (Amstrad CPC - 1986),0.00,0
Galactic Conqueror (Amstrad CPC - 1988),4.75,5
Dick Tracy (Amstrad CPC - 1990),4.43,14
Oriental Games (Amstrad CPC - 1990),2.00,1
Nightshade (Amstrad CPC - 1985),4.33,3
The Rocky Horror Show (Amstrad CPC - 1985),3.80,5
Coil Cop (Amstrad CPC - 1987),0.00,0
Mambo (Amstrad CPC - 1989),3.50,2
Smash T.V. (Amstrad CPC - 1991),4.33,13
SAS Combat Simulator (Amstrad CPC - 1989),1.00,1
Krakout (Amstrad CPC - 1987),5.00,3
Sonic Boom (Amstrad CPC - 1990),1.00,1
Solomon's Key (Amstrad CPC - 1987),4.38,8
Kenny Dalglish Soccer Manager (Amstrad CPC - 1989),5.00,3
World Championship Boxing Manager (Amstrad CPC - 1990),3.90,38
Elevator Action (Amstrad CPC - 1987),4.67,3
Jinxter (Amstrad CPC - 1988),4.80,5
Konami Coin-Op Hits (Amstrad CPC - 1986),0.00,0
The Worm in Paradise (Amstrad CPC - 1986),3.50,2
Planetfall (Amstrad CPC - 1986),4.41,17
Jump (Amstrad CPC - 1992),5.00,1
Rebelstar (Amstrad CPC - 1987),4.67,3
Knight Lore (Amstrad CPC - 1985),5.00,3
Count Duckula in No Sax Please - We're Egyptian (Amstrad CPC - 1989),4.50,4
Kobyashi Naru (Amstrad CPC - 1987),1.33,3
Michel Futbol Master + Super Skills (Amstrad CPC - 1989),3.00,2
Star Wreck (Amstrad CPC - 1987),5.00,1
Indiana Jones and The Fate of Atlantis: The Action Game (Amstrad CPC - 1992),3.78,18
Titan (Amstrad CPC - 1988),3.00,2
Fire! (Amstrad CPC - 1990),0.00,0
Archon II: Adept (Amstrad CPC - 1989),4.88,8
Vigilante (Amstrad CPC - 1989),5.00,6
Doomdark's Revenge (Amstrad CPC - 1986),4.70,10
Edd the Duck! (Amstrad CPC - 1991),5.00,1
Throne of Fire (Amstrad CPC - 1987),1.00,1
Hacker (Amstrad CPC - 1986),4.05,22
Con-Quest (Amstrad CPC - 1986),0.00,0
Billy la Banlieue (Amstrad CPC - 1986),5.00,3
Collapse (Amstrad CPC - 1985),0.00,0
Spindizzy (Amstrad CPC - 1986),5.00,1
Herbert's Dummy Run (Amstrad CPC - 1985),4.00,1
Fighting Soccer (Amstrad CPC - 1989),0.00,0
Champions! (Amstrad CPC - 1985),2.17,6
Deliverance: Stormlord II (Amstrad CPC - 1990),4.78,9
BMX Freestyle (Amstrad CPC - 1989),5.00,2
Skate Crazy (Amstrad CPC - 1988),0.00,0
Thing on a Spring (Amstrad CPC - 1986),5.00,2
Bob's Full House (Amstrad CPC - 1988),5.00,1
Prodigy (Amstrad CPC - 1986),0.00,0
Silicon Dreams (Amstrad CPC - 1986),4.33,9
Cricket Captain (Amstrad CPC - 1990),5.00,1
Out Board (Amstrad CPC - 1990),0.00,0
Thanatos (Amstrad CPC - 1986),4.00,3
Target Plus (Amstrad CPC - 1988),0.00,0
TwinWorld: Land of Vision (Amstrad CPC - 1990),4.50,2
Vermeer (Amstrad CPC - 1987),4.38,34
Hawk Storm (Amstrad CPC - 1990),5.00,1
Crack Down (Amstrad CPC - 1990),4.67,9
The Survivors (Amstrad CPC - 1988),0.00,0
Everyone's A Wally (The Life of Wally) (Amstrad CPC - 1985),5.00,1
Solar Star (Amstrad CPC - 1987),0.00,0
Konami's Golf (Amstrad CPC - 1987),5.00,1
Livingstone II (Amstrad CPC - 1989),4.55,18
The Saga of Erik the Viking (Amstrad CPC - 1984),4.25,4
Zona 0 (Amstrad CPC - 1991),4.18,11
Choy-Lee-Fut Kung-Fu Warrior (Amstrad CPC - 1990),4.13,8
Invasion (Amstrad CPC - 1987),4.50,2
Zap't'Balls (Amstrad CPC - 1992),0.00,0
Championship Water-Skiing (Amstrad CPC - 1987),5.00,1
Red Arrows (Amstrad CPC - 1985),0.00,0
ThunderJaws (Amstrad CPC - 1991),2.33,3
