Title,Average Rating,Number of Ratings
Advanced Dungeons & Dragons: Collector's Edition (Mac - 1994),4.24,20
Al-Qadim: The Genie's Curse (DOS - 1994),4.56,25
Blood & Magic (DOS - 1996),4.91,11
"Champions of Krynn (DOS, Amiga, Apple II, C64 - 1990)",4.64,22
"Curse of the Azure Bonds (DOS, Amiga, Mac, Apple II, C64, PC-98 - 1989)",4.43,35
Dark Sun: Shattered Lands (DOS - 1993),4.51,67
Dark Sun: Wake of the Ravager (DOS - 1994),4.66,33
"Death Knights of Krynn (DOS, Amiga, C64 - 1991)",4.13,16
Descent to Undermountain (DOS - 1998),3.30,10
"Dragons of Flame (DOS, Amiga, Amstrad CPC, Atari ST, C64, NES - 1989)",3.00,9
"DragonStrike (DOS, Amiga, C64, PC-98 - 1990)",4.96,25
Dungeon Hack (DOS - 1993),4.27,52
"Eye of the Beholder (DOS, Amiga, SNES - 1991)",4.54,62
"Eye of the Beholder II: The Legend of Darkmoon (DOS, Amiga - 1991)",4.53,46
"Eye of the Beholder III: Assault on Myth Drannor (DOS, PC-98 - 1993)",4.34,29
Fantasy Empires (DOS - 1993),4.64,25
"Gateway to the Savage Frontier (DOS, Amiga, C64 - 1991)",4.57,14
"Heroes of the Lance (DOS, Amiga, Amstrad CPC, Atari ST, C64, PC-88 - 1989)",4.33,6
"Hillsfar (DOS, Amiga, Atari ST, C64, NES - 1989)",3.82,11
Menzoberranzan (DOS - 1994),4.53,15
Neverwinter Nights (DOS - 1991),4.46,24
"Pool of Radiance (DOS, Amiga, Mac, Apple II, C64, NES - 1988)",4.57,53
"Pools of Darkness (DOS, Amiga, Mac - 1991)",4.78,18
Ravenloft: Stone Prophet (DOS - 1995),4.10,10
Ravenloft: Strahd's Possession (DOS - 1994),4.27,15
"Secret of the Silver Blades (DOS, Amiga, Mac, C64 - 1990)",4.29,28
"Shadow Sorcerer (DOS, Amiga - 1991)",4.17,6
Spelljammer: Pirates of Realmspace (Windows - 1992),4.50,22
Stronghold (DOS - 1993),4.33,36
"The Dark Queen of Krynn (DOS, Amiga, Mac - 1992)",4.37,27
"Treasures of the Savage Frontier (DOS, Amiga - 1992)",4.64,11
"Unlimited Adventures (DOS, Mac - 1993)",4.61,18
"War of The Lance (DOS, Apple II, C64 - 1990)",4.79,24
