Title,Average Rating,Number of Ratings
Carmen Sandiego Word Detective (Mac - 1997),3.90,21
Opening Night (Win 3.x - 1995),0.00,0
Orbits Voyage through The Solar System (DOS - 1991),4.77,13
PokéROM: Psyduck (Win - 2000),0.00,0
Space Adventure (DOS - 1992),4.40,5
Magic Boxes (DOS - 1989),5.00,1
Disney's Beauty and the Beast (DOS - 1992),4.28,32
Mix And Match (DOS - 1991),5.00,1
1893: A World's Fair Mystery (Mac - 2003),4.88,8
Stickybear Math (Apple II - 1984),4.09,17
"Treasure Hunt (C64, ZX Spectrum, BBC Micro, Electron - 1985)",4.00,1
I Spy Spooky Mansion: Deluxe (Win - 2005),3.97,20
"Virtual Pool (DOS, Mac - 1995)",4.67,18
Madeline European Adventures (Win - 1996),4.59,29
"The Adventures of Young Indiana Jones: Revolution (Win, Mac - 2007)",0.00,0
"Let's Explore the Jungle (Win, Mac, Win 3.x - 1995)",5.00,1
Spellicopter (Atari 8-bit - 1983),1.00,1
Animal Quest (DOS - 1996),5.00,3
Lion (DOS - 1995),4.33,9
"Once Upon A Time: Abracadabra (DOS, Amiga - 1991)",4.00,3
P.A.W.S.: Personal Automated Wagging System (Mac - 1995),5.00,3
123-Talk (DOS - 1993),3.67,6
Snap Dragon (DOS - 1992),4.55,33
"Super Solvers: Treasure Mountain! (DOS, Win 3.x - 1990)",4.42,169
"Wrath of the Gods (Mac, Win 3.x - 1994)",4.83,12
In the Days of Knights & Kings (DOS - 1989),4.56,9
"Microsoft Encarta (Included game) (Win, Win 3.x - 2006)",3.78,24
The Berenstain Bears: Volume One - Learning at Home (DOS - 1993),5.00,1
Animated Money (DOS - 1994),4.00,1
Facemaker (VIC-20 - 1982),4.00,1
Big Rig (DOS - 1987),4.67,6
D.W. the Picky Eater (Win - 1998),5.00,2
Knowledge Adventure (DOS - 1990),0.00,0
Where in Space is Carmen Sandiego? (Deluxe Edition) (DOS - 1993),4.60,10
"The Krypton Factor (C64, Amstrad CPC - 1987)",0.00,0
SimHealth (DOS - 1994),4.05,20
ClueFinders: 3rd Grade Adventures (Win - 1998),4.30,86
Demolition Division (C64 - 1984),0.00,0
Disney's Animated Storybook: Winnie the Pooh and the Honey Tree (Win - 1995),4.55,11
Mickey's Crossword Puzzle Maker (DOS - 1991),5.00,3
Taglit: Nahesh Ota! (DOS - 1991),4.00,1
"The Simpsons Cartoon Studio (Mac, Win 3.x - 1996)",4.72,32
Tinker Tales (DOS - 1984),2.50,2
"Treasure Cove! (DOS, Mac - 1992)",4.67,58
"BackPacker Junior (Win, Mac - 1997)",4.67,3
Dig-Dogs: Streetbusters (DOS - 1994),4.23,57
BBC Ask the Family (C64 - 1984),5.00,1
"Thinkin' Things Collection 1 (Mac, Win 3.x - 1993)",4.18,17
"Mickey's Runaway Zoo (DOS, C64, Atari ST - 1991)",5.00,3
Disney's Animated Storybook: Winnie the Pooh & Tigger Too (Win - 1999),4.58,12
Algebra Arcade (DOS - 1983),0.00,0
"Hometown, U.S.A. (DOS - 1988)",0.00,0
Memonix (Win - 2003),0.00,0
SimPark (Win - 1996),4.64,11
Reading Blaster Junior (Win - 1995),4.33,6
Discover Space (DOS - 1992),5.00,7
CeeBot3 Educational Programming Software (Win - 2003),0.00,0
"Project: Space Station (DOS, C64, Apple II - 1987)",4.76,29
Safe Opening Simulator (DOS - 1993),4.64,11
Smoke Attack (Win - 2002),4.50,26
"Zeppelin: Giants of the Sky (DOS, Amiga - 1994)",3.25,20
"Putt-Putt and Fatty Bear's Activity Pack (DOS, Win, Mac, Win 3.x - 1994)",5.00,1
Pajama Sam: Life is Rough When You Lose Your Stuff (Win - 2003),5.00,2
Thomas & Friends Railway Adventures (Win - 2001),4.66,81
LEGO Technic Cybermaster (Win - 1998),3.33,3
Disney's Animated Storybook: The Hunchback of Notre Dame (Win - 1996),4.56,9
Eagle Eye Mysteries in London (DOS - 1994),4.18,17
Great Adventures by Fisher-Price: Wild Western Town (Win - 1997),5.00,1
Dvorak on Typing (DOS - 1991),0.00,0
"Sir AddaLot's ""Mini"" Math Adventure (DOS - 1993)",4.25,12
3D Hypermaths (C64 - 1984),5.00,2
Computer Operator (DOS - 1982),3.80,5
"Alphabet Zoo (C64, Atari 8-bit, VIC-20 - 1983)",3.00,2
"Kid Pix Studio Deluxe (Win, Mac - 1998)",4.53,73
Steven Spielberg's Director's Chair (Win 3.x - 1996),1.00,1
Barbie: Pet Rescue CD-ROM (Win - 2000),0.00,0
Barbie as Princess Bride (Win - 2000),0.00,0
LEGO Technic TechLab 01 (Win 3.x - 1997),3.67,3
Eyewitness Virtual Reality: Dinosaur Hunters (Win - 1996),4.33,6
Magic Fairy Tales: Barbie As Rapunzel (Mac - 1997),4.57,30
Backpacker 3 (Win - 2003),4.00,6
Candy Land Adventure (Win - 1996),4.47,17
The Berenstain Bears: Volume Two - Learning at Home (DOS - 1993),4.67,3
Thomas & Friends: Special Delivery (Win - 2006),4.54,13
Jurassic Park: Operation Genesis (Win - 2003),4.40,230
"Let's Explore: The Farm - With Buzzy (Win, Mac, Win 3.x - 1995)",5.00,1
Sesame Street: Counting Cafe (Genesis - 1994),5.00,1
Bodyworks Voyager: Missions in Anatomy (DOS - 1994),4.67,9
Versailles 1685 (DOS - 1997),4.36,11
Teaching Tiles (DOS - 1997),0.00,0
Putt-Putt Saves the Zoo (Mac - 1996),4.52,76
"Paris 1313: The Mystery of Notre-Dame Cathedral (Win, Mac - 1999)",4.50,6
2x2 (DOS - 1995),4.67,12
"Super Solvers: Gizmos & Gadgets! (DOS, Win 3.x - 1993)",4.48,220
Letter Targets (DOS - 2004),0.00,0
Math Assault II: Fractions (DOS - 1996),0.00,0
Learn about Fractions (DOS - 1992),5.00,2
Electric Crayon 3.0: Inspector Gadget: Safety Patrol (DOS - 1991),5.00,1
Freddi Fish 5: The Case of the Creature of Coral Cove (Mac - 2001),4.54,46
Great Britain Limited (BBC Micro - 1982),0.00,0
Ruff's Bone (Win 3.x - 1994),0.00,0
Pajama Sam 3: You Are What You Eat From Your Head To Your Feet (Mac - 2001),4.67,59
CoLoBot (Win - 2001),4.67,3
Kid's Zoo: A Baby Animal Adventure (DOS - 1993),0.00,0
Marathon (C64 - 1983),4.00,1
Ortos (DOS - 1993),0.00,0
"Skyworker (DOS, Amiga - 1994)",5.00,1
JumpStart Animal Adventures (Mac - 2002),3.73,5
U.S. States and Capitals (DOS - 1983),4.00,1
"Super Solvers: Midnight Rescue! (DOS, Win 3.x - 1989)",4.47,91
Bill Nye: The Science Guy - Stop the Rock! (Win - 1996),5.00,3
Number Munchers (DOS - 1990),4.58,84
The Island of Dr. Brain (DOS - 1992),4.33,46
"The Amazon Trail (DOS, Win, Mac - 1993)",4.17,156
"Thinkin' Things Collection 2 (Mac, Win 3.x - 1995)",4.79,14
Wiggly Party (Win - 2001),5.00,2
Lemonade Stand (DOS - 1999),0.00,0
Magiczne Karty (DOS - 1993),0.00,0
Richard Scarry's Busiest Neighborhood Disc Ever! (DOS - 1994),5.00,1
Mickey's Colors & Shapes (DOS - 1991),4.83,6
The Asian Challenge (DOS - 1989),0.00,0
"Museum Madness (DOS, Mac - 1994)",4.48,21
"Stickybear Town Builder (DOS, C64 - 1992)",4.33,3
De verdwenen kleuren van Van Gogh (Win - 2001),3.00,2
"The Halley Project: A Mission In Our Solar System (C64, Amiga - 1985)",4.50,8
Logo (DOS - 1983),3.40,5
EcoQuest: The Search for Cetus (DOS - 1991),4.78,47
"Thomas the Tank Engine's Fun With Words (C64, Amstrad CPC - 1990)",4.17,6
The Fennels Figure Math (Win - 1996),4.00,7
Mickey's Memory Challenge (DOS - 1990),5.00,9
"Jeu du Pendu, Le (DOS - 1987)",1.00,1
"Operation: Frog (DOS, C64, Apple II - 1992)",5.00,6
Proto Type (DOS - 1989),3.00,2
"Pepper's Adventures in Time (DOS, Win 3.x - 1993)",4.77,22
10 Little Robots (Apple IIgs - 1989),5.00,5
LEGO MindStorms Star Wars Droid Developer Kit (Win - 1999),5.00,1
Catch Simona in New York City (DOS - 1993),4.43,7
BMX Number Jump (C64 - 1984),1.00,1
Notable Phantom (DOS - 1984),5.00,2
A.I. (Apple II - 1987),4.00,1
Thomas & Friends Trouble on the Tracks (Win - 2000),4.69,66
Brandon's Big Lunchbox (DOS - 1989),5.00,1
Math Rescue (DOS - 1992),4.63,41
Emit: Vol. 1 - Toki no Maigo (3DO - 1995),0.00,0
Art Alive (Genesis - 1991),3.00,2
Jabbertalky (DOS - 1982),5.00,1
Number Chaser (Commodore 16 - 1985),5.00,1
"Math Blaster: Episode One - In Search of Spot (Mac, Genesis - 1994)",4.62,29
"Where in the World is Carmen Sandiego? (DOS, Genesis, Amiga, Atari ST, Apple IIgs, TurboGrafx CD - 1990)",4.36,160
Disney's The Lion King II: Simba's Pride - Active Play (Win - 1998),4.42,32
"Juilliard Music Adventure (Mac, Win 3.x - 1995)",3.75,4
Discovering America (DOS - 1994),4.88,8
Versailles II: Testament of the King (Win - 2001),4.33,4
Ominous Horizons: A Paladin's Calling (Win - 2001),3.29,7
Who is Oscar Lake? (Win 3.x - 1996),0.00,0
"Le Labyrinthe de Morphintax (Amstrad CPC, Atari ST - 1991)",0.00,0
Spell It Plus! (DOS - 1989),4.25,4
Charlie Brown's ABCs (C64 - 1984),5.00,1
"Playskool Puzzles (Win, Mac, Win 3.x - 1996)",5.00,1
Will Harvey's Music Construction Set (DOS - 1984),5.00,5
Electric Crayon Deluxe: At the Zoo (DOS - 1990),4.40,5
Laser Surgeon: The Microscopic Mission (DOS - 1987),5.00,6
Three Mile Island (Apple II - 1979),4.29,7
Expert Common Knowledge (DOS - 1992),5.00,2
Orly's Draw-A-Story (Win - 1997),4.25,8
"Disney presents Ariel's Story Studio (Win, Mac - 1999)",4.52,21
Go West! The Homesteader's Challenge (Win - 1996),4.85,13
The Awesome Adventures of Victor Vector & Yondo: The Cyberplasm Formula (Mac - 1995),4.50,2
Marty And The Trouble With Cheese (Win 3.x - 1995),5.00,1
"Star Wars: DroidWorks (Win, Mac - 1998)",4.44,16
Eagle Eye Mysteries (DOS - 1993),4.69,16
Math Blaster Ages 7-8 Mission 2: Race For The Omega Trophy (Win - 2000),3.67,6
Shrek: Game Land Activity Center (Win - 2001),5.00,3
Circus (DOS - 1995),0.00,0
"Wall$treet (DOS, C64, Amiga - 1989)",4.40,15
Island: A Game Of Survival (DOS - 1991),5.00,6
Toy Story 2 Activity Centre (Win - 1999),3.95,20
"Creatures Village (Win, Mac - 2001)",3.00,2
Action Man: Arctic Adventure (Win - 2002),5.00,1
"Bagasaurus (DOS, C64 - 1988)",5.00,1
Bible Builder (DOS - 1992),3.46,13
Exotic Car Showroom (DOS - 1992),4.33,6
Mario's Time Machine (DOS - 1993),4.76,34
"Sesame Street: Get Set to Learn (Win, Win 3.x - 1996)",5.00,2
"Des Chiffres et des Lettres (DOS, C64, Amstrad CPC - 1987)",4.67,12
Twisted: The Game Show (3DO - 1993),5.00,2
A Day with the Wiggles (Win - 1998),5.00,2
Amazing Learning Games with Rayman (DOS - 1996),4.50,10
Fading Footsteps (Win - 1998),5.00,2
Someone's in the Kitchen! (Win - 1996),5.00,2
Designasaurus II (DOS - 1990),4.43,28
Dora the Explorer: Lost City Adventure (Mac - 2002),4.58,47
Spider Eater (C64 - 1983),0.00,0
Pettson o Findus i trädgården (Win - 1998),0.00,0
Memory Castle (DOS - 1984),0.00,0
Yearn2Learn: Master Snoopy's World Geography (Win 3.x - 1995),0.00,0
"Dragon's Keep (C64, Atari 8-bit - 1984)",2.00,1
Math Rabbit (DOS - 1986),4.63,19
Up Side Town (DOS - 1993),1.00,1
Scooby-Doo!: Case File #1 - The Glowing Bug Man (Win - 2002),4.55,33
The Wild Science Arcade (DOS - 1993),4.40,5
Madeline and the Magnificent Puppet Show (Win - 1995),4.30,10
Arthur's Thinking Games (Win - 1999),5.00,3
"Mortimer and the Riddles of the Medallion (Win, Mac - 1996)",4.75,4
Provincies (DOS - 1991),0.00,0
"Electric Crayon Deluxe: Teenage Mutant Ninja Turtles: World Tour (DOS, C64 - 1990)",4.33,12
Add It! (DOS - 1992),3.00,2
"Mind Pursuit (C64, Apple II - 1986)",0.00,0
Spelling Jungle (Win 3.x - 1993),0.00,0
Mickey's Jigsaw Puzzles (DOS - 1991),5.00,3
Caillou: Magic Playhouse (Mac - 2001),4.23,13
Word Munchers Deluxe (Win - 1996),5.00,4
Super Solvers: Challenge of the Ancient Empires! (DOS - 1990),4.70,72
CeeBot-A (Win - 2003),0.00,0
Dino-Sorcerer (DOS - 1990),5.00,4
Mystery at the Museums (DOS - 1993),5.00,2
Os 7 Invasores (Win - 1998),0.00,0
See the U.S.A. (DOS - 1987),5.00,4
"Super Solvers: Spellbound! (DOS, Mac, Win 3.x - 1991)",4.83,36
The Pink Panther: Passport to Peril (Win 3.x - 1996),4.43,11
Super Solvers: Outnumbered! (DOS - 1990),4.73,56
Zurk's Learning Safari (DOS - 1993),0.00,0
"The Lost Mind of Dr. Brain (Win, Mac - 1995)",4.18,34
Literki - Cyferki (DOS - 1993),4.00,1
Pac-Maine (DOS - 1988),1.00,1
Bridge Baron 12 (Win - 2001),3.00,1
PC-BLOX 2 (DOS - 1993),5.00,1
Mickey's ABC's: A Day at the Fair (DOS - 1992),4.55,29
Adventures in Math (DOS - 1983),4.60,15
The Second Kids' World Almanac Adventure (DOS - 1990),5.00,3
Mega Math (DOS - 1992),4.33,9
Front Page Sports: Trophy Rivers (Win - 1997),0.00,0
ClueFinders: The Incredible Toy Store Adventure (Mac - 2001),4.64,11
Bert's Whales and Dolphins (DOS - 1995),0.00,0
"Donald's Alphabet Chase (DOS, C64, Amstrad CPC - 1988)",4.59,48
"Mavis Beacon Teaches Typing! (DOS, C64 - 1987)",4.22,193
"Pipes (DOS, C64, VIC-20 - 1984)",3.67,3
C.Y.P.H.E.R. Operation US Presidents (DOS - 1992),5.00,5
"Reader Rabbit (DOS, C64, Apple IIgs - 1987)",4.17,35
"The Secret Island of Dr. Quandary (DOS, Mac - 1992)",4.14,37
Dr. Seuss's Fix-Up the Mix-Up Puzzler (Atari 8-bit - 1985),5.00,1
Reading Blaster 2000 (Mac - 1996),0.00,0
Sesame Street: Letters (Win 3.x - 1999),0.00,0
Hey Diddle Diddle (DOS - 1983),0.00,0
"Odell Lake (C64, Apple II - 1986)",4.89,9
The Playworld (DOS - 1993),4.00,4
"Where in the World is Carmen Sandiego? (DOS, Mac, C64, Amstrad CPC - 1985)",4.32,34
Putt-Putt: Pep's Birthday Surprise (Win - 2003),5.00,3
Aeromathics (DOS - 1986),2.50,2
Disney's Animated Storybook: Toy Story (Win - 1996),4.68,77
"Mr. Potato Head Saves Veggie Valley (Mac, Win 3.x - 1996)",4.11,27
"Scholastic's The Magic School Bus Explores the Human Body (Mac, Win 3.x - 1994)",4.63,32
Jigsaw USA (Win - 2003),0.00,0
Scholastic's The Magic School Bus Explores the Solar System (Win 3.x - 1994),4.35,25
Arthur's Wilderness Rescue (Win - 2000),0.00,0
Castle Infinity (Win - 1996),3.67,3
Fun School 4: for 7 to 11 year olds (C64 - 1992),0.00,0
Gumboots Australia (DOS - 1990),4.43,7
Little People Farm (DOS - 1992),0.00,0
Barbie Horse Adventures: Mystery Ride (Win - 2003),4.40,10
Animal Math (DOS - 1986),3.71,7
Polowanie na Litery (C64 - 1994),0.00,0
"Word Munchers (DOS, Apple II - 1990)",4.50,12
Super Noah's Ark 3-D (DOS - 1995),5.00,4
Snoopy's Game Club (DOS - 1992),4.55,11
Anatomik (DOS - 1994),0.00,0
Башня знаний (Win - 1996),5.00,1
46 Okunen Monogatari: The Shinkaron (PC-98 - 1990),4.67,6
Dr. Brain Thinking Games: IQ Adventure (Win - 1998),5.00,6
Word Whiz (DOS - 1990),4.33,3
Zargon Zoo (Win 3.x - 1994),5.00,1
Fisher-Price Great Adventures: Wild Western Town (Mac - 1997),4.50,12
The Berenstain Bears - Learn About Counting (DOS - 1991),0.00,0
Ultra-Quiz (DOS - 1992),0.00,0
Wolf (DOS - 1994),4.59,154
Flippy's Circus Coins (DOS - 1988),3.00,5
"Podd (BBC Micro, Electron - 1984)",5.00,1
Undersea Adventure (DOS - 1994),5.00,1
Magic Crayon (DOS - 1990),5.00,2
Clifford the Big Red Dog: Musical Memory Games (Win - 2002),4.70,20
Barney Bear Goes to Space (DOS - 1992),3.40,5
Grossology (Win - 1997),3.56,9
"Sesame Street: Letter-Go-Round (DOS, C64, Atari 8-bit - 1988)",4.92,12
Word Attack Plus! (DOS - 1988),3.18,11
The Spy's Adventures in North America (DOS - 1987),4.67,6
Thomas & Friends: Building the New Line (Win - 2002),4.76,47
"Type Attack (C64, VIC-20 - 1982)",3.75,4
G-Netix (Mac - 1993),5.00,3
Car Builder (DOS - 1982),4.21,75
Pok The Little Artiste (Win 3.x - 1994),0.00,0
OOG: The Object Orientation Game (Win 3.x - 1995),0.00,0
Bert's African Animals (DOS - 1993),0.00,0
M*A*T*H*S Circus (DOS - 1992),4.06,98
Math Blaster Ages 7-9 - In Search Of Spot (Win - 1999),5.00,7
Trivial Fruit (C64 - 1988),0.00,0
Clueless: CD-ROM (Win - 1997),0.00,0
Video Easel (Atari 8-bit - 1979),4.00,1
"Where in the World Is Carmen Sandiego?: Junior Detective Edition (Mac, Win 3.x - 1994)",4.00,11
Crossword (DOS - 1987),1.00,1
"Balance of the Planet (DOS, Mac - 1990)",4.84,24
"Catz: Your Computer Petz (Win, Mac - 1996)",4.23,32
Dr. Seuss: Toddler (Win - 1999),0.00,0
Turtle Toyland Jr. (C64 - 1983),0.00,0
Jurassic Spelling (DOS - 1993),0.00,0
"Patton Strikes Back: The Battle of the Bulge (DOS, Mac - 1991)",4.65,23
"Mario Teaches Typing (DOS, Mac - 1992)",4.40,2074
Pirates: Captain's Quest (Mac - 1997),5.00,2
"Thinkin' Things Collection 3 (Mac, Win 3.x - 1995)",4.18,11
Math Blaster ages 6-9 (Mac - 1996),0.00,0
EXO Squad Interactive Moviebook (Win 3.x - 1995),0.00,0
DK Pinball Science (Win - 1998),5.00,4
Bert's Dinosaurs (DOS - 1992),4.00,1
"Fun School 3: for 5 to 7 Year Olds (C64, Amstrad CPC - 1991)",5.00,1
Multimedia Dinosaurs (Win 3.x - 1999),0.00,0
"The Oregon Trail (DOS, Mac, Win 3.x, Apple II - 1990)",4.35,235
Electronic Grammar: Parts of Speech (DOS - 1986),5.00,1
Drum Blaster (DOS - 1992),3.33,3
The Wild World of Madison Jaxx (Win 3.x - 1996),0.00,0
Space Math (VIC-20 - 1981),4.00,1
Factor Blast (Atari 8-bit - 1983),4.00,1
Microsoft Space Simulator (DOS - 1994),4.69,78
Bouncy Bee Learns Letters (DOS - 1985),5.00,2
Combination Wars (C64 - 1982),5.00,2
Alf's Party Kit (DOS - 1988),4.20,5
"Dr. Seuss's ABC (Win, Mac - 1995)",4.00,17
Trust and Betrayal: The Legacy of Siboot (DOS - 1987),4.29,7
Einstein Jr.s Classroom (DOS - 1992),5.00,3
I Spy: Treasure Hunt (Win - 2001),4.41,17
Mixed Up Fairy Tales (DOS - 1991),4.24,21
JumpStart 2nd Grade (Win - 1996),4.47,17
The Smelly Mystery (Mac - 1997),4.00,3
Putt-Putt Travels Through Time (Mac - 1997),4.81,42
Word Blaster (Mac - 1996),5.00,1
Marc Brown's Arthur's Teacher Trouble (Win 3.x - 1994),5.00,1
The Wonders of The Animal Kingdom (Apple IIgs - 1988),4.00,1
Flowers of Crystal (BBC Micro - 1984),0.00,0
Max on the Moon (Win - 1999),0.00,0
Savage: The Ultimate Quest for Survival (Win 3.x - 1996),5.00,1
Yearn2Learn: Peanuts (Win 3.x - 1994),0.00,0
Young Math (DOS - 1985),4.00,2
Zombie Dinos from Planet Zeltoid (DOS - 1995),0.00,0
Scholastic's The Magic School Bus Explores the Ocean (Win 3.x - 1995),0.00,0
American Sign Language Tutor (DOS - 1991),0.00,0
Fisher-Price: School Bus Driver (DOS - 1988),5.00,3
Richard Scarry's BusyTown (Genesis - 1994),5.00,2
I Spy: School Days (Win - 1997),4.29,7
Clifford the Big Red Dog: Learning Activities (Win - 2001),4.55,11
"Trivia U.K. (C64, Amstrad CPC - 1985)",0.00,0
First Class with the Shoe People (Amstrad CPC - 1991),0.00,0
LEGO Stunt Rally (Win - 2001),4.67,41
Socher Hayam (DOS - 1989),0.00,0
The Magical Dinosaur Tour (TurboGrafx CD - 1990),5.00,1
Electric Crayon 3.1: At the Zoo (DOS - 1992),5.00,1
Pajama Sam: No Need to Hide When It's Dark Outside (Mac - 1996),4.62,200
Change Maker (DOS - 1991),5.00,1
Christmas Matchup (DOS - 1994),3.67,3
JumpStart Adventures: 4th Grade - Haunted Island (Win - 1996),4.46,13
Bank Street Music Writer (DOS - 1986),4.33,6
Bugs Bunny Cartoon Workshop (DOS - 1990),4.84,18
Across the USA (DOS - 1991),4.33,6
Putt-Putt's Fun Pack (DOS - 1994),4.43,45
Hoofdrekenen (DOS - 1990),1.00,1
The Oregon Trail 1.2 for Windows (Win - 1995),4.40,270
"Das Erbe (DOS, Amiga - 1991)",4.00,6
Kevin The Kangaroo (Win 3.x - 1994),4.40,5
"Pippi (Mac, Win 3.x - 1995)",1.00,1
Tonka Construction (Win 3.x - 1996),4.53,43
M&M's: The Lost Formulas (Win - 2000),4.79,38
"Fatty Bear's Birthday Surprise (DOS, Mac - 1993)",4.57,190
Forestia (Win - 1998),4.36,22
Electric Crayon 3.1: Super Mario Bros & Friends: When I Grow Up (DOS - 1992),4.33,63
"Logical Journey of the Zoombinis (Win, Mac - 1996)",4.38,419
Rock and Bach Studio (DOS - 1993),4.00,2
Same or Different (DOS - 1989),5.00,1
The Miracle Piano Teaching System (Genesis - 1992),5.00,2
Learn about Programming (DOS - 1992),5.00,3
Secrets of the Pyramids (Win 3.x - 1994),5.00,1
"Sesame Street: Elmo's Preschool (Win, Win 3.x - 1997)",4.83,13
"Disney's Math Quest with Aladdin (Win, Mac - 1998)",4.77,26
Schoolhouse Rock!: America Rock (Win 3.x - 1996),5.00,1
"Learn to Add (DOS, C64 - 1987)",5.00,1
ALF: World of Words (DOS - 1988),5.00,2
"Fun School 2: For the Over-8s (C64, Amstrad CPC, Electron - 1989)",0.00,0
PilgrimQuest (DOS - 1991),4.75,8
The World Name Game (DOS - 1989),4.00,1
Tommy's Silo (DOS - 1986),0.00,0
Bobby Fischer Teaches Chess (DOS - 1994),4.71,7
LEGO Technic Search Sub (Win - 1997),5.00,1
Where in Space is Carmen Sandiego? (Enhanced) (DOS - 1993),4.44,16
"Golden Gate (Win, Mac - 1997)",3.50,2
"Cranky (BBC Micro, Dragon 32/64 - 1983)",4.00,1
"ALF in the Color Caves (C64, Atari 8-bit - 1984)",5.00,1
Virtual Surgeon: Open Heart (Win 3.x - 1997),5.00,1
Adiboo Magical Playland (Win - 1996),4.19,16
Kid Works 2 (DOS - 1992),5.00,6
"Qin: Tomb of the Middle Kingdom (Win, Mac - 1996)",4.50,2
Monster Trivia (C64 - 1985),5.00,1
"Mario Teaches Typing 2 (Win, Mac - 1997)",4.53,516
Inspector Gadget: Mission 1 - Global Terror! (DOS - 1992),4.58,22
Arithmetic Games Set 1 (DOS - 1981),4.75,4
"Hi-Q-Quiz (C64, BBC Micro - 1988)",0.00,0
Thomas & Friends: Thomas Saves the Day (Win - 2003),4.70,50
Young Dilbert Hi-Tech Hijinks (Win 3.x - 1997),0.00,0
Oscar the Balloonist Dives into the Lake (Win 3.x - 2000),0.00,0
I.M. Meen (DOS - 1995),4.62,50
Disney's Toy Story Activity Center (Win - 1996),5.00,14
"Snoopy's Campfire Stories (Mac, Win 3.x - 1996)",5.00,4
CeeBot-4 (Win - 2004),0.00,0
Code: Europe (DOS - 1993),4.17,6
Barry the Bear (Win 3.x - 1994),5.00,3
Word Attack 3 (DOS - 1995),5.00,1
"Ortotris (DOS, C64 - 1992)",4.00,2
"Katie's Farm (DOS, Amiga - 1990)",3.50,4
PC-BLOX 3 (DOS - 1998),5.00,1
Math Blaster Mystery: The Great Brain Robbery (Win 3.x - 1994),5.00,1
Talking Phonics Plus (DOS - 1991),0.00,0
Toonesia (DOS - 1995),3.67,3
Thuis In Het Milieu (DOS - 1990),4.50,4
"Create, Paint And Play (Win - 2002)",5.00,2
Weird: Truth is Stranger than Fiction (Win 3.x - 1996),1.00,1
Evolution: The Game of Intelligent Life (Win - 1997),4.37,46
LEGO Friends (Win - 1999),4.40,10
Mom's Math (DOS - 1992),5.00,1
How to Weigh an Elephant (DOS - 1989),0.00,0
JumpStart Spelling (Win - 1998),5.00,2
"Mario is Missing! (DOS, Mac - 1992)",4.60,201
The Astronomy Quiz (DOS - 1988),5.00,4
"The Manhole: CD-ROM Masterpiece Edition (Mac, Win 3.x - 1994)",5.00,1
Where in the World Is Carmen Sandiego? (Deluxe Edition) (DOS - 1992),4.25,96
"Destination: Mars! (DOS, Mac - 1991)",4.50,8
Physicus: Save the World with Science! (Mac - 1999),5.00,5
Mixed-Up Mother Goose (DOS - 1991),4.26,60
"The Tortoise and the Hare (Mac, Win 3.x - 1993)",4.67,6
Math Workshop (Mac - 1995),4.46,13
Brain Strainers (Atari 8-bit - 1983),4.50,2
Advanced Math Shop (DOS - 1987),0.00,0
Bop (C64 - 1983),4.00,1
Alpha Build (DOS - 1986),5.00,1
PQ: The Party Quiz Game (Atari 8-bit - 1984),0.00,0
Viktorina (DOS - 1995),0.00,0
Oregon Trail Deluxe (DOS - 1992),4.20,1421
The IBM Basic Quiz (DOS - 1989),3.75,4
"Mickey's Space Adventure (DOS, C64, Apple II - 1985)",4.00,18
Bush Buck: Global Treasure Hunter (DOS - 1991),4.94,16
"Run for the Money (DOS, Atari 8-bit - 1984)",5.00,2
Hilfe für Amajambere (DOS - 1995),3.00,1
Tip Top: Il mistero dei libri scomparsi (Win - 1996),4.25,8
"McGee at the Fun Fair (DOS, Amiga - 1991)",5.00,2
"Oregon Trail II (Win, Mac, Win 3.x - 1995)",4.26,350
Happy Birthday! (DOS - 1995),2.00,2
"Mixed-Up Mother Goose Deluxe (Mac, Win 3.x - 1995)",4.62,13
P-Robots (DOS - 1988),3.71,7
The Hitchhiker's Guide to the Galaxy Trivia Challenge (DOS - 1990),5.00,3
Phrase Master (DOS - 1990),5.00,2
The Adventures of Mr. Tickle (Win - 2001),5.00,1
Fun with The Wiggles (Win - 2004),5.00,7
PokéROM: Articuno (Win - 2000),0.00,0
"Astro-Grover (DOS, C64, Atari 8-bit - 1987)",4.58,9
All Nighthawk Programs (DOS - 1991),5.00,1
Dance of the Planet 2.0 (DOS - 1990),4.89,9
Learning with Leeper (C64 - 1983),0.00,0
Where in the USA is Carmen Sandiego? (Deluxe Edition) (DOS - 1993),4.52,48
The Spy's Adventures in South America (DOS - 1987),5.00,3
Brain Quest 6th Grade Edition (DOS - 1994),5.00,1
Barbie Magic Hair Styler (Win - 1997),5.00,2
Space Kids (DOS - 1994),4.29,7
"Odell Down Under (Mac, Win 3.x - 1994)",4.37,46
Cyberchase: Castleblanca Quest (Mac - 2003),4.73,11
"Harry and the Haunted House (Mac, Win 3.x - 1994)",4.38,8
Sea Horse Hide'n Seek (Atari 8-bit - 1984),0.00,0
Brzdąc (DOS - 1995),3.00,4
"Gertrude's Puzzles (DOS, C64 - 1984)",4.50,2
"Where in Europe is Carmen Sandiego? (DOS, Mac, C64, Amiga, Apple II - 1988)",4.23,13
Reader Rabbit's Ready for Letters (DOS - 1992),5.00,12
"Memory Manor (C64, Atari 8-bit - 1984)",5.00,1
Spills & Fills (VIC-20 - 1983),4.00,1
"Max and the Magician (Win, Mac - 2001)",4.00,3
The Computer Quiz (DOS - 1988),4.75,8
Journey to the Promised Land (DOS - 1992),5.00,5
"Fun School 4: for the under 5s (DOS, C64 - 1992)",2.33,3
My First Alphabet (Atari 8-bit - 1981),0.00,0
Reader Rabbit's Reading 1 (Win 3.x - 1997),0.00,0
Quarky & Quaysoo's Turbo Science (DOS - 1992),5.00,10
JumpStart Typing (Win - 1997),4.67,9
"Daffy Duck, P.I.: The Case of the Missing Letters (DOS - 1991)",4.00,8
Animated Multiplication and Division (DOS - 1993),0.00,0
Black Cats and Pointed Hats (Mac - 2000),4.50,6
"Early Games for Young Children (DOS, C64, Atari 8-bit - 1984)",3.33,3
Bailey's Book House (Mac - 1993),4.63,38
Spell-A-Saurus (DOS - 1990),5.00,1
"Number Puzzler (BBC Micro, Dragon 32/64 - 1983)",4.00,2
I Spy Mystery (Win - 2006),4.60,5
In Search of the Lost Words (Win 3.x - 1996),4.92,12
Freddi Fish and the Case of the Missing Kelp Seeds (Mac - 1995),4.33,33
Panoplia: The Full Armor of God (DOS - 1991),5.00,2
"Sammy's Science House (Mac, Win 3.x - 1994)",4.50,35
Widget Workshop: The Mad Scientist's Laboratory (Win 3.x - 1995),0.00,0
Firestorm: The Forest Fire Simulation Program (DOS - 1995),5.00,3
The Adventures of Valdo & Marie (Win - 1996),5.00,5
Digi Duck (Atari 8-bit - 1992),0.00,0
Trust and Betrayal: The Legacy of Siboot (Mac - 1987),4.00,2
Disney Learning Adventure: Search for the Secret Keys (Mac - 2002),4.14,7
Smithsonian Institution: Dinosaur Museum (Win 3.x - 1997),0.00,0
Clifford the Big Red Dog: Reading (Win - 2000),4.30,10
Chatterbee (Atari 8-bit - 1983),0.00,0
Clifford the Big Red Dog: Thinking Adventures (Win - 2000),4.34,28
Cops and Robbers: Police Subtraction (C64 - 1985),4.00,1
Let's Talk About Me (Win - 1995),0.00,0
Остров драконов: Башня знаний 2 (Win - 1999),0.00,0
Nickelodeon Director's Lab (DOS - 1994),5.00,4
Storybook Weaver Deluxe 95 (Win - 1996),4.45,88
Sum Ducks (C64 - 1985),0.00,0
LEGOLAND (Win - 2000),4.46,63
Disney's The Lion King Activity Center (Win - 1995),4.66,29
The Oregon Trail: 5th Edition (Win - 2001),4.05,96
Foxtrot Delta (DOS - 1990),3.00,2
Trivia Whiz (DOS - 1990),4.50,4
The Sesame Street Crayon: Opposites Attract (DOS - 1987),5.00,2
"Fraction Fever (C64, Atari 8-bit - 1983)",0.00,0
Moses: Old Testament Adventure #1 (DOS - 1987),5.00,2
Magic School Bus Volcano Adventure (Mac - 2001),4.57,28
Dinosaur Discovery (BBC Micro - 1985),0.00,0
"Energie-Manager (DOS, Amiga - 1993)",4.14,7
"Xanagrams (C64, ZX Spectrum, Amstrad CPC, BBC Micro, Electron - 1984)",0.00,0
Freedom! (Apple II - 1992),3.64,12
Peter Pan: A Story Painting Adventure (DOS - 1993),4.61,26
"JumpStart Adventures: 5th Grade - Jo Hammet, Kid Detective (Mac - 1997)",4.00,7
Pilgrim: Faith as a Weapon (Win 3.x - 1998),0.00,0
Amy's First Primer (DOS - 1985),5.00,1
"Sheila Rae, the Brave (Win, Win 3.x - 1996)",4.75,8
L: A Mathemagical Adventure (BBC Micro - 1984),0.00,0
Spider-Man Cartoon Maker (Win 3.x - 1995),4.07,24
"Treasure MathStorm! (DOS, Mac - 1992)",4.48,132
"Fun School 3 for the Under 5s (C64, Amstrad CPC, Atari ST - 1991)",0.00,0
Discoveries of the Deep (DOS - 1993),5.00,1
Sesame Street Elmo's Preschool: Search & Learn Adventures (Win - 1996),4.29,7
ABC: Alphabet Beasts & Co. (C64 - 1984),0.00,0
Connections (Mac - 1995),4.80,5
"Arthur's Birthday (Mac, Win 3.x - 1994)",4.33,18
Christmas Carols (DOS - 1984),5.00,6
"Masters of the Elements (Win, Mac - 1997)",4.75,8
Keep the Balance! (Win - 2000),5.00,1
Emergency Mission (DOS - 1986),4.00,1
Fraction Action (C64 - 1984),0.00,0
Sethi and the Inca Wizard (Mac - 2001),4.00,1
Ruler (C64 - 1984),5.00,1
Yogi Bear's Math Adventures (DOS - 1990),5.00,7
Alge-Blaster Plus! (DOS - 1989),0.00,0
Scholastic's The Magic School Bus Explores Inside the Earth (Win 3.x - 1996),5.00,1
Think Quick! (DOS - 1987),4.90,10
Mind Castle I (Apple II - 1984),5.00,1
Abyss (BBC Micro - 1984),0.00,0
Bumble Plot (DOS - 1983),1.00,1
Wyatt Earp's Old West (Win 3.x - 1994),0.00,0
Storybook Weaver (DOS - 1994),4.51,236
Crosscountry Canada (DOS - 1991),4.58,52
Mudball Wall (Win - 1996),5.00,1
Amy's First Primer (DOS - 1991),0.00,0
Crusader: Adventure Out of Time (Mac - 1997),4.50,6
Galleons of Glory: The Secret Voyage of Magellan (DOS - 1990),4.55,11
Tiririca (Win 3.x - 1996),4.67,3
Roly-Polys no Nanakorobi Yaoki (Win 3.x - 1997),4.78,9
ALF's U.S. Geography (DOS - 1993),0.00,0
Nautical Number Hunt (Win 3.x - 1998),0.00,0
JumpStart Pre-K (Win - 1996),5.00,2
The Wiggly Circus (Win - 1999),5.00,2
Gustavinho em o Enigma da Esfinge (Win - 1996),0.00,0
Disney's Animated Storybook: 101 Dalmatians (Win 3.x - 1997),4.33,12
Where in the U.S.A. Is Carmen Sandiego? (Win 3.x - 1996),0.00,0
Dark Mist: The Wizard Vanishes (Mac - 2001),3.80,5
Fisher-Price I Can Remember (DOS - 1989),0.00,0
"Rocky's Boots (DOS, C64 - 1984)",4.50,10
Smart Games Puzzle Challenge 3 (Win - 1998),4.40,5
Super Munchers: The Challenge Continues... (DOS - 1991),4.43,102
"Every Second Counts (C64, Amstrad CPC - 1988)",5.00,1
"Africa Trail (Win, Mac - 1997)",3.20,20
United States Quiz (DOS - 1993),4.67,3
Learning with FuzzyWOMP (Apple II - 1984),5.00,1
Mavis Beacon Teaches Typing! for Kids (Win 3.x - 1994),0.00,0
"Zap! (Mac, Win 3.x - 1998)",5.00,9
"Exodus: Journey to the Promised Land (DOS, Genesis - 1992)",4.33,21
Time Machine I (DOS - 1993),0.00,0
"3-D Dinosaur Adventure: Anniversary Edition (Win, Mac - 1997)",4.67,15
It's Play School (Win - 1999),5.00,1
Siia-sinna läbi linna's (Win - 2002),5.00,3
"Fun School 2: For the Under-6s (C64, Amstrad CPC, Electron - 1989)",5.00,1
Juggles' Butterfly (DOS - 1983),2.00,1
Scholastic's The Magic School Bus: Space Exploration Game (Genesis - 1995),5.00,2
States and Capitals (DOS - 1988),4.00,1
"Agent USA (DOS, C64, Atari 8-bit, Apple II - 1985)",4.73,22
The Adventures of Hyperman (Win 3.x - 1995),5.00,2
Xplora 1: Peter Gabriel's Secret World (Win 3.x - 1993),0.00,0
Captain Bible in Dome of Darkness (DOS - 1994),3.98,46
"The Toy Shop (DOS, Mac, C64 - 1986)",4.67,3
Oz: The Magical Adventure (Mac - 2000),3.71,24
"Granny's Garden (C64, Amstrad CPC, BBC Micro - 1987)",3.96,26
"Treasure Galaxy! (DOS, Mac, Win 3.x - 1994)",4.66,53
"Star Wars: Yoda's Challenge - Activity Center (Win, Mac - 1999)",4.27,11
"Moptown Parade (DOS, C64 - 1984)",0.00,0
Electric Crayon Deluxe: Dinosaurs Are Forever (DOS - 1988),4.25,8
"Amazon Trail: 3rd Edition (Win, Mac - 1998)",4.19,58
Freddi Fish 3: The Case of the Stolen Conch Shell (Mac - 1998),4.53,76
"Webster: The Word Game (DOS, C64, Atari 8-bit - 1984)",0.00,0
Memory Lane (DOS - 1990),5.00,1
"Bannercatch (C64, Atari 8-bit - 1984)",4.00,1
Humpty Dumpty & Cock Robin (C64 - 1984),0.00,0
"Le Labyrinthe d'Errare (Amstrad CPC, Atari ST - 1989)",0.00,0
Sky Writer (Atari 8-bit - 1983),0.00,0
"Wizard of Id's WizType (DOS, C64, Atari 8-bit, Apple II - 1984)",3.00,2
Addition-Master (DOS - 1990),3.75,4
ABC Fun Keys (DOS - 1991),3.86,7
"Headline Harry and The Great Paper Race (DOS, Mac - 1991)",4.73,11
Mind Castle (DOS - 1993),5.00,3
Mario's Early Years: Fun with Numbers (DOS - 1994),4.00,2
JumpStart Adventures: 3rd Grade - Mystery Mountain (Win - 1996),4.38,86
Explorers of the New World (Win 3.x - 1995),0.00,0
Forestia Révoltozoo (Mac - 2002),5.00,1
PET Nuclear Power Plant (C64 - 1982),5.00,3
Disney's Activity Centre: Tarzan (Win - 1999),4.56,9
Where in the World is Carmen Sandiego? (Master System - 1988),5.00,1
Reader Rabbit: Kindergarten - Bounce Down in Balloon Town! (Win - 2001),4.00,2
Kid's Stuff (DOS - 1990),5.00,2
"Spy Fox in ""Dry Cereal"" (Mac - 1997)",4.53,43
JumpStart 2nd Grade Math (Win - 1997),5.00,2
ArtRageous! (Win - 1995),5.00,1
"Rodney's Funscreen (DOS, Win 3.x - 1992)",4.43,7
"Sesame Street: Numbers (Win 3.x, 3DO - 1995)",5.00,4
Catch the Sperm 2 (Win - 2002),5.00,3
Arthur's Reading Race (Win - 1996),4.14,7
Disney's Cinderella's Dollhouse (Win - 2001),5.00,2
"Crypto Cube (C64, Atari 8-bit - 1983)",0.00,0
"Garfield's Mad About Cats (Win, Mac - 2000)",4.43,7
Discover the World II (Mac - 1995),5.00,6
The Secret Codes of C.Y.P.H.E.R.: Operation Wildlife (DOS - 1991),3.83,6
JumpStart Toddlers (Win - 1999),4.14,7
Joshua & the Battle of Jericho (Genesis - 1994),5.00,5
"P.T.O.: Pacific Theater of Operations (Genesis, PC-88, Sharp X68000 - 1992)",4.50,8
Emit: Vol. 2 - Inochigake no Tabi (3DO - 1995),0.00,0
Sport Adventure (DOS - 1991),4.00,2
"My Letters, Numbers and Words (DOS - 1990)",5.00,4
Catch the Sperm (Win - 2001),3.67,3
Type To Learn 3 (Win - 2002),4.20,16
Chitty Chitty Bang Bang's Adventures in Tinker Town (Win - 1996),5.00,2
Magic School Bus Lands on Mars (Mac - 2000),4.30,14
Pajama Sam 2: Thunder and Lightning aren't so Frightening (Mac - 1998),4.65,64
Time Riders in American History (DOS - 1992),4.67,3
"Kids on Keys (DOS, C64, Atari 8-bit, VIC-20 - 1984)",4.00,2
"Quiwi (C64, Amstrad CPC - 1985)",0.00,0
Sleeping Cub's Test of Courage (Win - 1996),1.00,1
"Die Olchis (Win, Mac - 2005)",0.00,0
Don't Shoot That Word! (Atari 8-bit - 1983),0.00,0
LEGO Spybotics (Win - 2002),4.67,3
The Wiggles: Yule Be Wiggling (Win - 2002),0.00,0
3-D Dinosaur Adventure (DOS - 1993),4.47,36
Funny Face (DOS - 1990),3.43,7
Invaders Addition (VIC-20 - 1982),0.00,0
Jenny of the Prairie (DOS - 1985),0.00,0
Denomino (DOS - 1997),0.00,0
Music Chase 1: The Music In Me (Win 3.x - 1995),0.00,0
Super Toni (Win 3.x - 1997),0.00,0
"Encyclopedia of War: Ancient Battles (DOS, Amiga, Amstrad CPC - 1988)",5.00,8
Team Xtreme: Operation Weather Disaster (Win 3.x - 1995),0.00,0
Carmen Sandiego's Great Chase Through Time (Win - 1997),4.17,66
Tommy's Hollywords (DOS - 1992),0.00,0
Adventure Math (DOS - 1992),5.00,1
Lego My Style: Preschool (Win - 2000),4.80,5
Match Wits (Atari 8-bit - 1984),0.00,0
Math Rabbit Deluxe (Win 3.x - 1993),0.00,0
Merlin's Math (DOS - 1992),2.00,2
Bumble Games (DOS - 1983),5.00,2
Trivial Trek (DOS - 1986),4.00,1
Math Assault I: Word Problems (DOS - 1997),0.00,0
The Treehouse (DOS - 1991),4.29,24
Number Fun 1 (DOS - 1986),0.00,0
These United States (DOS - 1984),5.00,1
Kraina Gnoma Belfegora (Win - 2000),0.00,0
Disney's Magic Artist Deluxe (Win - 2001),4.58,26
Millie's Math House (Mac - 1992),4.51,53
The Aeronautics Quiz MK 2 (DOS - 1991),5.00,1
Storybook Weaver: Deluxe (Win 3.x - 1994),0.00,0
Little Monster at School (Mac - 1994),5.00,7
Safety Monkey (Win 3.x - 1994),0.00,0
"Designasaurus (DOS, Amiga, Apple IIgs - 1988)",5.00,3
Phonics Plus (DOS - 1991),0.00,0
Type-Rope (ZX Spectrum - 1985),0.00,0
Freddi Fish 2: The Case of the Haunted Schoolhouse (Mac - 1996),4.47,38
It's crazy. (PC-98 - 1996),5.00,1
"The Lost Tribe (DOS, Mac - 1992)",4.47,17
Video Blakjak (DOS - 1991),0.00,0
"Piece of Cake (DOS, C64, Atari 8-bit - 1984)",5.00,3
Wizard of Id's WizMath (C64 - 1984),5.00,1
Education Series: General Knowledge Builder (C64 - 1989),4.00,1
Time Trucker (C64 - 1984),4.00,1
JumpStart Kindergarten Reading (Win - 1996),4.00,4
Number Builder (Commodore 16 - 1985),0.00,0
Ante-Up at the Friday Night Poker Club (DOS - 1990),3.50,4
ClueFinders: 6th Grade Adventures (Win - 2000),5.00,3
The Cat in the Hat (Win - 1997),4.67,9
I Spy: Fun House (Win - 2008),4.00,4
"Animal Vegetable Mineral (Amstrad CPC, BBC Micro - 1984)",0.00,0
Euro-stad (DOS - 1991),0.00,0
Monster Math (DOS - 1983),4.50,8
"Putt-Putt Joins the Parade (DOS, Mac - 1992)",4.59,296
"SimEarth: The Living Planet (DOS, Amiga, Sharp X68000, TurboGrafx CD - 1990)",4.56,111
"Goofy's Railway Express (DOS, C64, Amiga - 1991)",4.50,24
JumpStart 1st Grade (Win - 1995),4.34,32
911 Paramedic (Win - 2002),4.75,8
Castle Explorer (Mac - 1996),4.85,13
"Fun School 3: for the over 7s (C64, Amstrad CPC, BBC Micro - 1990)",0.00,0
Robinson Crusoe (Mac - 2001),4.33,3
Freddi Fish 4: The Case of the Hogfish Rustlers of Briny Gulch (Mac - 1999),4.50,26
Scooter's Magic Castle (DOS - 1993),4.42,19
The Global Dilemma: Guns or Butter (DOS - 1990),4.10,20
"Thinkin' Things: Sky Island Mysteries (Mac, Win 3.x - 1998)",5.00,3
Timeman One (Amstrad CPC - 1984),4.00,2
Stanley's Sticker Stories (Win 3.x - 1996),0.00,0
"Spy Fox 2: ""Some Assembly Required"" (Mac - 1999)",4.37,19
First Steps with the Mr. Men (BBC Micro - 1983),0.00,0
"Let's Explore The Airport (Win, Mac, Win 3.x - 1995)",3.00,3
General Trivia (DOS - 1992),0.00,0
The Awesome Adventures of Victor Vector & Yondo: The Hypnotic Harp (Mac - 1993),3.60,5
Mr. Bump Presents Mad Run (Win - 2001),5.00,1
Word Sequencing (Electron - 1984),0.00,0
Reading and Me (DOS - 1988),4.50,4
"The A-Files (Win, Mac - 1998)",0.00,0
"Snooper Troops: Case #2 - The Case of the Disappearing Dolphin (DOS, C64 - 1982)",4.40,15
Arithmetic Games Set 2 (DOS - 1981),5.00,1
Eco-Saurus (DOS - 1991),4.40,10
Ballons & Rainbows 5.0 (DOS - 1992),5.00,2
Disney's The Emperor's New Groove: Groove Center (Mac - 2002),4.08,13
The Manhole: New and Enhanced (DOS - 1992),5.00,2
"Jungle Quest (DOS, C64, Apple II - 1984)",0.00,0
Techno Quest (Win - 1997),4.56,9
Volcanoes (DOS - 1985),3.00,2
Robot Odyssey (DOS - 1985),4.79,53
"Le labyrinthe d'Orthophus (DOS, Amstrad CPC, Atari ST - 1989)",4.00,1
"Arthur's 1st Grade (Win, Mac - 1999)",3.50,2
"Words, Words, Words (BBC Micro, Electron - 1983)",0.00,0
Prince Interactive (Win 3.x - 1994),0.00,0
The Railroad Works (C64 - 1985),4.86,7
"Wishbone and the Amazing Odyssey (Mac, Win 3.x - 1996)",4.50,8
Advanced DOS Quiz (DOS - 1991),3.67,3
"Reader Rabbit 2 (DOS, Win 3.x - 1991)",4.52,21
"Reader Rabbit's Toddler (Win, Mac, Win 3.x - 1998)",4.47,93
JumpStart Music (Win - 1998),4.75,4
Oscar the Balloonist and the Secrets of the Forest (Win - 1997),5.00,1
Jenny's Journeys (Apple II - 1984),4.50,2
BabyType (DOS - 1994),0.00,0
"Gus Goes to Cybertown (Mac, Win 3.x - 1993)",0.00,0
Mario's Early Years: Preschool Fun (DOS - 1994),4.83,6
Moses Matchup (DOS - 1994),4.83,6
Virtual Reality Studio 2.0 (DOS - 1992),4.25,8
"Super Solvers Mission: T.H.I.N.K. (Win, Mac, Win 3.x - 1999)",4.31,29
"Math Blaster! (DOS, C64 - 1983)",4.50,4
"Reader Rabbit 3 (DOS, Mac, Win 3.x - 1993)",4.50,12
Ernie's Big Splash (DOS - 1987),5.00,14
Animated Math (DOS - 1991),4.25,4
Pyramid: Challenge of the Pharaoh's Dream (Win 3.x - 1996),0.00,0
"Kindercomp (DOS, C64, VIC-20 - 1984)",5.00,2
"Troggle Trouble Math (Mac, Win 3.x - 1994)",4.50,6
States and Capitals (DOS - 1983),3.67,3
Kid Pix Deluxe 4 (Win - 2004),4.52,281
The Oregon Trail: 3rd Edition (Win - 1997),4.14,57
Money Town (Win 3.x - 1996),0.00,0
The Sesame Street Crayon: Letters For You (DOS - 1987),4.00,1
"Alpine Tram Ride (DOS, C64 - 1989)",0.00,0
Microsoft Dangerous Creatures (Win 3.x - 1994),5.00,2
The Adventures of Ninja Nanny & Sherrloch Sheltie: No. 11 Downing Street (Win 3.x - 1993),0.00,0
Elroy Hits the Pavement (Mac - 1996),4.29,7
Word Rescue (DOS - 1992),4.15,66
The Magic School Bus Explores Bugs (Mac - 2000),4.68,25
ALF's Thinking Skills (DOS - 1988),5.00,2
Barney Bear Goes to Farm (DOS - 1993),4.13,8
Reading Blaster: Invasion of the Word Snatchers (Win 3.x - 1994),0.00,0
"Sooty's Fun With Numbers (C64, Amstrad CPC - 1990)",0.00,0
Crayola Magic 3D Colouring Book: Amazing Animals (Win - 1998),3.17,6
Nephi's Quest (DOS - 1990),5.00,5
Sesame Street: Art Workshop (Win 3.x - 1995),5.00,1
"Where in the U.S.A. is Carmen Sandiego? (DOS, Mac, C64, Amiga, Apple II, Apple IIgs - 1986)",4.20,10
"Math Munchers Deluxe (Win, Mac - 1995)",4.50,4
ClueFinders: 5th Grade Adventures (Win - 1999),4.20,5
Green Eggs and Ham (Win 3.x - 1996),5.00,8
Spelling Fun One (DOS - 1988),5.00,1
Night Café (Mac - 1997),0.00,0
"The Yukon Trail (Mac, Win 3.x, Win 3.x - 1994)",4.54,48
The Spy's Adventures in Europe (DOS - 1987),4.60,5
LifesBattle (DOS - 1997),0.00,0
"Spiritual Warfare (DOS, Genesis - 1993)",4.81,16
Microsoft World of Flight (Win 3.x - 1995),5.00,1
Caesar's Travels (C64 - 1984),0.00,0
The War in Heaven (Win - 1999),5.00,3
"Play School - Create, Paint And Play (Win - 2002)",5.00,2
All About America (Apple IIgs - 1988),5.00,2
Matrix Madness (DOS - 1984),4.00,1
Cave of the Word Wizard (C64 - 1983),3.50,6
Putt-Putt Joins the Circus (Mac - 2000),4.74,41
Stowaway!: Stephen Biesty's Incredible Cross-Sections (Win 3.x - 1994),0.00,0
Adventures in Odyssey 3D CD-ROM (Win - 1998),2.50,4
Off To Europe (DOS - 1992),1.63,16
Creatures 2 Deluxe (Win - 1998),5.00,2
Nile: Passage to Egypt (Win 3.x - 1995),0.00,0
Let's Talk About Me Too (Win - 1997),0.00,0
"Putt-Putt Enters the Race (Win, Mac, Win 3.x - 1998)",5.00,1
"Giant Killer (DOS, BBC Micro - 1987)",0.00,0
Diva Starz (Win - 2000),0.00,0
Across the USA (DOS - 1991),0.00,0
Ernie's Magic Shapes (DOS - 1984),5.00,2
"Once Upon A Time: Little Red Riding Hood (DOS, Amiga - 1991)",4.29,7
Super Spellicopter (DOS - 1991),4.50,2
Combat Medic: Special Ops (Win - 2002),3.67,3
Berlin Connection (Mac - 1998),5.00,2
Chill Manor (DOS - 1996),5.00,3
"The Time Warp of Dr. Brain (Win, Mac, Win 3.x - 1996)",4.44,18
Where in the World is Carmen Sandiego? (CD-ROM) (Win 3.x - 1995),0.00,0
Louis The Lion (Win 3.x - 1994),0.00,0
Azbuka-raskraska (DOS - 1993),0.00,0
Dinosaur Predators (DOS - 1996),5.00,1
Handy Caps (DOS - 1991),0.00,0
Osprey! (C64 - 1984),4.00,1
Sea Speller (C64 - 1984),4.00,1
"ClueFinders: Mystery Mansion Arcade (Win, Mac - 2000)",4.54,13
Disney Software Collection (DOS - 1995),4.00,6
Trishow (Win - 1998),5.00,1
Peter Pan and Robin Hood Fairy Tale Factory (DOS - 1989),5.00,1
"The Land Before Time: Kindergarten Adventure (Win, Mac - 1998)",5.00,5
"Where in Time is Carmen Sandiego? (DOS, Genesis, C64, Amiga - 1989)",4.00,24
"FaceMaker (DOS, C64, Atari 8-bit, VIC-20 - 1984)",3.00,2
Lego My Style: Kindergarten (Win - 2000),4.00,1
Spell Castle (DOS - 1986),0.00,0
The New Kid on the Block (Win 3.x - 1993),0.00,0
"The Playroom (DOS, Mac - 1989)",4.62,13
Bit Bot's Math Voyage (Win - 1995),4.00,7
Reading Blaster: Invasion of the Word Snatchers (Win - 1995),3.67,3
Lost Secret of the Rainforest (DOS - 1993),4.63,51
Energy Czar (Atari 8-bit - 1980),4.20,5
Microsoft Bob (game included) (Win 3.x - 1995),3.24,24
Barney Bear Goes to School (DOS - 1992),4.75,4
3D Atlas (Win - 1998),4.78,9
"Sonic's Schoolhouse (Win, Win 3.x - 1996)",4.44,136
Perfect Match (Atari ST - 1987),0.00,0
Dinosaur Safari (Win - 1996),4.56,9
Mr. Drumstix' Music Studio (Win 3.x - 1993),5.00,1
Word Spinner (C64 - 1984),0.00,0
"Fun School 2: For 6-8 Year Olds (C64, Amstrad CPC, Electron - 1989)",0.00,0
ABC-Talk (DOS - 1993),5.00,1
Smoke Attack 2 (Win - 2004),4.78,9
Speed (DOS - 1993),5.00,3
"Operation Neptune (DOS, Win 3.x - 1991)",4.77,62
Nederland (DOS - 1991),0.00,0
Ortografia (Atari 8-bit - 1991),3.00,1
"I Spy: Spooky Mansion (Win, Mac - 1999)",4.24,21
Эврика! Приключения котёнка Знайки (Win - 2004),4.00,1
Sea School (DOS - 1996),0.00,0
Crime Lab: Case of the Missing Masterpiece (DOS - 1987),5.00,8
The Awesome Adventures of Victor Vector & Yondo: The Last Dinosaur Egg (Mac - 1993),4.50,2
Slater & Charlie Go Camping (DOS - 1993),4.50,6
The Backyard (DOS - 1993),4.33,6
"Trudy's Time and Place House (Win, Win 3.x - 1995)",4.17,6
"Reader Rabbit's Kindergarten (Win, Mac, Win 3.x - 1997)",4.33,48
Alge-Blaster 3 (Mac - 1995),4.50,4
Davidic Matchup (DOS - 1995),3.50,6
JumpStart Adventures: 6th Grade - Mission: Earthquest (Win - 1998),3.00,2
Timmy and the Magic Pictures (Win 3.x - 1995),0.00,0
Distant Armies: A Playing History of Chess (Amiga - 1988),5.00,6
Where in America's Past is Carmen Sandiego? (DOS - 1991),4.46,13
Jesus Matchup (DOS - 1994),2.50,4
Fisher-Price: Little People Bowling Alley (DOS - 1988),4.67,3
The Berenstain Bears: Learning Essentials (DOS - 1992),4.33,3
Prehistoric Animals (Win 3.x - 1999),0.00,0
"Mickey's 123: The Big Surprise Party (DOS, Amiga - 1992)",4.30,74
Thinking Games 2 (DOS - 1993),4.44,9
"Dinopark Tycoon (DOS, Mac - 1993)",4.37,186
Magical Myths (Apple IIgs - 1988),5.00,1
Schoolhouse (DOS - 1991),4.60,5
CeeBot-Teen (Win - 2003),0.00,0
Tuneland (Win 3.x - 1993),5.00,2
"Fun School 4: For 5 to 7 Year Olds (DOS, C64, Amstrad CPC - 1992)",3.50,2
Maisy's Playhouse (Mac - 1999),4.20,10
Egypt 1156 B.C.: Tomb of the Pharaoh (Mac - 1997),5.00,1
Cabbage Patch Kids Cuddle 'n Care (Win - 2000),1.00,1
Math Mileage (Atari 8-bit - 1984),4.00,1
Heathcliff: Fun with Spelling (Atari 8-bit - 1984),0.00,0
Return of The Dinosaur (DOS - 1988),5.00,2
The Wiggles: Wiggle Bay (Win - 2002),4.43,7
A Force More Powerful: The Game of Nonviolent Strategy (Win - 2006),2.00,4
"Castle of Dr. Brain (DOS, Mac, Amiga - 1991)",4.77,31
Defender of the Faith: The Adventures of David (DOS - 1992),5.00,1
"Opera Fatal (Mac, Win 3.x - 1996)",4.40,5
PokéROM: Mew (Win - 2000),0.00,0
Nigel's World (DOS - 1991),4.00,3
Just Grandma and Me (Mac - 1992),4.87,15
Wild Learning Safari (DOS - 1992),5.00,1
I Spy: Fantasy (Win - 2003),4.43,43
Kitchenette (Win - 1998),0.00,0
Taipan (Win - 1982),4.50,8
Maker's Matchup (DOS - 1994),3.67,3
The Odd Squad Adventure in Oddbodia (Win - 1997),5.00,2
Rainbow Fish and the Whale (Mac - 2001),5.00,1
Elroy Goes Bugzerk (Mac - 1995),5.00,1
Wall $treet Raider (DOS - 1986),4.86,7
"Crosscountry USA (Home Edition) (DOS, Mac - 1995)",4.83,12
Arthur's Computer Adventure (Win - 1998),4.50,20
Mario's Early Years: Fun With Letters (DOS - 1993),4.71,28
"Donald Duck's Playground (DOS, C64, Amiga, Atari ST, Apple II - 1985)",4.72,21
Earth Quest (DOS - 1990),4.57,7
NumberMaze (Mac - 1988),4.71,7
"Snooper Troops (DOS, C64, Apple II - 1982)",4.30,20
Trivia Quest (Atari 8-bit - 1984),0.00,0
Where in the U.S.A. is Carmen Sandiego? (Enhanced) (DOS - 1990),4.26,66
Big Math Attack! (DOS - 1993),0.00,0
Reading Blaster 9-12 1.0 (Mac - 1998),4.53,43
"ClueFinders: Real World Adventure Kit (Win, Mac - 2000)",5.00,4
JumpStart Baby (Win - 1998),4.50,2
"The Manhole (DOS, Mac, TurboGrafx CD - 1989)",3.91,11
"Bible Adventures (DOS, Genesis - 1994)",4.29,7
"Coco Notes (C64, Atari 8-bit - 1984)",0.00,0
"Gertrude's Secrets (DOS, C64 - 1984)",4.71,7
"The ClueFinders: 4th Grade Adventures (Win, Mac - 1997)",4.42,74
McGee (DOS - 1990),5.00,1
"MasterType (Mac, C64, Apple II, VIC-20 - 1984)",5.00,1
Little People Main Street (DOS - 1992),0.00,0
Cartooners (DOS - 1989),4.73,18
Fun with Blupi (Win - 2000),0.00,0
A.J.'s World of Discovery (DOS - 1992),3.95,20
Advanced Thinking Skills (DOS - 1992),4.43,7
"Math Blaster Plus! (DOS, Apple IIgs - 1987)",4.61,33
Columbus Discovery (DOS - 1992),4.29,7
Pop-Quiz (DOS - 1991),0.00,0
"Putt-Putt Goes to the Moon (DOS, Mac - 1993)",4.66,151
"The Pink Panther: Hokus Pokus Pink (Win, Win 3.x - 1998)",4.43,7
"Story Machine (DOS, C64, Atari 8-bit, VIC-20 - 1982)",5.00,1
Spooky Kooky Monster Maker (DOS - 1992),5.00,1
