Title,Average Rating,Number of Ratings
"JumpStart Kindergarten Reading (Win, Win 3.x - 1996)",4.00,4
Hoofdrekenen (DOS - 1990),1.00,1
Ominous Horizons: A Paladin's Calling (Win - 2001),3.38,8
"Pipes (DOS, C64, VIC-20 - 1984)",3.75,4
Shrek: Game Land Activity Center (Win - 2001),4.50,4
"Gertrude's Puzzles (DOS, C64 - 1984)",4.50,2
Word Attack 3 (DOS - 1995),5.00,1
I Spy: Treasure Hunt (Win - 2001),4.40,25
Code: Europe (DOS - 1993),4.17,6
"Learning with Leeper (DOS, C64 - 1984)",0.00,0
Spooky Kooky Monster Maker (DOS - 1992),5.00,1
Great Adventures by Fisher-Price: Wild Western Town (Mac - 1997),4.50,12
"Abyss (BBC Micro, Electron - 1984)",5.00,1
Amy's First Primer (DOS - 1991),5.00,1
Peter Pan: A Story Painting Adventure (DOS - 1993),4.63,27
TuneLand - Starring Howie Mandel (Win 3.x - 1993),0.00,0
"Jeu du Pendu, Le (DOS - 1987)",1.00,1
Gustavinho em o Enigma da Esfinge (Win - 1996),0.00,0
"JumpStart Adventures: 3rd Grade - Mystery Mountain (Win, Win 3.x - 1996)",4.41,94
Cave of the Word Wizard (C64 - 1983),3.50,6
Mix And Match (DOS - 1991),5.00,1
"Bannercatch (C64, Atari 8-bit - 1984)",4.00,1
"The Tortoise and the Hare (Win 3.x, Mac - 1993)",4.75,8
"Where in the World is Carmen Sandiego? (DOS, Mac, C64, Amstrad CPC - 1985)",4.37,40
PokéROM: Charmander (Win - 2000),0.00,0
Xplora 1: Peter Gabriel's Secret World (Win 3.x - 1993),0.00,0
Boohbah: Wiggle and Giggle (Win - 2004),5.00,1
Mobility: A City in Motion (Win - 1999),5.00,2
Aeromathics (DOS - 1986),2.50,2
Barbie Magic Hair Styler (Win - 1997),4.38,8
A.J.'s World of Discovery (DOS - 1992),3.95,20
"Mario is Missing! (DOS, Mac - 1992)",4.57,213
How the Leopard Got His Spots (Win 3.x - 1995),4.00,1
Paul Cézanne: Portrait of My World (Win - 1995),0.00,0
New Math Blaster Plus! (DOS - 1990),0.00,0
Crime Lab: Case of the Missing Masterpiece (DOS - 1987),5.00,8
Knowledge Adventure (DOS - 1990),0.00,0
Stowaway!: Stephen Biesty's Incredible Cross-Sections (Win 3.x - 1994),0.00,0
Charlie Brown's ABCs (C64 - 1984),5.00,1
Tommy's Silo (DOS - 1986),5.00,1
Puzzle Storybook (DOS - 1988),0.00,0
Spell-A-Saurus (DOS - 1990),0.00,0
Storybook Weaver Deluxe 95 (Win - 1996),4.32,145
The Cat in the Hat (Win - 1997),4.75,12
"My Letters, Numbers and Words (DOS - 1990)",5.00,5
Math Blaster Ages 7-8 Mission 2: Race For The Omega Trophy (Win - 2000),3.86,7
"Treasure Galaxy! (DOS, Win 3.x, Mac - 1994)",4.67,55
Thomas & Friends: Thomas Saves the Day (Win - 2003),4.70,69
Max on the Moon (Win - 1999),0.00,0
Brain Quest 6th Grade Edition (DOS - 1994),5.00,1
LEGO Technic TechLab 01 (Win 3.x - 1997),4.00,4
"Treasure Cove! (DOS, Mac - 1992)",4.66,62
Jabbertalky (DOS - 1982),5.00,1
Crayola Magic 3D Coloring Book: Vehicle Voyages (Win - 1999),0.00,0
Eagle Eye Mysteries in London (DOS - 1994),4.18,17
"Great Adventures by Fisher-Price: Wild Western Town (Win, Win 3.x - 1997)",5.00,2
Hilfe für Amajambere (DOS - 1995),4.00,2
Safe Opening Simulator (DOS - 1993),4.64,11
Dinosaur Safari (Win - 1996),4.56,9
The Miracle Piano Teaching System (Genesis - 1992),5.00,2
Spellicopter (Atari 8-bit - 1983),1.00,1
Chill Manor (DOS - 1996),5.00,3
Dvorak on Typing (DOS - 1991),0.00,0
Multimedia Dinosaurs (Win 3.x - 1999),5.00,1
"Gus Goes to Cybertown (Win 3.x, Mac - 1993)",5.00,2
Adventures in Math (DOS - 1983),4.38,16
How to Weigh an Elephant (DOS - 1989),0.00,0
"BackPacker Junior (Win, Mac - 1997)",4.67,3
Explorers of the New World (Win 3.x - 1995),0.00,0
Hollywood Mogul (Win 3.x - 1997),0.00,0
I Spy: Fun House (Win - 2008),4.11,9
LEGO Stunt Rally (Win - 2001),4.69,50
My Favorite Monster (Win - 1994),5.00,1
Spell Castle (DOS - 1986),5.00,1
"Juilliard Music Adventure (Win 3.x, Mac - 1995)",3.75,4
Hooray for Henrietta (DOS - 1990),5.00,1
Proto Type (DOS - 1989),3.00,2
Blue's Clues: Blue's Birthday Adventure (Win - 1998),2.00,1
"Encyclopedia of War: Ancient Battles (DOS, Amiga, Amstrad CPC - 1988)",5.00,8
Merlin's Math (DOS - 1992),2.00,2
Pettson o Findus i trädgården (Win - 1998),4.75,4
Slater & Charlie Go Camping (DOS - 1993),4.57,7
"The Krypton Factor (C64, Amstrad CPC - 1987)",0.00,0
"Spy Fox 2: ""Some Assembly Required"" (Mac - 1999)",4.37,19
Tip Top: Il mistero dei libri scomparsi (Win - 1996),4.00,9
Arithmetic Games Set 2 (DOS - 1981),5.00,1
"Amazon Trail: 3rd Edition (Win, Mac - 1998)",4.26,66
Twisted: The Game Show (3DO - 1993),5.00,2
"The Toy Shop (DOS, Mac, C64 - 1986)",4.67,3
"Crayola's 3D Coloring: 20,000 Leagues Under the Sea (Win - 1997)",0.00,0
LifesBattle (DOS - 1997),1.00,1
Crossword (DOS - 1987),1.00,1
The Berenstain Bears: Volume Two - Learning at Home (DOS - 1993),4.67,3
Эврика! Приключения котёнка Знайки (Win - 2004),4.00,1
Peter and the Wolf (Win 3.x - 1995),0.00,0
"Fun School 3: for the over 7s (C64, Amstrad CPC, BBC Micro - 1990)",0.00,0
I Spy: School Days (Win - 1997),4.38,8
"Max and the Magician (Win, Mac - 2001)",4.00,3
Amazing Learning Games with Rayman (DOS - 1996),4.50,10
Reading Blaster 2000 (Mac - 1996),3.80,5
Combination Wars (C64 - 1982),5.00,2
Disney's Cinderella's Dollhouse (Win - 2001),4.60,5
"Let's Talk About Me (Win, Win 3.x - 1995)",0.00,0
Barbie Horse Adventures: Mystery Ride (Win - 2003),4.38,16
Crayola: Magic Princess Paper Doll Maker (Win - 1999),0.00,0
Mémorise (DOS - 1989),0.00,0
Orbits (DOS - 1992),3.00,1
Around the World in 80 Days (DOS - 1994),0.00,0
The Gigglebone Gang: AlphaBonk Farm (Win 3.x - 1995),0.00,0
ClueFinders: 3rd Grade Adventures (Win - 1998),4.20,99
Journey to the Promised Land (DOS - 1992),5.00,5
Taipan (Win - 1982),4.33,9
Forestia (Win - 1998),4.52,29
Azbuka-raskraska (DOS - 1993),0.00,0
Fisher-Price: School Bus Driver (DOS - 1988),5.00,4
"Blue's Clues: Lights On, Lights Off (Win - 1999)",0.00,0
First Steps with the Mr. Men (BBC Micro - 1983),0.00,0
"Fun School 2: For 6-8 Year Olds (C64, Amstrad CPC, Electron - 1989)",0.00,0
Wiggly Party (Win - 2001),5.00,2
"Fun School 2: For the Over-8s (DOS, C64, Amstrad CPC, Electron - 1989)",0.00,0
Widget Workshop: The Mad Scientist's Laboratory (Win 3.x - 1995),5.00,1
Funny Face (DOS - 1990),3.43,7
Lego My Style: Kindergarten (Win - 2000),4.33,3
Typing Tutor III (DOS - 1985),4.00,1
Richard Scarry's BusyTown (Genesis - 1994),3.60,5
NFL Math (Win - 1996),0.00,0
"JumpStart Adventures: 4th Grade - Haunted Island (Win, Win 3.x - 1996)",4.43,14
Eyewitness Virtual Reality: Dinosaur Hunters (Win - 1996),4.25,8
Spills & Fills (VIC-20 - 1983),4.00,1
Mavis Beacon Teaches Typing! for Kids (Win 3.x - 1994),0.00,0
JumpStart 2nd Grade Math (Win - 1997),5.00,3
"Stickybear Town Builder (DOS, C64 - 1992)",4.33,3
Electric Crayon 3.0: Inspector Gadget: Safety Patrol (DOS - 1991),5.00,1
Kid's Stuff (DOS - 1990),5.00,2
The Spy's Adventures in North America (DOS - 1987),4.67,6
Emit: Vol. 2 - Inochigake no Tabi (3DO - 1995),0.00,0
Magic School Bus in Concert (Win - 2000),5.00,1
I Spy: Fantasy (Win - 2003),4.36,52
Blue's Clues: Laundry Time (Win - 1999),5.00,1
Emergency Room 2 (Win - 1999),1.00,1
Match Wits (Atari 8-bit - 1984),0.00,0
Advanced Thinking Skills (DOS - 1992),4.43,7
Millie's Math House (Mac - 1992),4.58,71
OOG: The Object Orientation Game (Win 3.x - 1995),0.00,0
Logo (DOS - 1983),3.71,7
The Odd Squad Adventure in Oddbodia (Win - 1997),5.00,3
The Astronomy Quiz (DOS - 1988),5.00,4
"Freddi Fish 2: The Case of the Haunted Schoolhouse (Win 3.x, Mac - 1996)",4.48,39
ClueFinders: 6th Grade Adventures (Win - 2000),5.00,5
Reading and Me (DOS - 1988),0.00,0
Change Maker (DOS - 1991),5.00,1
Scholastic's The Magic School Bus Explores the Ocean (Win 3.x - 1995),5.00,1
Disney's Animated Storybook: The Hunchback of Notre Dame (Win - 1996),4.60,10
"Jungle Quest (DOS, C64, Apple II - 1984)",0.00,0
"Word Munchers (DOS, Apple II - 1990)",4.56,16
Interaktiver Adventskalender (Win - 2000),3.50,4
Disney Learning Adventure: Search for the Secret Keys (Mac - 2002),4.10,10
Number Chaser (Commodore 16 - 1985),5.00,1
EXO Squad Interactive Moviebook (Win 3.x - 1995),0.00,0
Zurk's Learning Safari (DOS - 1993),5.00,1
Think Quick! (DOS - 1987),4.90,10
Return of the Dinosaurs (DOS - 1988),0.00,0
Spider-Man Cartoon Maker (Win 3.x - 1995),4.16,30
"P.T.O.: Pacific Theater of Operations (Genesis, PC-88, Sharp X68000 - 1992)",4.50,8
Creatures 2 Deluxe (Win - 1998),5.00,4
"Balance of the Planet (DOS, Mac - 1990)",4.80,25
Turbo Learning: Mega Math (DOS - 1993),4.33,9
"Ortotris (DOS, C64 - 1992)",4.33,3
Animated Math (DOS - 1991),0.00,0
"Play School - Create, Paint And Play (Win - 2002)",5.00,3
Where in Space is Carmen Sandiego? (Enhanced) (DOS - 1993),4.35,17
Berlin Connection (Mac - 1998),5.00,2
Ghosts (Win 3.x - 1994),0.00,0
Little People Farm (DOS - 1992),0.00,0
"Arthur's 1st Grade (Win, Mac - 1999)",3.50,2
Timeman One (Amstrad CPC - 1984),4.00,2
PC-BLOX 2 (DOS - 1993),5.00,1
Backpacker 3 (Win - 2003),3.75,8
"Snoopy's Campfire Stories (Win 3.x, Mac - 1996)",4.60,5
Clifford the Big Red Dog: Musical Memory Games (Win - 2002),4.59,22
"Operation: Frog (DOS, C64, Apple II - 1992)",5.00,6
Space Adventure (DOS - 1992),4.00,6
"Mortimer and the Riddles of the Medallion (Win, Mac - 1996)",4.75,4
Learn about Fractions (DOS - 1992),5.00,2
Pyramid: Challenge of the Pharaoh's Dream (Win 3.x - 1996),0.00,0
Catch Simona in New York City (DOS - 1993),4.43,7
Time Treks (DOS - 1993),0.00,0
Barney's Fun on Imagination Island (Win - 1998),5.00,1
Don't Shoot That Word! (Atari 8-bit - 1983),0.00,0
The Wild World of Madison Jaxx (Win 3.x - 1996),5.00,1
P-Robots (DOS - 1988),3.71,7
Notable Phantom (DOS - 1984),5.00,2
Same or Different (DOS - 1989),5.00,1
Ultra-Quiz (DOS - 1992),0.00,0
Wild Learning Safari (DOS - 1992),5.00,1
Pilgrim: Faith as a Weapon (Win 3.x - 1998),0.00,0
3D Hypermaths (C64 - 1984),5.00,2
Scholastic's The Magic School Bus: Space Exploration Game (Genesis - 1995),4.33,3
Moontra Kid (Win - 2004),0.00,0
"Skyworker (DOS, Amiga - 1994)",5.00,1
Virtual Surgeon: Open Heart (Win 3.x - 1997),5.00,1
Chatterbee (Atari 8-bit - 1983),0.00,0
It's crazy. (PC-98 - 1996),5.00,1
Roly-Polys no Nanakorobi Yaoki (Win 3.x - 1997),4.70,10
Chadwick und der gemeine Eierdieb (DOS - 1995),0.00,0
Fraction Action (C64 - 1984),0.00,0
In the Days of Knights & Kings (DOS - 1989),4.56,9
Elroy Hits the Pavement (Mac - 1996),4.29,7
Clifford the Big Red Dog: Reading (Win - 2000),4.31,13
Electric Crayon 3.1: At the Zoo (DOS - 1992),5.00,1
Associe (DOS - 1989),0.00,0
PokéROM: Marill (Win - 2000),0.00,0
The Aeronautics Quiz MK 2 (DOS - 1991),5.00,1
Flowers of Crystal (BBC Micro - 1984),0.00,0
"Crayola Print Factory (Win, Mac - 1998)",0.00,0
"Bagasaurus (DOS, C64 - 1988)",5.00,1
Tinker Tales (DOS - 1984),2.50,2
Super Toni (Win 3.x - 1997),0.00,0
"Fun School 4: for the under 5s (DOS, C64 - 1992)",3.00,4
Mr. Bump Presents Mad Run (Win - 2001),5.00,1
Cijfer-puzzel (DOS - 1991),0.00,0
"Donald's Alphabet Chase (DOS, C64, Amstrad CPC - 1988)",4.62,53
PokéROM: Mewtwo (Win - 2000),0.00,0
"Freddi Fish 3: The Case of the Stolen Conch Shell (Win 3.x, Mac - 1998)",4.53,76
PokéROM: Bulbasaur (Win - 2000),0.00,0
The Computer Quiz (DOS - 1988),4.75,8
Magiczne Karty (DOS - 1993),0.00,0
Trust and Betrayal: The Legacy of Siboot (DOS - 1987),4.29,7
"Magic School Bus Volcano Adventure (Win, Mac - 2001)",4.61,31
Word Whiz (DOS - 1990),4.33,3
Lassie MovieBook (Win 3.x - 1994),5.00,1
"ALF in the Color Caves (C64, Atari 8-bit - 1984)",3.00,2
A Force More Powerful: The Game of Nonviolent Strategy (Win - 2006),2.00,5
"Learn to Add (DOS, C64 - 1987)",5.00,1
Jenny of the Prairie (DOS - 1985),0.00,0
Mickey's Colors & Shapes (DOS - 1991),4.43,7
PokéROM: Lugia (Win - 2000),0.00,0
Word Attack! (DOS - 1983),0.00,0
"Giant Killer (DOS, BBC Micro - 1987)",0.00,0
PC-BLOX 3 (DOS - 1998),5.00,1
Bush Buck: Global Treasure Hunter (DOS - 1991),4.94,16
Cabbage Patch Kids Cuddle 'n Care (Win - 2000),1.00,1
Der Roboclub (Win - 1997),0.00,0
Island: A Game Of Survival (DOS - 1991),5.00,6
Schoolhouse (DOS - 1991),4.71,7
"Trivia U.K. (C64, Amstrad CPC - 1985)",0.00,0
Smart Games Puzzle Challenge 3 (Win - 1998),4.40,5
Blue's Clues: Blue's ABCs (Win - 1999),5.00,1
Adiboo Magical Playland (Win - 1996),4.27,22
Great Britain Limited (BBC Micro - 1982),0.00,0
Scholastic's The Magic School Bus Explores the Solar System (Win 3.x - 1994),4.43,30
"Super Solvers Mission: T.H.I.N.K. (Win, Win 3.x, Mac - 1999)",4.34,32
"The Playroom (DOS, Mac - 1989)",4.62,13
Scholastic's The Magic School Bus Explores Inside the Earth (Win 3.x - 1996),5.00,1
"Thinkin' Things: Sky Island Mysteries (Win 3.x, Mac - 1998)",5.00,3
"Disney presents Ariel's Story Studio (Win, Mac - 1999)",4.58,24
Animal Math (DOS - 1986),3.71,7
The Secret Codes of C.Y.P.H.E.R.: Operation Wildlife (DOS - 1991),3.83,6
"Treasure Hunt (C64, ZX Spectrum, BBC Micro, Electron - 1985)",4.00,1
Dora the Explorer: Lost City Adventure (Mac - 2002),4.60,49
Crosscountry Canada (DOS - 1991),4.58,55
"Reader Rabbit (DOS, C64, Apple IIgs - 1987)",4.19,36
Curious George Early Learning Adventure (Win - 1996),0.00,0
Spelling Jungle (Win 3.x - 1993),4.00,2
Pajama Sam: Life is Rough When You Lose Your Stuff (Win - 2003),5.00,4
Blue's Clues: Blue's Art Time Activities (Win - 2000),5.00,1
Spellbound! (DOS - 1991),0.00,0
"Mixed-Up Mother Goose Deluxe (Win 3.x, Mac - 1995)",4.64,14
Disney's The Emperor's New Groove: Groove Center (Mac - 2002),4.14,14
"Story Machine (DOS, C64, Atari 8-bit, VIC-20 - 1982)",5.00,1
"The Awesome Adventures of Victor Vector & Yondo: The Last Dinosaur Egg (Win 3.x, Mac - 1993)",4.50,2
The Wiggles: Wiggle Bay (Win - 2002),4.64,11
Storybook Weaver (DOS - 1992),0.00,0
"Facemaker (VIC-20, Electron - 1982)",4.50,2
Egypt 1156 B.C.: Tomb of the Pharaoh (Mac - 1997),5.00,1
"Kid Pix Studio (Win 3.x, Mac - 1995)",3.00,2
Wyatt Earp's Old West (Win 3.x - 1994),0.00,0
3-D Dinosaur Adventure (DOS - 1993),4.38,37
Talking Phonics Plus (DOS - 1991),0.00,0
"Mickey's Runaway Zoo (DOS, C64, Atari ST - 1991)",5.00,3
The Grape Vine (DOS - 1989),0.00,0
"Zeppelin: Giants of the Sky (DOS, Amiga - 1994)",3.50,24
Blue's 123 Time Activities (Win - 1999),0.00,0
The Magical Dinosaur Tour (TurboGrafx CD - 1990),5.00,1
Time Machine I (DOS - 1993),0.00,0
PokéROM: Psyduck (Win - 2000),0.00,0
Secrets of the Pyramids (Win 3.x - 1994),5.00,1
Tonka Construction (Win 3.x - 1996),4.58,53
"Le Labyrinthe de Morphintax (Amstrad CPC, Atari ST - 1991)",0.00,0
Monster Math (DOS - 1983),4.50,8
"SimEarth: The Living Planet (DOS, Amiga, Sharp X68000, TurboGrafx CD - 1990)",4.57,116
Math Rabbit (DOS - 1986),4.63,19
Bill Nye: The Science Guy - Stop the Rock! (Win - 1996),5.00,3
Black Cats and Pointed Hats (Mac - 2000),4.43,7
Across the USA (DOS - 1991),4.33,6
Orly's Draw-A-Story (Win - 1997),4.29,14
Keroppi Day Hopper (Win 3.x - 1994),0.00,0
"Scholastic's The Magic School Bus Explores the Human Body (Win 3.x, Mac - 1994)",4.64,33
Spell It Plus! (DOS - 1989),4.25,4
Alpha Build (DOS - 1986),5.00,1
Super Munchers: The Challenge Continues... (DOS - 1991),4.44,104
Dinosaur Predators (DOS - 1996),5.00,1
Putt-Putt Joins the Circus (Mac - 2000),4.74,41
Carmen Sandiego in Japan (PC-98 - 1989),0.00,0
"Harry and the Haunted House (Win 3.x, Mac - 1994)",4.55,11
Where in the World Is Carmen Sandiego? (Deluxe Edition) (DOS - 1992),4.28,106
Doowap - Voyage au temps des dinosaures (Win - 2001),0.00,0
Firestorm: The Forest Fire Simulation Program (DOS - 1995),5.00,3
Safety Monkey (Win 3.x - 1994),0.00,0
Let's Talk About Me Too (Win - 1997),0.00,0
"Goofy's Railway Express (DOS, C64, Amiga - 1991)",4.50,24
"Treasure MathStorm! (DOS, Mac - 1992)",4.48,140
Reading and Me (DOS - 1988),4.50,4
Disney's Toy Story Activity Center (Win - 1996),4.88,16
I Can Be an Animal Doctor (Win 3.x - 1998),5.00,1
Jenny's Journeys (Apple II - 1984),4.50,2
JumpStart Adventures: 6th Grade - Mission: Earthquest (Win - 1998),3.50,4
Kid Works 2 (DOS - 1992),4.88,8
Bop (C64 - 1983),4.00,1
Emergency Room 3 (Win - 2001),0.00,0
Monet: The Mystery of the Orangery (Win - 2000),0.00,0
"Virtual Pool (DOS, Mac - 1995)",4.70,20
Ortografia (Atari 8-bit - 1991),3.00,1
Trivial Trek (DOS - 1986),4.00,1
"Super Solvers: Spellbound! (DOS, Win 3.x, Mac - 1991)",4.84,37
Hawaii State Trivia (DOS - 1992),0.00,0
Ortos (DOS - 1993),0.00,0
Lemonade Stand (DOS - 1999),5.00,1
"Crosscountry USA (Home Edition) (DOS, Mac - 1995)",4.79,14
Handy Caps (DOS - 1991),0.00,0
PilgrimQuest (DOS - 1991),4.75,8
"Crayola Make a Masterpiece (Win, Mac - 1998)",0.00,0
"Mario Teaches Typing 2 (Win, Win 3.x, Mac - 1997)",4.54,616
ALF: World of Words (DOS - 1988),5.00,2
Young Dilbert Hi-Tech Hijinks (Win 3.x - 1997),0.00,0
Cyberchase: Castleblanca Quest (Mac - 2003),4.73,11
Castle Infinity (Win - 1996),3.67,3
"Blue's Clues Kindergarten (Win, Mac - 2002)",0.00,0
"Early Games for Young Children (DOS, C64, Atari 8-bit - 1984)",3.33,3
"Mickey's Space Adventure (DOS, C64, Apple II - 1985)",4.00,18
Number Builder (Commodore 16 - 1985),0.00,0
Number Munchers (DOS - 1990),4.56,88
"Spy Fox in ""Dry Cereal"" (Win 3.x, Mac - 1997)",4.53,43
"Die Olchis (Win, Mac - 2005)",0.00,0
Time Trucker (C64 - 1984),4.00,1
EuroTour (Win - 1999),5.00,1
911 Paramedic (Win - 2002),4.40,10
Maker's Matchup (DOS - 1994),3.67,3
Snap Dragon (DOS - 1992),4.56,34
"Dinopark Tycoon (DOS, Mac - 1993)",4.37,189
"Putt-Putt Enters the Race (Win, Win 3.x, Mac - 1998)",5.00,1
The Secret Codes of C.Y.P.H.E.R.: Operation U.S. Presidents (DOS - 1992),0.00,0
Barney's Magical Music (Win - 2000),5.00,1
"Alpine Tram Ride (DOS, C64 - 1989)",0.00,0
"Star Wars: DroidWorks (Win, Mac - 1998)",4.28,18
"Type Attack (DOS, C64, VIC-20 - 1983)",3.75,4
"Gertrude's Secrets (DOS, C64 - 1984)",4.71,7
Dole: 5 A Day Adventures (Win 3.x - 1995),5.00,1
"Opera Fatal (Win 3.x, Mac - 1996)",4.33,6
Teletubbies: Favourite Games (Win - 1999),2.67,3
"Kids on Keys (DOS, C64, Atari 8-bit, VIC-20 - 1984)",4.00,2
"Mind Castle I (DOS, Apple II - 1991)",5.00,1
Team Xtreme: Operation Weather Disaster (Win 3.x - 1995),0.00,0
"Arthur's Reading Race (Win, Win 3.x - 1996)",4.00,11
Follow the Reader (DOS - 1993),0.00,0
Four Footed Friends (Win 3.x - 1994),0.00,0
Zombie Dinos from Planet Zeltoid (DOS - 1995),0.00,0
"Sammy's Science House (Win 3.x, Mac - 1994)",4.58,44
"Operation Neptune (DOS, Win 3.x - 1991)",4.78,63
Bumble Games (DOS - 1983),5.00,2
Captain Bible in Dome of Darkness (DOS - 1994),3.94,51
Freddi Fish 5: The Case of the Creature of Coral Cove (Mac - 2001),4.54,46
Memonix (Win - 2003),0.00,0
Weird: Truth is Stranger than Fiction (Win 3.x - 1996),1.00,1
Happy Birthday! (DOS - 1995),2.00,2
LEGOLAND (Win - 2000),4.43,82
Add It! (DOS - 1992),3.00,2
"Microsoft Encarta (Included game) (Win, Win 3.x - 2006)",3.77,32
"Memory Manor (C64, Atari 8-bit - 1984)",5.00,1
"JumpStart Baby (Win, Win 3.x - 1998)",4.50,2
"JumpStart Kindergarten (DOS, Win - 1994)",4.50,2
Taglit: Nahesh Ota! (DOS - 1991),4.00,1
LEGO Spybotics (Win - 2002),4.75,4
"McGee at the Fun Fair (DOS, Amiga - 1991)",5.00,2
Hunchback of Notre Dame (Win 3.x - 1996),0.00,0
PokéROM: Squirtle (Win - 2000),0.00,0
"Spiritual Warfare (DOS, Genesis - 1993)",4.81,16
Storybook Weaver: Deluxe (Win 3.x - 1994),3.43,7
Madeline and the Magnificent Puppet Show (Win - 1995),4.36,11
Animated Math (DOS - 1991),4.25,4
PokéROM: Togepi (Win - 2000),0.00,0
Dr. Brain Thinking Games: IQ Adventure (Win - 1998),5.00,7
"Xanagrams (C64, ZX Spectrum, Amstrad CPC, BBC Micro, Electron - 1984)",0.00,0
The Second Kids' World Almanac Adventure (DOS - 1990),5.00,3
Viktorina (DOS - 1995),0.00,0
Microsoft World of Flight (Win 3.x - 1995),5.00,1
Blue's Clues Preschool (Win - 2002),0.00,0
"Let's Explore the Jungle (Win, Win 3.x, Mac - 1995)",5.00,1
The Wiggles: Yule Be Wiggling (Win - 2002),0.00,0
"Where in the World Is Carmen Sandiego?: Junior Detective Edition (Mac, Win 3.x - 1994)",4.08,12
Oscar the Balloonist Dives into the Lake (Win 3.x - 2000),0.00,0
General Trivia (DOS - 1992),0.00,0
Ticket to Paris (DOS - 1986),5.00,1
Return of The Dinosaur (DOS - 1988),5.00,2
"Zap! (Win 3.x, Mac - 1998)",5.00,11
"Masters of the Elements (Win, Mac - 1997)",4.40,10
Blue's Clues: Where's My Friend? (Win - 1999),0.00,0
Lego My Style: Preschool (Win - 2000),4.86,7
Bible Builder (DOS - 1992),3.57,14
Evolution: The Game of Intelligent Life (Win - 1997),4.36,50
"The Lost Mind of Dr. Brain (Win, Win 3.x, Mac - 1995)",4.14,36
Video Easel (Atari 8-bit - 1979),4.00,1
Dr. Seuss's Fix-Up the Mix-Up Puzzler (Atari 8-bit - 1985),5.00,1
"G-Netix (Win 3.x, Mac - 1995)",5.00,3
Hugo: The Secrets of the Forest (Win - 2000),4.00,2
DK Pinball Science (Win - 1998),5.00,5
Magic Crayon (DOS - 1990),5.00,2
PokéROM: Articuno (Win - 2000),3.00,2
"Fun School 4: for 7 to 11 year olds (DOS, C64 - 1992)",0.00,0
Curious George: Downtown Adventure (Win - 2002),0.00,0
Microsoft Bob (game included) (Win 3.x - 1995),3.38,31
Alf's Party Kit (DOS - 1988),4.20,5
Magic School Bus Whales and Dolphins (Win - 2001),3.00,2
"The ClueFinders: 4th Grade Adventures (Win, Mac - 1997)",4.37,81
PokéROM: Mew (Win - 2000),1.00,1
"Freddi Fish and the Case of the Missing Kelp Seeds (Win 3.x, Mac - 1994)",4.33,33
"Agent USA (DOS, C64, Atari 8-bit, Apple II - 1985)",4.73,22
Will Harvey's Music Construction Set (DOS - 1984),5.00,5
"FaceMaker (DOS, C64, Atari 8-bit, VIC-20 - 1984)",3.00,2
"Math Blaster: Episode One - In Search of Spot (DOS, Win 3.x, Mac, Genesis - 1993)",4.52,31
Beetle Run (Win 3.x - 1995),5.00,1
"Africa Trail (Win, Win 3.x, Mac - 1997)",3.23,22
Cops and Robbers: Police Subtraction (C64 - 1985),4.00,1
"MindRover: The Europa Project (Win, Mac, Linux - 2000)",0.00,0
The Railroad Works (C64 - 1985),4.86,7
Toon Twister 3-D (Win - 2003),5.00,1
Reading Blaster Junior (Win - 1995),4.33,6
Designasaurus II (DOS - 1990),4.45,29
Kitchenette (Win - 1998),0.00,0
Barney Under the Sea (Win - 1998),5.00,1
Lion (DOS - 1995),4.40,10
I Spy Mystery (Win - 2006),4.58,12
The Oregon Trail: 5th Edition (Win - 2001),4.00,109
Opening Night (Win 3.x - 1995),0.00,0
Sleeping Cub's Test of Courage (Win - 1996),1.00,1
"NumberMaze (Win, Mac - 1999)",4.75,8
The Island of Dr. Brain (DOS - 1992),4.35,48
Blue's ABC Time Activities (Win - 1999),0.00,0
Timothy (Win - 2000),0.00,0
ALF's U.S. Geography (DOS - 1993),0.00,0
Capitol Hill (Win 3.x - 1993),0.00,0
Mixed-Up Mother Goose (DOS - 1991),4.25,62
"3-D Dinosaur Adventure: Anniversary Edition (Win, Win 3.x, Mac - 1997)",4.71,17
SimPark (Win - 1996),4.57,14
Jurassic Spelling (DOS - 1993),0.00,0
The Wiggly Circus (Win - 1999),5.00,2
ABC Fun Keys (DOS - 1991),3.86,7
PQ: The Party Quiz Game (Atari 8-bit - 1984),0.00,0
Mudball Wall (Win - 1996),5.00,1
Undersea Adventure (DOS - 1994),5.00,1
Merlin's Trivial (Win - 2000),0.00,0
Car Builder (DOS - 1982),4.23,77
Blinky Bill and the Magician (Win 3.x - 1999),0.00,0
Big Job (Win 3.x - 1996),0.00,0
Ernie's Magic Shapes (DOS - 1984),5.00,2
"Carmen Sandiego Word Detective (Win 3.x, Mac - 1997)",3.96,24
Off To Europe (DOS - 1992),1.82,17
"Le Labyrinthe d'Errare (Amstrad CPC, Atari ST - 1989)",0.00,0
Math Assault II: Fractions (DOS - 1996),0.00,0
Brandon's Big Lunchbox (DOS - 1989),5.00,1
"Sheila Rae, the Brave (Win, Win 3.x - 1996)",4.70,10
Robot Odyssey (DOS - 1985),4.79,53
Black Tech II (Win - 1998),0.00,0
CeeBot-4 (Win - 2004),0.00,0
Oz: The Magical Adventure (Mac - 2000),3.77,26
The Animals of Farthing Wood (Win - 1996),0.00,0
Pok The Little Artiste (Win 3.x - 1994),0.00,0
A to Zap! Featuring the Sunbuddies (Win 3.x - 1995),5.00,1
Blue's Clues: Jigsaw Puzzles (Win - 1999),0.00,0
Sum Ducks (C64 - 1985),0.00,0
Word Attack Plus! (DOS - 1988),0.00,0
"The Manhole: CD-ROM Masterpiece Edition (Win 3.x, Mac - 1994)",5.00,1
Catch the Sperm 2 (Win - 2002),5.00,3
"Connections (Win 3.x, Mac - 1995)",4.83,6
Mario's Early Years: Fun with Numbers (DOS - 1994),4.40,5
L: A Mathemagical Adventure (BBC Micro - 1984),5.00,1
Brer Rabbit and the Wonderful Tar Baby (Win 3.x - 1991),0.00,0
Mickey's ABC's: A Day at the Fair (DOS - 1992),4.57,31
Art Alive (Genesis - 1991),3.00,2
10 Little Robots (Apple IIgs - 1989),5.00,5
"Museum Madness (DOS, Mac - 1994)",4.46,26
Arthur's Wilderness Rescue (Win - 2000),5.00,2
Marty And The Trouble With Cheese (Win 3.x - 1995),5.00,1
PokéROM: Poliwhirl (Win - 2000),0.00,0
Computer Operator (DOS - 1982),4.00,6
Barbie Fashion Designer (Win 3.x - 1996),5.00,1
Chessmaster Challenge (Win - 2005),0.00,0
"JumpStart 2nd Grade (Win, Win 3.x - 1996)",4.57,28
"Kid Pix (DOS, Mac - 1991)",4.00,1
"Des Chiffres et des Lettres (DOS, C64, Amstrad CPC - 1987)",4.67,12
Disney's Magic Artist Deluxe (Win - 2001),4.69,35
"Number Puzzler (BBC Micro, Dragon 32/64 - 1983)",4.00,2
The Treehouse (DOS - 1991),4.28,25
Dragon in a Wagon (Win 3.x - 1997),5.00,1
Memory Castle (DOS - 1984),0.00,0
Where's Waldo? Exploring Geography (Win 3.x - 1996),0.00,0
My Own Stories (DOS - 1993),5.00,1
Kid Pix Companion (Mac - 1992),0.00,0
Bert's Whales and Dolphins (DOS - 1995),0.00,0
Microsoft Space Simulator (DOS - 1994),4.65,85
"ClueFinders: Real World Adventure Kit (Win, Mac - 2000)",5.00,4
"Crayola Paint 'n Play Pony (Win, Mac - 1998)",0.00,0
"Designasaurus (DOS, Amiga, Apple IIgs - 1988)",5.00,3
The Sesame Street Crayon: Letters For You (DOS - 1987),4.67,3
The Oregon Trail 1.2 for Windows (Win - 1995),4.39,286
"Garfield's Mad About Cats (Win, Mac - 2000)",4.30,10
"Sesame Street: Numbers (Win 3.x, 3DO - 1995)",5.00,4
Spider Eater (C64 - 1983),0.00,0
"Rugrats Adventure Game (Win, Mac - 1998)",5.00,4
Zargon Zoo (Win 3.x - 1994),5.00,1
Barbie as Princess Bride (Win - 2000),5.00,1
"Mavis Beacon Teaches Typing! (DOS, C64 - 1987)",4.20,199
"Forestia Révoltozoo (Win, Mac - 1999)",5.00,1
C.Y.P.H.E.R. Operation US Presidents (DOS - 1992),5.00,5
"Animal Vegetable Mineral (Amstrad CPC, BBC Micro - 1984)",0.00,0
Marc Brown's Arthur's Teacher Trouble (Win 3.x - 1994),5.00,1
Word Spinner (C64 - 1984),0.00,0
Dance of the Planet 2.0 (DOS - 1990),4.89,9
Fun with The Wiggles (Win - 2004),5.00,8
Math Assault I: Word Problems (DOS - 1997),3.00,1
"Words, Words, Words (BBC Micro, Electron - 1983)",0.00,0
Disney's Animated Storybook: Mulan (Win - 1998),4.62,13
Einstein Jr.s Classroom (DOS - 1992),5.00,3
"Fraction Fever (C64, Atari 8-bit - 1983)",0.00,0
Arthur's Thinking Games (Win - 1999),5.00,4
"Sooty's Fun With Numbers (C64, Amstrad CPC - 1990)",0.00,0
Where in America's Past is Carmen Sandiego? (DOS - 1991),4.46,13
Polowanie na Litery (C64 - 1994),0.00,0
Disney Software Collection (DOS - 1995),4.00,7
"ClueFinders: Mystery Mansion Arcade (Win, Mac - 2000)",4.54,13
Clifford the Big Red Dog: Thinking Adventures (Win - 2000),4.41,33
"Project: Space Station (DOS, C64, Apple II - 1987)",4.77,30
"Castle of Dr. Brain (DOS, Mac, Amiga - 1991)",4.79,33
PokéROM: Slowking (Win - 2000),0.00,0
"Kid Pix Studio Deluxe (Win, Mac - 1998)",4.56,84
Reading Blaster: Invasion of the Word Snatchers (Win - 1995),3.00,4
"Crusader: Adventure Out of Time (Win 3.x, Mac - 1997)",4.50,6
Magic Wardrobe (Win - 1997),0.00,0
Trivial Fruit (C64 - 1988),0.00,0
Oscar the Balloonist and the Secrets of the Forest (Win - 1997),5.00,1
Barney Goes to the Circus (Win - 1997),5.00,1
Os 7 Invasores (Win - 1998),1.50,2
Pac-Maine (DOS - 1988),1.00,1
Bert's Dinosaurs (DOS - 1992),4.00,1
3D Thinking Lab (Win 3.x - 1998),0.00,0
Einkaufen in der großen Stadt (Win - 1996),0.00,0
"Electric Crayon Deluxe: Teenage Mutant Ninja Turtles: World Tour (DOS, C64 - 1990)",4.33,12
"Bailey's Book House (DOS, Win 3.x, Mac - 1993)",4.63,46
"Energie-Manager (DOS, Amiga - 1993)",4.25,8
Peter Pan and Robin Hood Fairy Tale Factory (DOS - 1989),5.00,1
Незнайкина грамота (Win - 1998),0.00,0
"Thinkin' Things Collection 3 (Win 3.x, Mac - 1995)",4.53,19
Super Solvers: Outnumbered! (DOS - 1990),4.74,58
"The Halley Project: A Mission In Our Solar System (C64, Amiga - 1985)",4.56,9
"The Saggy Baggy Elephant - Interactive Storybook (Win, Mac - 2000)",0.00,0
"Crypto Cube (C64, Atari 8-bit - 1983)",0.00,0
Sky Writer (Atari 8-bit - 1983),0.00,0
"Where in Europe is Carmen Sandiego? (DOS, Mac, C64, Amiga, Apple II - 1988)",4.23,13
Blue's Treasure Hunt (Win - 1999),0.00,0
"The Secret Island of Dr. Quandary (DOS, Mac - 1992)",4.19,42
LEGO MindStorms Star Wars Droid Developer Kit (Win - 1999),5.00,2
AnnaTommy (Win 3.x - 1994),0.00,0
Henrietta's Book of Spells (DOS - 1990),0.00,0
Marathon (C64 - 1983),4.00,1
Galleons of Glory: The Secret Voyage of Magellan (DOS - 1990),4.55,11
"Putt-Putt Joins the Parade (DOS, Win 3.x, Mac - 1992)",4.59,296
Addition-Master (DOS - 1990),3.75,4
"Daffy Duck, P.I.: The Case of the Missing Letters (DOS - 1991)",4.00,8
Reader Rabbit's Ready for Letters (DOS - 1992),5.00,12
Who is Oscar Lake? (Win 3.x - 1996),0.00,0
The Spy's Adventures in Europe (DOS - 1987),4.60,5
Sea Horse Hide'n Seek (Atari 8-bit - 1984),0.00,0
These United States (DOS - 1984),5.00,1
Putt-Putt: Pep's Birthday Surprise (Win - 2003),5.00,4
Combat Medic: Special Ops (Win - 2002),3.67,3
"Quiwi (C64, Amstrad CPC - 1985)",0.00,0
Snakes and Ladders (DOS - 1993),0.00,0
Mike Mulligan and His Steam Shovel (Win 3.x - 1996),0.00,0
"Where in Time is Carmen Sandiego? (DOS, Genesis, C64, Amiga - 1989)",4.00,24
Mickey's 123's: The Big Surprise Party (DOS - 1993),0.00,0
Phonics Plus (DOS - 1991),0.00,0
Blue's Reading Time Activities (Win - 2000),5.00,1
"Mickey's 123: The Big Surprise Party (DOS, Amiga - 1992)",4.35,80
Adventure Math (DOS - 1992),5.00,1
Business Simulator (DOS - 1986),0.00,0
Digi Duck (Atari 8-bit - 1992),0.00,0
"Rocky's Boots (DOS, C64 - 1984)",4.50,12
Discoveries of the Deep (DOS - 1993),5.00,1
"The Simpsons Cartoon Studio (Win 3.x, Mac - 1996)",4.49,37
Sea Speller (C64 - 1984),4.33,3
The Berenstain Bears in the Dark (Win 3.x - 1996),0.00,0
Barney Bear Goes to Farm (DOS - 1993),4.13,8
Euro-stad (DOS - 1991),0.00,0
"Reader Rabbit 2 (DOS, Win 3.x - 1991)",4.52,21
Trishow (Win - 1998),5.00,1
Trivia Quest (Atari 8-bit - 1984),0.00,0
Disney's Animated Storybook: 101 Dalmatians (Win 3.x - 1997),4.31,16
Brain Strainers (Atari 8-bit - 1983),4.50,2
Christmas Matchup (DOS - 1994),3.67,3
Disney's Animated Storybook: Winnie the Pooh and the Honey Tree (Win - 1995),4.65,17
Prehistoric Animals (Win 3.x - 1999),5.00,1
Schoolhouse Rock!: America Rock (Win 3.x - 1996),4.50,2
"Putt-Putt and Fatty Bear's Activity Pack (DOS, Win, Win 3.x, Mac - 1994)",4.00,2
Wall $treet Raider (DOS - 1986),4.86,7
McGee (DOS - 1990),5.00,1
Emergency Room (DOS - 1995),0.00,0
Kid's Zoo: A Baby Animal Adventure (DOS - 1993),0.00,0
First Class with the Shoe People (Amstrad CPC - 1991),0.00,0
Kid Pix Deluxe 4 (Win - 2004),4.52,402
PokéROM: Zapdos (Win - 2000),0.00,0
Arthur's Computer Adventure (Win - 1998),4.58,31
Mixed Up Fairy Tales (DOS - 1991),4.24,21
PokéROM: Hoothoot (Win - 2000),1.00,1
RedCats Lebendes Malbuch (DOS - 1997),0.00,0
Toonesia (DOS - 1995),3.50,4
My First Alphabet (Atari 8-bit - 1981),0.00,0
Discover Space (DOS - 1992),5.00,7
CeeBot3 Educational Programming Software (Win - 2003),0.00,0
Ruler (C64 - 1984),5.00,1
Adventures in Odyssey 3D CD-ROM (Win - 1998),2.50,4
Osprey! (C64 - 1984),4.00,1
"The Awesome Adventures of Victor Vector & Yondo: The Cyberplasm Formula (Win 3.x, Mac - 1995)",4.50,2
SimHealth (DOS - 1994),4.05,20
South American Trek (DOS - 1986),0.00,0
ClueFinders: 5th Grade Adventures (Win - 1999),4.25,8
Sesame Street: Letters (Win 3.x - 1999),5.00,1
Mario's Time Machine (DOS - 1993),4.72,39
Caesar's Travels (C64 - 1984),0.00,0
Mario's Early Years: Preschool Fun (DOS - 1994),4.55,11
"The Amazon Trail (DOS, Win, Win 3.x, Mac - 1993)",4.18,161
Spell-A-Saurus (DOS - 1990),3.00,3
"Granny's Garden (C64, Amstrad CPC, BBC Micro - 1987)",4.00,29
Space Math (VIC-20 - 1981),4.00,1
"Math Blaster Plus! (DOS, Apple IIgs - 1987)",4.66,38
RedCat's Wilder Wörterbrei (DOS - 1997),0.00,0
Ticket to Hollywood (DOS - 1988),0.00,0
"3D Atlas (Win, Win 3.x - 1998)",4.78,9
Chitty Chitty Bang Bang's Adventures in Tinker Town (Win - 1996),5.00,2
"Thinkin' Things Collection 2 (Win 3.x, Mac - 1995)",4.65,20
Disney's Adventures in Typing with Timon and Pumbaa (Win - 1998),5.00,1
Bridge Baron 12 (Win - 2001),3.00,1
"Paris 1313: The Mystery of Notre-Dame Cathedral (Win, Mac - 1999)",4.50,6
Microsoft Dangerous Creatures (Win 3.x - 1994),5.00,3
"Podd (BBC Micro, Electron - 1984)",5.00,1
Up Side Town (DOS - 1993),3.00,2
"Front Page Sports: Trophy Rivers (Win, Win 3.x - 1997)",0.00,0
Invention Studio (Win 3.x - 1996),5.00,1
Memory Lane (DOS - 1990),5.00,1
"The Adventures of Valdo & Marie (Win, Win 3.x - 1996)",5.00,5
7 чудес (Win - 1997),0.00,0
"Crayola Art-Studio 2 (Win 3.x, Mac - 1996)",5.00,1
Provincies (DOS - 1991),0.00,0
Ballons & Rainbows 5.0 (DOS - 1992),5.00,2
The Berenstain Bears: Volume One - Learning at Home (DOS - 1993),5.00,1
Advanced Math Shop (DOS - 1987),1.00,1
Where in the U.S.A. Is Carmen Sandiego? (Win 3.x - 1996),4.00,1
Thomas & Friends: Special Delivery (Win - 2006),4.70,21
Wizard of Id's WizMath (C64 - 1984),5.00,1
Socher Hayam (DOS - 1989),5.00,1
Disney's Animated Storybook: Winnie the Pooh & Tigger Too (Win - 1999),4.36,14
Eagle Eye Mysteries (DOS - 1993),4.47,17
Lenny's Music Toons (Win 3.x - 1993),0.00,0
Lil' Howie's Great Math Adventure (Win - 1996),0.00,0
"Pajama Sam: No Need to Hide When It's Dark Outside (Win 3.x, Mac - 1996)",4.62,200
Математические игры (Win - 1998),0.00,0
"MasterType (Mac, C64, Apple II, VIC-20 - 1984)",5.00,2
Tommy's Hollywords (DOS - 1992),0.00,0
"Alge-Blaster 3 (Win 3.x, Mac - 1994)",4.50,4
Scooby-Doo!: Case File #1 - The Glowing Bug Man (Win - 2002),4.59,37
"Kindercomp (DOS, C64, VIC-20 - 1984)",5.00,2
Barney: Secret of the Rainbow (Win - 2009),3.00,4
"Logical Journey of the Zoombinis (Win, Win 3.x, Mac - 1996)",4.37,422
M&M's: The Lost Formulas (Win - 2000),4.70,66
Tuneland (Win 3.x - 1993),5.00,2
Yogi Bear's Math Adventures (DOS - 1990),5.00,7
Crayola Magic 3D Coloring Book (Win - 1997),0.00,0
"Little Monster at School (Win 3.x, Mac - 1994)",5.00,7
Ante-Up at the Friday Night Poker Club (DOS - 1990),3.50,4
Ernie's Big Splash (DOS - 1987),5.00,14
Pirates: Captain's Quest (Mac - 1997),5.00,2
"The Magic School Bus Explores Bugs (Win, Mac - 2000)",4.69,26
Dino-Sorcerer (DOS - 1990),4.80,5
Smithsonian Institution: Dinosaur Museum (Win 3.x - 1997),0.00,0
"The A-Files (Win, Mac - 1998)",5.00,1
"Math Munchers Deluxe (Win, Win 3.x, Mac - 1995)",4.50,6
"JumpStart 1st Grade (Win, Win 3.x - 1995)",4.28,46
Hey Diddle Diddle (DOS - 1983),0.00,0
Math Mileage (Atari 8-bit - 1984),4.00,1
Smoke Attack 2 (Win - 2004),4.73,11
Gulliver v Strane Velikanov (Win 3.x - 1996),0.00,0
Madeline European Adventures (Win - 1996),4.56,32
The IBM Basic Quiz (DOS - 1989),4.00,5
P.A.W.S.: Personal Automated Wagging System (Mac - 1995),5.00,3
Castle Explorer (Mac - 1996),4.85,13
Savage: The Ultimate Quest for Survival (Win 3.x - 1996),5.00,1
Dark Mist: The Wizard Vanishes (Mac - 2001),3.80,5
Math Rabbit Deluxe (Win 3.x - 1993),5.00,1
"Reader Rabbit's Toddler (Win, Win 3.x, Mac - 1998)",4.51,104
Jurassic Park: Operation Genesis (Win - 2003),4.43,305
"Oregon Trail II (Win, Win 3.x, Mac - 1995)",4.28,365
Discover the World II (Mac - 1995),5.00,6
Kevin The Kangaroo (Win 3.x - 1994),4.40,5
Word Blaster (Mac - 1996),5.00,1
"Troggle Trouble Math (Win 3.x, Mac - 1994)",4.67,9
Jesus Matchup (DOS - 1994),2.80,5
American Sign Language Tutor (DOS - 1991),2.00,1
Big Rig (DOS - 1987),4.71,7
States and Capitals (DOS - 1983),4.00,4
M*A*T*H*S Circus (DOS - 1992),4.10,102
Chessmaster 9000 (Win - 2002),0.00,0
Reading Blaster: Invasion of the Word Snatchers (Win 3.x - 1994),0.00,0
MayaQuest Trail (Win 3.x - 1995),5.00,1
Spelling Fun One (DOS - 1988),5.00,2
Carmen Sandiego's Great Chase Through Time (Win - 1997),4.21,71
"Donald Duck's Playground (DOS, C64, Amiga, Atari ST, Apple II - 1985)",4.75,24
"The Manhole: New and Enhanced (DOS, Win 3.x - 1992)",5.00,2
Thomas & Friends Trouble on the Tracks (Win - 2000),4.75,114
PET Nuclear Power Plant (C64 - 1982),5.00,3
The Berenstain Bears: Learning Essentials (DOS - 1992),5.00,1
"Hi-Q-Quiz (C64, BBC Micro - 1988)",0.00,0
"Math Blaster! (DOS, C64 - 1983)",4.60,5
"The Yukon Trail (Win 3.x, Mac - 1994)",4.57,53
"I Spy: Spooky Mansion (Win, Mac - 1999)",4.32,25
Disney's Activity Centre: Tarzan (Win - 1999),4.67,12
"Fun School 2: For the Under-6s (DOS, C64, Amstrad CPC, Electron - 1989)",5.00,1
Sea School (DOS - 1996),0.00,0
Volcanoes (DOS - 1985),3.00,2
Nile: Passage to Egypt (Win 3.x - 1995),0.00,0
Dogz 5 (Win - 2002),0.00,0
"ClueFinders: The Incredible Toy Store Adventure (Win, Mac - 2001)",4.64,11
Mind Castle (DOS - 1993),5.00,3
"Thomas the Tank Engine's Fun With Words (C64, Amstrad CPC - 1990)",4.38,8
Type To Learn 3 (Win - 2002),4.29,18
Literki - Cyferki (DOS - 1993),4.00,1
Emergency Room: Code Red (Win - 2001),0.00,0
Siia-sinna läbi linna's (Win - 2002),4.67,6
Space Kids (DOS - 1994),4.29,7
Bumble Plot (DOS - 1983),1.00,1
"Catz: Your Computer Petz (Win, Win 3.x, Mac - 1996)",4.19,38
Crayola Magic 3D Colouring Book: Favourite Places (Win - 1999),0.00,0
Duits (DOS - 1991),0.00,0
Mickey's Jigsaw Puzzles (DOS - 1991),5.00,4
Barry the Bear (Win 3.x - 1994),5.00,3
Reader Rabbit: Kindergarten - Bounce Down in Balloon Town! (Win - 2001),4.00,4
"Fatty Bear's Birthday Surprise (DOS, Mac, 3DO - 1993)",4.57,192
Magic Spells (DOS - 1983),0.00,0
Monster Trivia (C64 - 1985),5.00,2
"Odell Lake (C64, Apple II - 1986)",4.89,9
Demolition Division (C64 - 1984),0.00,0
Inspector Gadget: Mission 1 - Global Terror! (DOS - 1992),4.58,22
"Fun School 3: for 5 to 7 Year Olds (DOS, C64, Amstrad CPC - 1991)",5.00,1
Clifford the Big Red Dog: Learning Activities (Win - 2001),4.55,11
Magic School Bus Explores the World of Animals (Win - 2002),3.80,5
Reader Rabbit's Interactive Reading Journey (Win 3.x - 1993),5.00,1
The New Kid on the Block (Win 3.x - 1993),5.00,1
Super Spellicopter (DOS - 1991),4.50,2
Matrix Madness (DOS - 1984),4.00,2
The Oregon Trail: 3rd Edition (Win - 1997),4.15,61
"Golden Gate (Win, Mac - 1997)",3.50,2
"Trudy's Time and Place House (Win, Win 3.x - 1995)",4.67,26
Fun with Blupi (Win - 2000),0.00,0
"Mr. Potato Head Saves Veggie Valley (Win 3.x, Mac - 1996)",4.11,27
Perfect Match (Atari ST - 1987),0.00,0
Moses Matchup (DOS - 1994),4.83,6
The American Girls Premiere (Win 3.x - 1997),0.00,0
Yearn2Learn: Peanuts (Win 3.x - 1994),0.00,0
Where in the World is Carmen Sandiego? (CD-ROM) (Win 3.x - 1995),5.00,1
JumpStart Animal Adventures (Mac - 2002),3.94,6
Emergency Mission (DOS - 1986),4.00,1
"Odell Down Under (Win 3.x, Mac - 1994)",4.41,49
Pajama Sam 3: You Are What You Eat From Your Head To Your Feet (Mac - 2001),4.67,60
Animal Quest (DOS - 1992),5.00,3
Wishbone: Activity Zone (Win - 1997),0.00,0
"Hometown, U.S.A. (DOS - 1988)",1.00,1
The Pink Panther: Passport to Peril (Win 3.x - 1996),4.43,24
The Fennels Figure Math (Win - 1996),4.00,9
Toy Story 2 Activity Centre (Win - 1999),4.13,24
Forever Growing Garden (Win 3.x - 1993),0.00,0
Blue's Room: Blue Talks! (Win - 2004),5.00,1
Steven Spielberg's Director's Chair (Win 3.x - 1996),1.00,1
EcoQuest: The Search for Cetus (DOS - 1991),4.78,48
Emergency Room: Disaster Strikes (Win - 1999),5.00,1
Bert's African Animals (DOS - 1993),0.00,0
Music Chase 1: The Music In Me (Win 3.x - 1995),5.00,1
"Putt-Putt Goes to the Moon (DOS, Win 3.x, Mac - 1993)",4.66,151
"Snooper Troops (DOS, C64, Apple II - 1982)",4.24,21
Where in the USA is Carmen Sandiego? (Deluxe Edition) (DOS - 1993),4.49,53
"The Land Before Time: Kindergarten Adventure (Win, Mac - 1998)",5.00,6
CeeBot-Teen (Win - 2003),0.00,0
Electric Crayon Deluxe: At the Zoo (DOS - 1990),4.40,5
Orbits Voyage through The Solar System (DOS - 1991),4.77,13
Sesame Street Elmo's Preschool: Search & Learn Adventures (Win - 1996),4.38,8
"Katie's Farm (DOS, Amiga - 1990)",3.50,4
Electric Crayon Deluxe: Dinosaurs Are Forever (DOS - 1988),4.25,8
Money Town (Win 3.x - 1996),0.00,0
Abenteuer im marchen buchland (DOS - 1996),0.00,0
Amy's First Primer (DOS - 1985),5.00,1
"Fun School 4: For 5 to 7 Year Olds (DOS, C64, Amstrad CPC - 1992)",3.67,3
Earth Quest (DOS - 1990),4.57,7
"Sesame Street: Elmo's Preschool (Win, Win 3.x - 1997)",4.84,14
"Dr. Seuss's ABC (Win, Mac - 1995)",4.31,26
"Once Upon A Time: Little Red Riding Hood (DOS, Amiga - 1991)",4.29,7
Sethi and the Inca Wizard (Mac - 2001),4.00,1
Versailles 1685 (DOS - 1997),4.42,12
Disney's The Lion King Activity Center (Win - 1995),4.69,32
"The Adventures of Batman & Robin Cartoon Maker (Win 3.x, Mac - 1995)",0.00,0
Crayola 3D Castle Creator (Win - 1998),0.00,0
Crayola Magic 3D Colouring Book: Amazing Animals (Win - 1998),3.43,7
"Grossology (Win, Win 3.x - 1997)",3.56,9
Bouncy Bee Learns Letters (DOS - 1985),5.00,2
Catch the Sperm (Win - 2001),3.20,5
Energy Czar (Atari 8-bit - 1980),4.20,5
Disney's The Lion King II: Simba's Pride - Active Play (Win - 1998),4.35,35
Factor Blast (Atari 8-bit - 1983),4.00,1
Disney's Beauty and the Beast (DOS - 1992),4.30,33
Number Fun 1 (DOS - 1986),0.00,0
"Rodney's Funscreen (DOS, Win 3.x - 1992)",4.43,7
Sport Adventure (DOS - 1991),4.00,2
Learning with FuzzyWOMP (Apple II - 1984),5.00,1
Super Noah's Ark 3-D (DOS - 1995),4.80,5
Magic School Bus Discovers Flight (Win - 2001),5.00,1
Lekis 1 (DOS - 1993),0.00,0
The Asian Challenge (DOS - 1989),0.00,0
"Where in the U.S.A. is Carmen Sandiego? (DOS, Mac, C64, Amiga, Apple II, Apple IIgs - 1986)",4.20,10
"Pippi (Win 3.x, Mac - 1995)",2.00,3
Gumboots Australia (DOS - 1990),4.43,7
I Can Be a Dinosaur Finder (Win 3.x - 1997),0.00,0
Quarky & Quaysoo's Turbo Science (DOS - 1992),5.00,10
Spell It! (DOS - 1986),0.00,0
Stanley's Sticker Stories (Win 3.x - 1996),5.00,2
"Super Solvers: Treasure Mountain! (DOS, Win 3.x - 1990)",4.44,175
Distant Armies: A Playing History of Chess (Amiga - 1988),5.00,6
Chess Mates (Win 3.x - 1996),0.00,0
Moses: Old Testament Adventure #1 (DOS - 1987),5.00,3
Prince Interactive (Win 3.x - 1994),0.00,0
Animated Money (DOS - 1994),4.00,1
Kiyeko and the Lost Night (Win 3.x - 1995),0.00,0
"Snooper Troops: Case #2 - The Case of the Disappearing Dolphin (DOS, C64 - 1982)",4.44,16
"Arthur's Birthday (Win 3.x, Mac - 1994)",4.33,21
Fisher-Price Learning in Toyland (Win 3.x - 1996),5.00,1
Barbie and her Magical House (Win 3.x - 1994),3.00,1
Action Man: Arctic Adventure (Win - 2002),5.00,1
"Mario Teaches Typing (DOS, Mac - 1992)",4.40,2192
CeeBot-A (Win - 2003),5.00,2
Christmas Carols (DOS - 1984),5.00,6
"The Pink Panther: Hokus Pokus Pink (Win, Win 3.x - 1998)",4.47,15
Across the USA (DOS - 1991),0.00,0
Where in the U.S.A. is Carmen Sandiego? (Enhanced) (DOS - 1990),4.26,66
Disney's Animated Storybook: Toy Story (Win - 1996),4.70,91
Pop-Quiz (DOS - 1991),0.00,0
Kid Pix Deluxe 3 (Win - 2000),4.50,8
Thuis In Het Milieu (DOS - 1990),4.60,5
"Super Solvers: Gizmos & Gadgets! (DOS, Win 3.x - 1993)",4.48,234
Dig-Dogs: Streetbusters (DOS - 1994),4.24,58
Arithmetic Games Set 1 (DOS - 1981),4.75,4
Fun on the Farm with Barney (Win - 1997),5.00,1
Blue's Clues: The Popsicle Stick Project (Win - 1999),0.00,0
"Le labyrinthe d'Orthophus (DOS, Amstrad CPC, Atari ST - 1989)",4.00,1
"Disney's Math Quest with Aladdin (Win, Mac - 1998)",4.78,27
Yearn2Learn: Master Snoopy's World Geography (Win 3.x - 1995),0.00,0
Barbie: Pet Rescue CD-ROM (Win - 2000),2.50,2
Barney: On Location - All Around Town (Win - 2000),5.00,1
Louis The Lion (Win 3.x - 1994),0.00,0
Nederland (DOS - 1991),0.00,0
The Berenstain Bears - Learn About Counting (DOS - 1991),0.00,0
The Playworld (DOS - 1993),4.00,4
Fisher-Price I Can Remember (DOS - 1989),3.00,1
Reading Blaster 9-12 1.0 (Mac - 1998),4.55,45
Teaching Tiles (DOS - 1997),5.00,1
Mickey's Crossword Puzzle Maker (DOS - 1991),4.50,4
The Adventures of Ninja Nanny & Sherrloch Sheltie: No. 11 Downing Street (Win 3.x - 1993),0.00,0
Algebra Arcade (DOS - 1983),0.00,0
"Putt-Putt Travels Through Time (Win 3.x, Mac - 1997)",4.81,43
Thomas & Friends Railway Adventures (Win - 2001),4.73,104
Panoplia: The Full Armor of God (DOS - 1991),5.00,2
"Cranky (BBC Micro, Dragon 32/64 - 1983)",4.00,1
It's Play School (Win - 1999),5.00,1
PokéROM: Ledyba (Win - 2000),0.00,0
"Headline Harry and The Great Paper Race (DOS, Mac - 1991)",4.73,11
Techno Quest (Win - 1997),4.56,9
All Nighthawk Programs (DOS - 1991),5.00,1
Disney's Animated Storybook: Hercules (Win 3.x - 1997),5.00,1
"Qin: Tomb of the Middle Kingdom (Win, Mac - 1996)",4.67,3
"Sir AddaLot's ""Mini"" Math Adventure (DOS - 1993)",4.25,12
Candy Land Adventure (Win - 1996),4.30,23
Tiririca (Win 3.x - 1996),4.67,3
46 Okunen Monogatari: The Shinkaron (PC-98 - 1990),4.10,10
Foxtrot Delta (DOS - 1990),3.00,2
Freedom! (Apple II - 1992),3.66,13
Dinosaur Discovery (BBC Micro - 1985),0.00,0
Eco-Saurus (DOS - 1991),4.36,11
Speed (DOS - 1993),5.00,3
Storybook Weaver (DOS - 1994),4.49,249
CoLoBot (Win - 2001),4.67,3
"JumpStart Pre-K (Win, Win 3.x - 1996)",5.00,3
Super Solvers: Challenge of the Ancient Empires! (DOS - 1990),4.68,79
Остров драконов: Башня знаний 2 (Win - 1999),0.00,0
"Astro-Grover (DOS, C64, Atari 8-bit - 1987)",4.58,9
Flippy's Circus Coins (DOS - 1988),3.00,5
Kraina Gnoma Belfegora (Win - 2000),3.00,3
"Wall$treet (DOS, C64, Amiga - 1989)",4.40,15
Cave Girl Clair (DOS - 1984),0.00,0
Brzdąc (DOS - 1995),3.00,4
Humpty Dumpty & Cock Robin (C64 - 1984),0.00,0
"Pepper's Adventures in Time (DOS, Win 3.x - 1993)",4.71,24
Physicus: Save the World with Science! (Mac - 1999),4.86,7
"ArtRageous! (Win, Win 3.x - 1995)",5.00,2
Young Math (DOS - 1985),4.00,2
Oregon Trail Deluxe (DOS - 1992),4.22,1481
PokéROM: Gengar (Win - 2000),0.00,0
The Wild Science Arcade (DOS - 1993),4.40,5
The Backyard (DOS - 1993),4.43,7
"Pajama Sam 2: Thunder and Lightning aren't so Frightening (Win 3.x, Mac - 1998)",4.64,65
PokéROM: Eevee (Win - 2000),0.00,0
Animated Multiplication and Division (DOS - 1993),0.00,0
Dr. Seuss: Toddler (Win - 1999),5.00,1
The Sesame Street Crayon: Opposites Attract (DOS - 1987),5.00,2
Invaders Addition (VIC-20 - 1982),0.00,0
"Putt-Putt Saves the Zoo (Win 3.x, Mac - 1995)",4.53,77
Green Eggs and Ham (Win 3.x - 1996),4.67,18
"Sesame Street: Get Set to Learn (Win, Win 3.x - 1996)",5.00,2
PokéROM: Meowth (Win - 2000),0.00,0
Mickey's Memory Challenge (DOS - 1990),4.90,10
Versailles II: Testament of the King (Win - 2001),4.47,5
Ein Haus voll Überraschungen (Win - 1996),0.00,0
ABC-Talk (DOS - 1993),5.00,1
"Magic School Bus Lands on Mars (Win, Mac - 2000)",4.39,16
In Search of the Lost Words (Win 3.x - 1996),4.92,12
"Creatures Village (Win, Mac - 2001)",3.67,3
De verdwenen kleuren van Van Gogh (Win - 2001),3.00,2
"Das Erbe (DOS, Amiga - 1991)",4.14,7
"The Lost Tribe (DOS, Mac - 1992)",4.47,17
Curious George Comes Home (Win - 1996),0.00,0
Where's Waldo? At the Circus (Win 3.x - 1995),0.00,0
Alge-Blaster Plus! (DOS - 1989),0.00,0
I.M. Meen (DOS - 1995),4.63,51
Fatty Bear's FunPack (DOS - 1993),4.00,1
"Star Wars: Yoda's Challenge - Activity Center (Win, Mac - 1999)",4.27,11
Putt-Putt's Fun Pack (DOS - 1994),4.45,47
Discovering America (DOS - 1994),4.88,8
Math Blaster ages 6-9 (Mac - 1996),5.00,2
I Spy Spooky Mansion: Deluxe (Win - 2005),3.98,36
"Every Second Counts (C64, Amstrad CPC - 1988)",5.00,1
The Adventures of Mr. Tickle (Win - 2001),5.00,2
"The Adventures of Young Indiana Jones: Revolution (Win, Mac - 2007)",0.00,0
U.S. States and Capitals (DOS - 1983),4.00,1
Electric Crayon 3.1: Super Mario Bros & Friends: When I Grow Up (DOS - 1992),4.43,75
Chessmaster: Grandmaster Edition (Win - 2007),3.00,2
"Coco Notes (C64, Atari 8-bit - 1984)",0.00,0
Disney's Animated Storybook: Pocahontas (Win 3.x - 1995),2.00,1
LEGO Technic Cybermaster (Win - 1998),4.00,5
Crayola: Dazzling Decorations (Win - 1998),4.00,1
Bodyworks Voyager: Missions in Anatomy (DOS - 1994),4.50,10
Trust and Betrayal: The Legacy of Siboot (Mac - 1987),4.00,2
All About America (Apple IIgs - 1988),5.00,2
Barney Bear Goes to Space (DOS - 1992),3.40,5
Someone's in the Kitchen! (Win - 1996),3.79,6
1893: A World's Fair Mystery (Mac - 2003),4.88,8
Learn about Programming (DOS - 1992),5.00,3
"Let's Explore: The Farm - With Buzzy (Win, Win 3.x, Mac - 1995)",5.00,2
Just Grandma and Me (Mac - 1992),4.88,16
All About Ohio (DOS - 1992),5.00,1
Emit: Vol. 1 - Toki no Maigo (3DO - 1995),0.00,0
Wolf (DOS - 1994),4.59,159
Rock and Bach Studio (DOS - 1993),4.00,2
The Wonders of The Animal Kingdom (Apple IIgs - 1988),4.00,1
Electronic Grammar: Parts of Speech (DOS - 1986),5.00,1
Three Mile Island (Apple II - 1979),4.38,8
Video Blakjak (DOS - 1991),0.00,0
Advanced DOS Quiz (DOS - 1991),3.67,3
Fisher-Price: Little People Bowling Alley (DOS - 1988),4.67,3
Jack's Attic (Win 3.x - 1996),0.00,0
Columbus Discovery (DOS - 1992),4.29,7
Moop and Dreadly in the Treasure on Bing Bong Island (Win - 2001),5.00,2
Bank Street Music Writer (DOS - 1986),4.33,6
Bobby Fischer Teaches Chess (DOS - 1994),4.75,8
Scooter's Magic Castle (DOS - 1993),4.39,23
Anatomik (DOS - 1994),0.00,0
Where in Space is Carmen Sandiego? (Deluxe Edition) (DOS - 1993),4.67,12
Drum Blaster (DOS - 1992),3.50,4
"Destination: Mars! (DOS, Mac - 1991)",4.50,8
JumpStart Spelling (Win - 1998),5.00,2
Ruff's Bone (Win 3.x - 1994),0.00,0
Writer Rabbit (DOS - 1986),2.00,1
Defender of the Faith: The Adventures of David (DOS - 1992),5.00,1
The Spy's Adventures in South America (DOS - 1987),5.00,3
Word Munchers Deluxe (Win - 1996),4.75,8
Road Rally U.S.A. (DOS - 1985),0.00,0
123-Talk (DOS - 1993),3.67,6
BabyType (DOS - 1994),0.00,0
Magic Boxes (DOS - 1989),5.00,1
"Moptown Parade (DOS, C64 - 1984)",0.00,0
"The Awesome Adventures of Victor Vector & Yondo: The Hypnotic Harp (Win 3.x, Mac - 1993)",3.60,5
The World Name Game (DOS - 1989),4.50,2
"Wrath of the Gods (Win 3.x, Mac - 1994)",4.60,15
The Berenstain Bears: Learning Essentials (DOS - 1992),4.33,3
Type-Rope (ZX Spectrum - 1985),0.00,0
Fading Footsteps (Win - 1998),5.00,2
Education Series: General Knowledge Builder (C64 - 1989),4.00,1
Math Rescue Plus (DOS - 1992),0.00,0
Lost Secret of the Rainforest (DOS - 1993),4.62,52
BMX Number Jump (C64 - 1984),1.00,1
Circus (DOS - 1995),0.00,0
"Curious George Learns Phonics (Win, Win 3.x - 1997)",1.00,1
Math Blaster Mystery: The Great Brain Robbery (Win 3.x - 1994),5.00,2
Surf's Up! Activity Center (Win - 2007),0.00,0
Curious George ABC Adventure (Win - 1996),0.00,0
JumpStart Music (Win - 1998),4.50,6
The History Channel: Lost Worlds (Win - 2008),0.00,0
Word Sequencing (Electron - 1984),0.00,0
The Brain Game (DOS - 1984),0.00,0
"Fun School 3 for the Under 5s (C64, Amstrad CPC, Atari ST - 1991)",0.00,0
"Thinkin' Things Collection 1 (Win 3.x, Mac - 1993)",4.45,33
Magical Myths (Apple IIgs - 1988),5.00,1
"The Manhole (DOS, Mac, TurboGrafx CD - 1989)",4.00,12
"JumpStart Toddlers (Win, Win 3.x - 1999)",4.30,10
Dinosaur Adventure (DOS - 1992),5.00,1
PokéROM: Pikachu (Win - 2000),5.00,1
"Where in the World is Carmen Sandiego? (DOS, Genesis, Amiga, Atari ST, Apple IIgs, TurboGrafx CD - 1990)",4.34,165
"Let's Explore The Airport (Win, Win 3.x, Mac - 1995)",3.00,3
2x2 (DOS - 1995),4.67,12
Disney's Animated Storybook: The Lion King (Win 3.x - 1994),0.00,0
"Wishbone and the Amazing Odyssey (Win, Win 3.x, Mac - 1996)",4.56,9
Maisy's Playhouse (Mac - 1999),4.25,12
"The Time Warp of Dr. Brain (Win, Win 3.x, Mac - 1996)",4.47,19
ABC: Alphabet Beasts & Co. (C64 - 1984),0.00,0
Catz 5 (Win - 2002),5.00,1
Barney Bear Goes to School (DOS - 1992),4.75,4
GeoSafari: Animals (Win 3.x - 1996),0.00,0
Скелетоны. Похищение Ракеты (Win - 2007),0.00,0
Laser Surgeon: The Microscopic Mission (DOS - 1987),5.00,6
SimRefinery (DOS - 1992),4.00,2
Blue's Clues: Blue Takes You to School (Win - 2003),0.00,0
A Day with the Wiggles (Win - 1998),5.00,4
Robinson Crusoe (Mac - 2001),4.33,3
"Reader Rabbit 3 (DOS, Win 3.x, Mac - 1993)",4.54,13
The War in Heaven (Win - 1999),5.00,3
Where in North Dakota is Carmen Sandiego? (Apple II - 1989),0.00,0
"Bible Adventures (DOS, Genesis - 1994)",4.29,7
Denomino (DOS - 1997),0.00,0
Timmy and the Magic Pictures (Win 3.x - 1995),4.00,1
Jigsaw USA (Win - 2003),0.00,0
"Super Solvers: Midnight Rescue! (DOS, Win 3.x - 1989)",4.40,98
"Clueless: CD-ROM (Win, Win 3.x - 1997)",0.00,0
The Adventures of Hyperman (Win 3.x - 1995),5.00,2
Rainbow Fish and the Whale (Mac - 2001),5.00,1
Thinking Games 2 (DOS - 1993),4.44,9
Sesame Street: Art Workshop (Win 3.x - 1995),5.00,1
"Sonic's Schoolhouse (Win, Win 3.x - 1996)",4.49,175
Math Workshop (Mac - 1995),4.50,14
United States Quiz (DOS - 1993),4.67,3
Башня знаний (Win - 1996),5.00,1
Mystery at the Museums (DOS - 1993),5.00,2
Diva Starz (Win - 2000),5.00,1
Barney's Night Before Christmas (Win - 1999),5.00,1
Crayola Magic 3D Coloring Book: Cool Critters (Win - 1998),0.00,0
Nickelodeon Director's Lab (DOS - 1994),5.00,4
Go West! The Homesteader's Challenge (Win - 1996),4.85,13
Reader Rabbit: Learn to Read with Phonics (Win - 2000),5.00,1
Mom's Math (DOS - 1992),5.00,1
Facts in Action (DOS - 1992),0.00,0
LEGO Friends (Win - 1999),4.43,15
Nigel's World (DOS - 1991),4.00,3
"Exodus: Journey to the Promised Land (DOS, Genesis - 1992)",4.26,23
"The Oregon Trail (DOS, Win 3.x, Mac, Apple II - 1990)",4.35,254
"Mind Pursuit (C64, Apple II - 1986)",0.00,0
"Once Upon A Time: Abracadabra (DOS, Amiga - 1991)",4.00,3
Reader Rabbit's Reading 1 (Win 3.x - 1997),0.00,0
Keep the Balance! (Win - 2000),5.00,1
Kid Pix 2 (Mac - 1994),5.00,1
"Piece of Cake (DOS, C64, Atari 8-bit - 1984)",5.00,3
PokéROM: Elekid (Win - 2000),0.00,0
Nephi's Quest (DOS - 1990),5.00,5
The Smelly Mystery (Mac - 1997),4.00,3
"Webster: The Word Game (DOS, C64, Atari 8-bit - 1984)",0.00,0
"Reader Rabbit's Kindergarten (Win, Win 3.x, Mac - 1997)",4.33,52
Magic Fairy Tales: Barbie As Rapunzel (Mac - 1997),4.57,30
Time Riders in American History (DOS - 1992),4.83,6
"Alphabet Zoo (C64, Atari 8-bit, VIC-20 - 1983)",3.00,2
Letter Targets (DOS - 2004),0.00,0
Lil' Howie's Great Word Adventure (Win - 1996),4.50,2
Turtle Toyland Jr. (C64 - 1983),0.00,0
Joshua & the Battle of Jericho (Genesis - 1994),4.50,6
LEGO Technic Search Sub (Win - 1997),4.67,3
"Sesame Street: Letter-Go-Round (DOS, C64, Atari 8-bit - 1988)",4.92,12
"Dragon's Keep (C64, Atari 8-bit - 1984)",2.00,1
Eco Adventures in the Oceans (DOS - 1992),0.00,0
Exotic Car Showroom (DOS - 1992),4.33,6
PokéROM: Moltres (Win - 2000),0.00,0
See the U.S.A. (DOS - 1987),5.00,4
BBC Ask the Family (C64 - 1984),5.00,1
Thomas & Friends: Building the New Line (Win - 2002),4.75,75
Elroy Goes Bugzerk (Mac - 1995),5.00,1
Expert Common Knowledge (DOS - 1992),5.00,2
Trivia Whiz (DOS - 1990),4.50,4
Mr. Drumstix' Music Studio (Win 3.x - 1993),5.00,1
ALF's Thinking Skills (DOS - 1988),5.00,2
"Wizard of Id's WizType (DOS, C64, Atari 8-bit, Apple II - 1984)",3.67,3
Bugs Bunny Cartoon Workshop (DOS - 1990),4.84,18
Math Blaster Ages 7-9 - In Search Of Spot (Win - 1999),5.00,7
Word Attack Plus! (DOS - 1988),3.18,11
Math Rescue (DOS - 1992),4.64,42
JumpStart Typing (Win - 1997),4.77,13
Phrase Master (DOS - 1990),5.00,2
Snoopy's Game Club (DOS - 1992),4.55,11
Word Rescue (DOS - 1992),4.15,66
Juggles' Butterfly (DOS - 1983),2.00,1
Virtual Reality Studio 2.0 (DOS - 1992),4.25,8
Crayola Amazing Art Adventure (Win - 1994),0.00,0
"Run for the Money (DOS, Atari 8-bit - 1984)",5.00,3
Stickybear Math (Apple II - 1984),4.19,19
Caillou: Magic Playhouse (Mac - 2001),4.29,14
Freddi Fish 4: The Case of the Hogfish Rustlers of Briny Gulch (Mac - 1999),4.50,26
Big Math Attack! (DOS - 1993),0.00,0
Richard Scarry's Busiest Neighborhood Disc Ever! (DOS - 1994),5.00,1
Feeding Frenzy (Win - 2004),2.50,4
States and Capitals (DOS - 1988),4.00,1
A.I. (Apple II - 1987),4.00,1
Bit Bot's Math Voyage (Win - 1995),4.00,7
Let's Ride! Friends Forever (Win - 2006),1.00,1
"Playskool Puzzles (Win, Win 3.x, Mac - 1996)",5.00,1
Sesame Street: Counting Cafe (Genesis - 1994),5.00,1
Davidic Matchup (DOS - 1995),3.50,6
Lekis 2 (DOS - 1993),0.00,0
Little People Main Street (DOS - 1992),0.00,0
Night Café (Mac - 1997),0.00,0
Where in the World is Carmen Sandiego? (Master System - 1988),5.00,1
"Create, Paint And Play (Win - 2002)",5.00,2
"JumpStart Adventures: 5th Grade - Jo Hammet, Kid Detective (Win 3.x, Mac - 1997)",4.00,10
Heathcliff: Fun with Spelling (Atari 8-bit - 1984),0.00,0
Nautical Number Hunt (Win 3.x - 1998),0.00,0
Smoke Attack (Win - 2002),4.50,34
Cartooners (DOS - 1989),4.73,18
"Patton Strikes Back: The Battle of the Bulge (DOS, Mac - 1991)",4.65,23
Mario's Early Years: Fun With Letters (DOS - 1993),4.76,38
Astronomica: The Quest for the Edge of the Universe (Win 3.x - 1994),5.00,1
Mind Castle II (DOS - 1991),0.00,0
The Global Dilemma: Guns or Butter (DOS - 1990),4.10,20
The Hitchhiker's Guide to the Galaxy Trivia Challenge (DOS - 1990),5.00,3
D.W. the Picky Eater (Win - 1998),4.40,5
