Title,Average Rating,Number of Ratings
The Count (Electron - 1984),5.00,1
Word Sequencing (Electron - 1984),0.00,0
The Golden Baton (Electron - 1986),5.00,1
Frenzy (Electron - 1984),0.00,0
Chess (Electron - 1984),0.00,0
Johnny Reb (Electron - 1984),2.33,3
DeathStar (Electron - 1984),0.00,0
Repton 2 (Electron - 1985),0.00,0
SimCity (Electron - 1990),4.31,135
Spellbinder (Electron - 1987),5.00,1
Shuttle Simulator (Electron - 1984),3.83,6
Danger UXB (Electron - 1984),5.00,1
Fun School 2: For the Over-8s (Electron - 1989),0.00,0
Jet-Boot Jack (Electron - 1984),4.00,1
Predator (Electron - 1989),4.27,11
Starship Command (Electron - 1983),0.00,0
League Challenge (Electron - 1986),0.00,0
The Last Ninja (Electron - 1988),4.32,31
Thai Boxing (Electron - 1986),3.00,2
"Words, Words, Words (Electron - 1983)",0.00,0
Karate Combat (Electron - 1986),0.00,0
Kane (Electron - 1986),5.00,2
Circus Games (Electron - 1988),4.33,3
Repton 3 (Electron - 1986),5.00,2
Rig Attack (Electron - 1985),1.00,1
Yie Ar Kung-Fu 2: The Emperor Yie-Gah (Electron - 1986),4.29,7
Ghost Town (Electron - 1984),5.00,1
Helter Skelter (Electron - 1990),3.00,7
Hopper (Electron - 1984),0.00,0
Robotron: 2084 (Electron - 1985),4.20,20
747 Flight Simulator (Electron - 1983),4.38,8
Pyramid of Doom (Electron - 1984),0.00,0
Captain Fizz Meets the Blaster-Trons (Electron - 1988),4.40,5
Galaforce (Electron - 1986),0.00,0
Southern Belle (Electron - 1986),5.00,2
Xanagrams (Electron - 1984),0.00,0
American Football (Electron - 1988),4.00,1
Chuckie Egg (Electron - 1984),4.18,22
Airline (Electron - 1983),5.00,2
Waterloo (Electron - 1985),5.00,1
Magic Mushrooms (Electron - 1985),0.00,0
Pengwyn (Electron - 1984),0.00,0
Champions! (Electron - 1985),2.00,7
Joe Blade (Electron - 1988),2.33,3
A Question of Sport (Electron - 1988),5.00,2
Crazy Tracer (Electron - 1984),0.00,0
Snapper (Electron - 1983),0.00,0
Bumble Bee (Electron - 1984),1.00,1
Hobgoblin (Electron - 1990),4.67,3
Battle 1917 (Electron - 1984),0.00,0
Repton Infinity (Electron - 1988),0.00,0
Buffalo Bill's Wild West Show (Electron - 1989),4.14,7
Strike Force Harrier (Electron - 1986),4.50,8
Steve Davis Snooker (Electron - 1986),1.00,1
Gatecrasher (Electron - 1984),0.00,0
The Survivors (Electron - 1987),0.00,0
Suds (Electron - 1986),0.00,0
The Big KO! (Electron - 1987),0.00,0
Mined-Out (Electron - 1984),5.00,1
Sorcerer of Claymorgue Castle (Electron - 1984),4.50,8
Commando (Electron - 1986),4.44,25
Pipe Dream (Electron - 1990),4.31,13
Dead or Alive (Electron - 1987),3.00,1
Exile (Electron - 1988),4.88,8
Fantasia Diamond (Electron - 1984),0.00,0
Axe of Rage (Electron - 1989),4.35,23
Anarchy Zone (Electron - 1988),0.00,0
Confuzion (Electron - 1985),5.00,1
Jet Set Willy II: The Final Frontier (Electron - 1986),5.00,2
Star Wars (Electron - 1987),4.50,38
Joe Blade II (Electron - 1988),5.00,2
Tales of the Arabian Nights (Electron - 1985),4.33,3
PaperBoy (Electron - 1986),4.37,27
Arrow of Death: Part I (Electron - 1983),5.00,2
Sporting Triangles (Electron - 1989),5.00,1
Football Manager (Electron - 1985),4.05,19
Evening Star (Electron - 1987),5.00,1
Phantom (Electron - 1987),0.00,0
Elixir (Electron - 1987),0.00,0
Mikie (Electron - 1986),5.00,3
Panik! (Electron - 1987),0.00,0
Microball (Electron - 1987),5.00,2
Denis Through the Drinking Glass (Electron - 1984),0.00,0
Ghouls (Electron - 1984),5.00,2
Killer Gorilla (Electron - 1984),0.00,0
Dallas (Electron - 1984),5.00,1
Savage Island (Electron - 1984),5.00,1
The Golden Voyage (Electron - 1984),5.00,2
The Hulk (Electron - 1984),4.55,20
Zenon (Electron - 1988),0.00,0
Crack-Up (Electron - 1989),4.50,2
Jet Set Willy (Electron - 1985),4.00,3
Cops n' Robbers (Electron - 1987),4.80,5
Gunfighter (Electron - 1990),0.00,0
Spider-Man (Electron - 1984),4.35,20
Farmer (Electron - 1983),5.00,1
Elite (Electron - 1984),0.00,0
Questprobe: Featuring Human Torch and the Thing (Electron - 1986),4.40,5
Fun School 2: For 6-8 Year Olds (Electron - 1989),0.00,0
Arcadians (Electron - 1983),0.00,0
Boxer (Electron - 1984),0.00,0
Waxworks (Electron - 1986),0.00,0
Gyroscope (Electron - 1986),0.00,0
Indoor Soccer (Electron - 1988),5.00,1
Percy Penguin (Electron - 1984),4.00,1
Brian Clough's Football Fortunes (Electron - 1987),4.50,2
Ravenskull (Electron - 1986),0.00,0
Sphere of Destiny (Electron - 1987),0.00,0
Flight Path 737 (Electron - 1986),4.00,1
747 (Electron - 1984),5.00,5
Plan B (Electron - 1986),4.00,1
Special Operations (Electron - 1984),4.00,1
Last Ninja 2: Back With a Vengeance (Electron - 1989),4.46,28
Hunkidory (Electron - 1986),0.00,0
Repton Thru Time (Electron - 1988),0.00,0
Pirate Adventure (Electron - 1984),5.00,2
Terrormolinos (Electron - 1986),4.00,1
Camelot (Electron - 1990),0.00,0
Secret Mission (Electron - 1984),3.40,5
Blagger (Electron - 1984),4.50,4
Electron Invaders (Electron - 1984),0.00,0
Jet Power Jack (Electron - 1984),5.00,1
Vegas Jackpot (Electron - 1983),4.00,4
Spitfire '40 (Electron - 1987),4.33,3
Alien Dropout (Electron - 1983),0.00,0
Mystery Fun House (Electron - 1984),5.00,1
Fun School 2: For the Under-6s (Electron - 1989),5.00,1
Colossus Bridge 4 (Electron - 1988),0.00,0
Bullseye (Electron - 1984),5.00,1
Gremlins: The Adventure (Electron - 1985),4.00,4
Around the World in 40 Screens (Electron - 1987),5.00,1
Project Thesius: Rick Hanson 2 (Electron - 1986),0.00,0
Frankenstein 2000 (Electron - 1988),0.00,0
E-Type (Electron - 1990),0.00,0
Codename Droid: Stryker's Run - Part 2 (Electron - 1987),5.00,1
Voodoo Castle (Electron - 1984),4.50,2
Castle of Riddles (Electron - 1984),2.00,2
Shanghai Warriors (Electron - 1989),5.00,1
Strange Odyssey (Electron - 1984),5.00,2
Yie Ar Kung-Fu (Electron - 1986),4.71,7
Cylon Attack (Electron - 1983),0.00,0
Felix in the Factory (Electron - 1983),0.00,0
Subway Vigilante (Electron - 1989),5.00,2
Psycastria (Electron - 1986),0.00,0
Tank Attack (Electron - 1989),4.17,6
Bug Blaster (Electron - 1983),4.50,2
Twin Kingdom Valley (Electron - 1983),5.00,4
Adventure 1 (Electron - 1984),5.00,1
Repton (Electron - 1985),1.00,1
Tetris (Electron - 1988),0.00,0
Pedro (Electron - 1984),5.00,1
Crazee Rider (Electron - 1987),0.00,0
Hercules (Electron - 1987),3.33,3
Ballistix (Electron - 1989),4.50,10
Citadel (Electron - 1985),0.00,0
Falcon Patrol (Electron - 1986),3.71,7
Master Break (Electron - 1991),0.00,0
Circus (Electron - 1986),5.00,2
Monsters (Electron - 1983),0.00,0
Strykers Run (Electron - 1987),5.00,1
Escape from Pulsar 7 (Electron - 1986),5.00,4
Drain Mania (Electron - 1985),0.00,0
Gauntlet (Electron - 1984),5.00,1
Hostage: Rescue Mission (Electron - 1990),4.36,36
Pharoahs Tomb (Electron - 1984),5.00,1
Eddie Kidd Jump Challenge (Electron - 1985),5.00,2
Philosopher's Quest (Electron - 1984),4.67,6
Savage Island Part Two (Electron - 1984),0.00,0
Fruit Machine Simulator (Electron - 1989),4.00,2
Crystal Castles (Electron - 1986),4.75,8
Xor (Electron - 1987),4.67,3
Footballer of the Year (Electron - 1986),4.40,5
Blockbusters: Gold Run (Electron - 1986),0.00,0
Dodgy Geezers (Electron - 1986),0.00,0
Heathrow International Air Traffic Control (Electron - 1984),5.00,1
Atom Smasher (Electron - 1984),0.00,0
Hunchback (Electron - 1985),4.00,5
Tomcat (Electron - 1989),5.00,1
Facemaker (Electron - 1984),4.50,2
Er*bert (Electron - 1984),0.00,0
Maze (Electron - 1984),5.00,2
Cybertron Mission (Electron - 1984),5.00,1
Thrust (Electron - 1986),4.00,4
Rubble Trouble (Electron - 1984),3.00,1
Overdrive (Electron - 1984),0.00,0
Roman Empire (Electron - 1983),4.50,2
Abyss (Electron - 1984),5.00,1
Stix (Electron - 1984),0.00,0
Winter Challenge: World Class Competition (Electron - 1988),4.45,9
Ian Botham's Test Match (Electron - 1986),0.00,0
Superstar Indoor Sports (Electron - 1988),5.00,6
Brian Jacks Superstar Challenge (Electron - 1985),5.00,3
Space Station Alpha (Electron - 1984),0.00,0
Hampstead (Electron - 1985),5.00,1
Graham Gooch's Test Cricket (Electron - 1985),4.30,10
Treasure Hunt (Electron - 1986),4.00,1
Realm of Chaos: Village of Lost Souls (Electron - 1987),5.00,1
Sphinx Adventure (Electron - 1984),5.00,1
Kamakazi (Electron - 1984),0.00,0
Blockbuster (Electron - 1988),4.67,6
Guardian (Electron - 1984),5.00,1
Tempest (Electron - 1985),4.50,2
Death Sword (Electron - 1988),4.69,26
Empire (Electron - 1984),4.00,5
Daredevil Denis (Electron - 1984),0.00,0
The Wizard of Akyrz (Electron - 1983),5.00,1
Podd (Electron - 1984),5.00,1
Spaceman Sid (Electron - 1984),0.00,0
Tarzan (Electron - 1987),4.33,3
Micro Olympics (Electron - 1984),5.00,1
