Title,Average Rating,Number of Ratings
Sphinx Adventure (Electron - 1984),0.00,0
Maze (Electron - 1984),5.00,2
Gunfighter (Electron - 1990),0.00,0
Savage Island Part Two (Electron - 1984),0.00,0
Magic Mushrooms (Electron - 1985),0.00,0
Ravenskull (Electron - 1986),0.00,0
Xanagrams (Electron - 1984),0.00,0
Savage Island (Electron - 1984),5.00,1
The Last Ninja (Electron - 1988),4.32,31
Psycastria (Electron - 1986),0.00,0
Shanghai Warriors (Electron - 1989),5.00,1
Waterloo (Electron - 1985),5.00,1
Jet Power Jack (Electron - 1984),0.00,0
Special Operations (Electron - 1984),4.00,1
The Golden Voyage (Electron - 1984),5.00,1
League Challenge (Electron - 1986),0.00,0
The Survivors (Electron - 1987),0.00,0
The Wizard of Akyrz (Electron - 1983),5.00,1
Snapper (Electron - 1983),0.00,0
Ian Botham's Test Match (Electron - 1986),0.00,0
Jet Set Willy II: The Final Frontier (Electron - 1986),5.00,2
Last Ninja 2: Back With a Vengeance (Electron - 1989),4.55,27
Pirate Adventure (Electron - 1984),5.00,1
Fruit Machine Simulator (Electron - 1989),4.00,2
Robotron: 2084 (Electron - 1985),4.20,20
Pharoahs Tomb (Electron - 1984),0.00,0
Pedro (Electron - 1984),5.00,1
Monsters (Electron - 1983),0.00,0
Repton (Electron - 1985),1.00,1
The Golden Baton (Electron - 1986),5.00,1
Hercules (Electron - 1987),3.33,3
Strike Force Harrier (Electron - 1986),4.50,8
Secret Mission (Electron - 1984),3.40,5
Repton Infinity (Electron - 1988),0.00,0
Pyramid of Doom (Electron - 1984),0.00,0
Karate Combat (Electron - 1986),0.00,0
Fun School 2: For 6-8 Year Olds (Electron - 1989),0.00,0
Mystery Fun House (Electron - 1984),5.00,1
Tomcat (Electron - 1989),5.00,1
Sorcerer of Claymorgue Castle (Electron - 1984),4.50,8
Winter Challenge: World Class Competition (Electron - 1988),4.45,9
Superstar Indoor Sports (Electron - 1988),5.00,5
Word Sequencing (Electron - 1984),0.00,0
Gauntlet (Electron - 1984),5.00,1
Pengwyn (Electron - 1984),0.00,0
Starship Command (Electron - 1983),0.00,0
Vegas Jackpot (Electron - 1983),4.00,4
Space Station Alpha (Electron - 1984),0.00,0
Hampstead (Electron - 1985),5.00,1
Tempest (Electron - 1985),4.50,2
Tales of the Arabian Nights (Electron - 1985),4.33,3
Mined-Out (Electron - 1984),5.00,1
Zenon (Electron - 1988),0.00,0
Strange Odyssey (Electron - 1984),5.00,2
Xor (Electron - 1987),5.00,2
Hunchback (Electron - 1985),4.00,5
Gatecrasher (Electron - 1984),0.00,0
Star Wars (Electron - 1987),4.47,36
Yie Ar Kung-Fu 2: The Emperor Yie-Gah (Electron - 1986),4.40,5
Voodoo Castle (Electron - 1984),4.00,1
Rubble Trouble (Electron - 1984),3.00,1
Thai Boxing (Electron - 1986),3.00,2
Subway Vigilante (Electron - 1989),5.00,2
The Hulk (Electron - 1984),4.55,20
Spaceman Sid (Electron - 1984),0.00,0
Pipe Dream (Electron - 1990),4.25,12
Tetris (Electron - 1988),4.40,30
Jet-Boot Jack (Electron - 1984),4.00,1
SimCity (Electron - 1990),4.30,125
Overdrive (Electron - 1984),0.00,0
PaperBoy (Electron - 1986),4.44,25
Treasure Hunt (Electron - 1986),4.00,1
Realm of Chaos: Village of Lost Souls (Electron - 1987),5.00,1
Fun School 2: For the Over-8s (Electron - 1989),0.00,0
Hopper (Electron - 1984),0.00,0
Killer Gorilla (Electron - 1984),0.00,0
Terrormolinos (Electron - 1986),0.00,0
Twin Kingdom Valley (Electron - 1983),5.00,2
Tarzan (Electron - 1987),4.33,3
Yie Ar Kung-Fu (Electron - 1986),5.00,5
Ghost Town (Electron - 1984),5.00,1
Repton 2 (Electron - 1985),0.00,0
Southern Belle (Electron - 1986),5.00,2
Rig Attack (Electron - 1985),1.00,1
Strykers Run (Electron - 1987),5.00,1
Jet Set Willy (Electron - 1985),4.50,2
Galaforce (Electron - 1986),0.00,0
Podd (Electron - 1984),5.00,1
Tank Attack (Electron - 1989),4.17,6
Spellbinder (Electron - 1987),0.00,0
"Words, Words, Words (Electron - 1983)",0.00,0
Gremlins: The Adventure (Electron - 1985),4.00,4
Waxworks (Electron - 1986),0.00,0
Roman Empire (Electron - 1983),4.00,1
Repton 3 (Electron - 1986),5.00,2
Stix (Electron - 1984),0.00,0
Philosopher's Quest (Electron - 1984),4.67,6
Suds (Electron - 1986),0.00,0
Hostage: Rescue Mission (Electron - 1990),4.36,36
Shuttle Simulator (Electron - 1984),4.00,5
Predator (Electron - 1989),4.27,11
Helter Skelter (Electron - 1990),3.00,7
Sphere of Destiny (Electron - 1987),0.00,0
Repton Thru Time (Electron - 1988),0.00,0
Hunkidory (Electron - 1986),0.00,0
Spider-Man (Electron - 1984),4.53,19
Project Thesius: Rick Hanson 2 (Electron - 1986),0.00,0
Panik! (Electron - 1987),0.00,0
Hobgoblin (Electron - 1990),4.67,3
Thrust (Electron - 1986),4.00,4
Spitfire '40 (Electron - 1987),4.33,3
Ghouls (Electron - 1984),5.00,2
Sporting Triangles (Electron - 1989),5.00,1
Heathrow International Air Traffic Control (Electron - 1984),5.00,1
Percy Penguin (Electron - 1984),4.00,1
Micro Olympics (Electron - 1984),5.00,1
Gyroscope (Electron - 1986),0.00,0
Graham Gooch's Test Cricket (Electron - 1985),4.33,9
Plan B (Electron - 1986),4.00,1
Fun School 2: For the Under-6s (Electron - 1989),5.00,1
Indoor Soccer (Electron - 1988),5.00,1
Guardian (Electron - 1984),5.00,1
Steve Davis Snooker (Electron - 1986),0.00,0
Microball (Electron - 1987),5.00,1
Master Break (Electron - 1991),0.00,0
Mikie (Electron - 1986),5.00,3
