Title,Average Rating,Number of Ratings
10Rogue (DOS - 1984),4.55,22
31: Iwayuru Hitotsu no Chō Lovely na Bōken Katsugeki (PC-98 - 1995),5.00,1
3x3 Eyes: Sanjiyan Henjō (PC-98 - 1993),1.00,1
A Change in the Weather (DOS - 1995),3.50,4
A Journey into Xanth (DOS - 1993),3.25,4
Abandoned Places 2 (Amiga - 1993),3.50,4
"Abandoned Places: A Time for Heroes (DOS, Amiga - 1992)",4.41,12
"Abracadabra (Amstrad CPC, MSX - 1988)",5.00,1
Acheton (DOS - 1987),3.00,2
ActRaiser (SNES - 1990),0.00,0
ActRaiser 2 (SNES - 1993),5.00,1
AD&D Dark Sun Online: Crimson Sands (Windows - 1996),4.14,7
Advanced Dungeons & Dragons: Collector's Edition (Mac - 1994),4.24,20
Advanced Fantasian: Quest for Lost Sanctuary (PC-88 - 1988),5.00,5
Advanced Xoru (DOS - 1989),3.50,10
Adven'chuta! (MSX - 1983),0.00,0
Adventure (DOS - 1985),3.25,8
"Adventure 1 (Amstrad CPC, C64, MSX - 1984)",5.00,1
Adventure Creator (C64 - 1984),5.00,2
Adventure in Humongous Cave (DOS - 1993),4.00,1
Adventure in the Magic Land (DOS - 1989),0.00,0
"Adventure Quest (Amstrad CPC, Atari 8-bit, C64 - 1984)",5.00,1
"Adventureland (C64, Dragon 32/64, VIC-20 - 1982)",5.00,1
Adventures of Barsak the Dwarf (C64 - 1984),0.00,0
"Aigina's Prophecy (C64, NES - 1988)",3.00,1
Aiza: New Generation (PC-98 - 1991),5.00,1
Akalabeth: World of Doom (DOS - 1980),3.88,25
Akatsuki no Bizantira (PC-98 - 1994),4.50,2
Akumajō Special: Boku Dracula-kun! (NES - 1990),5.00,3
Al-Qadim: The Genie's Curse (DOS - 1994),4.56,25
Alantia: Legend of Blue Star (PC-98 - 1988),5.00,6
Albert Odyssey (SNES - 1993),0.00,0
Albion (DOS - 1996),4.61,46
Alcahest (SNES - 1993),0.00,0
"Alcazar: The Forgotten Fortress (Apple II, ColecoVision, C64, MSX - 1985)",0.00,0
Aleshar: The World of Ice (DOS - 1997),3.86,7
Aliard's Tome (C64 - 1983),5.00,1
"Alien World (Amiga, Atari ST, C64 - 1992)",4.50,2
Alisia Dragoon (Genesis - 1992),5.00,1
"Alternate Reality: The City (DOS, Amiga, Mac, Apple II, Atari 8-bit, Atari ST, C64 - 1988)",4.59,17
"Alternate Reality: The Dungeon (Apple II, Atari 8-bit, C64 - 1987)",5.00,2
Amaranth IV (PC-98 - 1995),5.00,1
Amaranth KH: Stellar Ōkoku Kenkokutan (PC-98 - 1995),5.00,1
Ambermoon (Amiga - 1993),5.00,8
"Amberstar (DOS, Amiga, Atari ST - 1992)",4.44,21
Ambush at Sorinor (DOS - 1993),4.57,7
Amulet of Yendor (DOS - 1985),3.83,6
"Amulets & Armor (DOS, Windows - 1997)",3.50,18
Ancient Domains of Mystery (DOS - 1996),4.87,8
Ancients 1: Death Watch (DOS - 1991),4.50,10
Ancients II: Approaching Evil (DOS - 1994),3.55,11
Angband (DOS - 1997),4.20,5
Angel Night (PC-98 - 1996),5.00,1
Angelique (SNES - 1994),5.00,1
Ankoku Shinwa: Yamato Takeru Densetsu (NES - 1989),0.00,0
Another Bible (Game Boy - 1995),5.00,1
Another Genesis (PC-98 - 1990),1.00,1
Anvil of Dawn (DOS - 1995),4.23,30
Appare-den: Fukuryū no Shō (PC-98 - 1995),5.00,2
"Apprentice (Amiga, Atari ST - 1990)",5.00,1
Arcana (C64 - 1986),5.00,1
Arcana (SNES - 1992),5.00,1
"Archon II: Adept (Amiga, Amstrad CPC, Apple II, Atari 8-bit, C64 - 1986)",5.00,2
Arcus (PC-88 - 1988),4.00,1
Arcus II: Silent Symphony (PC-88 - 1989),5.00,1
Arcus III (PC-98 - 1991),5.00,2
"Arcus Odyssey (Genesis, SNES - 1991)",0.00,0
Ardentryst (Linux - 2009),0.00,0
Aretha (Game Boy - 1990),5.00,1
Aretha (SNES - 1993),4.00,1
"Aretha II: Ariel Fushigi no Tabi (Game Boy, SNES - 1994)",5.00,1
Aretha III (Game Boy - 1992),0.00,0
Argo (PC-88 - 1986),5.00,1
Arkista's Ring (NES - 1990),0.00,0
Armaëth: The Lost Kingdom (DOS - 1993),3.80,5
Armorik the Viking: The Eight Conquests (DOS - 1988),4.67,3
Arnold the Adventurer (C64 - 1992),0.00,0
Arrow of Death Part II (C64 - 1983),3.00,1
"Arrow of Death: Part I (C64, Commodore 16, VIC-20 - 1983)",5.00,2
Artemis (PC-98 - 1991),0.00,0
"Arthur: The Quest for Excalibur (DOS, Amiga, Mac - 1989)",5.00,11
"Artura (DOS, Amiga, Amstrad CPC, Atari ST, C64 - 1989)",4.40,5
Asmik-kun Land (NES - 1991),0.00,0
Astyanax (NES - 1989),0.00,0
Atlantyda (Amiga - 1994),5.00,1
Aurum (Atari 8-bit - 1993),0.00,0
Australo Piticus Mechanicus (Amiga - 1988),5.00,1
"Avenger (Amstrad CPC, C64 - 1986)",4.00,2
Ax Battler: A Legend of Golden Axe (Game Gear - 1991),5.00,1
"Axe of Rage (DOS, Amiga, Amstrad CPC, Atari ST, C64 - 1989)",4.50,14
Ayumi (PC-88 - 1990),3.00,2
Azalta (DOS - 1996),5.00,1
Azure Dreams (Game Boy Color - 2000),0.00,0
Bahamut Lagoon (SNES - 1996),5.00,1
Bahamut Senki (Genesis - 1991),0.00,0
Banana Prince (NES - 1991),0.00,0
Barahir (Atari 8-bit - 1993),5.00,1
"Barbarian II (Amiga, Atari ST - 1991)",5.00,1
Barney's Hide & Seek Game (Genesis - 1993),0.00,0
"Baron Baldric: A Grave Adventure (DOS, Amiga - 1993)",5.00,4
Battle Blaze (SNES - 1992),0.00,0
Battle Bound (Atari ST - 1991),0.00,0
"Battle Chess (DOS, Amiga, Windows 3.x, Mac, Apple II, Apple IIgs, Atari ST, C64, NES - 1988)",4.42,366
"Battle Chess: Enhanced CD-ROM (DOS, Mac - 1992)",4.52,67
"Battle Master (DOS, Amiga, Atari ST - 1991)",3.95,17
Battle Tycoon (SNES - 1995),0.00,0
"Beastlord (Amiga, Atari ST - 1993)",0.00,0
Beasts & Bumpkins (Windows - 1997),0.00,0
"Below The Root (DOS, Apple II, C64 - 1984)",4.23,44
"Beneath Apple Manor (DOS, Apple II, Atari 8-bit - 1983)",3.17,6
Betrayal at Krondor (DOS - 1993),4.67,45
"Beyond Dark Castle (Mac, C64 - 1987)",4.75,12
Beyond Oasis (Genesis - 1994),0.00,0
Beyond the Abyss (DOS - 1994),5.00,1
"Beyond Zork: The Coconut of Quendor (DOS, Amiga, Mac, Apple IIgs, Atari ST - 1987)",4.00,22
"Big Sea: The Better One Will Win (DOS, Amiga - 1994)",4.29,14
"Big Trouble in Little China (Amstrad CPC, C64 - 1987)",5.00,1
Bikkuriman World: Gekitō Sei Senshi (NES - 1990),0.00,0
"Bishōjo Senshi Sailor Moon (Genesis, SNES - 1994)",4.00,1
Bishōjo Senshi Sailor Moon R (SNES - 1993),5.00,1
Bishōjo Senshi Sailor Moon S (Game Gear - 1995),0.00,0
Bishōjo Senshi Sailor Moon S: Jōgai Rantō!? Shuyaku Sōdatsusen (SNES - 1994),5.00,1
Black & White 2 (Windows - 2005),3.67,12
Black Beard (Amstrad CPC - 1988),5.00,1
Black Cats and Pointed Hats (Mac - 2000),4.67,3
Black Crypt (Amiga - 1992),5.00,6
Black Crystal (C64 - 1985),0.00,0
Black Knight Adventure (C64 - 1988),0.00,0
"Black Magic (Amstrad CPC, Apple II, C64 - 1987)",4.00,2
Black Magic (Amiga - 1989),0.00,0
"Blackthorne (DOS, Mac, SEGA 32X - 1994)",4.85,27
Blade of Darkness (Windows - 2001),4.56,98
"Blade Warrior (DOS, Amiga - 1991)",4.46,13
"Blades of Exile (Windows 3.x, Mac - 1998)",5.00,4
Blades of Vengeance (Genesis - 1993),0.00,0
Blind Justice (DOS - 1995),4.20,5
Blizzard Pass (C64 - 1986),0.00,0
Blood & Magic (DOS - 1996),4.91,11
Blood 'n Guts (C64 - 1986),4.50,2
Blood Bowl (DOS - 1995),4.21,14
Blood Omen: Legacy of Kain (Windows - 1997),4.26,27
Bloodstone: An Epic Dwarven Tale (DOS - 1993),4.27,15
"Bloodwych (DOS, Amiga, Amstrad CPC, Atari ST, C64 - 1991)",4.57,30
"Bob Morane: Chevalerie 1 (DOS, Amstrad CPC, Atari ST, C64 - 1987)",4.00,4
Bob's Dragon Hunt (DOS - 1992),4.17,6
Bobix (C64 - 1994),0.00,0
"Bokosuka Wars (NES, PC-88 - 1985)",5.00,1
Bones: The Game of the Haunted Mansion (DOS - 1991),3.67,3
Book of the Dead (C64 - 1987),0.00,0
"Bored of the Rings (Amstrad CPC, C64 - 1985)",2.50,2
Brain Lord (SNES - 1994),5.00,1
Braminar (DOS - 1987),5.00,2
Brandish (SNES - 1994),4.00,1
Brandish 2: The Planet Buster (SNES - 1995),0.00,0
Brandish VT (PC-98 - 1996),0.00,0
Branmarker (PC-98 - 1991),4.00,1
Branmarker 2 (PC-98 - 1995),1.00,1
Breath of Fire (SNES - 1993),0.00,0
Breath of Fire II (SNES - 1994),5.00,1
Breath of Fire IV (Windows - 2003),0.00,0
Bretonne Lais (PC-98 - 1989),5.00,1
Briganty: The Roots of Darkness (PC-98 - 1995),5.00,4
"Brimstone (DOS, Mac, Atari 8-bit, C64 - 1985)",1.00,1
Brocken (PC-98 - 1991),0.00,0
BS Zelda no Densetsu (SNES - 1995),0.00,0
Bubbler (Amstrad CPC - 1987),0.00,0
"Bubsy II (Game Boy, Genesis, SNES - 1994)",0.00,0
"Builderland: The Story of Melba (Amiga, Amstrad CPC, Atari ST - 1991)",5.00,1
Burai: Hachigyoku no Yūshi Densetsu (SNES - 1993),0.00,0
"Burai: Jōkan (PC-88, PC-98 - 1989)",0.00,0
Bushi Seiryūden: Futari no Yūsha (SNES - 1997),0.00,0
By Fire & Sword (DOS - 1985),3.50,4
Cacoma Knight in Bizyland (SNES - 1992),0.00,0
Cadash (Genesis - 1992),5.00,1
"Cadaver (DOS, Amiga, Atari ST - 1991)",4.65,14
Cal II (PC-98 - 1991),5.00,1
"Camelot Warriors (Amstrad CPC, C64 - 1986)",5.00,2
Caramel Quest: Meitenkyō no Megami Zō (PC-98 - 1991),5.00,1
Castle (C64 - 1993),4.00,4
Castle Adventure (DOS - 1984),3.90,10
"Castle Blackstar (Amstrad CPC, C64 - 1984)",0.00,0
Castle Elsinore (DOS - 1992),3.00,2
Castle Kingdoms (Amiga - 1997),0.00,0
"Castle Master (DOS, Amiga, Amstrad CPC, Atari ST, C64 - 1990)",4.82,17
"Castle Master + Castle Master II: The Crypt (Amiga, Amstrad CPC, C64 - 1990)",4.00,2
Castle Master 2: The Crypt (DOS - 1990),4.30,10
Castle of Deceit (NES - 1990),5.00,1
Castle of Dragon (NES - 1990),5.00,2
Castle of Skull Lord (C64 - 1984),0.00,0
Castle of Terror (C64 - 1985),0.00,0
Castle of the Winds (Windows 3.x - 1993),4.75,145
"Castle Quest (Game Boy, NES - 1993)",0.00,0
"Castle Warrior (Amiga, Atari ST - 1989)",4.00,1
"Castlequest (NES, PC-88 - 1986)",5.00,1
"Castles (DOS, Amiga, Atari ST - 1991)",4.53,38
"Castles II: Siege & Conquest (DOS, Amiga, Mac - 1992)",4.45,94
"Castlevania (DOS, Amiga, C64, NES - 1990)",4.48,21
Castlevania Bloodlines (Genesis - 1994),0.00,0
Castlevania II: Belmont's Revenge (Game Boy - 1991),5.00,1
Castlevania II: Simon's Quest (NES - 1987),4.40,5
Castlevania III: Dracula's Curse (NES - 1989),5.00,3
Castlevania Legends (Game Boy - 1997),5.00,1
Castlevania: Dracula X (SNES - 1995),0.00,0
Castlevania: The Adventure (Game Boy - 1989),4.00,1
Catacomb (DOS - 1990),4.87,16
Catacomb 3-D (DOS - 1991),4.15,40
Catacomb II (DOS - 1991),5.00,11
Catacombs (C64 - 1984),2.33,3
"Cauldron (Amstrad CPC, C64 - 1985)",5.00,2
"Cauldron II: The Pumpkin Strikes Back (Amstrad CPC, C64 - 1986)",4.00,2
Cave Noire (Game Boy - 1991),0.00,0
Cave of the Word Wizard (C64 - 1983),3.00,2
Cavequest (DOS - 1985),3.33,3
Caverns of Chaos (DOS - 1992),2.00,3
Caverns of Zoarre (DOS - 1984),3.00,2
Cedric and the Lost Sceptre (Amiga - 1995),0.00,0
Celtic Legends (Amiga - 1991),5.00,7
Celtic Tales: Balor of the Evil Eye (DOS - 1995),4.31,42
"Champions of Krynn (DOS, Amiga, Apple II, C64 - 1990)",4.64,22
Chaos Angels (PC-98 - 1989),4.50,2
Chaos Seed: Fūsui Kairōki (SNES - 1996),0.00,0
Chaos World (NES - 1991),0.00,0
"Chariots of Wrath (Amiga, Atari ST - 1989)",5.00,1
"Chester Field: Ankoku Shin e no Chōsen (C64, NES - 1988)",4.00,1
Chesterland Adventure (DOS - 1995),1.38,4
Chivalry (Apple II - 1983),4.00,1
"Christine (PC-88, PC-98 - 1986)",1.00,1
Chronicles of the Sword (DOS - 1996),0.00,0
Chrono Trigger (SNES - 1995),5.00,1
Cobra's Arc (Amstrad CPC - 1986),0.00,0
Color Dark Castle (Mac - 1994),5.00,1
"Colossal Adventure (Atari 8-bit, C64 - 1983)",0.00,0
"Con-Quest (Amstrad CPC, C64 - 1986)",0.00,0
"Conan: Hall of Volta (Atari 8-bit, C64 - 1984)",3.67,3
"Conan: The Cimmerian (DOS, Amiga - 1991)",4.67,9
Conquered Kingdoms (DOS - 1992),4.20,15
Conqueror: A.D. 1086 (DOS - 1995),4.41,22
Conquestador (Amstrad CPC - 1986),5.00,1
"Conquestador: Szenario Generator (Amiga, C64 - 1992)",0.00,0
"Conquests of Camelot: The Search for the Grail (DOS, Amiga, Atari ST - 1990)",4.41,41
"Conquests of the Longbow: The Legend of Robin Hood (DOS, Amiga - 1991)",4.74,74
Continental (PC-98 - 1992),5.00,1
Corya the Warrior-Sage (C64 - 1992),0.00,0
"Count Duckula 2 Featuring Tremendous Terence (Amiga, Amstrad CPC, Atari ST, C64 - 1992)",5.00,1
"Count Duckula in No Sax Please - We're Egyptian (Amiga, Amstrad CPC, C64 - 1990)",5.00,2
Cracks of Fire (C64 - 1983),0.00,0
Crimson (PC-88 - 1987),5.00,3
Crimson II (PC-88 - 1989),5.00,1
Crimson III (PC-88 - 1990),0.00,0
Crusade (DOS - 1995),4.40,15
Crusader of Centy (Genesis - 1994),0.00,0
Crusader: Adventure Out of Time (Mac - 1997),5.00,4
Crypts of Terror (Atari 8-bit - 1981),0.00,0
Crystal Beans From Dungeon Explorer (SNES - 1995),0.00,0
Crystal Chaser: Tenkū no Masuishō (PC-98 - 1991),0.00,0
Crystal Dragon (Amiga - 1994),5.00,1
Crystal Rinal (PC-98 - 1994),0.00,0
Crystal Warriors (Game Gear - 1991),0.00,0
Crystal's Pony Tale (Genesis - 1994),5.00,1
Crystalis (NES - 1990),5.00,2
Cuntlet II (DOS - 1991),3.33,3
"Curse of Babylon (C64, PC-88 - 1990)",0.00,0
Curse of Dragor (Mac - 1995),5.00,1
"Curse of Enchantia (DOS, Amiga - 1992)",3.83,23
"Curse of the Azure Bonds (DOS, Amiga, Mac, Apple II, C64, PC-98 - 1989)",4.43,35
Curse of the Catacombs (DOS - 1993),4.67,6
D'ark Gaiden (PC-98 - 1993),0.00,0
Daemonsgate (DOS - 1993),3.40,5
Dahna: Megami Tanjō (Genesis - 1991),0.00,0
Daikaijū Monogatari (SNES - 1994),0.00,0
Dalk (PC-98 - 1992),0.00,0
Damsel in Distress (C64 - 1983),0.00,0
Dancing Monster (C64 - 1983),0.00,0
"Dandy (Amstrad CPC, C64 - 1986)",0.00,0
Dandy (Atari 8-bit - 1983),0.00,0
Dante's Inferno (C64 - 1986),5.00,2
Daraku no Kuni no Angie: Kyōkai no Mesudoreitachi (PC-98 - 1996),0.00,0
Darby the Dragon (Mac - 1996),4.75,8
"Dark Castle (DOS, Amiga, Mac, Apple IIgs, Atari ST, C64, Genesis - 1987)",4.73,29
Dark Designs I: Grelminar's Staff (DOS - 1991),4.00,1
Dark Designs II: Closing the Gate (DOS - 1991),3.50,2
Dark Disciples (Windows - 2004),5.00,8
Dark Disciples 2 (Windows - 2009),4.60,15
Dark Dungeons (C64 - 1983),0.00,0
Dark Forest (Apple II - 1981),4.00,1
Dark Half (SNES - 1996),4.00,1
Dark Kingdom (SNES - 1994),0.00,0
Dark Law: Meaning of Death (SNES - 1997),0.00,0
Dark Legions (DOS - 1994),4.36,14
Dark Mist: The Wizard Vanishes (Mac - 2001),4.00,1
Dark Sceptre (Amstrad CPC - 1988),0.00,0
Dark Seraphim (PC-98 - 1995),0.00,0
Dark Sun: Shattered Lands (DOS - 1993),4.51,67
Dark Sun: Wake of the Ravager (DOS - 1994),4.66,33
"Dark Vengeance (Windows, Mac - 1999)",4.60,5
Dark Woods 2 (DOS - 2002),0.00,0
Darkhorn: Realm of the Warlords (C64 - 1985),5.00,1
Darklands (DOS - 1992),4.52,95
Darkmere (Amiga - 1994),5.00,1
Darkness Hour (Atari 8-bit - 1992),0.00,0
DarkSpyre (DOS - 1990),4.60,10
Darkstone (Windows - 1999),4.77,22
"Das Stundenglas (DOS, Amiga - 1990)",4.50,2
Dawn Treader (C64 - 1984),4.00,1
Day Dreamin' Davey (NES - 1992),0.00,0
De. FaNa (PC-98 - 1995),5.00,1
Dead Force (PC-98 - 1994),0.00,0
"Deadly Evil (Amstrad CPC, C64 - 1990)",5.00,1
Deadly Towers (NES - 1986),0.00,0
"Death Bringer (DOS, Amiga, C64 - 1989)",4.75,8
Death Gate (DOS - 1994),4.67,15
"Death Knights of Krynn (DOS, Amiga, C64 - 1991)",4.13,16
Death or Glory: Das Erbe von Morgan (Amiga - 1994),5.00,2
Death Stalker (Amstrad CPC - 1989),0.00,0
"Death Sword (DOS, Amiga, Apple II, Atari 8-bit, Atari ST, C64 - 1988)",4.56,16
"Death Trap (Amiga, Atari ST - 1990)",0.00,0
"Deathlord (Apple II, C64 - 1987)",5.00,1
Deep Dungeon III: Yūshi e no Tabi (NES - 1988),0.00,0
Deep Dungeon IV: Kuro no Yōjutsushi (NES - 1990),0.00,0
Defenders of Oasis (Game Gear - 1992),0.00,0
Delicious Lunch Pack (PC-98 - 1996),0.00,0
"Deliverance: Stormlord II (Amiga, Mac, Amstrad CPC, Atari ST, C64 - 1992)",4.80,5
"Demon Blue (DOS, Amiga, C64 - 1992)",3.72,7
Demon City (PC-98 - 1993),5.00,3
Demon from the Darkside (C64 - 1988),3.00,1
"Demon Knight (C64, Dragon 32/64 - 1983)",0.00,0
Demon's Crest (SNES - 1994),5.00,1
"Demon's Winter (DOS, Amiga, Apple II, C64 - 1989)",4.20,10
Demons Kiss (C64 - 1990),4.67,3
Dengeki Division (PC-98 - 1993),4.00,1
Der Langrisser (SNES - 1995),5.00,1
Deranged Wizard's Castle (DOS - 2005),1.00,2
Descent to Undermountain (DOS - 1998),3.30,10
Desperabis (DOS - 2000),5.00,2
Devil's Crown (Amstrad CPC - 1985),2.00,1
Devil's Crush (Genesis - 1991),0.00,0
"Devilish (Game Gear, Genesis - 1991)",0.00,0
Dharma Dōjō (SNES - 1995),0.00,0
"Diablo (Windows, Mac - 1996)",4.39,364
Die Prüfung (C64 - 1993),0.00,0
Digger T. Rock: Legend of the Lost City (NES - 1990),0.00,0
Dink SmallWood (Windows - 1998),4.91,11
Dinosaur (PC-88 - 1990),5.00,1
Dirty Den (Commodore 16 - 1986),5.00,1
"Disciples of Steel (DOS, Atari ST - 1994)",4.33,9
Discworld (DOS - 1995),4.33,45
Discworld II: Mortality Bytes! (DOS - 1996),4.70,13
Disney's Beauty and the Beast (SNES - 1994),0.00,0
Disney's Hercules (Windows - 1997),4.50,103
Disney's Mulan (Game Boy - 1998),0.00,0
Disney's Story Studio: Disney's Mulan (Windows - 1998),0.00,0
DND (DOS - 1984),4.27,11
Doman: Grzechy Ardana (Amiga - 1995),4.00,3
Dominus (DOS - 1994),4.73,11
"Doomdark's Revenge (Amstrad CPC, C64 - 1986)",4.71,7
DoraDora Emotion: Seihaiden (PC-98 - 1995),0.00,0
Doraemon: Nobita to Yōsei no Kuni (SNES - 1993),0.00,0
Doriath (C64 - 1985),5.00,3
Dossun! Ganseki Battle (SNES - 1994),0.00,0
Double Moon Densetsu (NES - 1992),0.00,0
Dr. Franken II (Game Boy - 1997),0.00,0
"Drachen von Laas (DOS, Amiga, Atari ST - 1991)",5.00,1
"Draconus (Atari 8-bit, C64 - 1988)",4.50,2
"Dracula (Amstrad CPC, C64 - 1986)",4.67,3
Dracula Hakushaku (PC-98 - 1992),5.00,4
Dracula: Crazy Vampire (Game Boy Color - 2001),0.00,0
Draggy and Croco (Amiga - 1995),0.00,0
"Dragon Breed (Amiga, Amstrad CPC, Atari ST, C64 - 1990)",0.00,0
Dragon Buster II: Yami no Fūin (NES - 1989),0.00,0
Dragon Crystal (Game Gear - 1990),5.00,1
Dragon Dance (Game Boy Color - 1998),0.00,0
Dragon Fighter (Amiga - 1991),5.00,1
Dragon Fighter (NES - 1990),5.00,1
Dragon Half (PC-98 - 1993),5.00,2
Dragon History (DOS - 1995),4.73,12
"Dragon Knight (PC-88, PC-98 - 1989)",4.50,6
"Dragon Knight 4 (PC-98, SNES - 1994)",4.57,7
"Dragon Knight II (PC-88, PC-98 - 1990)",4.00,2
"Dragon Lord (DOS, Amiga - 1990)",4.28,22
Dragon Lore: The Legend Begins (DOS - 1994),3.96,22
Dragon Master Silk II (PC-98 - 1995),4.40,5
Dragon Pink: The Zero Castle (PC-98 - 1992),5.00,1
Dragon Quest I & II (SNES - 1993),4.00,1
Dragon Quest V: Tenkū no Hanayome (SNES - 1992),0.00,0
Dragon Quest VI: Maboroshi no Daichi (SNES - 1995),4.00,1
Dragon Scape (Amiga - 1989),0.00,0
"Dragon Slayer (Game Boy, PC-88 - 1990)",5.00,1
Dragon Slayer Gaiden (Game Boy - 1992),0.00,0
"Dragon Slayer: The Legend of Heroes (Genesis, PC-88, SNES - 1994)",5.00,1
"Dragon Slayer: The Legend of Heroes II (Genesis, PC-88, SNES - 1995)",0.00,0
"Dragon Spirit (DOS, Amiga, Amstrad CPC, Atari ST, C64, NES - 1991)",4.78,9
Dragon View (SNES - 1994),5.00,1
Dragon Warrior (NES - 1986),5.00,2
Dragon Warrior II (NES - 1987),0.00,0
"Dragon Warrior III (NES, SNES - 1988)",0.00,0
Dragon Warrior IV (NES - 1990),5.00,1
"Dragon Wars (DOS, Amiga, Apple II, C64, NES - 1990)",4.50,18
"Dragon's Eye (Apple II, Atari 8-bit - 1981)",0.00,0
Dragon's Eye Plus Shanghai III (Genesis - 1991),0.00,0
Dragon's Kingdom (C64 - 1990),4.00,2
"Dragon's Lair (DOS, Amiga, Mac - 1989)",3.84,31
Dragon's Lair (Mac - 1994),5.00,1
"Dragon's Lair (Amstrad CPC, C64 - 1986)",3.00,1
Dragon's Lair (SNES - 1992),5.00,1
Dragon's Lair 3D: Return to the Lair (Windows - 2002),5.00,6
"Dragon's Lair II: Time Warp (DOS, Atari ST - 1990)",4.21,19
"Dragon's Lair III: The Curse of Mordread (DOS, Amiga, Mac, Atari ST - 1992)",4.27,11
"Dragon's Lair Part II: Escape from Singe's Castle (Amstrad CPC, C64 - 1987)",3.00,1
"Dragon's Lair: Escape from Singe's Castle (DOS, Amiga, Mac, Atari ST - 1991)",4.18,11
Dragon's Lair: The Legend (Game Boy - 1991),0.00,0
Dragon's Revenge (Genesis - 1993),0.00,0
"Dragonfire (ColecoVision, C64, VIC-20 - 1984)",2.00,1
"Dragonflight (DOS, Amiga, Atari ST - 1991)",3.00,2
DragonHawk (C64 - 1984),0.00,0
Dragonheart (Game Boy - 1996),0.00,0
Dragonriders of Pern (DOS - 1987),4.67,3
"Dragonriders of Pern (Atari 8-bit, C64 - 1983)",3.67,3
"Dragons of Flame (DOS, Amiga, Amstrad CPC, Atari ST, C64, NES - 1989)",3.00,9
DragonsDen (C64 - 1983),0.00,0
Dragonskulle (C64 - 1986),0.00,0
Dragonsphere (DOS - 1994),4.06,13
Dragonstone (Amiga - 1994),5.00,1
"DragonStrike (DOS, Amiga, C64, PC-98 - 1990)",4.96,25
Dragontorc (Amstrad CPC - 1985),5.00,1
"Dragonworld (DOS, Apple II, C64 - 1984)",4.00,8
"Dragoon Armor for Adult (PC-88, PC-98 - 1989)",0.00,0
Drakan: Order of the Flame (Windows - 1999),4.50,12
"Drakkhen (DOS, Amiga, Atari ST, SNES - 1990)",4.25,8
Dratewka the Shoemaker (Atari 8-bit - 2008),0.00,0
Dream TV (SNES - 1992),0.00,0
"Droga do Duplandu (Atari 8-bit, C64 - 1993)",3.00,5
"Druid (Amstrad CPC, Atari 8-bit, C64 - 1986)",5.00,1
Druid: Daemons of the Mind (DOS - 1995),4.44,9
Dual Orb: Seirei Tama Densetsu (SNES - 1993),0.00,0
Duel (PC-88 - 1989),0.00,0
"Duel Master: Blood Valley (Amstrad CPC, C64 - 1987)",5.00,1
Dun Darach (Amstrad CPC - 1985),0.00,0
"Dungeon (DOS, Amiga, Atari ST - 1987)",4.50,3
Dungeon (PC-88 - 1983),0.00,0
"Dungeon Adventure (Amstrad CPC, C64 - 1984)",5.00,1
Dungeon Explorer (DOS - 1990),5.00,6
Dungeon Hack (DOS - 1993),4.27,52
Dungeon Magic: Sword of the Elements (NES - 1989),1.00,1
"Dungeon Master (DOS, Amiga, Apple IIgs, Atari ST, PC-98, SNES - 1992)",4.67,52
"Dungeon Master II: Skullkeep (DOS, Amiga, Mac - 1995)",4.62,47
Dungeon Quest (DOS - 1985),4.20,5
Dungeon Quest (Amiga - 1989),0.00,0
Dungeon Siege (Mac - 2003),4.26,19
Dungeons & Dragons: Warriors of the Eternal Sun (Genesis - 1992),4.50,4
Dungeons of Kairn (DOS - 1989),5.00,3
"Dungeons, Amethysts, Alchemists 'n' Everythin' (Amstrad CPC - 1987)",0.00,0
Dunjonquest: Hellfire Warrior (Atari 8-bit - 1982),0.00,0
Dunjonquest: Morloc's Tower (Atari 8-bit - 1980),0.00,0
"Dunjonquest: Temple of Apshai (DOS, Apple II, Atari 8-bit, C64, VIC-20 - 1982)",3.57,7
Dunjonquest: The Datestones of Ryn (Atari 8-bit - 1981),0.00,0
"Dunzhin (Atari 8-bit, C64 - 1983)",0.00,0
Dusk of the Gods (DOS - 1991),4.57,7
Dwie Wieże (Atari 8-bit - 1993),0.00,0
Eamon (DOS - 1988),3.67,3
Earnest Evans (Genesis - 1992),0.00,0
EarthBound (SNES - 1994),5.00,1
"Ečstatica (DOS, Windows - 1994)",4.59,22
Ecstatica II (DOS - 1997),4.33,3
"El Capitán Trueno (DOS, Amstrad CPC - 1990)",5.00,4
El Cid (Amstrad CPC - 1987),0.00,0
Elemental Ō (PC-98 - 1994),0.00,0
"Elf (DOS, Amiga, Atari ST - 1992)",4.70,10
Elf (Amiga - 1988),0.00,0
ElfLand (DOS - 1992),4.57,7
Elfmania (Amiga - 1994),0.00,0
"Elidon (Amstrad CPC, C64 - 1985)",5.00,1
Elven Warrior (C64 - 1989),5.00,1
"Elvira (DOS, Amiga, Atari ST, C64, PC-98 - 1990)",4.65,37
"Elvira II: The Jaws of Cerberus (DOS, Amiga, Atari ST, C64 - 1991)",4.19,31
Emerald Densetsu (PC-88 - 1990),0.00,0
"Emerald Dragon (PC-88, PC-98 - 1989)",5.00,2
Emerald Dragon (SNES - 1995),1.00,1
"Emerald Isle (Amstrad CPC, Atari 8-bit, C64 - 1985)",4.00,1
Empire of Karn (C64 - 1985),4.00,2
"Empire of the Over-Mind (Apple II, Atari 8-bit - 1981)",0.00,0
"Enchanted Land (Amiga, Atari ST - 1990)",0.00,0
Enchanted Scepters (Mac - 1984),5.00,2
"Enchanter (DOS, Amiga, Amstrad CPC, Apple II, Atari 8-bit, Atari ST, C64 - 1983)",4.00,10
Enchanter: Wakaki Madōshi no Shiren (PC-98 - 1993),0.00,0
Engage Errands II: Hikari o Ninau Mono (PC-98 - 1995),0.00,0
Engage Errands: Miwaku no Shitotachi (PC-98 - 1993),0.00,0
"Enlightenment (Amiga, Amstrad CPC, C64 - 1988)",5.00,1
Equinox (SNES - 1993),5.00,1
Escape from Monster Castle (DOS - 1993),0.00,0
Esper Dream 2: Arata naru Tatakai (NES - 1992),0.00,0
Estra (C64 - 1985),0.00,0
Etemible: Tenjō Mukyū (PC-98 - 1995),0.00,0
Evets: The Ultimate Adventure (DOS - 1988),2.40,5
Excalibur (Atari 8-bit - 1983),0.00,0
"Exile (Genesis, PC-98 - 1991)",0.00,0
"Exodus: Ultima III (DOS, Amiga, Atari 8-bit, Atari ST, C64, NES, PC-88 - 1985)",4.46,35
"Eye of the Beholder (DOS, Amiga, SNES - 1991)",4.54,62
"Eye of the Beholder II: The Legend of Darkmoon (DOS, Amiga - 1991)",4.53,46
"Eye of the Beholder III: Assault on Myth Drannor (DOS, PC-98 - 1993)",4.34,29
Faerie (C64 - 1985),0.00,0
Fairlight II (Amstrad CPC - 1988),0.00,0
Fallthru (DOS - 1990),1.00,1
Fame Quest (C64 - 1984),0.00,0
Fantasian (PC-88 - 1985),5.00,1
Fantasy Empires (DOS - 1993),4.64,25
Fantasy Flyer (Amiga - 1994),5.00,1
Fantasy General (DOS - 1996),4.53,45
"Fantasy World Dizzy (DOS, Amiga, Amstrad CPC, Atari ST, C64 - 1991)",4.25,12
Fanwor: The Legend of Gemda (Atari ST - 1999),0.00,0
Farland Story (SNES - 1995),0.00,0
Farland Story 2 (SNES - 1995),0.00,0
Farland Story: Daichi no Kizuna (PC-98 - 1995),0.00,0
Farland Story: Shirogane no Tsubasa (PC-98 - 1994),0.00,0
Farland Story: Tenshi no Namida (PC-98 - 1994),0.00,0
Fatal Labyrinth (Genesis - 1990),0.00,0
"Fate: Gates of Dawn (Amiga, Atari ST - 1991)",5.00,1
Fates of Twinion (DOS - 1993),4.14,7
Faustus (DOS - 1995),4.50,2
Faxanadu (NES - 1987),4.00,2
Fengshen Yingjiezhuan (Genesis - 1996),0.00,0
Fengshenbang (NES - 1995),0.00,0
"Feud (DOS, Amiga, Amstrad CPC, Atari 8-bit, C64 - 1988)",4.86,7
"Feudal Lords (Amiga, Atari ST - 1991)",4.00,3
Final Fantasy (NES - 1987),4.25,4
Final Fantasy Adventure (Game Boy - 1991),4.00,1
Final Fantasy II (NES - 1988),5.00,1
Final Fantasy II (SNES - 1991),0.00,0
Final Fantasy III (NES - 1990),5.00,4
Final Fantasy III (SNES - 1994),5.00,1
Final Fantasy Legend II (Game Boy - 1990),0.00,0
Final Fantasy Legend III (Game Boy - 1991),4.67,3
Final Fantasy V (SNES - 1992),5.00,1
Final Fantasy VII (NES - 2005),3.00,2
Final Fantasy: Mystic Quest (SNES - 1992),0.00,0
"Finders Keepers (Amstrad CPC, Commodore 16, C64 - 1985)",4.00,1
Fire Emblem Gaiden (NES - 1992),4.67,3
Fire Emblem: Ankoku Ryū to Hikari no Tsurugi (NES - 1990),4.80,5
Fire Emblem: Monshō no Nazo (SNES - 1994),5.00,2
Fire Emblem: Seisen no Keifu (SNES - 1996),4.20,5
Fire Emblem: Thracia 776 (SNES - 1999),5.00,3
"Fire King (DOS, C64 - 1990)",4.50,8
"Firelord (Amstrad CPC, C64 - 1986)",4.33,3
Firestriker (SNES - 1993),0.00,0
First Queen: Ornic Senki (SNES - 1994),0.00,0
"First Samurai (DOS, Amiga, Atari ST, C64, SNES - 1992)",4.61,13
Fist of the North Star: 10 Big Brawls for the King of the Universe! (Game Boy - 1989),0.00,0
"Flimbo's Quest (Amiga, Amstrad CPC, Atari ST, C64 - 1990)",4.25,4
"Flink (Amiga CD32, Genesis - 1995)",5.00,1
Foreigner (PC-98 - 1991),0.00,0
Forestland (C64 - 1983),0.00,0
"Fortress of the Witch King (Apple II, C64 - 1983)",5.00,2
Fracas (Apple II - 1980),0.00,0
"Frankenstein Jnr. (Amstrad CPC, C64 - 1990)",0.00,0
"Fred (Amiga, Atari ST - 1990)",5.00,1
Free Siege (Windows 3.x - 1992),3.33,3
"Future Knight (Amstrad CPC, Commodore 16, C64 - 1986)",3.00,1
Gain Ground (Genesis - 1991),4.00,1
Gallahad (Atari 8-bit - 1992),0.00,0
Games That Didn't Make It (Mac - 1999),5.00,1
Ganbare Goemon 2 (NES - 1989),1.00,1
Ganbare Goemon! Karakuri Dōchū (NES - 1986),3.00,1
Gandalf the Sorcerer (C64 - 1984),4.00,2
Gandhara: Buddha no Seisen (PC-88 - 1987),0.00,0
Gargoyle's Quest (Game Boy - 1990),5.00,2
Gargoyle's Quest II (NES - 1992),0.00,0
Gargoyles (Genesis - 1995),0.00,0
"Garrison (Amiga, C64 - 1987)",4.50,2
Garrison II: The Legend Continues (Amiga - 1987),4.00,1
"Gateway to Apshai (Atari 8-bit, ColecoVision, C64 - 1983)",3.00,1
"Gateway to the Savage Frontier (DOS, Amiga, C64 - 1991)",4.57,14
"Gauntlet (DOS, Mac, Amstrad CPC, Apple II, Apple IIgs, Atari 8-bit, Atari ST, C64 - 1988)",4.91,23
Gauntlet (NES - 1987),0.00,0
"Gauntlet II (DOS, Amiga, Amstrad CPC, Atari ST, C64, Game Boy, NES - 1989)",4.68,19
"Gauntlet III: The Final Quest (Amiga, Amstrad CPC, Atari ST, C64 - 1991)",5.00,3
Gauntlet IV (Genesis - 1993),0.00,0
"Gem Stone Legend (Amiga, Atari ST - 1990)",0.00,0
"Gemfire (DOS, Genesis, NES, PC-88, SNES - 1992)",4.69,13
"Gemstone Healer (Apple II, C64 - 1986)",0.00,0
"Gemstone Warrior (Mac, Apple II, Atari 8-bit, C64, PC-88 - 1986)",3.00,2
Get Medieval (Windows - 1998),4.67,18
Ghost Town (Commodore 16 - 1985),0.00,0
"Ghostbusters II (Amiga, Amstrad CPC, Atari ST, C64 - 1989)",5.00,1
"Ghosts 'n Goblins (DOS, Amiga, Amstrad CPC, Atari ST, C64, NES - 1987)",4.44,50
Gladiator (DOS - 1995),4.40,10
Gladiator (Amstrad CPC - 1991),0.00,0
"Gnome Ranger (DOS, Amiga, Amstrad CPC, Atari 8-bit, C64 - 1987)",4.78,9
Go Go Ackman (SNES - 1994),0.00,0
Go Go Ackman 2 (SNES - 1995),0.00,0
Go Go Ackman 3 (SNES - 1995),0.00,0
Goblin Towers (C64 - 1983),0.00,0
God of Thunder (DOS - 1993),4.89,9
"Gods (DOS, Amiga, Atari ST, Genesis, SNES - 1992)",4.42,52
Gods & Heroes (C64 - 1986),4.00,2
Gogo the Ghost (C64 - 1984),5.00,1
"Gold of the Realm (Amiga, Atari ST - 1988)",5.00,1
"Golden Axe (DOS, Amiga, Amstrad CPC, Atari ST, C64, Genesis - 1990)",4.70,40
Golden Axe II (Genesis - 1991),5.00,3
Golden Axe III (Genesis - 1993),5.00,2
"Gothik (Amstrad CPC, C64 - 1988)",5.00,1
Gothmog's Lair (C64 - 1983),0.00,0
Gourmet Sentai: Bara Yarou (SNES - 1995),0.00,0
Grailquest (DOS - 1989),5.00,2
"Grand Monster Slam (DOS, Amiga, C64 - 1989)",4.50,12
Great Greed (Game Boy - 1992),5.00,1
"Greyfell: Legend of Norman (Amstrad CPC, C64 - 1987)",5.00,1
Groovy Garden (C64 - 1985),0.00,0
Guernica (PC-98 - 1996),0.00,0
"Guilermo Tell (DOS, Amstrad CPC - 1989)",0.00,0
Gutter (Amstrad CPC - 1985),0.00,0
"Gwendolyn: Pursuit of a Princess (Atari 8-bit, C64 - 1983)",0.00,0
"Hack (DOS, Atari ST - 1984)",4.17,6
Hägar The Horrible (C64 - 1992),5.00,1
Halls of Death (C64 - 1983),0.00,0
"Halls of the Things (Amstrad CPC, C64 - 1985)",0.00,0
Hammer of the Gods (DOS - 1994),4.50,20
Hanjuku Hero (NES - 1988),0.00,0
Haō Taikei Ryū Knight: Lord of Paladin (SNES - 1994),0.00,0
Harlem Blade: The Greatest of All Time (PC-98 - 1996),4.00,2
Harry Potter and the Chamber of Secrets (Game Boy Color - 2002),0.00,0
Heart of the Dragon (Amiga - 1990),0.00,0
Heathkit DND (DOS - 1985),2.67,3
Heaven's Dawn (DOS - 1995),4.64,12
Heavy on the Magick (Amstrad CPC - 1986),0.00,0
"Heimdall (DOS, Amiga, Atari ST - 1992)",4.69,16
"Heimdall 2: Into the Hall of Worlds (DOS, Amiga - 1994)",4.43,14
"Heirs to The Throne (DOS, Amiga - 1994)",4.33,6
Heisei Shin Onigashima: Kōhen (SNES - 1997),0.00,0
Heisei Shin Onigashima: Zenpen (SNES - 1997),0.00,0
Hell Fire! (DOS - 1989),5.00,1
"Hellowoon: Das Geheimnis des Zauberstabs (Amiga, Atari ST, C64 - 1987)",0.00,0
Herakles no Eikō: Tōjin Makyō Den (NES - 1987),0.00,0
Herakles no Eikō: Ugokidashita Kamigami (Game Boy - 1992),0.00,0
Herakles: The Early Trials (C64 - 1987),3.00,1
"Hercules (Atari ST, C64 - 1990)",2.50,2
"Hercules: Slayer of the Damned! (Amstrad CPC, C64 - 1988)",4.00,2
Heretic (DOS - 1994),4.51,257
"Heretic II (Windows, Mac - 1998)",4.61,92
Hero (DOS - 1999),4.89,9
"Hero's Quest: So You Want To Be A Hero (DOS, Amiga, Atari ST - 1989)",4.54,54
"Heroes of Karn (Amstrad CPC, C64 - 1984)",4.00,1
"Heroes of Might and Magic (DOS, Mac - 1995)",4.41,105
Heroes of Might and Magic II: The Succession Wars (Mac - 1997),4.47,47
Heroes of Might and Magic III: Complete - Collector's Edition (Mac - 2000),4.31,417
Heroes of Might and Magic III: The Restoration of Erathia (Linux - 1999),0.00,0
Heroes of Might and Magic IV (Mac - 2002),4.23,60
"Heroes of the Lance (DOS, Amiga, Amstrad CPC, Atari ST, C64, PC-88 - 1989)",4.33,6
"HeroQuest (DOS, Amiga, C64 - 1991)",4.63,27
HeroQuest II: Legacy of Sorasil (Amiga - 1994),5.00,5
Hex (Amiga - 1986),3.00,2
"Hexen II (Windows, Mac - 1997)",4.63,35
Hexen: Beyond Heretic (DOS - 1995),4.61,229
Hexx: Heresy of the Wizard (DOS - 1994),4.42,31
Hezarin (DOS - 1990),0.00,0
"Hi-Res Adventure #2: The Wizard and the Princess (DOS, Atari 8-bit, C64, PC-88 - 1982)",3.64,11
"Hi-Res Adventure #4: Ulysses and the Golden Fleece (DOS, Apple II, Atari 8-bit, C64, PC-88 - 1982)",3.17,6
"Hi-Res Adventure #6: The Dark Crystal (Apple II, Atari 8-bit, PC-88 - 1983)",0.00,0
Higemaru Makaijima: Nanatsu no Shima Daibōken (NES - 1987),0.00,0
"Hillsfar (DOS, Amiga, Atari ST, C64, NES - 1989)",3.82,11
Hobbit: The True Story (DOS - 1993),3.14,7
"Hobgoblin (Amstrad CPC, C64 - 1991)",4.50,2
Hocus Pocus (DOS - 1994),4.63,128
Hogbear (DOS - 1989),3.00,2
Holy Diver (NES - 1989),0.00,0
"Hook (C64, Game Boy, NES - 1992)",5.00,2
"Hunchback (DOS, Amstrad CPC, C64, Dragon 32/64, VIC-20 - 1988)",4.67,3
Hunchback at the Olympics (C64 - 1985),0.00,0
"Hunchback II: Quasimodo's Revenge (Amstrad CPC, C64 - 1985)",5.00,1
"Hunchback: the Adventure (Amstrad CPC, C64 - 1986)",0.00,0
Hunchy (C64 - 1986),5.00,1
Hundra (Amstrad CPC - 1988),5.00,1
"Hydlide (NES, PC-88 - 1986)",5.00,1
Hydlide II: Shine of Darkness (PC-88 - 1985),0.00,0
Hype: The Time Quest (Windows - 1999),4.86,7
"I, Damiano: The Wizard of Partestrada (DOS - 1985)",5.00,4
I.M. Meen (DOS - 1995),4.67,33
Ice Palace (C64 - 1985),4.00,1
Illusion of Gaia (SNES - 1993),4.00,1
"Imagination (Amstrad CPC, C64, ZX Spectrum - 1987)",0.00,0
Imagine (Atari 8-bit - 1992),0.00,0
Imhotep (C64 - 1985),3.00,1
Incantation (SNES - 1996),0.00,0
Indenture (DOS - 1995),5.00,4
"Indiana Jones and The Fate of Atlantis (DOS, Amiga - 1992)",4.58,97
"Ingrid's Back! (DOS, Amiga, Amstrad CPC, Atari 8-bit, C64, ZX Spectrum - 1988)",5.00,3
"Inindo: Way of the Ninja (PC-88, SNES - 1991)",0.00,0
Inner Worlds (DOS - 1996),5.00,3
"Insector X (Genesis, NES - 1990)",0.00,0
"Iron Lord (DOS, Amiga, Amstrad CPC, Atari ST, C64, ZX Spectrum - 1990)",4.25,8
IronSword: Wizards & Warriors II (NES - 1989),4.00,1
"Ishar 2: Messengers of Doom (DOS, Amiga, Atari ST - 1993)",4.13,23
"Ishar 3: The Seven Gates of Infinity (DOS, Amiga, Atari ST - 1994)",4.27,26
"Ishar: Legend of the Fortress (DOS, Amiga, Atari ST - 1992)",5.00,4
İstanbul Efsaneleri: Lale Savaşçıları (Amiga - 1994),5.00,3
It's Magic (C64 - 1997),5.00,1
"Ivanhoe (Amiga, Atari ST - 1990)",5.00,1
J.R.R. Tolkien's Lord of the Rings: Volume One (SNES - 1994),0.00,0
J.R.R. Tolkien's Riders of Rohan (DOS - 1991),4.38,13
"J.R.R. Tolkien's The Lord of the Rings, Vol. I (DOS, Amiga - 1990)",4.05,21
"J.R.R. Tolkien's The Lord of the Rings, Vol. II: The Two Towers (DOS - 1992)",4.35,17
"J.R.R. Tolkien's War in Middle Earth (DOS, Amiga, Apple IIgs, Atari ST - 1989)",4.45,21
"J.R.R. Tolkien's War in Middle Earth (Amstrad CPC, C64 - 1989)",5.00,2
Jaki Crush (SNES - 1992),0.00,0
Jaktar: Der Elfenstein (Amiga - 1995),0.00,0
"Jason of the Argonauts (Amstrad CPC, C64 - 1990)",0.00,0
Jehard (PC-88 - 1987),5.00,1
Jewel Master (Genesis - 1991),0.00,0
"Jewels of Darkness (DOS, Amiga - 1987)",4.25,4
Jinn Genie: Arabia Mania (C64 - 1984),0.00,0
"Jinxter (DOS, Amiga, Mac, Amstrad CPC, Atari 8-bit, Atari ST, C64 - 1988)",5.00,3
"Journey: The Quest Begins (DOS, Amiga, Mac, Apple II - 1989)",5.00,5
"Juilliard Music Adventure (Windows 3.x, Mac - 1995)",5.00,2
Just Breed (NES - 1992),0.00,0
Jutei Senki (SNES - 1993),0.00,0
Juvei Quest (NES - 1991),5.00,1
Kaeru no tame ni Kane wa Naru (Game Boy - 1992),0.00,0
"Kaiv (Atari 8-bit, C64 - 1983)",0.00,0
Kajko i Kokosz (Amiga - 1994),3.50,2
Kargon (Amiga - 1996),0.00,0
"Keef the Thief: A Boy and His Lockpick (DOS, Amiga, Apple IIgs - 1989)",3.63,8
Ken to Mahō (PC-88 - 1983),0.00,0
"Kentilla (Amstrad CPC, C64 - 1986)",3.00,1
Kick Master (NES - 1992),0.00,0
Kid Dracula (Game Boy - 1993),3.00,1
"Killer Instinct (Game Boy, SNES - 1995)",5.00,2
King Arthur & the Knights of Justice (SNES - 1994),0.00,0
King Arthur's K.O.R.T (DOS - 1994),4.50,6
King Arthur's World (SNES - 1992),5.00,1
"King's Bounty (DOS, Amiga, Mac, Apple II, C64, Genesis - 1990)",4.44,34
"King's Knight (NES, PC-88 - 1986)",0.00,0
"King's Quest (DOS, Amiga, Mac, Apple II, Apple IIgs, Atari ST - 1987)",4.37,105
"King's Quest II: Romancing the Throne (DOS, Amiga, Mac, Apple II, Apple IIgs, Atari ST - 1987)",4.46,33
"King's Quest III: To Heir is Human (DOS, Amiga, Mac, Apple II, Apple IIgs, Atari ST - 1986)",4.31,51
"King's Quest IV: The Perils of Rosella (DOS, Amiga, Apple II, Apple IIgs, Atari ST - 1988)",4.14,75
King's Quest V (NES - 1992),5.00,1
"King's Quest V: Absence Makes the Heart Go Yonder! (DOS, Amiga, Mac - 1990)",4.50,65
"King's Quest VI: Heir Today, Gone Tomorrow (DOS, Amiga, Mac - 1992)",4.26,78
King's Quest: Mask of Eternity (DOS - 1998),4.29,47
King's Valley (DOS - 1985),4.86,7
Kingdom at War (DOS - 1995),4.60,10
Kingdom Crusade (Game Boy - 1992),4.00,1
Kingdom of Hamil (DOS - 1987),4.33,3
Kirby's Dream Land (Game Boy - 1992),4.24,82
Kishin Dōji Zenki (Game Gear - 1995),0.00,0
Kishin Dōji ZENKI: Battle Raiden (SNES - 1995),0.00,0
Kiteretsu Daihyakka (NES - 1990),0.00,0
Klątwa (C64 - 1993),4.00,2
"Knight Force (DOS, Amiga, Amstrad CPC, Atari ST - 1989)",3.67,3
"Knight Games (DOS, Amstrad CPC, C64 - 1988)",3.33,3
Knight Lore (Amstrad CPC - 1985),5.00,2
"Knight Orc (DOS, Amiga, Mac, Amstrad CPC, Atari 8-bit, C64 - 1987)",4.83,6
Knight Quest (Game Boy - 1991),0.00,0
"Knight Tyme (Amstrad CPC, C64 - 1986)",0.00,0
Knightmare (DOS - 1992),3.89,9
"Knightmare (Amstrad CPC, C64 - 1987)",5.00,1
"Knightmare (Amiga, Atari ST - 1991)",5.00,1
Knightmare II: The Maze of Galious (NES - 1987),5.00,1
"Knights of Legend (DOS, C64 - 1989)",4.50,32
Knights of the Crystallion (Amiga - 1990),5.00,1
Knights of the Round (SNES - 1994),0.00,0
Knights of Xentar (DOS - 1994),4.44,102
Knither: Demon Crystal II (PC-88 - 1987),0.00,0
"Kobyashi Naru (DOS, Amstrad CPC, C64 - 1987)",1.33,3
Kohan: Immortal Sovereigns (Linux - 2001),0.00,0
Kōryu Densetsu Villgust: Kieta Shōjo (SNES - 1992),0.00,0
Krieg um die Krone (C64 - 1989),4.00,1
"Kupiec (Atari 8-bit, C64 - 1993)",0.00,0
Kyatto Ninden Teyandee (NES - 1991),4.40,5
"La Abadía del Crimen (DOS, Amstrad CPC - 1987)",4.84,6
"La Aventura Original (DOS, Amstrad CPC, Atari ST, C64 - 1989)",4.50,4
"La Corona Mágica (DOS, Amstrad CPC, Atari ST - 1990)",3.00,1
"Labyrinth (Apple II, C64, PC-88 - 1986)",3.83,6
Labyrinth (NES - 1987),0.00,0
Labyrinth (Atari 8-bit - 1982),0.00,0
Labyrinth of the Creator (C64 - 1983),0.00,0
Lagoon (SNES - 1991),4.00,1
"Lancelot (DOS, Amiga, Mac, Amstrad CPC, Atari 8-bit, Atari ST, C64 - 1988)",4.44,9
Land of Tezrel (C64 - 1984),0.00,0
Land of the Purple Sea (C64 - 1992),0.00,0
Lands of Lore: The Throne of Chaos (DOS - 1993),4.56,69
"Langrisser II (Genesis, SNES - 1994)",5.00,2
Lapis Philosophorum: The Philosophers' Stone (C64 - 1985),0.00,0
Larn (DOS - 1986),4.14,7
Last Guardian 2: Yomi no Fūin (PC-98 - 1996),4.00,1
"Le Labyrinthe d'Errare (Amstrad CPC, Atari ST - 1989)",0.00,0
"Le labyrinthe d'Orthophus (DOS, Amstrad CPC, Atari ST - 1989)",4.00,1
"Le Labyrinthe de Morphintax (Amstrad CPC, Atari ST - 1991)",0.00,0
"Leander (Amiga, Atari ST, Genesis - 1991)",4.00,2
"Legacy of The Ancients (DOS, C64 - 1989)",4.22,9
Legacy of the Wizard (NES - 1987),0.00,0
Legend (SNES - 1993),0.00,0
"Legend of Djel (DOS, Amiga, Atari ST - 1989)",4.50,4
"Legend of Faerghail (DOS, Amiga, Atari ST - 1990)",4.20,10
Legend of Lothian (Amiga - 1991),1.00,1
Legend of the Red Dragon (DOS - 1992),4.17,12
Legend of the Red Dragon II: New World (DOS - 1992),3.17,6
"Legend of The Sword (DOS, Amiga, Atari ST - 1987)",4.00,9
Legends (Amiga - 1996),3.00,3
Legends of Murder II: Grey Haven (DOS - 1991),3.89,9
Legends of Murder: Volume 1 - Stonedale Castle (DOS - 1989),3.60,5
"Legends of Valour (DOS, Amiga, Atari ST - 1992)",4.38,8
Legion (Amiga - 1996),3.75,4
"Les Portes du Temps (DOS, Amiga, Atari ST - 1989)",1.00,1
Leygref's Castle (DOS - 1986),3.00,4
Light Crusader (Genesis - 1995),5.00,1
Lionheart (Amiga - 1992),4.40,5
Litil Divil (DOS - 1993),3.94,16
Little Icarus (C64 - 1983),0.00,0
Little Magic (SNES - 1993),0.00,0
Little Ninja Brothers (NES - 1989),5.00,1
"Little Puff in Dragonland (Amiga, Amstrad CPC, Atari ST, C64 - 1989)",1.00,1
Little Red Hood (NES - 1989),0.00,0
Little Samson (NES - 1992),0.00,0
Live a Live (SNES - 1994),5.00,2
Living Ball (Amiga - 1994),3.00,2
Lizard (PC-88 - 1984),0.00,0
Lodoss-Tō Senki: Fukujinzuke (PC-98 - 1989),0.00,0
"Lone Wolf: The Mirror of Death (DOS, Amstrad CPC, C64 - 1991)",4.60,5
"Loom (DOS, Amiga, Mac, Atari ST - 1990)",4.52,46
Lord Avalot d'Argent (DOS - 1994),3.00,1
"Lord Monarch (Genesis, SNES - 1994)",5.00,1
Lord of the Balrogs (C64 - 1983),0.00,0
"Lords of Chaos (Amiga, Amstrad CPC, Atari ST, C64 - 1991)",4.67,6
Lords of Midnight (DOS - 1995),3.84,19
Lords of War (Amiga - 1990),4.00,1
"Lost Eden (DOS, Mac - 1995)",4.49,38
Lost in the Labyrinth (C64 - 1983),0.00,0
Lufia & the Fortress of Doom (SNES - 1993),5.00,1
Lunar: Eternal Blue (SEGA CD - 1994),5.00,1
Lunar: Sanpo-suru Gakuen (Game Gear - 1996),0.00,0
"Lure of The Temptress (DOS, Amiga, Atari ST - 1992)",4.72,25
"M.U.D.S.: Mean Ugly Dirty Sport (DOS, Amiga - 1990)",4.58,21
M.U.S.H.A. (Genesis - 1990),0.00,0
Madness & the Minotaur (Dragon 32/64 - 1982),0.00,0
Madō Monogatari A: Dokidoki Vacation (Game Gear - 1995),5.00,1
Madō Monogatari II: Arle 16-sai (Game Gear - 1994),0.00,0
Madō Monogatari III: Kyūkyoku Joō-sama (Game Gear - 1994),0.00,0
Madrax (C64 - 1993),4.50,2
MAG (DOS - 1988),4.00,6
Mageslayer (Windows - 1997),5.00,3
Magia (Atari 8-bit - 1993),0.00,0
Magia Kryształu (Atari 8-bit - 1992),0.00,0
Magic & Mayhem (Windows - 1998),5.00,14
Magic Carpet (DOS - 1994),4.94,16
Magic Carpet 2: The Netherworlds (DOS - 1996),4.76,37
Magic Castle (C64 - 1984),5.00,1
Magic Fairy Tales: Barbie As Rapunzel (Mac - 1997),4.44,18
"Magic Island: The Secret of Stones (Amiga, Amiga CD32 - 1995)",2.00,1
"Magic Knight Rayearth (Game Gear, SNES - 1995)",0.00,0
"Magic Lines (Amiga, Atari ST - 1990)",5.00,2
Magic of Endoria (C64 - 1993),4.00,1
Magic Rufus (C64 - 1993),0.00,0
Magic Sword (SNES - 1992),0.00,0
Magic: The Gathering (Windows - 1997),4.50,20
Magic: The Gathering - Battlemage (Windows - 1997),5.00,3
Magician (NES - 1990),0.00,0
"Magicland Dizzy (DOS, Amiga, Amstrad CPC, Atari ST, C64 - 1993)",4.36,11
Magna Braban: Henreki no Yusha (SNES - 1994),0.00,0
Majesty: The Fantasy Kingdom Sim (Mac - 2000),4.91,11
Majik (DOS - 1990),0.00,0
"Mandragore (Amstrad CPC, Apple II, C64 - 1986)",3.50,2
Märchen Veil I (PC-88 - 1985),0.00,0
Mashō Denki La Valeur (PC-88 - 1989),0.00,0
Master of Magic (DOS - 1994),4.63,155
Master of Magic (C64 - 1985),4.00,4
"Master of Monsters (Genesis, PC-88 - 1991)",5.00,1
Masters of the Elements (Mac - 1999),4.80,5
Masters of the Universe: Super Adventure (C64 - 1986),5.00,1
Masters of the Universe: The Arcade Game (C64 - 1987),4.50,2
Matchmaker (C64 - 1988),0.00,0
Maze Master (C64 - 1983),4.00,1
"Medieval Lords: Build, Defend, Expand (Windows - 2004)",4.50,2
"Medieval Warriors (DOS, Amiga - 1991)",4.84,6
Megami Tensei Gaiden: Last Bible II (Game Boy - 1993),0.00,0
Megami Tensei Gaiden: Last Bible III (SNES - 1995),0.00,0
Megami Tensei Gaiden: Last Bible Special (Game Gear - 1995),0.00,0
Menzoberranzan (DOS - 1994),4.53,15
Merlin (C64 - 1985),3.00,1
Merlin (C64 - 1992),0.00,0
Merlin's Apprentice (Mac - 1995),0.00,0
Metabolis (C64 - 1985),0.00,0
Metal Kombat (Amiga - 1995),1.00,1
Mid-Garts (PC-88 - 1989),0.00,0
Miecze Valdgira (Atari 8-bit - 1991),0.00,0
"Might and Magic II: Gates to Another World (DOS, Amiga, Mac, C64, Genesis, PC-88, SNES - 1988)",4.48,31
"Might and Magic III: Isles of Terra (DOS, Amiga, Mac, SNES - 1991)",4.22,23
Might and Magic Trilogy (DOS - 1995),3.78,14
"Might and Magic: Book One - Secret of the Inner Sanctum (DOS, Mac, C64, PC-88 - 1987)",4.25,20
Might and Magic: Clouds of Xeen (DOS - 1992),4.57,13
Might and Magic: Darkside of Xeen (DOS - 1993),4.56,18
Might and Magic: Swords of Xeen (DOS - 1995),4.15,13
"Might and Magic: World of Xeen (DOS, Mac - 1994)",4.43,46
Mike: The Magic Dragon (Amiga - 1987),1.00,1
"Milon's Secret Castle (Game Boy, NES - 1993)",0.00,0
Mind Castle (DOS - 1993),5.00,2
Minotaur: The Labyrinths of Crete (Mac - 1992),5.00,1
Miracle Girls: Tomomi to Mikage no Miracle World Adventure (SNES - 1993),0.00,0
"Miracle Warriors: Seal of the Dark Lord (NES, SEGA Master System - 1987)",0.00,0
Momotarō Densetsu (NES - 1987),0.00,0
"Momotarō Densetsu Gaiden (Game Boy, NES - 1991)",0.00,0
Monstania (SNES - 1996),0.00,0
Monster (Amiga - 1995),1.00,1
Monster in My Pocket (NES - 1992),1.50,2
Monster World IV (Genesis - 1994),0.00,0
"Moonstone: A Hard Days Knight (DOS, Amiga - 1992)",4.48,77
"Moontorc (Amstrad CPC, C64 - 1991)",5.00,1
Moraff's Monster Bridge (DOS - 1992),0.00,0
"Mordon's Quest (Amstrad CPC, Atari 8-bit, C64 - 1985)",0.00,0
"Moria (DOS, Mac - 1988)",4.48,27
Morkin 2 (DOS - 1992),4.20,5
Morphman (DOS - 1993),1.00,1
Mōryō Senki Madara (NES - 1990),0.00,0
Motoko-chan no Wonder Kitchen (SNES - 1993),0.00,0
Mountains of Ket (Amstrad CPC - 1986),0.00,0
Mr Mephisto (C64 - 1984),2.00,1
Mugen no Shinzō (PC-88 - 1984),5.00,2
Mugen no Shinzō II (PC-88 - 1985),0.00,0
Mugen no Shinzō III (PC-88 - 1990),5.00,2
Mugen Senshi Valis II (PC-88 - 1989),5.00,2
Musashi no Bōken (NES - 1990),0.00,0
"Mutant Monty (Amstrad CPC, C64 - 1984)",0.00,0
Myst (Mac - 1993),3.60,20
Myst III: Exile (Windows - 2001),0.00,0
Mystery Dungeon: Shiren the Wanderer (SNES - 1995),0.00,0
Mystery Quest (NES - 1988),0.00,0
Mystic Ark (SNES - 1995),5.00,2
Mystic Defender (Genesis - 1989),0.00,0
"Mystical (DOS, Amiga, Amstrad CPC, Atari ST - 1990)",4.00,3
Mystical Ninja Starring Goemon (Game Boy - 1998),2.00,1
"Myth (DOS, Amiga, Atari ST, C64 - 1989)",3.60,5
"Myth II: Soulblighter (Windows, Mac - 1998)",4.62,54
"Myth: History in the Making (Amiga, Amstrad CPC, C64, NES - 1992)",4.60,10
"Myth: The Fallen Lords (Windows, Mac - 1997)",4.64,50
"Mythos (DOS, Amstrad CPC - 1990)",5.00,2
Nahlakh (DOS - 1994),4.00,4
Narnia (C64 - 1984),0.00,0
"Necromancer (Atari 8-bit, C64 - 1982)",0.00,0
Nekketsu Tairiku: Burning Heroes (SNES - 1995),0.00,0
NetHack (DOS - 1992),4.88,8
Neugier: Umi to Kaze no Kōdō (SNES - 1993),4.00,1
Neverwinter Nights (DOS - 1991),4.46,24
"Nicky Boom (DOS, Amiga, Atari ST - 1992)",5.00,1
Night Walk (Amiga - 1988),5.00,2
"Nightshade (Amstrad CPC, C64 - 1985)",3.00,1
NightStone (Windows - 2001),0.00,0
"Nine Princes in Amber (DOS, Apple II, Atari ST, C64 - 1985)",4.46,11
Ninja Burai Densetsu (Genesis - 1991),4.00,1
Ninja Jajamaru-kun (NES - 1985),5.00,1
Nippon (C64 - 1988),0.00,0
Nirvana (DOS - 1989),1.00,1
Nonamed (Amstrad CPC - 1986),0.00,0
"Norse by Norse West: The Return of the Lost Vikings (DOS, SNES - 1997)",5.00,6
"Nosferatu the Vampyre (Amstrad CPC, C64 - 1986)",4.00,2
"Obitus (DOS, Amiga, Atari ST, SNES - 1991)",4.13,15
Octoplex (C64 - 1989),0.00,0
Odyssey (Amiga - 1995),5.00,1
Og the Great (C64 - 1993),0.00,0
Ogre Battle (SNES - 1993),5.00,1
"Olli & Lissa: The Ghost of Shilmore Castle (Amstrad CPC, C64 - 1987)",0.00,0
"Omnitrend's Paladin II (DOS, Atari ST - 1992)",4.83,6
Once a King (Atari ST - 1988),0.00,0
"Once Upon A Time: Abracadabra (DOS, Amiga - 1991)",3.50,2
"Once Upon A Time: Little Red Riding Hood (DOS, Amiga - 1991)",4.17,6
One Bite Too Deep (C64 - 1985),0.00,0
Onimusha 3: Demon Siege (Windows - 2005),5.00,2
Onimusha: Warlords (Windows - 2003),0.00,0
"Onslaught (DOS, Amiga, Atari ST, Genesis - 1990)",4.50,6
"Orc Attack: You Against the Hordes (Atari 8-bit, C64 - 1983)",4.00,1
Orpheus in the Underworld (C64 - 1986),0.00,0
Osomatsu-kun: Hachamecha Gekijō (Genesis - 1988),0.00,0
"Oubliette (DOS, C64 - 1983)",4.27,11
"Out on a Limb (Commodore 16, C64 - 1984)",3.00,1
"Pac-Man (DOS, Apple II, Atari 8-bit, C64, Game Boy, Game Gear, NES, PC-88, VIC-20 - 1983)",4.67,42
Pagan: Ultima VIII (DOS - 1994),4.50,99
Painter Momopie (Game Boy - 1990),0.00,0
"Paladin (DOS, Amiga - 1988)",4.38,16
Paladin Quest Disk: The Scrolls of Talmouth (DOS - 1988),5.00,4
Paladin's Quest (SNES - 1992),0.00,0
Panic in Nakayoshi World (SNES - 1994),0.00,0
Panorama Cotton (Genesis - 1994),0.00,0
Panorama Toh (PC-88 - 1983),0.00,0
"Parasol Stars: The Story of Bubble Bobble III (Amiga, Atari ST, Game Boy, NES - 1992)",4.00,3
Paris 1313: The Mystery of Notre-Dame Cathedral (Mac - 1999),3.50,2
Pegasis (C64 - 1983),0.00,0
"Pegasus (Amiga, Atari ST - 1991)",3.50,2
Perihelion (Amiga - 1993),3.25,4
Permonie (Amiga - 1997),1.00,1
"Perseus & Andromeda (C64, Dragon 32/64 - 1983)",0.00,0
"Phantasie (DOS, Amiga, Atari 8-bit, Atari ST, C64, PC-88 - 1987)",4.22,23
"Phantasie II (Apple II, Atari 8-bit, Atari ST, C64, PC-88 - 1986)",5.00,1
"Phantasie III: The Wrath of Nikademus (DOS, Amiga, Atari ST, C64, PC-88 - 1988)",4.11,18
Phantasie IV: The Birth of Heroes (PC-88 - 1990),4.00,2
Phantasie RPG Amaranth (PC-98 - 1990),5.00,1
Phantasy Star III: Generations of Doom (Genesis - 1990),5.00,1
Phelios (Genesis - 1990),0.00,0
Philosopher's Quest (DOS - 1987),4.67,6
Pięć Gówien Eepcha (Atari 8-bit - 1991),0.00,0
Pigskin 621 AD (Genesis - 1992),0.00,0
Pilgrim (C64 - 1986),0.00,0
Pillars of Garendall (Mac - 2001),5.00,4
Pinball Quest (NES - 1989),0.00,0
Pink Shock Pirates II (PC-98 - 1990),4.00,1
Piracy on the High Seas (Amiga - 1992),3.50,2
Pocket Monster Akai (Game Boy - 1996),4.50,2
Pocket Monsters Midori (Game Boy - 1996),4.36,11
Pokémon Blue Version (Game Boy - 1998),4.43,7
Pokémon Red Version (Game Boy - 1998),4.43,7
Pokémon Yellow Version: Special Pikachu Edition (Game Boy - 1998),4.53,78
Poltergeist (Amiga - 1995),1.50,2
"Pool of Radiance (DOS, Amiga, Mac, Apple II, C64, NES - 1988)",4.57,53
Pool of Radiance: Ruins of Myth Drannor (Windows - 2001),4.40,5
"Pools of Darkness (DOS, Amiga, Mac - 1991)",4.78,18
Popful Mail (PC-88 - 1991),5.00,3
Pork 2 (Atari ST - 1989),0.00,0
Power Piggs of the Dark Age (SNES - 1996),0.00,0
"Powermonger (DOS, Amiga, Atari ST, Genesis, SNES - 1992)",4.44,23
Prince of Evil (DOS - 1993),2.86,7
Princess Maker 2 (DOS - 1993),4.64,11
Princess Minerva (SNES - 1995),5.00,1
Prophecy (DOS - 1989),3.80,5
Prophecy of The Shadow (DOS - 1992),4.38,8
"Prophecy: Viking Child (DOS, Amiga, Atari ST, Game Boy - 1991)",4.80,5
"Puyo Puyo (Game Boy, Game Gear, Genesis, SNES - 1994)",0.00,0
Quarterstaff (Mac - 1987),0.00,0
Quarterstaff: The Tomb of Setmoth (Mac - 1988),5.00,1
"Quasimodo (Atari 8-bit, C64 - 1984)",4.50,2
Quest for Camelot (Game Boy Color - 1998),0.00,0
"Quest for Glory I: So You Want To Be A Hero (DOS, Mac - 1992)",4.58,64
"Quest for Glory II: Trial by Fire (DOS, Amiga - 1990)",4.33,36
Quest for Glory III: Wages of War (DOS - 1992),4.45,40
Quest for Glory V: Dragon Fire (Mac - 1998),4.45,11
Quest for Glory: Shadows of Darkness (DOS - 1993),4.55,39
Quest for Tanda (Atari ST - 1991),0.00,0
Quest ][ (DOS - 1995),1.50,2
"Questron (Apple II, Atari 8-bit, C64 - 1984)",5.00,2
"Questron II (DOS, Amiga, Apple II, Apple IIgs, Atari ST, C64 - 1988)",4.27,11
Quick Majik Adventure (DOS - 1991),2.50,2
Quo Vadis (C64 - 1984),5.00,1
"R.O.M. Gold: Rings of Medusa (DOS, Amiga - 1994)",4.50,8
Ragnarok (DOS - 1993),4.45,18
"Ramparts (Amstrad CPC, C64 - 1988)",0.00,0
"Rana Rama (Amstrad CPC, Atari ST, C64 - 1987)",4.00,1
Ranadinn (DOS - 1988),0.00,0
Randamn (Apple II - 1983),0.00,0
"Rasputin (Amstrad CPC, C64 - 1986)",5.00,1
"Rastan (DOS, Amstrad CPC, C64, Game Gear - 1990)",4.51,51
Rastan Saga II (Genesis - 1990),0.00,0
Realm of Chaos: Village of Lost Souls (Amstrad CPC - 1987),0.00,0
Realm of the Paladin: Deception's Plague (DOS - 1995),0.00,0
Realm of the Trolls (C64 - 1988),0.00,0
"Realms (DOS, Amiga, Atari ST - 1992)",4.65,17
"Realms of Arkania: Blade of Destiny (DOS, Amiga - 1993)",4.74,23
Realms of Arkania: Star Trail (DOS - 1994),4.59,24
Realms of Chaos (DOS - 1995),4.87,16
"Realms of Darkness (Apple II, C64, PC-88 - 1987)",5.00,1
Realmz (Windows - 1999),5.00,2
Reargard (DOS - 1989),5.00,2
Record of Lodoss War (SNES - 1995),5.00,2
"Red Moon (Amstrad CPC, Atari 8-bit, C64 - 1985)",5.00,1
Rejoice: Aretha Ōkoku no Kanata (SNES - 1995),0.00,0
Return to Castle Wolfenstein (Windows - 2001),4.55,11
Riglas (PC-88 - 1986),5.00,1
Ring Master I: The Shadow of Filias (PC-98 - 1988),0.00,0
"Ring Master II: Forget You Not, Evermore (PC-98 - 1989)",0.00,0
Ring of Power (C64 - 1983),0.00,0
"Ring Quest (Apple II, PC-88 - 1985)",0.00,0
"Rings of Medusa (DOS, Amiga, Atari ST, C64 - 1990)",4.69,13
Rings of Power (Genesis - 1991),5.00,1
Rings of the Magi: Grand Master Edition (DOS - 1995),4.80,5
"Rings of Zilfin (DOS, Apple II, Atari ST, C64 - 1987)",3.40,5
Rise & Fall: Civilizations at War (Windows - 2006),4.41,37
Riven: The Sequel to Myst (Mac - 1997),3.60,5
"Roberta Williams' King's Quest I: Quest for the Crown (DOS, Amiga - 1990)",4.54,11
"Roberta Williams' King's Quest VII: The Princeless Bride (DOS, Mac - 1994)",4.20,93
"Robin Hood: Legend Quest (Amiga, Amstrad CPC, C64 - 1993)",5.00,2
"Robin of Sherwood: The Touchstones of Rhiannon (Amstrad CPC, C64 - 1985)",4.50,2
Robin of the Wood (C64 - 1985),5.00,2
Robo Aleste (SEGA CD - 1992),5.00,1
Roderic (Atari 8-bit - 1992),0.00,0
"Rodland (Amiga, Amstrad CPC, Atari ST, C64, Game Boy, NES - 1991)",3.50,2
"Rogue (DOS, Amiga, Mac, Amstrad CPC, Atari 8-bit, Atari ST, C64 - 1984)",4.37,35
Rogue: The Adventure Game (DOS - 1983),4.50,22
Rol Crusaders (DOS - 1995),4.00,4
Rolan's Curse (Game Boy - 1990),0.00,0
Rolan's Curse 2 (Game Boy - 1992),5.00,1
"Romancia: Dragon Slayer Jr. (NES, PC-88 - 1987)",5.00,1
Romancing SaGa (SNES - 1992),0.00,0
Romancing SaGa 2 (SNES - 1993),0.00,0
Romancing SaGa 3 (SNES - 1995),0.00,0
Rudra no Hihō (SNES - 1996),0.00,0
Ruin Arm (SNES - 1995),0.00,0
"Rune (Mac, Linux - 2000)",4.44,9
Runestone (Amstrad CPC - 1985),0.00,0
Rycerze Mroku (Amiga - 1997),2.50,2
"Rygar (Amstrad CPC, C64 - 1987)",4.50,2
Rygar (NES - 1987),0.00,0
Sacrifice (Mac - 2001),4.38,8
"Saint Dragon (Amiga, Amstrad CPC, Atari ST, C64 - 1990)",4.67,3
Saint Sword (Genesis - 1991),0.00,0
Salad no Kuni no Tomato-hime (PC-88 - 1984),5.00,1
Sansara Naga 2 (SNES - 1994),5.00,1
"Santa Paravia and Fiumaccio (DOS, Amiga, C64 - 1989)",5.00,9
"Santa's Xmas Caper (DOS, Amiga - 1993)",4.75,4
"Satan (DOS, Amiga, Amstrad CPC, Atari ST, C64 - 1990)",3.89,9
Satan's Hollow (C64 - 1984),3.00,1
"Savage 2: A Tortured Soul (Windows, Mac, Linux - 2008)",3.67,6
Scooby-Doo!: Phantom of the Knight (Windows - 2001),0.00,0
Scooter's Magic Castle (DOS - 1993),4.36,14
"Scott Adams' Graphic Adventure #1: Adventureland (Atari 8-bit, C64 - 1983)",2.00,1
"Scott Adams' Graphic Adventure #2: Pirate Adventure (Atari 8-bit, C64 - 1982)",2.00,1
"Scott Adams' Graphic Adventure #4: Voodoo Castle (Atari 8-bit, C64 - 1983)",3.50,2
"Seas of Blood (Amstrad CPC, C64 - 1985)",0.00,0
"Second Samurai (Amiga, Genesis - 1993)",4.00,3
Secret of Kandar (C64 - 1986),0.00,0
Secret of Mana (SNES - 1993),5.00,2
"Secret of the Silver Blades (DOS, Amiga, Mac, C64 - 1990)",4.29,28
Secret of the Stars (SNES - 1993),4.00,1
Seiken Densetsu 3 (SNES - 1995),0.00,0
Sengoku (SNES - 1993),0.00,0
Sgrizam (Amstrad CPC - 1985),5.00,1
Shades (C64 - 1985),3.00,1
"Shadow of the Beast (Amiga, Amstrad CPC, Atari ST, C64, Genesis - 1989)",5.00,3
Shadow of the Beast III (Amiga - 1992),4.00,2
Shadow of Yserbius (DOS - 1993),4.42,12
"Shadow Sorcerer (DOS, Amiga - 1991)",4.17,6
ShadowCaster (DOS - 1993),4.92,13
"Shadowfax (C64, VIC-20 - 1982)",0.00,0
"Shadowgate (DOS, Amiga, Mac, Apple IIgs, Atari ST, NES - 1988)",4.22,9
Shadowkeep (Apple II - 1984),0.00,0
Shadowrun (SNES - 1993),5.00,1
Shannara (DOS - 1995),4.78,18
"Shard of Inovar (DOS, Amstrad CPC, C64 - 1987)",5.00,2
"Shard of Spring (DOS, Apple II, C64 - 1987)",4.75,4
Sherwood Forest (Apple II - 1982),0.00,0
"Shi-Kin-Joh (Game Gear, Genesis - 1991)",0.00,0
Shien's Revenge (SNES - 1994),0.00,0
Shin Momotarō Densetsu (SNES - 1993),0.00,0
Shingen the Ruler (NES - 1989),0.00,0
Shining Force (Genesis - 1992),5.00,2
Shining Force CD (SEGA CD - 1994),5.00,2
Shining Force Gaiden (Game Gear - 1992),5.00,1
Shining Force Gaiden: Final Conflict (Game Gear - 1995),5.00,1
Shining Force II (Genesis - 1993),5.00,2
Shining Force: The Sword of Hajya (Game Gear - 1993),4.50,2
Shining in the Darkness (Genesis - 1991),5.00,2
Shogun (DOS - 1986),3.33,3
Shuihuzhuan (Genesis - 1996),0.00,0
Siege (DOS - 1992),4.67,12
Siege of Avalon (Windows - 2000),4.50,2
Silver Ghost (PC-88 - 1988),0.00,0
SimCity Classic Graphics (DOS - 1994),4.83,6
"Simon the Sorcerer (DOS, Amiga - 1993)",4.31,78
"Simon the Sorcerer II: The Lion, the Wizard and the Wardrobe (DOS - 1995)",4.24,29
"Sinbad and the Throne of the Falcon (DOS, Amiga, Atari ST, C64 - 1988)",4.57,7
"Sir AddaLot's ""Mini"" Math Adventure (DOS - 1993)",4.10,10
Sir Fred (Amstrad CPC - 1986),4.00,1
Sir Lancelot (Amstrad CPC - 1984),4.00,1
"Sirwood (DOS, Amstrad CPC - 1990)",4.40,5
"Skrull (Amiga, Atari ST - 1988)",2.67,3
Skull Quest I: The Cyan Sarcophagus (DOS - 1993),0.00,0
"Sláine, the Celtic Barbarian (Amstrad CPC, C64 - 1987)",4.00,2
Slayers (SNES - 1994),5.00,2
"Sleeping Gods Lie (DOS, Amiga, Atari ST - 1991)",4.67,3
"Slightly Magic (Amiga, Amstrad CPC, Atari ST, C64 - 1991)",2.00,1
Snow White in Happily Ever After (SNES - 1994),0.00,0
Solstice: The Quest for the Staff of Demnos (NES - 1990),5.00,1
"Sorcerer (DOS, Amstrad CPC, Apple II, Atari 8-bit, Atari ST, C64 - 1984)",4.25,8
"Sorcerer Lord (DOS, Amiga, Amstrad CPC, Atari ST, C64 - 1988)",4.00,5
"Sorcerer of Claymorgue Castle (DOS, Apple II, Atari 8-bit, C64 - 1993)",4.33,6
Sorcerer's Bane (DOS - 1991),2.33,3
Sorcerer's Castle Adventure (C64 - 1982),0.00,0
Sorcerer's Kingdom (Genesis - 1992),5.00,1
"Sorcerian (DOS, Genesis, PC-88, PC-98 - 1990)",4.50,8
"Sorcery (Amstrad CPC, C64 - 1985)",4.75,4
"Sorcery+ (Amiga, Amstrad CPC, Atari ST - 1988)",3.00,2
Soul Blazer (SNES - 1992),0.00,0
"Soul Crystal (DOS, Amiga, C64 - 1992)",3.86,7
"Spell Bound (Amiga, Atari ST - 1990)",3.00,1
Spell of Destruction (C64 - 1985),0.00,0
"Spellbound (Amstrad CPC, Atari 8-bit, C64 - 1985)",0.00,0
"Spellbreaker (DOS, Amiga, Amstrad CPC, Apple II, Atari 8-bit, C64 - 1985)",4.80,5
SpellCraft: Aspects of Valor (DOS - 1992),4.60,10
Spelljammer: Pirates of Realmspace (Windows - 1992),4.50,22
Spellseeker (C64 - 1987),0.00,0
"Spider-Man (DOS, Atari 8-bit - 1986)",4.69,16
"Spirit of Adventure (DOS, Amiga, Atari ST, C64 - 1991)",4.27,15
"Spirit of Excalibur (DOS, Amiga, Mac, Atari ST - 1990)",4.00,16
Spirit of the Stones (C64 - 1984),5.00,1
Spirits (Amstrad CPC - 1987),0.00,0
"Spoils of War (DOS, Amiga, C64 - 1991)",4.50,6
"Spooked (Amstrad CPC, C64 - 1989)",0.00,0
"Spooky Castle (Amstrad CPC, C64 - 1990)",5.00,1
Staff of Power (C64 - 1993),0.00,0
Star Ocean (SNES - 1996),5.00,1
Still Sword (PC-88 - 1988),0.00,0
Still Sword for Adult (PC-88 - 1988),5.00,1
Stonekeep (DOS - 1995),4.37,63
"Storm (DOS, Amstrad CPC, Atari 8-bit, Commodore 16, C64 - 1987)",5.00,2
"Storm Master (DOS, Amiga, Atari ST - 1992)",5.00,4
Storm Warrior (C64 - 1984),5.00,1
"Stormbringer (Amstrad CPC, C64 - 1987)",0.00,0
"Stormlord (DOS, Amiga, Amstrad CPC, C64, Genesis - 1989)",4.62,13
Stronghold (DOS - 1993),4.33,36
"Stuart Smith's Adventure Construction Set (DOS, C64 - 1987)",4.00,9
Sullivan Bluth Presents Dragon's Lair (NES - 1990),0.00,0
Super Castlevania IV (SNES - 1991),5.00,2
Super Chinese 3 (NES - 1991),2.00,1
Super Chinese World 3 (SNES - 1995),0.00,0
Super Dragon Slayer (C64 - 1988),3.00,1
Super Ghouls 'N Ghosts (SNES - 1991),0.00,0
Super Hunchback (Game Boy - 1992),5.00,1
"Super Hydlide (Genesis, NES, PC-88 - 1989)",5.00,1
Super Ninja-kun (SNES - 1994),0.00,0
"Super Robin Hood (Amstrad CPC, C64 - 1986)",5.00,2
Super Robot Taisen EX (SNES - 1994),0.00,0
Super Tetris 3 (SNES - 1994),0.00,0
Super Valis IV (SNES - 1992),0.00,0
Super Wagan Land (SNES - 1991),0.00,0
Surging Aura (Genesis - 1995),0.00,0
Świat Olkiego (Atari 8-bit - 1994),0.00,0
Sword Master (NES - 1990),0.00,0
"Sword of Aragon (DOS, Amiga - 1989)",4.76,37
Sword of Destiny (Commodore 16 - 1985),0.00,0
"Sword of Fargoal (C64, VIC-20 - 1983)",4.00,2
"Sword of Honour (DOS, Amiga, C64 - 1993)",3.33,3
Sword of Hope II (Game Boy - 1992),0.00,0
"Sword of Kadash (Apple II, Atari ST, C64 - 1985)",0.00,0
"Sword of Sodan (Amiga, Mac, Genesis - 1989)",3.50,2
Sword of Vermilion (Genesis - 1989),4.00,1
Swords & Sorcery (Amstrad CPC - 1986),4.00,1
Swords and Serpents (NES - 1990),5.00,1
Swords of Glass (DOS - 1986),3.80,5
Swords of Twilight (Amiga - 1989),4.00,3
SwordThrust (Apple II - 1981),0.00,0
Sylvan Tale (Game Gear - 1995),0.00,0
Tactics Ogre (SNES - 1995),5.00,1
Tagin' Dragon (NES - 1989),0.00,0
Taikō Risshiden (Genesis - 1993),0.00,0
Tales of Phantasia (SNES - 1995),0.00,0
"Tales of the Arabian Nights (Amstrad CPC, C64 - 1985)",0.00,0
"Tales of the Unknown: Volume I - The Bard's Tale (DOS, Amstrad CPC, Apple IIgs, Atari ST, C64, NES - 1987)",4.71,17
"Talespin (Amiga, Atari ST - 1989)",0.00,0
"Tangled Tales (DOS, Apple II, C64 - 1989)",4.50,17
"Targhan (DOS, Amiga, Amstrad CPC, Atari ST - 1989)",4.64,11
TeleEpic II (Amiga - 1990),5.00,1
"Telengard (DOS, Apple II, Atari 8-bit, C64 - 1985)",4.23,13
"Temple of Apshai Trilogy (DOS, Amiga, Atari ST, C64 - 1985)",3.75,8
Temple of Terror (C64 - 1987),5.00,1
Tenshi no Uta: Shiroki Tsubasa no Inori (SNES - 1994),0.00,0
Tera: La Cité des Crânes (DOS - 1986),4.50,4
Terror of the Catacombs (DOS - 1993),0.00,0
Testament (PC-88 - 1987),5.00,1
"Thanatos (Amstrad CPC, C64 - 1986)",3.50,2
The 7th Saga (SNES - 1993),0.00,0
The Abbey (DOS - 1993),0.00,0
The Adventures of Lance (DOS - 1990),3.00,1
"The Adventures of Maddog Williams in the Dungeons of Duridian (DOS, Amiga, Atari ST - 1992)",4.80,5
"The Adventures of Robin Hood (DOS, Amiga, Atari ST - 1992)",4.50,12
The Adventures of Robin Hood (Atari 8-bit - 1984),0.00,0
The Aethra Chronicles: Volume One - Celystra's Bane (DOS - 1994),4.43,7
The Amulet (DOS - 1983),0.00,0
The Awe-Chasm (DOS - 1991),0.00,0
"The Bard's Tale Construction Set (DOS, Amiga - 1991)",4.25,8
"The Bard's Tale II: The Destiny Knight (DOS, Amiga, Apple II, Apple IIgs, C64, NES - 1988)",4.21,19
"The Bard's Tale III: Thief of Fate (DOS, Amiga, Apple II, C64 - 1990)",4.20,20
"The Bells (Amstrad CPC, Dragon 32/64 - 1986)",0.00,0
"The Black Cauldron (DOS, Amiga, Apple II, Apple IIgs, Atari ST - 1986)",4.52,23
"The Black Onyx (NES, PC-88 - 1988)",2.00,1
The Blade of Blackpoole (Atari 8-bit - 1983),0.00,0
"The Boggit: Bored Too (Amstrad CPC, C64 - 1986)",0.00,0
The Castle (PC-88 - 1985),5.00,1
The Caverns of Freitag (Apple II - 1982),0.00,0
The Chronicles of Omega (Amiga - 1990),1.00,1
The Citadel of Chaos (C64 - 1984),0.00,0
"The Colour of Magic (Amstrad CPC, C64 - 1986)",0.00,0
"The Crack of Doom (DOS, Mac, Apple II, C64 - 1989)",3.86,7
The Crystal Frog (C64 - 1984),0.00,0
The Curse of Sherwood (C64 - 1987),5.00,1
"The Dark Heart of Uukrul (DOS, Apple II - 1990)",4.65,17
"The Dark Queen of Krynn (DOS, Amiga, Mac - 1992)",4.37,27
The Darkest Road (C64 - 1993),0.00,0
The Demon Crystal (PC-88 - 1985),3.00,1
"The Demon's Forge (DOS, Apple II - 1987)",3.67,6
The Dragon Sword (DOS - 1990),0.00,0
The Dungeons (C64 - 1983),0.00,0
"The Eidolon (Amstrad CPC, Apple II, Atari 8-bit, C64 - 1986)",4.00,1
The Elder Scrolls: Arena (DOS - 1994),4.59,78
The Elder Scrolls: Arena - Deluxe Edition (DOS - 1994),4.65,37
The Elder Scrolls: Chapter II - Daggerfall (DOS - 1996),4.67,36
The Enchanted Realm (Atari ST - 1988),0.00,0
"The Eternal Dagger (Apple II, Atari 8-bit, C64 - 1987)",3.40,5
The Evil Crown (C64 - 1985),5.00,1
"The Faery Tale Adventure: Book I (DOS, Amiga, C64, Genesis - 1989)",4.25,8
The Fantasy Collection (Windows 3.x - 1995),4.67,3
"The Fellowship of The Ring (DOS, Mac, Amstrad CPC, Apple II, C64 - 1986)",4.48,21
"The Final Battle (DOS, Amiga, Atari ST - 1991)",3.60,5
The Final Fantasy Legend (Game Boy - 1989),5.00,2
The Fire Crystal (PC-88 - 1984),0.00,0
"The Fool's Errand (DOS, Amiga, Mac - 1989)",4.50,10
The Forest of Doom (C64 - 1984),5.00,1
"The Four Crystals of Trazere (DOS, Amiga, Atari ST - 1992)",4.50,16
The Further Adventures of Alice in Videoland (C64 - 1986),0.00,0
"The Golden Baton (C64, VIC-20 - 1983)",0.00,0
"The Golden Voyage (C64, Dragon 32/64 - 1983)",0.00,0
"The Great Giana Sisters (Amiga, Atari ST, C64 - 1988)",4.00,7
"The Guild of Thieves (DOS, Amiga, Amstrad CPC, Atari 8-bit, Atari ST, C64 - 1987)",4.44,9
The Helm (C64 - 1985),0.00,0
The Hermit's Secret (DOS - 1982),4.00,1
"The Hobbit (DOS, Mac, Amstrad CPC, C64 - 1983)",4.66,38
The Horde (DOS - 1994),4.67,24
"The Immortal (DOS, Amiga, Atari ST, Genesis, NES - 1991)",4.55,11
"The Keys to Maramon (DOS, Amiga, C64 - 1990)",4.07,14
The King of Dragons (SNES - 1994),5.00,1
The Kingdom of Syree (DOS - 1992),3.00,4
"The Kristal (DOS, Amiga, Atari ST - 1989)",3.78,9
The Land (DOS - 1989),3.00,2
The Lands of Havoc (C64 - 1985),0.00,0
The Last Battle (SNES - 1994),0.00,0
The Last Refuge (Amiga - 1994),1.00,1
"The Legend of Blacksilver (Apple II, C64 - 1988)",4.50,2
"The Legend of Kyrandia (DOS, Amiga - 1992)",4.69,62
The Legend of Kyrandia: Book 3 - Malcolm's Revenge (DOS - 1994),4.52,29
The Legend of Kyrandia: Hand of Fate (DOS - 1993),4.54,54
The Legend of Prince Valiant (NES - 1992),0.00,0
The Legend of Sinbad (C64 - 1986),3.00,1
The Legend of Zelda (NES - 1986),5.00,6
The Legend of Zelda: A Link to the Past (SNES - 1991),3.50,4
The Legend of Zelda: Link's Awakening (Game Boy - 1993),4.75,8
The Legend of Zelda: Link's Awakening DX (Game Boy Color - 1998),5.00,2
The Lord of the Rings: The Battle for Middle-Earth (Windows - 2004),4.10,39
"The Lords of Midnight (Amstrad CPC, C64 - 1984)",5.00,7
The Lost Kingdom of Zkul / West (Atari ST - 1986),0.00,0
"The Lost Vikings (DOS, Amiga, Genesis, SNES - 1993)",4.71,63
The Magic Candle II: The Four and Forty (DOS - 1991),4.38,16
The Magic Candle III (DOS - 1992),4.16,19
"The Magic Candle: Volume 1 (DOS, C64, NES - 1989)",4.36,11
The Magic Garden (Amiga - 1991),1.00,1
The Magic of Scheherazade (NES - 1987),0.00,0
The Magical Quest Starring Mickey Mouse (SNES - 1992),0.00,0
"The Magician (Amiga, Atari ST - 1990)",0.00,0
The Magicians Curse (Commodore 16 - 1986),0.00,0
The Mystic Well (Atari ST - 1990),0.00,0
"The Neverending Story (Amstrad CPC, Apple II, Atari 8-bit, C64 - 1985)",5.00,1
The Neverhood (Windows - 1996),4.56,96
The Odyssey (C64 - 1986),5.00,1
The Old Village Story (PC-88 - 1988),4.00,1
The Oracle's Cave (C64 - 1984),0.00,0
The Ormus Saga II: Guild of Death (C64 - 1993),0.00,0
The Palace of Deceit: the Dragon's Plight (Windows 3.x - 1992),4.40,5
"The Pawn (DOS, Amiga, Mac, Amstrad CPC, Apple II, Atari 8-bit, Atari ST, C64 - 1986)",4.37,8
"The Price of Magik (Amstrad CPC, Atari 8-bit, C64 - 1986)",3.00,1
"The Prophecy (DOS, Amiga, Atari ST - 1993)",4.74,23
"The Quest (DOS, Mac, Apple II, Atari 8-bit, C64, PC-88 - 1984)",3.00,1
The Quest for the Holy Grail (C64 - 1985),3.00,1
"The Quest for the Time-bird (DOS, Amiga, Atari ST - 1989)",4.38,8
The Quest of Agravain (Amiga - 1992),3.00,2
The Quest of Ki (NES - 1988),0.00,0
"The Quest of Merravid (C64, VIC-20 - 1983)",0.00,0
The Red Crystal: The Seven Secrets of Life (DOS - 1993),3.00,2
The Rescue of Lorri in Lorrinitron (DOS - 1991),2.50,2
"The Return of Heracles (Apple II, Atari 8-bit, C64 - 1983)",0.00,0
The Return of Ishtar (PC-88 - 1987),0.00,0
"The Return of Medusa (DOS, Amiga, Atari ST - 1991)",4.67,6
"The Saga of Erik the Viking (Amstrad CPC, C64 - 1984)",4.00,3
The Scroll of Akbar Khan (C64 - 1985),3.00,1
The Seven Spirits of Ra (DOS - 1987),2.67,3
"The Shadows of Mordor (DOS, Mac, Amstrad CPC, Apple II, C64 - 1988)",4.54,13
The Snow Queen (C64 - 1986),0.00,0
The Staff of Karnath (C64 - 1984),0.00,0
"The Standing Stones (Apple II, C64 - 1983)",4.00,1
"The Stone of Sisyphus (Apple II, Atari 8-bit - 1980)",1.00,1
The Summoning (DOS - 1992),4.65,29
The Sword of Hope (Game Boy - 1989),0.00,0
The Tarturian (Apple II - 1980),0.00,0
The Tower of Druaga (NES - 1985),0.00,0
The Usurper: The Mines Of Qyntárr (DOS - 1989),5.00,3
"The Valley (C64, ZX Spectrum - 1983)",0.00,0
The Warlock of Firetop Mountain (ZX Spectrum - 1984),0.00,0
"The Way of the Tiger (Amstrad CPC, C64, ZX Spectrum - 1986)",0.00,0
The Wizard and the Princess (VIC-20 - 1982),1.00,1
"The Wizard of Akyrz (Atari 8-bit, C64 - 1983)",0.00,0
The Wizard's Castle (DOS - 1981),2.75,8
Theseus and the Minotaur (Apple II - 1982),0.00,0
Thrax Lair (Atari 8-bit - 1982),0.00,0
"Tiger Road (Amiga, Amstrad CPC, Atari ST, C64 - 1989)",3.00,2
Time and Magik: The Trilogy (DOS - 1988),3.80,5
Time Gate: Knight's Chase (DOS - 1996),4.82,11
Time Tunnel (C64 - 1985),5.00,2
Time Zone (NES - 1991),0.00,0
Timekeepers (Amiga - 1995),1.00,1
"Times of Lore (DOS, Amiga, Amstrad CPC, Apple II, Atari ST, C64, NES - 1988)",4.73,11
"Tir Na Nog (Amstrad CPC, C64 - 1986)",5.00,1
Tir-nan-óg II: The Sign of Chaos (PC-98 - 1989),0.00,0
Tir-nan-óg: Descendants of Danaan (PC-98 - 1987),0.00,0
Tir-nan-óg: The Forbidden Tower (PC-88 - 1990),0.00,0
To Hell and Back (C64 - 1988),4.00,2
Todd McFarlane's Spawn: The Video Game (SNES - 1995),0.00,0
Tōgi Ō: King Colossus (Genesis - 1992),2.00,1
"Tom and The Ghost (DOS, Amiga, Atari ST - 1990)",4.67,3
"Tomarc the Barbarian (ColecoVision, C64, VIC-20 - 1984)",0.00,0
Tommy's Gorilla Ball Ramparts (DOS - 1986),0.00,0
Tommy's Palace (DOS - 1986),1.00,1
"Torin's Passage (DOS, Mac - 1995)",4.48,64
Torneko no Daibōken: Fushigi no Dungeon (SNES - 1993),0.00,0
"Torvak the Warrior (Amiga, Atari ST - 1990)",4.00,7
Tower of Despair (C64 - 1985),0.00,0
Tower of Myraglen (Apple IIgs - 1987),4.00,1
Tower of Souls (Amiga - 1995),2.50,2
Towers II: Plight of the Stargazer (Windows - 1996),3.00,3
"Towers: Lord Baniff's Deceit (DOS, Atari ST - 1994)",5.00,1
Trapped (Amiga - 1996),2.00,1
Traysia (Genesis - 1992),0.00,0
Treasure Hunter (Commodore 16 - 1986),0.00,0
Treasure Hunter G (SNES - 1996),0.00,0
"Treasures of the Savage Frontier (DOS, Amiga - 1992)",4.64,11
Trial by Magic (DOS - 1995),4.00,6
Trilogy (DOS - 1987),3.00,2
Trivia Quest (Atari 8-bit - 1984),0.00,0
Trojan Warrior (C64 - 1988),4.50,2
"Troll (Amstrad CPC, C64, ZX Spectrum - 1988)",0.00,0
Trollbound (C64 - 1986),0.00,0
"Tunnels & Trolls: Crusaders of Khazan (DOS, PC-88 - 1990)",4.29,14
Turbo Toons (SNES - 1994),0.00,0
"Twin Kingdom Valley (Commodore 16, C64, ZX Spectrum - 1985)",5.00,1
Twinkle Tale (Genesis - 1992),0.00,0
"TwinWorld: Land of Vision (Amstrad CPC, C64 - 1990)",4.50,2
Twister: Mother of Charlotte (ZX Spectrum - 1986),0.00,0
Ufouria: The Saga (NES - 1991),0.00,0
"Ultima (Apple II, Atari 8-bit - 1981)",5.00,1
"Ultima I: The First Age of Darkness (DOS, Apple II, C64, PC-88 - 1987)",4.28,36
"Ultima II: The Revenge of the Enchantress... (DOS, Mac, Apple II, Atari 8-bit, Atari ST, C64, PC-88 - 1983)",4.22,18
"Ultima IV: Quest of the Avatar (DOS, Amiga, Apple II, Atari 8-bit, Atari ST, C64, NES, PC-88, PC-98 - 1987)",4.53,34
Ultima Underworld II: Labyrinth of Worlds (DOS - 1993),4.36,75
Ultima Underworld: The Stygian Abyss (DOS - 1992),4.40,108
"Ultima V: Warriors of Destiny (DOS, Amiga, Apple II, Atari ST, C64, NES - 1988)",4.65,31
"Ultima VI: The False Prophet (DOS, Amiga, Atari ST, C64, SNES - 1990)",4.30,47
Ultima VII: Part Two - Serpent Isle (DOS - 1993),4.67,24
Ultima VII: The Black Gate (DOS - 1992),4.59,54
Ultima: Escape from Mt. Drash (VIC-20 - 1983),5.00,2
Ultima: Kyōryū Teikoku (SNES - 1995),0.00,0
Ultima: Runes of Virtue (Game Boy - 1991),0.00,0
"Ultima: Runes of Virtue II (Game Boy, SNES - 1993)",0.00,0
Ultima: The Black Gate (SNES - 1994),0.00,0
Ultimate Domain (DOS - 1994),4.50,36
Ultimate Wizard (C64 - 1986),4.60,5
Ultimuh MCMLXVII: Part 2 of the 39th Trilogy - The Quest for the Golden Amulet (DOS - 1993),2.40,5
Uncle Zebulon's Will (DOS - 1995),5.00,2
"Underwurlde (C64, ZX Spectrum - 1985)",0.00,0
"Unlimited Adventures (DOS, Mac - 1993)",4.61,18
"Unreal (DOS, Amiga, Atari ST - 1991)",4.20,5
Up Side Town (DOS - 1993),0.00,0
Vain Dream (PC-88 - 1991),0.00,0
"Valhalla (C64, ZX Spectrum - 1984)",4.67,3
Valkyrie no Bōken: Toki no Kagi Densetsu (NES - 1986),0.00,0
Vampyr: Talisman of Invocation (DOS - 1989),4.38,8
"Velnor's Lair (C64, ZX Spectrum - 1985)",0.00,0
"Vengeance of Excalibur (DOS, Amiga, Atari ST - 1991)",4.38,13
"Venom (DOS, Amstrad CPC, C64, ZX Spectrum - 1987)",4.00,2
Venture (ColecoVision - 1982),3.00,1
"Viaje Al Centro De La Tierra (DOS, Amiga, Amstrad CPC, ZX Spectrum - 1989)",3.00,2
"Vicky (Amiga, Atari 8-bit - 1994)",2.00,1
Volcanic Dungeon (ZX Spectrum - 1983),0.00,0
Voodoo Girl: Queen of the Darned (Atari ST - 2002),5.00,1
Wagan Land (NES - 1989),0.00,0
Wagan Land 2 (NES - 1990),0.00,0
Walls of Illusion (Atari ST - 1993),0.00,0
"War of The Lance (DOS, Apple II, C64 - 1990)",4.79,24
War Wind (Windows - 1996),4.45,11
Warcraft II: Battle.net Edition (Mac - 2000),3.98,41
Warcraft II: Beyond the Dark Portal (DOS - 1996),4.43,97
"Warcraft II: Tides of Darkness (DOS, Mac - 1996)",4.44,1432
"WarCraft: Orcs & Humans (DOS, Mac - 1994)",4.48,735
Warhammer: Dark Omen (Windows - 1998),4.45,63
"Warlock (Amiga, Mac, Apple IIgs, Atari ST, C64 - 1988)",4.29,7
Warlock (Amstrad CPC - 1987),0.00,0
"Warlords (DOS, Amiga, Mac - 1990)",4.77,26
Warlords II (DOS - 1993),4.44,45
Warlords II Deluxe (DOS - 1995),4.65,44
Warlords III: Darklords Rising (Windows - 1998),4.73,15
Warlords III: Reign of Heroes (Windows - 1997),5.00,14
Warrior Kings (Mac - 2003),5.00,4
Warriors of Legend (DOS - 1993),4.56,18
"Warriors of Releyne (Amiga, Atari ST - 1992)",4.00,2
Warsong (Genesis - 1991),5.00,3
"WarWizard (DOS, Amiga - 1994)",0.00,0
"Waxworks (DOS, Amiga - 1992)",4.33,37
WeaponLord (Genesis - 1995),5.00,1
"Wells & Fargo (Amstrad CPC, ZX Spectrum - 1988)",5.00,1
"Werewolves of London (Amstrad CPC, C64, ZX Spectrum - 1987)",0.00,0
"Where Time Stood Still (DOS, Atari ST, ZX Spectrum - 1987)",4.80,5
White Viper (C64 - 1986),3.00,1
Wiking (ZX Spectrum - 1987),0.00,0
"Willow (DOS, Amiga, Atari ST, C64 - 1988)",4.63,8
Willow (NES - 1989),5.00,1
"Willow Pattern (Amstrad CPC, C64, ZX Spectrum - 1985)",0.00,0
Wing War (ColecoVision - 1983),0.00,0
"Wings of Death (Amiga, Atari ST - 1990)",4.20,5
Wings of Wor (Genesis - 1991),0.00,0
"Wishbringer (DOS, Amiga, Mac, Amstrad CPC, Apple II, Atari 8-bit, C64 - 1985)",4.71,7
"Witch Hunt (C64, ZX Spectrum - 1988)",0.00,0
Witchaven (DOS - 1995),4.13,23
Witchaven II: Blood Vengeance (DOS - 1996),5.00,3
WitchSwitch (C64 - 1984),3.00,1
"Wiz (C64, ZX Spectrum - 1987)",3.00,1
Wizard (C64 - 1984),3.00,7
"Wizard of Wor (Atari 8-bit, C64 - 1983)",4.50,2
Wizard Pinball (Game Gear - 1995),0.00,0
Wizard Wars (DOS - 1988),4.27,11
"Wizard Warz (DOS, Amstrad CPC, C64, ZX Spectrum - 1987)",2.50,2
"Wizard's Crown (DOS, Apple II, Atari 8-bit, Atari ST, C64 - 1987)",4.76,17
Wizardry Gold (Mac - 1996),5.00,2
"Wizardry V: Heart of the Maelstrom (DOS, Apple II, C64, PC-88, SNES - 1988)",4.80,15
"Wizardry: Bane of the Cosmic Forge (DOS, Amiga, Mac, SNES - 1990)",4.46,33
Wizardry: Crusaders of the Dark Savant (DOS - 1992),4.75,29
"Wizardry: Knight of Diamonds - The Second Scenario (DOS, Apple II, C64, NES, PC-88 - 1987)",3.85,20
"Wizardry: Legacy of Llylgamyn - The Third Scenario (DOS, Apple II, C64, NES, PC-88 - 1986)",4.50,8
"Wizardry: Proving Grounds of the Mad Overlord (DOS, Mac, Apple II, C64, NES, PC-88 - 1984)",4.29,34
Wizardry: The First Episode - Suffering of the Queen (Game Boy - 1991),0.00,0
"Wizardry: The Return of Werdna - The Fourth Scenario (DOS, Apple II, PC-88 - 1988)",4.89,9
Wizardry: The Second Episode - Curse of the Ancient Emperor (Game Boy - 1992),0.00,0
Wizards & Warriors (NES - 1987),4.00,1
Wizards & Warriors (Windows - 2000),0.00,0
Wizards & Warriors III: Kuros - Visions of Power (NES - 1992),4.00,1
Wizards & Warriors X: Fortress of Fear (Game Boy - 1990),5.00,2
Wizards Spell (ZX Spectrum - 1986),0.00,0
Wolfsbane (DOS - 1995),3.75,8
Wonder Boy III: The Dragon's Trap (Game Gear - 1992),5.00,1
Wonder Boy in Monster World (Genesis - 1991),0.00,0
Woodys World (Amiga - 1993),0.00,0
"World of Aden: Entomorph - Plague of the Darkfall (Windows 3.x, Mac - 1995)",4.50,10
World of Aden: Thunderscape (DOS - 1995),4.29,14
"Worlds of Legend: Son of the Empire (DOS, Amiga - 1993)",4.80,20
"Wrath of Denethenor (Apple II, C64 - 1986)",3.00,1
"Wrath of The Demon (DOS, Amiga, Atari ST, C64 - 1991)",4.80,10
Wyspa (Atari 8-bit - 1993),0.00,0
Władcy Ciemności (C64 - 1993),5.00,1
"Xak II: Rising of the Redmoon (PC-88, PC-98 - 1990)",0.00,0
Xak Precious Package: The Tower of Gazzel (PC-88 - 1991),0.00,0
"Xak: The Art of Visual Stage (PC-88, PC-98, SNES - 1989)",5.00,1
Xanadu: Dragon Slayer II (PC-88 - 1985),0.00,0
Xargon (DOS - 1993),4.81,48
Xexyz (NES - 1989),0.00,0
"Xianjian Qixia Zhuan (DOS, Windows - 1995)",4.75,4
Xuanyuan Jian (DOS - 1990),0.00,0
Xyphoes Fantasy (Amstrad CPC - 1991),5.00,1
"Xyphus (Mac, Apple II, C64 - 1985)",5.00,1
XZR (PC-88 - 1988),5.00,2
Yellow Brick Road (Mac - 1996),0.00,0
Yendorian Tales: Book I (DOS - 1994),5.00,1
Yendorian Tales: Book I - Chapter 2 (DOS - 1996),4.80,5
Yendorian Tales: The Tyrants of Thaine (DOS - 1997),5.00,2
Young Merlin (SNES - 1993),5.00,1
"Ys II: Ancient Ys Vanished - The Final Chapter (NES, PC-88, PC-98 - 1990)",5.00,1
"Ys III: Wanderers from Ys (Genesis, NES, PC-98, SNES - 1991)",5.00,1
Ys IV: Mask of the Sun (SNES - 1993),0.00,0
Ys V: Ushinawareta Suna no Miyako Kefin (SNES - 1995),5.00,1
"Ys: The Vanished Omens (DOS, Apple IIgs, NES, PC-88 - 1989)",4.50,8
Yume Meikyū: Kigurumi Daibōken (SNES - 1994),0.00,0
"Zan: Yasha Enbukyoku (Genesis, PC-88 - 1991)",0.00,0
Zauberschloß (C64 - 1984),0.00,0
Zavas (PC-88 - 1988),0.00,0
Zbir (Atari 8-bit - 1993),0.00,0
Zelda II: The Adventure of Link (NES - 1987),4.29,7
"Zeliard (DOS, PC-88 - 1990)",4.63,27
"Zodiac (Commodore 16, C64 - 1985)",0.00,0
Zodiac / The Search for the Secret of Life (C64 - 1987),5.00,1
Zombie Hunter (NES - 1987),5.00,2
"Zork II: The Wizard of Frobozz (DOS, Amiga, Amstrad CPC, Apple II, Atari 8-bit, Atari ST, C64 - 1983)",4.40,15
"Zork III: The Dungeon Master (DOS, Amiga, Amstrad CPC, Apple II, Atari 8-bit, Atari ST, C64 - 1983)",4.15,13
"Zork Trilogy (DOS, Mac - 1986)",4.48,23
"Zork Zero: The Revenge of Megaboz (DOS, Amiga, Mac, Apple II - 1989)",4.55,11
"Zork: The Great Underground Empire (DOS, Amiga, Amstrad CPC, Apple II, Atari 8-bit, Atari ST, C64 - 1982)",4.29,172
"Zork: The Undiscovered Underground (Windows, Mac, C64 - 1997)",5.00,1
"ZorkQuest: Assault on Egreth Castle (DOS, C64 - 1988)",4.50,6
"ZorkQuest: The Crystal of Doom (DOS, C64 - 1988)",4.71,7
Zyll (DOS - 1984),3.80,5
Zythum (ZX Spectrum - 1986),0.00,0
