Title,Average Rating,Number of Ratings
"1942 (Amstrad CPC, C64, Game Boy Color, MSX, NES, PC-88, ZX Spectrum - 1986)",4.43,7
1942: The Pacific Air War (DOS - 1994),4.32,109
"1943: The Battle of Midway (Amiga, Amstrad CPC, Atari ST, C64, NES, ZX Spectrum - 1988)",4.38,13
"3D Lunattack (C64, Dragon 32/64, ZX Spectrum - 1985)",0.00,0
"50 Mission Crush (DOS, Apple II, Atari 8-bit, C64 - 1986)",2.78,10
737 Flight Simulator (MSX - 1984),5.00,2
747 (C64 - 1985),5.00,1
"747 Flight Simulator (Atari 8-bit, C64, Dragon 32/64 - 1983)",5.00,3
A-10 Attack! (Mac - 1995),4.75,4
A-10 Cuba! (Mac - 1996),5.00,3
"A-10 Tank Killer (DOS, Amiga - 1989)",4.50,16
A-10 Tank Killer v. 1.5 (DOS - 1991),4.45,31
A.S.P.: Air Strike Patrol (SNES - 1994),5.00,2
A320 Airbus Vol. 2 (Amiga - 1995),0.00,0
"A320 Airbus: Edition Europa (DOS, Amiga - 1993)",4.76,29
"A320 Airbus: Edition USA (DOS, Amiga, Atari ST - 1993)",4.00,6
"Absolute Zero (DOS, Mac - 1995)",3.86,14
"ACE 2 (DOS, Amstrad CPC, Commodore 16, C64 - 1987)",3.00,2
"Ace of Aces (DOS, Amstrad CPC, Atari 8-bit, C64, MSX - 1987)",4.17,12
"ACE: Air Combat Emulator (DOS, Amstrad CPC, Commodore 16, C64, VIC-20 - 1986)",4.00,6
Aces of the Pacific (DOS - 1992),4.50,32
Aces Over Europe (DOS - 1993),4.52,23
Achtung Spitfire (Mac - 1997),4.63,8
"Acrojet (Amstrad CPC, C64, PC-88 - 1987)",4.00,1
"Action Fighter (DOS, Amiga, Amstrad CPC, Atari ST, C64 - 1989)",4.20,5
Aerial Assault (Game Gear - 1992),0.00,0
Aero Fighters (SNES - 1993),0.00,0
"Aerobiz (Genesis, PC-98, SNES - 1992)",5.00,4
Aeromathics (DOS - 1986),2.50,2
"After Burner (Amiga, C64 - 1989)",4.75,4
"After Burner II (DOS, Amiga, Genesis, NES, SEGA 32X - 1989)",4.38,13
"Air Bucks (DOS, Amiga, Atari ST - 1992)",4.33,37
Air Diver (Genesis - 1990),5.00,1
"Air Duel: 80 Years of Dogfighting (DOS, Amiga - 1993)",4.54,31
Air Power: Battle in the Skies (DOS - 1995),4.34,21
"Air Support (Amiga, Atari ST - 1992)",5.00,2
Air Traffic Controller (DOS - 1985),4.00,5
Air Trax (DOS - 1983),2.33,3
"Air Warrior (DOS, Amiga, Mac, Atari ST - 1992)",4.34,12
AirForce Delta (Game Boy Color - 2000),0.00,0
Airlift Rescue (DOS - 1995),5.00,3
Airliner (C64 - 1984),4.00,1
Airport Tycoon (Windows - 2000),4.00,6
Airport Tycoon 3 (Windows - 2003),5.00,4
"Airstrike USA (DOS, Amiga - 1990)",4.83,6
Airwolf (NES - 1989),0.00,0
"Ajax (DOS, Amstrad CPC, C64 - 1989)",5.00,4
"Aliens: The Computer Game (Amstrad CPC, Apple II, C64 - 1987)",5.00,2
"Apollo 18: Mission to the Moon (DOS, C64 - 1988)",4.09,12
Approach Trainer (Amiga - 1995),4.33,3
Aquaventura (Amiga - 1992),0.00,0
"Arcade Flight Simulator (Amstrad CPC, C64 - 1989)",5.00,1
"Armour-Geddon (DOS, Amiga, Atari ST - 1992)",4.60,10
Armour-Geddon 2: Codename Hellfire (Amiga - 1994),4.50,2
Assault Machine (C64 - 1986),0.00,0
Assault On Port Stanley (Amstrad CPC - 1985),5.00,1
ATAC: The Secret War Against Drugs (DOS - 1992),4.27,15
"ATF: Advanced Tactical Fighter (Amstrad CPC, C64 - 1988)",0.00,0
"AV-8B Harrier Assault (DOS, Amiga, Atari ST - 1993)",4.19,21
"B-1 Nuclear Bomber (DOS, Apple II, Atari 8-bit, C64, VIC-20 - 1983)",4.29,14
"B-17 Flying Fortress (DOS, Amiga, Atari ST - 1992)",4.65,85
"B-24 (DOS, Apple II, C64 - 1987)",4.00,5
Back to Baghdad (DOS - 1996),4.67,3
"Balloon Kid (Game Boy, Game Boy Color - 1990)",3.00,2
Banshee (Amiga - 1994),4.00,2
Battlecruiser Millennium (Windows - 2001),5.00,7
Battlefield 1942 (Windows - 2002),4.59,169
"Battlehawks 1942 (DOS, Amiga, Atari ST - 1988)",4.20,10
"Biggles (Amstrad CPC, C64 - 1986)",5.00,3
"Birds of Prey (DOS, Amiga - 1992)",3.80,10
"Bismarck (Amiga, Apple II, Atari 8-bit, Atari ST, C64 - 1988)",0.00,0
Black Hawk (C64 - 1984),0.00,0
Blitzer (Windows 3.x - 1991),5.00,1
"Blue Angels: Formation Flight Simulation (DOS, Amiga, Atari ST, C64 - 1989)",5.00,5
"Blue Max (Atari 8-bit, C64 - 1983)",5.00,1
"Blue Max: Aces of the Great War (DOS, Amiga, Atari ST - 1990)",4.25,8
Bodyworks Voyager: Missions in Anatomy (DOS - 1994),4.50,6
Bomber (DOS - 1993),4.00,1
Bomber Bob (Amiga - 1990),4.00,1
Captain Planet and the Planeteers (NES - 1991),0.00,0
Captain Skyhawk (NES - 1990),0.00,0
Carrier Aces (SNES - 1995),4.00,1
Chaos Control (Mac - 1996),0.00,0
Chopper Commando (DOS - 1990),4.00,3
Chopper Duel (DOS - 1993),3.67,3
"Chuck Yeager's Advanced Flight Simulator (DOS, Mac, Amstrad CPC, Apple II, C64 - 1987)",3.70,10
"Chuck Yeager's Advanced Flight Trainer 2.0 (DOS, Amiga, Atari ST - 1989)",4.80,10
Chuck Yeager's Air Combat (DOS - 1991),4.55,46
COALA (Amiga - 1995),5.00,1
"Combat Air Patrol (DOS, Amiga - 1995)",4.00,15
Computer Air Combat (Apple II - 1980),4.00,1
Corncob 3-D: The Other Worlds Campaign (DOS - 1992),3.67,3
Corncob Deluxe (DOS - 1994),4.80,5
CosmoTank (Game Boy - 1990),0.00,0
"Cougar Force (DOS, Amiga, Atari ST - 1990)",4.00,7
Crimson Skies (Windows - 2000),4.00,5
"D-Day (DOS, Amiga, Amstrad CPC, Atari ST - 1992)",4.64,14
Darker (DOS - 1995),4.43,7
David Wolf: Secret Agent (DOS - 1989),4.63,8
"Dawn Patrol (DOS, Amiga - 1994)",4.50,6
"Deathscape (Amstrad CPC, C64 - 1987)",0.00,0
"Deep Strike (Amstrad CPC, C64 - 1986)",4.00,1
Delta Fighter (C64 - 1988),0.00,0
Delta V (DOS - 1994),3.75,4
Descent³ (Linux - 1999),0.00,0
Desert Hawk (C64 - 1986),0.00,0
Desert Wolf (Amiga - 1996),3.67,3
Destination Earthstar (NES - 1990),0.00,0
"Destination: Mars! (DOS, Mac - 1991)",4.50,8
"Disney's TaleSpin (Game Boy, NES - 1992)",0.00,0
"Dive Bomber (DOS, Amstrad CPC, Apple II, Atari ST, C64 - 1988)",4.25,8
Dogfight (Amiga - 1990),0.00,0
Dogfight (Atari ST - 1990),0.00,0
Dragonwing (VIC-20 - 2002),0.00,0
Ducky Dan (C64 - 1989),0.00,0
"E.S.S. (Amiga, Atari ST - 1989)",5.00,2
"Eagle's Rider (DOS, Amstrad CPC, Atari ST - 1991)",0.00,0
"Eagles (Apple II, Atari 8-bit, C64 - 1983)",4.00,1
"Echelon (DOS, Amstrad CPC, Apple II, C64 - 1988)",4.44,9
EF 2000 (DOS - 1995),4.71,38
Embryo (Amiga - 1994),0.00,0
"Escape (Apple II, C64 - 1985)",0.00,0
Eskadra (Amiga - 1996),0.00,0
European Air War (Windows - 1998),4.53,15
Evasive Action (DOS - 1993),5.00,6
Exo Squad (Genesis - 1995),0.00,0
F-117 Night Storm (Genesis - 1993),0.00,0
"F-117A Nighthawk Stealth Fighter 2.0 (DOS, Amiga, Mac - 1991)",4.55,132
F-117A Stealth Fighter (NES - 1992),0.00,0
F-14 Tomcat (DOS - 1990),4.30,20
F-14 Tomcat (C64 - 1988),4.75,4
F-15 City War (NES - 1990),4.00,3
"F-15 Strike Eagle (DOS, Amstrad CPC, Atari 8-bit, Atari ST, C64, Game Boy, Game Gear, NES, PC-88 - 1985)",4.00,8
"F-15 Strike Eagle II (DOS, Amiga, Atari ST, Genesis - 1989)",4.57,37
F-15 Strike Eagle III (DOS - 1992),4.43,110
F-16 Aggressor (Windows - 1998),5.00,7
"F-16 Combat Pilot (DOS, Amiga, Amstrad CPC, Atari ST, C64 - 1989)",4.74,39
F-16 Early Deployment Airstrike Force (DOS - 1984),4.00,1
F-16 Multirole Fighter (Windows - 1998),4.38,16
F-18 Hornet (C64 - 1988),5.00,1
"F-19 Stealth Fighter (DOS, Amiga, Atari ST, C64 - 1988)",4.42,140
F-22 Interceptor (Genesis - 1991),5.00,1
F-22 Lightning 3 (Windows - 1999),4.75,8
F-22 Lightning II (DOS - 1996),4.80,5
F-22 Raptor (Windows - 1997),4.29,7
F/A-18 Hornet (Mac - 1993),5.00,4
F/A-18 Hornet 3.0 (Windows - 1997),4.20,5
F/A-18 Interceptor (Amiga - 1988),5.00,2
F/A-18 Korea (Windows - 1997),5.00,4
F/A-18 Precision Strike Fighter (Windows - 2001),5.00,4
"F1 Tornado (Amstrad CPC, C64 - 1991)",4.00,1
F1 Tornado (Atari ST - 1992),4.00,1
F22 Air Dominance Fighter (Windows - 1997),4.50,10
"F29 Retaliator (DOS, Amiga, Atari ST - 1990)",4.70,33
"Falcon (DOS, Amiga, Mac, Atari ST - 1987)",4.13,15
Falcon 3.0 (DOS - 1991),4.56,50
Falcon A.T. (DOS - 1988),4.76,17
"Falcon Patrol (Commodore 16, C64, VIC-20 - 1986)",3.00,2
Falcon Patrol II (C64 - 1984),5.00,2
Fighter Duel (DOS - 1995),4.60,5
"Fighter Pilot (Amstrad CPC, Atari 8-bit, C64 - 1985)",4.50,2
Fighter Wing (DOS - 1995),4.25,4
Fire Mustang (Genesis - 1991),0.00,0
"First Over Germany (DOS, C64 - 1989)",5.00,4
First Strike (C64 - 1989),4.00,4
Fleet Defender (DOS - 1994),4.58,26
Fleuch 2.0 (Amiga - 1993),0.00,0
Flight Assignment: Airline Transport Pilot (DOS - 1990),4.30,10
Flight Commander (Mac - 1993),5.00,4
Flight Commander 2 (Mac - 1995),4.50,6
Flight Light Plus (DOS - 1996),4.38,13
"Flight of The Intruder (DOS, Amiga, Atari ST, NES - 1990)",4.75,12
"Flight Path 737 (Amiga, Amstrad CPC, C64, VIC-20 - 1988)",4.00,1
Flight Simulator (Apple II - 1980),5.00,1
"Flight Simulator II (Amiga, Apple II, Atari 8-bit, Atari ST, C64 - 1987)",4.00,3
Flight Simulator with Torpedo Attack (PC-88 - 1988),0.00,0
"Flight Unlimited (DOS, Mac - 1995)",5.00,6
Flight Unlimited II (Windows - 1997),4.20,5
Flight Unlimited III (Windows - 1999),4.50,8
"Fly Harder (Amiga, Amiga CD32, C64 - 1993)",4.50,2
Fly! (Windows - 1999),5.00,3
Fly! II (Windows - 2001),5.00,5
Flygame (DOS - 1991),0.00,0
Flying Ace (Atari 8-bit - 1983),4.00,1
Flying Nightmares (Mac - 1994),5.00,1
"G-Loc Air Battle (Amiga, Amstrad CPC, Atari ST, C64, Game Gear, Genesis - 1992)",5.00,1
Gadget Twins (Genesis - 1992),0.00,0
"Galactic Empire (DOS, Amiga, Atari ST - 1990)",3.88,8
Gamma Wing (DOS - 1991),0.00,0
Gauntlet (Atari 8-bit - 1984),0.00,0
"Gee Bee Air Rally (Amiga, Amstrad CPC, C64 - 1987)",4.00,1
"Gem Stone Legend (Amiga, Atari ST - 1990)",0.00,0
Glider Pilot (C64 - 1985),4.00,1
Glider PRO (Mac - 1994),5.00,2
Gravity Well (DOS - 1996),4.00,1
Halo: Combat Evolved (Windows - 2003),4.11,18
Hardwar (Windows - 1998),4.00,2
"Harrier 7 (DOS, C64 - 1989)",5.00,2
"Harrier Attack! (Amstrad CPC, C64 - 1984)",5.00,2
"Harrier Combat Simulator (DOS, Amiga, C64 - 1987)",3.63,8
"Harrier Mission (DOS, Amiga, Amstrad CPC, Atari 8-bit, C64 - 1987)",5.00,2
"Harrier Strike Mission (Mac, Atari ST - 1985)",5.00,3
Helicopter Mission (Amiga - 1994),5.00,2
Helikopter-Jagd (C64 - 1986),0.00,0
Hellbender (Windows - 1996),5.00,3
"Hellcat Ace (DOS, Atari 8-bit, C64 - 1984)",4.11,9
Hellcats Over the Pacific (Mac - 1991),5.00,7
"High Roller (Atari ST, C64 - 1986)",0.00,0
Ice & Fire (Mac - 1996),4.00,3
iF-16 (DOS - 1997),4.50,8
"IFR (C64, VIC-20 - 1983)",5.00,1
"Infiltrator (DOS, Amstrad CPC, Apple II, Atari 8-bit, C64, ZX Spectrum - 1987)",5.00,6
Interpose (DOS - 1996),4.89,9
Island Strike: The Ultimate Conflict (Atari ST - 1996),0.00,0
Jagdstaffel (Atari 8-bit - 1980),0.00,0
Jane's Combat Simulations: F-15 (Windows - 1998),4.78,9
Jane's Combat Simulations: F/A-18 Simulator (Windows - 2000),4.70,10
"Jet (DOS, Amiga, Apple II, Atari ST, C64 - 1985)",4.50,8
Jet 2.0 (DOS - 1987),5.00,3
JetFighter II: Advanced Tactical Fighter (DOS - 1990),4.37,40
JetFighter: The Adventure (DOS - 1988),4.64,15
Jetset (DOS - 1982),1.00,1
"Jetstrike (DOS, Amiga - 1994)",4.67,12
Jumbo Jet Pilot (Atari 8-bit - 1982),4.00,1
Jumbo Lander (C64 - 1982),0.00,0
Jump Jet (DOS - 1992),4.23,26
Jump Jet (Dragon 32/64 - 1983),0.00,0
Jumpjet (DOS - 1990),4.43,7
"Jungle Strike (DOS, Amiga, Game Boy, Game Gear, Genesis, SNES - 1995)",4.75,16
"Jupiter Lander (C64, VIC-20 - 1982)",5.00,2
Kaeon (DOS - 1992),3.00,1
"Kennedy Approach (Amiga, Atari 8-bit, Atari ST, C64 - 1989)",4.67,6
Kid Icarus: Of Myths and Monsters (Game Boy - 1991),0.00,0
"Killing Cloud (DOS, Amiga, Atari ST - 1991)",4.30,10
"Knights of the Sky (DOS, Amiga, Atari ST - 1990)",4.29,25
"Lancaster (Amiga, Atari ST - 1989)",4.00,1
Lander (Windows - 1999),5.00,1
Lazarian (C64 - 1983),5.00,1
LineWars (DOS - 1990),3.50,4
Lock On (SNES - 1993),0.00,0
Lock-On (DOS - 1987),3.00,1
Lunar Explorer: A Space Flight Simulator (DOS - 1986),5.00,1
Lunar Landing (DOS - 1982),0.00,0
Magic Carpet (DOS - 1994),4.94,16
Magic Carpet Plus (DOS - 1995),4.62,24
"Megafortress (DOS, Amiga - 1991)",4.90,10
"Mercenary (Amstrad CPC, Atari 8-bit, Atari ST, Commodore 16, C64 - 1987)",5.00,3
"Mercenary: Escape from Targ - The Second City (C64, Atari 8-bit, Commodore 16 - 1986)",5.00,2
Merlin Challenge (DOS - 1993),4.50,6
Metal Morph (SNES - 1994),0.00,0
Microsoft Combat Flight Simulator 2: WW II Pacific Theater (Windows - 2000),4.73,11
Microsoft Combat Flight Simulator: WWII Europe Series (Windows - 1998),4.50,20
Microsoft Flight Simulator (Mac - 1986),4.00,1
Microsoft Flight Simulator (v1.0) (DOS - 1982),4.36,11
Microsoft Flight Simulator (v2.0) (DOS - 1984),4.37,11
Microsoft Flight Simulator (v3.0) (DOS - 1988),4.75,16
"Microsoft Flight Simulator (v4.0) (DOS, Mac - 1989)",4.57,21
Microsoft Flight Simulator (v5.0) (DOS - 1993),4.37,43
Microsoft Japan: Scenery Enhancement for Microsoft Flight Simulator (DOS - 1994),4.75,4
Microsoft New York: Scenery Enhancement for Microsoft Flight Simulator (DOS - 1994),4.75,4
Microsoft Paris: Scenery Enhancement for Microsoft Flight Simulator (DOS - 1993),4.75,4
Mig Alley (Windows - 1999),5.00,7
"MiG Alley Ace (Atari 8-bit, C64 - 1983)",4.00,1
"MiG-29 Fulcrum (DOS, Amiga, Atari ST - 1991)",4.38,13
"Mig-29 Soviet Fighter (Amiga, Amstrad CPC, C64, NES - 1990)",2.50,2
MiG-29: Fighter Pilot (Genesis - 1993),0.00,0
"MiG-29M Super Fulcrum (DOS, Amiga, Atari ST - 1991)",4.83,6
"Miramar, Jet Fighter Simulator (DOS - 1990)",0.00,0
Mission X (Atari ST - 1993),0.00,0
Navy Strike (DOS - 1996),4.40,20
Neoclyps (C64 - 1984),0.00,0
NetWars (DOS - 1993),2.00,1
No Gravity (Windows - 2006),5.00,1
Out of the Sun (Mac - 1994),5.00,2
Out on a LEM (DOS - 1984),4.00,1
Outer Ridge (DOS - 1995),3.50,4
Over the Reich (Mac - 1996),4.67,6
Overlord (DOS - 1994),4.67,12
Pacific Strike (DOS - 1994),4.77,15
Pacific Strike: Speech Pack (DOS - 1994),4.29,7
"Panther (Atari 8-bit, C64 - 1987)",5.00,1
"Paragliding (DOS, Amiga, Atari ST - 1991)",4.28,7
Phantoms Five (Apple II - 1980),0.00,0
Pilot 64 (C64 - 1983),0.00,0
Pilotwings (SNES - 1990),5.00,1
Pioneer Plague (Amiga - 1988),3.00,2
PLEBS (DOS - 1989),0.00,0
Privateer: Righteous Fire (DOS - 1994),4.60,20
Přízrak nuly (Atari 8-bit - 1988),0.00,0
ProFlight (Amiga - 1991),0.00,0
"Project Neptune (DOS, Amiga, Amstrad CPC, Atari ST, C64 - 1989)",4.07,14
Project Nomads (Windows - 2002),0.00,0
"Project: Space Station (DOS, Apple II, C64 - 1987)",4.75,24
"Prowler (DOS, C64 - 1987)",3.50,2
Pylon Racer (DOS - 1985),5.00,1
Pyrotechnica (DOS - 1995),5.00,3
Quasar (Atari ST - 1986),0.00,0
Radix: Beyond the Void (DOS - 1995),4.67,6
Ranger X (Genesis - 1993),5.00,2
"Reach for the Skies (Amiga, Atari ST - 1993)",4.20,5
"Red Arrows (Amstrad CPC, C64 - 1985)",0.00,0
"Red Baron (DOS, Amiga, Mac - 1990)",4.83,46
Rescue Raiders (Apple II - 1984),5.00,6
Ring Wars (C64 - 1988),4.00,1
Ripcord (Atari ST - 1986),0.00,0
"River Raid (Atari 8-bit, ColecoVision, C64 - 1983)",5.00,1
"RoboCop 3 (DOS, Amiga, Atari ST - 1992)",4.50,16
SantaFly (Atari ST - 2002),0.00,0
Scenery Disk 4 (C64 - 1985),0.00,0
Scholastic's The Magic School Bus: Space Exploration Game (Genesis - 1995),0.00,0
"Scramble Spirits (Amiga, Amstrad CPC, Atari ST, C64 - 1990)",5.00,2
"Screaming Wings (Amiga, Atari 8-bit - 1987)",5.00,1
Secret Weapons of the Luftwaffe (DOS - 1991),5.00,7
Secret Weapons of the Luftwaffe (CD-ROM) (DOS - 1992),4.33,29
Sentinel (C64 - 1984),4.00,1
"Shootout at the OK Galaxy (C64, VIC-20 - 1982)",4.50,2
"Sigma 7 (Amstrad CPC, C64 - 1987)",0.00,0
Silent Thunder: A-10 Tank Killer II (Windows - 1996),5.00,10
Sky Cat (DOS - 1991),5.00,3
Sky Destroyer (NES - 1985),0.00,0
Sky Kid (NES - 1986),5.00,1
"Sky Runner (DOS, C64 - 1987)",4.00,4
Sky Writer (Atari 8-bit - 1983),0.00,0
Skychase (DOS - 1990),5.00,5
"Skyfox (Amstrad CPC, Apple II, Atari ST, C64 - 1986)",5.00,2
Slipstream 5000 (DOS - 1995),4.47,19
"Snow Strike (DOS, Amiga, Amstrad CPC, Atari ST, C64 - 1990)",3.50,4
"Solo Flight (DOS, Apple II, Atari 8-bit, C64 - 1985)",4.85,8
Solo Flight (Enhanced) (C64 - 1984),0.00,0
Solo Flight: 2nd Edition (C64 - 1985),5.00,1
Sopwith (DOS - 1984),5.00,5
Sopwith (DOS - 1985),5.00,3
Space Ace (SNES - 1993),0.00,0
"Space Harrier II (Amiga, Amstrad CPC, Atari ST, C64, Genesis - 1990)",3.67,3
Space Vikings (Apple II - 1982),5.00,4
Spellicopter (Atari 8-bit - 1983),0.00,0
"Spitfire '40 (Amstrad CPC, Atari 8-bit, C64 - 1986)",4.00,1
"Spitfire Ace (DOS, Atari 8-bit, C64 - 1984)",5.00,4
Star Fox (SNES - 1993),4.00,1
Star Fox 2 (SNES - 1996),0.00,0
Star Fox: Super Weekend (SNES - 1993),3.50,8
Star Wars (NES - 1987),4.00,2
Star Wars: Rebel Assault (Mac - 1993),4.88,8
Starfighter 3000 (Mac - 1996),5.00,1
"Stealth (Atari 8-bit, C64 - 1984)",5.00,1
Stealth ATF (NES - 1989),0.00,0
Stealth Mission (C64 - 1987),4.00,1
Stinger (NES - 1986),0.00,0
"Storm Master (DOS, Amiga, Atari ST - 1992)",5.00,4
Storm Warrior (C64 - 1984),5.00,1
Stormovik: SU-25 Soviet Attack Fighter (DOS - 1990),4.29,14
"Strike Aces (DOS, Amiga, Amstrad CPC, C64 - 1990)",4.38,8
Strike Commander (DOS - 1993),4.62,50
Strike Commander: Tactical Operations (DOS - 1993),4.50,23
Strike Force Harrier (DOS - 1986),4.25,8
"Strike Force Harrier (Amiga, Amstrad CPC, Atari ST, C64 - 1988)",4.43,7
Strike Gunner S.T.G. (SNES - 1992),0.00,0
Striker (DOS - 1985),4.31,13
Stunt Island (DOS - 1992),4.70,23
Su-27 Flanker (DOS - 1996),4.31,40
Suicide Strike (C64 - 1983),3.33,3
Super Lander (Dragon 32/64 - 1982),0.00,0
Super NES Super Scope 6 (SNES - 1992),0.00,0
Super Strike Eagle (SNES - 1993),4.00,2
Super-VGA Harrier (DOS - 1993),4.67,15
Superman (Game Boy - 1997),0.00,0
"Superman: The Man of Steel (DOS, Amiga, Amstrad CPC, Atari ST, C64 - 1991)",4.75,16
"Terminal Velocity (DOS, Mac - 1995)",4.72,39
TFX (DOS - 1993),4.58,19
"Thanatos (Amstrad CPC, C64 - 1986)",3.50,2
"The Ancient Art of War in the Skies (DOS, Amiga, Atari ST - 1992)",4.38,13
"The Dam Busters (DOS, Amstrad CPC, Apple II, ColecoVision, C64 - 1985)",4.80,10
"The Earth Dies Screaming (Atari 8-bit, VIC-20 - 1983)",5.00,1
The Heroes of the 357th (DOS - 1992),4.57,7
The Jet Action (Atari 8-bit - 1992),0.00,0
"The Rocketeer (DOS, SNES - 1991)",4.83,18
The Rocketeer (NES - 1991),0.00,0
"Their Finest Hour: The Battle of Britain (DOS, Amiga, Atari ST - 1989)",4.38,13
"Their Finest Missions: Volume One (DOS, Amiga, Atari ST - 1989)",5.00,4
"Thud Ridge: American Aces in 'Nam (DOS, C64 - 1988)",3.44,9
"Thunder Burner (Amiga, Amstrad CPC, Atari ST - 1992)",1.00,1
"Thunder&Lightning (Mac, Linux - 2015)",3.67,3
"TLL: Tornado Low Level (Amstrad CPC, C64 - 1985)",4.00,1
"Tomahawk (DOS, Amstrad CPC, Apple II, Apple IIgs, Atari 8-bit, C64 - 1987)",4.86,7
"Top Gun (DOS, Amstrad CPC, C64 - 1987)",4.25,4
Top Gun (NES - 1987),5.00,2
Top Gun: Danger Zone (DOS - 1991),4.55,18
Top Gun: Fire at Will! (Mac - 1998),5.00,5
Top Gun: Guts & Glory (Game Boy - 1993),5.00,1
Top Gun: The Second Mission (NES - 1989),5.00,2
"Tornado (DOS, Amiga - 1993)",5.00,6
Tornado Ground Attack (Amiga - 1991),3.67,3
Total Air War (Windows - 1998),4.50,8
Tower FRA (Amiga - 1990),0.00,0
"Tracon II (DOS, Amiga - 1990)",4.32,22
Tracon: Air Traffic Control Simulator (DOS - 1989),4.37,30
Tranquility Base (Apple II - 1984),0.00,0
"Tribes 2 (Windows, Linux - 2001)",0.00,0
Triclops Invasion (DOS - 1986),4.00,1
Triplane Turmoil (DOS - 1996),4.82,11
Trueblood: The Karthanian Ultimatum (DOS - 1994),1.00,1
Turn and Burn: No-Fly Zone (SNES - 1994),5.00,2
Turn and Burn: The F-14 Dogfight Simulator (Game Boy - 1992),0.00,0
Twin Eagle (NES - 1989),0.00,0
Twin Tornado (C64 - 1987),4.00,1
TwinBee (NES - 1986),0.00,0
"U.N. Squadron (Amiga, Amstrad CPC, Atari ST, C64, SNES, ZX Spectrum - 1990)",4.00,3
U.S. Navy Fighters (Gold) (DOS - 1995),4.72,19
"U.S.A.A.F. - United States Army Air Force (Apple II, Atari 8-bit - 1985)",5.00,1
UFO (DOS - 1989),4.86,7
"Ugh! (DOS, Amiga, C64 - 1992)",4.79,14
Ultimate Air Combat (NES - 1992),5.00,1
"Up Up and Away (Atari 8-bit, C64 - 1983)",0.00,0
Utopos (Atari ST - 1993),0.00,0
Valkyrie (Mac - 1993),5.00,1
Veritech: Variable Fighter Simulator (DOS - 1994),3.80,5
Virus: The Game (Windows - 1997),4.00,1
War Eagles (DOS - 1989),4.29,7
Wargasm (Windows - 1998),4.17,6
Werewolf (DOS - 1995),5.00,4
Wing Commander (C64 - 1984),4.00,1
Wing Commander II: Vengeance of the Kilrathi - Special Operations 1 (DOS - 1991),5.00,3
Wing Commander: Privateer - Speech Pack (DOS - 1993),4.62,8
Wing Commander: The Secret Missions 2 - Crusade (DOS - 1991),4.59,17
Wings (Amiga - 1990),5.00,11
Wings 2: Aces High (SNES - 1992),5.00,1
"Wings of Fury (DOS, Amiga, Amstrad CPC, Apple II, C64 - 1989)",4.65,23
Wings over Europe: Cold War Gone Hot (Windows - 2006),4.50,2
Wings over Vietnam (Windows - 2004),0.00,0
Worlds of Flight (Dragon 32/64 - 1984),0.00,0
WW2 Air Force Commander (DOS - 1993),4.33,6
X-15 Alpha Mission (C64 - 1987),0.00,0
X-Plane 5 (Mac - 1999),4.00,2
"Xenocide (DOS, Apple IIgs - 1990)",3.67,3
Xerix (DOS - 1992),5.00,1
Xyphr (DOS - 1991),3.00,2
Zarathrusta (Amiga - 1991),2.00,1
"Zeppelin: Giants of the Sky (DOS, Amiga - 1995)",2.57,14
Zzoom (ZX Spectrum - 1983),5.00,1
