Title,Average Rating,Number of Ratings
Alien Anarchy (DOS - 1999),0.00,0
Alien Cabal (DOS - 1997),4.33,12
Alien Trilogy (DOS - 1996),4.32,41
Aliens Versus Predator: Gold Edition (Mac - 2001),4.43,28
"Apache Strike (DOS, Mac, C64 - 1989)",5.00,1
Backlash: A Turret Gunner Simulation (DOS - 1995),5.00,3
Beach Head 2002 (Mac - 2002),4.44,18
Blake Stone: Aliens of Gold (DOS - 1993),4.50,70
Blake Stone: Planet Strike! (DOS - 1994),4.59,46
Blood (DOS - 1997),4.68,82
Blood Bath at Red Falls (Mac - 1995),5.00,1
Blood II: The Chosen (Windows - 1998),4.60,80
Bodyworks Voyager: Missions in Anatomy (DOS - 1994),4.50,6
Bram Stoker's Dracula (DOS - 1993),4.65,23
Bunny Blast (DOS - 1992),0.00,0
Burn:Cycle (Mac - 1995),3.50,4
Castle Master 2: The Crypt (DOS - 1990),4.30,10
Catacomb 3-D (DOS - 1991),4.15,40
Catechumen (Windows - 2000),3.78,9
Cavemaze 3D (DOS - 1994),0.00,0
Chaos Control (Mac - 1996),0.00,0
Chasm: The Rift (DOS - 1997),4.53,32
"Chex Quest (DOS, Mac - 1996)",4.51,45
Chex Quest 2 (DOS - 1996),4.38,21
"Corporation (DOS, Amiga, Atari ST, Genesis - 1991)",3.33,3
Corpse Killer (Mac - 1994),5.00,2
Corridor 7: Alien Invasion (DOS - 1994),4.53,30
"Crazy Shot (DOS, Amiga, Amstrad CPC, Atari ST - 1989)",4.67,6
Crime Patrol (Mac - 1994),5.00,3
Curse of the Catacombs (DOS - 1993),4.67,6
CyberMage: Darklight Awakening (DOS - 1995),4.82,17
CyClones (DOS - 1994),4.44,9
Damage Incorporated (Mac - 1997),4.60,5
"Dark Side (DOS, Amiga, Amstrad CPC, Atari ST, C64 - 1988)",5.00,5
David Wolf: Secret Agent (DOS - 1989),4.63,8
Dawn (DOS - 2010),4.20,5
"Day of the Viper (DOS, Amiga, Atari ST - 1990)",4.50,2
DeathTrack (DOS - 1989),4.93,15
Depth Dwellers (DOS - 1994),3.45,18
"Descent (DOS, Mac - 1995)",4.44,73
Descent II (Mac - 1997),4.83,6
Deus Ex (Mac - 2000),4.50,14
Devastator (DOS - 1984),1.00,1
"Die Hard 2: Die Harder (DOS, Amiga, Atari ST, C64 - 1992)",2.83,6
"Dive Bomber (DOS, Amstrad CPC, Apple II, Atari ST, C64 - 1988)",4.25,8
"Doom (DOS, SEGA 32X, SNES - 1993)",4.34,1534
"DOOM II (DOS, Mac - 1994)",4.31,2231
Eat My Photons! (Mac - 1994),0.00,0
Eight Legged Freaks (Mac - 2002),4.67,6
"Epic (DOS, Amiga, Atari ST - 1992)",4.38,13
"Exterminator (DOS, Amiga, Amstrad CPC, Atari ST, C64 - 1990)",3.33,3
Extreme Assault (DOS - 1997),4.38,8
Extreme Rise of the Triad (DOS - 1995),4.96,22
Final DOOM (Mac - 1996),4.94,17
"Flames of Freedom (DOS, Amiga - 1992)",4.63,8
"Frontier: Elite II (DOS, Amiga, Atari ST - 1993)",4.65,34
Gamma Wing (DOS - 1991),0.00,0
Garfield's Mad About Cats (Mac - 2000),3.00,2
Gloom (DOS - 2010),3.45,11
Gloomstein (DOS - 2010),4.20,10
H!Zone (DOS - 1996),1.50,2
Hades 2 (Windows - 2001),4.33,6
Hell to Pay (DOS - 1996),5.00,1
Heretic (DOS - 1994),4.51,257
"Hexen II (Windows, Mac - 1997)",4.63,35
Hexen: Beyond Heretic (DOS - 1995),4.61,229
"Hexen: Deathkings of the Dark Citadel (DOS, Mac - 1996)",4.84,19
Hotel Romanstein (DOS - 2010),4.35,20
Hypercycles (DOS - 1995),4.50,2
Ice & Fire (Mac - 1996),4.00,3
In Extremis (DOS - 1993),3.75,4
Inferno (DOS - 1994),4.67,6
"Infestation (DOS, Amiga, Atari ST - 1990)",4.72,7
Isle of the Dead (DOS - 1993),3.60,20
KA-50 Hokum (DOS - 1995),4.34,6
Ken's Labyrinth (DOS - 1993),4.36,12
Killer Bees (DOS - 1985),0.00,0
Korean Dungeon Boy (DOS - 1991),5.00,1
Kozmik Zones (DOS - 2010),1.00,1
Kozmik Zones 2 (DOS - 2010),3.00,1
Kozmik Zones 3 (DOS - 2010),0.00,0
Krazy Ivan (Windows - 1996),5.00,1
Lethal Tender (DOS - 1993),4.00,2
Lightspeed (DOS - 1990),4.13,15
LineWars (DOS - 1990),3.50,4
LineWars II (DOS - 1994),4.20,5
Lock-On (DOS - 1987),3.00,1
Lost In Zapperstein (DOS - 1994),0.00,0
Lunicus (Mac - 1994),3.75,4
MacWars (Mac - 1985),4.00,1
"Mad Dog McCree (DOS, Mac - 1993)",4.48,31
Magic Carpet (DOS - 1994),4.94,16
Magic Carpet 2: The Netherworlds (DOS - 1996),4.76,37
Magic Carpet Plus (DOS - 1995),4.62,24
Marathon (Mac - 1994),5.00,1
Marathon 2: Durandal (Mac - 1995),4.50,4
Marathon Infinity (Mac - 1996),5.00,2
Marathon Trilogy Box Set (Mac - 1997),4.00,1
Master Levels for DOOM II (DOS - 1995),4.59,112
Maze Wars (DOS - 1992),5.00,3
"MechWarrior 2: 31st Century Combat (DOS, Windows, Mac - 1995)",4.61,126
Menace of Dr. Spoil Sport (DOS - 1992),3.00,2
"Miramar, Jet Fighter Simulator (DOS - 1990)",0.00,0
Mission 2: Return to Danger - Accessory Game for Spear of Destiny (DOS - 1994),4.94,17
Mission 3: Ultimate Challenge - Accessory Game for Spear of Destiny (DOS - 1994),4.65,17
Monster Land (DOS - 2010),3.00,2
"Moon Blaster (DOS, Amiga, Amstrad CPC, Atari ST - 1990)",2.00,1
Mortal Coil: Adrenalin Intelligence (DOS - 1995),3.60,5
Nerves of Steel (DOS - 1995),4.00,5
NetWars (DOS - 1993),2.00,1
"No One Lives Forever 2: A Spy in H.A.R.M.'s Way (Windows, Mac - 2002)",4.52,87
"Nova 9: The Return of Gir Draxon (DOS, Amiga - 1991)",4.88,8
Operation Body Count (DOS - 1994),4.67,12
"Operation Wolf (DOS, Amiga, Amstrad CPC, Atari ST, C64, NES - 1989)",4.44,25
Outer Ridge (DOS - 1995),3.50,4
Pacdoom (DOS - 2010),4.50,8
Pacstein (DOS - 1992),3.67,3
Pacstein II (DOS - 1992),5.00,1
Pacstein III (DOS - 1992),5.00,1
Pathways into Darkness (Mac - 1993),4.13,8
Pearl Harbour (DOS - 1988),5.00,1
Perdition's Gate (DOS - 1996),4.00,3
"Phantasm (DOS, Amiga - 1988)",0.00,0
Powerslave (DOS - 1996),4.95,22
Prime Target (Mac - 1996),4.75,4
"Project Neptune (DOS, Amiga, Amstrad CPC, Atari ST, C64 - 1989)",4.07,14
"Prowler (DOS, C64 - 1987)",3.50,2
"Quake (DOS, Mac - 1996)",4.60,35
Quake II (Mac - 1999),4.50,24
Quake III: Arena (Mac - 1999),4.63,38
Quake III: Team Arena (Mac - 2000),4.89,9
Quantum Gate (Windows 3.x - 1993),3.67,3
Quarantine (DOS - 1994),4.67,39
"Redneck Rampage (DOS, Mac - 1997)",3.71,7
Rise of the Triad: Dark War (DOS - 1994),4.66,97
"RoboCop 3 (DOS, Amiga, Atari ST - 1992)",4.50,16
"Roller Coaster Rumbler (DOS, Amiga, Atari ST, C64 - 1990)",0.00,0
Romanstein (DOS - 2010),5.00,3
Romanstein Caverns (DOS - 2010),5.00,1
Romanstein Revisited (DOS - 2010),5.00,2
"Safari Guns (DOS, Amiga - 1989)",3.86,7
Shadow Warrior (Mac - 1997),4.39,23
Shattered Steel (Mac - 1997),5.00,3
SIMSpace (DOS - 1993),4.50,2
"Skyfox II: The Cygnus Conflict (DOS, Amiga, C64 - 1988)",4.75,8
"Soldier of Fortune II: Double Helix (Windows, Mac - 2002)",3.47,17
"Space School Simulator: The Academy (DOS, Amiga, Amstrad CPC - 1987)",4.00,4
Spear End of Destiny (DOS - 2004),5.00,1
Spear of Destiny (DOS - 1992),4.57,124
Spectre Supreme (Mac - 1993),4.60,5
Star Destroyer: Episode I (DOS - 1986),0.00,0
Star Trek: The Next Generation - Klingon Honor Guard (Mac - 1999),4.80,5
Star Trek: Voyager - Elite Force (Windows - 2000),5.00,8
Star Trek: Voyager - Elite Force expansion pack (Windows - 2001),5.00,3
"Star Wars (DOS, Amiga, Mac, Amstrad CPC, Atari 8-bit, Atari ST, ColecoVision, C64 - 1989)",4.46,24
"Star Wars: Dark Forces (DOS, Mac - 1995)",4.55,204
Star Wars: X-Wing - B-Wing (DOS - 1993),4.50,6
Star Wars: X-Wing - Imperial Pursuit (DOS - 1993),4.17,6
"StarGlider (DOS, Amiga, Amstrad CPC, Apple II, Atari ST, C64 - 1987)",4.56,9
"Starglider II (DOS, Amiga, Mac, Atari ST - 1989)",4.35,12
"Stellar 7 (DOS, Amiga, Mac - 1990)",4.75,24
Strange Worlds (DOS - 2010),4.25,8
Strange Worlds II (DOS - 2010),5.00,1
Strange Worlds III (DOS - 2010),4.25,4
Strike Force Harrier (DOS - 1986),4.25,8
Super Wolfhell (DOS - 2010),4.60,5
Supermod 3D (DOS - 2010),4.00,3
System Shock (DOS - 1994),4.78,47
"Tau Ceti (DOS, Amstrad CPC, Atari ST, C64 - 1987)",4.56,9
Terminal Terror (DOS - 1994),3.67,3
"Terminator 2: Judgment Day (DOS, Amiga, Game Boy, Game Gear, Genesis, SNES - 1993)",4.85,20
Terror of the Catacombs (DOS - 1993),0.00,0
The Catacomb Abyss (DOS - 1992),4.50,16
"The Dam Busters (DOS, Amstrad CPC, Apple II, ColecoVision, C64 - 1985)",4.80,10
The Fortress of Dr. Radiaki (DOS - 1994),3.87,15
"The Last Warrior (DOS, Atari 8-bit, C64 - 1985)",0.00,0
The Lost Episodes of Doom (DOS - 1995),4.86,14
The Nine Lives of Secret Agent Katt (DOS - 1991),3.56,9
The Sum of All Fears (Windows - 2002),4.14,7
The Terminator (DOS - 1991),4.24,21
The Terminator 2029 (DOS - 1992),4.71,17
The Terminator 2029: Operation Scour (DOS - 1993),4.50,8
The Terminator: Rampage (DOS - 1993),4.45,11
The Ultimate DOOM (DOS - 1995),4.57,499
Tommy's Jupiter Jet (DOS - 1987),5.00,1
"Tracker (DOS, Mac, C64 - 1987)",3.67,3
TRON 2.0 (Mac - 2004),4.79,14
Unreal Tournament (Mac - 2000),4.20,30
Voyager I: Sabotage of the Robot Ship (DOS - 1982),3.33,3
"War in the Gulf (DOS, Amiga - 1993)",4.56,9
"West Phaser (DOS, Amiga, Amstrad CPC, Atari ST - 1989)",3.00,2
Wicked Dream (DOS - 1994),5.00,1
"Wild Life (DOS, Amiga - 1990)",3.00,2
William Shatner's TekWar (DOS - 1995),3.93,15
Wing Commander II: Vengeance of the Kilrathi (DOS - 1991),4.54,41
Wolfenstein 3D (DOS - 1992),4.26,1508
"Wolfenstein 3D (Mac, Apple IIgs - 1995)",4.47,36
Wolfenstein 3D Super Upgrades (DOS - 1994),3.52,27
Wolfmods (DOS - 2010),3.33,3
Wolfmods II (DOS - 2010),5.00,1
Wolfmods III (DOS - 2010),5.00,1
Wrath of Earth (DOS - 1995),4.33,9
XS (DOS - 1997),4.15,13
Zone Raiders (DOS - 1995),4.75,8
Zoom 3D (DOS - 1992),5.00,2
ZPC (Mac - 1996),4.75,4
