Title,Average Rating,Number of Ratings
4-in-1 Fun Pak (Game Boy - 1992),3.00,2
4-in-1 Funpak: Volume II (Game Boy - 1993),0.00,0
Adventure Island 3 (Game Boy - 1993),4.25,4
Adventure Island II (Game Boy - 1992),3.33,3
Adventures of Lolo (Game Boy - 1994),4.00,1
Aerostar (Game Boy - 1991),0.00,0
After Burst (Game Boy - 1990),0.00,0
Alfred Chicken (Game Boy - 1993),5.00,2
Alien Olympics (Game Boy - 1994),3.60,5
Alien vs Predator: The Last of His Clan (Game Boy - 1993),5.00,1
Alien³ (Game Boy - 1993),5.00,1
All-Star Baseball 99 (Game Boy - 1998),0.00,0
Alleyway (Game Boy - 1989),5.00,1
Altered Space: A 3-D Alien Adventure (Game Boy - 1991),5.00,2
Amazing Penguin (Game Boy - 1990),0.00,0
Amazing Tater (Game Boy - 1991),0.00,0
Amida (Game Boy - 1990),0.00,0
Animaniacs (Game Boy - 1995),5.00,1
Another Bible (Game Boy - 1995),5.00,1
Arcade Classic 1: Asteroids / Missile Command (Game Boy - 1995),0.00,0
Arcade Classic 2: Centipede / Millipede (Game Boy - 1995),0.00,0
Arcade Classic 3: Galaga / Galaxian (Game Boy - 1995),0.00,0
Arcade Classic 4: Defender/Joust (Game Boy - 1995),4.00,1
Aretha (Game Boy - 1990),5.00,1
Aretha II: Ariel Fushigi no Tabi (Game Boy - 1994),5.00,1
Aretha III (Game Boy - 1992),0.00,0
Astérix (Game Boy - 1993),5.00,1
Astérix & Obélix (Game Boy - 1995),0.00,0
Asteroids (Game Boy - 1992),1.00,1
Astro Rabby (Game Boy - 1990),0.00,0
Atomic Punk (Game Boy - 1990),0.00,0
Attack of the Killer Tomatoes (Game Boy - 1992),0.00,0
Avenging Spirit (Game Boy - 1992),0.00,0
Baby T-Rex (Game Boy - 1993),0.00,0
Balloon Kid (Game Boy - 1990),3.00,2
Bamse (Game Boy - 1993),0.00,0
Barbie Game Girl (Game Boy - 1992),5.00,1
Bart Simpson's Escape from Camp Deadly (Game Boy - 1991),0.00,0
Baseball (Game Boy - 1989),5.00,1
Bases Loaded (Game Boy - 1990),0.00,0
Batman Forever (Game Boy - 1995),4.00,1
Batman: Return of the Joker (Game Boy - 1992),0.00,0
Batman: The Animated Series (Game Boy - 1993),5.00,2
Batman: The Video Game (Game Boy - 1990),0.00,0
Battle Arena Toshinden (Game Boy - 1996),4.67,3
Battle Bull (Game Boy - 1990),0.00,0
Battle City (Game Boy - 1991),5.00,3
Battle Pingpong (Game Boy - 1990),0.00,0
Battle Unit Zeoth (Game Boy - 1990),4.00,3
Battleship: The Classic Naval Combat Game (Game Boy - 1989),0.00,0
Battletoads (Game Boy - 1993),4.00,2
Battletoads (Game Boy - 1991),4.00,1
Battletoads / Double Dragon (Game Boy - 1993),5.00,2
Battlezone/Super Breakout (Game Boy - 1996),0.00,0
Beetlejuice (Game Boy - 1992),0.00,0
Best of the Best Championship Karate (Game Boy - 1992),4.32,19
Bill & Ted's Excellent Game Boy Adventure (Game Boy - 1991),0.00,0
Bill Elliott's NASCAR Fast Tracks (Game Boy - 1991),0.00,0
Bionic Commando (Game Boy - 1992),5.00,2
Black Bass: Lure Fishing (Game Boy - 1992),0.00,0
Blades of Steel (Game Boy - 1991),4.17,6
Blaster Master Boy (Game Boy - 1991),0.00,0
Blodia (Game Boy - 1990),0.00,0
Bo Jackson: Two Games in One (Game Boy - 1991),0.00,0
Boggle Plus (Game Boy - 1992),0.00,0
Bomb Jack (Game Boy - 1992),5.00,3
Bomber Man GB (Game Boy - 1994),5.00,1
Bomber Man GB 3 (Game Boy - 1996),0.00,0
Bomberman GB (Game Boy - 1995),5.00,1
Bonk's Adventure (Game Boy - 1992),3.00,1
Bonk's Revenge (Game Boy - 1994),0.00,0
Boomer's Adventure in ASMIK World (Game Boy - 1989),4.00,1
Boulder Dash (Game Boy - 1990),5.00,6
Boxxle (Game Boy - 1989),5.00,1
Boxxle II (Game Boy - 1990),5.00,1
Brain Drain (Game Boy - 1998),0.00,0
Bram Stoker's Dracula (Game Boy - 1993),0.00,0
BreakThru! (Game Boy - 1995),0.00,0
Bubble Bobble (Game Boy - 1990),4.37,124
Bubble Bobble: Part 2 (Game Boy - 1993),5.00,1
Bubble Ghost (Game Boy - 1990),4.14,7
Bubsy II (Game Boy - 1994),0.00,0
Burai Fighter Deluxe (Game Boy - 1990),4.00,1
Burger Time Deluxe (Game Boy - 1991),0.00,0
Bust-A-Move 3 DX (Game Boy - 1998),0.00,0
Bust-A-Move Again (Game Boy - 1997),3.50,2
Caesars Palace (Game Boy - 1991),0.00,0
Captain America and the Avengers (Game Boy - 1994),0.00,0
Card & Puzzle Collection: Ginga (Game Boy - 1990),0.00,0
Casino FunPak (Game Boy - 1995),2.00,2
Casper (Game Boy - 1996),0.00,0
Castle Quest (Game Boy - 1993),0.00,0
Castlevania II: Belmont's Revenge (Game Boy - 1991),5.00,1
Castlevania Legends (Game Boy - 1997),5.00,1
Castlevania: The Adventure (Game Boy - 1989),4.00,1
Catrap (Game Boy - 1990),0.00,0
Cave Noire (Game Boy - 1991),0.00,0
Centipede (Game Boy - 1992),5.00,2
Championship Pool (Game Boy - 1993),0.00,0
Chase H.Q. (Game Boy - 1990),4.00,5
Choplifter II: Rescue Survive (Game Boy - 1991),0.00,0
Choplifter III (Game Boy - 1994),0.00,0
Chuck Rock (Game Boy - 1993),4.50,2
Cliffhanger (Game Boy - 1993),4.00,1
College Slam (Game Boy - 1996),4.25,4
Contra III: The Alien Wars (Game Boy - 1994),4.00,5
Cool Ball (Game Boy - 1992),3.00,1
Cool Spot (Game Boy - 1994),4.34,18
Cool World (Game Boy - 1993),4.13,8
CosmoTank (Game Boy - 1990),0.00,0
Crash 'n' the Boys: Street Challenge (Game Boy - 1992),0.00,0
Crystal Quest (Game Boy - 1991),5.00,5
Cutthroat Island (Game Boy - 1996),0.00,0
Cyraid (Game Boy - 1991),0.00,0
Daedalian Opus (Game Boy - 1990),0.00,0
Daffy Duck (Game Boy - 1994),5.00,1
Daisenryaku (Game Boy - 1991),0.00,0
Darius+ (Game Boy - 1991),5.00,1
Darkman (Game Boy - 1992),5.00,1
David Crane's The Rescue of Princess Blobette Starring A Boy and his Blob (Game Boy - 1990),5.00,1
Days of Thunder (Game Boy - 1992),3.71,7
Dead Heat Scramble (Game Boy - 1990),0.00,0
Desert Strike: Return to the Gulf (Game Boy - 1995),4.50,24
Dexterity (Game Boy - 1990),0.00,0
Dick Tracy (Game Boy - 1991),0.00,0
Die Maus (Game Boy - 1998),0.00,0
Dig Dug (Game Boy - 1992),4.47,47
Disney's Aladdin (Game Boy - 1995),4.39,244
Disney's Darkwing Duck (Game Boy - 1993),4.00,1
Disney's DuckTales (Game Boy - 1990),5.00,2
Disney's DuckTales 2 (Game Boy - 1993),3.80,5
Disney's Hercules (Game Boy - 1997),0.00,0
Disney's Mulan (Game Boy - 1998),0.00,0
Disney's Pocahontas (Game Boy - 1996),5.00,1
Disney's TaleSpin (Game Boy - 1992),0.00,0
Disney's The Hunchback of Notre Dame (Game Boy - 1997),0.00,0
Disney's The Jungle Book (Game Boy - 1994),5.00,2
Disney's The Lion King (Game Boy - 1994),3.00,1
Disney's The Little Mermaid (Game Boy - 1992),5.00,2
Disney's Toy Story (Game Boy - 1996),3.67,3
Doki Doki Penguin Land (Game Boy - 1990),0.00,0
Donkey Kong (Game Boy - 1994),5.00,1
Donkey Kong Land (Game Boy - 1995),4.50,2
Donkey Kong Land 2 (Game Boy - 1996),4.00,3
Donkey Kong Land III (Game Boy - 1997),4.00,2
Double Dragon (Game Boy - 1990),4.73,31
Double Dragon 3: The Rosetta Stone (Game Boy - 1992),4.54,19
Double Dragon II (Game Boy - 1991),4.00,1
Double Dribble (Game Boy - 1991),4.13,8
Downtown Nekketsu Kōshinkyoku: Soreyuke Daiundōkai (Game Boy - 1992),5.00,1
Downtown Special: Kunio-kun no Jidaigeki da yo - Zenin Shūgō! (Game Boy - 1993),5.00,2
Dr. Franken (Game Boy - 1992),0.00,0
Dr. Franken II (Game Boy - 1997),0.00,0
Dr. Mario (Game Boy - 1990),4.20,5
Dragon Ball Z: Gokū Gekitōden (Game Boy - 1995),3.50,2
Dragon Ball Z: Gokū Hishōden (Game Boy - 1994),0.00,0
Dragon Slayer (Game Boy - 1990),5.00,1
Dragon Slayer Gaiden (Game Boy - 1992),0.00,0
Dragon's Lair: The Legend (Game Boy - 1991),0.00,0
Dragonheart (Game Boy - 1996),0.00,0
Dropzone (Game Boy - 1992),5.00,1
Earthworm Jim (Game Boy - 1995),4.56,39
Elevator Action (Game Boy - 1991),5.00,1
Elite Soccer (Game Boy - 1994),0.00,0
Exodus: Journey to the Promised Land (Game Boy - 1992),4.07,14
F-1 Race (Game Boy - 1990),0.00,0
F-15 Strike Eagle (Game Boy - 1993),4.00,8
F1 Pole Position (Game Boy - 1992),0.00,0
Faceball 2000 (Game Boy - 1991),0.00,0
Fastest Lap (Game Boy - 1991),0.00,0
Fatal Fury 2 (Game Boy - 1994),5.00,1
Felix the Cat (Game Boy - 1993),0.00,0
Ferrari Grand Prix Challenge (Game Boy - 1992),5.00,1
FIFA International Soccer (Game Boy - 1995),4.35,133
FIFA Soccer 96 (Game Boy - 1995),0.00,0
FIFA Soccer 97 (Game Boy - 1996),4.00,1
FIFA: Road to World Cup 98 (Game Boy - 1997),5.00,1
Final Fantasy Adventure (Game Boy - 1991),4.00,1
Final Fantasy Legend II (Game Boy - 1990),0.00,0
Final Fantasy Legend III (Game Boy - 1991),4.67,3
Fire Fighter (Game Boy - 1992),0.00,0
Fish Dude (Game Boy - 1990),0.00,0
Fist of the North Star: 10 Big Brawls for the King of the Universe! (Game Boy - 1989),0.00,0
Flappy Special (Game Boy - 1990),0.00,0
Football International (Game Boy - 1991),0.00,0
Foreman for Real (Game Boy - 1995),0.00,0
Fortified Zone (Game Boy - 1991),0.00,0
Frank Thomas Big Hurt Baseball (Game Boy - 1995),5.00,1
"Franky, Joe & Dirk: On the Tiles (Game Boy - 1993)",0.00,0
Frogger (Game Boy - 1998),4.20,20
Game & Watch Gallery (Game Boy - 1997),5.00,2
Game & Watch Gallery 2 (Game Boy - 1997),5.00,2
Game Boy Camera (included Games) (Game Boy - 1998),0.00,0
Game Boy Gallery (Game Boy - 1995),3.00,1
Game Boy Wars (Game Boy - 1991),5.00,2
Ganbare Goemon: Sarawareta Ebisumaru! (Game Boy - 1991),0.00,0
Gargoyle's Quest (Game Boy - 1990),5.00,2
Garry Kitchen's Super Battletank: War in the Gulf (Game Boy - 1994),5.00,3
Gauntlet II (Game Boy - 1990),4.68,19
Gear Works (Game Boy - 1993),4.67,3
George Foreman's KO Boxing (Game Boy - 1992),0.00,0
Ghostbusters II (Game Boy - 1990),0.00,0
Go! Go! Tank (Game Boy - 1990),0.00,0
Goal! (Game Boy - 1993),0.00,0
Godzilla (Game Boy - 1990),5.00,1
Golf (Game Boy - 1989),3.33,3
Gradius: The Interstellar Assault (Game Boy - 1991),4.00,1
Great Greed (Game Boy - 1992),5.00,1
Gremlins 2: The New Batch (Game Boy - 1990),0.00,0
HAL Wrestling (Game Boy - 1990),0.00,0
Hammerin' Harry: Ghost Building Company (Game Boy - 1992),0.00,0
Harvest Moon GB (Game Boy - 1998),5.00,1
Hatris (Game Boy - 1991),0.00,0
Heavyweight Championship Boxing (Game Boy - 1990),0.00,0
Heiankyo Alien (Game Boy - 1990),0.00,0
Herakles no Eikō: Ugokidashita Kamigami (Game Boy - 1992),0.00,0
High Stakes Gambling (Game Boy - 1992),0.00,0
Hit the Ice: The Video Hockey League (Game Boy - 1992),0.00,0
Home Alone (Game Boy - 1991),0.00,0
Home Alone 2: Lost in New York (Game Boy - 1992),5.00,1
Hook (Game Boy - 1992),5.00,2
Hudson Hawk (Game Boy - 1992),3.00,2
Hugo 2 (Game Boy - 1997),4.00,1
Hyper Lode Runner (Game Boy - 1989),0.00,0
Ikari no Yōsai 2 (Game Boy - 1992),0.00,0
In Your Face (Game Boy - 1990),0.00,0
Indiana Jones and The Last Crusade: The Action Game (Game Boy - 1994),4.06,16
International Superstar Soccer (Game Boy - 1998),5.00,2
Iron Man / X-O Manowar in Heavy Metal (Game Boy - 1996),0.00,0
Ishidō: The Way of Stones (Game Boy - 1990),5.00,1
Itchy & Scratchy in Miniature Golf Madness (Game Boy - 1994),0.00,0
Ivan 'Ironman' Stewart's Super Off Road (Game Boy - 1992),4.55,52
J League: Big Wave Soccer (Game Boy - 1995),0.00,0
J.League Fighting Soccer: The King of Ace Strikers (Game Boy - 1992),5.00,1
Jack Nicklaus Golf (Game Boy - 1992),0.00,0
James Bond 007 (Game Boy - 1998),1.00,1
James Pond 2: Codename: RoboCod (Game Boy - 1993),4.70,23
Jeep Jamboree: Off Road Adventure (Game Boy - 1992),0.00,0
Jelly Boy (Game Boy - 1994),0.00,0
Jeopardy! (Game Boy - 1991),0.00,0
Jeopardy! Sports Edition (Game Boy - 1994),5.00,1
Jeopardy! Teen Tournament (Game Boy - 1996),5.00,1
Jimmy Connors Tennis (Game Boy - 1993),0.00,0
Joe & Mac: Caveman Ninja (Game Boy - 1993),4.45,65
Jordan vs Bird: One on One (Game Boy - 1992),4.27,11
Joshua & the Battle of Jericho (Game Boy - 1993),0.00,0
Judge Dredd (Game Boy - 1995),0.00,0
Jungle Strike (Game Boy - 1995),4.75,16
Jurassic Park (Game Boy - 1993),5.00,1
Jurassic Park Part 2: The Chaos Continues (Game Boy - 1994),5.00,1
Kaeru no tame ni Kane wa Naru (Game Boy - 1992),0.00,0
Kaisen Game: NavyBlue '90 (Game Boy - 1990),0.00,0
Kid Dracula (Game Boy - 1993),3.00,1
Kid Icarus: Of Myths and Monsters (Game Boy - 1991),0.00,0
Killer Instinct (Game Boy - 1995),5.00,2
King James Bible For Use On Game Boy (Game Boy - 1994),4.00,2
Kingdom Crusade (Game Boy - 1992),4.00,1
Kinnikuman: The Dream Match (Game Boy - 1992),0.00,0
Kirby's Block Ball (Game Boy - 1995),4.00,4
Kirby's Dream Land (Game Boy - 1992),4.22,83
Kirby's Dream Land 2 (Game Boy - 1995),4.20,46
Kirby's Pinball Land (Game Boy - 1993),4.71,7
Kirby's Star Stacker (Game Boy - 1997),4.00,5
Klax (Game Boy - 1990),4.22,9
Knight Quest (Game Boy - 1991),0.00,0
Konami GB Collection: Vol.1 (Game Boy - 1997),5.00,1
Konami GB Collection: Vol.2 (Game Boy - 1998),0.00,0
Konami GB Collection: Vol.3 (Game Boy - 1997),0.00,0
Konami GB Collection: Vol.4 (Game Boy - 1998),5.00,1
Krusty's Super Fun House (Game Boy - 1993),4.33,9
Kung' Fu Master (Game Boy - 1990),0.00,0
Kwirk (Game Boy - 1989),0.00,0
Lamborghini: American Challenge (Game Boy - 1994),4.10,29
Las Vegas Cool Hand (Game Boy - 1998),0.00,0
Last Action Hero (Game Boy - 1993),0.00,0
Legend of the River King GB (Game Boy - 1997),4.00,1
Lemmings (Game Boy - 1993),4.69,111
Lemmings 2: The Tribes (Game Boy - 1994),4.37,27
Lethal Weapon (Game Boy - 1993),0.00,0
Lock n' Chase (Game Boy - 1990),0.00,0
Looney Tunes (Game Boy - 1992),5.00,1
Loopz (Game Boy - 1991),5.00,1
Lucky Luke (Game Boy - 1996),0.00,0
LUCLE (Game Boy - 1994),0.00,0
Lunar Lander (Game Boy - 1990),0.00,0
M.C. Kids (Game Boy - 1992),4.71,7
Mad Magazine's Official Spy vs Spy (Game Boy - 1992),4.00,1
Madden 95 (Game Boy - 1994),0.00,0
Madden 96 (Game Boy - 1995),0.00,0
Madden 97 (Game Boy - 1996),0.00,0
Magical Tarurūto-kun (Game Boy - 1991),0.00,0
Magnetic Soccer (Game Boy - 1992),0.00,0
Malibu Beach Volleyball (Game Boy - 1989),0.00,0
Marble Madness (Game Boy - 1991),4.60,25
Mario's Picross (Game Boy - 1995),3.67,3
Maru's Mission (Game Boy - 1990),2.00,1
Master Karateka (Game Boy - 1989),0.00,0
Maui Mallard in Cold Shadow (Game Boy - 1998),5.00,3
Max (Game Boy - 1992),0.00,0
Mega Man II (Game Boy - 1991),3.00,1
Mega Man III (Game Boy - 1992),0.00,0
Mega Man IV (Game Boy - 1993),5.00,2
Mega Man V (Game Boy - 1994),5.00,2
Mega Man: Dr. Wily's Revenge (Game Boy - 1991),2.50,2
Megalit (Game Boy - 1991),0.00,0
Megami Tensei Gaiden: Last Bible II (Game Boy - 1993),0.00,0
Meitantei Conan: Chika Yūenchi Satsujin Jiken (Game Boy - 1996),0.00,0
Mercenary Force (Game Boy - 1990),5.00,1
Metroid II: Return of Samus (Game Boy - 1991),4.00,36
Mickey Mouse (Game Boy - 1991),5.00,2
Mickey Mouse: Magic Wands! (Game Boy - 1993),3.00,3
Mickey's Dangerous Chase (Game Boy - 1991),0.00,0
Mickey's Ultimate Challenge (Game Boy - 1994),2.50,2
Micro Machines (Game Boy - 1995),4.40,15
Micro Machines 2: Turbo Tournament (Game Boy - 1994),4.15,13
Mighty Morphin Power Rangers (Game Boy - 1994),0.00,0
Mighty Morphin Power Rangers: The Movie (Game Boy - 1995),5.00,1
Milon's Secret Castle (Game Boy - 1993),0.00,0
Minesweeper (Game Boy - 1991),0.00,0
Mini-Putt (Game Boy - 1991),4.33,3
Missile Command (Game Boy - 1992),0.00,0
Mole Mania (Game Boy - 1996),0.00,0
Momotarō Densetsu Gaiden (Game Boy - 1991),0.00,0
Money Puzzle Exchanger (Game Boy - 1997),4.00,1
Monopoly (Game Boy - 1991),5.00,3
Monster Max (Game Boy - 1994),0.00,0
Monster Truck Wars (Game Boy - 1994),0.00,0
Montezuma's Return! (Game Boy - 1998),5.00,1
Mortal Kombat (Game Boy - 1993),4.50,104
Mortal Kombat & Mortal Kombat II (Game Boy - 1998),0.00,0
Mortal Kombat 3 (Game Boy - 1995),4.31,166
Mortal Kombat II (Game Boy - 1994),4.43,90
Motocross Maniacs (Game Boy - 1989),0.00,0
Mouse Trap Hotel (Game Boy - 1992),0.00,0
Mr. Chin's Gourmet Paradise (Game Boy - 1990),0.00,0
Mr. Do! (Game Boy - 1992),5.00,1
Mr. Nutz (Game Boy - 1994),0.00,0
Ms. Pac-Man (Game Boy - 1993),3.96,32
MTV's Beavis and Butt-Head (Game Boy - 1999),5.00,1
Muhammad Ali Heavyweight Boxing (Game Boy - 1993),0.00,0
Mysterium (Game Boy - 1991),0.00,0
Mystical Ninja Starring Goemon (Game Boy - 1998),2.00,1
Nail 'n Scale (Game Boy - 1990),0.00,0
Nakajima Satoru Kanshū F-1 Hero GB (Game Boy - 1991),0.00,0
Namco Gallery Vol. 1 (Game Boy - 1996),0.00,0
Namco Gallery Vol. 2 (Game Boy - 1996),0.00,0
Namco Gallery Vol. 3 (Game Boy - 1997),0.00,0
Navy Seals (Game Boy - 1991),0.00,0
NBA All-Star Challenge (Game Boy - 1991),0.00,0
NBA All-Star Challenge 2 (Game Boy - 1992),0.00,0
NBA Jam (Game Boy - 1994),0.00,0
NBA Jam Tournament Edition (Game Boy - 1995),4.26,24
NBA Live 96 (Game Boy - 1995),0.00,0
Nekketsu Kōha Kunio-kun: Bangai Rantōhen (Game Boy - 1990),0.00,0
Nekketsu Kōkō Dodgeball Bu Kyōteki! Tōkyū Senshi no Maki (Game Boy - 1991),5.00,1
Nekketsu! Beach Volley da yo Kunio-kun (Game Boy - 1994),4.00,2
Nekojara Monogatari (Game Boy - 1990),0.00,0
Nemesis (Game Boy - 1990),4.00,1
NES Play Action Football (Game Boy - 1990),0.00,0
NFL Football (Game Boy - 1990),0.00,0
NFL Quarterback Club (Game Boy - 1993),0.00,0
NFL Quarterback Club (Game Boy - 1995),0.00,0
NFL Quarterback Club 96 (Game Boy - 1995),0.00,0
NHL 95 (Game Boy - 1995),4.24,21
Nigel Mansell's World Championship Racing (Game Boy - 1993),4.10,10
Ninja Gaiden Shadow (Game Boy - 1991),4.00,1
Ninja Spirit (Game Boy - 1993),4.00,2
Nintendo World Cup (Game Boy - 1991),5.00,1
Nippon Daihyō Team: Eikō no Eleven (Game Boy - 1998),0.00,0
NIV Bible & the 20 Lost Levels of Joshua (Game Boy - 1996),0.00,0
Nobunaga's Ambition (Game Boy - 1990),4.00,8
Oddworld Adventures (Game Boy - 1998),0.00,0
Olympic Summer Games (Game Boy - 1996),0.00,0
Operation C (Game Boy - 1991),4.50,2
Othello (Game Boy - 1990),0.00,0
Ottos Ottifanten: Baby Brunos Alptraum (Game Boy - 1998),0.00,0
Out of Gas (Game Boy - 1992),0.00,0
Pac-Attack (Game Boy - 1994),5.00,1
Pac-in-Time (Game Boy - 1995),4.64,11
Pac-Man (Game Boy - 1990),4.67,42
Painter Momopie (Game Boy - 1990),0.00,0
Palamedes (Game Boy - 1990),4.00,1
Pang (Game Boy - 1993),4.43,23
PaperBoy (Game Boy - 1990),4.47,17
PaperBoy 2 (Game Boy - 1992),4.33,24
Parasol Stars: The Story of Bubble Bobble III (Game Boy - 1992),4.00,3
Parodius (Game Boy - 1991),4.00,1
Penguin-Kun Wars (Game Boy - 1990),0.00,0
PGA European Tour (Game Boy - 1995),5.00,1
PGA Tour 96 (Game Boy - 1995),0.00,0
Picross 2 (Game Boy - 1996),0.00,0
Pierre le Chef is... Out to Lunch (Game Boy - 1993),3.50,2
Pinball Deluxe (Game Boy - 1995),0.00,0
Pinball Dreams (Game Boy - 1994),4.47,65
Pinball Fantasies (Game Boy - 1995),4.59,79
Pinball Mania (Game Boy - 1995),0.00,0
Pinocchio (Game Boy - 1996),0.00,0
Pipe Dream (Game Boy - 1990),4.40,5
Pit-Fighter (Game Boy - 1992),4.23,13
Plotting (Game Boy - 1990),0.00,0
Pocket Bomberman (Game Boy - 1997),3.00,2
Pocket Golf (Game Boy - 1998),0.00,0
Pocket Monster Akai (Game Boy - 1996),4.50,2
Pocket Monsters Midori (Game Boy - 1996),4.36,11
Pokémon Blue Version (Game Boy - 1998),4.43,7
Pokémon Red Version (Game Boy - 1998),4.43,7
Pokémon Yellow Version: Special Pikachu Edition (Game Boy - 1998),4.53,78
Pop'n TwinBee (Game Boy - 1990),0.00,0
Popeye (Game Boy - 1990),0.00,0
Popeye 2 (Game Boy - 1991),0.00,0
Power Mission (Game Boy - 1990),4.00,1
Power Racer (Game Boy - 1990),0.00,0
Prehistorik Man (Game Boy - 1996),4.00,1
Pri Pri Primitive Princess! (Game Boy - 1990),0.00,0
Primal Rage (Game Boy - 1995),4.63,65
Prince of Persia (Game Boy - 1992),4.61,211
Prophecy: Viking Child (Game Boy - 1992),4.80,5
Puyo Puyo (Game Boy - 1994),0.00,0
Puzzle Star Sweep (Game Boy - 1998),0.00,0
Puzznic (Game Boy - 1990),4.55,11
Pyramids of Ra (Game Boy - 1991),0.00,0
Q Billion (Game Boy - 1989),0.00,0
Q*bert (Game Boy - 1992),4.00,4
Qix (Game Boy - 1990),4.19,16
Quarth (Game Boy - 1990),0.00,0
R-Type (Game Boy - 1991),4.33,3
R-Type II (Game Boy - 1992),4.75,4
Race Days (Game Boy - 1994),0.00,0
Race Drivin' (Game Boy - 1993),4.10,10
Racing Damashii (Game Boy - 1991),0.00,0
Radar Mission (Game Boy - 1990),0.00,0
Raging Fighter (Game Boy - 1993),0.00,0
Rampart (Game Boy - 1992),4.70,17
Rats! (Game Boy - 1998),0.00,0
Revelations: The Demon Slayer (Game Boy - 1992),4.50,2
Revenge of the 'Gator (Game Boy - 1989),5.00,1
Riddick Bowe Boxing (Game Boy - 1994),0.00,0
Ring Rage (Game Boy - 1993),0.00,0
Road Rash (Game Boy - 1996),3.00,4
Robin Hood: Prince of Thieves (Game Boy - 1991),4.50,2
RoboCop (Game Boy - 1990),0.00,0
RoboCop 2 (Game Boy - 1991),0.00,0
RoboCop vs. The Terminator (Game Boy - 1994),0.00,0
Rodland (Game Boy - 1993),3.50,2
Roger Clemens' MVP Baseball (Game Boy - 1992),0.00,0
Rolan's Curse (Game Boy - 1990),0.00,0
Rolan's Curse 2 (Game Boy - 1992),5.00,1
Sakigake Otokojuku: Meiōtō Kessen (Game Boy - 1990),0.00,0
Samurai Shodown (Game Boy - 1994),4.00,1
Sea Battle (Game Boy - 1998),0.00,0
SeaQuest DSV (Game Boy - 1994),0.00,0
Sensible Soccer: European Champions (Game Boy - 1993),0.00,0
Serpent (Game Boy - 1990),0.00,0
Shanghai (Game Boy - 1989),4.00,1
Shanghai Pocket (Game Boy - 1998),0.00,0
Shaq Fu (Game Boy - 1995),2.00,2
Shisenshō: Match-Mania (Game Boy - 1990),0.00,0
Side Pocket (Game Boy - 1990),2.50,2
Skate or Die: Bad 'N Rad (Game Boy - 1991),0.00,0
Skate or Die: Tour de Thrash (Game Boy - 1991),0.00,0
Small Soldiers (Game Boy - 1998),0.00,0
Sneaky Snakes (Game Boy - 1991),5.00,1
Snoopy's Magic Show (Game Boy - 1990),4.00,1
Snow Bros. Nick & Tom (Game Boy - 1991),4.00,5
Soccer Mania (Game Boy - 1990),0.00,0
Solar Striker (Game Boy - 1990),5.00,1
Solitaire FunPak (Game Boy - 1994),0.00,0
Solomon's Club (Game Boy - 1991),5.00,1
Space Invaders (Game Boy - 1990),4.50,2
Space Invaders (Game Boy - 1994),0.00,0
Spanky's Quest (Game Boy - 1991),0.00,0
Speedball 2: Brutal Deluxe (Game Boy - 1991),4.50,40
Speedy Gonzales (Game Boy - 1993),0.00,0
Spider-Man 2 (Game Boy - 1992),2.00,2
Spider-Man 3: Invasion of the Spider-Slayers (Game Boy - 1993),4.75,4
Spider-Man X-Men: Arcade's Revenge (Game Boy - 1993),5.00,1
Spiritual Warfare (Game Boy - 1994),4.81,16
Spirou (Game Boy - 1996),0.00,0
Sports Collection (Game Boy - 1996),0.00,0
Sports Illustrated for Kids: The Ultimate Triple Dare (Game Boy - 1994),0.00,0
Sports Illustrated Golf Classic (Game Boy - 1994),0.00,0
Spot (Game Boy - 1990),4.67,3
Spot: The Cool Adventure (Game Boy - 1993),0.00,0
Spud's Adventure (Game Boy - 1991),0.00,0
Square Deal (Game Boy - 1990),0.00,0
Star Trek: 25th Anniversary (Game Boy - 1992),0.00,0
Star Trek: Generations - Beyond the Nexus (Game Boy - 1994),0.00,0
Star Trek: The Next Generation (Game Boy - 1993),0.00,0
Star Wars (Game Boy - 1992),4.00,2
Star Wars: The Empire Strikes Back (Game Boy - 1992),2.33,3
Stargate (Game Boy - 1994),0.00,0
Stop That Roach! (Game Boy - 1994),0.00,0
Street Fighter II (Game Boy - 1995),5.00,1
Street Racer (Game Boy - 1996),4.56,8
Sumo Fighter (Game Boy - 1991),0.00,0
Super Chase H.Q. (Game Boy - 1994),0.00,0
Super Hunchback (Game Boy - 1992),5.00,1
Super Kick Off (Game Boy - 1991),0.00,0
Super Mario Land (Game Boy - 1989),4.30,10
Super Mario Land 2: 6 Golden Coins (Game Boy - 1992),4.48,23
Super R.C. Pro-Am (Game Boy - 1991),0.00,0
Super Robot Taisen (Game Boy - 1991),0.00,0
Super Star Wars: Return of the Jedi (Game Boy - 1995),5.00,1
Superman (Game Boy - 1997),0.00,0
Swamp Thing (Game Boy - 1992),0.00,0
Sword of Hope II (Game Boy - 1992),0.00,0
T2: Terminator 2 - Judgment Day (Game Boy - 1991),5.00,1
Tamagotchi (Game Boy - 1997),5.00,1
Tarzan: Lord of the Jungle (Game Boy - 1994),0.00,0
Tasmania Story (Game Boy - 1990),0.00,0
Taz Mania 2 (Game Boy - 1997),0.00,0
Taz-Mania (Game Boy - 1994),0.00,0
Tecmo Bowl (Game Boy - 1991),0.00,0
Teenage Mutant Ninja Turtles II: Back from the Sewers (Game Boy - 1991),5.00,1
Teenage Mutant Ninja Turtles III: Radical Rescue (Game Boy - 1993),5.00,1
Teenage Mutant Ninja Turtles: Fall of the Foot Clan (Game Boy - 1990),0.00,0
Tennis (Game Boy - 1989),0.00,0
Terminator 2: Judgment Day (Game Boy - 1992),4.85,20
Tesserae (Game Boy - 1993),3.67,3
Tetris (Game Boy - 1989),5.00,4
Tetris 2 (Game Boy - 1993),0.00,0
Tetris Attack (Game Boy - 1996),5.00,1
Tetris Blast (Game Boy - 1995),0.00,0
Tetris Plus (Game Boy - 1996),0.00,0
The Addams Family (Game Boy - 1992),0.00,0
The Addams Family: Pugsley's Scavenger Hunt (Game Boy - 1993),4.00,2
The Adventures of Rocky and Bullwinkle and Friends (Game Boy - 1992),0.00,0
The Adventures of Star Saver (Game Boy - 1991),0.00,0
The Amazing Spider-Man (Game Boy - 1990),1.50,2
The Battle of Olympus (Game Boy - 1993),4.50,2
The Blues Brothers (Game Boy - 1992),4.52,23
The Blues Brothers: Jukebox Adventure (Game Boy - 1994),4.31,19
The Bugs Bunny Crazy Castle (Game Boy - 1989),4.50,2
The Bugs Bunny Crazy Castle 2 (Game Boy - 1991),3.00,3
The Chessmaster (Game Boy - 1991),0.00,0
The Fidgetts (Game Boy - 1993),0.00,0
The Final Fantasy Legend (Game Boy - 1989),5.00,2
The Flash (Game Boy - 1991),5.00,2
The Flintstones (Game Boy - 1994),0.00,0
The Flintstones: King Rock Treasure Island (Game Boy - 1993),1.00,1
The Game of Harmony (Game Boy - 1991),5.00,3
The Getaway: High Speed II (Game Boy - 1995),0.00,0
The Humans (Game Boy - 1992),4.50,12
The Hunt for Red October (Game Boy - 1991),0.00,0
The Incredible Crash Dummies (Game Boy - 1992),0.00,0
The Jetsons: Robot Panic (Game Boy - 1992),0.00,0
The King of Fighters '95 (Game Boy - 1996),4.33,3
The Lawnmower Man (Game Boy - 1993),0.00,0
The Legend of Zelda: Link's Awakening (Game Boy - 1993),4.75,8
The Lost World: Jurassic Park (Game Boy - 1997),0.00,0
The Pagemaster (Game Boy - 1994),0.00,0
The Punisher: The Ultimate Payback! (Game Boy - 1991),0.00,0
The Real Ghostbusters (Game Boy - 1992),0.00,0
The Ren & Stimpy Show: Space Cadet Adventures (Game Boy - 1992),0.00,0
The Ren & Stimpy Show: Veediots! (Game Boy - 1993),0.00,0
The Rugrats Movie (Game Boy - 1998),5.00,1
The Simpsons: Bart & the Beanstalk (Game Boy - 1994),3.00,1
The Simpsons: Bart vs. the Juggernauts (Game Boy - 1992),0.00,0
The Smurfs (Game Boy - 1993),1.00,1
The Smurfs Travel the World (Game Boy - 1995),1.00,1
The Smurfs' Nightmare (Game Boy - 1997),4.00,1
The Sword of Hope (Game Boy - 1989),0.00,0
Tintin in Tibet (Game Boy - 1995),4.16,18
Tintin: Le Temple du Soleil (Game Boy - 1996),0.00,0
Tiny Toon Adventures 2: Montana's Movie Madness (Game Boy - 1993),5.00,1
Tiny Toon Adventures: Babs' Big Break (Game Boy - 1992),5.00,2
Tiny Toon Adventures: Wacky Sports (Game Boy - 1994),0.00,0
Tip Off (Game Boy - 1992),1.00,1
Titus the Fox: To Marrakech and Back (Game Boy - 1993),4.77,27
Tom & Jerry (Game Boy - 1992),5.00,1
Tom and Jerry: Frantic Antics! (Game Boy - 1993),0.00,0
Top Gun: Guts & Glory (Game Boy - 1993),5.00,1
Top Rank Tennis (Game Boy - 1993),5.00,1
Torpedo Range (Game Boy - 1991),0.00,0
Tower Toppler (Game Boy - 1991),4.54,13
Toxic Crusaders (Game Boy - 1992),0.00,0
Track & Field (Game Boy - 1992),0.00,0
Track Meet (Game Boy - 1991),0.00,0
Trax (Game Boy - 1991),0.00,0
Trip World (Game Boy - 1992),0.00,0
True Lies (Game Boy - 1994),0.00,0
Tumble Pop (Game Boy - 1992),1.00,1
Turn and Burn: The F-14 Dogfight Simulator (Game Boy - 1992),0.00,0
Turok: Battle of the Bionosaurs (Game Boy - 1998),0.00,0
Turrican (Game Boy - 1991),4.20,5
Uchū no Kishi: Tekkaman Blade (Game Boy - 1992),5.00,1
Uchū Senkan Yamato (Game Boy - 1992),0.00,0
Ultima: Runes of Virtue (Game Boy - 1991),0.00,0
Ultima: Runes of Virtue II (Game Boy - 1993),0.00,0
Ultra Golf (Game Boy - 1991),5.00,1
Undercover Cops Gaiden: Hakaishin Garumaa (Game Boy - 1993),5.00,1
Universal Soldier (Game Boy - 1992),0.00,0
Urban Strike (Game Boy - 1996),5.00,1
V-Rally: Championship Edition (Game Boy - 1998),0.00,0
Vegas Stakes (Game Boy - 1995),5.00,1
Wario Blast featuring Bomberman! (Game Boy - 1994),4.33,3
Wario Land II (Game Boy - 1998),4.17,23
Wario Land: Super Mario Land 3 (Game Boy - 1994),4.14,63
Wave Race (Game Boy - 1992),0.00,0
Wayne's World (Game Boy - 1993),0.00,0
WCW Wrestling: The Main Event (Game Boy - 1994),0.00,0
We're Back! (Game Boy - 1993),0.00,0
Wheel of Fortune (Game Boy - 1990),0.00,0
Who Framed Roger Rabbit (Game Boy - 1991),5.00,1
WildSnake (Game Boy - 1994),5.00,1
Winter Olympic Games: Lillehammer '94 (Game Boy - 1994),0.00,0
Wizardry: The First Episode - Suffering of the Queen (Game Boy - 1991),0.00,0
Wizardry: The Second Episode - Curse of the Ancient Emperor (Game Boy - 1992),0.00,0
Wizards & Warriors X: Fortress of Fear (Game Boy - 1990),5.00,2
Wordtris (Game Boy - 1992),4.00,8
World Bowling (Game Boy - 1990),0.00,0
World Circuit Series (Game Boy - 1991),0.00,0
World Cup 98 (Game Boy - 1998),0.00,0
World Cup USA 94 (Game Boy - 1994),3.37,8
World Heroes 2 JET (Game Boy - 1995),4.00,1
World Ice Hockey (Game Boy - 1991),0.00,0
Worms (Game Boy - 1995),4.38,134
WWF King of the Ring (Game Boy - 1993),1.00,1
WWF Raw (Game Boy - 1994),0.00,0
WWF Superstars (Game Boy - 1991),1.00,1
WWF Superstars 2 (Game Boy - 1992),0.00,0
WWF War Zone (Game Boy - 1998),5.00,1
X (Game Boy - 1992),0.00,0
Xenon 2: Megablast (Game Boy - 1992),4.86,43
Yakuman (Game Boy - 1989),0.00,0
Yogi Bear's Goldrush (Game Boy - 1994),0.00,0
Yoshi (Game Boy - 1991),5.00,1
Yoshi's Cookie (Game Boy - 1992),0.00,0
Zen: Intergalactic Ninja (Game Boy - 1993),0.00,0
Zoids Densetsu (Game Boy - 1990),0.00,0
Zool (Game Boy - 1993),4.38,21
Zoop (Game Boy - 1995),3.33,3
