Title,Average Rating,Number of Ratings
5 in One Fun Pak (Game Gear - 1994),0.00,0
Aa Harimanada (Game Gear - 1993),0.00,0
Aerial Assault (Game Gear - 1992),0.00,0
Alien Syndrome (Game Gear - 1992),0.00,0
Alien³ (Game Gear - 1994),4.50,2
Andre Agassi Tennis (Game Gear - 1994),5.00,1
Arch Rivals (Game Gear - 1992),5.00,2
Arena: Maze of Death (Game Gear - 1995),0.00,0
Astérix and the Great Rescue (Game Gear - 1994),0.00,0
Astérix and the Secret Mission (Game Gear - 1993),0.00,0
Ax Battler: A Legend of Golden Axe (Game Gear - 1991),5.00,1
Ayrton Senna's Super Monaco GP II (Game Gear - 1992),0.00,0
Baku Baku Animal (Game Gear - 1996),1.00,1
Batman Forever (Game Gear - 1995),4.00,1
Batman Returns (Game Gear - 1992),5.00,1
Batter Up (Game Gear - 1991),4.00,1
Battleship (Game Gear - 1993),0.00,0
Battletoads (Game Gear - 1993),4.00,2
Bishōjo Senshi Sailor Moon S (Game Gear - 1995),0.00,0
Bram Stoker's Dracula (Game Gear - 1993),0.00,0
Bubble Bobble (Game Gear - 1994),4.37,124
Bugs Bunny in Double Trouble (Game Gear - 1996),0.00,0
Bust-A-Move (Game Gear - 1996),0.00,0
Buster Ball (Game Gear - 1992),0.00,0
Caesars Palace (Game Gear - 1993),0.00,0
Captain America and the Avengers (Game Gear - 1993),0.00,0
Casino FunPak (Game Gear - 1995),2.00,2
Castle of Illusion starring Mickey Mouse (Game Gear - 1991),3.00,2
Chakan (Game Gear - 1992),5.00,1
Championship Hockey (Game Gear - 1994),0.00,0
Chase H.Q. (Game Gear - 1991),4.00,5
Cheese Cat-Astrophe starring Speedy Gonzales (Game Gear - 1995),0.00,0
Chicago Syndicate (Game Gear - 1995),0.00,0
Choplifter III (Game Gear - 1993),0.00,0
Chuck Rock (Game Gear - 1992),4.50,2
Chuck Rock II: Son of Chuck (Game Gear - 1993),5.00,2
Cliffhanger (Game Gear - 1994),4.00,1
Clutch Hitter (Game Gear - 1991),0.00,0
Coca Cola Kid (Game Gear - 1994),0.00,0
Columns (Game Gear - 1990),3.00,1
Cool Spot (Game Gear - 1993),4.34,18
Cosmic Spacehead (Game Gear - 1993),4.67,4
Crystal Warriors (Game Gear - 1991),0.00,0
Cutthroat Island (Game Gear - 1995),0.00,0
Daffy Duck in Hollywood (Game Gear - 1994),0.00,0
Daisenryaku G (Game Gear - 1991),0.00,0
Deep Duck Trouble starring Donald Duck (Game Gear - 1993),0.00,0
Defenders of Oasis (Game Gear - 1992),0.00,0
Desert Speedtrap starring Road Runner and Wile E. Coyote (Game Gear - 1994),0.00,0
Desert Strike: Return to the Gulf (Game Gear - 1994),4.50,24
Devilish (Game Gear - 1991),0.00,0
Disney's Aladdin (Game Gear - 1994),3.67,3
Disney's Ariel the Little Mermaid (Game Gear - 1992),4.00,1
Disney's Bonkers: Wax Up! (Game Gear - 1995),0.00,0
Dizzy's Excellent Adventures (Game Gear - 1994),4.00,1
Double Dragon (Game Gear - 1993),4.00,1
Dr. Robotnik's Mean Bean Machine (Game Gear - 1993),0.00,0
Dragon Crystal (Game Gear - 1990),5.00,1
Dragon: The Bruce Lee Story (Game Gear - 1993),0.00,0
Dropzone (Game Gear - 1994),5.00,1
Dynamite Headdy (Game Gear - 1994),5.00,1
Earthworm Jim (Game Gear - 1995),4.56,39
Ecco the Dolphin (Game Gear - 1993),0.00,0
Ecco: The Tides of Time (Game Gear - 1994),0.00,0
"Evander Holyfield's ""Real Deal"" Boxing (Game Gear - 1992)",0.00,0
F-15 Strike Eagle (Game Gear - 1992),4.00,8
Faceball 2000 (Game Gear - 1993),0.00,0
Factory Panic (Game Gear - 1991),0.00,0
Fantasy Zone (Game Gear - 1991),0.00,0
Fatal Fury Special (Game Gear - 1994),5.00,1
FIFA International Soccer (Game Gear - 1994),4.35,133
FIFA Soccer 96 (Game Gear - 1995),0.00,0
Foreman for Real (Game Gear - 1995),0.00,0
Formula One (Game Gear - 1993),4.64,14
Frank Thomas Big Hurt Baseball (Game Gear - 1995),5.00,1
Fred Couples Golf (Game Gear - 1994),0.00,0
G-Loc Air Battle (Game Gear - 1991),5.00,1
Galaga '88 (Game Gear - 1991),0.00,0
Garfield: Caught in the Act (Game Gear - 1995),0.00,0
Garry Kitchen's Super Battletank: War in the Gulf (Game Gear - 2000),5.00,3
Gear Works (Game Gear - 1994),4.67,3
George Foreman's KO Boxing (Game Gear - 1992),0.00,0
GG Aleste (Game Gear - 1991),4.00,1
Godzilla: Kaijū no Daishingeki (Game Gear - 1995),0.00,0
GP Rider (Game Gear - 1994),0.00,0
Greendog: The Beached Surfer Dude! (Game Gear - 1993),0.00,0
Griffin (Game Gear - 1991),0.00,0
Gunstar Heroes (Game Gear - 1995),5.00,1
Halley Wars (Game Gear - 1991),0.00,0
Head Buster (Game Gear - 1991),0.00,0
Home Alone (Game Gear - 1992),0.00,0
Hook (Game Gear - 1992),0.00,0
Hurricanes (Game Gear - 1994),0.00,0
Indiana Jones and The Last Crusade: The Action Game (Game Gear - 1991),4.06,16
Iron Man / X-O Manowar in Heavy Metal (Game Gear - 1996),0.00,0
Ivan 'Ironman' Stewart's Super Off Road (Game Gear - 1992),4.55,52
James Bond 007: The Duel (Game Gear - 1993),0.00,0
James Pond 2: Codename: RoboCod (Game Gear - 1993),4.70,23
James Pond 3: Operation Starfish (Game Gear - 1994),4.00,6
Jeopardy! (Game Gear - 1993),4.50,2
Jeopardy! Sports Edition (Game Gear - 1994),5.00,1
Joe Montana Football (Game Gear - 1992),0.00,0
Judge Dredd (Game Gear - 1995),0.00,0
Junction (Game Gear - 1991),0.00,0
Jungle Strike (Game Gear - 1995),4.75,16
Jurassic Park (Game Gear - 1993),5.00,1
Kaitō Saint Tail (Game Gear - 1996),0.00,0
Kawasaki Superbike Challenge (Game Gear - 1994),0.00,0
Kinetic Connection (Game Gear - 1991),0.00,0
Kishin Dōji Zenki (Game Gear - 1995),0.00,0
Klax (Game Gear - 1991),4.22,9
Krusty's Super Fun House (Game Gear - 1993),4.33,9
Land of Illusion starring Mickey Mouse (Game Gear - 1993),5.00,2
Last Action Hero (Game Gear - 1993),0.00,0
Legend of Illusion starring Mickey Mouse (Game Gear - 1995),0.00,0
Lemmings (Game Gear - 1992),4.69,111
Lunar: Sanpo-suru Gakuen (Game Gear - 1996),0.00,0
Madden 96 (Game Gear - 1995),0.00,0
Madden NFL 95 (Game Gear - 1994),0.00,0
Madō Monogatari A: Dokidoki Vacation (Game Gear - 1995),5.00,1
Madō Monogatari I (Game Gear - 1993),5.00,1
Madō Monogatari II: Arle 16-sai (Game Gear - 1994),0.00,0
Madō Monogatari III: Kyūkyoku Joō-sama (Game Gear - 1994),0.00,0
Magic Knight Rayearth (Game Gear - 1995),0.00,0
Magical Puzzle: Popils (Game Gear - 1991),5.00,1
Magical Tarurūto-kun (Game Gear - 1991),0.00,0
Mappy (Game Gear - 1991),5.00,4
Marble Madness (Game Gear - 1992),4.60,25
Marko's Magic Football (Game Gear - 1993),0.00,0
Mega Man (Game Gear - 1995),2.00,2
Megami Tensei Gaiden: Last Bible Special (Game Gear - 1995),0.00,0
Mick & Mack as the Global Gladiators (Game Gear - 1993),1.00,1
Micro Machines (Game Gear - 1993),4.40,15
Micro Machines 2: Turbo Tournament (Game Gear - 1995),4.15,13
Mighty Morphin Power Rangers (Game Gear - 1994),5.00,2
Mighty Morphin Power Rangers: The Movie (Game Gear - 1995),0.00,0
MLBPA Baseball (Game Gear - 1995),0.00,0
Monster Truck Wars (Game Gear - 1994),0.00,0
Mortal Kombat (Game Gear - 1993),4.50,104
Mortal Kombat 3 (Game Gear - 1995),4.31,166
Mortal Kombat II (Game Gear - 1994),4.43,90
Ms. Pac-Man (Game Gear - 1995),3.96,32
MTV's Beavis and Butt-Head (Game Gear - 1994),4.00,1
Nazo Puyo (Game Gear - 1993),0.00,0
Nazo Puyo 2 (Game Gear - 1993),0.00,0
Nazo Puyo: Arle no Roux (Game Gear - 1994),0.00,0
NBA Action Starring David Robinson (Game Gear - 1994),0.00,0
NBA Jam (Game Gear - 1994),0.00,0
NBA Jam Tournament Edition (Game Gear - 1995),4.26,24
Neko Daisuki! (Game Gear - 1996),0.00,0
NFL '95 (Game Gear - 1994),0.00,0
NFL Quarterback Club (Game Gear - 1995),0.00,0
NFL Quarterback Club 96 (Game Gear - 1995),0.00,0
NHL 95 (Game Gear - 1995),4.24,21
NHL All-Star Hockey (Game Gear - 1995),0.00,0
Ninja Gaiden (Game Gear - 1991),0.00,0
Olympic Gold: Barcelona '92 (Game Gear - 1992),0.00,0
OutRun (Game Gear - 1991),4.31,29
OutRun Europa (Game Gear - 1991),4.75,4
Pac-Attack (Game Gear - 1994),5.00,1
Pac-Man (Game Gear - 1991),4.67,42
Panzer Dragoon Mini (Game Gear - 1996),0.00,0
PaperBoy (Game Gear - 1991),4.47,17
PaperBoy 2 (Game Gear - 1993),4.33,24
Pengo (Game Gear - 1990),0.00,0
Pete Sampras Tennis (Game Gear - 1994),0.00,0
PGA Tour 96 (Game Gear - 1995),0.00,0
PGA Tour Golf (Game Gear - 1993),4.21,19
PGA Tour Golf II (Game Gear - 1995),0.00,0
Phantasy Star Adventure (Game Gear - 1992),0.00,0
Phantasy Star Gaiden (Game Gear - 1992),0.00,0
Phantom 2040 (Game Gear - 1995),0.00,0
Pinball Dreams (Game Gear - 1994),4.47,65
Poker Face Paul's Blackjack (Game Gear - 1993),0.00,0
Poker Face Paul's Gin (Game Gear - 1994),0.00,0
Poker Face Paul's Poker (Game Gear - 1994),0.00,0
Poker Face Paul's Solitaire (Game Gear - 1994),0.00,0
Pop Breaker (Game Gear - 1991),0.00,0
Powerstrike II (Game Gear - 1993),0.00,0
Predator 2 (Game Gear - 1992),0.00,0
Primal Rage (Game Gear - 1995),4.63,65
Prince of Persia (Game Gear - 1992),4.61,211
Psychic World (Game Gear - 1991),0.00,0
Putt & Putter (Game Gear - 1991),0.00,0
Puyo Puyo (Game Gear - 1993),0.00,0
Puyo Puyo 2 (Game Gear - 1994),0.00,0
Puzzle & Action: Tant-R (Game Gear - 1994),5.00,1
Quest for the Shaven Yak starring Ren Hoëk & Stimpy (Game Gear - 1994),0.00,0
R.B.I. Baseball '94 (Game Gear - 1994),4.00,1
R.C. Grand Prix (Game Gear - 1992),0.00,0
Rastan (Game Gear - 1991),4.51,51
Revelations: The Demon Slayer (Game Gear - 1994),4.50,2
Riddick Bowe Boxing (Game Gear - 1993),0.00,0
Rise of the Robots (Game Gear - 1994),3.87,15
Ristar (Game Gear - 1994),5.00,3
Road Rash (Game Gear - 1993),3.00,4
RoboCop 3 (Game Gear - 1993),5.00,1
RoboCop versus The Terminator (Game Gear - 1993),5.00,1
Saban's VR Troopers (Game Gear - 1995),0.00,0
Samurai Shodown (Game Gear - 1994),4.00,1
Scratch Golf (Game Gear - 1994),5.00,1
SD Gundam Winner's History (Game Gear - 1995),0.00,0
Sega Game Pack 4in1 (Game Gear - 1992),0.00,0
Sensible Soccer: European Champions (Game Gear - 1993),0.00,0
Shanghai II (Game Gear - 1990),5.00,1
Shaq Fu (Game Gear - 1995),2.00,2
Shi-Kin-Joh (Game Gear - 1991),0.00,0
Shining Force Gaiden (Game Gear - 1992),5.00,1
Shining Force Gaiden: Final Conflict (Game Gear - 1995),5.00,1
Shining Force: The Sword of Hajya (Game Gear - 1993),4.50,2
Shinobi (Game Gear - 1991),0.00,0
Shinobi II: The Silent Fury (Game Gear - 1992),0.00,0
Side Pocket (Game Gear - 1994),2.50,2
Sink or Swim (Game Gear - 1994),3.17,6
Skweek (Game Gear - 1991),4.00,7
Smash T.V. (Game Gear - 1992),3.67,3
Solitaire FunPak (Game Gear - 1994),0.00,0
Solitaire Poker (Game Gear - 1991),0.00,0
Sonic Blast (Game Gear - 1996),4.33,3
Sonic Drift (Game Gear - 1994),5.00,1
Sonic Drift 2 (Game Gear - 1995),4.50,2
Sonic Labyrinth (Game Gear - 1995),5.00,1
Sonic the Hedgehog (Game Gear - 1991),5.00,2
Sonic the Hedgehog 2 (Game Gear - 1992),5.00,1
Sonic the Hedgehog Chaos (Game Gear - 1993),3.40,5
Sonic the Hedgehog: Spinball (Game Gear - 1993),5.00,1
Sonic the Hedgehog: Triple Trouble (Game Gear - 1994),4.63,8
Space Harrier (Game Gear - 1991),5.00,7
Spider-Man (Game Gear - 1992),5.00,1
Spider-Man X-Men: Arcade's Revenge (Game Gear - 1994),5.00,1
Spider-Man: Return of the Sinister Six (Game Gear - 1992),5.00,2
Sports Illustrated Championship Football & Baseball (Game Gear - 1995),0.00,0
Sports Trivia: Championship Edition (Game Gear - 1995),0.00,0
Star Trek: Generations - Beyond the Nexus (Game Gear - 1994),0.00,0
Star Trek: The Next Generation (Game Gear - 1994),0.00,0
Star Wars (Game Gear - 1993),4.00,2
Stargate (Game Gear - 1994),0.00,0
Streets of Rage (Game Gear - 1992),5.00,1
Streets of Rage 2 (Game Gear - 1993),5.00,3
Strider 2 (Game Gear - 1994),3.00,3
Super Columns (Game Gear - 1995),5.00,1
Super Golf (Game Gear - 1991),0.00,0
Super Kick Off (Game Gear - 1991),0.00,0
Super Monaco GP (Game Gear - 1990),5.00,2
Super Star Wars: Return of the Jedi (Game Gear - 1995),5.00,1
Superman: The Man of Steel (Game Gear - 1993),5.00,1
Surf Ninjas (Game Gear - 1993),0.00,0
Sylvan Tale (Game Gear - 1995),0.00,0
Tails Adventure (Game Gear - 1995),4.50,4
Tails' Skypatrol (Game Gear - 1995),5.00,1
Taito's Super Space Invaders (Game Gear - 1992),4.60,15
Tarzan: Lord of the Jungle (Game Gear - 1994),0.00,0
Taz in Escape from Mars (Game Gear - 1994),0.00,0
Taz-Mania (Game Gear - 1992),5.00,1
Tempo Jr. (Game Gear - 1995),0.00,0
Terminator 2: Judgment Day (Game Gear - 1993),5.00,1
Terminator 2: Judgment Day (Game Gear - 1993),4.85,20
Tesserae (Game Gear - 1993),3.67,3
The Addams Family (Game Gear - 1993),5.00,1
The Adventures of Batman & Robin (Game Gear - 1995),3.50,2
The Berenstain Bears' Camping Adventure (Game Gear - 1993),0.00,0
The Berlinwall (Game Gear - 1991),0.00,0
The Chessmaster (Game Gear - 1991),0.00,0
The Fantastic Adventures of Dizzy (Game Gear - 1993),4.41,34
The Incredible Crash Dummies (Game Gear - 1994),0.00,0
The Incredible Hulk (Game Gear - 1995),3.50,2
The Itchy & Scratchy Game (Game Gear - 1995),0.00,0
The Jungle Book (Game Gear - 1994),5.00,1
The Lion King (Game Gear - 1994),4.69,61
The Lost World: Jurassic Park (Game Gear - 1997),3.00,4
The Lucky Dime Caper starring Donald Duck (Game Gear - 1991),0.00,0
The Majors: Pro Baseball (Game Gear - 1992),5.00,2
The Ottifants (Game Gear - 1993),0.00,0
The Simpsons: Bart vs. the Space Mutants (Game Gear - 1992),4.32,19
The Simpsons: Bart vs. the World (Game Gear - 1993),5.00,3
The Simpsons: Bartman Meets Radioactive Man (Game Gear - 1993),4.67,3
The Smurfs (Game Gear - 1994),1.00,1
The Smurfs Travel the World (Game Gear - 1995),1.00,1
The Terminator (Game Gear - 1992),0.00,0
Tintin in Tibet (Game Gear - 1996),4.16,18
Tom and Jerry: The Movie (Game Gear - 1993),3.00,1
True Lies (Game Gear - 1995),0.00,0
Ultimate Soccer (Game Gear - 1993),0.00,0
Urban Strike (Game Gear - 1995),5.00,1
Vampire: Master of Darkness (Game Gear - 1992),5.00,1
Virtua Fighter Animation (Game Gear - 1996),0.00,0
Wheel of Fortune: Featuring Vanna White (Game Gear - 1993),5.00,1
Wimbledon Championship Tennis (Game Gear - 1992),0.00,0
Winter Olympics: Lillehammer '94 (Game Gear - 1994),4.75,4
Wizard Pinball (Game Gear - 1995),0.00,0
Wolfchild (Game Gear - 1993),5.00,4
Wonder Boy (Game Gear - 1990),4.67,3
Wonder Boy III: The Dragon's Trap (Game Gear - 1992),5.00,1
Woody Pop (Game Gear - 1991),0.00,0
World Class Leader Board (Game Gear - 1991),4.62,26
World Cup Soccer (Game Gear - 1993),0.00,0
World Cup USA 94 (Game Gear - 1994),3.37,8
World Series Baseball (Game Gear - 1993),0.00,0
World Series Baseball '95 (Game Gear - 1994),5.00,1
WWF Raw (Game Gear - 1994),0.00,0
WWF Wrestlemania: Steel Cage Challenge (Game Gear - 1993),5.00,1
X-Men (Game Gear - 1994),1.00,1
X-Men: Gamesmaster's Legacy (Game Gear - 1995),5.00,1
X-Men: Mojo World (Game Gear - 1996),5.00,1
Yū Yū Hakusho II: Gekitō! Shichi Kyō no Tatakai (Game Gear - 1994),0.00,0
Yū Yū Hakusho: Horobishi Mono no Gyakushū (Game Gear - 1994),0.00,0
Zool (Game Gear - 1994),4.38,21
Zoop (Game Gear - 1995),3.33,3
