Title,Average Rating,Number of Ratings
"A Question of Sport (Amiga, Amstrad CPC, Atari ST, C64 - 1988)",5.00,1
After Dark Games (Mac - 1998),4.34,100
America! Ōdan Ultra Quiz: Shijō Saidai no Tatakai (NES - 1991),5.00,1
"American Gladiators (DOS, Amiga, Genesis, NES, SNES - 1992)",3.10,10
BBC Ask the Family (C64 - 1984),5.00,1
BBC Mastermind (C64 - 1983),5.00,1
"Blockbusters (Amstrad CPC, Commodore 16, C64 - 1984)",5.00,1
"Bob's Full House (Amstrad CPC, C64 - 1988)",0.00,0
"Bullseye (Amstrad CPC, C64 - 1985)",0.00,0
"Card Sharks (DOS, Apple II, C64 - 1988)",4.69,32
"Classic Concentration (DOS, C64, NES - 1988)",4.53,28
"Classic Concentration: 2nd Edition (DOS, C64 - 1989)",4.40,15
Combination Lock (DOS - 1992),4.82,22
Cuty Cop: Nusumareta File no Nazo (PC-98 - 1994),0.00,0
Cybernetic Hi-School Part 2: Highway Buster (PC-98 - 1989),4.00,1
Cybernetic Hi-School Part 3: Gunbuster (PC-98 - 1990),5.00,1
Delphi no Shintaku (PC-98 - 1993),5.00,1
Dennou Gakuen (PC-98 - 1989),4.00,1
"Des Chiffres et des Lettres (DOS, Amstrad CPC, C64 - 1987)",4.64,11
"Double Dare (DOS, C64, NES - 1988)",5.00,9
"Dr. Ruth's Computer Game of Good Sex (DOS, C64 - 1986)",3.72,25
"Every Second Counts (Amstrad CPC, C64 - 1988)",5.00,1
"Exodus: Journey to the Promised Land (DOS, Game Boy, Genesis, NES - 1992)",4.07,14
"Family Feud (DOS, C64 - 1987)",4.72,25
"Family Feud (Genesis, SNES - 1993)",5.00,1
Family Feud (NES - 1991),5.00,2
Fantasy Manager: The Computer Game (Amiga - 1994),0.00,0
Fax (C64 - 1983),5.00,1
Fortuna kołem się toczy (C64 - 1993),5.00,1
"Fun House (DOS, C64 - 1989)",5.00,14
Fun House (NES - 1991),5.00,1
Gakuen Senshi: Sailor Fighter (PC-98 - 1994),0.00,0
Grossology (Windows - 1997),5.00,1
"High Rollers (DOS, Apple II, C64 - 1988)",4.67,9
"Hollywood Squares (DOS, C64, NES - 1988)",4.86,22
"It's a Knockout (Amstrad CPC, C64, ZX Spectrum - 1986)",5.00,1
"Jeopardy! (DOS, C64 - 1987)",4.89,51
Jeopardy! (Game Gear - 1993),4.50,2
Jeopardy! (Game Boy - 1991),0.00,0
Jeopardy! (NES - 1988),5.00,1
Jeopardy! (SNES - 1992),5.00,1
"Jeopardy! Deluxe Edition (Genesis, SNES - 1993)",5.00,1
Jeopardy! New Junior Edition (DOS - 1989),4.87,15
"Jeopardy! New Sports Edition (DOS, C64 - 1988)",4.53,15
"Jeopardy! Sports Edition (Genesis, SNES - 1994)",0.00,0
Jeopardy! Sports Edition (Game Gear - 1994),5.00,1
Jeopardy! Sports Edition (Game Boy - 1994),5.00,1
Jeopardy! Teen Tournament (Game Boy - 1996),5.00,1
Koło Fortuny (Amiga - 1993),5.00,1
Koło Fortuny (Atari 8-bit - 1993),0.00,0
Lexi-Cross (DOS - 1991),4.84,12
"Mad Show (DOS, Amiga, Atari ST - 1988)",5.00,4
"Mike Read's Computer Pop Quiz (Amstrad CPC, C64 - 1989)",0.00,0
Monster Trivia (C64 - 1985),0.00,0
Nickelodeon GUTS (SNES - 1994),5.00,1
Now You See It (DOS - 1990),5.00,10
Party Quiz: Mega Q (Genesis - 1993),0.00,0
Play Your Cards Right (C64 - 1986),5.00,1
Pole (DOS - 1992),1.00,1
Press Your Luck (DOS - 1988),4.71,41
"Quiwi (Amstrad CPC, C64 - 1986)",0.00,0
"Remote Control (DOS, C64, NES - 1989)",4.85,34
Rock Challenge (Amiga - 1988),0.00,0
"Saint and Greavsie (Amiga, Amstrad CPC, C64 - 1989)",0.00,0
"SAT.1 Bingo (Amiga, Atari ST, C64 - 1992)",5.00,1
Soccer Quiz (C64 - 1989),0.00,0
"Sporting Triangles (Amiga, Amstrad CPC, C64 - 1989)",0.00,0
Sports Trivia: Championship Edition (Game Gear - 1995),0.00,0
Super Fortuna (Atari 8-bit - 1993),0.00,0
"Super Jeopardy! (DOS, NES - 1991)",4.79,34
"Super Password (DOS, C64 - 1988)",4.82,11
Survivor: The Interactive Game (Mac - 2001),4.75,4
"The $100,000 Pyramid (DOS, C64 - 1988)",4.42,24
"The All New Family Feud (DOS, C64 - 1989)",5.00,16
The Crystal Maze (DOS - 1994),3.98,17
"The Krypton Factor (Amstrad CPC, C64 - 1987)",0.00,0
"The Price is Right (DOS, C64 - 1990)",4.42,43
The Simpsons: Bart vs. the Juggernauts (Game Boy - 1992),0.00,0
"The Simpsons: Bart vs. the World (Amiga, Atari ST, Game Gear, NES - 1993)",5.00,3
The Ultimate Arena (Atari ST - 1994),0.00,0
Tommy's Wheel of Misfortune (DOS - 1987),5.00,1
"Tracker (DOS, Mac, C64 - 1987)",3.67,3
"Treasure Hunt (C64, ZX Spectrum - 1985)",4.00,1
Trivia: The Ultimate Quest (C64 - 1989),0.00,0
"Trivial Pursuit (DOS, Amiga, Amstrad CPC, Atari 8-bit, Atari ST, C64, ZX Spectrum - 1987)",3.60,5
United States Quiz (DOS - 1993),4.67,3
"Wetten Dass..? (Amiga, C64 - 1991)",1.00,1
"Wheel of Fortune (DOS, Apple II, C64 - 1987)",4.78,46
"Wheel of Fortune (Genesis, SNES - 1992)",5.00,1
Wheel of Fortune (Game Boy - 1990),0.00,0
Wheel of Fortune (NES - 1988),5.00,1
Wheel of Fortune 2nd Edition (DOS - 1987),4.44,32
Wheel of Fortune Junior Edition (DOS - 1989),4.78,18
Wheel of Fortune: Deluxe Edition (SNES - 1994),5.00,1
"Wheel of Fortune: Featuring Vanna White (Game Gear, NES - 1993)",5.00,1
Wheel of Fortune: Golden Edition (DOS - 1989),4.78,27
"Wheel of Fortune: New 3rd Edition (DOS, C64 - 1988)",4.91,15
"Wheel of Fortune: New Second Edition (DOS, C64 - 1988)",4.65,26
"Win, Lose or Draw (DOS, C64, NES - 1988)",4.27,22
"Wipeout (DOS, C64 - 1989)",4.80,36
You Don't Know Jack (Mac - 1995),5.00,2
You Don't Know Jack Sports (Mac - 1996),0.00,0
You Don't Know Jack: Volume 2 (Mac - 1996),3.00,1
