Title,Average Rating,Number of Ratings
Battleship (Game Gear - 1993),0.00,0
Devilish (Game Gear - 1991),5.00,2
Mortal Kombat II (Game Gear - 1994),4.40,114
Fred Couples Golf (Game Gear - 1994),5.00,1
The Itchy & Scratchy Game (Game Gear - 1995),5.00,1
Primal Rage (Game Gear - 1995),4.57,75
Skweek (Game Gear - 1991),3.60,10
Magic Knight Rayearth (Game Gear - 1995),4.00,2
Zool (Game Gear - 1994),4.34,27
Madden NFL 95 (Game Gear - 1994),0.00,0
Clutch Hitter (Game Gear - 1991),0.00,0
Phantasy Star Adventure (Game Gear - 1992),0.00,0
Columns (Game Gear - 1990),3.50,6
Nazo Puyo 2 (Game Gear - 1993),0.00,0
Disney's Ariel the Little Mermaid (Game Gear - 1992),4.80,5
Sylvan Tale (Game Gear - 1995),5.00,1
Nazo Puyo (Game Gear - 1993),5.00,1
Lemmings (Game Gear - 1992),4.66,188
Madō Monogatari III: Kyūkyoku Joō-sama (Game Gear - 1994),0.00,0
Wizard Pinball (Game Gear - 1995),0.00,0
Dragon Crystal (Game Gear - 1990),5.00,2
Garry Kitchen's Super Battletank: War in the Gulf (Game Gear - 2000),5.00,5
Cheese Cat-Astrophe starring Speedy Gonzales (Game Gear - 1995),3.50,2
Stargate (Game Gear - 1994),5.00,1
Super Star Wars: Return of the Jedi (Game Gear - 1995),4.00,4
Iron Man / X-O Manowar in Heavy Metal (Game Gear - 1996),5.00,2
Astérix and the Secret Mission (Game Gear - 1993),5.00,2
The Smurfs (Game Gear - 1994),3.33,3
Aa Harimanada (Game Gear - 1993),3.75,4
The Chessmaster (Game Gear - 1991),4.60,5
Last Action Hero (Game Gear - 1993),0.00,0
Star Trek: The Next Generation (Game Gear - 1994),5.00,1
WWF Wrestlemania: Steel Cage Challenge (Game Gear - 1993),5.00,1
Streets of Rage 2 (Game Gear - 1993),4.50,8
Psychic World (Game Gear - 1991),5.00,1
Solitaire Poker (Game Gear - 1991),0.00,0
NBA Jam (Game Gear - 1994),4.00,2
Dr. Robotnik's Mean Bean Machine (Game Gear - 1993),5.00,1
Kawasaki Superbike Challenge (Game Gear - 1994),0.00,0
G-Loc: Air Battle (Game Gear - 1991),5.00,2
Shining Force Gaiden: Final Conflict (Game Gear - 1995),5.00,1
MLBPA Baseball (Game Gear - 1995),0.00,0
Shinobi (Game Gear - 1991),4.00,1
Ristar (Game Gear - 1994),5.00,3
PGA Tour Golf II (Game Gear - 1995),0.00,0
NFL '95 (Game Gear - 1994),5.00,1
Chicago Syndicate (Game Gear - 1995),0.00,0
Klax (Game Gear - 1991),4.53,15
RoboCop 3 (Game Gear - 1993),5.00,4
Mega Man (Game Gear - 1995),3.80,5
Rastan (Game Gear - 1991),4.51,59
X-Men: Gamesmaster's Legacy (Game Gear - 1995),5.00,1
Dynamite Headdy (Game Gear - 1994),5.00,1
NBA Action Starring David Robinson (Game Gear - 1994),0.00,0
Star Wars (Game Gear - 1993),4.50,4
The Addams Family (Game Gear - 1993),5.00,2
NHL 95 (Game Gear - 1995),4.22,23
Tintin in Tibet (Game Gear - 1996),4.30,23
Cliffhanger (Game Gear - 1994),4.00,1
Aerial Assault (Game Gear - 1992),5.00,2
Poker Face Paul's Gin (Game Gear - 1994),0.00,0
Gear Works (Game Gear - 1994),4.25,8
Formula One (Game Gear - 1993),4.64,25
SD Gundam Winner's History (Game Gear - 1995),5.00,2
Phantasy Star Gaiden (Game Gear - 1992),0.00,0
Road Rash (Game Gear - 1993),4.26,15
Solitaire FunPak (Game Gear - 1994),0.00,0
Championship Hockey (Game Gear - 1994),0.00,0
Sega Game Pack 4in1 (Game Gear - 1992),3.00,2
World Cup Soccer (Game Gear - 1993),5.00,4
Home Alone (Game Gear - 1992),3.00,2
Battletoads (Game Gear - 1993),4.22,9
R.B.I. Baseball '94 (Game Gear - 1994),4.00,1
Faceball 2000 (Game Gear - 1993),5.00,1
Streets of Rage (Game Gear - 1992),5.00,6
Saban's VR Troopers (Game Gear - 1995),3.00,1
Spider-Man / X-Men: Arcade's Revenge (Game Gear - 1994),4.17,6
Micro Machines (Game Gear - 1993),4.53,28
James Pond 3: Operation Starfish (Game Gear - 1994),4.09,11
Puyo Puyo 2 (Game Gear - 1994),5.00,7
Yū Yū Hakusho: Horobishi Mono no Gyakushū (Game Gear - 1994),5.00,1
Madō Monogatari A: Dokidoki Vacation (Game Gear - 1995),5.00,2
The Smurfs Travel the World (Game Gear - 1995),4.00,4
F-15 Strike Eagle (Game Gear - 1993),4.38,13
Nazo Puyo: Arle no Roux (Game Gear - 1994),4.00,1
Arch Rivals (Game Gear - 1992),5.00,2
Zoop (Game Gear - 1995),4.00,5
The Simpsons: Bart vs. the Space Mutants (Game Gear - 1992),4.27,41
Wonder Boy (Game Gear - 1990),4.50,8
Panzer Dragoon Mini (Game Gear - 1996),5.00,2
Griffin (Game Gear - 1991),0.00,0
Rise of the Robots (Game Gear - 1994),4.00,28
Cosmic Spacehead (Game Gear - 1993),3.94,6
Sonic the Hedgehog Chaos (Game Gear - 1993),4.05,21
Disney's Aladdin (Game Gear - 1994),4.33,6
Greendog: The Beached Surfer Dude! (Game Gear - 1993),5.00,1
Terminator 2: Judgment Day (Game Gear - 1993),5.00,2
Buster Ball (Game Gear - 1992),0.00,0
Arena: Maze of Death (Game Gear - 1995),4.67,3
Bubble Bobble (Game Gear - 1994),4.42,170
Smash T.V. (Game Gear - 1992),4.33,13
Super Golf (Game Gear - 1991),0.00,0
Krusty's Super Fun House (Game Gear - 1993),4.54,13
Daffy Duck in Hollywood (Game Gear - 1994),0.00,0
Disney's Bonkers: Wax Up! (Game Gear - 1995),1.00,1
James Pond 2: Codename: RoboCod (Game Gear - 1993),4.78,33
Mick & Mack as the Global Gladiators (Game Gear - 1993),3.00,2
Woody Pop (Game Gear - 1991),0.00,0
Captain America and the Avengers (Game Gear - 1993),5.00,2
Jungle Strike (Game Gear - 1995),4.58,31
Terminator 2: Judgment Day (Game Gear - 1993),4.78,36
Head Buster (Game Gear - 1991),0.00,0
The Berlinwall (Game Gear - 1991),1.00,1
PGA Tour 96 (Game Gear - 1995),0.00,0
FIFA Soccer 96 (Game Gear - 1995),0.00,0
Ivan 'Ironman' Stewart's Super Off Road (Game Gear - 1992),4.61,81
Jeopardy! (Game Gear - 1993),4.75,4
The Simpsons: Bart vs. the World (Game Gear - 1993),4.20,5
World Series Baseball (Game Gear - 1993),0.00,0
Coca Cola Kid (Game Gear - 1994),5.00,2
Kishin Dōji Zenki (Game Gear - 1995),0.00,0
"Evander Holyfield's ""Real Deal"" Boxing (Game Gear - 1992)",0.00,0
Monster Truck Wars (Game Gear - 1994),5.00,1
OutRun (Game Gear - 1991),4.47,49
Vampire: Master of Darkness (Game Gear - 1992),4.40,5
Spider-Man (Game Gear - 1991),5.00,2
Fantasy Zone (Game Gear - 1991),0.00,0
GP Rider (Game Gear - 1994),5.00,1
Sonic Labyrinth (Game Gear - 1995),3.33,3
The Majors: Pro Baseball (Game Gear - 1992),5.00,3
Desert Speedtrap starring Road Runner and Wile E. Coyote (Game Gear - 1994),3.00,2
Magical Puzzle: Popils (Game Gear - 1991),5.00,2
Phantom 2040 (Game Gear - 1995),5.00,1
The Berenstain Bears' Camping Adventure (Game Gear - 1993),5.00,1
Batman Returns (Game Gear - 1992),4.25,4
Chuck Rock II: Son of Chuck (Game Gear - 1993),5.00,4
Joe Montana Football (Game Gear - 1992),0.00,0
Shi-Kin-Joh (Game Gear - 1991),5.00,1
The Incredible Hulk (Game Gear - 1995),4.00,12
Scratch Golf (Game Gear - 1994),5.00,1
The Ottifants (Game Gear - 1993),5.00,2
NHL All-Star Hockey (Game Gear - 1995),0.00,0
Wolfchild (Game Gear - 1993),5.00,5
Foreman for Real (Game Gear - 1995),0.00,0
Sonic the Hedgehog 2 (Game Gear - 1992),5.00,1
Tails' Skypatrol (Game Gear - 1995),3.67,3
Crystal Warriors (Game Gear - 1991),4.67,3
Garfield: Caught in the Act (Game Gear - 1995),4.43,7
Alien³ (Game Gear - 1994),4.75,8
GG Aleste (Game Gear - 1991),4.50,2
Winter Olympics: Lillehammer '94 (Game Gear - 1994),4.80,5
Superman: The Man of Steel (Game Gear - 1993),5.00,2
5 in One Fun Pak (Game Gear - 1994),4.50,2
Space Harrier (Game Gear - 1991),4.92,13
Shining Force Gaiden (Game Gear - 1992),5.00,1
Super Monaco GP (Game Gear - 1990),4.75,8
Legend of Illusion starring Mickey Mouse (Game Gear - 1995),5.00,1
Riddick Bowe Boxing (Game Gear - 1993),0.00,0
Super Columns (Game Gear - 1995),5.00,1
Marble Madness (Game Gear - 1992),4.54,35
Dizzy's Excellent Adventures (Game Gear - 1994),4.00,1
Frank Thomas Big Hurt Baseball (Game Gear - 1995),5.00,2
Daisenryaku G (Game Gear - 1991),0.00,0
The Simpsons: Bartman Meets Radioactive Man (Game Gear - 1993),4.80,5
Mighty Morphin Power Rangers (Game Gear - 1994),4.24,13
Magical Tarurūto-kun (Game Gear - 1991),0.00,0
The Lion King (Game Gear - 1994),0.00,0
Halley Wars (Game Gear - 1991),0.00,0
World Cup USA 94 (Game Gear - 1994),3.93,14
Madō Monogatari II: Arle 16-sai (Game Gear - 1994),0.00,0
Strider 2 (Game Gear - 1994),4.33,9
Land of Illusion starring Mickey Mouse (Game Gear - 1993),4.33,9
Wonder Boy III: The Dragon's Trap (Game Gear - 1992),5.00,4
Casino FunPak (Game Gear - 1995),2.00,2
Yū Yū Hakusho II: Gekitō! Shichi Kyō no Tatakai (Game Gear - 1994),5.00,1
Mortal Kombat (Game Gear - 1993),4.48,137
Surf Ninjas (Game Gear - 1993),0.00,0
The Terminator (Game Gear - 1992),3.50,2
Deep Duck Trouble starring Donald Duck (Game Gear - 1993),5.00,1
Ecco the Dolphin (Game Gear - 1993),5.00,1
Junction (Game Gear - 1991),0.00,0
Urban Strike (Game Gear - 1995),5.00,5
Galaga '88 (Game Gear - 1991),5.00,3
Defenders of Oasis (Game Gear - 1992),3.00,2
Tarzan: Lord of the Jungle (Game Gear - 1994),3.33,3
Shining Force: The Sword of Hajya (Game Gear - 1993),4.40,5
Choplifter III (Game Gear - 1993),0.00,0
Pengo (Game Gear - 1990),5.00,3
Madden 96 (Game Gear - 1995),0.00,0
Sonic the Hedgehog: Spinball (Game Gear - 1993),4.33,6
Astérix and the Great Rescue (Game Gear - 1994),5.00,2
The Adventures of Batman & Robin (Game Gear - 1995),4.25,4
Sports Trivia: Championship Edition (Game Gear - 1995),0.00,0
Wheel of Fortune: Featuring Vanna White (Game Gear - 1993),5.00,2
Gunstar Heroes (Game Gear - 1995),3.67,3
Mighty Morphin Power Rangers: The Movie (Game Gear - 1995),5.00,1
Poker Face Paul's Blackjack (Game Gear - 1993),0.00,0
Dropzone (Game Gear - 1994),4.50,4
Tempo Jr. (Game Gear - 1995),0.00,0
Kaitō Saint Tail (Game Gear - 1996),3.67,3
Ultimate Soccer (Game Gear - 1993),3.00,1
Sonic Drift (Game Gear - 1994),5.00,1
Batman Forever (Game Gear - 1995),2.67,3
Andre Agassi Tennis (Game Gear - 1994),5.00,1
Taz-Mania (Game Gear - 1992),5.00,1
Marko's Magic Football (Game Gear - 1993),0.00,0
Ecco: The Tides of Time (Game Gear - 1994),3.00,2
True Lies (Game Gear - 1995),0.00,0
Bram Stoker's Dracula (Game Gear - 1993),0.00,0
Sonic the Hedgehog (Game Gear - 1991),4.18,11
X-Men (Game Gear - 1994),2.67,3
Bust-A-Move (Game Gear - 1996),4.75,4
Predator 2 (Game Gear - 1992),0.00,0
Factory Panic (Game Gear - 1991),4.50,2
Judge Dredd (Game Gear - 1995),0.00,0
Olympic Gold: Barcelona '92 (Game Gear - 1992),5.00,1
Batter Up (Game Gear - 1991),4.00,1
Kinetic Connection (Game Gear - 1991),0.00,0
Star Trek: Generations - Beyond the Nexus (Game Gear - 1994),5.00,1
Neko Daisuki! (Game Gear - 1996),5.00,1
The Incredible Crash Dummies (Game Gear - 1994),4.67,3
Wimbledon Championship Tennis (Game Gear - 1992),5.00,1
Sonic Blast (Game Gear - 1996),4.20,15
Virtua Fighter Animation (Game Gear - 1996),3.67,4
Powerstrike II (Game Gear - 1993),5.00,1
Micro Machines 2: Turbo Tournament (Game Gear - 1995),4.26,19
Sink or Swim (Game Gear - 1994),3.63,8
RoboCop versus The Terminator (Game Gear - 1993),5.00,1
Shaq Fu (Game Gear - 1995),3.00,4
Poker Face Paul's Poker (Game Gear - 1994),0.00,0
Tesserae (Game Gear - 1993),3.67,3
The Jungle Book (Game Gear - 1994),5.00,2
Godzilla: Kaijū no Daishingeki (Game Gear - 1995),4.50,2
Double Dragon (Game Gear - 1993),4.50,2
Chase H.Q. (Game Gear - 1991),4.40,10
Castle of Illusion starring Mickey Mouse (Game Gear - 1991),4.33,12
Puyo Puyo (Game Gear - 1993),5.00,5
Pete Sampras Tennis (Game Gear - 1994),0.00,0
Putt & Putter (Game Gear - 1991),5.00,1
World Series Baseball '95 (Game Gear - 1994),5.00,2
Cool Spot (Game Gear - 1993),4.35,29
Super Kick Off (Game Gear - 1991),4.50,2
Revelations: The Demon Slayer (Game Gear - 1994),4.00,5
Puzzle & Action: Tant-R (Game Gear - 1994),3.50,4
Quest for the Shaven Yak starring Ren Hoëk & Stimpy (Game Gear - 1994),5.00,2
Bishōjo Senshi Sailor Moon S (Game Gear - 1995),4.50,2
Hook (Game Gear - 1992),5.00,1
Spider-Man: Return of the Sinister Six (Game Gear - 1993),4.19,16
Sports Illustrated: Championship Football & Baseball (Game Gear - 1995),0.00,0
Chakan (Game Gear - 1992),5.00,3
The Lost World: Jurassic Park (Game Gear - 1997),3.73,11
Samurai Shodown (Game Gear - 1994),4.70,10
Dragon: The Bruce Lee Story (Game Gear - 1993),5.00,1
Shanghai II (Game Gear - 1990),5.00,2
Tom and Jerry: The Movie (Game Gear - 1993),4.50,4
Fatal Fury Special (Game Gear - 1994),5.00,2
James Bond 007: The Duel (Game Gear - 1993),4.67,3
Jurassic Park (Game Gear - 1993),5.00,1
Chuck Rock (Game Gear - 1992),4.50,4
PaperBoy 2 (Game Gear - 1993),4.32,34
Taz in Escape from Mars (Game Gear - 1994),5.00,1
X-Men: Mojo World (Game Gear - 1996),5.00,2
Hurricanes (Game Gear - 1994),0.00,0
Pac-Man (Game Gear - 1991),4.51,78
Indiana Jones and The Last Crusade: The Action Game (Game Gear - 1991),4.12,25
Lunar: Sanpo-suru Gakuen (Game Gear - 1996),5.00,1
WWF Raw (Game Gear - 1994),4.33,9
R.C. Grand Prix (Game Gear - 1992),5.00,1
Mortal Kombat 3 (Game Gear - 1995),4.26,201
Sonic Drift 2 (Game Gear - 1995),4.31,13
MTV's Beavis and Butt-Head (Game Gear - 1994),4.00,1
NBA Jam Tournament Edition (Game Gear - 1995),4.33,34
Pop Breaker (Game Gear - 1991),0.00,0
Megami Tensei Gaiden: Last Bible Special (Game Gear - 1995),4.50,2
PaperBoy (Game Gear - 1991),4.44,25
Caesars Palace (Game Gear - 1993),0.00,0
FIFA International Soccer (Game Gear - 1994),4.30,190
Ayrton Senna's Super Monaco GP II (Game Gear - 1992),4.75,4
Ms. Pac-Man (Game Gear - 1995),4.20,59
Sensible Soccer: European Champions (Game Gear - 1993),4.00,3
Side Pocket (Game Gear - 1994),4.25,8
Jeopardy! Sports Edition (Game Gear - 1994),5.00,1
Sonic the Hedgehog: Triple Trouble (Game Gear - 1994),4.33,21
Mappy (Game Gear - 1991),4.63,16
Bugs Bunny in Double Trouble (Game Gear - 1996),5.00,3
The Fantastic Adventures of Dizzy (Game Gear - 1993),4.38,59
OutRun Europa (Game Gear - 1991),4.57,7
NFL Quarterback Club 96 (Game Gear - 1995),0.00,0
Poker Face Paul's Solitaire (Game Gear - 1994),0.00,0
Pinball Dreams (Game Gear - 1994),4.50,68
World Class Leader Board (Game Gear - 1991),4.67,36
Prince of Persia (Game Gear - 1992),4.58,446
Madō Monogatari I (Game Gear - 1993),5.00,6
Baku Baku Animal (Game Gear - 1996),3.00,4
Pac-Attack (Game Gear - 1994),5.00,3
Desert Strike: Return to the Gulf (Game Gear - 1994),4.48,56
Earthworm Jim (Game Gear - 1995),4.62,45
Taito's Super Space Invaders (Game Gear - 1992),4.50,18
Alien Syndrome (Game Gear - 1992),3.75,4
George Foreman's KO Boxing (Game Gear - 1992),0.00,0
NFL Quarterback Club (Game Gear - 1995),0.00,0
Ninja Gaiden (Game Gear - 1991),0.00,0
Shinobi II: The Silent Fury (Game Gear - 1992),4.00,2
PGA Tour Golf (Game Gear - 1993),4.25,28
Cutthroat Island (Game Gear - 1995),5.00,3
Ax Battler: A Legend of Golden Axe (Game Gear - 1991),5.00,1
The Lucky Dime Caper starring Donald Duck (Game Gear - 1991),4.00,1
Tails Adventure (Game Gear - 1995),4.71,14
