Title,Average Rating,Number of Ratings
Ayrton Senna's Super Monaco GP II (Game Gear - 1992),4.75,4
Arena: Maze of Death (Game Gear - 1995),4.67,3
Wolfchild (Game Gear - 1993),5.00,5
Wonder Boy III: The Dragon's Trap (Game Gear - 1992),5.00,4
Dragon Crystal (Game Gear - 1990),4.67,3
Madden 96 (Game Gear - 1995),0.00,0
Saban's VR Troopers (Game Gear - 1995),3.00,1
Sylvan Tale (Game Gear - 1995),5.00,1
The Adventures of Batman & Robin (Game Gear - 1995),4.25,4
Chase H.Q. (Game Gear - 1991),4.45,11
Daisenryaku G (Game Gear - 1991),4.00,1
Defenders of Oasis (Game Gear - 1992),3.33,3
Nazo Puyo: Arle no Roux (Game Gear - 1994),4.00,1
Stargate (Game Gear - 1994),5.00,1
Pengo (Game Gear - 1990),5.00,3
Spider-Man (Game Gear - 1991),5.00,2
Sports Trivia: Championship Edition (Game Gear - 1995),0.00,0
Cosmic Spacehead (Game Gear - 1993),3.94,6
Shining Force Gaiden: Final Conflict (Game Gear - 1995),5.00,1
Astérix and the Secret Mission (Game Gear - 1993),5.00,2
Rise of the Robots (Game Gear - 1994),4.00,29
Revelations: The Demon Slayer (Game Gear - 1994),4.00,5
Mortal Kombat II (Game Gear - 1994),4.41,115
Joe Montana Football (Game Gear - 1992),0.00,0
Alien Syndrome (Game Gear - 1992),3.75,4
Poker Face Paul's Gin (Game Gear - 1994),0.00,0
WWF Wrestlemania: Steel Cage Challenge (Game Gear - 1993),5.00,2
The Fantastic Adventures of Dizzy (Game Gear - 1993),4.38,62
Lunar: Sanpo-suru Gakuen (Game Gear - 1996),5.00,1
World Series Baseball '95 (Game Gear - 1994),5.00,2
NFL '95 (Game Gear - 1994),5.00,1
Kishin Dōji Zenki (Game Gear - 1995),0.00,0
NFL Quarterback Club 96 (Game Gear - 1995),0.00,0
Super Kick Off (Game Gear - 1991),4.67,3
The Terminator (Game Gear - 1992),3.33,3
Surf Ninjas (Game Gear - 1993),0.00,0
Jungle Strike (Game Gear - 1995),4.61,33
Road Rash (Game Gear - 1993),4.09,21
Mighty Morphin Power Rangers (Game Gear - 1994),4.20,16
Hook (Game Gear - 1992),5.00,1
NHL 95 (Game Gear - 1995),4.21,24
Dragon: The Bruce Lee Story (Game Gear - 1993),5.00,1
Puyo Puyo 2 (Game Gear - 1994),5.00,8
Solitaire FunPak (Game Gear - 1994),0.00,0
The Addams Family (Game Gear - 1993),5.00,2
Bust-A-Move (Game Gear - 1996),4.40,5
Tempo Jr. (Game Gear - 1995),0.00,0
Ninja Gaiden (Game Gear - 1991),0.00,0
Panzer Dragoon Mini (Game Gear - 1996),5.00,2
Pop Breaker (Game Gear - 1991),0.00,0
Dropzone (Game Gear - 1994),4.50,4
Baku Baku Animal (Game Gear - 1996),3.57,7
Mappy (Game Gear - 1991),4.65,17
Aerial Assault (Game Gear - 1992),5.00,2
The Smurfs Travel the World (Game Gear - 1995),4.00,4
Bubble Bobble (Game Gear - 1994),4.43,175
Klax (Game Gear - 1991),4.50,16
Tails Adventure (Game Gear - 1995),4.71,17
Puyo Puyo (Game Gear - 1993),4.89,9
Shinobi II: The Silent Fury (Game Gear - 1992),4.00,2
Super Golf (Game Gear - 1991),0.00,0
Chuck Rock II: Son of Chuck (Game Gear - 1993),4.20,5
Chicago Syndicate (Game Gear - 1995),0.00,0
Devilish (Game Gear - 1991),0.00,0
The Incredible Crash Dummies (Game Gear - 1994),4.67,3
Cheese Cat-Astrophe starring Speedy Gonzales (Game Gear - 1995),3.00,3
Desert Strike: Return to the Gulf (Game Gear - 1994),4.48,56
Mighty Morphin Power Rangers: The Movie (Game Gear - 1995),5.00,3
WWF Raw (Game Gear - 1994),4.33,9
Krusty's Super Fun House (Game Gear - 1993),4.54,13
Chakan (Game Gear - 1992),4.50,4
OutRun (Game Gear - 1991),4.48,52
Ivan 'Ironman' Stewart's Super Off Road (Game Gear - 1992),4.62,84
Wizard Pinball (Game Gear - 1995),0.00,0
Olympic Gold: Barcelona '92 (Game Gear - 1992),4.50,2
Puzzle & Action: Tant-R (Game Gear - 1994),3.50,4
Predator 2 (Game Gear - 1992),0.00,0
The Incredible Hulk (Game Gear - 1995),4.12,16
Indiana Jones and The Last Crusade: The Action Game (Game Gear - 1991),4.15,27
NBA Jam (Game Gear - 1994),4.00,2
Sonic Labyrinth (Game Gear - 1995),3.33,3
Super Columns (Game Gear - 1995),5.00,1
The Chessmaster (Game Gear - 1991),4.60,5
Dynamite Headdy (Game Gear - 1994),5.00,1
Micro Machines (Game Gear - 1993),4.55,29
Battleship (Game Gear - 1993),0.00,0
Captain America and the Avengers (Game Gear - 1993),4.67,6
Sonic the Hedgehog: Triple Trouble (Game Gear - 1994),4.33,24
Clutch Hitter (Game Gear - 1991),0.00,0
Cool Spot (Game Gear - 1993),4.26,31
R.C. Grand Prix (Game Gear - 1992),5.00,1
Fatal Fury Special (Game Gear - 1994),5.00,2
PaperBoy (Game Gear - 1991),4.37,27
Sonic the Hedgehog: Spinball (Game Gear - 1993),0.00,0
Shaq Fu (Game Gear - 1995),3.00,4
Spider-Man / X-Men: Arcade's Revenge (Game Gear - 1994),4.29,7
Buster Ball (Game Gear - 1992),0.00,0
Spider-Man: Return of the Sinister Six (Game Gear - 1993),4.33,21
Faceball 2000 (Game Gear - 1993),4.00,2
X-Men: Gamesmaster's Legacy (Game Gear - 1995),5.00,1
Skweek (Game Gear - 1991),3.60,10
Winter Olympics: Lillehammer '94 (Game Gear - 1994),4.17,6
Batman Forever (Game Gear - 1995),2.67,3
Jurassic Park (Game Gear - 1993),5.00,1
Taito's Super Space Invaders (Game Gear - 1992),4.47,19
Shining Force Gaiden (Game Gear - 1992),5.00,1
World Cup Soccer (Game Gear - 1993),5.00,4
World Class Leader Board (Game Gear - 1991),4.66,38
Marko's Magic Football (Game Gear - 1993),0.00,0
The Simpsons: Bart vs. the World (Game Gear - 1993),4.20,5
Tom and Jerry: The Movie (Game Gear - 1993),4.50,4
Cutthroat Island (Game Gear - 1995),5.00,4
Yū Yū Hakusho II: Gekitō! Shichi Kyō no Tatakai (Game Gear - 1994),5.00,1
Poker Face Paul's Blackjack (Game Gear - 1993),0.00,0
Bram Stoker's Dracula (Game Gear - 1993),0.00,0
Star Trek: Generations - Beyond the Nexus (Game Gear - 1994),5.00,1
Mortal Kombat 3 (Game Gear - 1995),4.24,203
Griffin (Game Gear - 1991),0.00,0
Garfield: Caught in the Act (Game Gear - 1995),4.62,13
Jeopardy! (Game Gear - 1993),4.75,4
RoboCop 3 (Game Gear - 1993),4.33,6
Poker Face Paul's Solitaire (Game Gear - 1994),0.00,0
Arch Rivals (Game Gear - 1992),5.00,2
Super Star Wars: Return of the Jedi (Game Gear - 1995),4.00,4
Double Dragon (Game Gear - 1993),4.50,2
James Bond 007: The Duel (Game Gear - 1993),4.67,3
Home Alone (Game Gear - 1992),3.67,3
Space Harrier (Game Gear - 1991),4.92,13
Kinetic Connection (Game Gear - 1991),0.00,0
X-Men: Mojo World (Game Gear - 1996),5.00,2
Shanghai II (Game Gear - 1990),5.00,2
Sonic Blast (Game Gear - 1996),4.25,16
Power Strike II (Game Gear - 1993),5.00,1
Deep Duck Trouble starring Donald Duck (Game Gear - 1993),5.00,1
Madō Monogatari A: Dokidoki Vacation (Game Gear - 1995),5.00,2
Tails' Skypatrol (Game Gear - 1995),3.67,3
Streets of Rage 2 (Game Gear - 1993),4.56,9
Rastan (Game Gear - 1991),4.52,61
The Jungle Book (Game Gear - 1994),5.00,2
Fantasy Zone (Game Gear - 1991),0.00,0
PGA Tour Golf (Game Gear - 1993),4.25,28
PaperBoy 2 (Game Gear - 1993),4.35,37
Super Monaco GP (Game Gear - 1990),4.78,9
R.B.I. Baseball '94 (Game Gear - 1994),4.00,1
X-Men (Game Gear - 1994),2.67,3
F-15 Strike Eagle (Game Gear - 1993),0.00,0
Shi-Kin-Joh (Game Gear - 1991),5.00,1
Magical Puzzle: Popils (Game Gear - 1991),5.00,2
Side Pocket (Game Gear - 1994),4.25,8
Daffy Duck in Hollywood (Game Gear - 1994),0.00,0
Ultimate Soccer (Game Gear - 1993),3.00,1
Bishōjo Senshi Sailor Moon S (Game Gear - 1995),4.67,3
Caesars Palace (Game Gear - 1993),0.00,0
Mortal Kombat (Game Gear - 1993),4.48,140
Disney's Aladdin (Game Gear - 1994),4.43,7
Pac-Attack (Game Gear - 1994),5.00,3
James Pond 2: Codename: RoboCod (Game Gear - 1993),4.71,36
Sonic the Hedgehog 2 (Game Gear - 1992),5.00,1
Solitaire Poker (Game Gear - 1991),0.00,0
MLBPA Baseball (Game Gear - 1995),0.00,0
Ms. Pac-Man (Game Gear - 1995),4.21,64
Sonic Drift (Game Gear - 1994),4.50,2
PGA Tour 96 (Game Gear - 1995),0.00,0
The Smurfs (Game Gear - 1994),3.40,5
Madō Monogatari I (Game Gear - 1993),5.00,7
World Cup USA 94 (Game Gear - 1994),3.93,15
Taz in Escape from Mars (Game Gear - 1994),5.00,2
Chuck Rock (Game Gear - 1992),4.56,9
Sonic Drift 2 (Game Gear - 1995),3.88,17
Virtua Fighter Animation (Game Gear - 1996),3.67,4
Streets of Rage (Game Gear - 1992),5.00,7
Greendog: The Beached Surfer Dude! (Game Gear - 1993),5.00,1
Superman: The Man of Steel (Game Gear - 1993),5.00,2
Terminator 2: Judgment Day (Game Gear - 1993),4.68,38
The Berenstain Bears' Camping Adventure (Game Gear - 1993),5.00,1
Land of Illusion starring Mickey Mouse (Game Gear - 1993),4.50,12
Mick & Mack as the Global Gladiators (Game Gear - 1993),3.33,3
Madō Monogatari III: Kyūkyoku Joō-sama (Game Gear - 1994),0.00,0
Sensible Soccer: European Champions (Game Gear - 1993),4.00,3
Shining Force: The Sword of Hajya (Game Gear - 1993),4.40,5
James Pond 3: Operation Starfish (Game Gear - 1994),3.83,12
The Simpsons: Bartman Meets Radioactive Man (Game Gear - 1993),4.80,5
Phantasy Star Gaiden (Game Gear - 1992),0.00,0
Ecco the Dolphin (Game Gear - 1993),5.00,2
Batter Up (Game Gear - 1991),4.00,1
Samurai Shodown (Game Gear - 1994),4.70,10
Smash T.V. (Game Gear - 1992),4.33,13
Kawasaki Superbike Challenge (Game Gear - 1994),0.00,0
Tintin in Tibet (Game Gear - 1996),4.24,25
Choplifter III (Game Gear - 1993),0.00,0
The Lion King (Game Gear - 1994),0.00,0
Mega Man (Game Gear - 1995),3.80,5
Phantasy Star Adventure (Game Gear - 1992),0.00,0
Yū Yū Hakusho: Horobishi Mono no Gyakushū (Game Gear - 1994),5.00,1
Columns (Game Gear - 1990),3.13,8
Batman Returns (Game Gear - 1992),4.40,5
Fred Couples Golf (Game Gear - 1994),5.00,1
Iron Man / X-O Manowar in Heavy Metal (Game Gear - 1996),5.00,2
Foreman for Real (Game Gear - 1995),0.00,0
Last Action Hero (Game Gear - 1993),0.00,0
True Lies (Game Gear - 1995),0.00,0
Taz-Mania (Game Gear - 1992),5.00,1
Tarzan: Lord of the Jungle (Game Gear - 1994),3.75,4
Legend of Illusion starring Mickey Mouse (Game Gear - 1995),5.00,1
Head Buster (Game Gear - 1991),0.00,0
Primal Rage (Game Gear - 1995),4.57,78
Vampire: Master of Darkness (Game Gear - 1992),4.40,5
Kaitō Saint Tail (Game Gear - 1996),3.67,3
Poker Face Paul's Poker (Game Gear - 1994),0.00,0
Earthworm Jim (Game Gear - 1995),4.59,47
Dizzy's Excellent Adventures (Game Gear - 1994),4.00,1
Ax Battler: A Legend of Golden Axe (Game Gear - 1991),5.00,1
Wheel of Fortune: Featuring Vanna White (Game Gear - 1993),5.00,2
Hurricanes (Game Gear - 1994),0.00,0
The Berlinwall (Game Gear - 1991),1.00,1
GG Aleste (Game Gear - 1991),4.50,2
The Simpsons: Bart vs. the Space Mutants (Game Gear - 1992),4.20,44
Crystal Warriors (Game Gear - 1991),4.67,3
Disney's Ariel the Little Mermaid (Game Gear - 1992),4.80,5
Factory Panic (Game Gear - 1991),4.50,2
SD Gundam Winner's History (Game Gear - 1995),5.00,2
The Lucky Dime Caper starring Donald Duck (Game Gear - 1991),4.00,1
Terminator 2: Judgment Day (Game Gear - 1993),5.00,2
Aa Harimanada (Game Gear - 1993),4.00,5
Sports Illustrated: Championship Football & Baseball (Game Gear - 1995),0.00,0
George Foreman's KO Boxing (Game Gear - 1992),0.00,0
NHL All-Star Hockey (Game Gear - 1995),0.00,0
Shinobi (Game Gear - 1991),4.00,1
Pete Sampras Tennis (Game Gear - 1994),0.00,0
FIFA International Soccer (Game Gear - 1994),4.31,203
Sink or Swim (Game Gear - 1994),3.63,8
Halley Wars (Game Gear - 1991),0.00,0
World Series Baseball (Game Gear - 1993),0.00,0
Nazo Puyo 2 (Game Gear - 1993),0.00,0
Putt & Putter (Game Gear - 1991),5.00,1
The Lost World: Jurassic Park (Game Gear - 1997),3.73,11
NFL Quarterback Club (Game Gear - 1995),0.00,0
Woody Pop (Game Gear - 1991),0.00,0
Gear Works (Game Gear - 1994),4.25,8
Astérix and the Great Rescue (Game Gear - 1994),4.00,5
Scratch Golf (Game Gear - 1994),5.00,1
Sega Game Pack 4in1 (Game Gear - 1992),3.00,2
Pinball Dreams (Game Gear - 1994),4.50,68
Sonic the Hedgehog (Game Gear - 1991),4.24,17
"Evander Holyfield's ""Real Deal"" Boxing (Game Gear - 1992)",0.00,0
Andre Agassi Tennis (Game Gear - 1994),5.00,1
NBA Action Starring David Robinson (Game Gear - 1994),0.00,0
Quest for the Shaven Yak starring Ren Hoëk & Stimpy (Game Gear - 1994),5.00,2
Urban Strike (Game Gear - 1995),4.33,6
Pac-Man (Game Gear - 1991),4.48,86
Casino FunPak (Game Gear - 1995),2.00,2
Desert Speedtrap starring Road Runner and Wile E. Coyote (Game Gear - 1994),3.00,2
PGA Tour Golf II (Game Gear - 1995),0.00,0
Jeopardy! Sports Edition (Game Gear - 1994),5.00,1
Star Trek: The Next Generation (Game Gear - 1994),5.00,1
Micro Machines 2: Turbo Tournament (Game Gear - 1995),4.26,19
MTV's Beavis and Butt-Head (Game Gear - 1994),4.00,1
Frank Thomas Big Hurt Baseball (Game Gear - 1995),5.00,2
Castle of Illusion starring Mickey Mouse (Game Gear - 1991),4.38,13
Gunstar Heroes (Game Gear - 1995),3.67,3
FIFA Soccer 96 (Game Gear - 1995),1.00,1
Sonic the Hedgehog Chaos (Game Gear - 1993),3.97,30
Zoop (Game Gear - 1995),3.83,6
Cliffhanger (Game Gear - 1994),4.00,1
Marble Madness (Game Gear - 1992),4.57,37
Zool (Game Gear - 1994),4.40,30
Magic Knight Rayearth (Game Gear - 1995),4.00,2
RoboCop versus The Terminator (Game Gear - 1993),4.75,4
Dr. Robotnik's Mean Bean Machine (Game Gear - 1993),5.00,2
Battletoads (Game Gear - 1993),4.20,10
Tesserae (Game Gear - 1993),3.67,3
Magical Tarurūto-kun (Game Gear - 1991),0.00,0
The Majors: Pro Baseball (Game Gear - 1992),5.00,3
Formula One (Game Gear - 1993),4.65,26
Monster Truck Wars (Game Gear - 1994),5.00,1
Madden NFL 95 (Game Gear - 1994),0.00,0
Megami Tensei Gaiden: Last Bible Special (Game Gear - 1995),4.50,2
Godzilla: Kaijū no Daishingeki (Game Gear - 1995),4.50,2
Bugs Bunny in Double Trouble (Game Gear - 1996),5.00,3
Junction (Game Gear - 1991),0.00,0
Star Wars (Game Gear - 1993),4.50,4
Alien³ (Game Gear - 1994),4.80,10
OutRun Europa (Game Gear - 1991),4.57,7
Strider 2 (Game Gear - 1994),4.30,10
G-Loc: Air Battle (Game Gear - 1991),5.00,2
Neko Daisuki! (Game Gear - 1996),5.00,1
NBA Jam Tournament Edition (Game Gear - 1995),4.35,35
Galaga '88 (Game Gear - 1991),5.00,4
Nazo Puyo (Game Gear - 1993),5.00,1
Ristar (Game Gear - 1994),0.00,0
Championship Hockey (Game Gear - 1994),0.00,0
Wonder Boy (Game Gear - 1990),4.50,8
Garry Kitchen's Super Battletank: War in the Gulf (Game Gear - 2000),5.00,5
Phantom 2040 (Game Gear - 1995),5.00,2
5 in One Fun Pak (Game Gear - 1994),4.50,2
Riddick Bowe Boxing (Game Gear - 1993),0.00,0
The Itchy & Scratchy Game (Game Gear - 1995),5.00,1
The Ottifants (Game Gear - 1993),5.00,2
Madō Monogatari II: Arle 16-sai (Game Gear - 1994),0.00,0
Ecco: The Tides of Time (Game Gear - 1994),3.00,2
Prince of Persia (Game Gear - 1992),4.59,504
Disney's Bonkers: Wax Up! (Game Gear - 1995),1.00,1
Wimbledon Championship Tennis (Game Gear - 1992),5.00,1
GP Rider (Game Gear - 1994),5.00,1
Psychic World (Game Gear - 1991),5.00,1
Lemmings (Game Gear - 1992),4.64,211
Coca Cola Kid (Game Gear - 1994),4.67,3
