Title,Average Rating,Number of Ratings
007: The World is Not Enough (Game Boy Color - 2001),4.00,2
10-Pin Bowling (Game Boy Color - 1999),5.00,1
1942 (Game Boy Color - 2000),4.43,7
3-D Ultra Pinball: Thrillride (Game Boy Color - 2000),0.00,0
720º (Game Boy Color - 1999),5.00,3
Action Man: Search for Base X (Game Boy Color - 2001),0.00,0
AirForce Delta (Game Boy Color - 2000),0.00,0
Aliens: Thanatos Encounter (Game Boy Color - 2001),0.00,0
All Star Tennis 2000 (Game Boy Color - 2000),0.00,0
All-Star Baseball 2000 (Game Boy Color - 1999),0.00,0
All-Star Baseball 2001 (Game Boy Color - 2000),0.00,0
Alone in the Dark: The New Nightmare (Game Boy Color - 2001),0.00,0
Animorphs (Game Boy Color - 2000),0.00,0
Antz (Game Boy Color - 1999),0.00,0
Antz Racing (Game Boy Color - 2001),0.00,0
Antz World Sportz (Game Boy Color - 2001),3.00,1
Arle no Bōken: Mahō no Jewel (Game Boy Color - 2000),0.00,0
Armorines: Project S.W.A.R.M. (Game Boy Color - 1999),0.00,0
Army Men (Game Boy Color - 2000),0.00,0
Army Men 2 (Game Boy Color - 2000),5.00,1
Army Men: Air Combat (Game Boy Color - 2000),0.00,0
Army Men: Sarge's Heroes 2 (Game Boy Color - 2000),3.00,3
Astérix: Search for Dogmatix (Game Boy Color - 2000),3.25,4
Asteroids (Game Boy Color - 1999),5.00,1
Austin Powers: Oh Behave! (Game Boy Color - 2000),3.00,1
Austin Powers: Welcome to My Underground Lair! (Game Boy Color - 2000),0.00,0
Azure Dreams (Game Boy Color - 2000),0.00,0
Babe and Friends (Game Boy Color - 1999),0.00,0
Ballistic (Game Boy Color - 1999),0.00,0
Balloon Kid (Game Boy Color - 2000),3.00,2
Barbie: Ocean Discovery (Game Boy Color - 1999),0.00,0
Barbie: Pet Rescue (Game Boy Color - 2001),0.00,0
Bass Masters Classic (Game Boy Color - 1999),0.00,0
Batman Beyond: Return of the Joker (Game Boy Color - 2000),0.00,0
Batman: Chaos in Gotham (Game Boy Color - 2001),0.00,0
Battleship: The Classic Naval Combat Game (Game Boy Color - 1999),0.00,0
BattleTanx (Game Boy Color - 2000),0.00,0
beatmania GB (Game Boy Color - 1999),0.00,0
beatmania GB2: GatchaMix (Game Boy Color - 1999),0.00,0
beatmania GB: GatchaMix 2 (Game Boy Color - 2000),0.00,0
Bibi Blocksberg: Im Bann der Hexenkugel (Game Boy Color - 2001),0.00,0
"Bibi und Tina: Fohlen ""Felix"" in Gefahr (Game Boy Color - 2002)",5.00,1
Billy Bob's Huntin'-n-Fishin' (Game Boy Color - 1999),0.00,0
Bionic Commando: Elite Forces (Game Boy Color - 2000),0.00,0
Blade (Game Boy Color - 2000),0.00,0
Blaster Master: Enemy Below (Game Boy Color - 2000),0.00,0
Blue's Clues: Blue's Alphabet Book (Game Boy Color - 2001),0.00,0
Boarder Zone (Game Boy Color - 1999),0.00,0
Bomberman Max: Blue Champion (Game Boy Color - 2000),0.00,0
Bomberman Max: Red Challenger (Game Boy Color - 2000),0.00,0
Bomberman Quest (Game Boy Color - 1998),0.00,0
Bugs Bunny: Crazy Castle 3 (Game Boy Color - 1999),3.00,2
Bust-A-Move 4 (Game Boy Color - 1999),4.00,1
Carmageddon (Game Boy Color - 1999),0.00,0
Caterpillar Construction Zone (Game Boy Color - 1999),0.00,0
Catwoman (Game Boy Color - 1999),5.00,1
Catz (Game Boy Color - 1999),0.00,0
Commander Keen (Game Boy Color - 2001),5.00,1
Croc 2 (Game Boy Color - 2001),0.00,0
Das Geheimnis der Happy Hippo-Insel (Game Boy Color - 2001),0.00,0
David Beckham Soccer (Game Boy Color - 2002),0.00,0
Denki Blocks! (Game Boy Color - 2001),0.00,0
Die Maus: Verrückte Olympiade (Game Boy Color - 2001),0.00,0
Disney's 102 Dalmatians: Puppies to the Rescue (Game Boy Color - 2000),0.00,0
Disney's Atlantis: The Lost Empire (Game Boy Color - 2001),0.00,0
Disney's The Lion King: Simba's Mighty Adventure (Game Boy Color - 2000),3.00,2
Disney's The Little Mermaid II: Pinball Frenzy (Game Boy Color - 2000),0.00,0
Disney•Pixar Buzz Lightyear of Star Command (Game Boy Color - 2000),0.00,0
"Disney•Pixar Monsters, Inc. (Game Boy Color - 2001)",3.00,1
Disney•Pixar Toy Story Racer (Game Boy Color - 2001),0.00,0
Diva Starz: Mall Mania (Game Boy Color - 2001),0.00,0
Donkey Kong Country (Game Boy Color - 2000),5.00,2
Dracula: Crazy Vampire (Game Boy Color - 2001),0.00,0
Dragon Ball Z: Legendary Super Warriors (Game Boy Color - 2002),0.00,0
Dragon Dance (Game Boy Color - 1998),0.00,0
Dragon Warrior Monsters (Game Boy Color - 1998),0.00,0
Duke Nukem (Game Boy Color - 1998),5.00,1
Frogger (Game Boy Color - 1998),4.20,20
Game & Watch Gallery 2 (Game Boy Color - 1998),5.00,2
Game Boy Wars 2 (Game Boy Color - 1998),0.00,0
Gex: Enter the Gecko (Game Boy Color - 1998),5.00,1
Hamtaro: Ham-Hams Unite! (Game Boy Color - 2001),0.00,0
Harry Potter and the Chamber of Secrets (Game Boy Color - 2002),0.00,0
Hexcite: The Shapes of Victory (Game Boy Color - 1998),0.00,0
Las Vegas Cool Hand (Game Boy Color - 1998),0.00,0
Looney Tunes: Carrot Crazy (Game Boy Color - 1998),0.00,0
Looney Tunes: Twouble! (Game Boy Color - 1998),0.00,0
Men in Black: The Series (Game Boy Color - 1998),0.00,0
Metal Gear Solid (Game Boy Color - 2000),5.00,1
Monopoly (Game Boy Color - 1998),5.00,3
Montezuma's Return! (Game Boy Color - 1998),5.00,1
NFL Blitz (Game Boy Color - 1998),0.00,0
Pitfall: Beyond the Jungle (Game Boy Color - 1998),0.00,0
Pocket Bowling (Game Boy Color - 1998),0.00,0
Pokémon Trading Card Game (Game Boy Color - 1998),3.00,2
Power Quest (Game Boy Color - 1998),0.00,0
Puyo Puyo Sun (Game Boy Color - 1998),0.00,0
Quest for Camelot (Game Boy Color - 1998),0.00,0
Resident Evil: Gaiden (Game Boy Color - 2001),5.00,1
Rhino Rumble (Game Boy Color - 2002),0.00,0
Shantae (Game Boy Color - 2002),5.00,1
Suske en Wiske: De Tijdtemmers (Game Boy Color - 2002),5.00,1
The Legend of Zelda: Link's Awakening DX (Game Boy Color - 1998),5.00,2
The New Addams Family Series (Game Boy Color - 2002),0.00,0
Tony Hawk's Pro Skater (Game Boy Color - 2000),0.00,0
Wendy: Der Traum von Arizona (Game Boy Color - 2003),0.00,0
Yu-Gi-Oh! Dark Duel Stories (Game Boy Color - 2002),5.00,1
