Title,Average Rating,Number of Ratings
Greatest Heavyweights (Genesis - 1993),5.00,1
After Burner II (Genesis - 1990),4.40,25
Castle of Illusion starring Mickey Mouse (Genesis - 1990),4.21,24
P.T.O.: Pacific Theater of Operations (Genesis - 1992),4.50,8
Dragon's Revenge (Genesis - 1993),4.75,4
Nastar Warrior (Genesis - 1990),3.00,1
The Disney Collection: Quackshot Starring Donald Duck & Castle of Illusion Starring Mickey Mouse (Genesis - 1996),4.25,4
Garfield: Caught in the Act (Genesis - 1995),4.62,13
Radical Rex (Genesis - 1994),5.00,3
New Horizons (Genesis - 1994),4.51,45
Chi Chi's Pro Challenge Golf (Genesis - 1993),5.00,1
Mario Lemieux Hockey (Genesis - 1991),5.00,2
Zero the Kamikaze Squirrel (Genesis - 1994),4.33,3
Demolition Man (Genesis - 1995),5.00,2
Master of Monsters (Genesis - 1991),4.75,4
The Pagemaster (Genesis - 1994),3.80,5
Crack Down (Genesis - 1990),4.67,9
Chiki Chiki Boys (Genesis - 1992),4.86,7
Pro Striker Perfect (Genesis - 1993),2.00,1
Corporation (Genesis - 1992),3.86,7
Splatterhouse 2 (Genesis - 1992),4.71,7
Uncharted Waters (Genesis - 1992),4.34,29
ESPN Speed World (Genesis - 1994),4.00,3
The Tick (Genesis - 1994),4.33,3
Micro Machines (Genesis - 1993),4.55,29
Paddle Fighter (Genesis - 1991),5.00,1
Shadow Blasters (Genesis - 1990),1.00,1
ESPN Baseball Tonight (Genesis - 1994),4.00,2
Rise of the Robots (Genesis - 1994),4.00,29
Mary Shelley's Frankenstein (Genesis - 1994),5.00,2
Disney's Beauty and the Beast: Belle's Quest (Genesis - 1993),4.50,4
Bubsy II (Genesis - 1994),5.00,1
Bubba 'N' Stix (Genesis - 1994),3.75,4
Blades of Vengeance (Genesis - 1993),4.50,4
Hook (Genesis - 1992),5.00,1
Arnold Palmer Tournament Golf (Genesis - 1989),5.00,2
The Ren & Stimpy Show: Stimpy's Invention (Genesis - 1993),5.00,1
Gadget Twins (Genesis - 1992),5.00,1
Saturday Night Slam Masters (Genesis - 1994),4.25,8
Fighting Masters (Genesis - 1991),5.00,3
Teenage Mutant Ninja Turtles: Tournament Fighters (Genesis - 1993),4.40,5
OutRun 2019 (Genesis - 1993),4.00,1
Disney's The Jungle Book (Genesis - 1994),4.80,5
World Series Baseball 98 (Genesis - 1997),0.00,0
Toughman Contest (Genesis - 1995),3.00,1
Warlock (Genesis - 1994),0.00,0
Mamono Hunter Yōko: Dai 7 no Keishō (Genesis - 1991),3.50,2
ESWAT: City under Siege (Genesis - 1990),4.00,3
Joshua & the Battle of Jericho (Genesis - 1994),4.50,6
Jeopardy! Sports Edition (Genesis - 1994),5.00,2
Master of Weapon (Genesis - 1991),4.00,3
NFL Football '94 starring Joe Montana (Genesis - 1993),5.00,1
ESPN Sunday Night NFL (Genesis - 1994),0.00,0
Rampart (Genesis - 1991),4.33,27
Buck Rogers: Countdown to Doomsday (Genesis - 1991),5.00,6
Death Duel (Genesis - 1992),2.00,1
F1: World Championship Edition (Genesis - 1995),5.00,1
Ultimate Soccer (Genesis - 1993),3.00,1
The Simpsons: Bart vs. the Space Mutants (Genesis - 1992),4.20,44
NBA All-Star Challenge (Genesis - 1992),3.00,1
MLBPA Baseball (Genesis - 1994),0.00,0
WarpSpeed (Genesis - 1993),4.67,3
Joe Montana Football (Genesis - 1990),5.00,1
R.B.I. Baseball '93 (Genesis - 1993),0.00,0
Splatterhouse 3 (Genesis - 1993),4.29,7
Tom Mason's Dinosaurs for Hire (Genesis - 1993),3.00,1
Space Harrier II (Genesis - 1988),3.80,5
The Faery Tale Adventure: Book I (Genesis - 1991),4.47,17
Two Crude Dudes (Genesis - 1992),4.29,7
Whip Rush (Genesis - 1990),4.00,2
NFL Quarterback Club 96 (Genesis - 1995),5.00,1
Psycho Pinball (Genesis - 1995),4.57,54
NBA Live 95 (Genesis - 1994),4.88,8
Mercs (Genesis - 1991),4.85,13
Body Count (Genesis - 1994),2.50,2
Cliffhanger (Genesis - 1993),3.67,6
Shuihuzhuan (Genesis - 1996),5.00,1
Jungle Strike (Genesis - 1993),4.61,33
Nakajima Satoru Kanshū F1 Super License (Genesis - 1992),0.00,0
Raiden (Genesis - 1991),4.49,41
International Superstar Soccer Deluxe (Genesis - 1996),4.18,11
Columns (Genesis - 1990),3.13,8
Shaq Fu (Genesis - 1994),3.00,4
Gambler Jiko Chūshinha: Katayama Masayuki no Mahjong Dōjō (Genesis - 1990),5.00,1
Panorama Cotton (Genesis - 1994),5.00,1
Dino Land (Genesis - 1991),5.00,1
Super Baseball 2020 (Genesis - 1993),5.00,1
Eternal Champions (Genesis - 1993),5.00,2
Dr. Robotnik's Mean Bean Machine (Genesis - 1993),5.00,2
Dragon's Eye Plus Shanghai III (Genesis - 1991),5.00,1
Super Hydlide (Genesis - 1989),5.00,2
James Bond 007: The Duel (Genesis - 1993),4.67,3
Deadly Moves (Genesis - 1992),5.00,1
Winter Olympics: Lillehammer '94 (Genesis - 1994),4.17,6
Grind Stormer (Genesis - 1994),4.33,3
NFL Quarterback Club (Genesis - 1994),0.00,0
Super Monaco GP (Genesis - 1990),4.78,9
Will Harvey's Zany Golf (Genesis - 1990),4.70,23
World Trophy Soccer (Genesis - 1992),4.50,6
James Pond: Underwater Agent (Genesis - 1991),4.00,6
DJ Boy (Genesis - 1990),2.80,5
Nobunaga no Yabō: Haō Den (Genesis - 1994),4.00,1
Ex-Mutants (Genesis - 1992),5.00,1
Shove It! The Warehouse Game (Genesis - 1990),5.00,2
PaperBoy (Genesis - 1991),4.37,27
Aa Harimanada (Genesis - 1993),4.00,5
The Great Circus Mystery starring Mickey & Minnie (Genesis - 1994),4.33,9
Final Zone (Genesis - 1990),4.00,3
Ys III: Wanderers from Ys (Genesis - 1991),3.86,7
Phantom 2040 (Genesis - 1995),5.00,2
Nakajima Satoru Kanshū F-1 Grand Prix (Genesis - 1991),0.00,0
Last Action Hero (Genesis - 1993),1.00,1
Pyramid Magic II (Genesis - 1991),5.00,1
F-15 Strike Eagle II (Genesis - 1993),4.55,52
Thunder Fox (Genesis - 1991),4.00,2
Williams Arcade Classics (Genesis - 1996),4.55,22
Micro Machines 2: Turbo Tournament (Genesis - 1994),4.26,19
Smash T.V. (Genesis - 1991),4.33,13
The Adventures of Mighty Max (Genesis - 1994),4.00,2
NBA Showdown (Genesis - 1994),5.00,1
Tecmo World Cup '90 (Genesis - 1992),2.00,3
Super Hang-On (Genesis - 1989),4.80,20
Lightening Force: Quest for the Darkstar (Genesis - 1992),5.00,3
Jurassic Park (Genesis - 1993),4.33,3
Premier Manager (Genesis - 1995),4.03,31
Rolling Thunder 2 (Genesis - 1991),4.50,2
FIFA Soccer 97 (Genesis - 1996),4.33,18
Mega Games 10 (Genesis - 2002),3.25,4
Generations Lost (Genesis - 1994),0.00,0
Dragon: The Bruce Lee Story (Genesis - 1994),4.67,6
Sangokushi Retsuden: Ransei no Eiyūtachi (Genesis - 1991),5.00,1
Comix Zone (Genesis - 1995),4.45,42
Tongue of the Fatman (Genesis - 1990),4.05,19
Snake Rattle N Roll (Genesis - 1993),5.00,1
Twinkle Tale (Genesis - 1992),3.00,2
Canon: Legends of the New Gods (Genesis - 1996),0.00,0
Battletoads / Double Dragon (Genesis - 1994),4.38,8
Stormlord (Genesis - 1990),4.56,18
Abrams Battle Tank (Genesis - 1991),4.18,48
Mortal Kombat 3 (Genesis - 1995),4.24,203
Sub-Terrania (Genesis - 1994),5.00,2
Outlander (Genesis - 1992),4.67,6
Powermonger (Genesis - 1992),4.55,29
Minnesota Fats: Pool Legend (Genesis - 1995),5.00,2
Pulseman (Genesis - 1994),4.50,2
Ristar (Genesis - 1995),4.75,4
Batman Returns (Genesis - 1992),4.33,3
Tel-Tel Stadium (Genesis - 1990),0.00,0
Bio-Ship Paladin (Genesis - 1991),4.00,3
Quad Challenge (Genesis - 1991),0.00,0
Star Cruiser (Genesis - 1990),3.50,2
Vixen 357 (Genesis - 1992),3.67,3
R.C. Pro-Am (Genesis - 1992),4.67,3
World Class Leader Board (Genesis - 1992),4.66,38
Mega Games 6 Vol. 1 (Genesis - 1995),3.50,2
Sol-Feace (Genesis - 1992),2.67,3
TNN Bass Tournament of Champions (Genesis - 1993),0.00,0
Race Drivin' (Genesis - 1993),4.31,16
Unnecessary Roughness '95 (Genesis - 1994),4.50,6
Puyo Puyo 2 (Genesis - 1994),5.00,8
Rock n' Roll Racing (Genesis - 1994),4.67,6
Tiny Toon Adventures: Acme All-Stars (Genesis - 1994),3.57,7
True Lies (Genesis - 1994),4.80,5
Cannon Fodder (Genesis - 1994),4.57,84
Super Daisenryaku (Genesis - 1989),5.00,1
Speedball 2: Brutal Deluxe (Genesis - 1991),4.44,59
Bible Adventures (Genesis - 1995),4.29,7
Thunder Force III (Genesis - 1990),4.33,3
Romance of the Three Kingdoms II (Genesis - 1991),4.55,80
Champions World Class Soccer (Genesis - 1993),5.00,1
Greendog: The Beached Surfer Dude! (Genesis - 1992),5.00,1
Budokan: The Martial Spirit (Genesis - 1990),4.83,48
Arch Rivals (Genesis - 1992),5.00,2
Mike Ditka Ultimate Football (Genesis - 1991),3.62,13
Devil's Crush (Genesis - 1991),4.63,8
Phantasy Star II Text Adventure: Shilka no Bōken (Genesis - 1990),0.00,0
Mutant League Football (Genesis - 1993),4.50,2
Turbo Out Run (Genesis - 1992),4.72,29
EA Sports Double Header (Genesis - 1993),5.00,1
College Football USA 97 (Genesis - 1996),5.00,1
Chakan (Genesis - 1992),4.50,4
Dungeons & Dragons: Warriors of the Eternal Sun (Genesis - 1992),4.46,13
Pete Sampras Tennis (Genesis - 1994),0.00,0
Powerball (Genesis - 1991),4.00,1
Championship Soccer '94 (Genesis - 1994),5.00,2
Brutal: Paws of Fury (Genesis - 1994),4.33,15
A Dinosaur's Tale (Genesis - 1994),5.00,3
Spirou (Genesis - 1995),5.00,4
NCAA Final Four Basketball (Genesis - 1994),0.00,0
Bill Walsh College Football 95 (Genesis - 1994),0.00,0
The Fantastic Adventures of Dizzy (Genesis - 1993),4.38,62
Socket (Genesis - 1993),2.00,1
"Evander Holyfield's ""Real Deal"" Boxing (Genesis - 1992)",4.00,3
Awesome Possum Kicks Dr. Machino's Butt (Genesis - 1993),3.00,2
Astérix and the Power of the Gods (Genesis - 1995),4.50,2
Crusader of Centy (Genesis - 1994),5.00,5
RoboCop versus The Terminator (Genesis - 1993),4.75,4
Party Quiz: Mega Q (Genesis - 1993),0.00,0
Chelnov: Atomic Runner (Genesis - 1992),4.55,11
The Duel: Test Drive II (Genesis - 1992),0.00,0
Shanghai II: Dragon's Eye (Genesis - 1994),4.17,31
Monster World IV (Genesis - 1994),4.33,6
Triple Play 96 (Genesis - 1995),5.00,1
Frank Thomas Big Hurt Baseball (Genesis - 1995),5.00,8
The Punisher (Genesis - 1994),4.80,5
WeaponLord (Genesis - 1995),5.00,2
Top Pro Golf (Genesis - 1992),0.00,0
Fun 'N Games (Genesis - 1993),3.67,3
Dragon Slayer: The Legend of Heroes (Genesis - 1994),4.67,3
Lord Monarch (Genesis - 1994),5.00,1
Tel-Tel Mahjong (Genesis - 1990),5.00,1
Nickelodeon: Aaahh!!! Real Monsters (Genesis - 1995),3.00,2
Where in the World is Carmen Sandiego? (Genesis - 1992),4.34,165
Megapanel (Genesis - 1990),5.00,1
Truxton (Genesis - 1989),4.00,7
Foreman for Real (Genesis - 1995),0.00,0
Super Fantasy Zone (Genesis - 1992),3.75,4
Wheel of Fortune (Genesis - 1992),4.50,4
Tenka Tōitsu (Genesis - 1991),0.00,0
The Lost World: Jurassic Park (Genesis - 1997),4.42,12
Puzzle & Action: Tant-R (Genesis - 1994),3.50,4
Shadow of the Beast (Genesis - 1991),4.47,15
Pro Striker (Genesis - 1993),0.00,0
NBA Live 98 (Genesis - 1997),4.92,12
Street Racer (Genesis - 1995),4.62,17
Warrior of Rome II (Genesis - 1992),4.25,4
NBA Jam (Genesis - 1994),4.00,2
The Berenstain Bears' Camping Adventure (Genesis - 1993),5.00,1
Wonder Boy in Monster World (Genesis - 1991),5.00,2
The Ooze (Genesis - 1995),4.50,4
Onslaught (Genesis - 1991),4.57,7
Battle Golfer Yui (Genesis - 1991),5.00,1
Strider 2 (Genesis - 1993),4.30,10
Saban's VR Troopers (Genesis - 1995),3.00,1
Mickey's Ultimate Challenge (Genesis - 1994),3.25,4
Pyramid Magic (Genesis - 1991),4.67,3
Sonic the Hedgehog: Spinball (Genesis - 1993),4.25,8
Taiheiki (Genesis - 1991),0.00,0
RISK: Parker Brothers' World Conquest Game (Genesis - 1994),5.00,2
Tommy Lasorda Baseball (Genesis - 1989),0.00,0
Dark Castle (Genesis - 1991),4.66,41
Disney's Toy Story (Genesis - 1995),4.73,55
Yū Yū Hakusho: Makyō Tōitsusen (Genesis - 1994),4.67,3
Combat Cars (Genesis - 1994),4.25,4
Desert Demolition Starring Road Runner and Wile E. Coyote (Genesis - 1995),4.33,12
ToeJam & Earl (Genesis - 1991),4.57,7
Fire Shark (Genesis - 1990),4.20,5
Golden Axe II (Genesis - 1991),4.35,17
Altered Beast (Genesis - 1988),4.40,40
Road Rash (Genesis - 1991),4.09,21
Side Pocket (Genesis - 1992),4.25,8
Phantasy Star II (Genesis - 1989),5.00,1
Gaiares (Genesis - 1990),4.33,3
Head-On Soccer (Genesis - 1995),3.00,2
Risky Woods (Genesis - 1992),4.63,19
Madō Monogatari I (Genesis - 1996),5.00,7
Sega Top Five (Genesis - 1997),1.50,2
Golden Axe (Genesis - 1989),4.69,59
Crüe Ball (Genesis - 1992),3.50,2
Warsong (Genesis - 1991),4.82,11
Syd of Valis (Genesis - 1992),3.50,2
Castlevania: Bloodlines (Genesis - 1994),4.83,6
Batman Forever (Genesis - 1995),4.32,31
Kidō Keisatsu Patlabor: 98-Shiki Kidō seyo! (Genesis - 1992),0.00,0
Where in Time is Carmen Sandiego? (Genesis - 1992),4.00,24
John Madden Football '92 (Genesis - 1991),5.00,1
Daffy Duck in Hollywood (Genesis - 1995),5.00,1
Mystic Defender (Genesis - 1989),5.00,1
Super Battleship: The Classic Naval Combat Game (Genesis - 1993),4.43,7
Target Earth (Genesis - 1990),4.00,3
Brett Hull Hockey 95 (Genesis - 1994),4.00,7
Ranger X (Genesis - 1993),4.83,6
Desert Strike: Return to the Gulf (Genesis - 1992),4.48,56
American Gladiators (Genesis - 1992),3.27,11
Doom Troopers: Mutant Chronicles (Genesis - 1995),4.67,3
3 Ninjas Kick Back (Genesis - 1994),4.04,25
Hellfire (Genesis - 1990),3.33,3
Striker (Genesis - 1995),4.52,25
Pepenga Pengo (Genesis - 1995),5.00,2
Final Blow (Genesis - 1990),5.00,1
Thomas the Tank Engine & Friends (Genesis - 1993),4.20,5
Ishidō: The Way of Stones (Genesis - 1990),4.67,3
True Golf Classics: Wicked 18 (Genesis - 1994),0.00,0
WWF Super WrestleMania (Genesis - 1992),4.60,5
The Incredible Crash Dummies (Genesis - 1993),3.75,4
Micro Machines: Military (Genesis - 1996),5.00,1
Junction (Genesis - 1990),5.00,1
Beast Wrestler (Genesis - 1991),4.67,3
Nigel Mansell's World Championship Racing (Genesis - 1993),4.14,14
Daze Before Christmas (Genesis - 1994),4.75,4
Earthworm Jim (Genesis - 1994),4.59,47
Lotus Turbo Challenge 2 (Genesis - 1992),4.45,22
Monopoly (Genesis - 1992),4.00,7
Ghouls 'N Ghosts (Genesis - 1989),4.68,22
Prince of Persia (Genesis - 1993),4.59,504
Rolo to the Rescue (Genesis - 1992),4.38,8
Cheese Cat-Astrophe starring Speedy Gonzales (Genesis - 1995),3.00,3
Pro Yakyū Super League '91 (Genesis - 1991),0.00,0
Wrestle War (Genesis - 1991),2.00,2
NHL 96 (Genesis - 1995),4.50,2
Undead Line (Genesis - 1991),4.00,3
Star Trek: The Next Generation - Future's Past (Genesis - 1994),4.33,3
AWS Pro Moves Soccer (Genesis - 1993),3.00,1
Barkley: Shut Up and Jam 2 (Genesis - 1995),3.00,1
Earnest Evans (Genesis - 1992),3.67,3
USAAF Mustang (Genesis - 1991),5.00,3
Blockout (Genesis - 1991),4.55,31
Cosmic Spacehead (Genesis - 1993),3.94,6
Premier Manager 97 (Genesis - 1996),3.68,31
Chuck Rock II: Son of Chuck (Genesis - 1993),4.20,5
Rolling Thunder 3 (Genesis - 1993),5.00,3
Ultimate Mortal Kombat 3 (Genesis - 1996),4.22,47
Dynamite Duke (Genesis - 1990),5.00,1
Maui Mallard in Cold Shadow (Genesis - 1995),4.93,14
Pirates! Gold (Genesis - 1993),4.43,138
WWF WrestleMania (Genesis - 1995),4.26,295
Crystal's Pony Tale (Genesis - 1994),4.00,4
Indiana Jones and The Last Crusade: The Action Game (Genesis - 1992),4.15,27
Sonic Eraser (Genesis - 1991),4.40,5
Pink Goes to Hollywood (Genesis - 1993),3.75,4
Galaxy Force II (Genesis - 1991),5.00,3
Fatal Fury (Genesis - 1993),5.00,2
SEGA Sports 1 (Genesis - 1995),3.00,2
Street Smart (Genesis - 1991),4.00,4
NBA Live 96 (Genesis - 1995),4.20,15
Steel Talons (Genesis - 1992),4.50,2
Landstalker (Genesis - 1992),5.00,1
688 Attack Sub (Genesis - 1991),4.87,193
FIFA International Soccer (Genesis - 1993),4.31,203
Venom • Spider-Man: Separation Anxiety (Genesis - 1995),4.75,12
Sorcerer's Kingdom (Genesis - 1992),5.00,1
FIFA Soccer 95 (Genesis - 1994),4.30,10
F-117 Night Storm (Genesis - 1993),3.50,2
Exile (Genesis - 1991),5.00,2
Mega Lo Mania (Genesis - 1992),4.44,63
Klax (Genesis - 1990),4.50,16
Out of This World (Genesis - 1992),4.62,88
Virtua Fighter 2 (Genesis - 1996),3.67,9
Garry Kitchen's Super Battletank: War in the Gulf (Genesis - 1992),5.00,5
Tecmo Super NBA Basketball (Genesis - 1993),4.50,4
Vectorman 2 (Genesis - 1996),0.00,0
SRD: Super Real Darwin (Genesis - 1990),5.00,1
King of the Monsters (Genesis - 1993),5.00,2
Sword of Sodan (Genesis - 1990),4.00,3
Mystical Fighter (Genesis - 1991),4.50,2
Jennifer Capriati Tennis (Genesis - 1992),0.00,0
PGA Tour Golf III (Genesis - 1994),5.00,1
Zan: Yasha Enbukyoku (Genesis - 1991),0.00,0
Dune: The Battle for Arrakis (Genesis - 1994),4.75,16
Double Dragon V: The Shadow Falls (Genesis - 1994),4.50,4
Arcus Odyssey (Genesis - 1991),5.00,7
Dragon Slayer: The Legend of Heroes II (Genesis - 1995),4.00,2
Super Caesars Palace (Genesis - 1993),3.50,2
Surging Aura (Genesis - 1995),5.00,1
Nobunaga's Ambition (Genesis - 1993),4.38,13
X-Perts (Genesis - 1996),5.00,1
Adventures of Yogi Bear (Genesis - 1994),5.00,1
WWF Raw (Genesis - 1995),4.33,9
Rainbow Islands Extra (Genesis - 1990),4.83,6
The Immortal (Genesis - 1991),4.71,17
Toki (Genesis - 1991),5.00,2
Bahamut Senki (Genesis - 1991),3.00,2
Cool Spot (Genesis - 1993),4.26,31
Puzzle & Action: Ichidant-R (Genesis - 1995),5.00,3
Battle Squadron (Genesis - 1990),5.00,8
Mick & Mack as the Global Gladiators (Genesis - 1993),3.33,3
Road Rash 3 (Genesis - 1995),4.42,12
Mighty Morphin Power Rangers (Genesis - 1994),3.67,3
Tintin in Tibet (Genesis - 1995),4.24,25
Wimbledon Championship Tennis (Genesis - 1993),5.00,1
Shura no Mon (Genesis - 1992),0.00,0
Aero the Acro-Bat (Genesis - 1993),4.75,4
Aero the Acro-Bat 2 (Genesis - 1994),5.00,3
Gleylancer (Genesis - 1992),4.25,4
Steel Empire (Genesis - 1992),4.67,3
Virtual Bart (Genesis - 1994),4.25,4
Toys (Genesis - 1993),3.50,2
Krusty's Super Fun House (Genesis - 1992),4.54,13
Wani Wani World (Genesis - 1992),4.75,4
TinHead (Genesis - 1993),0.00,0
ESPN National Hockey Night (Genesis - 1994),2.00,1
Pit-Fighter (Genesis - 1991),3.87,23
Marble Madness (Genesis - 1991),4.57,37
Spot Goes to Hollywood (Genesis - 1995),4.50,2
John Madden Football (Genesis - 1990),3.00,2
Trampoline Terror! (Genesis - 1990),5.00,1
Jewel Master (Genesis - 1991),4.50,2
Verytex (Genesis - 1991),3.67,3
Phantasy Star III: Generations of Doom (Genesis - 1990),5.00,1
Super Skidmarks (Genesis - 1995),4.83,6
Bubble and Squeak (Genesis - 1994),4.50,2
Sagaia (Genesis - 1990),3.50,2
Astérix and the Great Rescue (Genesis - 1993),4.00,5
Curse (Genesis - 1989),5.00,1
Cutthroat Island (Genesis - 1996),5.00,4
David Crane's Amazing Tennis (Genesis - 1992),4.50,2
Gunstar Heroes (Genesis - 1993),3.67,3
Forgotten Worlds (Genesis - 1989),3.87,15
King of the Monsters 2 (Genesis - 1994),4.75,4
Super Kick Off (Genesis - 1992),4.67,3
Soldiers of Fortune (Genesis - 1993),4.85,27
No Escape (Genesis - 1994),4.17,12
Bugs Bunny in Double Trouble (Genesis - 1996),5.00,3
Bonanza Bros. (Genesis - 1991),4.25,4
Bubsy in: Claws Encounters of the Furred Kind (Genesis - 1993),4.80,5
NHL 97 (Genesis - 1996),4.30,10
Double Dragon II: The Revenge (Genesis - 1991),4.10,75
Zero Wing (Genesis - 1991),3.75,4
Alex Kidd in the Enchanted Castle (Genesis - 1989),4.14,7
Bram Stoker's Dracula (Genesis - 1993),5.00,2
Brian Lara Cricket '96 (Genesis - 1996),4.57,7
Jantei Monogatari (Genesis - 1991),0.00,0
Last Battle (Genesis - 1989),3.80,5
Monster Lair (Genesis - 1990),5.00,1
Magical Tarurūto-kun (Genesis - 1992),0.00,0
Sonic the Hedgehog 2 (Genesis - 1992),4.65,23
Spiritual Warfare (Genesis - 1994),4.81,16
Férias Frustradas do Pica-Pau (Genesis - 1996),4.00,2
Trouble Shooter (Genesis - 1991),4.75,4
Kick Off 3: European Challenge (Genesis - 1994),4.78,9
Virtua Racing (Genesis - 1994),4.75,8
F1 Circus '91 (Genesis - 1991),4.50,4
Madden NFL 95 (Genesis - 1994),5.00,1
Michael Jackson's Moonwalker (Genesis - 1990),4.19,16
Shining Force (Genesis - 1992),5.00,5
Leander (Genesis - 1992),4.50,8
Langrisser II (Genesis - 1994),5.00,3
Sonic Classics (Genesis - 1995),4.55,11
The Flintstones (Genesis - 1993),4.38,8
Primal Rage (Genesis - 1995),4.57,78
World Championship Soccer II (Genesis - 1994),3.00,1
MTV's Beavis and Butt-Head (Genesis - 1994),5.00,1
World Series Baseball '96 (Genesis - 1996),0.00,0
Traysia (Genesis - 1992),5.00,1
Turrican (Genesis - 1991),4.75,16
Twin Cobra (Genesis - 1991),3.88,8
Air Buster (Genesis - 1991),4.38,8
NHL 98 (Genesis - 1997),4.16,19
Growl (Genesis - 1991),4.33,3
PaperBoy 2 (Genesis - 1992),4.35,37
Alisia Dragoon (Genesis - 1992),5.00,2
Action 52 (Genesis - 1993),3.22,9
Ballz 3D: Fighting at its Ballziest (Genesis - 1994),3.75,4
Madden NFL 96 (Genesis - 1995),3.50,2
Shane Warne Cricket (Genesis - 1996),3.50,4
Spider-Man / X-Men: Arcade's Revenge (Genesis - 1993),4.29,7
Jimmy White's 'Whirlwind' Snooker (Genesis - 1994),4.15,33
Pebble Beach Golf Links (Genesis - 1993),5.00,1
Second Samurai (Genesis - 1993),4.29,7
WWF Royal Rumble (Genesis - 1993),3.50,16
Mega Turrican (Genesis - 1994),4.86,7
Gargoyles (Genesis - 1995),5.00,3
The Terminator (Genesis - 1992),3.33,3
Family Feud (Genesis - 1993),4.83,6
Cadash (Genesis - 1992),4.43,7
Flink (Genesis - 1994),5.00,4
Ms. Pac-Man (Genesis - 1991),4.21,64
Theme Park (Genesis - 1995),4.51,171
Taz in Escape from Mars (Genesis - 1994),5.00,2
Power Drive (Genesis - 1994),4.63,19
Terminator 2: Judgment Day (Genesis - 1993),4.68,38
Sylvester and Tweety in Cagey Capers (Genesis - 1994),4.60,5
Zool (Genesis - 1993),4.40,30
Populous (Genesis - 1990),4.59,51
Barbie Super Model (Genesis - 1993),4.47,32
Elemental Master (Genesis - 1990),5.00,3
Hyokkori Hyōtanjima: Daitōryō o Mezase! (Genesis - 1992),0.00,0
Rugby World Cup 95 (Genesis - 1994),3.33,9
Slap Fight MD (Genesis - 1993),5.00,6
The Simpsons: Bart's Nightmare (Genesis - 1993),4.43,7
Disney's Ariel the Little Mermaid (Genesis - 1992),4.80,5
Rambo III (Genesis - 1989),4.25,8
Total Football (Genesis - 1995),3.67,3
Syndicate (Genesis - 1994),4.75,4
Mahjong Cop Ryū (Genesis - 1989),5.00,3
Double Clutch (Genesis - 1993),5.00,2
PGA Tour Golf II (Genesis - 1992),4.00,2
World Series Baseball (Genesis - 1994),5.00,1
Streets of Rage (Genesis - 1991),5.00,7
Rings of Power (Genesis - 1991),5.00,2
Devilish: The Next Possession (Genesis - 1992),5.00,2
Disney's Pocahontas (Genesis - 1996),4.63,8
Ferrari Grand Prix Challenge (Genesis - 1992),5.00,3
Liberty or Death (Genesis - 1994),4.00,14
Bio Hazard Battle (Genesis - 1992),4.00,2
Judge Dredd (Genesis - 1995),0.00,0
Art Alive (Genesis - 1991),3.00,2
Ghostbusters (Genesis - 1990),3.00,1
Street Fighter II: Champion Edition (Genesis - 1993),4.43,28
Pete Sampras Tennis 96 (Genesis - 1995),0.00,0
Fatal Fury 2 (Genesis - 1994),4.75,4
NHL 95 (Genesis - 1994),4.21,24
Stargate (Genesis - 1995),3.75,4
Gods (Genesis - 1992),4.41,70
World Trophy Soccer (Genesis - 1992),4.00,1
Warrior of Rome (Genesis - 1991),4.00,3
Chase H.Q. II (Genesis - 1992),4.33,6
John Madden Football '93: Championship Edition (Genesis - 1992),5.00,1
Task Force Harrier EX (Genesis - 1991),4.00,3
Yū Yū Hakusho Gaiden (Genesis - 1994),4.67,3
Rocket Knight Adventures (Genesis - 1993),5.00,4
BattleTech: A Game of Armored Combat (Genesis - 1994),4.67,6
Snow Bros. Nick & Tom (Genesis - 1993),4.29,24
Lethal Enforcers (Genesis - 1993),4.33,3
Lotus: The Ultimate Challenge (Genesis - 1993),4.67,67
Fushigi no Umi no Nadia (Genesis - 1991),0.00,0
Lethal Enforcers II: Gun Fighters (Genesis - 1994),3.00,1
VectorMan (Genesis - 1995),5.00,1
World Cup USA 94 (Genesis - 1994),3.93,15
IMG International Tour Tennis (Genesis - 1994),0.00,0
Pelé II: World Tournament Soccer (Genesis - 1994),1.00,1
Wings of Wor (Genesis - 1991),4.43,7
F1 Triple Battle (Genesis - 1991),3.00,1
Alien Storm (Genesis - 1991),4.70,10
Menacer 6-Game Cartridge (Genesis - 1992),5.00,1
Goofy's Hysterical History Tour (Genesis - 1993),4.50,2
Pachinko Kuunyan (Genesis - 1992),5.00,1
La Russa Baseball 95 (Genesis - 1994),0.00,0
The Lost Vikings (Genesis - 1993),4.71,80
Pyramid Magic III (Genesis - 1991),5.00,1
The Games: Winter Challenge (Genesis - 1991),4.40,50
Back to the Future Part III (Genesis - 1991),4.12,26
Haunting Starring Polterguy (Genesis - 1993),4.67,9
Bishōjo Senshi Sailor Moon (Genesis - 1994),4.80,5
Star Control (Genesis - 1991),4.67,30
James Pond 3: Operation Starfish (Genesis - 1993),3.83,12
Batman: The Video Game (Genesis - 1990),3.00,8
FIFA: Road to World Cup 98 (Genesis - 1997),4.42,163
Ayrton Senna's Super Monaco GP II (Genesis - 1992),4.75,4
Beyond Oasis (Genesis - 1994),5.00,1
Arcade Classics (Genesis - 1996),4.25,4
King's Bounty (Genesis - 1991),4.49,49
Addams Family Values (Genesis - 1995),4.00,1
Dyna Brothers 2 (Genesis - 1993),4.50,4
Barkley: Shut Up and Jam! (Genesis - 1994),5.00,1
"Dick Vitale's ""Awesome, Baby!"" College Hoops (Genesis - 1994)",5.00,1
PGA Tour 96 (Genesis - 1995),4.00,2
Populous II: Trials of the Olympian Gods (Genesis - 1992),4.53,154
Funny World & Balloon Boy (Genesis - 1993),5.00,1
The Death and Return of Superman (Genesis - 1994),4.26,17
DEcapAttack (Genesis - 1991),4.50,2
OutRunners (Genesis - 1994),5.00,2
Tecmo Super Hockey (Genesis - 1994),2.00,1
Streets of Rage 3 (Genesis - 1994),4.90,10
Alien Soldier (Genesis - 1995),5.00,1
G-Loc: Air Battle (Genesis - 1991),5.00,2
Putter Golf (Genesis - 1990),0.00,0
Cutie Suzuki no Ringside Angel (Genesis - 1990),4.50,2
F-22 Interceptor (Genesis - 1991),5.00,3
NFL Sports Talk Football '93 Starring Joe Montana (Genesis - 1992),4.00,1
Alien³ (Genesis - 1992),4.80,10
Disney's Beauty and the Beast: Roar of the Beast (Genesis - 1993),3.40,5
NHLPA Hockey '93 (Genesis - 1992),5.00,1
Pat Riley Basketball (Genesis - 1990),5.00,1
Shadow Dancer: The Secret of Shinobi (Genesis - 1990),4.42,19
John Madden Football '93 (Genesis - 1992),5.00,1
Metal Fangs (Genesis - 1993),5.00,1
Super High Impact (Genesis - 1992),0.00,0
Techno Cop (Genesis - 1990),5.00,8
King Salmon: The Big Catch (Genesis - 1992),0.00,0
Game no Kanzume: Otokuyō (Genesis - 1995),5.00,1
Championship Bowling (Genesis - 1993),5.00,1
Ivan 'Ironman' Stewart's Super Off Road (Genesis - 1994),4.62,84
HardBall 4 (Genesis - 1994),4.83,23
College Football's National Championship (Genesis - 1994),5.00,1
Sonic the Hedgehog (Genesis - 1991),4.57,28
StarFlight (Genesis - 1991),4.65,51
Red Zone (Genesis - 1994),5.00,8
El Viento (Genesis - 1991),3.67,3
Spider-Man / Venom: Maximum Carnage (Genesis - 1994),4.13,8
RoboCop 3 (Genesis - 1993),4.33,6
Mr. Nutz (Genesis - 1994),4.00,3
Ecco the Dolphin (Genesis - 1992),5.00,2
Eliminate Down (Genesis - 1993),4.00,3
Ikasuze! Koi no Doki Doki Penguin Land MD (Genesis - 1992),5.00,2
Marvel Land (Genesis - 1991),3.50,2
Disney's Aladdin (Genesis - 1993),4.38,281
Cyborg Justice (Genesis - 1993),5.00,1
Puggsy (Genesis - 1993),3.00,6
OutRun (Genesis - 1991),4.48,52
Granada (Genesis - 1990),3.00,2
Shinobi III: Return of the Ninja Master (Genesis - 1993),4.54,13
NHL All-Star Hockey '95 (Genesis - 1995),5.00,1
Boogerman: A Pick and Flick Adventure (Genesis - 1994),4.36,11
Flashback: The Quest for Identity (Genesis - 1993),4.74,57
Star Trek: Deep Space Nine - Crossroads of Time (Genesis - 1995),5.00,1
Fantasia (Genesis - 1991),3.75,4
Predator 2 (Genesis - 1992),3.50,2
Mega Games 6 Vol. 3 (Genesis - 1995),2.50,2
Strider (Genesis - 1990),4.43,21
Valis III (Genesis - 1991),4.00,2
Hard Drivin' (Genesis - 1990),4.00,34
Mega Man: The Wily Wars (Genesis - 1994),4.63,8
Phantasy Star II Text Adventure: Anne no Bōken (Genesis - 1991),0.00,0
Super Street Fighter II (Genesis - 1994),4.25,8
Cyberball (Genesis - 1990),5.00,3
Home Alone 2: Lost in New York (Genesis - 1993),3.25,8
Zoop (Genesis - 1995),3.83,6
Clue (Genesis - 1992),5.00,3
Tecmo Super Baseball (Genesis - 1994),0.00,0
The Revenge of Shinobi (Genesis - 1989),3.67,3
Advanced Daisenryaku: Doitsu Dengeki Sakusen (Genesis - 1991),3.67,3
Mario Andretti Racing (Genesis - 1994),4.00,2
Dangerous Seed (Genesis - 1990),4.50,4
Kawasaki Superbike Challenge (Genesis - 1995),4.00,2
NBA Live 97 (Genesis - 1996),4.00,12
Sunset Riders (Genesis - 1993),4.42,12
Sparkster (Genesis - 1994),4.20,5
Tecmo Super Bowl III: Final Edition (Genesis - 1994),5.00,1
B.O.B. (Genesis - 1993),5.00,2
Insector X (Genesis - 1990),4.00,2
True Golf Classics: Waialae Country Club (Genesis - 1994),0.00,0
XDR: X-Dazedly-Ray (Genesis - 1990),4.00,4
Double Dribble: The Playoff Edition (Genesis - 1994),3.00,1
HardBall 5 (Genesis - 1995),4.58,24
Pitfall: The Mayan Adventure (Genesis - 1994),4.47,49
Triple Play: Gold Edition (Genesis - 1996),0.00,0
Romance of the Three Kingdoms V (Genesis - 1997),4.17,12
Zombies Ate My Neighbors (Genesis - 1993),4.87,15
Madden NFL 97 (Genesis - 1996),3.50,4
Sonic 3D Blast (Genesis - 1996),4.22,18
Mortal Kombat II (Genesis - 1994),4.41,115
Art of Fighting (Genesis - 1994),5.00,2
Dragon Ball Z: L'Appel Du Destin (Genesis - 1994),4.25,4
James Pond 2: Codename: RoboCod (Genesis - 1991),4.71,36
Scooby-Doo Mystery (Genesis - 1995),4.45,11
Lemmings 2: The Tribes (Genesis - 1994),4.47,47
Pro Quarterback (Genesis - 1992),0.00,0
Sonic & Knuckles (Genesis - 1994),4.91,11
Universal Soldier (Genesis - 1992),3.67,3
Double Dragon 3: The Rosetta Stone (Genesis - 1992),4.71,33
College Slam (Genesis - 1996),4.57,7
Nobunaga's Ambition: Lord of Darkness (Genesis - 1991),5.00,3
Lemmings (Genesis - 1992),4.64,211
Jack Nicklaus' Power Challenge Golf (Genesis - 1993),0.00,0
Blaster Master 2 (Genesis - 1993),5.00,2
Menghuan Shuiguo Pan: 777 Casino (Genesis - 1993),0.00,0
The Incredible Hulk (Genesis - 1994),4.12,16
World of Illusion Starring Mickey Mouse and Donald Duck (Genesis - 1992),4.69,30
Romance of the Three Kingdoms III: Dragon of Destiny (Genesis - 1992),4.74,103
Psy-O-Blade (Genesis - 1990),5.00,4
NHL '94 (Genesis - 1993),4.50,4
Earthworm Jim 2 (Genesis - 1995),5.00,2
R.B.I. Baseball 3 (Genesis - 1991),5.00,2
Wiz 'n' Liz (Genesis - 1993),4.23,13
Pac-Mania (Genesis - 1991),4.47,32
NCAA Football (Genesis - 1994),0.00,0
Sword of Vermilion (Genesis - 1989),4.50,2
R.B.I. Baseball 4 (Genesis - 1992),0.00,0
Turma da Mônica na Terra dos Monstros (Genesis - 1994),3.86,7
Summer Challenge (Genesis - 1993),4.78,27
Pinocchio (Genesis - 1995),5.00,3
Pro Striker: Final Stage (Genesis - 1995),5.00,1
NHL Hockey (Genesis - 1991),5.00,1
The Pirates of Dark Water (Genesis - 1994),3.00,1
Flicky (Genesis - 1990),4.33,3
Barney's Hide & Seek Game (Genesis - 1993),3.91,11
FIFA Soccer 96 (Genesis - 1995),4.26,161
Phantasy Star IV (Genesis - 1993),4.67,6
Herzog Zwei (Genesis - 1989),4.89,9
The New Zealand Story (Genesis - 1990),4.43,30
Wayne's World (Genesis - 1993),2.00,1
World Championship Soccer (Genesis - 1989),4.75,4
Australian Rugby League (Genesis - 1994),5.00,2
Puyo Puyo (Genesis - 1992),4.89,9
Richard Scarry's BusyTown (Genesis - 1994),3.60,5
Heavy Nova (Genesis - 1992),2.00,1
Hurricanes (Genesis - 1994),3.00,2
Jordan vs Bird: One on One (Genesis - 1992),4.39,18
Chōkyūkai Miracle Nine (Genesis - 1995),0.00,0
Double Dragon (Genesis - 1993),4.70,48
Jeopardy! Deluxe Edition (Genesis - 1993),5.00,2
Tetris (Genesis - 1989),4.20,5
Burning Force (Genesis - 1990),5.00,2
Chavez II (Genesis - 1993),4.50,2
Joe Montana II: Sports Talk Football (Genesis - 1991),5.00,2
Urban Strike (Genesis - 1994),4.33,6
Best of the Best Championship Karate (Genesis - 1993),4.50,26
NBA Hangtime (Genesis - 1996),4.88,8
Dahna: Megami Tanjō (Genesis - 1991),4.33,3
Aerobiz (Genesis - 1992),4.43,7
Nightmare Circus (Genesis - 1996),4.00,4
Shining in the Darkness (Genesis - 1991),5.00,2
Toxic Crusaders (Genesis - 1992),2.00,1
NFL 98 (Genesis - 1997),5.00,1
Bass Masters Classic (Genesis - 1995),4.00,4
Osomatsu-kun: Hachamecha Gekijō (Genesis - 1988),5.00,1
Rent A Hero (Genesis - 1991),5.00,1
Pac-Man 2: The New Adventures (Genesis - 1994),5.00,6
Phelios (Genesis - 1990),5.00,1
Heavy Unit (Genesis - 1990),5.00,3
Mazin Saga: Mutant Fighter (Genesis - 1993),4.33,3
Mutant League Hockey (Genesis - 1994),4.67,3
The Ottifants (Genesis - 1993),5.00,2
Caliber.50 (Genesis - 1991),5.00,2
Power Instinct (Genesis - 1994),4.29,26
Taz-Mania (Genesis - 1992),5.00,1
Roger Clemens' MVP Baseball (Genesis - 1992),0.00,0
Zero Tolerance (Genesis - 1994),4.00,4
MiG-29: Fighter Pilot (Genesis - 1993),5.00,1
Justice League: Task Force (Genesis - 1995),4.00,5
Teenage Mutant Ninja Turtles: The Hyperstone Heist (Genesis - 1992),4.38,8
Captain America and the Avengers (Genesis - 1992),4.67,6
Mighty Morphin Power Rangers: The Movie (Genesis - 1995),4.50,16
Space Invaders '91 (Genesis - 1990),2.00,2
Captain Planet and the Planeteers (Genesis - 1992),5.00,2
Mortal Kombat (Genesis - 1993),4.48,140
Golden Axe III (Genesis - 1993),4.20,5
Ecco Jr. (Genesis - 1995),4.00,2
Classic Collection (Genesis - 1996),3.50,2
Ball Jacks (Genesis - 1993),5.00,1
Dick Tracy (Genesis - 1990),4.00,5
HardBall III (Genesis - 1993),4.33,15
Vapor Trail (Genesis - 1991),4.50,4
Kid Chameleon (Genesis - 1992),4.00,2
Worms (Genesis - 1996),4.35,148
Samurai Shodown (Genesis - 1994),4.70,10
NBA Jam Tournament Edition (Genesis - 1995),4.35,35
Dyna Brothers (Genesis - 1992),1.00,1
Skeleton Krew (Genesis - 1995),4.00,3
Viewpoint (Genesis - 1994),3.00,2
Exo Squad (Genesis - 1995),5.00,2
Doraemon: Yume Dorobō to 7-nin no Gozans (Genesis - 1993),4.00,15
Andre Agassi Tennis (Genesis - 1992),5.00,1
The Smurfs Travel the World (Genesis - 1996),4.33,3
Wayne Gretzky and the NHLPA All-Stars (Genesis - 1995),4.33,3
Tom and Jerry: Frantic Antics! (Genesis - 1994),3.63,8
Columns III: Revenge of Columns (Genesis - 1993),4.25,4
The Miracle Piano Teaching System (Genesis - 1992),5.00,2
Top Gear 2 (Genesis - 1994),5.00,7
Genghis Khan II: Clan of the Gray Wolf (Genesis - 1993),4.34,68
Air Diver (Genesis - 1990),4.00,3
Gain Ground (Genesis - 1991),4.80,5
Road Rash II (Genesis - 1992),4.67,15
Lakers versus Celtics and the NBA Playoffs (Genesis - 1990),5.00,1
Marko (Genesis - 1994),5.00,4
Ultraman (Genesis - 1993),4.33,3
The Killing Game Show (Genesis - 1991),5.00,3
Saint Sword (Genesis - 1991),3.50,2
Sorcerian (Genesis - 1990),4.38,16
Elitserien 95 (Genesis - 1994),2.00,1
T2: Terminator 2 - Judgment Day (Genesis - 1993),4.25,4
Wardner (Genesis - 1991),5.00,1
Spider-Man (Genesis - 1991),5.00,2
Tecmo Super Bowl II: Special Edition (Genesis - 1994),5.00,1
The Lion King (Genesis - 1994),4.66,81
World Series Baseball '95 (Genesis - 1995),0.00,0
Bulls vs. Lakers and the NBA Playoffs (Genesis - 1992),5.00,1
Sink or Swim (Genesis - 1994),3.63,8
Bimini Run (Genesis - 1990),4.50,4
The Adventures of Rocky and Bullwinkle and Friends (Genesis - 1993),5.00,1
Batman: Return of the Joker (Genesis - 1992),4.20,5
X-Men 2: Clone Wars (Genesis - 1995),4.14,7
The Smurfs (Genesis - 1994),4.25,8
Chester Cheetah: Wild Wild Quest (Genesis - 1993),4.67,3
Elitserien 96 (Genesis - 1995),0.00,0
McDonald's Treasure Land Adventure (Genesis - 1993),4.00,3
Cal Ripken Jr. Baseball (Genesis - 1992),0.00,0
Phantasy Star II Text Adventure: Huey no Bōken (Genesis - 1991),0.00,0
Tōgi Ō: King Colossus (Genesis - 1992),3.75,4
Firepower 2000 (Genesis - 1994),4.33,6
Jurassic Park: Rampage Edition (Genesis - 1994),4.38,8
ToeJam & Earl in Panic on Funkotron (Genesis - 1993),5.00,2
Contra Hard Corps (Genesis - 1994),4.78,9
Marsupilami (Genesis - 1995),4.40,5
NBA Action '94 (Genesis - 1994),4.67,3
Coach K College Basketball (Genesis - 1995),5.00,1
Might and Magic II: Gates to Another World (Genesis - 1991),4.44,36
Olympic Gold: Barcelona '92 (Genesis - 1992),4.50,2
Xenon 2: Megablast (Genesis - 1990),4.68,79
Animaniacs (Genesis - 1994),3.40,5
Shi-Kin-Joh (Genesis - 1991),5.00,1
Phantasy Star (Genesis - 1994),4.33,6
The Lawnmower Man (Genesis - 1994),5.00,1
Brave Battle Saga (Genesis - 1996),0.00,0
David Robinson's Supreme Court (Genesis - 1992),5.00,2
Virtual Pinball (Genesis - 1993),3.33,3
Pigskin 621 AD (Genesis - 1992),4.00,4
World Heroes (Genesis - 1994),4.33,3
International Rugby (Genesis - 1993),5.00,1
TNN Outdoors Bass Tournament '96 (Genesis - 1996),5.00,3
X-Men (Genesis - 1993),3.00,10
Ecco: The Tides of Time (Genesis - 1994),3.00,2
Hit the Ice: The Video Hockey League (Genesis - 1992),4.00,2
LHX: Attack Chopper (Genesis - 1992),4.61,58
R.B.I. Baseball '94 (Genesis - 1994),0.00,0
QuackShot starring Donald Duck (Genesis - 1991),4.60,15
Ninja Burai Densetsu (Genesis - 1991),4.00,1
Mega Games 3 (Genesis - 1993),4.00,3
Olympic Summer Games (Genesis - 1996),5.00,1
Chester Cheetah: Too Cool to Fool (Genesis - 1992),5.00,1
Dashin' Desperadoes (Genesis - 1993),5.00,5
Madden NFL 98 (Genesis - 1997),5.00,1
Normy's Beach Babe-O-Rama (Genesis - 1994),0.00,0
Shining Force II (Genesis - 1993),4.44,9
Battletoads (Genesis - 1993),4.20,10
Exodus: Journey to the Promised Land (Genesis - 1993),4.26,23
Joe & Mac: Caveman Ninja (Genesis - 1994),4.43,77
Operation Europe: Path to Victory 1939-45 (Genesis - 1993),4.58,26
Arrow Flash (Genesis - 1990),4.33,3
Sonic the Hedgehog 3 (Genesis - 1994),4.67,42
Aerobiz Supersonic (Genesis - 1994),5.00,9
Triple Score: 3 Games In One (Genesis - 1992),2.50,4
Battle Mania Daiginjō (Genesis - 1993),4.50,4
California Games (Genesis - 1991),4.38,53
Clay Fighter (Genesis - 1994),5.00,1
Jammit (Genesis - 1994),4.33,6
NBA Action '95 starring David Robinson (Genesis - 1995),5.00,1
Pro Striker 2 (Genesis - 1994),0.00,0
Gunship (Genesis - 1993),0.00,0
Formula One (Genesis - 1993),4.65,26
General Chaos (Genesis - 1993),4.80,5
Valis (Genesis - 1991),5.00,2
Tony La Russa Baseball (Genesis - 1993),4.00,2
Water Margin: A Tale of Clouds and Wind (Genesis - 1999),0.00,0
SUPER Volley ball (Genesis - 1990),4.13,8
Disney's Bonkers (Genesis - 1994),0.00,0
Pac-Attack (Genesis - 1993),5.00,3
PGA Tour Golf (Genesis - 1991),4.25,28
Math Blaster: Episode One - In Search of Spot (Genesis - 1994),4.52,31
Fatal Labyrinth (Genesis - 1990),4.00,2
Dino Dini's Soccer (Genesis - 1994),4.00,1
College Football's National Championship II (Genesis - 1995),5.00,1
High Seas Havoc (Genesis - 1993),5.00,1
Instruments of Chaos Starring Young Indiana Jones (Genesis - 1994),2.50,2
Volfied (Genesis - 1991),4.24,369
Bass Masters Classic: Pro Edition (Genesis - 1996),1.00,1
Home Alone (Genesis - 1992),3.67,3
Revolution X (Genesis - 1995),3.40,5
Team USA Basketball (Genesis - 1992),5.00,2
Tecmo Super Bowl (Genesis - 1993),0.00,0
Bulls vs. Blazers and the NBA Playoffs (Genesis - 1993),4.33,3
CrossFire (Genesis - 1991),5.00,2
Thunder Force II (Genesis - 1989),4.50,4
Superman (Genesis - 1992),4.00,10
Troy Aikman NFL Football (Genesis - 1994),5.00,1
Centurion: Defender of Rome (Genesis - 1991),4.55,111
Davis Cup Tennis (Genesis - 1993),0.00,0
Boxing Legends of the Ring (Genesis - 1993),5.00,2
M.U.S.H.A. (Genesis - 1990),4.50,4
Dynamite Headdy (Genesis - 1994),5.00,1
Tiny Toon Adventures: Buster's Hidden Treasure (Genesis - 1993),4.18,65
Mickey Mania (Genesis - 1994),4.26,19
Super Thunder Blade (Genesis - 1988),5.00,2
Prime Time NFL Football starring Deion Sanders (Genesis - 1996),4.00,1
Gemfire (Genesis - 1992),4.58,19
The Humans (Genesis - 1992),4.33,15
Frogger (Genesis - 1998),4.13,40
Chibi Maruko-chan: Waku Waku Shopping (Genesis - 1992),3.00,2
Crayon Shin-chan: Arashi o Yobu Enji (Genesis - 1994),4.00,5
Micro Machines: Turbo Tournament 96 (Genesis - 1995),4.67,3
Championship Pool (Genesis - 1993),5.00,1
Shadow of the Beast II (Genesis - 1992),4.00,3
Phantasy Star II Text Adventure: Kinds no Bōken (Genesis - 1990),0.00,0
Star Odyssey (Genesis - 1991),4.33,3
The Great Waldo Search (Genesis - 1992),2.67,3
Scholastic's The Magic School Bus: Space Exploration Game (Genesis - 1995),4.33,3
George Foreman's KO Boxing (Genesis - 1992),5.00,1
Bill Walsh College Football (Genesis - 1993),0.00,0
Hyper Marbles (Genesis - 1991),5.00,1
Sesame Street: Counting Cafe (Genesis - 1994),5.00,1
The Adventures of Batman & Robin (Genesis - 1995),4.53,19
Todd's Adventures in Slime World (Genesis - 1992),5.00,2
Time Killers (Genesis - 1996),4.67,3
Midnight Resistance (Genesis - 1991),4.67,15
College Football USA 96 (Genesis - 1995),1.00,1
Mega Bomberman (Genesis - 1994),4.70,10
Twin Hawk (Genesis - 1990),3.25,4
ATP Tour Championship Tennis (Genesis - 1994),5.00,1
Gauntlet IV (Genesis - 1993),5.00,3
The Super Aquatic Games (Genesis - 1993),4.40,5
Wolverine: Adamantium Rage (Genesis - 1994),4.60,5
The Hybrid Front (Genesis - 1994),5.00,2
Taikō Risshiden (Genesis - 1993),0.00,0
The Addams Family (Genesis - 1993),4.22,9
Streets of Rage 2 (Genesis - 1993),4.56,9
Izzy's Quest for the Olympic Rings (Genesis - 1995),3.00,1
Atomic Robo-Kid (Genesis - 1990),4.33,3
SeaQuest DSV (Genesis - 1994),5.00,2
Muhammad Ali Heavyweight Boxing (Genesis - 1992),0.00,0
PGA European Tour (Genesis - 1994),5.00,1
Light Crusader (Genesis - 1995),5.00,1
Chuck Rock (Genesis - 1991),4.56,9
