Title,Average Rating,Number of Ratings
Dino Dini's Soccer (Genesis - 1994),4.00,1
Battle Mania Daiginjō (Genesis - 1993),5.00,3
Street Fighter II: Champion Edition (Genesis - 1993),4.42,24
Battle Squadron (Genesis - 1990),5.00,8
James Pond 3: Operation Starfish (Genesis - 1993),4.09,11
Comix Zone (Genesis - 1995),4.44,41
WWF Raw (Genesis - 1995),4.33,9
Scooby-Doo Mystery (Genesis - 1995),4.44,9
Doraemon: Yume Dorobō to 7-nin no Gozans (Genesis - 1993),4.18,11
Dyna Brothers 2 (Genesis - 1993),4.00,2
Urban Strike (Genesis - 1994),5.00,5
PGA Tour Golf (Genesis - 1991),4.25,28
Where in Time is Carmen Sandiego? (Genesis - 1992),4.00,24
Tommy Lasorda Baseball (Genesis - 1989),0.00,0
Wrestle War (Genesis - 1991),2.00,2
Star Control (Genesis - 1991),4.68,28
Warrior of Rome (Genesis - 1991),4.00,3
Firepower 2000 (Genesis - 1994),4.33,6
Menacer 6-Game Cartridge (Genesis - 1992),5.00,1
Game no Kanzume: Otokuyō (Genesis - 1995),5.00,1
Premier Manager 97 (Genesis - 1996),3.72,29
Arch Rivals (Genesis - 1992),5.00,2
Strider (Genesis - 1990),4.40,20
Classic Collection (Genesis - 1996),5.00,1
Taikō Risshiden (Genesis - 1993),0.00,0
Nakajima Satoru Kanshū F1 Super License (Genesis - 1992),0.00,0
Dashin' Desperadoes (Genesis - 1993),5.00,4
Time Killers (Genesis - 1996),5.00,2
Trouble Shooter (Genesis - 1991),5.00,3
Pro Striker: Final Stage (Genesis - 1995),5.00,1
Ranger X (Genesis - 1993),5.00,5
Exo Squad (Genesis - 1995),5.00,2
Heavy Unit (Genesis - 1990),5.00,3
Langrisser II (Genesis - 1994),5.00,3
Arrow Flash (Genesis - 1990),5.00,2
Joe & Mac: Caveman Ninja (Genesis - 1994),4.44,74
Sonic the Hedgehog (Genesis - 1991),4.70,23
PaperBoy 2 (Genesis - 1992),4.32,34
General Chaos (Genesis - 1993),4.80,5
Jeopardy! Deluxe Edition (Genesis - 1993),5.00,2
Beast Wrestler (Genesis - 1991),4.50,2
Blockout (Genesis - 1991),4.60,30
Garry Kitchen's Super Battletank: War in the Gulf (Genesis - 1992),5.00,5
The Ren & Stimpy Show: Stimpy's Invention (Genesis - 1993),5.00,1
Golden Axe II (Genesis - 1991),4.44,16
F1 Circus '91 (Genesis - 1991),4.33,3
Chelnov: Atomic Runner (Genesis - 1992),4.44,9
Junction (Genesis - 1990),5.00,1
Frank Thomas Big Hurt Baseball (Genesis - 1995),5.00,8
Spirou (Genesis - 1995),5.00,4
Cliffhanger (Genesis - 1993),4.00,4
Cadash (Genesis - 1992),5.00,3
RoboCop 3 (Genesis - 1993),5.00,4
Tenka Tōitsu (Genesis - 1991),0.00,0
George Foreman's KO Boxing (Genesis - 1992),5.00,1
Wayne's World (Genesis - 1993),0.00,0
The Hybrid Front (Genesis - 1994),5.00,2
Operation Europe: Path to Victory 1939-45 (Genesis - 1993),4.58,26
Splatterhouse 3 (Genesis - 1993),4.40,5
Superman (Genesis - 1992),3.67,6
Chester Cheetah: Too Cool to Fool (Genesis - 1992),0.00,0
Toughman Contest (Genesis - 1995),3.00,1
Samurai Shodown (Genesis - 1994),4.70,10
Romance of the Three Kingdoms V (Genesis - 1997),4.00,9
Super Caesars Palace (Genesis - 1993),5.00,1
Hurricanes (Genesis - 1994),3.00,2
World Trophy Soccer (Genesis - 1992),4.50,6
Foreman for Real (Genesis - 1995),0.00,0
Paddle Fighter (Genesis - 1991),5.00,1
WWF Royal Rumble (Genesis - 1993),3.50,16
Prince of Persia (Genesis - 1993),4.58,446
Super Hang-On (Genesis - 1989),4.80,20
Magical Tarurūto-kun (Genesis - 1992),0.00,0
The Adventures of Rocky and Bullwinkle and Friends (Genesis - 1993),5.00,1
Mickey Mania (Genesis - 1994),4.08,12
Championship Pool (Genesis - 1993),5.00,1
Shadow of the Beast II (Genesis - 1992),4.00,3
Double Dragon 3: The Rosetta Stone (Genesis - 1992),4.71,33
Super Baseball 2020 (Genesis - 1993),5.00,1
True Lies (Genesis - 1994),5.00,4
Bio Hazard Battle (Genesis - 1992),5.00,1
NFL Football '94 starring Joe Montana (Genesis - 1993),5.00,1
Alisia Dragoon (Genesis - 1992),5.00,2
Greendog: The Beached Surfer Dude! (Genesis - 1992),5.00,1
VectorMan (Genesis - 1995),5.00,1
Viewpoint (Genesis - 1994),3.00,2
Madden NFL 96 (Genesis - 1995),5.00,1
Putter Golf (Genesis - 1990),0.00,0
Snake Rattle N Roll (Genesis - 1993),5.00,1
Coach K College Basketball (Genesis - 1995),5.00,1
NHL 98 (Genesis - 1997),4.16,19
The Fantastic Adventures of Dizzy (Genesis - 1993),4.38,59
Double Clutch (Genesis - 1993),5.00,2
Phantasy Star II (Genesis - 1989),5.00,1
Lemmings 2: The Tribes (Genesis - 1994),4.45,45
Disney's Toy Story (Genesis - 1995),4.74,46
Tecmo Super NBA Basketball (Genesis - 1993),4.50,4
Addams Family Values (Genesis - 1995),4.00,1
Brian Lara Cricket '96 (Genesis - 1996),4.57,7
Hyokkori Hyōtanjima: Daitōryō o Mezase! (Genesis - 1992),0.00,0
Warrior of Rome II (Genesis - 1992),4.25,4
Prime Time NFL Football starring Deion Sanders (Genesis - 1996),4.00,1
MLBPA Baseball (Genesis - 1994),0.00,0
NFL 98 (Genesis - 1997),5.00,1
Sorcerian (Genesis - 1990),4.33,15
Tom Mason's Dinosaurs for Hire (Genesis - 1993),3.00,1
Bubsy in: Claws Encounters of the Furred Kind (Genesis - 1993),4.80,5
Dune: The Battle for Arrakis (Genesis - 1994),4.77,13
Cyberball (Genesis - 1990),5.00,3
Gadget Twins (Genesis - 1992),0.00,0
NCAA Football (Genesis - 1994),0.00,0
Valis III (Genesis - 1991),4.00,2
Disney's The Jungle Book (Genesis - 1994),4.67,3
Sink or Swim (Genesis - 1994),3.63,8
Puzzle & Action: Ichidant-R (Genesis - 1995),5.00,1
Mario Andretti Racing (Genesis - 1994),4.00,2
Bulls vs. Blazers and the NBA Playoffs (Genesis - 1993),4.33,3
Risky Woods (Genesis - 1992),4.63,19
Gaiares (Genesis - 1990),4.33,3
Premier Manager (Genesis - 1995),4.00,30
Mega Bomberman (Genesis - 1994),4.75,8
Vixen 357 (Genesis - 1992),3.67,3
Dynamite Duke (Genesis - 1990),5.00,1
Thunder Force II (Genesis - 1989),4.50,4
Marble Madness (Genesis - 1991),4.54,35
Arcus Odyssey (Genesis - 1991),5.00,7
The Revenge of Shinobi (Genesis - 1989),3.67,3
Astérix and the Power of the Gods (Genesis - 1995),5.00,1
TNN Bass Tournament of Champions (Genesis - 1993),0.00,0
Tiny Toon Adventures: Buster's Hidden Treasure (Genesis - 1993),4.22,56
Death Duel (Genesis - 1992),0.00,0
Shadow Dancer: The Secret of Shinobi (Genesis - 1990),4.62,13
Shadow of the Beast (Genesis - 1991),4.58,12
Marsupilami (Genesis - 1995),4.40,5
Hook (Genesis - 1992),5.00,1
Joshua & the Battle of Jericho (Genesis - 1994),5.00,5
Populous II: Trials of the Olympian Gods (Genesis - 1992),4.53,153
Zool (Genesis - 1993),4.34,27
Yū Yū Hakusho: Makyō Tōitsusen (Genesis - 1994),5.00,2
Tom and Jerry: Frantic Antics! (Genesis - 1994),3.43,7
Virtua Fighter 2 (Genesis - 1996),4.14,7
Roger Clemens' MVP Baseball (Genesis - 1992),0.00,0
Clay Fighter (Genesis - 1994),5.00,1
El Viento (Genesis - 1991),4.00,2
Grind Stormer (Genesis - 1994),4.00,2
Micro Machines (Genesis - 1993),4.53,28
Streets of Rage (Genesis - 1991),5.00,6
Andre Agassi Tennis (Genesis - 1992),5.00,1
Mickey's Ultimate Challenge (Genesis - 1994),3.25,4
The Ottifants (Genesis - 1993),5.00,2
Cutthroat Island (Genesis - 1996),5.00,3
Undead Line (Genesis - 1991),4.00,3
Scholastic's The Magic School Bus: Space Exploration Game (Genesis - 1995),5.00,2
Judge Dredd (Genesis - 1995),0.00,0
Corporation (Genesis - 1992),4.17,6
NHL 97 (Genesis - 1996),4.14,7
Flashback: The Quest for Identity (Genesis - 1993),4.75,56
Bubble and Squeak (Genesis - 1994),4.50,2
PGA European Tour (Genesis - 1994),5.00,1
Powermonger (Genesis - 1992),4.55,29
Tecmo Super Bowl III: Final Edition (Genesis - 1994),5.00,1
World Series Baseball 98 (Genesis - 1997),0.00,0
Izzy's Quest for the Olympic Rings (Genesis - 1995),3.00,1
No Escape (Genesis - 1994),4.20,10
Shove It! The Warehouse Game (Genesis - 1990),5.00,2
The Disney Collection: Quackshot Starring Donald Duck & Castle of Illusion Starring Mickey Mouse (Genesis - 1996),5.00,3
Maui Mallard in Cold Shadow (Genesis - 1995),4.93,14
Pyramid Magic III (Genesis - 1991),5.00,1
Stargate (Genesis - 1995),5.00,2
Michael Jackson's Moonwalker (Genesis - 1990),4.46,13
Super Fantasy Zone (Genesis - 1992),3.75,4
James Pond: Underwater Agent (Genesis - 1991),3.80,5
Kid Chameleon (Genesis - 1992),5.00,1
King of the Monsters (Genesis - 1993),5.00,2
Might and Magic II: Gates to Another World (Genesis - 1991),4.44,36
Muhammad Ali Heavyweight Boxing (Genesis - 1992),0.00,0
WarpSpeed (Genesis - 1993),4.50,2
Tiny Toon Adventures: Acme All-Stars (Genesis - 1994),3.57,7
Power Drive (Genesis - 1994),4.88,17
Super Kick Off (Genesis - 1992),4.50,2
Mike Ditka Ultimate Football (Genesis - 1991),3.62,13
Fushigi no Umi no Nadia (Genesis - 1991),0.00,0
X-Perts (Genesis - 1996),5.00,1
Alien Storm (Genesis - 1991),5.00,8
Tecmo Super Baseball (Genesis - 1994),0.00,0
Alien³ (Genesis - 1992),4.75,8
The Super Aquatic Games (Genesis - 1993),4.40,5
Double Dribble: The Playoff Edition (Genesis - 1994),3.00,1
Micro Machines: Turbo Tournament 96 (Genesis - 1995),5.00,2
The Ooze (Genesis - 1995),5.00,3
Monster Lair (Genesis - 1990),5.00,1
Ms. Pac-Man (Genesis - 1991),4.20,59
Hard Drivin' (Genesis - 1990),4.03,33
Streets of Rage 3 (Genesis - 1994),5.00,9
The Great Waldo Search (Genesis - 1992),3.00,2
Vapor Trail (Genesis - 1991),4.50,4
King Salmon: The Big Catch (Genesis - 1992),0.00,0
Tony La Russa Baseball (Genesis - 1993),4.00,2
Romance of the Three Kingdoms III: Dragon of Destiny (Genesis - 1992),4.73,84
Jennifer Capriati Tennis (Genesis - 1992),0.00,0
Two Crude Dudes (Genesis - 1992),4.17,6
The Tick (Genesis - 1994),4.33,3
"Dick Vitale's ""Awesome, Baby!"" College Hoops (Genesis - 1994)",5.00,1
The Simpsons: Bart's Nightmare (Genesis - 1993),4.80,5
American Gladiators (Genesis - 1992),3.10,10
R.B.I. Baseball 3 (Genesis - 1991),5.00,2
Nobunaga no Yabō: Haō Den (Genesis - 1994),4.00,1
Rampart (Genesis - 1991),4.34,26
Cool Spot (Genesis - 1993),4.35,29
RoboCop versus The Terminator (Genesis - 1993),5.00,1
Elitserien 95 (Genesis - 1994),2.00,1
True Golf Classics: Wicked 18 (Genesis - 1994),0.00,0
Powerball (Genesis - 1991),4.00,1
Nobunaga's Ambition (Genesis - 1993),4.38,13
PaperBoy (Genesis - 1991),4.44,25
R.B.I. Baseball '93 (Genesis - 1993),0.00,0
Zero the Kamikaze Squirrel (Genesis - 1994),4.00,2
Chiki Chiki Boys (Genesis - 1992),4.83,6
Valis (Genesis - 1991),5.00,2
Ivan 'Ironman' Stewart's Super Off Road (Genesis - 1994),4.61,81
Aerobiz (Genesis - 1992),4.43,7
Nigel Mansell's World Championship Racing (Genesis - 1993),4.14,14
Out of This World (Genesis - 1992),4.69,84
Spider-Man / X-Men: Arcade's Revenge (Genesis - 1993),4.17,6
Lightening Force: Quest for the Darkstar (Genesis - 1992),5.00,3
Double Dragon (Genesis - 1993),4.73,46
NFL Quarterback Club 96 (Genesis - 1995),5.00,1
High Seas Havoc (Genesis - 1993),0.00,0
Mega Games 6 Vol. 1 (Genesis - 1995),5.00,1
Snow Bros. Nick & Tom (Genesis - 1993),4.27,22
The Smurfs (Genesis - 1994),4.75,4
Sega Top Five (Genesis - 1997),1.50,2
Sonic the Hedgehog 2 (Genesis - 1992),4.59,17
Growl (Genesis - 1991),4.00,2
PGA Tour Golf II (Genesis - 1992),4.00,2
Spiritual Warfare (Genesis - 1994),4.81,16
Final Blow (Genesis - 1990),5.00,1
Sesame Street: Counting Cafe (Genesis - 1994),5.00,1
Mystic Defender (Genesis - 1989),5.00,1
Normy's Beach Babe-O-Rama (Genesis - 1994),0.00,0
Theme Park (Genesis - 1995),4.52,169
Ishidō: The Way of Stones (Genesis - 1990),4.67,3
Puzzle & Action: Tant-R (Genesis - 1994),3.50,4
Dyna Brothers (Genesis - 1992),0.00,0
Davis Cup Tennis (Genesis - 1993),0.00,0
Daffy Duck in Hollywood (Genesis - 1995),5.00,1
Shane Warne Cricket (Genesis - 1996),3.50,4
Gemfire (Genesis - 1992),4.56,18
Sonic the Hedgehog: Spinball (Genesis - 1993),4.33,6
Surging Aura (Genesis - 1995),5.00,1
Nickelodeon: Aaahh!!! Real Monsters (Genesis - 1995),5.00,1
T2: Terminator 2 - Judgment Day (Genesis - 1993),5.00,3
Toki (Genesis - 1991),4.35,17
Boogerman: A Pick and Flick Adventure (Genesis - 1994),4.56,9
Pirates! Gold (Genesis - 1993),4.43,138
Chester Cheetah: Wild Wild Quest (Genesis - 1993),4.50,2
Klax (Genesis - 1990),4.53,15
Batman: Return of the Joker (Genesis - 1992),4.50,4
Puggsy (Genesis - 1993),3.00,6
Barkley: Shut Up and Jam 2 (Genesis - 1995),3.00,1
Mortal Kombat 3 (Genesis - 1995),4.26,201
Phantasy Star II Text Adventure: Shilka no Bōken (Genesis - 1990),0.00,0
Greatest Heavyweights (Genesis - 1993),5.00,1
Galaxy Force II (Genesis - 1991),5.00,3
Pinocchio (Genesis - 1995),5.00,2
Star Trek: The Next Generation - Future's Past (Genesis - 1994),4.33,3
Cyborg Justice (Genesis - 1993),5.00,1
Goofy's Hysterical History Tour (Genesis - 1993),4.50,2
World of Illusion Starring Mickey Mouse and Donald Duck (Genesis - 1992),4.63,19
J.League Champion Soccer (Genesis - 1993),4.00,1
Chavez II (Genesis - 1993),5.00,1
Taz in Escape from Mars (Genesis - 1994),5.00,1
F-15 Strike Eagle II (Genesis - 1993),4.54,51
The Lost Vikings (Genesis - 1993),4.71,79
Mercs (Genesis - 1991),4.83,12
Shining in the Darkness (Genesis - 1991),5.00,2
Soldiers of Fortune (Genesis - 1993),4.85,27
Bill Walsh College Football 95 (Genesis - 1994),0.00,0
Phantasy Star II Text Adventure: Huey no Bōken (Genesis - 1991),0.00,0
Disney's Ariel the Little Mermaid (Genesis - 1992),4.80,5
Crayon Shin-chan: Arashi o Yobu Enji (Genesis - 1994),3.33,3
Gunship (Genesis - 1993),0.00,0
Chōkyūkai Miracle Nine (Genesis - 1995),0.00,0
Monster World IV (Genesis - 1994),4.33,6
Rent A Hero (Genesis - 1991),0.00,0
Sagaia (Genesis - 1990),3.50,2
Shuihuzhuan (Genesis - 1996),5.00,1
Strider 2 (Genesis - 1993),4.33,9
Crüe Ball (Genesis - 1992),3.50,2
The Incredible Crash Dummies (Genesis - 1993),3.75,4
Race Drivin' (Genesis - 1993),4.40,15
The Simpsons: Bart vs. the Space Mutants (Genesis - 1992),4.27,41
Chakan (Genesis - 1992),5.00,3
Williams Arcade Classics (Genesis - 1996),4.57,21
Triple Play 96 (Genesis - 1995),5.00,1
Nightmare Circus (Genesis - 1996),4.67,3
Fatal Fury 2 (Genesis - 1994),4.75,4
Mega Man: The Wily Wars (Genesis - 1994),4.71,7
Psycho Pinball (Genesis - 1995),4.58,53
Crack Down (Genesis - 1990),4.67,9
NBA Action '94 (Genesis - 1994),4.50,2
Revolution X (Genesis - 1995),3.00,4
Jewel Master (Genesis - 1991),5.00,1
P.T.O.: Pacific Theater of Operations (Genesis - 1992),4.50,8
PGA Tour 96 (Genesis - 1995),4.00,2
DJ Boy (Genesis - 1990),3.00,4
Olympic Summer Games (Genesis - 1996),5.00,1
PGA Tour Golf III (Genesis - 1994),5.00,1
Phantasy Star (Genesis - 1994),4.33,6
Second Samurai (Genesis - 1993),4.29,7
NBA Live 97 (Genesis - 1996),4.25,8
Rugby World Cup 95 (Genesis - 1994),3.33,9
Champions World Class Soccer (Genesis - 1993),5.00,1
Kawasaki Superbike Challenge (Genesis - 1995),5.00,1
QuackShot starring Donald Duck (Genesis - 1991),4.60,15
Dino Land (Genesis - 1991),5.00,1
F-117 Night Storm (Genesis - 1993),2.00,1
HardBall III (Genesis - 1993),4.33,15
Dragon Ball Z: L'Appel Du Destin (Genesis - 1994),4.25,4
WWF WrestleMania (Genesis - 1995),4.26,288
Thomas the Tank Engine & Friends (Genesis - 1993),4.58,33
Mega Games 3 (Genesis - 1993),4.00,3
Joe Montana II: Sports Talk Football (Genesis - 1991),5.00,1
Syd of Valis (Genesis - 1992),3.50,2
James Bond 007: The Duel (Genesis - 1993),4.67,3
Elemental Master (Genesis - 1990),5.00,3
Shi-Kin-Joh (Genesis - 1991),5.00,1
Pro Striker Perfect (Genesis - 1993),2.00,1
College Football USA 96 (Genesis - 1995),0.00,0
Daze Before Christmas (Genesis - 1994),4.75,4
Ayrton Senna's Super Monaco GP II (Genesis - 1992),4.75,4
Boxing Legends of the Ring (Genesis - 1993),5.00,2
Bulls vs. Lakers and the NBA Playoffs (Genesis - 1992),5.00,1
Art Alive (Genesis - 1991),3.00,2
Liberty or Death (Genesis - 1994),4.00,14
Twin Hawk (Genesis - 1990),3.25,4
Madden NFL 95 (Genesis - 1994),0.00,0
Wardner (Genesis - 1991),5.00,1
Mahjong Cop Ryū (Genesis - 1989),5.00,3
Garfield: Caught in the Act (Genesis - 1995),4.43,7
Instruments of Chaos Starring Young Indiana Jones (Genesis - 1994),4.00,1
NHL 96 (Genesis - 1995),4.50,2
Warsong (Genesis - 1991),4.82,11
Captain Planet and the Planeteers (Genesis - 1992),5.00,1
Fighting Masters (Genesis - 1991),5.00,3
Chuck Rock II: Son of Chuck (Genesis - 1993),5.00,4
Wings of Wor (Genesis - 1991),4.33,6
Psy-O-Blade (Genesis - 1990),5.00,4
Unnecessary Roughness '95 (Genesis - 1994),4.50,6
John Madden Football '92 (Genesis - 1991),5.00,1
Sunset Riders (Genesis - 1993),4.33,9
NBA Live 98 (Genesis - 1997),4.92,12
EA Sports Double Header (Genesis - 1993),5.00,1
Air Diver (Genesis - 1990),5.00,2
Disney's Bonkers (Genesis - 1994),0.00,0
Nobunaga's Ambition: Lord of Darkness (Genesis - 1991),5.00,3
Pro Quarterback (Genesis - 1992),0.00,0
Rings of Power (Genesis - 1991),5.00,2
Tecmo World Cup '90 (Genesis - 1992),2.00,3
The Smurfs Travel the World (Genesis - 1996),5.00,2
The Adventures of Mighty Max (Genesis - 1994),4.00,2
Twinkle Tale (Genesis - 1992),3.00,2
Fun 'N Games (Genesis - 1993),4.50,2
Super Battleship: The Classic Naval Combat Game (Genesis - 1993),4.43,7
Dragon Slayer: The Legend of Heroes II (Genesis - 1995),4.00,2
MiG-29: Fighter Pilot (Genesis - 1993),0.00,0
Atomic Robo-Kid (Genesis - 1990),4.33,3
Pulseman (Genesis - 1994),4.50,2
Gain Ground (Genesis - 1991),4.80,5
Taiheiki (Genesis - 1991),0.00,0
Krusty's Super Fun House (Genesis - 1992),4.54,13
Super Hydlide (Genesis - 1989),5.00,1
Arnold Palmer Tournament Golf (Genesis - 1989),5.00,2
Wimbledon Championship Tennis (Genesis - 1993),5.00,1
The Pirates of Dark Water (Genesis - 1994),3.00,1
Hellfire (Genesis - 1990),3.50,2
Skeleton Krew (Genesis - 1995),3.50,2
Ecco Jr. (Genesis - 1995),5.00,1
Monopoly (Genesis - 1992),4.33,6
NBA Hangtime (Genesis - 1996),4.88,8
World Class Leader Board (Genesis - 1992),4.67,36
Super Skidmarks (Genesis - 1995),4.80,5
Golden Axe III (Genesis - 1993),4.50,4
Light Crusader (Genesis - 1995),5.00,1
Marko (Genesis - 1994),5.00,3
Curse (Genesis - 1989),5.00,1
Road Rash II (Genesis - 1992),4.79,14
Sangokushi Retsuden: Ransei no Eiyūtachi (Genesis - 1991),5.00,1
Super Daisenryaku (Genesis - 1989),5.00,1
FIFA Soccer 95 (Genesis - 1994),4.25,8
Wolverine: Adamantium Rage (Genesis - 1994),4.50,4
Ferrari Grand Prix Challenge (Genesis - 1992),5.00,3
John Madden Football (Genesis - 1990),3.00,2
Phantasy Star II Text Adventure: Anne no Bōken (Genesis - 1991),0.00,0
LHX: Attack Chopper (Genesis - 1992),4.59,55
Ghostbusters (Genesis - 1990),3.00,1
Frogger (Genesis - 1998),4.16,32
ESPN Sunday Night NFL (Genesis - 1994),0.00,0
Uncharted Waters (Genesis - 1992),4.34,29
Mystical Fighter (Genesis - 1991),5.00,1
Jurassic Park (Genesis - 1993),5.00,2
The Killing Game Show (Genesis - 1991),5.00,3
Pac-Attack (Genesis - 1993),5.00,3
Double Dragon V: The Shadow Falls (Genesis - 1994),4.50,4
NFL Quarterback Club (Genesis - 1994),0.00,0
Sonic the Hedgehog 3 (Genesis - 1994),4.62,37
Toxic Crusaders (Genesis - 1992),2.00,1
Triple Play: Gold Edition (Genesis - 1996),0.00,0
Buck Rogers: Countdown to Doomsday (Genesis - 1991),5.00,6
World Series Baseball (Genesis - 1994),5.00,1
Blaster Master 2 (Genesis - 1993),5.00,2
Contra Hard Corps (Genesis - 1994),4.71,7
Jantei Monogatari (Genesis - 1991),0.00,0
Saturday Night Slam Masters (Genesis - 1994),4.17,6
Adventures of Yogi Bear (Genesis - 1994),5.00,1
Fire Mustang (Genesis - 1991),5.00,3
Rise of the Robots (Genesis - 1994),4.00,28
New Horizons (Genesis - 1994),4.51,45
Blades of Vengeance (Genesis - 1993),4.33,3
Vectorman 2 (Genesis - 1996),0.00,0
Bonanza Bros. (Genesis - 1991),4.50,2
SUPER Volley ball (Genesis - 1990),4.17,6
Tintin in Tibet (Genesis - 1995),4.30,23
Gunstar Heroes (Genesis - 1993),3.67,3
Mutant League Hockey (Genesis - 1994),4.50,2
The Games: Winter Challenge (Genesis - 1991),4.39,46
Batman Returns (Genesis - 1992),5.00,1
Ikasuze! Koi no Doki Doki Penguin Land MD (Genesis - 1992),5.00,2
Techno Cop (Genesis - 1990),5.00,4
Virtual Bart (Genesis - 1994),4.67,3
The Lost World: Jurassic Park (Genesis - 1997),4.30,10
Zero Wing (Genesis - 1991),4.00,3
Championship Bowling (Genesis - 1993),5.00,1
Bubsy II (Genesis - 1994),5.00,1
Mortal Kombat II (Genesis - 1994),4.40,114
Radical Rex (Genesis - 1994),5.00,2
Pelé II: World Tournament Soccer (Genesis - 1994),0.00,0
Pyramid Magic (Genesis - 1991),4.50,2
RISK: Parker Brothers' World Conquest Game (Genesis - 1994),5.00,2
Genghis Khan II: Clan of the Gray Wolf (Genesis - 1993),4.31,65
Space Harrier II (Genesis - 1988),4.00,4
Verytex (Genesis - 1991),4.00,2
Kidō Keisatsu Patlabor: 98-Shiki Kidō seyo! (Genesis - 1992),0.00,0
Bishōjo Senshi Sailor Moon (Genesis - 1994),4.75,4
NBA Showdown (Genesis - 1994),5.00,1
Bass Masters Classic (Genesis - 1995),5.00,3
Lotus: The Ultimate Challenge (Genesis - 1993),4.67,66
Rolling Thunder 2 (Genesis - 1991),4.50,2
XDR: X-Dazedly-Ray (Genesis - 1990),4.00,4
Xenon 2: Megablast (Genesis - 1990),4.76,73
R.C. Pro-Am (Genesis - 1992),5.00,1
Side Pocket (Genesis - 1992),4.25,8
NBA Live 96 (Genesis - 1995),4.20,10
Bio-Ship Paladin (Genesis - 1991),4.50,2
Dungeons & Dragons: Warriors of the Eternal Sun (Genesis - 1992),4.36,11
FIFA: Road to World Cup 98 (Genesis - 1997),4.41,150
David Robinson's Supreme Court (Genesis - 1992),5.00,2
Hit the Ice: The Video Hockey League (Genesis - 1992),4.00,1
Bubba 'N' Stix (Genesis - 1994),5.00,2
World Heroes (Genesis - 1994),4.33,3
Generations Lost (Genesis - 1994),0.00,0
Action 52 (Genesis - 1993),3.25,8
ToeJam & Earl (Genesis - 1991),4.57,7
Socket (Genesis - 1993),2.00,1
Budokan: The Martial Spirit (Genesis - 1990),4.85,47
Tongue of the Fatman (Genesis - 1990),4.12,16
Gauntlet IV (Genesis - 1993),5.00,3
Home Alone 2: Lost in New York (Genesis - 1993),4.00,6
Turma da Mônica na Terra dos Monstros (Genesis - 1994),3.67,6
Beyond Oasis (Genesis - 1994),5.00,1
Kick Off 3: European Challenge (Genesis - 1994),4.78,9
Teenage Mutant Ninja Turtles: The Hyperstone Heist (Genesis - 1992),4.50,6
Space Invaders '91 (Genesis - 1990),2.00,1
NHL All-Star Hockey '95 (Genesis - 1995),5.00,1
Barney's Hide & Seek Game (Genesis - 1993),3.75,4
Pac-Mania (Genesis - 1991),4.46,26
Haunting Starring Polterguy (Genesis - 1993),4.75,8
Bill Walsh College Football (Genesis - 1993),0.00,0
Phantasy Star III: Generations of Doom (Genesis - 1990),5.00,1
DEcapAttack (Genesis - 1991),4.50,2
Ristar (Genesis - 1995),5.00,3
Star Trek: Deep Space Nine - Crossroads of Time (Genesis - 1995),5.00,1
Taz-Mania (Genesis - 1992),5.00,1
Stormlord (Genesis - 1990),4.56,18
BattleTech: A Game of Armored Combat (Genesis - 1994),4.60,5
Ultimate Mortal Kombat 3 (Genesis - 1996),4.26,34
FIFA International Soccer (Genesis - 1993),4.30,190
Earthworm Jim (Genesis - 1994),4.62,45
Arcade Classics (Genesis - 1996),5.00,3
Pigskin 621 AD (Genesis - 1992),4.00,4
The Flintstones (Genesis - 1993),4.33,6
The Immortal (Genesis - 1991),4.69,16
Wheel of Fortune (Genesis - 1992),4.33,3
NCAA Final Four Basketball (Genesis - 1994),0.00,0
X-Men 2: Clone Wars (Genesis - 1995),4.60,5
Spider-Man / Venom: Maximum Carnage (Genesis - 1994),4.20,5
Street Racer (Genesis - 1995),4.68,14
Shura no Mon (Genesis - 1992),0.00,0
Wani Wani World (Genesis - 1992),4.67,3
Dark Castle (Genesis - 1991),4.74,38
Dangerous Seed (Genesis - 1990),5.00,3
Mick & Mack as the Global Gladiators (Genesis - 1993),3.00,2
Zombies Ate My Neighbors (Genesis - 1993),4.83,12
Desert Strike: Return to the Gulf (Genesis - 1992),4.48,56
Marvel Land (Genesis - 1991),3.50,2
Virtual Pinball (Genesis - 1993),3.33,3
Madden NFL 98 (Genesis - 1997),5.00,1
Cal Ripken Jr. Baseball (Genesis - 1992),0.00,0
The Duel: Test Drive II (Genesis - 1992),4.27,94
Best of the Best Championship Karate (Genesis - 1993),4.50,26
Pitfall: The Mayan Adventure (Genesis - 1994),4.45,47
Rolling Thunder 3 (Genesis - 1993),5.00,3
Pro Striker 2 (Genesis - 1994),0.00,0
Metal Fangs (Genesis - 1993),5.00,1
Phantasy Star IV (Genesis - 1993),4.67,6
Star Odyssey (Genesis - 1991),4.33,3
The Berenstain Bears' Camping Adventure (Genesis - 1993),5.00,1
Air Buster (Genesis - 1991),4.57,7
ToeJam & Earl in Panic on Funkotron (Genesis - 1993),5.00,2
Barbie Super Model (Genesis - 1993),4.45,31
Ghouls 'N Ghosts (Genesis - 1989),4.65,17
Road Rash (Genesis - 1991),4.26,15
Final Zone (Genesis - 1990),4.00,3
Head-On Soccer (Genesis - 1995),3.00,2
Terminator 2: Judgment Day (Genesis - 1993),4.78,36
NBA Action '95 starring David Robinson (Genesis - 1995),5.00,1
World Series Baseball '95 (Genesis - 1995),0.00,0
Battle Golfer Yui (Genesis - 1991),5.00,1
Ballz 3D: Fighting at its Ballziest (Genesis - 1994),4.67,3
NHL Hockey (Genesis - 1991),5.00,1
David Crane's Amazing Tennis (Genesis - 1992),4.50,2
Super Monaco GP (Genesis - 1990),4.75,8
World Cup USA 94 (Genesis - 1994),3.93,14
Dragon's Revenge (Genesis - 1993),5.00,3
Nastar Warrior (Genesis - 1990),0.00,0
Pit-Fighter (Genesis - 1991),4.05,20
NFL Sports Talk Football '93 Starring Joe Montana (Genesis - 1992),4.00,1
FIFA Soccer 97 (Genesis - 1996),4.43,14
Shinobi III: Return of the Ninja Master (Genesis - 1993),4.58,12
Brett Hull Hockey 95 (Genesis - 1994),4.00,7
R.B.I. Baseball '94 (Genesis - 1994),0.00,0
Virtua Racing (Genesis - 1994),4.67,6
Steel Empire (Genesis - 1992),5.00,2
Aa Harimanada (Genesis - 1993),3.75,4
Micro Machines: Military (Genesis - 1996),5.00,1
Astérix and the Great Rescue (Genesis - 1993),4.75,4
Battletoads (Genesis - 1993),4.22,9
Zoop (Genesis - 1995),4.00,5
Zan: Yasha Enbukyoku (Genesis - 1991),0.00,0
Ninja Burai Densetsu (Genesis - 1991),4.00,1
Herzog Zwei (Genesis - 1989),4.88,8
Deadly Moves (Genesis - 1992),5.00,1
Devilish (Genesis - 1992),5.00,2
Volfied (Genesis - 1991),4.24,362
Aero the Acro-Bat 2 (Genesis - 1994),5.00,3
Desert Demolition Starring Road Runner and Wile E. Coyote (Genesis - 1995),4.55,11
Total Football (Genesis - 1995),3.67,3
Rolo to the Rescue (Genesis - 1992),4.29,7
Animaniacs (Genesis - 1994),3.40,5
The Lion King (Genesis - 1994),4.66,76
Dragon: The Bruce Lee Story (Genesis - 1994),5.00,5
Back to the Future Part III (Genesis - 1991),4.36,22
Tecmo Super Hockey (Genesis - 1994),2.00,1
Twin Cobra (Genesis - 1991),3.88,8
OutRun (Genesis - 1991),4.47,49
Abrams Battle Tank (Genesis - 1991),4.18,48
Devil's Crush (Genesis - 1991),4.63,8
Wiz 'n' Liz (Genesis - 1993),4.40,10
After Burner II (Genesis - 1990),4.38,21
Alex Kidd in the Enchanted Castle (Genesis - 1989),5.00,5
Outlander (Genesis - 1992),5.00,5
Dragon's Eye Plus Shanghai III (Genesis - 1991),5.00,1
Yū Yū Hakusho Gaiden (Genesis - 1994),4.67,3
Darwin 4081 (Genesis - 1990),5.00,1
SEGA Sports 1 (Genesis - 1995),3.00,2
Olympic Gold: Barcelona '92 (Genesis - 1992),5.00,1
Eternal Champions (Genesis - 1993),5.00,2
Jeopardy! Sports Edition (Genesis - 1994),5.00,2
Pro Yakyū Super League '91 (Genesis - 1991),0.00,0
Mega Turrican (Genesis - 1994),4.83,6
Lakers versus Celtics and the NBA Playoffs (Genesis - 1990),5.00,1
NBA All-Star Challenge (Genesis - 1992),3.00,1
Osomatsu-kun: Hachamecha Gekijō (Genesis - 1988),5.00,1
M.U.S.H.A. (Genesis - 1990),4.33,3
Mary Shelley's Frankenstein (Genesis - 1994),5.00,2
Chi Chi's Pro Challenge Golf (Genesis - 1993),5.00,1
Mazin Saga: Mutant Fighter (Genesis - 1993),4.00,2
Tōgi Ō: King Colossus (Genesis - 1992),4.00,3
Pink Goes to Hollywood (Genesis - 1993),3.75,4
Shanghai II: Dragon's Eye (Genesis - 1994),4.20,30
Exile (Genesis - 1991),5.00,2
Master of Weapon (Genesis - 1991),4.00,3
Target Earth (Genesis - 1990),4.00,3
"Evander Holyfield's ""Real Deal"" Boxing (Genesis - 1992)",4.00,3
Tel-Tel Stadium (Genesis - 1990),0.00,0
Gambler Jiko Chūshinha: Katayama Masayuki no Mahjong Dōjō (Genesis - 1990),5.00,1
Lord Monarch (Genesis - 1994),5.00,1
La Russa Baseball 95 (Genesis - 1994),0.00,0
Mega Games 6 Vol. 3 (Genesis - 1995),3.00,1
Batman Forever (Genesis - 1995),4.52,29
Gods (Genesis - 1992),4.40,68
G-Loc: Air Battle (Genesis - 1991),5.00,2
Doom Troopers: Mutant Chronicles (Genesis - 1995),4.67,3
Ex-Mutants (Genesis - 1992),5.00,1
Road Rash 3 (Genesis - 1995),4.80,10
World Championship Soccer (Genesis - 1989),4.75,4
Forgotten Worlds (Genesis - 1989),3.86,14
Crystal's Pony Tale (Genesis - 1994),4.67,3
Micro Machines 2: Turbo Tournament (Genesis - 1994),4.26,19
Art of Fighting (Genesis - 1994),5.00,2
Thunder Force III (Genesis - 1990),4.33,3
Sword of Vermilion (Genesis - 1989),4.50,2
Street Smart (Genesis - 1991),5.00,1
Top Pro Golf (Genesis - 1992),0.00,0
Cutie Suzuki no Ringside Angel (Genesis - 1990),4.50,2
The Humans (Genesis - 1992),4.33,15
Eliminate Down (Genesis - 1993),4.00,3
B.O.B. (Genesis - 1993),5.00,2
Flicky (Genesis - 1990),5.00,2
Sonic & Knuckles (Genesis - 1994),4.89,9
Populous (Genesis - 1990),4.58,50
Summer Challenge (Genesis - 1993),4.77,26
International Superstar Soccer Deluxe (Genesis - 1996),3.50,6
Mario Lemieux Hockey (Genesis - 1991),5.00,2
Earthworm Jim 2 (Genesis - 1995),5.00,2
Castle of Illusion starring Mickey Mouse (Genesis - 1990),4.06,16
Gargoyles (Genesis - 1995),5.00,3
Demolition Man (Genesis - 1995),5.00,1
Jammit (Genesis - 1994),4.00,4
King's Bounty (Genesis - 1991),4.52,46
The Pagemaster (Genesis - 1994),3.80,5
Tetris (Genesis - 1989),4.33,3
Syndicate (Genesis - 1994),5.00,3
F-22 Interceptor (Genesis - 1991),5.00,3
Body Count (Genesis - 1994),2.00,1
CrossFire (Genesis - 1991),5.00,2
Exodus: Journey to the Promised Land (Genesis - 1993),4.33,21
Pac-Man 2: The New Adventures (Genesis - 1994),5.00,6
Aero the Acro-Bat (Genesis - 1993),4.75,4
Rainbow Islands Extra (Genesis - 1990),4.83,6
Warlock (Genesis - 1994),0.00,0
John Madden Football '93: Championship Edition (Genesis - 1992),0.00,0
FIFA Soccer 96 (Genesis - 1995),4.26,158
ESWAT: City under Siege (Genesis - 1990),5.00,2
Jurassic Park: Rampage Edition (Genesis - 1994),4.50,6
Saint Sword (Genesis - 1991),2.00,1
Earnest Evans (Genesis - 1992),4.50,2
Last Battle (Genesis - 1989),4.00,4
NHL 95 (Genesis - 1994),4.22,23
Lotus Turbo Challenge 2 (Genesis - 1992),4.43,21
Troy Aikman NFL Football (Genesis - 1994),5.00,1
Onslaught (Genesis - 1991),4.57,7
Venom • Spider-Man: Separation Anxiety (Genesis - 1995),4.73,11
International Rugby (Genesis - 1993),5.00,1
Disney's Aladdin (Genesis - 1993),4.38,277
Fire Shark (Genesis - 1990),4.00,4
Sorcerer's Kingdom (Genesis - 1992),5.00,1
Disney's Beauty and the Beast: Belle's Quest (Genesis - 1993),5.00,2
Megapanel (Genesis - 1990),5.00,1
Striker (Genesis - 1995),4.52,23
Puyo Puyo 2 (Genesis - 1994),5.00,7
Disney's Pocahontas (Genesis - 1996),5.00,4
Turbo Out Run (Genesis - 1992),4.72,29
Indiana Jones and The Last Crusade: The Action Game (Genesis - 1992),4.12,25
Dr. Robotnik's Mean Bean Machine (Genesis - 1993),5.00,1
The Terminator (Genesis - 1992),3.50,2
Phelios (Genesis - 1990),5.00,1
Granada (Genesis - 1990),3.00,2
Madden NFL 97 (Genesis - 1996),3.50,4
MTV's Beavis and Butt-Head (Genesis - 1994),5.00,1
Pat Riley Basketball (Genesis - 1990),5.00,1
NHLPA Hockey '93 (Genesis - 1992),5.00,1
Lethal Enforcers II: Gun Fighters (Genesis - 1994),0.00,0
StarFlight (Genesis - 1991),4.64,50
Task Force Harrier EX (Genesis - 1991),4.00,3
Burning Force (Genesis - 1990),5.00,2
Mortal Kombat (Genesis - 1993),4.48,137
Rocket Knight Adventures (Genesis - 1993),5.00,4
The Incredible Hulk (Genesis - 1994),4.00,12
Cannon Fodder (Genesis - 1994),4.57,84
Ecco the Dolphin (Genesis - 1992),5.00,1
3 Ninjas Kick Back (Genesis - 1994),4.04,25
True Golf Classics: Waialae Country Club (Genesis - 1994),0.00,0
Elitserien 96 (Genesis - 1995),0.00,0
Centurion: Defender of Rome (Genesis - 1991),4.56,104
HardBall 5 (Genesis - 1995),4.54,22
The Death and Return of Superman (Genesis - 1994),4.43,15
Alien Soldier (Genesis - 1995),5.00,1
Lethal Enforcers (Genesis - 1993),5.00,2
Ecco: The Tides of Time (Genesis - 1994),3.00,2
Richard Scarry's BusyTown (Genesis - 1994),5.00,2
WeaponLord (Genesis - 1995),5.00,2
Family Feud (Genesis - 1993),4.83,6
Ys III: Wanderers from Ys (Genesis - 1991),3.80,5
Will Harvey's Zany Golf (Genesis - 1990),4.70,23
Trampoline Terror! (Genesis - 1990),5.00,1
Funny World & Balloon Boy (Genesis - 1993),5.00,1
Mighty Morphin Power Rangers (Genesis - 1994),5.00,1
R.B.I. Baseball 4 (Genesis - 1992),0.00,0
Jack Nicklaus' Power Challenge Golf (Genesis - 1993),0.00,0
Bram Stoker's Dracula (Genesis - 1993),5.00,2
The New Zealand Story (Genesis - 1990),4.41,29
Sonic 3D Blast (Genesis - 1996),4.31,16
Sparkster (Genesis - 1994),4.20,5
Minnesota Fats: Pool Legend (Genesis - 1995),5.00,2
ESPN National Hockey Night (Genesis - 1994),2.00,1
Teenage Mutant Ninja Turtles: Tournament Fighters (Genesis - 1993),4.40,5
Jimmy White's 'Whirlwind' Snooker (Genesis - 1994),4.12,32
Sword of Sodan (Genesis - 1990),4.00,3
IMG International Tour Tennis (Genesis - 1994),0.00,0
Insector X (Genesis - 1990),4.00,2
Mutant League Football (Genesis - 1993),5.00,1
TNN Outdoors Bass Tournament '96 (Genesis - 1996),5.00,2
Columns III: Revenge of Columns (Genesis - 1993),4.67,3
Tecmo Super Bowl (Genesis - 1993),0.00,0
Joe Montana Football (Genesis - 1990),5.00,1
Shining Force (Genesis - 1992),5.00,5
Sonic Classics (Genesis - 1995),4.55,11
Sonic Eraser (Genesis - 1991),5.00,4
Shadow Blasters (Genesis - 1990),1.00,1
Férias Frustradas do Pica-Pau (Genesis - 1996),5.00,1
Mamono Hunter Yōko: Dai 7 no Keishō (Genesis - 1991),3.50,2
Gleylancer (Genesis - 1992),4.25,4
Clue (Genesis - 1992),5.00,3
Todd's Adventures in Slime World (Genesis - 1992),5.00,2
Mega Games 10 (Genesis - 2002),3.67,3
Wayne Gretzky and the NHLPA All-Stars (Genesis - 1995),4.33,3
Turrican (Genesis - 1991),4.73,15
Lemmings (Genesis - 1992),4.66,188
Star Cruiser (Genesis - 1990),5.00,1
Bahamut Senki (Genesis - 1991),5.00,1
Combat Cars (Genesis - 1994),4.67,3
Puyo Puyo (Genesis - 1992),5.00,5
Pebble Beach Golf Links (Genesis - 1993),5.00,1
NHL '94 (Genesis - 1993),4.50,4
Disney's Beauty and the Beast: Roar of the Beast (Genesis - 1993),3.00,2
Fatal Labyrinth (Genesis - 1990),5.00,1
Landstalker: Treasure of King Nole (Genesis - 1992),5.00,1
Raiden (Genesis - 1991),4.57,40
Mega Lo Mania (Genesis - 1992),4.50,62
Altered Beast (Genesis - 1988),4.45,38
SeaQuest DSV (Genesis - 1994),5.00,2
Thunder Fox (Genesis - 1991),4.00,2
X-Men (Genesis - 1993),3.14,7
Where in the World is Carmen Sandiego? (Genesis - 1992),4.36,160
Primal Rage (Genesis - 1995),4.57,75
Super High Impact (Genesis - 1992),0.00,0
Hyper Marbles (Genesis - 1991),5.00,1
King of the Monsters 2 (Genesis - 1994),4.75,4
The Great Circus Mystery starring Mickey & Minnie (Genesis - 1994),4.25,8
The Lawnmower Man (Genesis - 1994),5.00,1
Caliber.50 (Genesis - 1991),5.00,2
The Faery Tale Adventure: Book I (Genesis - 1991),4.44,16
Whip Rush (Genesis - 1990),4.00,2
Cosmic Spacehead (Genesis - 1993),3.94,6
Home Alone (Genesis - 1992),3.00,2
Championship Soccer '94 (Genesis - 1994),5.00,2
Dahna: Megami Tanjō (Genesis - 1991),4.33,3
ATP Tour Championship Tennis (Genesis - 1994),0.00,0
Brutal: Paws of Fury (Genesis - 1994),4.33,15
Splatterhouse 2 (Genesis - 1992),4.80,5
OutRunners (Genesis - 1994),5.00,2
Chuck Rock (Genesis - 1991),4.50,4
ESPN Baseball Tonight (Genesis - 1994),5.00,1
Math Blaster: Episode One - In Search of Spot (Genesis - 1994),4.62,29
Party Quiz: Mega Q (Genesis - 1993),0.00,0
The Adventures of Batman & Robin (Genesis - 1995),4.50,16
F1: World Championship Edition (Genesis - 1995),5.00,1
College Football's National Championship II (Genesis - 1995),5.00,1
Streets of Rage 2 (Genesis - 1993),4.50,8
College Slam (Genesis - 1996),4.50,6
World Series Baseball '96 (Genesis - 1996),0.00,0
Leander (Genesis - 1992),4.57,7
Madō Monogatari I (Genesis - 1996),5.00,6
Pete Sampras Tennis 96 (Genesis - 1995),0.00,0
Slap Fight MD (Genesis - 1993),5.00,6
Ultraman (Genesis - 1993),4.33,3
Fengshen Yingjiezhuan (Genesis - 1996),0.00,0
Jungle Strike (Genesis - 1993),4.58,31
Barkley: Shut Up and Jam! (Genesis - 1994),5.00,1
Flink (Genesis - 1994),5.00,4
Battletoads / Double Dragon (Genesis - 1994),4.33,6
Dick Tracy (Genesis - 1990),4.00,3
AWS Pro Moves Soccer (Genesis - 1993),3.00,1
Dynamite Headdy (Genesis - 1994),5.00,1
Team USA Basketball (Genesis - 1992),5.00,2
Sylvester and Tweety in Cagey Capers (Genesis - 1994),4.50,4
Crusader of Centy (Genesis - 1994),5.00,4
Castlevania: Bloodlines (Genesis - 1994),5.00,5
Aerobiz Supersonic (Genesis - 1994),5.00,8
Awesome Possum Kicks Dr. Machino's Butt (Genesis - 1993),3.00,2
Romance of the Three Kingdoms II (Genesis - 1991),4.38,50
Wonder Boy in Monster World (Genesis - 1991),5.00,2
Bass Masters Classic: Pro Edition (Genesis - 1996),1.00,1
F1 Triple Battle (Genesis - 1991),3.00,1
Pepenga Pengo (Genesis - 1995),5.00,2
Spider-Man (Genesis - 1991),5.00,2
Fantasia (Genesis - 1991),4.67,3
McDonald's Treasure Land Adventure (Genesis - 1993),4.00,3
Mr. Nutz (Genesis - 1994),3.50,2
Golden Axe (Genesis - 1989),4.68,56
Justice League: Task Force (Genesis - 1995),4.00,5
Panorama Cotton (Genesis - 1994),5.00,1
Shaq Fu (Genesis - 1994),3.00,4
Saban's VR Troopers (Genesis - 1995),3.00,1
Zero Tolerance (Genesis - 1994),5.00,1
Pachinko Kuunyan (Genesis - 1992),5.00,1
Midnight Resistance (Genesis - 1991),4.55,11
Triple Score: 3 Games In One (Genesis - 1992),2.50,4
Advanced Daisenryaku: Doitsu Dengeki Sakusen (Genesis - 1991),3.00,2
Menghuan Shuiguo Pan: 777 Casino (Genesis - 1993),0.00,0
The Punisher (Genesis - 1994),4.80,5
Shining Force II (Genesis - 1993),4.44,9
Sol-Feace (Genesis - 1992),2.50,2
Worms (Genesis - 1996),4.35,147
Double Dragon II: The Revenge (Genesis - 1991),4.11,74
Tel-Tel Mahjong (Genesis - 1990),5.00,1
OutRun 2019 (Genesis - 1993),4.00,1
HardBall 4 (Genesis - 1994),4.79,14
NBA Live 95 (Genesis - 1994),4.75,4
Bible Adventures (Genesis - 1995),4.29,7
Tecmo Super Bowl II: Special Edition (Genesis - 1994),5.00,1
Pete Sampras Tennis (Genesis - 1994),0.00,0
Columns (Genesis - 1990),3.50,6
Predator 2 (Genesis - 1992),0.00,0
Bugs Bunny in Double Trouble (Genesis - 1996),5.00,3
Master of Monsters (Genesis - 1991),5.00,3
Truxton (Genesis - 1989),4.00,6
NBA Jam (Genesis - 1994),4.00,2
Super Thunder Blade (Genesis - 1988),5.00,2
The Miracle Piano Teaching System (Genesis - 1992),5.00,2
The Addams Family (Genesis - 1993),4.29,7
Heavy Nova (Genesis - 1992),2.00,1
Last Action Hero (Genesis - 1993),0.00,0
Phantom 2040 (Genesis - 1995),5.00,1
Jordan vs Bird: One on One (Genesis - 1992),4.39,18
Quad Challenge (Genesis - 1991),0.00,0
Captain America and the Avengers (Genesis - 1992),5.00,2
Ultimate Soccer (Genesis - 1993),3.00,1
Speedball 2: Brutal Deluxe (Genesis - 1991),4.44,57
ESPN Speed World (Genesis - 1994),5.00,2
Ball Jacks (Genesis - 1993),5.00,1
Cheese Cat-Astrophe starring Speedy Gonzales (Genesis - 1995),3.50,2
Steel Talons (Genesis - 1992),4.50,2
Mighty Morphin Power Rangers: The Movie (Genesis - 1995),4.40,10
Universal Soldier (Genesis - 1992),4.00,2
Spot Goes to Hollywood (Genesis - 1995),5.00,1
Pyramid Magic II (Genesis - 1991),5.00,1
Australian Rugby League (Genesis - 1994),5.00,2
Dragon Slayer: The Legend of Heroes (Genesis - 1994),5.00,1
Red Zone (Genesis - 1994),5.00,8
Chase H.Q. II (Genesis - 1992),4.00,2
Chibi Maruko-chan: Waku Waku Shopping (Genesis - 1992),3.00,2
Formula One (Genesis - 1993),4.64,25
A Dinosaur's Tale (Genesis - 1994),5.00,2
James Pond 2: Codename: RoboCod (Genesis - 1991),4.78,33
Rambo III (Genesis - 1989),4.29,7
TinHead (Genesis - 1993),0.00,0
Traysia (Genesis - 1992),5.00,1
Bimini Run (Genesis - 1990),5.00,3
World Championship Soccer II (Genesis - 1994),3.00,1
College Football USA 97 (Genesis - 1996),5.00,1
Phantasy Star II Text Adventure: Kinds no Bōken (Genesis - 1990),0.00,0
Top Gear 2 (Genesis - 1994),5.00,6
WWF Super WrestleMania (Genesis - 1992),4.60,5
NBA Jam Tournament Edition (Genesis - 1995),4.33,34
Winter Olympics: Lillehammer '94 (Genesis - 1994),4.80,5
Fatal Fury (Genesis - 1993),5.00,2
Smash T.V. (Genesis - 1991),4.33,13
Batman: The Video Game (Genesis - 1990),2.40,5
John Madden Football '93 (Genesis - 1992),5.00,1
Pro Striker (Genesis - 1993),0.00,0
College Football's National Championship (Genesis - 1994),5.00,1
Nakajima Satoru Kanshū F-1 Grand Prix (Genesis - 1991),0.00,0
Rock n' Roll Racing (Genesis - 1994),5.00,5
Toys (Genesis - 1993),5.00,1
688 Attack Sub (Genesis - 1991),4.87,193
Sub-Terrania (Genesis - 1994),5.00,2
California Games (Genesis - 1991),4.36,50
Power Instinct (Genesis - 1994),4.13,16
