Title,Average Rating,Number of Ratings
"'Nam 1965-1975 (DOS, Amiga, Atari ST - 1991)",3.78,67
1815 (Amstrad CPC - 1985),5.00,3
1893: A World's Fair Mystery (Mac - 2003),5.00,3
1942: The Pacific Air War (DOS - 1994),4.32,109
"1943: The Battle of Midway (Amiga, Amstrad CPC, Atari ST, C64, NES, ZX Spectrum - 1988)",4.38,13
"50 Mission Crush (DOS, Apple II, Atari 8-bit, C64 - 1986)",2.78,10
A Line in The Sand (DOS - 1992),4.44,16
Aces of the Deep (DOS - 1994),4.23,48
Aces of the Pacific (DOS - 1992),4.50,32
Aces Over Europe (DOS - 1993),4.52,23
Achtung Spitfire (Mac - 1997),4.63,8
Across the Rhine (DOS - 1995),4.00,30
"Action Stations! (DOS, Amiga - 1991)",4.62,13
Advanced Daisenryaku: Doitsu Dengeki Sakusen (Genesis - 1991),0.00,0
AEGIS: Guardian of the Fleet (DOS - 1994),3.96,23
Afghanistan (DOS - 1983),5.00,1
African Desert Campaign (DOS - 1986),3.00,3
Afrika Korps (Atari ST - 1991),5.00,1
"Age of Empires (Windows, Mac - 1997)",4.48,172
Age of Empires II: Gold Edition (Mac - 2001),4.10,373
"Air Duel: 80 Years of Dogfighting (DOS, Amiga - 1993)",4.54,31
"Air Warrior (DOS, Amiga, Mac, Atari ST - 1992)",4.34,12
"Allied General (Windows, Mac - 1995)",4.35,23
Ardeny (DOS - 1994),5.00,1
Ardeny 1944 (Atari 8-bit - 1995),0.00,0
"Armada (DOS, Amiga - 1989)",5.00,3
"Arnhem: The 'Market Garden' Operation (DOS, Amiga - 1988)",4.71,11
Assault On Port Stanley (Amstrad CPC - 1985),5.00,1
"Austerlitz (DOS, Amiga, Atari ST - 1989)",5.00,4
Austerlitz (Amstrad CPC - 1986),5.00,2
Avalanche: The Struggle for Italy (Amstrad CPC - 1991),5.00,3
Avalon Hill's Squad Leader (Windows - 2000),0.00,0
Axis & Allies (Windows - 1998),5.00,4
Axis & Allies (Windows - 2004),5.00,1
"B-17 Flying Fortress (DOS, Amiga, Atari ST - 1992)",4.65,85
"B-24 (DOS, Apple II, C64 - 1987)",4.00,5
"Balance of Power (DOS, Amiga, Apple II, Atari ST, PC-88, PC-98 - 1985)",4.43,26
"Balance of Power: The 1990 Edition (Amiga, Windows 3.x, Mac, Apple IIgs, Atari ST - 1989)",4.09,47
"Bandit Kings of Ancient China (DOS, Amiga, Mac, NES, PC-88 - 1989)",4.50,16
"Battle for Midway (Amstrad CPC, C64 - 1985)",4.33,3
"Battle for Normandy (DOS, Apple II, Atari 8-bit, C64 - 1983)",4.17,6
"Battle Group (Apple II, C64 - 1986)",4.00,1
"Battle of Antietam (DOS, Apple II, Atari 8-bit, C64 - 1986)",4.00,4
"Battle of Britain (Amstrad CPC, C64 - 1985)",3.80,5
Battlefield 1942 (Windows - 2002),4.59,169
"Battlefront (Apple II, C64 - 1986)",4.00,2
"Battlehawks 1942 (DOS, Amiga, Atari ST - 1988)",4.20,10
"Battles in Normandy (Apple II, C64 - 1987)",3.67,3
Battles in Time (DOS - 1995),4.00,2
"Battles of Napoleon (DOS, Apple II, C64 - 1989)",4.75,8
"Betrayal (DOS, Amiga, Atari ST, C64 - 1990)",4.50,4
"Bismarck (Amiga, Apple II, Atari 8-bit, Atari ST, C64 - 1988)",0.00,0
"Blitzkrieg at the Ardennes (DOS, Amiga - 1990)",4.25,12
"Blue Max: Aces of the Great War (DOS, Amiga, Atari ST - 1990)",4.25,8
"Borodino (Amiga, Atari ST - 1989)",5.00,2
"Bravo Romeo Delta (DOS, Amiga - 1993)",4.00,7
"Breakthrough in the Ardennes (Apple II, Atari 8-bit, C64 - 1983)",0.00,0
Brigade Commander (Amiga - 1991),5.00,2
Call to Arms (DOS - 1982),3.80,5
"Campaign (DOS, Amiga, Atari ST - 1992)",4.10,10
Campaign (DOS - 1989),0.00,0
"Campaign II (DOS, Amiga - 1993)",5.00,3
Carrier Aces (SNES - 1995),4.00,1
"Carrier Force (Apple II, C64 - 1983)",5.00,2
Carrier Strike Add-On (DOS - 1992),4.38,8
Carrier Strike: South Pacific 1942-44 (DOS - 1992),4.39,18
"Carriers at War (DOS, Mac - 1992)",4.16,19
Carriers at War 1941-1945: Fleet Carrier Operations in the Pacific (C64 - 1984),5.00,2
Carriers at War II (DOS - 1993),4.31,19
Carthage (Amiga - 1990),4.50,2
"Castles (DOS, Amiga, Atari ST - 1991)",4.53,38
"Centurion: Defender of Rome (DOS, Amiga, Genesis - 1990)",4.60,74
"Champion of The Raj (DOS, Amiga, Atari ST - 1991)",4.29,14
Ché: Guerilla in Bolivia (Amiga - 1990),1.36,11
Chuck Yeager's Air Combat (DOS - 1991),4.55,46
Civil War (DOS - 1983),4.00,2
"Clash of Steel: World War II, Europe 1939-45 (DOS - 1993)",4.51,22
Close Assault (Apple II - 1982),3.00,1
"Close Combat (Windows, Mac - 1996)",4.64,11
Close Combat III: The Russian Front (Windows - 1999),4.85,13
"Close Combat: A Bridge Too Far (Windows, Mac - 1997)",4.58,19
Close Combat: The Battle of the Bulge (Windows - 1999),4.75,8
"Colonial Conquest (Apple II, Atari 8-bit, Atari ST, C64, PC-98 - 1985)",5.00,10
"Combat Leader (Atari 8-bit, C64 - 1983)",5.00,1
"Command H.Q. (DOS, Mac - 1990)",4.61,23
Computer Bismarck (Apple II - 1980),0.00,0
"Conflict in Vietnam (DOS, Apple II, Atari 8-bit, C64 - 1986)",4.31,16
"Conflict: Korea - The First Year 1950-51 (DOS, Amiga - 1992)",4.54,13
"Conflict: Middle East (DOS, Amiga - 1991)",4.81,16
"Conquest of Japan (DOS, Amiga, Atari ST - 1992)",3.67,3
Crete 1941: Fallschirmjager (Amstrad CPC - 1990),4.00,1
"Crusade in Europe (DOS, Apple II, Atari 8-bit, C64 - 1985)",4.30,17
Custer's Last Command (DOS - 1995),4.57,7
"D-Day (DOS, Amiga, Amstrad CPC, Atari ST - 1992)",4.64,14
"D-Day: America Invades (DOS, Mac - 1995)",4.62,7
"D-Day: The Beginning of the End (DOS, Amiga - 1994)",4.50,8
"Das Boot: German U-Boat Simulation (DOS, Amiga - 1990)",3.94,17
"Dawn Patrol (DOS, Amiga - 1994)",4.50,6
"Decision in the Desert (DOS, Apple II, Atari 8-bit, C64 - 1985)",4.27,11
"Decisive Battles of the American Civil War, Vol. 2 (DOS, C64 - 1989)",4.40,5
"Decisive Battles of the American Civil War, Vol. 3 (DOS, C64 - 1992)",4.00,2
"Decisive Battles of the American Civil War, Volume One (DOS, C64 - 1990)",4.00,2
"Defender of The Crown (DOS, Amiga, Mac, Amstrad CPC, Apple IIgs, Atari ST, C64, NES - 1987)",4.53,62
Desert Commander (NES - 1988),5.00,2
"Desert Rats: The North Africa Campaign (DOS, Amstrad CPC - 1988)",4.88,8
Destiny of an Emperor (NES - 1989),5.00,1
Discovery: In the Steps of Columbus (DOS - 1992),4.80,5
"Dive Bomber (DOS, Amstrad CPC, Apple II, Atari ST, C64 - 1988)",4.25,8
"Dreadnoughts (DOS, Amiga, Atari ST - 1992)",5.00,4
"Dreadnoughts (Apple II, C64 - 1984)",5.00,2
"Dynasty Wars (Amiga, Amstrad CPC, Atari ST, C64 - 1990)",5.00,2
Eastern Front (1941) (Atari 8-bit - 1981),0.00,0
"Edward Grabowski's The Blue & The Gray (DOS, Amiga - 1993)",4.27,15
"Empire Deluxe (DOS, Mac - 1993)",4.16,19
Empire II: The Art of War (DOS - 1995),4.60,10
"Encyclopedia of War: Ancient Battles (DOS, Amiga, Amstrad CPC - 1988)",5.00,7
Escape from Colditz (Amiga - 1991),5.00,3
Europa Universalis II (Mac - 2003),4.33,12
"Europe Ablaze (Apple II, C64 - 1985)",5.00,2
European Air War (Windows - 1998),4.53,15
Fathom's 40 (PC-88 - 1984),3.00,2
"Field of Fire (Apple II, Atari 8-bit, C64 - 1984)",5.00,2
Fields of Battle (Amiga - 1995),4.00,1
"Fields of Glory (DOS, Amiga - 1994)",4.35,29
Fighter Command: The Battle of Britain (C64 - 1985),4.25,4
"Fighting For Rome (DOS, Amiga - 1991)",3.67,9
Fighting Steel: World War II Surface Combat 1939-1942 (Windows - 1999),0.00,0
"Fire-Brigade: The Battle for Kiev - 1943 (DOS, Amiga, Mac, Atari ST - 1988)",4.70,10
"First Over Germany (DOS, C64 - 1989)",5.00,4
Flight Commander (Mac - 1993),5.00,4
Flight Commander 2 (Mac - 1995),4.50,6
"Frontline (Amiga, Atari ST - 1990)",4.50,2
Gary Grigsby's Pacific War (DOS - 1992),4.35,23
Gary Grigsby's War in Russia (DOS - 1993),4.83,6
"Gato (DOS, Mac, Apple II, Atari 8-bit, Atari ST - 1984)",4.40,25
"Genghis Khan (DOS, Amstrad CPC - 1991)",4.17,12
"Genghis Khan (DOS, Amiga, NES, PC-88 - 1990)",4.90,10
"Genghis Khan II: Clan of the Gray Wolf (DOS, Genesis, PC-88, SNES - 1993)",4.34,53
Genghis Khan Positive (DOS - 1991),4.17,6
Gettysburg (Atari ST - 1990),0.00,0
"Gettysburg: The Turning Point (DOS, Amiga, Atari 8-bit, C64 - 1986)",4.50,4
Grant - Lee - Sherman: Civil War 2: Generals (Windows - 1997),4.25,4
"Great Napoleonic Battles (DOS, Amiga, Atari ST - 1991)",3.50,6
Great Naval Battles Vol. II: Guadalcanal 1942-43 (DOS - 1994),4.50,10
"Great Naval Battles Vol. III: Fury in the Pacific, 1941-44 (DOS - 1995)",4.21,14
"Great Naval Battles Vol. IV: Burning Steel, 1939-1942 (DOS - 1995)",4.47,19
Great Naval Battles: North Atlantic 1939-43 (DOS - 1992),4.57,28
Grunwald 1410 (Atari 8-bit - 1995),5.00,1
"Guadalcanal (Amstrad CPC, C64 - 1987)",5.00,3
Guadalcanal Campaign (Apple II - 1982),4.00,1
"Guderian (Apple II, Atari 8-bit, C64 - 1986)",5.00,1
"Halls of Montezuma: A Battle History of the United States Marine Corps (DOS, Amiga, C64 - 1990)",4.50,10
"Hannibal (DOS, Amiga - 1993)",4.00,12
Hearts of Iron (Mac - 2003),4.36,14
Hidden & Dangerous Deluxe (Windows - 2002),4.77,22
High Command: Europe 1939-'45 (DOS - 1992),4.33,12
"HMS Cobra: Convois pour Mourmansk (Amstrad CPC, Atari ST - 1986)",0.00,0
Imperialism (Mac - 1997),4.72,18
Imperialism II: The Age of Exploration (Mac - 1999),5.00,12
In the Days of Knights & Kings (DOS - 1989),4.56,9
Iron Cross (DOS - 1994),3.00,2
Iron Tank: The Invasion of Normandy (NES - 1988),5.00,1
"Ishin no Arashi (NES, PC-88 - 1990)",0.00,0
"Iwo Jima (C64, ZX Spectrum - 1986)",4.50,2
"Johnny Reb (Amstrad CPC, C64 - 1984)",0.00,0
"Johnny Reb II (Amstrad CPC, C64 - 1986)",5.00,1
Kampania wrześniowa (Atari 8-bit - 1993),0.00,0
"Kampfgruppe (DOS, Amiga, Apple II, C64 - 1987)",5.00,1
"Khalaan (DOS, Amiga, Atari ST - 1990)",3.29,7
King Arthur's K.O.R.T (DOS - 1994),4.50,6
"Kingmaker (DOS, Amiga, Atari ST - 1994)",4.53,17
"Knights of the Desert (DOS, C64 - 1983)",4.25,4
"Knights of the Sky (DOS, Amiga, Atari ST - 1990)",4.29,25
"L'Empereur (DOS, NES, PC-88, PC-98 - 1991)",4.63,16
Legions (Mac - 1994),5.00,6
"Liberty or Death (DOS, Genesis, SNES - 1993)",4.08,12
"Lost Patrol (DOS, Amiga, Atari ST - 1991)",4.06,17
"MacArthur's War: Battles for Korea (DOS, C64 - 1990)",5.00,9
"Malta Storm (DOS, Amiga - 1989)",3.50,4
"Medieval Lords: Soldier Kings of Europe (DOS, C64 - 1991)",4.14,32
Microsoft Combat Flight Simulator 2: WW II Pacific Theater (Windows - 2000),4.73,11
Microsoft Combat Flight Simulator: WWII Europe Series (Windows - 1998),4.50,20
"Midway Campaign (DOS, Apple II, C64, VIC-20 - 1983)",4.42,12
Midway: The Battle that Doomed Japan (DOS - 1989),5.00,3
Mig Alley (Windows - 1999),5.00,7
"MiG Alley Ace (Atari 8-bit, C64 - 1983)",4.00,1
"NAM (Apple II, Atari 8-bit, C64 - 1986)",4.00,2
Napoleon at Waterloo (C64 - 1984),3.33,3
"Napoleon I: The Campaigns 1805-1814 (Amiga, Atari ST - 1991)",4.00,2
"Napoleon in Russia: Borodino 1812 (DOS, C64 - 1988)",4.20,10
Napoleon vs. The Evil Monarchies: Austerlitz 1805 (DOS - 1989),2.89,9
Napoleon's Campaigns: 1813 & 1815 (Apple II - 1981),4.00,1
"NATO Commander (Apple II, Atari 8-bit, C64 - 1984)",4.71,7
"No Greater Glory: The American Civil War (DOS, Amiga, Mac - 1991)",4.05,18
"Nobunaga no Yabō: Haō Den (Genesis, SNES - 1994)",4.00,1
"Nobunaga's Ambition (DOS, Amiga, Mac, Game Boy, Genesis, NES, PC-88, SNES - 1988)",4.00,8
"Nobunaga's Ambition II (DOS, NES, PC-88 - 1989)",4.00,20
"Nobunaga's Ambition: Lord of Darkness (Genesis, NES, PC-88, SNES - 1991)",5.00,2
"North & South (DOS, Amiga, Amstrad CPC, Atari ST, C64, NES - 1990)",4.44,45
"North Atlantic Convoy Raider (Apple II, C64 - 1980)",3.67,3
Objective: Kursk (Apple II - 1984),0.00,0
"Operation Crusader (DOS, Mac - 1994)",4.64,11
"Operation Europe: Path to Victory 1939-45 (DOS, Genesis, NES, PC-88, SNES - 1994)",4.45,20
Operation Iceberg: The Battle for Okinawa (C64 - 1986),4.00,2
"Operation Market Garden: Drive on Arnhem, September 1944 (DOS, Atari 8-bit, C64 - 1985)",4.75,4
Out of the Sun (Mac - 1994),5.00,2
Over the Reich (Mac - 1996),4.67,6
Overlord (DOS - 1994),4.67,12
"P.T.O.: Pacific Theater of Operations (Genesis, PC-88, SNES - 1992)",4.50,4
P.T.O.: Pacific Theater of Operations II (SNES - 1995),5.00,1
"P47 Thunderbolt (DOS, Amiga, Amstrad CPC, Atari ST, C64 - 1990)",4.00,5
Pacific Strike (DOS - 1994),4.77,15
Pacific Strike: Speech Pack (DOS - 1994),4.29,7
Panthers in the Shadows (DOS - 1995),4.80,5
"Panzer Battles (DOS, Amiga, C64 - 1990)",4.40,5
"Panzer General (DOS, Windows, Mac - 1994)",4.44,78
Panzer General III: Scorched Earth (Windows - 2000),5.00,1
"Panzer Grenadier (Apple II, Atari 8-bit, C64 - 1985)",0.00,0
Panzer Strike! (C64 - 1987),0.00,0
Panzers East! (C64 - 1984),0.00,0
Paris in Danger (Atari 8-bit - 1983),5.00,2
Patriot (DOS - 1993),4.43,7
"Patton Strikes Back: The Battle of the Bulge (DOS, Mac - 1991)",4.75,16
"Patton vs. Rommel (DOS, C64 - 1987)",4.67,9
Pearl Harbour (DOS - 1988),5.00,1
Pearl Harbour (Amstrad CPC - 1985),5.00,1
"Pegasus Bridge (Amstrad CPC, C64 - 1987)",4.50,4
Perfect General II (DOS - 1994),4.10,21
"Powermonger: World War I Edition (Amiga, Atari ST - 1991)",5.00,5
"PT-109 (DOS, Mac - 1987)",4.59,12
Pursuit of the Graf Spee (Apple II - 1982),4.00,1
RAM! (DOS - 1985),3.00,2
Raszyn 1809 (Atari 8-bit - 1992),0.00,0
"RDF 1985 (Apple II, C64 - 1983)",5.00,1
"Reach for the Skies (Amiga, Atari ST - 1993)",4.20,5
Reach for the Sky (Commodore 16 - 1986),0.00,0
"Rebel Charge at Chickamauga (DOS, Amiga, Apple II, Atari 8-bit, C64 - 1987)",3.33,3
"Red Baron (DOS, Amiga, Mac - 1990)",4.83,46
"Revolution '76 (DOS, Apple IIgs - 1989)",3.91,11
Rise & Fall: Civilizations at War (Windows - 2006),4.41,37
Rise of the Phoenix (SNES - 1994),0.00,0
Road to Moscow (C64 - 1984),5.00,1
Robert E. Lee: Civil War General (Windows - 1996),4.33,9
"Romance of the Three Kingdoms (DOS, Amiga, NES, PC-88, PC-98 - 1989)",4.56,25
"Romance of the Three Kingdoms II (DOS, Amiga, Genesis, NES, PC-88, SNES - 1991)",4.28,35
"Romance of the Three Kingdoms III: Dragon of Destiny (DOS, Genesis, SNES - 1993)",4.61,36
"Romance of the Three Kingdoms IV: Wall of Fire (SEGA 32X, SNES - 1995)",3.00,2
Romance of the Three Kingdoms V (Genesis - 1997),2.00,1
"Rome: Pathway to Power (DOS, Amiga - 1993)",4.57,30
Rommel-II (DOS - 1990),3.50,2
Rommel: Battles for North Africa (C64 - 1988),5.00,1
"Rorke's Drift (DOS, Amiga - 1990)",3.84,12
Russia: The Great War in the East 1941-1945 (C64 - 1987),5.00,3
Russian Front II: The Kursk Campaign (DOS - 1990),3.00,2
Saigon: The Final Days (Atari 8-bit - 1981),0.00,0
"Sands of Fire (DOS, Mac - 1990)",3.50,2
Sangokushi II: Haō no Tairiku (NES - 1992),4.00,1
Sangokushi Retsuden: Ransei no Eiyūtachi (Genesis - 1991),0.00,0
"Second Front: Germany Turns East (DOS, Amiga - 1990)",4.09,11
Secret Weapons of the Luftwaffe (DOS - 1991),5.00,7
Secret Weapons of the Luftwaffe (CD-ROM) (DOS - 1992),4.33,29
Seven Cities of Gold: Commemorative Edition (DOS - 1993),4.50,32
"Shiloh: Grant's Trial in the West (DOS, Apple II, C64 - 1987)",4.50,2
Shingen the Ruler (NES - 1989),0.00,0
"Sid Meier's Colonization (DOS, Amiga, Mac - 1994)",4.57,479
Sid Meier's Gettysburg! (Windows - 1997),4.50,14
Silent Hunter (DOS - 1996),4.23,93
"Silent Service (DOS, Amiga, Amstrad CPC, Apple II, Apple IIgs, Atari 8-bit, Atari ST, C64, NES - 1985)",4.67,37
"Silent Service II (DOS, Amiga, Atari ST - 1990)",4.37,62
"Sons of Liberty (DOS, Apple II, C64 - 1988)",4.67,3
Southern Command (Apple II - 1981),5.00,3
"Spitfire '40 (Amstrad CPC, Atari 8-bit, C64 - 1986)",4.00,1
"Spitfire Ace (DOS, Atari 8-bit, C64 - 1984)",5.00,4
Steel Panthers (DOS - 1995),4.75,12
"Storm Across Europe (DOS, Amiga, C64 - 1990)",4.73,11
"Strike Fleet (DOS, Amiga, Apple II, Atari ST, C64 - 1988)",4.69,19
"Sub Battle Simulator (DOS, Amiga, Mac, Apple IIgs, Atari ST, C64 - 1987)",4.35,17
Taiheiki (Genesis - 1991),0.00,0
Task Force 1942 (DOS - 1992),4.64,37
"Team Yankee (DOS, Amiga, Atari ST - 1990)",4.21,14
Tenka Tōitsu (Genesis - 1991),0.00,0
"The Ancient Art of War (DOS, Amiga, Mac, Amstrad CPC, Apple II, PC-88 - 1984)",4.32,50
"The Ancient Art of War at Sea (DOS, Mac, Apple II - 1987)",4.55,22
"The Ancient Art of War in the Skies (DOS, Amiga, Atari ST - 1992)",4.38,13
The Battle of Chickamauga (Atari 8-bit - 1985),0.00,0
"The Battle of Shiloh (Apple II, Atari 8-bit - 1981)",0.00,0
"The Battle of the Bulge: Tigers in the Snow (DOS, Apple II, C64 - 1982)",3.80,5
The Bulge: Battle for Antwerp (C64 - 1985),4.33,3
"The Charge of The Light Brigade (DOS, Amiga, Atari ST - 1991)",5.00,4
The Civil War (DOS - 1987),4.00,5
The Civil War (DOS - 1995),4.50,4
"The Dam Busters (DOS, Amstrad CPC, Apple II, ColecoVision, C64 - 1985)",4.80,10
The Evil Crown (C64 - 1985),5.00,1
"The Great War: 1914 - 1918 (DOS, Amiga - 1993)",4.50,42
The Heroes of the 357th (DOS - 1992),4.57,7
"The Perfect General Scenario Disk: World War II Battle Set (DOS, Amiga - 1991)",5.00,4
The Perfect General: Greatest Battles of the 20th Century (DOS - 1992),4.57,7
The Pure Wargame (DOS - 1995),4.20,5
"The Seven Cities of Gold (Amiga, Apple II, Atari 8-bit, C64 - 1985)",4.75,8
The Universal Military Simulator: The American Civil War - Scenario Disk One (Atari ST - 1988),5.00,1
The Universal Military Simulator: Vietnam - Scenario Disk Two (Atari ST - 1988),5.00,1
"Their Finest Hour: The Battle of Britain (DOS, Amiga, Atari ST - 1989)",4.38,13
"Their Finest Missions: Volume One (DOS, Amiga, Atari ST - 1989)",5.00,4
"Third Reich (Amiga, Atari ST - 1992)",0.00,0
Three Mile Island (Apple II - 1979),4.60,5
"Thud Ridge: American Aces in 'Nam (DOS, C64 - 1988)",3.44,9
Timekeepers (Amiga - 1995),1.00,1
"Tobruk: The Clash of Armour (Amstrad CPC, C64 - 1987)",4.00,2
Torpedo Fire (Apple II - 1981),4.00,1
"Tsushima (Apple II, C64 - 1986)",4.00,1
"Typhoon of Steel (DOS, Amiga, C64 - 1991)",5.00,3
"U.S.A.A.F. - United States Army Air Force (Apple II, Atari 8-bit - 1985)",5.00,1
"UMS II: Nations at War (DOS, Amiga, Mac, Atari ST - 1991)",4.50,4
"UMS: The Universal Military Simulator (DOS, Amiga, Mac, Atari ST - 1987)",4.20,5
"Up Periscope! (DOS, C64 - 1988)",4.06,16
V for Victory: Battleset 1 - D-Day Utah Beach - 1944 (DOS - 1991),4.91,11
V for Victory: Gold-Juno-Sword (DOS - 1993),4.70,10
V for Victory: Market Garden (DOS - 1993),4.31,13
V for Victory: Velikiye Luki (DOS - 1992),4.50,8
"VC (DOS, Apple II, Atari 8-bit - 1983)",3.71,7
"Victoria: An Empire Under the Sun (Windows, Mac - 2003)",4.46,13
"Vulcan: The Tunisian Campaign (DOS, Amiga, Amstrad CPC, Atari ST - 1988)",5.00,7
Walls of Rome (DOS - 1993),4.80,5
"War in Russia (Apple II, Atari 8-bit - 1984)",0.00,0
"War in the Gulf (DOS, Amiga - 1993)",4.56,9
War in the South Pacific (C64 - 1986),5.00,3
"Wargame Construction Set (DOS, Atari 8-bit, Atari ST, C64 - 1988)",4.33,9
Wargame Construction Set II: TANKS! (DOS - 1994),4.33,16
Wargame Construction Set III: Age of Rifles 1846-1905 (DOS - 1996),4.50,26
"Warship (DOS, Apple II, Atari ST, C64 - 1988)",5.00,4
"Waterloo (DOS, Amiga - 1989)",4.40,10
Waterloo (ZX Spectrum - 1985),0.00,0
Western Front: The Liberation of Europe 1944-1945 (DOS - 1991),4.54,11
"White Death (DOS, Amiga - 1990)",3.60,5
Wings over Vietnam (Windows - 2004),0.00,0
"Wolfpack (DOS, Amiga, Mac, Atari ST - 1990)",4.80,20
World at War: Volume II - Stalingrad (DOS - 1995),4.22,9
World War I (ZX Spectrum - 1987),5.00,2
WW2 Air Force Commander (DOS - 1993),4.33,6
Zulu War (ZX Spectrum - 1987),4.50,2
