Title,Average Rating,Number of Ratings
"...A Personal Nightmare (DOS, Amiga, Atari ST - 1989)",3.90,29
3-D Ultra Pinball: Creep Night (Mac - 1996),4.43,7
3D Bat Attack (ZX Spectrum - 1984),0.00,0
5 Days a Stranger (Windows - 2003),4.00,5
"A Nightmare on Elm Street (DOS, C64 - 1989)",4.38,26
A Nightmare on Elm Street (NES - 1990),5.00,1
Alien Carnage (DOS - 1993),4.35,26
Aliens Versus Predator 2 (Windows - 2001),4.50,2
Aliens Versus Predator: Gold Edition (Mac - 2001),4.43,28
"Alien³ (Amiga, C64, Game Gear, Genesis - 1992)",4.50,2
Alien³ (Game Boy - 1993),5.00,1
Alien³ (SNES - 1993),3.00,1
"Alone in the Dark (DOS, PC-98 - 1993)",4.50,159
AMBER: Journeys Beyond (Mac - 1996),3.67,6
American McGee's Alice (Windows - 2000),4.71,115
"Arachnophobia (DOS, Amiga, Amstrad CPC, C64 - 1991)",4.63,16
Are You Afraid of the Dark? The Tale of Orpheo's Curse (DOS - 1994),4.16,39
Asylum II (C64 - 1985),3.50,2
Ballade for Maria (PC-98 - 1995),0.00,0
"Beast Busters (Amiga, Atari ST - 1991)",5.00,1
Beyond the Forbidden Forest (C64 - 1985),5.00,1
Blade (Game Boy Color - 2000),0.00,0
Blood (DOS - 1997),4.68,82
Blood II: The Chosen (Windows - 1998),4.60,80
Blood Omen: Legacy of Kain (Windows - 1997),4.26,27
"BloodNet (DOS, Amiga - 1993)",4.40,26
BloodRayne (Mac - 2003),4.42,24
Bogy Men (C64 - 1984),0.00,0
Bram Stoker's Dracula (DOS - 1993),4.65,23
Bram Stoker's Dracula (Amiga - 1994),5.00,2
"Bram Stoker's Dracula (Genesis, SNES - 1993)",0.00,0
"Bram Stoker's Dracula (Game Boy, Game Gear, NES - 1993)",0.00,0
Bride of Frankenstein (Amstrad CPC - 1987),0.00,0
"Brides of Dracula (Amiga, Atari ST - 1992)",4.00,2
Bureau 13 (DOS - 1995),4.60,10
Call of Cthulhu: Shadow of the Comet (DOS - 1994),4.73,25
Castle Dracula (C64 - 1985),0.00,0
Castle of Terror (C64 - 1985),0.00,0
"Castlevania (DOS, Amiga, C64, NES - 1990)",4.48,21
Castlevania Bloodlines (Genesis - 1994),0.00,0
Castlevania II: Belmont's Revenge (Game Boy - 1991),5.00,1
Castlevania II: Simon's Quest (NES - 1987),4.40,5
Castlevania III: Dracula's Curse (NES - 1989),5.00,3
Castlevania Legends (Game Boy - 1997),5.00,1
Castlevania: Dracula X (SNES - 1995),0.00,0
Castlevania: The Adventure (Game Boy - 1989),4.00,1
"Chiller (Amstrad CPC, C64 - 1986)",3.00,1
"Clive Barker's Nightbreed: The Action Game (DOS, Amiga, Amstrad CPC, Atari ST, C64 - 1990)",4.78,9
"Clive Barker's Nightbreed: The Interactive Movie (DOS, Amiga, Atari ST - 1990)",4.12,13
Clock Tower (SNES - 1995),0.00,0
Corpse Killer (Mac - 1994),5.00,2
Creepy Castle (Mac - 1991),0.00,0
"Crush, Crumble and Chomp! (Apple II, Atari 8-bit, C64, VIC-20 - 1981)",4.43,7
Cyberchase: Castleblanca Quest (Mac - 2003),5.00,4
"Dark Seed (DOS, Amiga - 1992)",4.33,45
"Dark Seed II (Windows 3.x, Mac - 1995)",3.74,23
Daughter of Serpents (DOS - 1992),3.91,11
Dave Goes Nutz (DOS - 1993),4.78,27
DEcapAttack (Genesis - 1991),0.00,0
"Demon's Tomb: The Awakening (DOS, Amiga - 1989)",5.00,4
Don't Go Alone (DOS - 1989),3.71,7
"Doom (DOS, SEGA 32X, SNES - 1993)",4.34,1534
Dr. Chaos (NES - 1987),0.00,0
Dr. Franken II (Game Boy - 1997),0.00,0
"Dracula (Amstrad CPC, C64 - 1986)",4.67,3
Dracula Hakushaku (PC-98 - 1992),5.00,4
Dracula in London (DOS - 1988),4.33,6
Dungeons of Kremlin (DOS - 1995),0.00,0
"Dylan Dog: Through the Looking Glass (DOS, Amiga - 1993)",4.80,5
Ecstatica II (DOS - 1997),4.33,3
"Elvira (DOS, Amiga, Atari ST, C64, PC-98 - 1990)",4.65,37
"Elvira II: The Jaws of Cerberus (DOS, Amiga, Atari ST, C64 - 1991)",4.19,31
"Elvira: The Arcade Game (DOS, Amiga, Atari ST, C64 - 1991)",4.22,14
Es no Hōteishiki (PC-98 - 1996),5.00,1
Escape from Hell (DOS - 1990),3.92,12
Final Soul (DOS - 1995),5.00,5
Fraction Action (C64 - 1984),0.00,0
Frank N Stein (Amstrad CPC - 1985),0.00,0
Frankenstein (C64 - 1992),0.00,0
"Frankenstein (Amiga, Atari ST - 1992)",0.00,0
"Frankenstein Adventure (DOS, C64 - 1992)",4.67,3
Frankenstein: The Monster Returns (NES - 1990),0.00,0
Frankenstein: Through the Eyes of the Monster (Mac - 1995),5.00,1
"Friday the 13th (Amstrad CPC, C64 - 1986)",4.83,6
Fright Night (Amiga - 1988),4.33,3
"Frightmare (DOS, C64 - 1989)",3.50,4
"Gabriel Knight: Sins of the Fathers (DOS, Mac - 1993)",4.50,70
Garage (Windows - 1999),4.67,15
Gargoyle's Quest II (NES - 1992),0.00,0
"Ghost Chaser (Atari 8-bit, C64 - 1984)",3.00,1
"Ghost Hunters (Amstrad CPC, C64 - 1987)",0.00,0
Ghost Master (Mac - 2003),4.67,6
Ghostbusters (Genesis - 1990),0.00,0
Ghostbusters II (Game Boy - 1990),0.00,0
Ghostbusters II (NES - 1990),0.00,0
Ghoul Patrol (SNES - 1994),0.00,0
Ghoul School (NES - 1992),0.00,0
"Ghouls 'N Ghosts (Amiga, Amstrad CPC, Atari ST, C64, Genesis - 1989)",4.57,7
Godzilla! (C64 - 1983),0.00,0
Goosebumps: Attack of the Mutant (Windows - 1997),3.00,2
Goosebumps: Escape from Horrorland (Windows - 1996),4.35,20
"Grave Yardage (DOS, C64 - 1989)",4.25,4
Gremlins 2: The New Batch (Game Boy - 1990),0.00,0
Holy Diver (NES - 1989),0.00,0
"Horror Zombies from The Crypt (DOS, Amiga, Atari ST - 1990)",3.86,7
House of Usher (C64 - 1984),4.00,1
Hugo's House of Horrors (DOS - 1990),4.41,52
I Spy Spooky Mansion (Mac - 1999),3.90,10
In Extremis (DOS - 1993),3.75,4
Inner Worlds (DOS - 1996),5.00,3
Invaders of the Lost Tomb (C64 - 1985),0.00,0
Isle of the Dead (DOS - 1993),3.60,20
Jack in the Dark (DOS - 1993),4.21,19
"Jack the Ripper (Amstrad CPC, C64 - 1987)",4.00,2
James Herbert's The Rats (C64 - 1985),3.50,2
Jaws (DOS - 1987),4.20,5
Jaws (NES - 1987),0.00,0
"Jonathan (DOS, Amiga - 1993)",4.00,4
Kai: Tsukikomori (SNES - 1996),0.00,0
Kamaitachi no Yoru (SNES - 1994),0.00,0
King of the Monsters 2 (Genesis - 1994),5.00,1
KISS: Psycho Circus - The Nightmare Child (Windows - 2000),4.00,2
Kizuato (PC-98 - 1996),0.00,0
"Laplace no Ma (PC-88, SNES - 1987)",0.00,0
Last Half of Darkness (DOS - 1989),3.80,10
Last Half of Darkness II (DOS - 1992),3.25,4
Last Half of Darkness III (DOS - 1993),3.34,6
"Lords of Doom (DOS, Amiga, Atari ST, C64 - 1990)",3.40,15
Mad Doctor (C64 - 1985),4.50,4
"Maxwell Manor (Apple II, Atari 8-bit, C64 - 1985)",5.00,1
Monster Bash (DOS - 1993),4.64,53
Monster Party (NES - 1989),0.00,0
Monster Smash (C64 - 1983),0.00,0
Monster Trivia (C64 - 1985),0.00,0
Musya: The Classic Japanese Tale of Horror (SNES - 1992),0.00,0
"Night Hunter (DOS, Amiga, Amstrad CPC - 1988)",4.88,8
Night Trap (Mac - 1995),5.00,3
Night Walk (Amiga - 1988),5.00,2
Nightmare Circus (Genesis - 1996),4.00,1
Nightmare Creatures (Windows - 1997),4.19,16
Nitemare-3D (DOS - 1994),4.75,4
Noctropolis (DOS - 1994),4.59,24
Nocturne (Windows - 1999),0.00,0
Nosferatu (SNES - 1994),4.00,1
"Nosferatu the Vampyre (Amstrad CPC, C64 - 1986)",4.00,2
Onryō Senki (PC-88 - 1988),0.00,0
"Ooze: Creepy Nites (DOS, Amiga, Atari ST - 1989)",4.60,5
Operation Logic Bomb (SNES - 1993),0.00,0
Pathways into Darkness (Mac - 1993),4.13,8
Phantom (Commodore 16 - 1987),0.00,0
"Phobia (Amiga, Atari ST, C64 - 1989)",2.50,2
Platinum (Amstrad CPC - 1990),0.00,0
"Prisoner of Ice (DOS, Mac - 1995)",4.05,39
Produce (PC-88 - 1987),4.00,1
Project Firestart (C64 - 1989),5.00,6
Psychic Detective (DOS - 1995),4.21,13
"Psycho (DOS, Amiga, Atari ST, C64 - 1988)",3.00,4
Psycho Killer (DOS - 1993),2.92,12
Resident Evil: Gaiden (Game Boy Color - 2001),5.00,1
Resident Evil: Survivor (Windows - 2002),5.00,4
Ripper! (C64 - 1984),4.00,1
Roberta Williams' Phantasmagoria (DOS - 1995),4.42,113
"Rusty (DOS, PC-98 - 1993)",4.57,7
"Scott Adams' Graphic Adventure #4: Voodoo Castle (Atari 8-bit, C64 - 1983)",3.50,2
Scott Adams' Graphic Adventure #5: The Count (Atari 8-bit - 1982),0.00,0
Seirei Gari (NES - 1989),0.00,0
Sex And Violence Vol 1 (C64 - 1988),3.43,7
Shadows in the Night (C64 - 1995),0.00,0
Shivers (DOS - 1995),4.51,45
Shivers (Mac - 1996),4.17,6
Silent Hill 2: Restless Dreams (Windows - 2002),4.50,2
Silent Hill 3 (Windows - 2003),5.00,1
Silverload (DOS - 1995),3.90,10
Skull (C64 - 1984),0.00,0
Skull Cracker (Mac - 1996),0.00,0
Splatterhouse 2 (Genesis - 1992),4.50,2
Splatterhouse 3 (Genesis - 1993),4.00,1
Substation (Atari ST - 1995),0.00,0
Super Castlevania IV (SNES - 1991),5.00,2
Super Ghouls 'N Ghosts (SNES - 1991),0.00,0
Swamp Thing (Game Boy - 1992),0.00,0
Swamp Thing (NES - 1992),0.00,0
Sweet Home (NES - 1989),4.00,1
System Shock (DOS - 1994),4.78,47
Testament (Amiga - 1997),3.75,4
The 11th Hour (DOS - 1995),4.30,20
"The 7th Guest (DOS, Mac - 1993)",3.89,70
The Abbey (DOS - 1993),0.00,0
The Adventures of Dr. Franken (SNES - 1993),0.00,0
"The Astonishing Adventures of Mr. Weems and the She Vampires (Amstrad CPC, C64 - 1987)",0.00,0
"The Count (Atari 8-bit, C64, VIC-20 - 1981)",0.00,0
The Dark Convergence II (DOS - 1994),3.50,2
The Dark Eye (Mac - 1995),4.75,8
The Evil Dead (C64 - 1984),3.67,3
"The Hound of Shadow (DOS, Amiga, Atari ST - 1989)",4.40,10
The House of the Dead (Windows - 1998),4.40,5
The House of the Dead 2 (Windows - 2001),3.43,7
The House of the Dead III (Windows - 2005),4.20,10
"The Institute (Apple II, Atari 8-bit, C64 - 1983)",0.00,0
The Legacy: Realm of Terror (DOS - 1993),4.47,15
"The Lurking Horror (DOS, Amiga, Mac, Amstrad CPC, Apple II, Atari 8-bit, C64 - 1987)",4.05,60
"The Mist (DOS, Mac - 1985)",3.83,6
The Movie Monster Game (C64 - 1986),5.00,3
The New Addams Family Series (Game Boy Color - 2002),0.00,0
The Phantom Slayer (Dragon 32/64 - 1983),0.00,0
The Residents: Freak Show (Mac - 1994),3.00,2
The Thing (Windows - 2002),4.50,2
The Typing of the Dead (Windows - 2000),4.11,9
The Ultimate DOOM (DOS - 1995),4.57,499
The Westbury Mystery (C64 - 1993),0.00,0
Toxic Crusaders (NES - 1992),0.00,0
"Transylvania (DOS, Amiga, Mac, Apple II, Atari 8-bit, Atari ST, C64 - 1986)",4.23,13
Troubled Souls (Mac - 1994),5.00,1
"Uninvited (DOS, Amiga, Mac, Apple IIgs, Atari ST, C64, NES - 1988)",3.92,12
"Vampire Killer (Amstrad CPC, ZX Spectrum - 1984)",0.00,0
Vampire's Castle Adventure (DOS - 1984),3.40,5
"Vampire's Empire (Amiga, Atari ST, C64, ZX Spectrum - 1988)",2.00,2
Vampire: Master of Darkness (Game Gear - 1992),5.00,1
Veil of Darkness (DOS - 1993),4.39,38
"Warlock (Genesis, SNES - 1994)",0.00,0
"Waxworks (DOS, Amiga - 1992)",4.33,37
"Werewolf Simulator (Amstrad CPC, C64, ZX Spectrum - 1988)",0.00,0
Werewolf: The Last Warrior (NES - 1990),3.00,2
Wings of Wor (Genesis - 1991),0.00,0
"Wolfman (Amstrad CPC, C64, ZX Spectrum - 1988)",0.00,0
Wolfsbane (DOS - 1995),3.75,8
"Xenomorph (DOS, Amiga, Atari ST, C64 - 1990)",4.30,10
Zeddas: Servant of Sheol (Mac - 1996),0.00,0
"Zombie Apocalypse (Amiga, Atari ST - 1992)",1.00,1
Zombie Apocalypse II (Amiga - 1994),1.00,3
Zombie Nation (NES - 1990),0.00,0
"Zombies (Atari 8-bit, C64, ZX Spectrum - 1983)",4.00,1
"Zombies Ate My Neighbors (Genesis, SNES - 1993)",5.00,2
