Title,Average Rating,Number of Ratings
Super Cobra (Intellivision - 1983),4.67,3
Star Strike (Intellivision - 1981),5.00,1
Super Pro Decathlon (Intellivision - 1988),0.00,0
Pole Position (Intellivision - 1988),4.56,25
Vectron (Intellivision - 1983),0.00,0
Reversi (Intellivision - 1981),0.00,0
Night Stalker (Intellivision - 1982),5.00,1
The Dreadnaught Factor (Intellivision - 1983),1.00,1
Demon Attack (Intellivision - 1982),5.00,2
US Ski Team Skiing (Intellivision - 1980),5.00,2
Sea Battle (Intellivision - 1980),5.00,1
Tropical Trouble (Intellivision - 1983),4.00,1
TRON: Deadly Discs (Intellivision - 1982),5.00,2
PGA Golf (Intellivision - 1980),0.00,0
Dragonfire (Intellivision - 1983),3.33,3
Blockade Runner (Intellivision - 1983),5.00,1
Boxing (Intellivision - 1980),5.00,1
Shark! Shark! (Intellivision - 1983),0.00,0
Tutankham (Intellivision - 1983),4.50,4
Slap Shot: Super Pro Hockey (Intellivision - 1987),5.00,1
Mountain Madness: Super Pro Skiing (Intellivision - 1988),0.00,0
Centipede (Intellivision - 1983),4.71,7
Astrosmash (Intellivision - 1981),3.00,5
NBA Basketball (Intellivision - 1980),0.00,0
Advanced Dungeons & Dragons: Treasure of Tarmin Cartridge (Intellivision - 1983),4.00,4
Happy Trails (Intellivision - 1983),0.00,0
USCF Chess (Intellivision - 1983),0.00,0
Major League Baseball (Intellivision - 1980),4.00,1
Lock 'n' Chase (Intellivision - 1982),0.00,0
Space Armada (Intellivision - 1981),5.00,1
Sharp Shot (Intellivision - 1983),5.00,1
Turbo (Intellivision - 1983),5.00,1
Buzz Bombers (Intellivision - 1983),5.00,1
Sewer Sam (Intellivision - 1983),0.00,0
Body Slam: Super Pro Wrestling (Intellivision - 1988),0.00,0
Ice Trek (Intellivision - 1983),0.00,0
Checkers (Intellivision - 1980),5.00,1
Fathom (Intellivision - 1983),0.00,0
BurgerTime (Intellivision - 1983),4.36,31
Kool-Aid Man (Intellivision - 1983),0.00,0
Las Vegas Poker & Blackjack (Intellivision - 1979),4.33,3
Tennis (Intellivision - 1980),3.00,1
Frogger (Intellivision - 1983),4.13,40
TRON: Maze-A-Tron (Intellivision - 1982),5.00,2
Worm Whomper (Intellivision - 1983),0.00,0
Pinball (Intellivision - 1983),5.00,1
Popeye (Intellivision - 1983),5.00,6
River Raid (Intellivision - 1983),5.00,14
Venture (Intellivision - 1983),3.75,4
Swords & Serpents (Intellivision - 1983),4.00,1
Diner (Intellivision - 1987),0.00,0
Motocross (Intellivision - 1983),5.00,1
Space Hawk (Intellivision - 1981),5.00,1
Bomb Squad (Intellivision - 1982),5.00,1
Frog Bog (Intellivision - 1982),5.00,1
NFL Football (Intellivision - 1979),5.00,1
Carnival (Intellivision - 1982),3.33,3
Bump 'N' Jump (Intellivision - 1983),3.67,3
Sub Hunt (Intellivision - 1981),0.00,0
Mouse Trap (Intellivision - 1983),5.00,1
World Series Major League Baseball (Intellivision - 1983),0.00,0
Dig Dug (Intellivision - 1987),4.45,69
Donkey Kong (Intellivision - 1982),4.39,146
ABPA Backgammon (Intellivision - 1979),5.00,1
Thin Ice (Intellivision - 1986),0.00,0
PBA Bowling (Intellivision - 1980),5.00,1
NHL Hockey (Intellivision - 1979),5.00,1
Lady Bug (Intellivision - 1983),4.19,16
Loco-Motion (Intellivision - 1983),0.00,0
Zaxxon (Intellivision - 1983),4.58,36
TRON: Solar Sailer (Intellivision - 1983),0.00,0
Super Pro Football (Intellivision - 1986),0.00,0
Star Wars: The Empire Strikes Back (Intellivision - 1983),4.00,1
Hover Force (Intellivision - 1986),0.00,0
Pac-Man (Intellivision - 1983),4.48,86
Commando (Intellivision - 1987),4.44,25
Armor Battle (Intellivision - 1979),4.00,2
Stampede (Intellivision - 1982),0.00,0
Defender (Intellivision - 1983),4.19,16
Mission X (Intellivision - 1983),5.00,1
Auto Racing (Intellivision - 1979),4.33,3
Tower of Doom (Intellivision - 1987),5.00,1
Triple Action (Intellivision - 1981),3.50,2
Masters of the Universe: The Power of He-Man (Intellivision - 1983),5.00,2
Nova Blast (Intellivision - 1983),0.00,0
Space Spartans (Intellivision - 1982),5.00,1
Pitfall! (Intellivision - 1982),4.48,21
B-17 Bomber (Intellivision - 1982),5.00,2
Slam Dunk Super Pro Basketball (Intellivision - 1987),0.00,0
Advanced Dungeons & Dragons Cartridge (Intellivision - 1982),4.43,7
Truckin' (Intellivision - 1983),0.00,0
Space Battle (Intellivision - 1979),5.00,3
Spiker! Super Pro Volleyball (Intellivision - 1988),0.00,0
White Water! (Intellivision - 1983),0.00,0
Microsurgeon (Intellivision - 1982),4.00,1
Scooby Doo's Maze Chase (Intellivision - 1983),1.00,1
Chip Shot: Super Pro Golf (Intellivision - 1987),5.00,1
Royal Dealer (Intellivision - 1982),0.00,0
NASL Soccer (Intellivision - 1980),0.00,0
Atlantis (Intellivision - 1982),3.50,2
Beauty and the Beast (Intellivision - 1982),5.00,1
Horse Racing (Intellivision - 1980),0.00,0
Dracula (Intellivision - 1983),5.00,1
Congo Bongo (Intellivision - 1983),4.21,14
Utopia (Intellivision - 1981),5.00,2
Beamrider (Intellivision - 1983),5.00,1
Thunder Castle (Intellivision - 1984),0.00,0
Las Vegas Roulette (Intellivision - 1979),0.00,0
Snafu (Intellivision - 1981),5.00,2
