Title,Average Rating,Number of Ratings
PGA Golf (Intellivision - 1980),0.00,0
Mouse Trap (Intellivision - 1983),5.00,1
Pac-Man (Intellivision - 1983),4.51,78
Space Battle (Intellivision - 1979),0.00,0
US Ski Team Skiing (Intellivision - 1980),5.00,1
Congo Bongo (Intellivision - 1983),4.21,14
Checkers (Intellivision - 1980),5.00,1
Snafu (Intellivision - 1981),5.00,1
Zaxxon (Intellivision - 1983),4.56,34
The Dreadnaught Factor (Intellivision - 1983),0.00,0
Truckin' (Intellivision - 1983),0.00,0
Chip Shot: Super Pro Golf (Intellivision - 1987),0.00,0
Advanced Dungeons & Dragons Cartridge (Intellivision - 1982),4.33,3
Nova Blast (Intellivision - 1983),0.00,0
TRON: Deadly Discs (Intellivision - 1982),5.00,1
TRON: Solar Sailer (Intellivision - 1983),0.00,0
Las Vegas Roulette (Intellivision - 1979),0.00,0
Tennis (Intellivision - 1980),0.00,0
Auto Racing (Intellivision - 1979),0.00,0
Blockade Runner (Intellivision - 1983),5.00,1
Beamrider (Intellivision - 1983),5.00,1
NHL Hockey (Intellivision - 1979),0.00,0
Super Pro Football (Intellivision - 1986),0.00,0
Utopia (Intellivision - 1981),5.00,2
Tutankham (Intellivision - 1983),5.00,2
White Water! (Intellivision - 1983),0.00,0
Dragonfire (Intellivision - 1983),3.33,3
Triple Action (Intellivision - 1981),0.00,0
Slap Shot: Super Pro Hockey (Intellivision - 1987),0.00,0
ABPA Backgammon (Intellivision - 1979),5.00,1
Astrosmash (Intellivision - 1981),3.00,2
Popeye (Intellivision - 1983),5.00,6
Tower of Doom (Intellivision - 1987),0.00,0
Kool-Aid Man (Intellivision - 1983),0.00,0
Space Spartans (Intellivision - 1982),0.00,0
Super Pro Decathlon (Intellivision - 1988),0.00,0
Armor Battle (Intellivision - 1979),4.00,2
Hover Force (Intellivision - 1986),0.00,0
Royal Dealer (Intellivision - 1982),0.00,0
Demon Attack (Intellivision - 1982),5.00,2
Bomb Squad (Intellivision - 1982),0.00,0
PBA Bowling (Intellivision - 1980),0.00,0
NFL Football (Intellivision - 1979),5.00,1
Night Stalker (Intellivision - 1982),0.00,0
Space Armada (Intellivision - 1981),0.00,0
Masters of the Universe: The Power of He-Man (Intellivision - 1983),5.00,1
Diner (Intellivision - 1987),0.00,0
Space Hawk (Intellivision - 1981),0.00,0
World Series Major League Baseball (Intellivision - 1983),0.00,0
Star Wars: The Empire Strikes Back (Intellivision - 1983),0.00,0
Sub Hunt (Intellivision - 1981),0.00,0
Bump 'N' Jump (Intellivision - 1983),3.67,3
Major League Baseball (Intellivision - 1980),4.00,1
TRON: Maze-A-Tron (Intellivision - 1982),0.00,0
Spiker! Super Pro Volleyball (Intellivision - 1988),0.00,0
Advanced Dungeons & Dragons: Treasure of Tarmin Cartridge (Intellivision - 1983),3.00,2
Mountain Madness: Super Pro Skiing (Intellivision - 1988),0.00,0
Thunder Castle (Intellivision - 1984),0.00,0
Sea Battle (Intellivision - 1980),0.00,0
Vectron (Intellivision - 1983),0.00,0
NASL Soccer (Intellivision - 1980),0.00,0
Reversi (Intellivision - 1981),0.00,0
Body Slam: Super Pro Wrestling (Intellivision - 1988),0.00,0
Defender (Intellivision - 1983),4.19,16
Loco-Motion (Intellivision - 1983),0.00,0
Slam Dunk Super Pro Basketball (Intellivision - 1987),0.00,0
Commando (Intellivision - 1987),4.41,22
Dracula (Intellivision - 1983),0.00,0
Pinball (Intellivision - 1983),0.00,0
Motocross (Intellivision - 1983),0.00,0
Scooby Doo's Maze Chase (Intellivision - 1983),1.00,1
Frogger (Intellivision - 1983),4.16,32
Ice Trek (Intellivision - 1983),0.00,0
Boxing (Intellivision - 1980),0.00,0
Swords & Serpents (Intellivision - 1983),0.00,0
BurgerTime (Intellivision - 1983),4.35,29
River Raid (Intellivision - 1983),5.00,12
Sharp Shot (Intellivision - 1983),0.00,0
Carnival (Intellivision - 1982),3.33,3
Las Vegas Poker & Blackjack (Intellivision - 1979),4.00,1
Tropical Trouble (Intellivision - 1983),4.00,1
USCF Chess (Intellivision - 1983),0.00,0
Atlantis (Intellivision - 1982),5.00,1
NBA Basketball (Intellivision - 1980),0.00,0
Pole Position (Intellivision - 1988),4.52,23
Happy Trails (Intellivision - 1983),0.00,0
Horse Racing (Intellivision - 1980),0.00,0
Lady Bug (Intellivision - 1983),4.19,16
Venture (Intellivision - 1983),3.75,4
Dig Dug (Intellivision - 1987),4.43,67
B-17 Bomber (Intellivision - 1982),0.00,0
Centipede (Intellivision - 1983),5.00,6
Turbo (Intellivision - 1983),5.00,1
Shark! Shark! (Intellivision - 1983),0.00,0
Mission X (Intellivision - 1983),5.00,1
Star Strike (Intellivision - 1981),0.00,0
Pitfall! (Intellivision - 1982),4.45,20
Microsurgeon (Intellivision - 1982),0.00,0
Thin Ice (Intellivision - 1986),0.00,0
Stampede (Intellivision - 1982),0.00,0
Beauty and the Beast (Intellivision - 1982),0.00,0
Frog Bog (Intellivision - 1982),0.00,0
Sewer Sam (Intellivision - 1983),0.00,0
Buzz Bombers (Intellivision - 1983),0.00,0
Super Cobra (Intellivision - 1983),4.67,3
Worm Whomper (Intellivision - 1983),0.00,0
Fathom (Intellivision - 1983),0.00,0
Lock 'n' Chase (Intellivision - 1982),0.00,0
