Title,Average Rating,Number of Ratings
Kingpin: Life of Crime (Linux - 1999),4.60,5
Heavy Gear II (Linux - 2000),4.71,28
Northland (Linux - 2006),4.50,2
Those Funny Funguloids! (Linux - 2007),5.00,1
Deathmatch Classic (Linux - 2013),4.20,5
Uplink: Hacker Elite (Linux - 2003),4.83,6
DROD: Journey to Rooted Hold (Linux - 2005),5.00,1
Postal Plus (Linux - 2001),5.00,1
The Battle for Wesnoth (Linux - 2005),5.00,4
Myth II: Soulblighter (Linux - 1999),4.59,97
Epic Pinball: The Complete Collection (Linux - 2017),4.50,6
MindRover: The Europa Project (Linux - 2001),0.00,0
Half-Life: Blue Shift (Linux - 2013),2.90,10
Descent³ (Linux - 2000),4.00,2
Darwinia (Linux - 2005),5.00,1
LinCity-NG (Linux - 2009),4.63,8
Quake 4 (Linux - 2005),4.10,20
Quake III: Arena (Linux - 1999),4.66,70
Half-Life: Opposing Force (Linux - 2013),3.80,5
Heroes of Might and Magic III: The Restoration of Erathia (Linux - 1999),4.64,11
Savage 2: A Tortured Soul (Linux - 2008),4.57,21
SimCity 3000 Unlimited (Linux - 2000),4.86,14
Cube (Linux - 2002),3.50,2
Tribes 2 (Linux - 2001),4.57,14
Airline Tycoon Deluxe (Linux - 2006),5.00,4
Virtual Jay Peak (Linux - 2002),3.00,7
Ardentryst (Linux - 2009),4.00,2
X³: Reunion (Linux - 2008),5.00,1
Lugaru (Linux - 2005),5.00,1
DOOM³ (Linux - 2004),4.61,28
Sacred: Gold (Linux - 2009),4.50,4
Ankh (Special Edition) (Linux - 2006),0.00,0
Planescape: Torment (Linux - 2014),4.33,6
Ascii Sector (Linux - 2008),5.00,4
Rune (Linux - 2001),4.67,18
Half-Life: Source (Linux - 2013),5.00,3
Thunder&Lightning (Linux - 2007),4.00,14
SiN (Linux - 2000),5.00,5
Mania Drive (Linux - 2006),3.44,9
Clonk Rage (Linux - 2007),4.60,5
System Shock 2 (Linux - 2014),4.50,12
4st Attack (Linux - 2002),2.67,3
Gish (Linux - 2004),4.75,4
Cold War (Linux - 2006),4.50,2
Medal of Honor: Allied Assault (Linux - 2004),4.73,26
DungeonHack (Linux - 2009),4.20,5
Jagged Alliance 2 (Linux - 2000),4.60,5
Gate 88 (Linux - 2004),5.00,1
Alive! Jigsaw (Linux - 2003),0.00,0
Half-Life (Linux - 2013),4.60,30
Ricochet (Linux - 2013),5.00,1
Sid Meier's Alpha Centauri: Planetary Pack (Linux - 2001),0.00,0
X²: The Threat (Linux - 2006),5.00,2
OldSkoolGravityGame (Linux - 2009),3.00,1
Majesty: The Fantasy Kingdom Sim - Gold Edition (Linux - 2003),2.00,2
Railroad Tycoon II (Linux - 1999),5.00,9
Heavy Metal: F.A.K.K. 2 (Linux - 2001),4.84,64
Robin Hood: The Legend of Sherwood (Linux - 2004),4.43,7
EVE Online (Linux - 2007),5.00,2
Kohan: Immortal Sovereigns (Linux - 2001),4.60,5
Soldier of Fortune (Linux - 2000),4.36,59
