Title,Average Rating,Number of Ratings
4st Attack (Linux - 2002),0.00,0
Ardentryst (Linux - 2009),0.00,0
Clonk Rage (Linux - 2007),5.00,1
Descent³ (Linux - 1999),0.00,0
DungeonHack (Linux - 2009),0.00,0
Gate 88 (Linux - 2004),5.00,1
Heroes of Might and Magic III: The Restoration of Erathia (Linux - 1999),0.00,0
Kohan: Immortal Sovereigns (Linux - 2001),0.00,0
LinCity-NG (Linux - 2009),4.50,4
Majesty: The Fantasy Kingdom Sim - Gold Edition (Linux - 2003),0.00,0
Mania Drive (Linux - 2006),3.00,3
OldSkoolGravityGame (Linux - 2009),0.00,0
Rune (Linux - 2001),4.44,9
Savage 2: A Tortured Soul (Linux - 2008),3.67,6
Sid Meier's Alpha Centauri (Linux - 2001),0.00,0
SiN (Linux - 2000),0.00,0
Those Funny Funguloids! (Linux - 2007),0.00,0
Thunder&Lightning (Linux - 2007),3.67,3
Tribes 2 (Linux - 2001),0.00,0
Virtual Jay Peak (Linux - 2002),1.00,2
