Title,Average Rating,Number of Ratings
Airline Tycoon Deluxe (Linux - 2006),5.00,4
Postal Plus (Linux - 2001),5.00,1
Lugaru (Linux - 2005),0.00,0
Quake III: Arena (Linux - 1999),4.67,68
Half-Life (Linux - 2013),4.59,17
Mania Drive (Linux - 2006),3.50,8
Quake 4 (Linux - 2005),4.54,13
SimCity 3000 Unlimited (Linux - 2000),4.85,13
SiN (Linux - 2000),5.00,4
The Battle for Wesnoth (Linux - 2005),5.00,3
Robin Hood: The Legend of Sherwood (Linux - 2004),4.33,6
Clonk Rage (Linux - 2007),4.60,5
Epic Pinball: The Complete Collection (Linux - 2017),4.40,5
Heroes of Might and Magic III: The Restoration of Erathia (Linux - 1999),4.70,10
LinCity-NG (Linux - 2009),4.63,8
Ankh (Special Edition) (Linux - 2006),0.00,0
OldSkoolGravityGame (Linux - 2009),3.00,1
Sid Meier's Alpha Centauri: Planetary Pack (Linux - 2001),0.00,0
Half-Life: Opposing Force (Linux - 2013),3.00,3
Kohan: Immortal Sovereigns (Linux - 2001),4.33,3
Northland (Linux - 2006),4.50,2
Heavy Gear II (Linux - 2000),4.71,28
DOOM³ (Linux - 2004),4.54,24
DungeonHack (Linux - 2009),4.00,4
Rune (Linux - 2001),4.67,18
System Shock 2 (Linux - 2014),4.44,9
Half-Life: Source (Linux - 2013),5.00,2
Thunder&Lightning (Linux - 2007),3.92,13
Ardentryst (Linux - 2009),5.00,1
Tribes 2 (Linux - 2001),4.55,11
Sacred: Gold (Linux - 2009),4.33,3
Savage 2: A Tortured Soul (Linux - 2008),4.55,20
Those Funny Funguloids! (Linux - 2007),5.00,1
Planescape: Torment (Linux - 2014),4.33,6
Kingpin: Life of Crime (Linux - 1999),5.00,2
4st Attack (Linux - 2002),2.00,2
Deathmatch Classic (Linux - 2013),4.20,5
Half-Life: Blue Shift (Linux - 2013),2.78,9
X²: The Threat (Linux - 2006),5.00,1
Heavy Metal: F.A.K.K. 2 (Linux - 2001),4.87,56
Uplink: Hacker Elite (Linux - 2003),4.83,6
Virtual Jay Peak (Linux - 2002),2.67,6
Jagged Alliance 2 (Linux - 2000),4.75,4
Darwinia (Linux - 2005),5.00,1
Descent³ (Linux - 2000),4.00,2
Gish (Linux - 2004),5.00,1
Soldier of Fortune (Linux - 2000),4.34,58
Cold War (Linux - 2006),4.50,2
Majesty: The Fantasy Kingdom Sim - Gold Edition (Linux - 2003),2.00,2
Ricochet (Linux - 2013),5.00,1
Medal of Honor: Allied Assault (Linux - 2004),4.81,16
Gate 88 (Linux - 2004),5.00,1
Myth II: Soulblighter (Linux - 1999),4.60,90
DROD: Journey to Rooted Hold (Linux - 2005),5.00,1
Railroad Tycoon II (Linux - 1999),5.00,5
EVE Online (Linux - 2007),5.00,1
X³: Reunion (Linux - 2008),0.00,0
Alive! Jigsaw (Linux - 2003),0.00,0
Ascii Sector (Linux - 2008),5.00,2
