Title,Average Rating,Number of Ratings
Rugrats Adventure Game (Mac - 1998),5.00,4
Wrath of the Gods (Mac - 1994),4.60,15
Sargon V: World Class Chess (Mac - 1994),4.30,20
IndyCar Racing II (Mac - 1996),4.76,98
Egypt 1156 B.C.: Tomb of the Pharaoh (Mac - 1997),5.00,1
Tesserae (Mac - 1990),3.67,3
Half-Life: Source (Mac - 2013),5.00,3
X³: Reunion (Mac - 2007),5.00,1
Spectre VR (Mac - 1993),4.50,14
Pro Pinball: The Web (Mac - 1996),5.00,2
Quake III: Arena (Mac - 1999),4.66,70
Snood (Mac - 1996),4.43,7
Heroes of Might and Magic (Mac - 1996),4.46,121
Arc of Doom (Mac - 1994),5.00,1
Alien Conspiracy (Mac - 1998),5.00,1
Border Zone (Mac - 1987),4.75,8
Xyphus (Mac - 1985),5.00,3
Locus (Mac - 1995),4.29,7
Juilliard Music Adventure (Mac - 1995),3.75,4
Moving Puzzle: Jungle World (Mac - 1998),4.00,2
Jagged Alliance 2: Unfinished Business (Mac - 2013),3.75,4
Sam & Max: Hit the Road (Mac - 1996),3.86,14
TRON 2.0 (Mac - 2004),4.82,17
Hoyle Classic Games (Mac - 1996),3.20,5
Afterlife (Mac - 1996),4.00,15
Argo Adventure (Mac - 1998),0.00,0
Out of the Sun (Mac - 1994),5.00,3
Geneforge 3 (Mac - 2005),0.00,0
Treasure Quest (Mac - 1996),5.00,1
Mystery Case Files: Huntsville (Mac - 2006),4.50,4
Wing Commander IV: The Price of Freedom (Mac - 1996),5.00,2
Star Trek: 25th Anniversary (Mac - 1993),4.55,59
Maniac Sports (Mac - 1994),5.00,1
Master of Orion 3 (Mac - 2003),4.75,4
Otto Matic (Mac - 2001),4.10,10
Safecracker (Mac - 1997),4.90,10
Orbiter (Mac - 1988),4.75,4
Cold War (Mac - 2006),4.50,2
SPQR: The Empire's Darkest Hour (Mac - 1997),4.43,7
Diamonds 3D (Mac - 1995),0.00,0
Freddi Fish and Luther's Maze Madness (Mac - 1996),4.64,14
Shattered Steel (Mac - 1997),5.00,4
The Last Express (Mac - 1997),3.40,5
The Legend of the Prophet & the Assassin (Mac - 2001),0.00,0
"King's Quest VI: Heir Today, Gone Tomorrow (Mac - 1993)",4.36,90
FarmersMahJongg (Mac - 2001),0.00,0
Vette! (Mac - 1991),4.32,25
"Spy Fox: ""Operation Ozone"" (Mac - 2001)",4.63,8
Leather Goddesses Of Phobos (Mac - 1986),4.23,31
Roberta Williams' King's Quest VII: The Princeless Bride (Mac - 1994),4.14,99
HardBall! (Mac - 1986),3.33,9
Marathon Trilogy Box Set (Mac - 1997),4.50,2
Prince of Persia 2: The Shadow & The Flame (Mac - 1994),4.52,456
The Colony (Mac - 1988),4.46,13
Outpost (Mac - 1994),4.56,24
The Nicktoons Memory Challenge (Mac - 1996),0.00,0
Castle of Dr. Brain (Mac - 1992),4.79,33
Sherlock Holmes: Consulting Detective (Mac - 1992),4.32,22
Red Faction (Mac - 2001),4.70,10
Thinkin' Things Collection 2 (Mac - 1995),4.65,20
Labyrinth of Crete (Mac - 1996),3.67,3
Infidel (Mac - 1984),4.78,9
Blue's Clues Kindergarten (Mac - 2002),0.00,0
Avernum IV (Mac - 2005),1.00,2
El-Fish (Mac - 1993),4.30,23
Robinson Crusoe (Mac - 2001),4.33,3
Star Wars: Episode I - The Gungan Frontier (Mac - 1999),4.04,25
Arkanoid (Mac - 1988),4.48,46
Crayola Make a Masterpiece (Mac - 1998),0.00,0
Hidden Agenda (Mac - 1988),4.47,41
The Residents' Bad Day on the Midway (Mac - 1995),5.00,5
Where in the World Is Carmen Sandiego?: Junior Detective Edition (Mac - 1994),4.08,12
Dark Vengeance (Mac - 1998),4.58,12
Mad Dog McCree (Mac - 1994),4.47,68
Caesar (Mac - 1993),4.27,22
Quest for Glory V: Dragon Fire (Mac - 1998),4.33,15
Fusillade (Mac - 1985),0.00,0
Rave Shuttle: The Cosmic Challenge (Mac - 1997),0.00,0
Super Solvers: Spellbound! (Mac - 1999),4.82,38
Microsoft Flight Simulator (Mac - 1986),3.50,4
Stellar 7 (Mac - 1993),4.80,30
Kid Pix Studio Deluxe (Mac - 1998),4.56,84
Crime Patrol (Mac - 1994),4.71,17
Max and the Magician (Mac - 2001),4.00,3
Moonbase (Mac - 1991),4.47,19
Connections (Mac - 1995),4.83,6
No One Lives Forever 2: A Spy in H.A.R.M.'s Way (Mac - 2003),4.65,150
Spaceship Warlock (Mac - 1991),4.29,7
Starcross (Mac - 1984),4.00,16
Half-Life: Opposing Force (Mac - 2013),3.80,5
Star Wars (Mac - 1988),4.50,38
Wayne Gretzky Hockey (Mac - 1990),4.25,8
Color Dark Castle (Mac - 1994),5.00,1
Arthur's Birthday (Mac - 1994),4.33,21
Crosscountry USA (Home Edition) (Mac - 1995),4.79,14
Bugdom (Mac - 1999),4.17,52
JumpStart Animal Adventures (Mac - 2002),3.94,6
Scholastic's The Magic School Bus Explores the Human Body (Mac - 1994),4.64,33
Redneck Rampage (Mac - 1999),4.10,20
Air Warrior (Mac - 1990),4.25,16
Vampire: The Masquerade - Redemption (Mac - 2001),4.80,10
Postal² (Mac - 2004),4.36,11
Call of Duty: United Offensive (Mac - 2004),4.24,25
Pyst (Mac - 1997),3.40,10
Star Trek: Starship Creator (Mac - 1998),4.70,10
The Incredible Toon Machine (Mac - 1994),4.78,9
Aquaman: War of the Water Worlds (Mac - 1996),2.50,2
Maze Wars+ (Mac - 1986),5.00,4
Falcon (Mac - 1987),4.24,17
Quake III: Team Arena (Mac - 2000),4.91,11
Masters of the Elements (Mac - 1999),4.40,10
Under a Killing Moon (Mac - 1995),4.40,5
You Don't Know Jack: Volume 3 (Mac - 1997),5.00,1
Driver (Mac - 2000),4.43,90
Warrior Kings (Mac - 2003),5.00,5
NFL Pro League Football (Mac - 1990),5.00,3
Quest for Glory I: So You Want To Be A Hero (Mac - 1994),4.52,74
In the 1st Degree (Mac - 1996),5.00,6
Damage Incorporated (Mac - 1997),4.62,13
Kid Pix Studio (Mac - 1995),3.00,2
Neverwinter Nights (Mac - 2003),4.25,8
Qin: Tomb of the Middle Kingdom (Mac - 1996),4.67,3
Railroad Tycoon 3 (Mac - 2004),5.00,4
Breach (Mac - 1987),4.44,9
StuntCopter (Mac - 1986),5.00,1
The Feeble Files (Mac - 2003),4.75,4
Where's Waldo? The Fantastic Journey (Mac - 2009),0.00,0
Wizardry: Proving Grounds of the Mad Overlord (Mac - 1985),4.30,64
Backstreet Boys: Puzzles in Motion (Mac - 1999),3.50,4
Space Rogue (Mac - 1989),4.62,16
Tom Clancy's Ghost Recon (Mac - 2002),4.90,10
Medal of Honor: Allied Assault - Breakthrough (Mac - 2004),4.80,5
The Shadows of Mordor (Mac - 1988),4.40,15
The Simpsons Cartoon Studio (Mac - 1996),4.49,37
Oddballz: Your Wacky Computer Petz (Mac - 1996),4.00,10
Star Trek: The Next Generation - Klingon Honor Guard (Mac - 1999),4.89,9
Super Hang-On (Mac - 1989),4.80,20
Risk! (Mac - 1986),3.75,4
Star Wars: Knights of the Old Republic (Mac - 2004),4.25,8
AmoebArena (Mac - 1995),0.00,0
Legions (Mac - 1994),4.86,7
Prisoner of Ice (Mac - 1995),4.05,39
Amazon Trail: 3rd Edition (Mac - 1998),4.26,66
1893: A World's Fair Mystery (Mac - 2003),4.88,8
Beyond Atlantis (Mac - 2001),4.00,3
Alone in the Dark 3 (Mac - 1996),4.61,62
Lemmings & Oh No! More Lemmings (Mac - 1993),4.37,23
Odell Down Under (Mac - 1994),4.41,49
SimCity 4: Deluxe Edition (Mac - 2005),4.33,12
Terrace (Mac - 1995),5.00,1
Fire-Brigade: The Battle for Kiev - 1943 (Mac - 1989),4.62,13
Total Immersion Racing (Mac - 2003),4.61,33
Star Wars: Episode I - Racer (Mac - 2000),4.37,90
Silver (Mac - 2000),4.88,8
Slender: The Eight Pages (Mac - 2012),4.09,33
Aliens Versus Predator: Gold Edition (Mac - 2001),4.44,36
StarFlight (Mac - 1990),4.65,51
Elroy Goes Bugzerk (Mac - 1995),5.00,1
Spider-Man (Mac - 2002),4.51,643
Warlock (Mac - 1989),4.29,7
ClockWerx (Mac - 1995),3.33,9
Uplink: Hacker Elite (Mac - 2003),4.83,6
Hoyle Solitaire (Mac - 1997),3.40,5
Dark Mist: The Wizard Vanishes (Mac - 2001),3.80,5
Dark Seed II (Mac - 1996),3.77,30
Majesty: The Fantasy Kingdom Sim (Mac - 2000),4.82,17
Monty Python's Complete Waste of Time (Mac - 1995),4.00,4
3-D Ultra Pinball: The Lost Continent (Mac - 1997),4.86,7
Incoming: The Final Conflict (Mac - 2002),5.00,1
Iron Helix (Mac - 1993),5.00,5
Putt-Putt and Pep's Dog on a Stick (Mac - 1996),4.67,9
Caesars Palace (Mac - 1992),3.67,3
Zork Nemesis: The Forbidden Lands (Mac - 1996),5.00,1
ZPC (Mac - 1996),4.83,6
Golden Gate (Mac - 1997),3.50,2
Titanic: Adventure Out of Time (Mac - 1996),4.39,62
Star Wars: Rebel Assault (Mac - 1993),4.88,8
Prime Target (Mac - 1996),4.83,6
Suspended (Mac - 1984),4.86,7
The Hobbit (Mac - 1987),4.63,51
Pac-in-Time (Mac - 1994),4.50,30
Qwirks (Mac - 1995),5.00,7
ClueFinders: Real World Adventure Kit (Mac - 2000),5.00,4
Lost Eden (Mac - 1995),4.46,45
Dracula 3: The Path of the Dragon (Mac - 2010),4.00,1
Search for the Golden Dolphin (Mac - 1999),5.00,2
D-Day: America Invades (Mac - 1995),4.62,7
The Fellowship of The Ring (Mac - 1987),4.50,32
Welcome to the Future (Mac - 1995),3.00,1
Solitaire Royale (Mac - 1987),4.18,17
Circus! (Mac - 1995),3.80,5
Gobliiins (Mac - 1991),4.36,66
BackPacker Junior (Mac - 2001),4.67,3
MicroLeague Baseball II (Mac - 1989),3.50,6
Secrets of the Luxor (Mac - 1996),5.00,1
The Secret of Monkey Island (Mac - 1992),4.23,133
Yogurt Commercial (Mac - 1998),5.00,1
"The Settlers II: Veni, Vidi, Vici (Mac - 1997)",4.75,20
The Bogus Guru (Mac - 2000),0.00,0
The Legend of Lotus Spring (Mac - 2000),3.00,2
Freddy Pharkas: Frontier Pharmacist (Mac - 1993),4.38,35
Blades of Exile (Mac - 1997),4.60,10
Endorfun (Mac - 1995),5.00,2
Earthly Delights (Mac - 1985),4.29,7
Brimstone (Mac - 1985),3.00,2
Pax Imperia: Eminent Domain (Mac - 1998),5.00,3
The Hunt for Red October (Mac - 1988),4.60,20
Half-Life (Mac - 2013),4.60,30
Space Colony (Mac - 2004),3.88,8
Chessmaster 6000 (Mac - 1999),4.50,14
Hexen II (Mac - 2002),4.58,62
Star Wars: Jedi Knight II - Jedi Outcast (Mac - 2002),4.00,9
9: The Last Resort (Mac - 1996),4.29,14
Plundered Hearts (Mac - 1987),4.91,11
Webmaster (Mac - 1999),5.00,1
Fate (Mac - 2008),4.29,7
Pirates! Gold (Mac - 1994),4.43,138
Close Combat (Mac - 1996),4.67,40
Jump Raven (Mac - 1994),2.75,4
Kasparov Chessmate (Mac - 2004),5.00,4
Railroad Tycoon II: Gold Edition (Mac - 1999),4.34,27
Airborne! (Mac - 1984),5.00,9
Tony Hawk's Pro Skater 3 (Mac - 2003),4.34,120
Realms of Arkania III: Shadows over Riva (Mac - 2013),5.00,1
Adventures in Odyssey: The Treasure of the Incas (Mac - 2004),0.00,0
Shadowgate (Mac - 1987),4.08,12
A Mind Forever Voyaging (Mac - 1985),4.36,28
The Untouchable (Mac - 1998),4.13,8
Command & Conquer: Generals - Zero:Hour (Mac - 2005),4.38,21
Pajama Sam's Lost & Found (Mac - 1998),5.00,1
The Journeyman Project 3: Legacy of Time (Mac - 1998),4.00,1
Mutant Beach (Mac - 1991),5.00,1
Chaos Overlords (Mac - 1996),4.58,12
Brain Dead 13 (Mac - 1996),4.72,18
Déjà Vu II: Lost in Las Vegas (Mac - 1988),4.47,32
Daleks (Mac - 1995),3.78,9
Disney's Math Quest with Aladdin (Mac - 1998),4.78,27
Kawasaki Jet Ski Watercraft (Mac - 2000),5.00,2
Patton Strikes Back: The Battle of the Bulge (Mac - 1991),4.65,23
Winter Games (Mac - 1986),4.38,37
Actua Soccer 2 (Mac - 1997),4.45,11
Symbiocom (Mac - 1998),5.00,1
System Shock 2 (Mac - 2013),4.50,12
The Dark Eye (Mac - 1995),4.82,11
Curse of the Azure Bonds (Mac - 1990),4.48,38
Loony Labyrinth (Mac - 1995),5.00,2
Carmen Sandiego Word Detective (Mac - 1997),3.96,24
Disney•Pixar Finding Nemo (Mac - 2003),4.50,24
The Journeyman Project: Pegasus Prime (Mac - 1997),5.00,3
Mario is Missing! (Mac - 1994),4.57,213
Creepy Castle (Mac - 1991),5.00,1
Foul Play: Mystery at Awkward Manor (Mac - 1995),5.00,4
The Witness (Mac - 1984),4.00,4
Pajama Sam 2: Thunder and Lightning aren't so Frightening (Mac - 1998),4.64,65
Muppet Treasure Island (Mac - 1996),4.52,29
SiN Gold (Mac - 2000),5.00,2
Age of Empires (Mac - 1999),4.50,285
Creatures Village (Mac - 2001),3.67,3
Absolute Zero (Mac - 1995),3.86,14
Deliverance: Stormlord II (Mac - 1993),4.78,9
Barbie Mermaid Adventure (Mac - 2004),4.27,22
Earth 2140 (Mac - 2001),3.85,13
Treasure MathStorm! (Mac - 1992),4.48,140
Tom Clancy's Ghost Recon: Desert Siege (Mac - 2002),4.50,2
National Lampoon's Blind Date (Mac - 1994),4.29,7
You Don't Know Jack: Movies (Mac - 1997),1.00,3
Worms Blast (Mac - 2003),4.38,8
Gateway (Mac - 1986),5.00,1
Dora the Explorer: Lost City Adventure (Mac - 2002),4.60,49
Descent II (Mac - 1997),4.67,15
G-Netix (Mac - 1993),5.00,3
F/A-18 Hornet (Mac - 1993),4.60,10
Little Monster at School (Mac - 1994),5.00,7
Tetris (Mac - 1988),4.42,31
Starglider II (Mac - 1989),4.48,15
Uncharted Waters (Mac - 1991),4.34,29
"Star Trek: The Next Generation - ""A Final Unity"" (Mac - 1995)",4.51,47
Wing Commander III: Heart of the Tiger (Mac - 1995),5.00,1
Head Rush (Mac - 1998),0.00,0
Supreme Warrior (Mac - 1996),4.00,2
Gato (Mac - 1984),4.35,32
King's Quest II: Romancing the Throne (Mac - 1987),4.53,38
Paris 1313: The Mystery of Notre-Dame Cathedral (Mac - 1999),4.50,6
Chicago 1930 (Mac - 2007),4.50,2
Lode Runner: The Legend Returns (Mac - 1994),4.39,183
Monkey Island 2: LeChuck's Revenge (Mac - 1992),4.28,186
Zephyr (Mac - 2020),3.00,7
Star Wars: Galactic Battlegrounds (Mac - 2002),4.42,131
Wordtris (Mac - 1993),4.00,10
James Bond 007: A View to a Kill (Mac - 1986),4.07,15
Law & Order: Dead on the Money (Mac - 2003),0.00,0
Adventures in Odyssey: The Sword of the Spirit (Mac - 2004),0.00,0
Stay Tooned! (Mac - 1996),4.58,19
The Bitter End (Mac - 1999),0.00,0
Bill Elliott's Nascar Challenge (Mac - 1992),4.42,19
Death from Above (Mac - 1995),3.50,2
NumberMaze (Mac - 1988),4.75,8
Let's Explore: The Farm - With Buzzy (Mac - 1996),5.00,2
Star Fighter (Mac - 1996),5.00,2
Massive Assault (Mac - 2005),5.00,5
Thinkin' Things Collection 1 (Mac - 1993),4.45,33
Dragon's Lair III: The Curse of Mordread (Mac - 1992),4.36,25
Balance of the Planet (Mac - 1990),4.80,25
Inherit the Earth: Quest for the Orb (Mac - 1994),4.28,17
StarCraft (Mac - 1999),4.60,5
The C.H.A.O.S. Continuum (Mac - 1994),4.33,6
Yogurt Commercial II (Mac - 2001),4.33,3
Die Olchis (Mac - 2005),0.00,0
The Chessmaster 2000 (Mac - 1987),4.56,41
3-D Dinosaur Adventure: Anniversary Edition (Mac - 1997),4.71,17
Seastalker (Mac - 1984),4.78,9
Blue Ice (Mac - 1995),3.47,15
Reader Rabbit's Toddler (Mac - 1998),4.51,104
Babylon 5: Shadow Wars (Mac - 1997),5.00,2
Flying Nightmares (Mac - 1994),3.67,3
Transylvania (Mac - 1984),3.80,26
DOOM II (Mac - 1995),4.33,2461
Deja Vu: A Nightmare Comes True!! (Mac - 1985),4.96,55
Mindshadow (Mac - 1985),4.46,13
Marathon (Mac - 1994),4.50,12
Gangland (Mac - 2005),4.60,10
Hacker (Mac - 1985),4.09,23
Karnov (Mac - 1989),4.31,16
Quake II (Mac - 1999),4.61,62
Wishbone and the Amazing Odyssey (Mac - 1996),4.56,9
Shanghai: Dynasty (Mac - 1997),5.00,2
Checkmate (Mac - 1993),0.00,0
Myth II: Soulblighter (Mac - 1998),4.59,97
Summoner (Mac - 2001),4.75,4
Uninvited (Mac - 1986),4.00,19
LinCity-NG (Mac - 2012),4.63,8
Sim Farm (Mac - 1993),4.32,200
Spectre (Mac - 1991),4.21,24
The Zork Anthology (Mac - 1994),0.00,0
Yoot Tower (Mac - 1998),4.49,46
Oregon Trail II (Mac - 1996),4.28,365
Millie's Math House (Mac - 1992),4.58,71
Flight Commander 2 (Mac - 1995),4.63,8
Tonka Search & Rescue (Mac - 1997),4.73,11
Over the Reich (Mac - 1996),4.67,6
Avernum 6 (Mac - 2009),3.67,3
Master of Orion II: Battle at Antares (Mac - 1997),4.75,32
Escape from Monkey Island (Mac - 2001),3.43,14
The Incredible Machine: Even More Contraptions (Mac - 2001),4.70,37
Combat Mission: Beyond Overlord (Mac - 2000),2.00,2
BreakThru! (Mac - 1994),0.00,0
Empire Deluxe (Mac - 1993),4.07,29
Pajama Sam: No Need to Hide When It's Dark Outside (Mac - 1996),4.62,200
Shanghai: Great Moments (Mac - 1995),3.20,5
Geneforge (Mac - 2001),3.00,2
Lunicus (Mac - 1994),3.75,4
Delta Force: Black Hawk Down (Mac - 2004),4.25,4
Garfield's Mad About Cats (Mac - 2000),4.30,10
Pathways into Darkness (Mac - 1993),4.27,11
Spirit of Excalibur (Mac - 1990),4.18,22
Jonny Quest: The Real Adventures - Cover-Up at Roswell (Mac - 1996),5.00,2
Wizardry: Bane of the Cosmic Forge (Mac - 1991),4.47,36
The Battle for Wesnoth (Mac - 2005),5.00,4
TriTryst (Mac - 1996),5.00,3
Tom Clancy's Splinter Cell (Mac - 2004),4.60,5
Heretic II (Mac - 2002),4.57,185
Dracula: The Resurrection (Mac - 2001),4.33,3
Jazz Jackrabbit 2 (Mac - 1999),4.62,117
Mouse Stampede (Mac - 1984),3.50,4
Mixed-Up Mother Goose Deluxe (Mac - 1995),4.64,14
Batman: Justice Unbalanced (Mac - 2003),0.00,0
The Ancient Art of War (Mac - 1985),4.27,72
Treasure Galaxy! (Mac - 1994),4.67,55
Harry and the Haunted House (Mac - 1994),4.55,11
Geneforge 5: Overthrow (Mac - 2008),0.00,0
"Spy Fox in ""Dry Cereal"" (Mac - 1997)",4.53,43
Batman: Toxic Chill (Mac - 2003),5.00,1
Top Gun: Fire at Will! (Mac - 1998),4.67,12
Word Blaster (Mac - 1996),5.00,1
Return to Mysterious Island (Mac - 2009),5.00,1
Microsoft Flight Simulator (v4.0) (Mac - 1991),4.37,35
Celtic Kings: Rage of War (Mac - 2004),4.33,9
King's Quest V: Absence Makes the Heart Go Yonder! (Mac - 1991),4.50,76
Dracula: The Last Sanctuary (Mac - 2002),5.00,2
Alone in the Dark 2 (Mac - 1996),4.42,64
Berlin Connection (Mac - 1998),5.00,2
Advanced Dungeons & Dragons: Collector's Edition (Mac - 1994),4.03,23
Moving Puzzle: Cats (Mac - 1998),5.00,1
Burn:Cycle (Mac - 1995),3.83,6
FireFly Studios' Stronghold (Mac - 2002),4.11,9
Mario Teaches Typing (Mac - 1993),4.40,2192
Sensory Overload (Mac - 1994),0.00,0
Battle Chess: Enhanced CD-ROM (Mac - 1993),4.59,89
Sub Battle Simulator (Mac - 1987),4.39,18
The Ancient Art of War at Sea (Mac - 1988),4.63,27
Hanna-Barbera's Cartoon Carnival (Mac - 1995),2.50,6
Tenka Touitsu (Mac - 1992),0.00,0
Tempest 2000 (Mac - 1998),4.56,9
Survivor: The Interactive Game (Mac - 2001),4.17,12
Super Solvers Mission: T.H.I.N.K. (Mac - 1999),4.34,32
Suspect (Mac - 1984),4.86,7
Wacky Races (Mac - 1994),3.00,2
4x4 Evo (Mac - 2000),4.66,90
Cyberblast (Mac - 1992),5.00,1
The A-Files (Mac - 1998),5.00,1
You Don't Know Jack XL: X-Tra Large (Mac - 1996),0.00,0
The 11th Hour (Mac - 1997),4.37,24
Ballyhoo (Mac - 1986),4.83,6
Reaper Arena (Mac - 1999),5.00,1
Great Adventures by Fisher-Price: Wild Western Town (Mac - 1997),4.50,12
Out of This World (Mac - 1993),4.62,88
Starship Titanic (Mac - 1999),4.45,11
Loom (Mac - 1990),4.33,63
Castles II: Siege & Conquest (Mac - 1994),4.44,101
Animaniacs: Game Pack! (Mac - 1998),4.68,19
You Don't Know Jack: Volume 4 - The Ride (Mac - 1998),2.00,2
Crystal Caliburn (Mac - 1994),5.00,2
Moria (Mac - 1993),4.50,36
King's Bounty (Mac - 1991),4.49,49
Zoop (Mac - 1995),3.83,6
Darwinia (Mac - 2005),5.00,1
Zork: Grand Inquisitor (Mac - 2001),5.00,3
Hoyle Kids Games (Mac - 2000),4.31,13
Star Trek: Deep Space Nine - The Fallen (Mac - 2000),4.80,10
Clonk Rage (Mac - 2007),4.60,5
Conquest of the New World (Mac - 1996),4.44,16
Pillars of Garendall (Mac - 2001),5.00,5
Let's Explore the Jungle (Mac - 1995),5.00,1
Nord and Bert Couldn't Make Head or Tail of It (Mac - 1987),4.69,16
Pro Pinball: Timeshock! (Mac - 1998),3.50,6
Lighthouse: The Dark Being (Mac - 1996),4.00,26
Avernum 2 (Mac - 2000),3.25,4
Captain Blood (Mac - 1989),4.38,29
Caper in the Castro (Mac - 1989),3.00,2
Strange Adventures in Infinite Space (Mac - 2003),4.89,9
Full Metal Planet (Mac - 1991),4.73,11
Bailey's Book House (Mac - 1993),4.63,46
Alge-Blaster 3 (Mac - 1995),4.50,4
Freedom Force (Mac - 2002),5.00,2
3-D Ultra Pinball (Mac - 1995),4.60,15
Cosmic Memory (Mac - 2002),3.00,1
Backyard Soccer 2004 (Mac - 2003),4.06,36
Command & Conquer: Red Alert 3 (Mac - 2009),3.17,6
Havoc (Mac - 1995),5.00,8
Postal (Mac - 1997),4.14,7
A-10 Cuba! (Mac - 1996),4.45,11
The Toy Shop (Mac - 1986),4.67,3
Pool of Radiance (Mac - 1989),4.59,70
Heart of China (Mac - 1992),4.71,34
Eat My Photons! (Mac - 1994),0.00,0
Dogz: Your Computer Pet (Mac - 1996),4.83,6
Quake (Mac - 1997),4.61,73
Sacrifice (Mac - 2001),4.62,13
Gundam 0079: The War for Earth (Mac - 1996),4.25,12
Space Ace (Mac - 1994),4.32,25
Cyberwar (Mac - 1994),5.00,1
The Crimson Crown (Mac - 1986),4.13,8
Zero Critical (Mac - 1998),5.00,2
Putt-Putt Joins the Parade (Mac - 1995),4.59,296
A Day At Work (Mac - 1999),3.63,8
ClueFinders: The Incredible Toy Store Adventure (Mac - 2001),4.64,11
Tass Times in Tonetown (Mac - 1986),4.52,23
Bad Mojo: Redux (Mac - 2004),5.00,2
Europa Universalis II (Mac - 2003),4.33,18
King's Quest (Mac - 1986),4.32,115
Full Throttle (Mac - 1996),4.28,323
HardBall II (Mac - 1990),4.87,8
The Adventures of Batman & Robin: Activity Center (Mac - 1996),5.00,1
The Mist (Mac - 1986),3.90,10
Gate 88 (Mac - 2004),5.00,1
A-Train (Mac - 1992),4.41,75
Eight Legged Freaks (Mac - 2002),4.55,22
SPY Fox in Hold the Mustard (Mac - 1999),5.00,3
Rogue (Mac - 1985),4.57,76
Zap! (Mac - 1998),5.00,11
Cyborg (Mac - 1984),4.50,4
GAMES Interactive 2 (Mac - 2000),0.00,0
Millionaire: The Stock Market Simulation (Mac - 1984),4.00,6
Once Upon a Knight (Mac - 2005),3.67,3
Crystal Quest (Mac - 1987),4.25,12
Sargon III (Mac - 1984),4.17,6
The Secret Island of Dr. Quandary (Mac - 1996),4.19,42
Merlin's Apprentice (Mac - 1995),4.00,2
Uncle Albert's Magical Album (Mac - 1998),4.33,3
Welltris (Mac - 1990),3.96,25
Yellow Brick Road (Mac - 1995),5.00,1
Secret of the Silver Blades (Mac - 1991),4.27,33
Grand Prix Circuit (Mac - 1989),4.62,78
Elite Darts (Mac - 1999),1.00,1
Bugdom 2 (Mac - 2002),5.00,4
WarCraft: Orcs & Humans (Mac - 1995),4.43,873
Hollywood Hijinx (Mac - 1987),4.71,7
MacPuzzle (Mac - 1984),4.00,1
Math Workshop (Mac - 1995),4.50,14
Night Trap (Mac - 1995),4.20,5
Captain Bumper (Mac - 2001),0.00,0
The Adventures of Young Indiana Jones: Revolution (Mac - 2007),0.00,0
Tropico 2: Pirate Cove (Mac - 2005),4.67,6
MacBugs! (Mac - 1985),0.00,0
The ClueFinders: 4th Grade Adventures (Mac - 1998),4.37,81
The Awesome Adventures of Victor Vector & Yondo: The Cyberplasm Formula (Mac - 1995),4.50,2
Enemy Engaged: RAH-66 Comanche versus Ka-52 Hokum (Mac - 2004),5.00,1
Elroy Hits the Pavement (Mac - 1996),4.29,7
Pirates: Captain's Quest (Mac - 1997),5.00,2
Savage 2: A Tortured Soul (Mac - 2008),4.57,21
3-D Ultra NASCAR Pinball (Mac - 1999),5.00,11
Myst IV: Revelation (Mac - 2004),3.00,2
Opera Fatal (Mac - 1996),4.33,6
Putt-Putt and Pep's Balloon-o-Rama (Mac - 1998),4.77,13
Galactic Patrol (Mac - 1999),0.00,0
Battle-Girl (Mac - 1997),4.75,4
Crusader: Adventure Out of Time (Mac - 1997),4.50,6
Playskool Puzzles (Mac - 1996),5.00,1
The Yukon Trail (Mac - 1994),4.57,53
UMS: The Universal Military Simulator (Mac - 1988),4.17,6
Star Wars: Dark Forces (Mac - 1995),4.56,235
NFL Challenge (Mac - 1986),4.14,22
Creatures Exodus (Mac - 2005),5.00,1
Shogo: Mobile Armor Division (Mac - 2000),4.67,18
Medal of Honor: Allied Assault - War Chest (Mac - 2005),4.75,4
Superman: The Mysterious Mr. Mist (Mac - 1996),3.00,2
Shufflepuck Cafe (Mac - 1988),4.46,56
Battle Beast (Mac - 1995),4.59,44
Putt-Putt Joins the Circus (Mac - 2000),4.74,41
Blitzkrieg (Mac - 2008),4.67,3
Carrier Command (Mac - 1990),4.53,34
Disney's Atlantis: The Lost Empire - The Lost Games (Mac - 2001),5.00,2
Freddi Fish and Luther's Water Worries (Mac - 1996),4.00,2
Castle Explorer (Mac - 1996),4.85,13
Lancelot (Mac - 1989),4.58,12
World Class Leader Board (Mac - 1988),4.66,38
Heroes of Might and Magic II: The Succession Wars (Mac - 1997),4.47,58
Freddi Fish 5: The Case of the Creature of Coral Cove (Mac - 2001),4.54,46
The Adventures of Young Indiana Jones: Special Delivery (Mac - 2008),0.00,0
"Sabrina, the Teenage Witch: Brat Attack (Mac - 2000)",3.67,3
Pipe Dream (Mac - 1989),4.31,13
Tomb Raider: The Last Revelation (Mac - 2000),4.50,6
Freddi Fish 4: The Case of the Hogfish Rustlers of Briny Gulch (Mac - 1999),4.50,26
Freddi Fish and the Case of the Missing Kelp Seeds (Mac - 1995),4.33,33
Games That Didn't Make It (Mac - 1999),5.00,1
Adventures in Odyssey: The Great Escape (Mac - 2005),0.00,0
Earl Weaver Baseball (Mac - 1989),4.22,36
Enchanted Scepters (Mac - 1985),5.00,4
Gnop! (Mac - 1990),1.67,3
Corpse Killer (Mac - 1994),4.33,3
Magic Fairy Tales: Barbie As Rapunzel (Mac - 1997),4.57,30
Wizardry Gold (Mac - 1996),5.00,3
Fatty Bear's Birthday Surprise (Mac - 1992),4.57,192
Hoyle: Official Book of Games - Volume 2: Solitaire (Mac - 1991),4.29,14
Anastasia: Adventures with Pooka and Bartok! (Mac - 1997),4.71,7
Test Drive II Scenery Disk: California Challenge (Mac - 1990),4.54,13
At the Carnival (Mac - 1989),4.33,6
NASCAR Racing (Mac - 1996),4.48,102
Rainbow Fish and the Whale (Mac - 2001),5.00,1
Trophy Bass (Mac - 1995),4.43,7
Harpoon (Mac - 1990),4.25,113
UMS II: Nations at War (Mac - 1991),4.00,6
The Oregon Trail (Mac - 1993),4.35,254
Star Trek: Starfleet Academy (Mac - 1997),5.00,4
Beach Head 2002 (Mac - 2002),4.47,32
Harpoon Classic (Mac - 1994),4.51,31
Putt-Putt Saves the Zoo (Mac - 1996),4.53,77
Fahrenheit 451 (Mac - 1985),4.56,9
Myst V: End of Ages (Mac - 2005),1.00,2
Duke it out in D.C. (Mac - 1997),3.69,20
PT-109 (Mac - 1988),4.50,16
Blades of Avernum (Mac - 2004),0.00,0
Reader Rabbit's Kindergarten (Mac - 1997),4.33,52
Anyone for Cards? (Mac - 1994),5.00,1
Kid Pix Companion (Mac - 1992),0.00,0
Torin's Passage (Mac - 1995),4.41,71
Hoyle: Official Book of Games - Volume 1 (Mac - 1990),4.19,26
MacWars (Mac - 1986),4.00,1
Space Ace II: Borf's Revenge (Mac - 1991),4.70,10
Office Building (Mac - 1999),5.00,1
The Awesome Adventures of Victor Vector & Yondo: The Last Dinosaur Egg (Mac - 1993),4.50,2
Kawasaki ATV PowerSports (Mac - 2000),3.00,2
Faces ...tris III (Mac - 1990),3.27,11
Heaven & Earth (Mac - 1992),4.54,13
Jinxter (Mac - 1987),4.80,5
Math Blaster: Episode One - In Search of Spot (Mac - 1994),4.52,31
You Don't Know Jack (Mac - 1995),4.67,6
Dr. Dumont's Wild P.A.R.T.I. (Mac - 1988),5.00,2
Gus Goes to Cybertown (Mac - 1993),5.00,2
Panzer General (Mac - 1996),4.51,248
Ring: The Legend of the Nibelungen (Mac - 1998),5.00,8
The Crack of Doom (Mac - 1989),4.08,13
The Saggy Baggy Elephant - Interactive Storybook (Mac - 2000),0.00,0
International Tennis Open (Mac - 1995),3.75,4
Magic School Bus Volcano Adventure (Mac - 2001),4.61,31
Killing Time (Mac - 1997),4.33,3
Pajama Sam 3: You Are What You Eat From Your Head To Your Feet (Mac - 2001),4.67,60
Pensate (Mac - 1984),3.00,1
Glider PRO (Mac - 1994),5.00,3
MDK (Mac - 1998),4.75,24
Ricochet (Mac - 2013),5.00,1
Moonmist (Mac - 1986),4.37,8
Return of the Incredible Machine: Contraptions (Mac - 2000),4.49,35
Sethi and the Inca Wizard (Mac - 2001),4.00,1
Black Cats and Pointed Hats (Mac - 2000),4.43,7
Zork Trilogy (Mac - 1987),4.50,24
Sid Meier's Civilization III (Mac - 2002),4.46,13
Sands of Fire (Mac - 1989),4.63,8
Pippi (Mac - 1995),2.00,3
Wolfenstein 3D (Mac - 1995),4.21,61
ClueFinders: Mystery Mansion Arcade (Mac - 2000),4.54,13
MasterType (Mac - 1984),5.00,2
Creatures (Mac - 1996),4.18,17
Frankenstein: Through the Eyes of the Monster (Mac - 1995),5.00,3
Civilization II: Multiplayer Gold Edition (Mac - 1999),4.41,78
Reading Blaster 9-12 1.0 (Mac - 1998),4.55,45
Civilization: Call to Power (Mac - 2000),4.79,34
Dust: A Tale of the Wired West (Mac - 1995),4.42,26
Microshaft Winblows 98 (Mac - 1998),3.82,17
Avernum (Mac - 2000),5.00,3
Soldier of Fortune II: Double Helix (Mac - 2002),4.17,36
Sammy's Science House (Mac - 1994),4.58,44
"Al Unser, Jr. Arcade Racing (Mac - 1995)",4.13,27
Sid Meier's Civilization III: Complete (Mac - 2006),4.50,4
Skull Cracker (Mac - 1996),5.00,1
The Smelly Mystery (Mac - 1997),4.00,3
The Chessmaster 3000 Multimedia (Mac - 1994),5.00,2
Mr. Potato Head Saves Veggie Valley (Mac - 1996),4.11,27
Apache Strike (Mac - 1987),4.80,5
Payback (Mac - 2003),5.00,6
Pro Pinball: Fantastic Journey (Mac - 2000),3.00,1
Tomb Raider: Chronicles (Mac - 2001),4.30,10
Crayola Paint 'n Play Pony (Mac - 1998),0.00,0
Lode Runner 2 (Mac - 1998),4.20,10
Unreal Tournament (Mac - 2000),4.14,49
Bad Milk (Mac - 2000),4.00,10
Virtual Pool (Mac - 1997),4.70,20
Medal of Honor: Allied Assault (Mac - 2002),4.73,26
World of Aden: Entomorph - Plague of the Darkfall (Mac - 1996),4.50,10
Lode Runner On-Line: The Mad Monks' Revenge (Mac - 1995),4.36,28
Total Distortion (Mac - 1995),4.17,18
F-117A Nighthawk Stealth Fighter 2.0 (Mac - 1994),4.58,152
The 7th Guest (Mac - 1994),3.96,77
Return to Zork (Mac - 1993),4.27,45
Wishbringer (Mac - 1985),4.85,13
The Cassandra Galleries (Mac - 1997),4.50,2
Battle Chess (Mac - 1991),4.44,406
Hostage: Rescue Mission (Mac - 1989),4.36,36
Tomb Raider II (Mac - 1998),4.75,8
PT Boat Simulator (Mac - 1994),0.00,0
Pajama Sam's SockWorks (Mac - 1997),0.00,0
Hellcats Over the Pacific (Mac - 1991),4.82,11
You Don't Know Jack: Television (Mac - 1997),3.67,3
Shanghai: Second Dynasty (Mac - 1999),3.34,8
Pools of Darkness (Mac - 1992),4.69,19
Alternate Reality: The City (Mac - 1987),4.61,23
Hearts of Iron (Mac - 2003),4.28,18
Discover the World II (Mac - 1995),5.00,6
Batman: Partners in Peril (Mac - 1996),0.00,0
HIND: The Russian Combat Helicopter Simulation (Mac - 1997),4.00,5
Prince of Persia (Mac - 1992),4.59,504
Grand Theft Auto: San Andreas (Mac - 2011),4.36,146
Kai-Jin (Mac - 2004),0.00,0
Disney's Timon & Pumbaa's Jungle Games (Mac - 1996),4.48,111
Arthur: The Quest for Excalibur (Mac - 1989),4.93,15
Extreme Prejudice (Mac - 1999),0.00,0
Daria's Inferno (Mac - 2000),4.25,24
Firefall Arcade (Mac - 1993),4.25,4
Samurai Mech (Mac - 1992),5.00,2
Mystery Master: Murder by the Dozen (Mac - 1984),4.57,7
Police Quest: In Pursuit of the Death Angel (Mac - 1988),4.60,39
Galactic Frontiers (Mac - 1991),5.00,2
Curse of Dragor (Mac - 1995),5.00,2
Mario Teaches Typing 2 (Mac - 1997),4.54,616
Might and Magic II: Gates to Another World (Mac - 1990),4.44,36
Forbidden Quest (Mac - 1985),4.00,2
The Dark Queen of Krynn (Mac - 1992),4.33,30
Darby the Dragon (Mac - 1996),4.79,14
AMBER: Journeys Beyond (Mac - 1996),4.00,9
Futuria (Mac - 1985),3.50,2
Gearheads (Mac - 1996),5.00,2
Epic Pinball: The Complete Collection (Mac - 2017),4.50,6
The Lost Treasures of Infocom II (Mac - 1992),5.00,2
Alice: An Interactive Museum (Mac - 1991),5.00,2
3 In Three (Mac - 1989),4.40,10
Enchanter Trilogy (Mac - 1986),5.00,1
Holiday Lemmings (Mac - 1992),3.95,20
Ice & Fire (Mac - 1996),3.60,5
Cribbage King / Gin King (Mac - 1990),4.00,4
Just Grandma and Me (Mac - 1992),4.88,16
Harpoon II (Mac - 1995),4.26,34
Comanche CD (Mac - 1995),5.00,5
Flight Commander (Mac - 1993),5.00,5
Unlimited Adventures (Mac - 1993),4.64,22
Bumbler Bee-Luxe (Mac - 1997),4.00,5
Space Quest III: The Pirates of Pestulon (Mac - 1991),4.38,60
Pedestrian Devastation (Mac - 1999),0.00,0
System's Twilight (Mac - 1994),5.00,1
Breakline (Mac - 1993),3.67,3
Medal of Honor: Allied Assault - Spearhead (Mac - 2003),4.25,4
The Hitchhiker's Guide to the Galaxy (Mac - 1984),4.40,111
Arthur's 1st Grade (Mac - 1999),3.50,2
Ford Simulator II (Mac - 1990),3.92,12
Flight Unlimited (Mac - 1995),5.00,11
Minotaur: The Labyrinths of Crete (Mac - 1992),5.00,1
Headline Harry and The Great Paper Race (Mac - 1992),4.73,11
The Duel: Test Drive II (Mac - 1989),4.25,97
Alley 19 Bowling (Mac - 1996),4.71,7
Museum Madness (Mac - 1994),4.46,26
Nethergate (Mac - 1999),5.00,1
The Adventures of Batman & Robin Cartoon Maker (Mac - 1995),0.00,0
Jack Nicklaus' Greatest 18 Holes of Major Championship Golf (Mac - 1990),4.25,12
Kingdom: The Far Reaches (Mac - 1996),4.20,5
Baldur's Gate II: Shadows of Amn (Mac - 2001),4.07,14
Railroad Tycoon II (Mac - 1999),5.00,9
Iron Storm (Mac - 2013),4.80,5
Rayman 3: Hoodlum Havoc (Mac - 2004),4.71,7
Star Wars: Rebel Assault II - The Hidden Empire (Mac - 1995),5.00,2
Troubled Souls (Mac - 1994),5.00,1
Karma: Curse of the 12 Caves (Mac - 1995),5.00,2
Lode Runner (Mac - 1984),4.71,41
Maniac Mansion: Day of the Tentacle (Mac - 1996),4.29,62
Robinson's Requiem (Mac - 1994),4.54,29
Samurai Mech II (Mac - 1994),5.00,3
Thexder (Mac - 1990),4.49,33
Tomb Raider III: Adventures of Lara Croft (Mac - 1998),4.20,10
Wolf Pack (Mac - 1993),4.86,29
Septerra Core: Legacy of the Creator (Mac - 2013),5.00,2
Guy Spy and the Crystals of Armageddon (Mac - 1992),4.00,5
Cosmology of Kyoto (Mac - 1995),5.00,5
Star Trek: The Promethean Prophecy (Mac - 1988),4.63,8
MTV: Club Dead (Mac - 1994),3.33,6
Northland (Mac - 2003),4.50,2
Star Wars: X-Wing - Collector's CD-ROM (Mac - 1996),5.00,1
Obsidian (Mac - 1997),4.47,15
Marathon Infinity (Mac - 1996),4.50,6
3-D Ultra Pinball: Creep Night (Mac - 1996),4.20,25
Monty Python & the Quest for the Holy Grail (Mac - 1996),3.71,24
Runaway: A Road Adventure (Mac - 2013),5.00,2
Catz: Your Computer Petz (Mac - 1996),4.19,38
Alien Nations (Mac - 2001),4.57,7
"Gadget: Invention, Travel & Adventure (Mac - 1993)",3.75,4
Spider-Man: Interactive CD-ROM Comic Book (Mac - 1995),0.00,0
Lugaru (Mac - 2005),5.00,1
Rune (Mac - 2000),4.67,18
Robin Hood: The Legend of Sherwood (Mac - 2004),4.43,7
Achtung Spitfire (Mac - 1997),4.59,16
The Quest (Mac - 1984),4.33,3
Gabriel Knight: Sins of the Fathers (Mac - 1994),4.56,90
Tracker (Mac - 1987),3.67,3
Where in Europe is Carmen Sandiego? (Mac - 1989),4.23,13
Tropico (Mac - 2001),4.41,22
Might and Magic III: Isles of Terra (Mac - 1993),4.15,26
Bandit Kings of Ancient China (Mac - 1989),4.37,38
Jade Empire: Special Edition (Mac - 2008),3.75,4
Asteroids (Mac - 2000),4.67,9
Disney's The Hunchback of Notre Dame: 5 Topsy Turvy Games (Mac - 1996),4.34,32
The Land Before Time: Kindergarten Adventure (Mac - 1998),5.00,6
Quake 4 (Mac - 2006),4.10,20
Puzz 3D: Victorian Mansion (Mac - 1999),0.00,0
Bureaucracy (Mac - 1987),4.07,18
DROD: Journey to Rooted Hold (Mac - 2006),5.00,1
Logical Journey of the Zoombinis (Mac - 1996),4.37,422
MechWarrior 2: 31st Century Combat (Mac - 1996),4.60,175
Deathkings of the Dark Citadel (Mac - 1996),4.81,27
The Amazon Trail (Mac - 1997),4.18,161
Imperial Glory (Mac - 2006),5.00,2
The Time Warp of Dr. Brain (Mac - 1996),4.47,19
DOOM³ (Mac - 2005),4.61,28
Final DOOM (Mac - 1996),4.53,32
Sid Meier's Pirates!: Live the Life (Mac - 2008),4.50,8
Timelapse (Mac - 1998),5.00,2
Harrier Strike Mission (Mac - 1985),5.00,3
Cap'n Crunch's Crunchling Adventure (Mac - 1999),4.46,111
Crayola Art-Studio 2 (Mac - 1996),5.00,1
Deathmatch Classic (Mac - 2013),4.20,5
Dragon's Lair (Mac - 1990),4.20,54
Nobunaga's Ambition (Mac - 1990),4.38,13
Carriers at War (Mac - 1992),4.36,25
Frogger (Mac - 1984),4.13,40
Victoria: An Empire Under the Sun (Mac - 2004),4.47,15
Sabrina: The Teenage Witch - Spellbound (Mac - 1999),3.63,8
Gauntlet (Mac - 1989),4.90,31
Step On It! (Mac - 1996),5.00,2
Dark Castle (Mac - 1986),4.66,41
The Lurking Horror (Mac - 1987),4.07,70
Math Blaster ages 6-9 (Mac - 1996),5.00,2
Rama (Mac - 1997),4.14,14
3-D Ultra Pinball: Thrillride (Mac - 2000),4.60,15
Age of Empires II: Gold Edition (Mac - 2001),4.11,445
Heretic Kingdoms: The Inquisition (Mac - 2006),0.00,0
You Don't Know Jack: Volume 2 (Mac - 1996),3.00,1
Blown Away (Mac - 1995),0.00,0
Armor Alley (Mac - 1991),4.79,14
Icebreaker (Mac - 1996),4.83,6
Robot City (Mac - 1995),5.00,1
Darwin's Dilemma (Mac - 1990),5.00,3
Ascii Sector (Mac - 2008),5.00,4
Reading Blaster 2000 (Mac - 1996),3.80,5
After Dark Games (Mac - 1998),4.29,174
StarFlight 2: Trade Routes of The Cloud Nebula (Mac - 1991),4.51,40
Crayola Print Factory (Mac - 1998),0.00,0
Classic Text Adventure Masterpieces (Mac - 1996),4.25,4
Might and Magic: World of Xeen (Mac - 1995),4.38,55
Operation Crusader (Mac - 1994),4.57,14
SimTower: The Vertical Empire (Mac - 1994),4.41,54
Blockout (Mac - 1989),4.55,31
Caesar III (Mac - 1999),4.28,98
Indiana Jones and the Emperor's Tomb (Mac - 2004),4.43,7
Apache (Mac - 1996),4.89,19
Snoopy's Campfire Stories (Mac - 1996),4.60,5
Defender of The Crown (Mac - 1987),4.57,85
Spy Fox in Cheese Chase (Mac - 1998),5.00,5
Cogito (Mac - 1992),3.80,5
Game Show Presenter (Mac - 2000),5.00,1
Racter (Mac - 1985),4.25,12
Disney's Villains' Revenge (Mac - 1999),4.52,46
Oz: The Magical Adventure (Mac - 2000),3.77,26
Terminal Velocity (Mac - 1996),4.70,46
X-Plane 5 (Mac - 1999),4.31,13
Gold Rush! (Mac - 1989),4.30,50
Might and Magic: Book One - Secret of the Inner Sanctum (Mac - 1988),4.31,26
Nanosaur Extreme (Mac - 2002),4.50,6
Rise of The Dragon (Mac - 1991),4.70,71
S.D.I. (Mac - 1987),3.86,7
Sid Meier's Colonization (Mac - 1995),4.57,525
Quarterstaff: The Tomb of Setmoth (Mac - 1988),5.00,2
The Adventures of Young Indiana Jones: Hunting for Treasure (Mac - 2008),5.00,1
Nanosaur (Mac - 1998),4.60,5
Amazon (Mac - 1985),4.88,8
Sid Meier's Civilization (Mac - 1993),4.53,1005
Physicus: Save the World with Science! (Mac - 1999),4.86,7
Kid Pix (Mac - 1991),4.00,1
Dungeon Siege (Mac - 2003),4.20,25
Nahan: The Ultimate 3D Puzzle Game (Mac - 1998),4.00,2
The King of Chicago (Mac - 1986),3.88,8
Stratego (Mac - 1990),4.38,46
You Don't Know Jack: Sports (Mac - 1996),0.00,0
Corruption (Mac - 1988),4.72,18
Grackon's Curse (Mac - 1995),5.00,1
Riven: The Sequel to Myst (Mac - 1997),3.44,9
Moshing Melvin (Mac - 1999),3.50,2
Gobliins 2: The Prince Buffoon (Mac - 1992),4.53,36
Thunder&Lightning (Mac - 2015),4.00,14
Thinkin' Things: Sky Island Mysteries (Mac - 1998),5.00,3
Oxyd (Mac - 1992),4.11,19
Myst (Mac - 1993),3.85,48
Clive Barker's Undying (Mac - 2002),4.29,14
"Harlan Ellison: I Have No Mouth, and I Must Scream (Mac - 1995)",4.68,109
Myst V: End of Ages (Limited Edition) (Mac - 2005),0.00,0
"Spy Fox 2: ""Some Assembly Required"" (Mac - 1999)",4.37,19
Gemstone Warrior (Mac - 1986),4.20,5
Svea Rike (Mac - 1997),0.00,0
Zeddas: Servant of Sheol (Mac - 1994),3.50,2
Myst: Masterpiece Edition (Mac - 2000),3.00,4
Journey: The Quest Begins (Mac - 1989),4.88,8
StarCraft: Brood War (Mac - 1999),5.00,3
Atomino (Mac - 1994),4.64,11
Warlords (Mac - 1992),4.82,44
A-10 Attack! (Mac - 1995),4.71,14
Chex Quest (Mac - 1996),4.28,99
Activision's Atari 2600 Action Pack 2 (Mac - 1995),5.00,2
Treasure Cove! (Mac - 1994),4.66,62
Cave Dig 3 (Mac - 2001),4.50,2
Baldur's Gate (Mac - 2000),4.31,13
Descent (Mac - 1995),4.47,79
Ghost Master (Mac - 2003),4.71,7
Destination: Mars! (Mac - 1991),4.50,8
Shadow Warrior (Mac - 1997),4.48,29
Dungeon Master II: Skullkeep (Mac - 1995),4.68,60
Spooky Castle: The Adventures of Kid Mystic (Mac - 1999),5.00,3
Adventure at the Chateau d'Or (Mac - 2001),3.44,9
The Magic School Bus Explores Bugs (Mac - 2000),4.69,26
"JumpStart Adventures: 5th Grade - Jo Hammet, Kid Detective (Mac - 1997)",4.00,10
Kid Pix 2 (Mac - 1994),5.00,1
Myth: The Fallen Lords (Mac - 1997),4.64,87
8th Wonder of the World (Mac - 2004),4.75,4
Disney's The Emperor's New Groove: Groove Center (Mac - 2002),4.14,14
Reader Rabbit 3 (Mac - 1996),4.54,13
Redneck Rampage: Family Reunion (Mac - 2012),5.00,2
Shivers (Mac - 1996),4.47,51
Hell Cab (Mac - 1993),5.00,1
Unreal (Mac - 1999),4.88,8
The Awesome Adventures of Victor Vector & Yondo: The Hypnotic Harp (Mac - 1993),3.60,5
BloodRayne (Mac - 2003),4.55,40
Imperialism (Mac - 1997),4.68,25
Ceremony of Innocence (Mac - 1997),4.75,4
Disney presents Ariel's Story Studio (Mac - 1999),4.58,24
Giants: Citizen Kabuto (Mac - 2001),4.73,15
Deer Hunter (Mac - 1997),4.46,26
Freddi Fish 2: The Case of the Haunted Schoolhouse (Mac - 1996),4.48,39
Where in the U.S.A. is Carmen Sandiego? (Mac - 1989),4.20,10
The Even More! Incredible Machine (Mac - 1993),4.19,83
Star Wars: Yoda's Challenge - Activity Center (Mac - 1999),4.27,11
Beyond the Wall of Stars (Mac - 1992),4.00,5
Putt-Putt Travels Through Time (Mac - 1997),4.81,43
King's Quest III: To Heir is Human (Mac - 1988),4.36,56
Eric's Ultimate Solitaire CD (Mac - 1997),2.57,7
Superboy: Spies from Outer Space (Mac - 1996),5.00,1
The Yeerk Pool (Mac - 1997),0.00,0
Caillou: Magic Playhouse (Mac - 2001),4.29,14
Dinopark Tycoon (Mac - 1994),4.37,189
The Tortoise and the Hare (Mac - 1993),4.75,8
Math Munchers Deluxe (Mac - 1995),4.50,6
Allied General (Mac - 1995),4.35,52
Command & Conquer: Generals (Mac - 2004),4.46,24
Mario's Game Gallery (Mac - 1995),4.56,377
Sherlock: The Riddle of the Crown Jewels (Mac - 1988),4.67,9
Dr. Seuss's ABC (Mac - 1995),4.31,26
Lara Croft: Tomb Raider - The Angel of Darkness (Mac - 2003),4.40,10
Trust and Betrayal: The Legacy of Siboot (Mac - 1987),4.00,2
Fallout 2 (Mac - 2002),4.31,29
Caesar II (Mac - 1996),4.56,100
Geneforge 2 (Mac - 2003),0.00,0
Diablo (Mac - 1998),4.40,642
Gardyloo Golf (Mac - 1998),0.00,0
Deus Ex (Mac - 2000),4.65,34
Spectre Supreme (Mac - 1993),4.67,6
North Atlantic '86 (Mac - 1988),5.00,3
Sword of Sodan (Mac - 1993),4.00,3
Diablo II: Lord of Destruction (Mac - 2001),4.25,8
Marathon 2: Durandal (Mac - 1995),4.64,11
Blackthorne (Mac - 1996),4.84,43
Crayola Arcade (Mac - 2003),0.00,0
Chuck Yeager's Advanced Flight Simulator (Mac - 1988),3.88,17
Tom Clancy's Rainbow Six (Mac - 1999),4.56,25
Championship Manager: Season 00/01 (Mac - 2000),4.22,97
Cutthroats (Mac - 1984),4.20,5
Capitalism (Mac - 1996),4.34,61
Command & Conquer 3: Tiberium Wars (Mac - 2007),4.00,4
Earthtia Saga: Larthur's Legend (Mac - 1995),0.00,0
Tom Clancy's Politika (Mac - 1997),4.14,7
WWII Online: Blitzkrieg (Mac - 2002),4.50,2
Abuse (Mac - 1996),4.48,87
Let's Explore The Airport (Mac - 1995),3.00,3
Sid Meier's Alpha Centauri: Planetary Pack (Mac - 2002),0.00,0
Night Café (Mac - 1997),0.00,0
Star Wars: DroidWorks (Mac - 1998),4.28,18
Weekend Warrior (Mac - 1997),4.00,1
Gord@k (Mac - 1997),5.00,1
Trevor Chan's Capitalism II (Mac - 2013),4.55,11
MindRover: The Europa Project (Mac - 2003),0.00,0
Balance of Power: The 1990 Edition (Mac - 1988),4.25,80
Sierra Championship Boxing (Mac - 1985),4.60,5
The Lost Tribe (Mac - 1992),4.47,17
Legends of the Lost Realm II: Wilderlands (Mac - 1989),0.00,0
Icewind Dale (Mac - 2002),4.00,4
Call of Duty (Mac - 2004),4.31,29
Heavy Metal: F.A.K.K. 2 (Mac - 2000),4.84,64
Heroes of Might and Magic IV (Mac - 2002),4.26,72
P.A.W.S.: Personal Automated Wagging System (Mac - 1995),5.00,3
The Fidelity Chessmaster 2100 (Mac - 1988),4.63,27
Bolo (Mac - 1989),4.25,16
Carmageddon 2: Carpocalypse Now (Mac - 1999),4.48,115
Cube (Mac - 2005),3.50,2
Mortimer and the Riddles of the Medallion (Mac - 1996),4.75,4
Tetris Gold (Mac - 1993),5.00,6
Putt-Putt Goes to the Moon (Mac - 1995),4.66,151
Avernum V (Mac - 2007),3.00,2
Shanghai II: Dragon's Eye (Mac - 1991),4.17,31
Tux Racer (Mac - 2000),4.29,7
Space Quest IV: Roger Wilco and the Time Rippers (Mac - 1991),4.51,60
Command H.Q. (Mac - 1992),4.63,24
Knight Orc (Mac - 1987),4.86,7
Millennium Soldier: Expendable (Mac - 2013),5.00,2
The Lost Mind of Dr. Brain (Mac - 1995),4.14,36
Chaos Control (Mac - 1996),4.75,4
Lords of the Realm II (Mac - 1996),4.63,32
Red Baron (Mac - 1992),4.81,54
Maisy's Playhouse (Mac - 1999),4.25,12
Freddi Fish 3: The Case of the Stolen Conch Shell (Mac - 1998),4.53,76
Africa Trail (Mac - 1997),3.23,22
Psion Chess (Mac - 1986),4.50,8
Avernum 3 (Mac - 2002),4.50,4
Star Wars: Jedi Knight - Jedi Academy (Mac - 2003),4.90,10
Super Spy (Mac - 1996),5.00,2
Joust (Mac - 1994),4.33,12
Putt-Putt Enters the Race (Mac - 1998),5.00,1
Critical Path (Mac - 1993),2.75,4
The Manhole: CD-ROM Masterpiece Edition (Mac - 1994),5.00,1
Domination (Mac - 2006),5.00,2
Where in the World is Carmen Sandiego? (Mac - 1985),4.37,40
Ishidō: The Way of Stones (Mac - 1990),4.67,3
4th & Inches (Mac - 1989),3.71,28
Cyberchase: Castleblanca Quest (Mac - 2003),4.73,11
The Playroom (Mac - 1989),4.62,13
Manhunter 2: San Francisco (Mac - 1989),4.60,29
Forestia Révoltozoo (Mac - 2002),5.00,1
The Journey (Mac - 1996),5.00,2
Sid Meier's Alpha Centauri (Mac - 2000),5.00,7
Falcon 4.0 (Mac - 1999),5.00,3
Tom Landry Strategy Football (Mac - 1993),3.25,8
Half-Life: Blue Shift (Mac - 2013),2.90,10
X²: The Threat (Mac - 2004),5.00,2
Call of Duty 2 (Mac - 2006),4.19,57
Beyond Dark Castle (Mac - 1988),4.67,15
Quarterstaff (Mac - 1987),4.00,1
EVE Online (Mac - 2007),5.00,2
Bad Mojo (Mac - 1996),4.75,4
Zork: The Undiscovered Underground (Mac - 1997),5.00,4
Worms (Mac - 1996),4.35,148
Stationfall (Mac - 1987),5.00,3
Deadlock: Planetary Conquest (Mac - 1997),4.68,22
Bone: Out from Boneville (Mac - 2006),1.00,1
Aqua Blooper Piper (Mac - 1991),3.67,3
I Spy: Spooky Mansion (Mac - 1999),4.32,25
The Beast Within: A Gabriel Knight Mystery (Mac - 1995),3.88,8
Bridge Master (Mac - 1993),4.13,15
Jan Pienkowski Haunted House (Mac - 1997),3.57,7
Power Pete (Mac - 1995),4.50,44
Spider-Man 2: The Game (Mac - 2004),4.47,708
Blood Bath at Red Falls (Mac - 1995),5.00,1
Life & Death (Mac - 1988),4.46,54
Gish (Mac - 2004),4.75,4
MozPong (Mac - 1998),3.80,5
Pro Pinball: Big Race USA (Mac - 1999),5.00,1
The Manhole (Mac - 1988),4.00,12
Tubular Worlds (Mac - 1994),4.73,11
Zork Zero: The Revenge of Megaboz (Mac - 1988),4.25,12
Outpost 2: Divided Destiny (Mac - 2009),4.50,4
Thinkin' Things Collection 3 (Mac - 1995),4.53,19
Pajama Sam: Games to Play on Any Day (Mac - 2001),4.00,6
Valkyrie (Mac - 1993),4.67,3
Majestic Part 1: Alien Encounter (Mac - 1995),4.50,2
Beyond Zork: The Coconut of Quendor (Mac - 1987),4.04,23
Disney Learning Adventure: Search for the Secret Keys (Mac - 2002),4.10,10
Super Tetris (Mac - 1992),4.64,25
Dragon's Lair: Escape from Singe's Castle (Mac - 1991),4.24,24
Unreal Tournament: Game of the Year Edition (Mac - 2001),4.67,6
Diablo II (Mac - 2000),4.50,14
Amerzone: The Explorer's Legacy (Mac - 1999),4.50,6
Eight Ball Deluxe (Mac - 1993),4.00,12
Deadline (Mac - 1984),4.64,11
Geneforge 4: Rebellion (Mac - 2006),5.00,1
Grand Slam: World Class Tennis (Mac - 1986),4.00,1
Imperialism II: The Age of Exploration (Mac - 1999),4.27,22
Troggle Trouble Math (Mac - 1994),4.67,9
The Fool's Errand (Mac - 1987),4.53,17
Mutant Storm (Mac - 2002),0.00,0
The Journeyman Project 2: Buried in Time (Mac - 1995),4.67,3
Star Fleet I: The War Begins! (Mac - 1987),4.45,27
The Mummy Mystery (Mac - 2001),4.73,11
Putt-Putt and Fatty Bear's Activity Pack (Mac - 1995),4.00,2
The Pawn (Mac - 1986),4.11,18
Planescape: Torment (Mac - 2014),4.33,6
Dragon's Lair (Mac - 1994),4.38,13
Future Cop: L.A.P.D. (Mac - 1998),4.58,200
No Greater Glory: The American Civil War (Mac - 1992),4.23,30
Microsoft Arcade (Mac - 1994),5.00,2
Warcraft II: Tides of Darkness (Mac - 1996),4.42,1647
Magic School Bus Lands on Mars (Mac - 2000),4.39,16
Airline Tycoon Deluxe (Mac - 2005),5.00,4
Activision's Atari 2600 Action Pack (Mac - 1995),5.00,2
Ultima II: The Revenge of the Enchantress... (Mac - 1985),4.28,25
Indiana Jones and his Desktop Adventures (Mac - 1996),3.93,14
Sid Meier's Civilization IV (Mac - 2006),4.80,5
Bonkheads (Mac - 1997),4.45,22
Close Combat: A Bridge Too Far (Mac - 1997),4.76,45
