Title,Average Rating,Number of Ratings
Clonk Rage (Mac - 2007),4.60,5
"Al Unser, Jr. Arcade Racing (Mac - 1995)",4.13,26
WWII Online: Blitzkrieg (Mac - 2002),4.50,2
Alone in the Dark 2 (Mac - 1996),4.40,62
Lost Eden (Mac - 1995),4.54,42
Night Trap (Mac - 1995),4.20,5
Creatures Exodus (Mac - 2005),0.00,0
Dark Castle (Mac - 1986),4.74,38
Zephyr (Mac - 2020),5.00,1
Diablo (Mac - 1998),4.40,633
Beach Head 2002 (Mac - 2002),4.54,28
Eric's Ultimate Solitaire CD (Mac - 1997),2.57,7
AMBER: Journeys Beyond (Mac - 1996),4.00,9
Infidel (Mac - 1984),4.78,9
Shanghai: Great Moments (Mac - 1995),3.20,5
Star Wars: Episode I - Racer (Mac - 2000),4.36,89
Worms (Mac - 1996),4.35,147
Falcon (Mac - 1987),4.24,17
Warrior Kings (Mac - 2003),5.00,4
Lighthouse: The Dark Being (Mac - 1996),3.91,23
Harpoon II (Mac - 1995),4.26,34
Jan Pienkowski Haunted House (Mac - 1997),3.57,7
Might and Magic: Book One - Secret of the Inner Sanctum (Mac - 1988),4.29,24
Total Immersion Racing (Mac - 2003),4.60,25
Caesar III (Mac - 1999),4.27,97
The Quest (Mac - 1984),4.33,3
Wishbringer (Mac - 1985),4.83,12
Heretic II (Mac - 2002),4.54,173
Freedom Force (Mac - 2002),5.00,2
Gauntlet (Mac - 1989),4.90,30
Elite Darts (Mac - 1999),1.00,1
Space Quest IV: Roger Wilco and the Time Rippers (Mac - 1991),4.51,60
Freddi Fish and Luther's Water Worries (Mac - 1996),3.00,1
3 In Three (Mac - 1989),4.40,10
Webmaster (Mac - 1999),5.00,1
The Crack of Doom (Mac - 1989),4.08,13
Zoop (Mac - 1995),4.00,5
Juilliard Music Adventure (Mac - 1995),3.75,4
Final DOOM (Mac - 1996),4.53,30
Dracula 3: The Path of the Dragon (Mac - 2010),4.00,1
Myst V: End of Ages (Mac - 2005),1.00,2
Diablo II (Mac - 2000),4.25,8
The Journeyman Project: Pegasus Prime (Mac - 1997),5.00,3
Lode Runner (Mac - 1984),4.68,37
The Dark Queen of Krynn (Mac - 1992),4.33,30
Disney Learning Adventure: Search for the Secret Keys (Mac - 2002),4.14,7
Rama (Mac - 1997),4.14,14
Karma: Curse of the 12 Caves (Mac - 1995),5.00,1
Killing Time (Mac - 1997),5.00,1
Delta Force: Black Hawk Down (Mac - 2004),4.25,4
No One Lives Forever 2: A Spy in H.A.R.M.'s Way (Mac - 2003),4.63,137
Hanna-Barbera's Cartoon Carnival (Mac - 1995),2.50,6
Power Pete (Mac - 1995),4.48,42
Fate (Mac - 2008),4.20,5
Riven: The Sequel to Myst (Mac - 1997),3.44,9
Summoner (Mac - 2001),4.75,4
Uplink: Hacker Elite (Mac - 2003),4.83,6
Thinkin' Things Collection 3 (Mac - 1995),4.18,11
Quake 4 (Mac - 2006),4.54,13
Connections (Mac - 1995),4.80,5
Loom (Mac - 1990),4.32,62
Hoyle Solitaire (Mac - 1997),3.67,3
Amerzone: The Explorer's Legacy (Mac - 1999),4.60,5
You Don't Know Jack: Volume 3 (Mac - 1997),5.00,1
Septerra Core: Legacy of the Creator (Mac - 2013),5.00,1
Tony Hawk's Pro Skater 3 (Mac - 2003),4.35,110
Moving Puzzle: Jungle World (Mac - 1998),4.00,2
Epic Pinball: The Complete Collection (Mac - 2017),4.40,5
MechWarrior 2: 31st Century Combat (Mac - 1996),4.59,169
Ghost Master (Mac - 2003),4.71,7
Sid Meier's Colonization (Mac - 1995),4.57,523
The Dark Eye (Mac - 1995),4.82,11
Gangland (Mac - 2005),4.50,8
Pedestrian Devastation (Mac - 1999),0.00,0
Secret of the Silver Blades (Mac - 1991),4.25,32
Corpse Killer (Mac - 1994),4.33,3
World of Aden: Entomorph - Plague of the Darkfall (Mac - 1996),4.50,10
Might and Magic III: Isles of Terra (Mac - 1993),4.12,25
Curse of the Azure Bonds (Mac - 1990),4.48,38
1893: A World's Fair Mystery (Mac - 2003),4.88,8
Tenka Touitsu (Mac - 1992),0.00,0
Baldur's Gate II: Shadows of Amn (Mac - 2001),4.00,13
Zork: The Undiscovered Underground (Mac - 1997),5.00,2
Hollywood Hijinx (Mac - 1987),4.71,7
Out of This World (Mac - 1993),4.69,84
Terminal Velocity (Mac - 1996),4.70,43
Star Wars: Yoda's Challenge - Activity Center (Mac - 1999),4.27,11
Night Café (Mac - 1997),0.00,0
Dark Vengeance (Mac - 1998),4.75,8
Giants: Citizen Kabuto (Mac - 2001),4.77,13
Harpoon (Mac - 1990),4.25,112
The Secret Island of Dr. Quandary (Mac - 1996),4.14,37
Yogurt Commercial (Mac - 1998),5.00,1
Kingdom: The Far Reaches (Mac - 1996),4.20,5
Yoot Tower (Mac - 1998),4.53,41
Microshaft Winblows 98 (Mac - 1998),3.67,12
Muppet Treasure Island (Mac - 1996),4.50,28
Moria (Mac - 1993),4.54,35
Joust (Mac - 1994),4.33,12
Pools of Darkness (Mac - 1992),4.69,19
Harpoon Classic (Mac - 1994),4.50,30
Ishidō: The Way of Stones (Mac - 1990),4.67,3
3-D Ultra Pinball: Creep Night (Mac - 1996),4.21,24
Test Drive II Scenery Disk: California Challenge (Mac - 1990),4.54,13
Arkanoid (Mac - 1988),4.46,41
Bridge Deluxe 2 With Omar Sharif (Mac - 1996),0.00,0
The Zork Anthology (Mac - 1994),0.00,0
Wrath of the Gods (Mac - 1994),4.83,12
Yellow Brick Road (Mac - 1995),5.00,1
Classic Text Adventure Masterpieces (Mac - 1996),4.25,4
Call of Duty 2 (Mac - 2006),4.17,48
Chicago 1930 (Mac - 2007),5.00,1
EVE Online (Mac - 2007),5.00,1
Nahan: The Ultimate 3D Puzzle Game (Mac - 1998),4.00,2
Maze Wars+ (Mac - 1986),5.00,3
Glider PRO (Mac - 1994),5.00,3
The Lurking Horror (Mac - 1987),4.06,69
Xyphus (Mac - 1985),5.00,3
Let's Explore: The Farm - With Buzzy (Mac - 1996),5.00,1
Gobliiins (Mac - 1991),4.34,64
Operation Crusader (Mac - 1994),4.57,14
"The Settlers II: Veni, Vidi, Vici (Mac - 1997)",4.83,18
Pajama Sam's SockWorks (Mac - 1997),0.00,0
Shanghai: Second Dynasty (Mac - 1999),3.34,8
Dark Seed II (Mac - 1996),3.72,29
Marathon Trilogy Box Set (Mac - 1997),4.50,2
Treasure Cove! (Mac - 1994),4.67,58
Alternate Reality: The City (Mac - 1987),4.59,22
Bailey's Book House (Mac - 1993),4.63,38
Pyst (Mac - 1997),3.22,9
King's Quest V: Absence Makes the Heart Go Yonder! (Mac - 1991),4.51,74
MDK (Mac - 1998),4.76,21
Under a Killing Moon (Mac - 1995),4.67,3
Obsidian (Mac - 1997),4.47,15
Backyard Soccer 2004 (Mac - 2003),3.90,29
Putt-Putt Enters the Race (Mac - 1998),5.00,1
Deus Ex (Mac - 2000),4.73,30
Super Tetris (Mac - 1992),4.64,25
X²: The Threat (Mac - 2004),5.00,1
"Spy Fox 2: ""Some Assembly Required"" (Mac - 1999)",4.37,19
Putt-Putt and Fatty Bear's Activity Pack (Mac - 1995),5.00,1
Shanghai: Dynasty (Mac - 1997),5.00,2
Nobunaga's Ambition (Mac - 1990),4.38,13
Super Hang-On (Mac - 1989),4.80,20
Hostage: Rescue Mission (Mac - 1989),4.36,36
Lancelot (Mac - 1989),4.58,12
DOOM II (Mac - 1995),4.33,2459
Medal of Honor: Allied Assault (Mac - 2002),4.81,16
Celtic Kings: Rage of War (Mac - 2004),4.38,8
Arthur's 1st Grade (Mac - 1999),3.50,2
Beyond Zork: The Coconut of Quendor (Mac - 1987),4.00,22
The Crimson Crown (Mac - 1986),4.13,8
Iron Storm (Mac - 2013),5.00,2
Star Wars: Episode I - The Gungan Frontier (Mac - 1999),4.04,25
Lode Runner: The Legend Returns (Mac - 1994),4.40,170
Patton Strikes Back: The Battle of the Bulge (Mac - 1991),4.65,23
Sammy's Science House (Mac - 1994),4.50,35
Let's Explore the Jungle (Mac - 1995),5.00,1
Blue Ice (Mac - 1995),3.47,15
Transylvania (Mac - 1984),3.91,25
Bureaucracy (Mac - 1987),4.01,17
Kai-Jin (Mac - 2004),0.00,0
Space Colony (Mac - 2004),3.88,8
Geneforge 5: Overthrow (Mac - 2008),0.00,0
Trevor Chan's Capitalism II (Mac - 2013),4.50,10
WarCraft: Orcs & Humans (Mac - 1995),4.43,868
BreakThru! (Mac - 1994),0.00,0
Grand Slam: World Class Tennis (Mac - 1986),4.00,1
Darwinia (Mac - 2005),5.00,1
MozPong (Mac - 1998),3.75,4
Crusader: Adventure Out of Time (Mac - 1997),4.50,6
Shadow Warrior (Mac - 1997),4.48,27
Return of the Incredible Machine: Contraptions (Mac - 2000),4.49,35
The Beast Within: A Gabriel Knight Mystery (Mac - 1995),4.29,7
Star Fleet I: The War Begins! (Mac - 1987),4.40,25
Gateway (Mac - 1986),5.00,1
Puzz 3D: Victorian Mansion (Mac - 1999),0.00,0
Crystal Caliburn (Mac - 1994),5.00,2
Avernum V (Mac - 2007),0.00,0
Math Blaster ages 6-9 (Mac - 1996),0.00,0
Tux Racer (Mac - 2000),4.17,6
DOOM³ (Mac - 2005),4.54,24
Moonbase (Mac - 1991),4.45,18
Odell Down Under (Mac - 1994),4.37,46
Heroes of Might and Magic IV (Mac - 2002),4.30,71
Magic School Bus Volcano Adventure (Mac - 2001),4.57,28
Slender: The Eight Pages (Mac - 2012),4.00,27
"King's Quest VI: Heir Today, Gone Tomorrow (Mac - 1993)",4.36,90
Gnop! (Mac - 1990),1.67,3
The Journeyman Project 3: Legacy of Time (Mac - 1998),4.00,1
Disney's Math Quest with Aladdin (Mac - 1998),4.77,26
Cyberwar (Mac - 1994),5.00,1
Zork: Grand Inquisitor (Mac - 2001),5.00,3
Domination (Mac - 2006),5.00,2
Castle Explorer (Mac - 1996),4.85,13
Gobliins 2: The Prince Buffoon (Mac - 1992),4.53,36
You Don't Know Jack (Mac - 1995),4.80,5
"JumpStart Adventures: 5th Grade - Jo Hammet, Kid Detective (Mac - 1997)",4.00,7
JumpStart Animal Adventures (Mac - 2002),3.73,5
Microsoft Flight Simulator (Mac - 1986),4.33,3
Battle-Girl (Mac - 1997),4.67,3
Legends of the Lost Realm II: Wilderlands (Mac - 1989),0.00,0
3-D Ultra Pinball: Thrillride (Mac - 2000),4.62,13
Out of the Sun (Mac - 1994),5.00,3
SPY Fox in Hold the Mustard (Mac - 1999),5.00,3
Treasure Quest (Mac - 1996),5.00,1
National Lampoon's Blind Date (Mac - 1994),4.29,7
Babylon 5: Shadow Wars (Mac - 1997),5.00,2
Berlin Connection (Mac - 1998),5.00,2
Descent II (Mac - 1997),4.64,14
Dinopark Tycoon (Mac - 1994),4.37,186
Frankenstein: Through the Eyes of the Monster (Mac - 1995),5.00,3
Knight Orc (Mac - 1987),4.83,6
The Smelly Mystery (Mac - 1997),4.00,3
Nanosaur (Mac - 1998),4.33,3
Wordtris (Mac - 1993),4.11,9
Marathon (Mac - 1994),4.45,11
Achtung Spitfire (Mac - 1997),4.59,16
North Atlantic '86 (Mac - 1988),5.00,3
Super Solvers: Spellbound! (Mac - 1999),4.83,36
Sherlock: The Riddle of the Crown Jewels (Mac - 1988),4.67,9
Battle Chess (Mac - 1991),4.44,404
Caesar (Mac - 1993),4.27,22
Victoria: An Empire Under the Sun (Mac - 2004),4.47,15
X-Plane 5 (Mac - 1999),4.50,8
Darwin's Dilemma (Mac - 1990),5.00,3
Oregon Trail II (Mac - 1996),4.26,350
Capitalism (Mac - 1996),4.42,59
Ascii Sector (Mac - 2008),5.00,2
Icebreaker (Mac - 1996),4.75,4
You Don't Know Jack: Television (Mac - 1997),1.00,1
Mutant Storm (Mac - 2002),0.00,0
Robinson Crusoe (Mac - 2001),4.33,3
Top Gun: Fire at Will! (Mac - 1998),4.67,12
Close Combat: A Bridge Too Far (Mac - 1997),4.76,45
Earl Weaver Baseball (Mac - 1989),4.20,35
Freddy Pharkas: Frontier Pharmacist (Mac - 1993),4.38,35
Mutant Beach (Mac - 1991),5.00,1
Crosscountry USA (Home Edition) (Mac - 1995),4.83,12
Sid Meier's Civilization IV (Mac - 2006),4.75,4
Realms of Arkania III: Shadows over Riva (Mac - 2013),5.00,1
A-Train (Mac - 1992),4.39,70
Tomb Raider: Chronicles (Mac - 2001),4.50,6
The Cassandra Galleries (Mac - 1997),4.50,2
The Last Express (Mac - 1997),3.40,5
Armor Alley (Mac - 1991),4.79,14
Call of Duty: United Offensive (Mac - 2004),4.14,21
MacWars (Mac - 1986),4.00,1
SiN Gold (Mac - 2000),5.00,1
Skull Cracker (Mac - 1996),5.00,1
Strange Adventures in Infinite Space (Mac - 2003),4.89,9
Bridge Master (Mac - 1993),4.13,15
Blockout (Mac - 1989),4.60,30
Beyond Atlantis (Mac - 2001),4.50,2
Sargon III (Mac - 1984),4.17,6
Blades of Exile (Mac - 1997),4.56,9
Return to Zork (Mac - 1993),4.27,45
System's Twilight (Mac - 1994),5.00,1
Thinkin' Things Collection 2 (Mac - 1995),4.79,14
3-D Dinosaur Adventure: Anniversary Edition (Mac - 1997),4.67,15
The Witness (Mac - 1984),4.00,4
Math Blaster: Episode One - In Search of Spot (Mac - 1994),4.62,29
Star Wars: Rebel Assault II - The Hidden Empire (Mac - 1995),5.00,2
Lemmings & Oh No! More Lemmings (Mac - 1993),4.45,21
Wizardry: Proving Grounds of the Mad Overlord (Mac - 1985),4.33,60
Asteroids (Mac - 2000),4.67,9
Icewind Dale (Mac - 2002),4.00,4
Flight Commander 2 (Mac - 1995),4.63,8
Activision's Atari 2600 Action Pack 2 (Mac - 1995),5.00,2
Loony Labyrinth (Mac - 1995),5.00,2
Snoopy's Campfire Stories (Mac - 1996),5.00,4
Masters of the Elements (Mac - 1999),4.75,8
Endorfun (Mac - 1995),5.00,2
Virtual Pool (Mac - 1997),4.67,18
Freddi Fish 3: The Case of the Stolen Conch Shell (Mac - 1998),4.53,76
Locus (Mac - 1995),4.34,6
Balance of the Planet (Mac - 1990),4.84,24
Heart of China (Mac - 1992),4.71,34
Star Fighter (Mac - 1996),5.00,2
Chaos Control (Mac - 1996),4.75,4
Tass Times in Tonetown (Mac - 1986),4.52,23
Curse of Dragor (Mac - 1995),5.00,2
Survivor: The Interactive Game (Mac - 2001),4.60,10
Ring: The Legend of the Nibelungen (Mac - 1998),5.00,6
Reader Rabbit 3 (Mac - 1996),4.50,12
Color Dark Castle (Mac - 1994),5.00,1
Star Trek: Starship Creator (Mac - 1998),4.70,10
Stratego (Mac - 1990),4.43,43
Forestia Révoltozoo (Mac - 2002),5.00,1
No Greater Glory: The American Civil War (Mac - 1992),4.21,24
Stay Tooned! (Mac - 1996),4.53,17
The King of Chicago (Mac - 1986),3.88,8
Cutthroats (Mac - 1984),4.00,4
Dragon's Lair: Escape from Singe's Castle (Mac - 1991),4.18,21
Carrier Command (Mac - 1990),4.53,34
Backstreet Boys: Puzzles in Motion (Mac - 1999),3.33,3
Stellar 7 (Mac - 1993),4.80,30
Master of Orion II: Battle at Antares (Mac - 1997),4.74,31
Command H.Q. (Mac - 1992),4.63,24
Gord@k (Mac - 1997),5.00,1
Earthtia Saga: Larthur's Legend (Mac - 1995),0.00,0
Geneforge (Mac - 2001),1.00,1
Reaper Arena (Mac - 1999),5.00,1
Hellcats Over the Pacific (Mac - 1991),5.00,9
Quake II (Mac - 1999),4.61,57
F-117A Nighthawk Stealth Fighter 2.0 (Mac - 1994),4.57,150
The Hunt for Red October (Mac - 1988),4.60,20
Pipe Dream (Mac - 1989),4.25,12
The Battle for Wesnoth (Mac - 2005),5.00,3
The Time Warp of Dr. Brain (Mac - 1996),4.44,18
Reader Rabbit's Toddler (Mac - 1998),4.47,93
Advanced Dungeons & Dragons: Collector's Edition (Mac - 1994),4.03,23
Black Cats and Pointed Hats (Mac - 2000),4.50,6
Monkey Island 2: LeChuck's Revenge (Mac - 1992),4.28,185
F/A-18 Hornet (Mac - 1993),5.00,9
The Awesome Adventures of Victor Vector & Yondo: The Last Dinosaur Egg (Mac - 1993),4.50,2
3-D Ultra Pinball: The Lost Continent (Mac - 1997),4.86,7
Cyborg (Mac - 1984),4.50,4
Empire Deluxe (Mac - 1993),4.11,27
Close Combat (Mac - 1996),4.65,37
Majestic Part 1: Alien Encounter (Mac - 1995),4.50,2
S.D.I. (Mac - 1987),3.86,7
King's Quest II: Romancing the Throne (Mac - 1987),4.53,38
Snood (Mac - 1996),4.33,6
Moonmist (Mac - 1986),4.37,8
Circus! (Mac - 1995),3.80,5
Quake III: Arena (Mac - 1999),4.67,68
Wacky Races (Mac - 1994),5.00,1
Bone: Out from Boneville (Mac - 2006),0.00,0
Thinkin' Things: Sky Island Mysteries (Mac - 1998),5.00,3
Karnov (Mac - 1989),4.50,14
Oz: The Magical Adventure (Mac - 2000),3.71,24
Zero Critical (Mac - 1998),5.00,2
Qin: Tomb of the Middle Kingdom (Mac - 1996),4.50,2
Secrets of the Luxor (Mac - 1996),5.00,1
Head Rush (Mac - 1998),0.00,0
Space Quest III: The Pirates of Pestulon (Mac - 1991),4.38,60
The Bogus Guru (Mac - 2000),0.00,0
King's Bounty (Mac - 1991),4.52,46
The Feeble Files (Mac - 2003),4.75,4
Carmen Sandiego Word Detective (Mac - 1997),3.90,21
Jack Nicklaus' Greatest 18 Holes of Major Championship Golf (Mac - 1990),4.25,12
Blood Bath at Red Falls (Mac - 1995),5.00,1
Amazon Trail: 3rd Edition (Mac - 1998),4.19,58
Disney's The Emperor's New Groove: Groove Center (Mac - 2002),4.08,13
Monty Python & the Quest for the Holy Grail (Mac - 1996),3.77,22
Trophy Bass (Mac - 1995),4.33,6
Headline Harry and The Great Paper Race (Mac - 1992),4.73,11
The Hitchhiker's Guide to the Galaxy (Mac - 1984),4.38,107
Reader Rabbit's Kindergarten (Mac - 1997),4.33,48
Planescape: Torment (Mac - 2014),4.33,6
Prince of Persia (Mac - 1992),4.58,446
4x4 Evo (Mac - 2000),4.70,82
Ford Simulator II (Mac - 1990),3.92,12
Warcraft II: Tides of Darkness (Mac - 1996),4.42,1638
Imperialism II: The Age of Exploration (Mac - 1999),4.27,22
The Journeyman Project 2: Buried in Time (Mac - 1995),4.67,3
TriTryst (Mac - 1996),5.00,3
Critical Path (Mac - 1993),1.50,2
Tom Landry Strategy Football (Mac - 1993),3.25,8
ClueFinders: Real World Adventure Kit (Mac - 2000),5.00,4
Maniac Sports (Mac - 1994),5.00,1
Once Upon a Knight (Mac - 2005),5.00,1
Leather Goddesses Of Phobos (Mac - 1986),4.18,28
Sub Battle Simulator (Mac - 1987),4.39,18
The Untouchable (Mac - 1998),4.13,8
Enemy Engaged: RAH-66 Comanche versus Ka-52 Hokum (Mac - 2004),0.00,0
MicroLeague Baseball II (Mac - 1989),3.50,6
Space Ace (Mac - 1994),4.24,17
Spectre Supreme (Mac - 1993),4.60,5
StuntCopter (Mac - 1986),5.00,1
Cap'n Crunch's Crunchling Adventure (Mac - 1999),4.46,96
Lara Croft: Tomb Raider - The Angel of Darkness (Mac - 2003),4.56,9
You Don't Know Jack XL: X-Tra Large (Mac - 1996),0.00,0
Enchanted Scepters (Mac - 1985),5.00,4
Aliens Versus Predator: Gold Edition (Mac - 2001),4.44,36
Enchanter Trilogy (Mac - 1986),5.00,1
Return to Mysterious Island (Mac - 2009),5.00,1
Hell Cab (Mac - 1993),5.00,1
Fatty Bear's Birthday Surprise (Mac - 1992),4.57,190
Hexen II (Mac - 2002),4.63,60
Soldier of Fortune II: Double Helix (Mac - 2002),4.12,34
Uncharted Waters (Mac - 1991),4.34,29
Max and the Magician (Mac - 2001),4.00,3
Deliverance: Stormlord II (Mac - 1993),4.78,9
The Simpsons Cartoon Studio (Mac - 1996),4.72,32
Activision's Atari 2600 Action Pack (Mac - 1995),5.00,2
The Manhole: CD-ROM Masterpiece Edition (Mac - 1994),5.00,1
Sid Meier's Pirates!: Live the Life (Mac - 2008),4.43,7
Space Rogue (Mac - 1989),4.60,15
Thexder (Mac - 1990),4.47,32
Master of Orion 3 (Mac - 2003),4.67,3
Treasure Galaxy! (Mac - 1994),4.66,53
The Adventures of Young Indiana Jones: Special Delivery (Mac - 2008),0.00,0
Blades of Avernum (Mac - 2004),0.00,0
Dungeon Siege (Mac - 2003),4.20,25
Labyrinth of Crete (Mac - 1996),3.67,3
The Awesome Adventures of Victor Vector & Yondo: The Cyberplasm Formula (Mac - 1995),4.50,2
Marathon 2: Durandal (Mac - 1995),4.67,9
Discover the World II (Mac - 1995),5.00,6
Superman: The Mysterious Mr. Mist (Mac - 1996),3.00,2
FarmersMahJongg (Mac - 2001),0.00,0
Pirates: Captain's Quest (Mac - 1997),5.00,2
Museum Madness (Mac - 1994),4.48,21
Hidden Agenda (Mac - 1988),4.43,38
Cosmology of Kyoto (Mac - 1995),5.00,2
Shattered Steel (Mac - 1997),5.00,4
Tonka Search & Rescue (Mac - 1997),5.00,3
Shivers (Mac - 1996),4.47,51
Catz: Your Computer Petz (Mac - 1996),4.23,32
Indiana Jones and the Emperor's Tomb (Mac - 2004),4.20,5
Pro Pinball: Fantastic Journey (Mac - 2000),3.00,1
Sid Meier's Civilization III: Complete (Mac - 2006),4.50,4
Anyone for Cards? (Mac - 1994),5.00,1
UMS II: Nations at War (Mac - 1991),3.80,5
Adventure at the Chateau d'Or (Mac - 2001),3.38,8
Ultima II: The Revenge of the Enchantress... (Mac - 1985),4.39,23
A-10 Cuba! (Mac - 1996),4.45,11
Disney presents Ariel's Story Studio (Mac - 1999),4.52,21
Civilization: Call to Power (Mac - 2000),4.76,29
Quest for Glory I: So You Want To Be A Hero (Mac - 1994),4.52,74
The Journey (Mac - 1996),5.00,2
Creepy Castle (Mac - 1991),5.00,1
El-Fish (Mac - 1993),4.30,23
Sword of Sodan (Mac - 1993),4.00,3
Putt-Putt Saves the Zoo (Mac - 1996),4.52,76
Majesty: The Fantasy Kingdom Sim (Mac - 2000),4.93,14
Jagged Alliance 2: Unfinished Business (Mac - 2013),3.75,4
Psion Chess (Mac - 1986),4.50,8
Otto Matic (Mac - 2001),4.17,6
Star Wars: X-Wing - Collector's CD-ROM (Mac - 1996),5.00,1
Silver (Mac - 2000),4.88,8
Sherlock Holmes: Consulting Detective (Mac - 1992),4.33,21
The Land Before Time: Kindergarten Adventure (Mac - 1998),5.00,5
Duke it out in D.C. (Mac - 1997),3.69,13
Troubled Souls (Mac - 1994),5.00,1
X³: Reunion (Mac - 2007),0.00,0
Tubular Worlds (Mac - 1994),4.70,10
Minotaur: The Labyrinths of Crete (Mac - 1992),5.00,1
Search for the Golden Dolphin (Mac - 1999),5.00,2
Batman: Partners in Peril (Mac - 1996),0.00,0
"Gadget: Invention, Travel & Adventure (Mac - 1993)",3.67,3
SimTower: The Vertical Empire (Mac - 1994),4.41,54
Alien Nations (Mac - 2001),4.57,7
Myst (Mac - 1993),3.76,43
Physicus: Save the World with Science! (Mac - 1999),5.00,5
SPQR: The Empire's Darkest Hour (Mac - 1997),4.43,7
Air Warrior (Mac - 1990),4.43,14
Fallout 2 (Mac - 2002),4.30,24
Postal² (Mac - 2004),4.50,8
Zap! (Mac - 1998),5.00,9
Solitaire Royale (Mac - 1987),4.19,16
The Shadows of Mordor (Mac - 1988),4.40,15
The Toy Shop (Mac - 1986),4.67,3
3-D Ultra Pinball (Mac - 1995),4.57,14
Warlock (Mac - 1989),4.29,7
Spider-Man 2: The Game (Mac - 2004),4.48,519
Brain Dead 13 (Mac - 1996),4.71,17
Mario is Missing! (Mac - 1994),4.60,201
Thunder&Lightning (Mac - 2015),3.92,13
Corruption (Mac - 1988),4.72,18
Brimstone (Mac - 1985),3.00,2
King's Quest III: To Heir is Human (Mac - 1988),4.36,56
Quake III: Team Arena (Mac - 2000),4.91,11
Sam & Max: Hit the Road (Mac - 1996),3.77,13
Freddi Fish 4: The Case of the Hogfish Rustlers of Briny Gulch (Mac - 1999),4.50,26
Sid Meier's Civilization (Mac - 1993),4.52,927
The Secret of Monkey Island (Mac - 1992),4.26,126
Dark Mist: The Wizard Vanishes (Mac - 2001),3.80,5
The Amazon Trail (Mac - 1997),4.17,156
TRON 2.0 (Mac - 2004),4.82,17
Deer Hunter (Mac - 1997),4.33,21
Star Wars: Rebel Assault (Mac - 1993),4.88,8
Faces ...tris III (Mac - 1990),3.27,11
Magic School Bus Lands on Mars (Mac - 2000),4.30,14
Balance of Power: The 1990 Edition (Mac - 1988),4.25,77
StarCraft: Brood War (Mac - 1999),5.00,1
Prime Target (Mac - 1996),4.83,6
Mario Teaches Typing 2 (Mac - 1997),4.53,516
Carriers at War (Mac - 1992),4.33,24
The C.H.A.O.S. Continuum (Mac - 1994),4.33,6
Gus Goes to Cybertown (Mac - 1993),0.00,0
NFL Pro League Football (Mac - 1990),5.00,3
Dust: A Tale of the Wired West (Mac - 1995),4.42,24
Daleks (Mac - 1995),3.78,9
Inherit the Earth: Quest for the Orb (Mac - 1994),4.28,17
Pajama Sam 2: Thunder and Lightning aren't so Frightening (Mac - 1998),4.65,64
Freddi Fish and the Case of the Missing Kelp Seeds (Mac - 1995),4.33,33
Burn:Cycle (Mac - 1995),3.80,5
Tracker (Mac - 1987),3.67,3
Déjà Vu II: Lost in Las Vegas (Mac - 1988),4.45,29
In the 1st Degree (Mac - 1996),5.00,4
Africa Trail (Mac - 1997),3.20,20
Disney's Atlantis: The Lost Empire - The Lost Games (Mac - 2001),5.00,2
Blitzkrieg (Mac - 2008),4.67,3
Dragon's Lair III: The Curse of Mordread (Mac - 1992),4.21,19
Damage Incorporated (Mac - 1997),4.67,12
DROD: Journey to Rooted Hold (Mac - 2006),5.00,1
Age of Empires (Mac - 1999),4.50,279
Cogito (Mac - 1992),3.80,5
Imperial Glory (Mac - 2006),5.00,2
Savage 2: A Tortured Soul (Mac - 2008),4.55,20
Heretic Kingdoms: The Inquisition (Mac - 2006),0.00,0
Ice & Fire (Mac - 1996),4.00,3
Moshing Melvin (Mac - 1999),3.50,2
Star Wars: DroidWorks (Mac - 1998),4.44,16
Mortimer and the Riddles of the Medallion (Mac - 1996),4.75,4
Roberta Williams' King's Quest VII: The Princeless Bride (Mac - 1994),4.14,99
"Spy Fox in ""Dry Cereal"" (Mac - 1997)",4.53,43
Legions (Mac - 1994),5.00,6
Sabrina: The Teenage Witch - Spellbound (Mac - 1999),5.00,1
Robin Hood: The Legend of Sherwood (Mac - 2004),4.33,6
The 11th Hour (Mac - 1997),4.32,22
Lugaru (Mac - 2005),0.00,0
Robot City (Mac - 1995),5.00,1
Spirit of Excalibur (Mac - 1990),4.20,20
Europa Universalis II (Mac - 2003),4.41,17
Star Trek: The Next Generation - Klingon Honor Guard (Mac - 1999),4.86,7
Pro Pinball: The Web (Mac - 1996),5.00,2
Weekend Warrior (Mac - 1997),4.00,1
Yogurt Commercial II (Mac - 2001),5.00,2
NFL Challenge (Mac - 1986),4.14,22
Reading Blaster 9-12 1.0 (Mac - 1998),4.53,43
Future Cop: L.A.P.D. (Mac - 1998),4.61,191
Caillou: Magic Playhouse (Mac - 2001),4.23,13
The A-Files (Mac - 1998),0.00,0
Battle Chess: Enhanced CD-ROM (Mac - 1993),4.58,86
Dr. Dumont's Wild P.A.R.T.I. (Mac - 1988),5.00,2
Zork Zero: The Revenge of Megaboz (Mac - 1988),4.25,12
Rave Shuttle: The Cosmic Challenge (Mac - 1997),0.00,0
Myth II: Soulblighter (Mac - 1998),4.60,90
Spy Fox in Cheese Chase (Mac - 1998),5.00,5
Millennium Soldier: Expendable (Mac - 2013),5.00,2
The Mist (Mac - 1986),3.78,9
Destination: Mars! (Mac - 1991),4.50,8
Jazz Jackrabbit 2 (Mac - 1999),4.61,114
The Colony (Mac - 1988),4.46,13
Caper in the Castro (Mac - 1989),3.00,2
Uncle Albert's Magical Album (Mac - 1998),4.33,3
Jump Raven (Mac - 1994),2.75,4
Clive Barker's Undying (Mac - 2002),4.17,12
Medal of Honor: Allied Assault - Spearhead (Mac - 2003),4.00,3
Plundered Hearts (Mac - 1987),4.91,11
Rune (Mac - 2000),4.67,18
Mindshadow (Mac - 1985),4.46,13
"Spy Fox: ""Operation Ozone"" (Mac - 2001)",4.57,7
UMS: The Universal Military Simulator (Mac - 1988),4.17,6
Quarterstaff (Mac - 1987),4.00,1
The Chessmaster 3000 Multimedia (Mac - 1994),5.00,2
Diablo II: Lord of Destruction (Mac - 2001),3.50,4
Super Solvers Mission: T.H.I.N.K. (Mac - 1999),4.31,29
Diamonds 3D (Mac - 1995),0.00,0
Havoc (Mac - 1995),5.00,6
Pool of Radiance (Mac - 1989),4.57,67
Gemstone Warrior (Mac - 1986),4.20,5
HardBall II (Mac - 1990),4.87,8
The Duel: Test Drive II (Mac - 1989),4.27,94
World Class Leader Board (Mac - 1988),4.67,36
Imperialism (Mac - 1997),4.68,25
Outpost 2: Divided Destiny (Mac - 2009),4.50,4
Spectre VR (Mac - 1993),4.75,12
Valkyrie (Mac - 1993),5.00,2
Microsoft Arcade (Mac - 1994),5.00,2
Where in Europe is Carmen Sandiego? (Mac - 1989),4.23,13
Caesar II (Mac - 1996),4.57,99
Alley 19 Bowling (Mac - 1996),4.71,7
Unreal (Mac - 1999),5.00,6
The Legend of Lotus Spring (Mac - 2000),3.00,1
Elroy Goes Bugzerk (Mac - 1995),5.00,1
Medal of Honor: Allied Assault - Breakthrough (Mac - 2004),5.00,3
Disney's Villains' Revenge (Mac - 1999),4.71,38
Zork Nemesis: The Forbidden Lands (Mac - 1996),5.00,1
BloodRayne (Mac - 2003),4.53,38
The Incredible Machine: Even More Contraptions (Mac - 2001),4.70,37
After Dark Games (Mac - 1998),4.39,154
International Tennis Open (Mac - 1995),3.75,4
ClockWerx (Mac - 1995),3.33,9
Creatures Village (Mac - 2001),3.00,2
BackPacker Junior (Mac - 2001),4.67,3
Tom Clancy's Ghost Recon: Desert Siege (Mac - 2002),5.00,1
Police Quest: In Pursuit of the Death Angel (Mac - 1988),4.59,38
Prisoner of Ice (Mac - 1995),4.05,39
Robinson's Requiem (Mac - 1994),4.54,29
Half-Life: Opposing Force (Mac - 2013),3.00,3
Super Spy (Mac - 1996),5.00,2
ZPC (Mac - 1996),4.80,5
Actua Soccer 2 (Mac - 1997),4.40,10
The Playroom (Mac - 1989),4.62,13
ClueFinders: The Incredible Toy Store Adventure (Mac - 2001),4.64,11
Star Wars: Dark Forces (Mac - 1995),4.56,232
Thinkin' Things Collection 1 (Mac - 1993),4.18,17
Pajama Sam's Lost & Found (Mac - 1998),0.00,0
Star Wars: Knights of the Old Republic (Mac - 2004),4.25,8
Putt-Putt Joins the Parade (Mac - 1995),4.59,296
Safecracker (Mac - 1997),4.90,10
Heroes of Might and Magic II: The Succession Wars (Mac - 1997),4.47,57
"Sabrina, the Teenage Witch: Brat Attack (Mac - 2000)",3.67,3
Chex Quest (Mac - 1996),4.34,96
Deadline (Mac - 1984),4.64,11
Deja Vu: A Nightmare Comes True!! (Mac - 1985),4.96,54
Freddi Fish 5: The Case of the Creature of Coral Cove (Mac - 2001),4.54,46
Guy Spy and the Crystals of Armageddon (Mac - 1992),4.00,5
Spooky Castle: The Adventures of Kid Mystic (Mac - 1999),5.00,2
Baldur's Gate (Mac - 2000),4.40,10
The Even More! Incredible Machine (Mac - 1993),4.22,81
Chaos Overlords (Mac - 1996),4.58,12
Sethi and the Inca Wizard (Mac - 2001),4.00,1
Fahrenheit 451 (Mac - 1985),4.56,9
Civilization II: Multiplayer Gold Edition (Mac - 1999),4.40,67
Arthur's Birthday (Mac - 1994),4.33,18
Scholastic's The Magic School Bus Explores the Human Body (Mac - 1994),4.63,32
Hexen: Deathkings of the Dark Citadel (Mac - 1996),4.81,27
Life & Death (Mac - 1988),4.48,52
Myst V: End of Ages (Limited Edition) (Mac - 2005),0.00,0
Galactic Frontiers (Mac - 1991),5.00,2
Timelapse (Mac - 1998),5.00,1
Kid Pix Studio Deluxe (Mac - 1998),4.53,73
Caesars Palace (Mac - 1992),3.67,3
Myth: The Fallen Lords (Mac - 1997),4.63,82
Pathways into Darkness (Mac - 1993),4.20,10
Golden Gate (Mac - 1997),3.50,2
Kasparov Chessmate (Mac - 2004),5.00,4
Pillars of Garendall (Mac - 2001),5.00,5
Marathon Infinity (Mac - 1996),4.50,6
Welltris (Mac - 1990),3.91,24
Games That Didn't Make It (Mac - 1999),5.00,1
Tomb Raider II (Mac - 1998),4.60,5
Dogz: Your Computer Pet (Mac - 1996),4.83,6
The Magic School Bus Explores Bugs (Mac - 2000),4.68,25
Math Munchers Deluxe (Mac - 1995),4.50,4
Gearheads (Mac - 1996),5.00,2
Paris 1313: The Mystery of Notre-Dame Cathedral (Mac - 1999),4.50,6
The 7th Guest (Mac - 1994),3.94,75
Zork Trilogy (Mac - 1987),4.50,24
Chessmaster 6000 (Mac - 1999),4.50,14
Tetris (Mac - 1988),4.40,30
Samurai Mech II (Mac - 1994),5.00,3
Prince of Persia 2: The Shadow & The Flame (Mac - 1994),4.50,434
Tom Clancy's Politika (Mac - 1997),4.14,7
Combat Mission: Beyond Overlord (Mac - 2000),3.00,1
Nord and Bert Couldn't Make Head or Tail of It (Mac - 1987),4.64,14
StarCraft (Mac - 1999),5.00,2
FireFly Studios' Stronghold (Mac - 2002),4.11,9
NumberMaze (Mac - 1988),4.71,7
The Fidelity Chessmaster 2100 (Mac - 1988),4.56,23
A-10 Attack! (Mac - 1995),4.69,13
Alien Conspiracy (Mac - 1998),5.00,1
Tropico (Mac - 2001),4.38,21
Frogger (Mac - 1984),4.16,32
Torin's Passage (Mac - 1995),4.41,70
Northland (Mac - 2003),4.50,2
Quarterstaff: The Tomb of Setmoth (Mac - 1988),5.00,2
Wayne Gretzky Hockey (Mac - 1990),4.25,8
Rayman 3: Hoodlum Havoc (Mac - 2004),5.00,3
Checkmate (Mac - 1993),0.00,0
Dracula: The Resurrection (Mac - 2001),4.00,2
I Spy: Spooky Mansion (Mac - 1999),4.24,21
Myst: Masterpiece Edition (Mac - 2000),3.00,4
Mystery Case Files: Huntsville (Mac - 2006),4.50,4
Star Wars: Jedi Knight - Jedi Academy (Mac - 2003),5.00,8
Worms Blast (Mac - 2003),4.38,8
Bad Milk (Mac - 2000),4.00,10
Symbiocom (Mac - 1998),0.00,0
Star Trek: Starfleet Academy (Mac - 1997),5.00,2
Gundam 0079: The War for Earth (Mac - 1996),4.50,10
Nethergate (Mac - 1999),5.00,1
Treasure MathStorm! (Mac - 1992),4.48,132
Manhunter 2: San Francisco (Mac - 1989),4.60,29
The Adventures of Young Indiana Jones: Revolution (Mac - 2007),0.00,0
Comanche CD (Mac - 1995),5.00,4
Nanosaur Extreme (Mac - 2002),5.00,3
Afterlife (Mac - 1996),4.00,15
Border Zone (Mac - 1987),4.75,8
HardBall! (Mac - 1986),3.33,9
Over the Reich (Mac - 1996),4.67,6
Word Blaster (Mac - 1996),5.00,1
You Don't Know Jack: Sports (Mac - 1996),0.00,0
Dracula: The Last Sanctuary (Mac - 2002),5.00,2
Grackon's Curse (Mac - 1995),5.00,1
Tomb Raider: The Last Revelation (Mac - 2000),4.25,4
Hearts of Iron (Mac - 2003),4.47,17
Wizardry Gold (Mac - 1996),5.00,3
Castles II: Siege & Conquest (Mac - 1994),4.47,100
Freddi Fish 2: The Case of the Haunted Schoolhouse (Mac - 1996),4.47,38
Lode Runner On-Line: The Mad Monks' Revenge (Mac - 1995),4.50,26
Incoming: The Final Conflict (Mac - 2002),0.00,0
Maisy's Playhouse (Mac - 1999),4.20,10
Deadlock: Planetary Conquest (Mac - 1997),4.68,22
Alge-Blaster 3 (Mac - 1995),4.50,4
Putt-Putt Travels Through Time (Mac - 1997),4.81,42
Sierra Championship Boxing (Mac - 1985),4.60,5
Spectre (Mac - 1991),4.17,23
Cyberblast (Mac - 1992),5.00,1
Rise of The Dragon (Mac - 1991),4.70,71
Racter (Mac - 1985),4.25,12
Flying Nightmares (Mac - 1994),3.67,3
Descent (Mac - 1995),4.47,79
Ricochet (Mac - 2013),5.00,1
Elroy Hits the Pavement (Mac - 1996),4.29,7
Mad Dog McCree (Mac - 1994),4.44,61
Freddi Fish and Luther's Maze Madness (Mac - 1996),4.64,14
Quake (Mac - 1997),4.67,71
Tempest 2000 (Mac - 1998),4.86,7
Tropico 2: Pirate Cove (Mac - 2005),4.75,4
Postal (Mac - 1997),4.00,6
Sacrifice (Mac - 2001),4.62,13
Half-Life: Source (Mac - 2013),5.00,2
Eight Legged Freaks (Mac - 2002),4.55,20
The Residents' Bad Day on the Midway (Mac - 1995),5.00,5
Let's Explore The Airport (Mac - 1995),3.00,3
Payback (Mac - 2003),5.00,4
Wolfenstein 3D (Mac - 1995),4.21,61
Bill Elliott's Nascar Challenge (Mac - 1992),4.47,17
Half-Life (Mac - 2013),4.59,17
Might and Magic: World of Xeen (Mac - 1995),4.38,55
The Yeerk Pool (Mac - 1997),0.00,0
Where in the World Is Carmen Sandiego?: Junior Detective Edition (Mac - 1994),4.00,11
The Fool's Errand (Mac - 1987),4.53,17
Heaven & Earth (Mac - 1992),4.50,12
James Bond 007: A View to a Kill (Mac - 1986),4.14,14
Medal of Honor: Allied Assault - War Chest (Mac - 2005),5.00,2
Redneck Rampage: Family Reunion (Mac - 2012),5.00,1
Welcome to the Future (Mac - 1995),3.00,1
Zeddas: Servant of Sheol (Mac - 1994),0.00,0
Massive Assault (Mac - 2005),5.00,5
Avernum IV (Mac - 2005),0.00,0
Mr. Potato Head Saves Veggie Valley (Mac - 1996),4.11,27
Eat My Photons! (Mac - 1994),0.00,0
Escape from Monkey Island (Mac - 2001),3.36,11
Avernum 3 (Mac - 2002),4.50,4
Step On It! (Mac - 1996),5.00,2
Sim Farm (Mac - 1993),4.31,191
Chuck Yeager's Advanced Flight Simulator (Mac - 1988),3.81,16
Kawasaki ATV PowerSports (Mac - 2000),3.00,2
Iron Helix (Mac - 1993),5.00,5
Mario's Game Gallery (Mac - 1995),4.56,345
Spider-Man (Mac - 2002),4.53,581
Trust and Betrayal: The Legacy of Siboot (Mac - 1987),4.00,2
Unreal Tournament (Mac - 2000),4.13,48
Jonny Quest: The Real Adventures - Cover-Up at Roswell (Mac - 1996),5.00,2
Tetris Gold (Mac - 1993),5.00,6
Tesserae (Mac - 1990),3.67,3
Die Olchis (Mac - 2005),0.00,0
King's Quest (Mac - 1986),4.32,115
A Day At Work (Mac - 1999),3.43,7
At the Carnival (Mac - 1989),4.33,6
Garfield's Mad About Cats (Mac - 2000),4.43,7
MacPuzzle (Mac - 1984),4.00,1
Just Grandma and Me (Mac - 1992),4.87,15
Disney's Timon & Pumbaa's Jungle Games (Mac - 1996),4.47,99
Lords of the Realm II (Mac - 1996),4.61,31
Merlin's Apprentice (Mac - 1995),4.00,2
Airborne! (Mac - 1984),5.00,9
Star Wars: Galactic Battlegrounds (Mac - 2002),4.41,130
The Pawn (Mac - 1986),4.08,13
Geneforge 3 (Mac - 2005),0.00,0
Gate 88 (Mac - 2004),5.00,1
Half-Life: Blue Shift (Mac - 2013),2.78,9
Animaniacs: Game Pack! (Mac - 1998),4.54,13
Kawasaki Jet Ski Watercraft (Mac - 2000),5.00,2
Gish (Mac - 2004),5.00,1
Harrier Strike Mission (Mac - 1985),5.00,3
Red Baron (Mac - 1992),4.81,54
StarFlight 2: Trade Routes of The Cloud Nebula (Mac - 1991),4.50,39
Journey: The Quest Begins (Mac - 1989),5.00,7
8th Wonder of the World (Mac - 2004),4.67,3
Space Ace II: Borf's Revenge (Mac - 1991),4.57,7
Aquaman: War of the Water Worlds (Mac - 1996),2.50,2
Bonkheads (Mac - 1997),4.40,20
Little Monster at School (Mac - 1994),5.00,7
Bumbler Bee-Luxe (Mac - 1997),4.00,5
Indiana Jones and his Desktop Adventures (Mac - 1996),3.93,14
Cyberchase: Castleblanca Quest (Mac - 2003),4.73,11
"Star Trek: The Next Generation - ""A Final Unity"" (Mac - 1995)",4.47,43
Putt-Putt and Pep's Dog on a Stick (Mac - 1996),4.67,9
System Shock 2 (Mac - 2013),4.44,9
Uninvited (Mac - 1986),4.00,19
The Ancient Art of War (Mac - 1985),4.27,67
Command & Conquer: Red Alert 3 (Mac - 2009),3.33,3
Gardyloo Golf (Mac - 1998),0.00,0
Pajama Sam 3: You Are What You Eat From Your Head To Your Feet (Mac - 2001),4.67,59
Rainbow Fish and the Whale (Mac - 2001),5.00,1
Suspect (Mac - 1984),4.86,7
Terrace (Mac - 1995),5.00,1
Seastalker (Mac - 1984),4.71,7
The Bitter End (Mac - 1999),0.00,0
Conquest of the New World (Mac - 1996),4.44,16
Mario Teaches Typing (Mac - 1993),4.40,2074
P.A.W.S.: Personal Automated Wagging System (Mac - 1995),5.00,3
Jinxter (Mac - 1987),4.80,5
Tomb Raider III: Adventures of Lara Croft (Mac - 1998),4.33,6
Star Trek: 25th Anniversary (Mac - 1993),4.55,59
SimCity 4: Deluxe Edition (Mac - 2005),4.11,9
You Don't Know Jack: Movies (Mac - 1997),1.00,2
Command & Conquer 3: Tiberium Wars (Mac - 2007),4.00,4
You Don't Know Jack: Volume 4 - The Ride (Mac - 1998),3.00,1
Command & Conquer: Generals - Zero:Hour (Mac - 2005),4.25,16
Blackthorne (Mac - 1996),4.83,41
Sid Meier's Civilization III (Mac - 2002),4.42,12
Wishbone and the Amazing Odyssey (Mac - 1996),4.50,8
Harry and the Haunted House (Mac - 1994),4.38,8
Total Distortion (Mac - 1995),4.12,17
Panzer General (Mac - 1996),4.49,205
Tom Clancy's Splinter Cell (Mac - 2004),4.50,4
Pensate (Mac - 1984),3.00,1
Championship Manager: Season 00/01 (Mac - 2000),4.13,85
Star Wars (Mac - 1988),4.47,36
Shanghai II: Dragon's Eye (Mac - 1991),4.20,30
Dr. Seuss's ABC (Mac - 1995),4.00,17
The Lost Treasures of Infocom II (Mac - 1992),5.00,2
Flight Unlimited (Mac - 1995),5.00,11
NASCAR Racing (Mac - 1996),4.49,94
Falcon 4.0 (Mac - 1999),5.00,3
Pippi (Mac - 1995),1.00,1
Where in the World is Carmen Sandiego? (Mac - 1985),4.32,34
Jade Empire: Special Edition (Mac - 2008),2.00,1
StarFlight (Mac - 1990),4.64,50
The Adventures of Young Indiana Jones: Hunting for Treasure (Mac - 2008),0.00,0
The Chessmaster 2000 (Mac - 1987),4.54,39
Playskool Puzzles (Mac - 1996),5.00,1
Driver (Mac - 2000),4.40,79
Might and Magic II: Gates to Another World (Mac - 1990),4.44,36
Magic Fairy Tales: Barbie As Rapunzel (Mac - 1997),4.57,30
Oxyd (Mac - 1992),4.11,19
IndyCar Racing II (Mac - 1996),4.75,90
Abuse (Mac - 1996),4.46,81
Apache Strike (Mac - 1987),4.75,4
Spaceship Warlock (Mac - 1991),4.29,7
Pro Pinball: Timeshock! (Mac - 1998),3.40,5
Qwirks (Mac - 1995),5.00,6
Runaway: A Road Adventure (Mac - 2013),5.00,1
Arthur: The Quest for Excalibur (Mac - 1989),5.00,13
Holiday Lemmings (Mac - 1992),3.90,19
Millionaire: The Stock Market Simulation (Mac - 1984),3.80,5
The ClueFinders: 4th Grade Adventures (Mac - 1998),4.42,74
Pac-in-Time (Mac - 1994),4.50,30
Superboy: Spies from Outer Space (Mac - 1996),5.00,1
Pajama Sam: Games to Play on Any Day (Mac - 2001),3.80,5
The Fellowship of The Ring (Mac - 1987),4.50,30
Titanic: Adventure Out of Time (Mac - 1996),4.44,61
Pirates! Gold (Mac - 1994),4.43,138
Defender of The Crown (Mac - 1987),4.56,82
Breach (Mac - 1987),4.44,9
LinCity-NG (Mac - 2012),4.63,8
Vette! (Mac - 1991),4.70,20
Creatures (Mac - 1996),4.07,15
Star Trek: The Promethean Prophecy (Mac - 1988),4.57,7
Star Wars: Jedi Knight II - Jedi Outcast (Mac - 2002),4.14,7
Age of Empires II: Gold Edition (Mac - 2001),4.11,441
Logical Journey of the Zoombinis (Mac - 1996),4.38,419
Orbiter (Mac - 1988),4.75,4
Sid Meier's Alpha Centauri: Planetary Pack (Mac - 2002),0.00,0
Carmageddon 2: Carpocalypse Now (Mac - 1999),4.51,114
Opera Fatal (Mac - 1996),4.40,5
PT-109 (Mac - 1988),4.53,15
Earth 2140 (Mac - 2001),3.85,13
HIND: The Russian Combat Helicopter Simulation (Mac - 1997),4.00,5
Dora the Explorer: Lost City Adventure (Mac - 2002),4.59,48
Office Building (Mac - 1999),5.00,1
Unreal Tournament: Game of the Year Edition (Mac - 2001),4.75,4
Cosmic Memory (Mac - 2002),3.00,1
Dungeon Master II: Skullkeep (Mac - 1995),4.66,56
Dragon's Lair (Mac - 1994),3.80,5
Avernum (Mac - 2000),5.00,2
Cribbage King / Gin King (Mac - 1990),4.00,4
The Lost Mind of Dr. Brain (Mac - 1995),4.18,34
AmoebArena (Mac - 1995),0.00,0
Alone in the Dark 3 (Mac - 1996),4.61,61
Apache (Mac - 1995),4.89,19
Risk! (Mac - 1986),3.75,4
Avernum 2 (Mac - 2000),4.00,3
Heavy Metal: F.A.K.K. 2 (Mac - 2000),4.87,56
Shufflepuck Cafe (Mac - 1988),4.48,54
Star Trek: Deep Space Nine - The Fallen (Mac - 2000),4.86,7
Disney's The Hunchback of Notre Dame: 5 Topsy Turvy Games (Mac - 1996),4.25,28
Rogue (Mac - 1985),4.56,72
Oddballz: Your Wacky Computer Petz (Mac - 1996),3.88,8
The Incredible Toon Machine (Mac - 1994),4.78,9
Disney•Pixar Finding Nemo (Mac - 2003),4.40,20
Egypt 1156 B.C.: Tomb of the Pharaoh (Mac - 1997),5.00,1
Wing Commander III: Heart of the Tiger (Mac - 1995),5.00,1
Geneforge 4: Rebellion (Mac - 2006),5.00,1
Unlimited Adventures (Mac - 1993),4.60,20
Foul Play: Mystery at Awkward Manor (Mac - 1995),5.00,4
Gato (Mac - 1984),4.40,30
Ballyhoo (Mac - 1986),4.80,5
Forbidden Quest (Mac - 1985),4.00,2
Wing Commander IV: The Price of Freedom (Mac - 1996),5.00,2
Allied General (Mac - 1995),4.40,50
The Yukon Trail (Mac - 1994),4.54,48
Gold Rush! (Mac - 1989),4.28,49
Starship Titanic (Mac - 1999),4.40,10
Sid Meier's Alpha Centauri (Mac - 2000),5.00,6
Geneforge 2 (Mac - 2003),0.00,0
Quest for Glory V: Dragon Fire (Mac - 1998),4.33,15
G-Netix (Mac - 1993),5.00,3
Sensory Overload (Mac - 1994),0.00,0
MacBugs! (Mac - 1985),0.00,0
Earthly Delights (Mac - 1985),4.00,5
Fire-Brigade: The Battle for Kiev - 1943 (Mac - 1989),4.62,13
Shogo: Mobile Armor Division (Mac - 2000),4.60,15
Ceremony of Innocence (Mac - 1997),4.75,4
Lode Runner 2 (Mac - 1998),4.20,10
Monty Python's Complete Waste of Time (Mac - 1995),4.00,4
Supreme Warrior (Mac - 1996),4.00,2
The Nicktoons Memory Challenge (Mac - 1996),0.00,0
4th & Inches (Mac - 1989),3.70,27
Pax Imperia: Eminent Domain (Mac - 1998),5.00,3
Heroes of Might and Magic (Mac - 1996),4.45,120
Hoyle: Official Book of Games - Volume 1 (Mac - 1990),4.39,23
The Hobbit (Mac - 1987),4.63,51
Beyond the Wall of Stars (Mac - 1992),4.00,5
Vampire: The Masquerade - Redemption (Mac - 2001),4.78,9
Hoyle Classic Games (Mac - 1996),3.20,5
Anastasia: Adventures with Pooka and Bartok! (Mac - 1997),4.71,7
Firefall Arcade (Mac - 1993),4.25,4
Red Faction (Mac - 2001),4.71,7
Fusillade (Mac - 1985),0.00,0
Atomino (Mac - 1994),4.60,10
Captain Blood (Mac - 1989),4.36,25
Crystal Quest (Mac - 1987),4.10,10
Grand Prix Circuit (Mac - 1989),4.61,72
The Mummy Mystery (Mac - 2001),4.70,10
The Awesome Adventures of Victor Vector & Yondo: The Hypnotic Harp (Mac - 1993),3.60,5
Sargon V: World Class Chess (Mac - 1994),4.30,20
Hoyle Kids Games (Mac - 2000),4.36,11
Daria's Inferno (Mac - 2000),4.26,19
Tom Clancy's Ghost Recon (Mac - 2002),4.89,9
MTV: Club Dead (Mac - 1994),3.33,6
Battle Beast (Mac - 1995),4.56,41
Beyond Dark Castle (Mac - 1988),4.64,14
Starglider II (Mac - 1989),4.48,15
Millie's Math House (Mac - 1992),4.51,53
Tom Clancy's Rainbow Six (Mac - 1999),4.52,23
The Manhole (Mac - 1988),3.91,11
Breakline (Mac - 1993),3.67,3
D-Day: America Invades (Mac - 1995),4.62,7
Death from Above (Mac - 1995),3.50,2
Eight Ball Deluxe (Mac - 1993),4.00,12
Castle of Dr. Brain (Mac - 1992),4.77,31
Mouse Stampede (Mac - 1984),3.50,4
Pro Pinball: Big Race USA (Mac - 1999),5.00,1
Samurai Mech (Mac - 1992),5.00,2
Shadowgate (Mac - 1987),4.08,12
Railroad Tycoon II: Gold Edition (Mac - 1999),4.34,27
Crime Patrol (Mac - 1994),4.71,17
Aqua Blooper Piper (Mac - 1991),3.50,2
Hoyle: Official Book of Games - Volume 2: Solitaire (Mac - 1991),4.23,13
Winter Games (Mac - 1986),4.52,33
Gabriel Knight: Sins of the Fathers (Mac - 1994),4.54,85
Arc of Doom (Mac - 1994),5.00,1
A Mind Forever Voyaging (Mac - 1985),4.45,27
Absolute Zero (Mac - 1995),3.86,14
Bolo (Mac - 1989),4.14,14
Dragon's Lair (Mac - 1990),4.04,45
Full Metal Planet (Mac - 1991),4.73,11
Reading Blaster 2000 (Mac - 1996),0.00,0
Railroad Tycoon II (Mac - 1999),5.00,5
Troggle Trouble Math (Mac - 1994),4.50,6
Bad Mojo: Redux (Mac - 2004),5.00,2
Putt-Putt Goes to the Moon (Mac - 1995),4.66,151
The Lost Tribe (Mac - 1992),4.47,17
Where in the U.S.A. is Carmen Sandiego? (Mac - 1989),4.20,10
Airline Tycoon Deluxe (Mac - 2005),5.00,4
Avernum 6 (Mac - 2009),5.00,1
Bandit Kings of Ancient China (Mac - 1989),4.43,33
Cave Dig 3 (Mac - 2001),4.50,2
Command & Conquer: Generals (Mac - 2004),4.43,21
Barbie Mermaid Adventure (Mac - 2004),4.38,21
The Oregon Trail (Mac - 1993),4.35,235
You Don't Know Jack: Volume 2 (Mac - 1996),3.00,1
Cold War (Mac - 2006),4.50,2
Mystery Master: Murder by the Dozen (Mac - 1984),4.57,7
Outpost (Mac - 1994),4.70,22
Amazon (Mac - 1985),4.88,8
Putt-Putt and Pep's Balloon-o-Rama (Mac - 1998),4.77,13
Railroad Tycoon 3 (Mac - 2004),5.00,4
Hacker (Mac - 1985),4.05,22
Wizardry: Bane of the Cosmic Forge (Mac - 1991),4.47,36
Stationfall (Mac - 1987),5.00,3
Warlords (Mac - 1992),4.82,44
Fisher-Price Great Adventures: Wild Western Town (Mac - 1997),4.50,12
Captain Bumper (Mac - 2001),0.00,0
Flight Commander (Mac - 1993),5.00,5
Maniac Mansion: Day of the Tentacle (Mac - 1996),4.32,59
The Ancient Art of War at Sea (Mac - 1988),4.63,27
Deathmatch Classic (Mac - 2013),4.20,5
Neverwinter Nights (Mac - 2003),4.60,5
Pajama Sam: No Need to Hide When It's Dark Outside (Mac - 1996),4.62,200
Alice: An Interactive Museum (Mac - 1991),5.00,2
ClueFinders: Mystery Mansion Arcade (Mac - 2000),4.54,13
Darby the Dragon (Mac - 1996),4.75,12
Moving Puzzle: Cats (Mac - 1998),5.00,1
MasterType (Mac - 1984),5.00,1
Putt-Putt Joins the Circus (Mac - 2000),4.74,41
Sands of Fire (Mac - 1989),4.57,7
Redneck Rampage (Mac - 1999),4.00,17
"Harlan Ellison: I Have No Mouth, and I Must Scream (Mac - 1995)",4.69,108
Call of Duty (Mac - 2004),4.32,22
3-D Ultra NASCAR Pinball (Mac - 1999),5.00,11
Math Workshop (Mac - 1995),4.46,13
Microsoft Flight Simulator (v4.0) (Mac - 1991),4.35,34
Bad Mojo (Mac - 1996),4.75,4
Myst IV: Revelation (Mac - 2004),3.00,2
Suspended (Mac - 1984),4.86,7
Wolf Pack (Mac - 1993),4.86,28
Starcross (Mac - 1984),3.94,15
Lunicus (Mac - 1994),3.75,4
Futuria (Mac - 1985),3.50,2
9: The Last Resort (Mac - 1996),4.31,13
Mixed-Up Mother Goose Deluxe (Mac - 1995),4.62,13
The Tortoise and the Hare (Mac - 1993),4.67,6
Extreme Prejudice (Mac - 1999),0.00,0
Full Throttle (Mac - 1996),4.31,317
