Title,Average Rating,Number of Ratings
1893: A World's Fair Mystery (Mac - 2003),5.00,3
3 In Three (Mac - 1989),3.80,5
3-D Ultra NASCAR Pinball (Mac - 1999),5.00,7
3-D Ultra Pinball (Mac - 1995),4.43,7
3-D Ultra Pinball: Creep Night (Mac - 1996),4.43,7
3-D Ultra Pinball: The Lost Continent (Mac - 1997),4.67,3
3-D Ultra Pinball: Thrillride (Mac - 2000),4.25,4
4th & Inches (Mac - 1988),3.55,18
4x4 Evo (Mac - 2000),4.70,20
9: The Last Resort (Mac - 1996),4.00,9
A Day At Work (Mac - 1999),3.17,6
A Mind Forever Voyaging (Mac - 1985),4.33,22
A-10 Attack! (Mac - 1995),4.75,4
A-10 Cuba! (Mac - 1996),5.00,3
A-Train (Mac - 1992),4.39,58
Absolute Zero (Mac - 1995),3.86,14
Abuse (Mac - 1996),4.51,55
Achtung Spitfire (Mac - 1997),4.63,8
Activision's Atari 2600 Action Pack (Mac - 1995),5.00,2
Activision's Atari 2600 Action Pack 2 (Mac - 1995),5.00,2
Actua Soccer 2 (Mac - 1997),4.80,5
Advanced Dungeons & Dragons: Collector's Edition (Mac - 1994),4.24,20
Adventure at the Chateau d'Or (Mac - 2001),3.00,2
Africa Trail (Mac - 1997),2.33,6
After Dark Games (Mac - 1998),4.34,100
Afterlife (Mac - 1996),3.92,12
Age of Empires (Mac - 1999),4.48,172
Age of Empires II: Gold Edition (Mac - 2001),4.10,373
Air Warrior (Mac - 1990),4.34,12
Airborne! (Mac - 1984),5.00,6
"Al Unser, Jr. Arcade Racing (Mac - 1995)",4.15,10
Alge-Blaster 3 (Mac - 1995),4.33,3
Alice: An Interactive Museum (Mac - 1994),5.00,2
Alien Conspiracy (Mac - 1998),5.00,1
Alien Nations (Mac - 2001),4.40,5
Aliens Versus Predator: Gold Edition (Mac - 2001),4.43,28
Alley 19 Bowling (Mac - 1996),5.00,2
Allied General (Mac - 1995),4.35,23
Alone in the Dark 2 (Mac - 1996),4.44,52
Alone in the Dark 3 (Mac - 1996),4.56,54
Alternate Reality: The City (Mac - 1986),4.59,17
Amazon (Mac - 1985),5.00,5
Amazon Trail 3rd Edition (Mac - 1998),4.22,23
AMBER: Journeys Beyond (Mac - 1996),3.67,6
Amerzone: The Explorer's Legacy (Mac - 2010),4.33,3
AmoebArena (Mac - 1995),0.00,0
Anastasia: Adventures with Pooka and Bartok! (Mac - 1997),4.50,4
Anyone for Cards? (Mac - 1994),0.00,0
Apache (Mac - 1995),4.89,18
Apache Strike (Mac - 1987),5.00,1
Aqua Blooper Piper (Mac - 1991),3.50,2
Aquaman: War of the Water Worlds (Mac - 1996),0.00,0
Arc of Doom (Mac - 1994),5.00,1
Arkanoid (Mac - 1988),4.56,25
Armor Alley (Mac - 1991),4.77,13
Arthur's Birthday (Mac - 1994),3.88,8
Arthur: The Quest for Excalibur (Mac - 1989),5.00,11
Asteroids (Mac - 2000),5.00,1
At the Carnival (Mac - 1989),4.20,5
Atomino (Mac - 1994),4.40,5
Babylon 5: Shadow Wars (Mac - 1997),0.00,0
BackPacker Junior (Mac - 2001),5.00,2
Backstreet Boys: Puzzles in Motion (Mac - 1999),3.33,3
Bad Milk (Mac - 2000),3.71,7
Bad Mojo (Mac - 1996),5.00,1
Bad Mojo: Redux (Mac - 2004),5.00,2
Bailey's Book House (Mac - 1993),4.61,23
Balance of Power: The 1990 Edition (Mac - 1988),4.09,47
Balance of the Planet (Mac - 1990),4.79,19
Ballyhoo (Mac - 1986),4.50,2
Bandit Kings of Ancient China (Mac - 1989),4.50,16
Barbie Mermaid Adventure (Mac - 2004),4.25,12
Batman: Partners in Peril (Mac - 1996),0.00,0
Battle Beast (Mac - 1995),4.66,30
Battle Chess (Mac - 1991),4.42,366
Battle Chess: Enhanced CD-ROM (Mac - 1993),4.52,67
Battle-Girl (Mac - 1997),4.50,2
Beach Head 2002 (Mac - 2002),4.44,18
Berlin Connection (Mac - 1998),5.00,1
Beyond Dark Castle (Mac - 1987),4.75,12
Beyond the Wall of Stars (Mac - 1992),4.00,3
Beyond Zork: The Coconut of Quendor (Mac - 1987),4.00,22
Bill Elliott's Nascar Challenge (Mac - 1991),4.58,12
Black Cats and Pointed Hats (Mac - 2000),4.67,3
Blackthorne (Mac - 1996),4.85,27
Blades of Exile (Mac - 1997),5.00,4
Blockout (Mac - 1989),4.55,22
Blood Bath at Red Falls (Mac - 1995),5.00,1
BloodRayne (Mac - 2003),4.42,24
Blue Ice (Mac - 1995),3.36,14
Bolo (Mac - 1989),4.25,8
Bonkheads (Mac - 1997),4.29,14
Border Zone (Mac - 1987),4.75,8
Brain Dead 13 (Mac - 1996),5.00,5
Breach (Mac - 1987),4.44,9
Breakline (Mac - 1993),2.00,1
BreakThru! (Mac - 1994),0.00,0
Bridge Deluxe 2 With Omar Sharif (Mac - 1996),0.00,0
Bridge Master (Mac - 1992),4.00,13
Brimstone (Mac - 1985),1.00,1
Bumbler Bee-Luxe (Mac - 1997),4.00,5
Bureaucracy (Mac - 1987),4.23,14
Burn:Cycle (Mac - 1995),3.50,4
Caesar (Mac - 1993),4.45,20
Caesar II (Mac - 1996),4.57,94
Caesar III (Mac - 1999),4.18,84
Caesars Palace (Mac - 1992),3.00,2
Caillou: Magic Playhouse (Mac - 2001),5.00,2
Cap'n Crunch's Crunchling Adventure (Mac - 1999),4.43,49
Capitalism (Mac - 1996),4.40,48
Captain Blood (Mac - 1989),4.76,17
Captain Bumper (Mac - 2001),0.00,0
Carmageddon 2: Carpocalypse Now (Mac - 1999),4.43,91
Carmen Sandiego Word Detective (Mac - 1997),3.73,15
Carmen Sandiego: Junior Detective Edition (Mac - 1995),3.80,5
Carrier Command (Mac - 1990),4.54,26
Carriers at War (Mac - 1992),4.16,19
Castle Explorer (Mac - 1996),4.89,9
Castle of Dr. Brain (Mac - 1992),4.75,28
Castles II: Siege & Conquest (Mac - 1994),4.45,94
Catz: Your Computer Petz (Mac - 1996),4.50,2
Cave Dig 3 (Mac - 2001),4.00,1
Ceremony of Innocence (Mac - 1997),4.75,4
Championship Manager: Season 00/01 (Mac - 2000),3.90,41
Chaos Control (Mac - 1996),0.00,0
Chaos Overlords (Mac - 1996),4.70,10
Checkmate (Mac - 1993),0.00,0
Chessmaster 6000 (Mac - 1999),4.40,10
Chex Quest (Mac - 1996),4.51,45
Chuck Yeager's Advanced Flight Simulator (Mac - 1988),3.70,10
Circus! (Mac - 1995),5.00,1
Civilization II (Multiplayer Gold Edition) (Mac - 1999),4.57,40
Civilization: Call to Power (Mac - 2000),4.95,20
Classic Text Adventure Masterpieces (Mac - 1996),5.00,1
ClockWerx (Mac - 1995),2.83,6
Clonk Rage (Mac - 2007),5.00,1
Close Combat (Mac - 1996),4.64,11
Close Combat: A Bridge Too Far (Mac - 1997),4.58,19
ClueFinders: Mystery Mansion Arcade (Mac - 2000),5.00,4
ClueFinders: The Incredible Toy Store Adventure (Mac - 2001),5.00,4
Cogito (Mac - 1992),3.80,5
Color Dark Castle (Mac - 1994),5.00,1
Comanche CD (Mac - 1995),5.00,3
Command H.Q. (Mac - 1992),4.61,23
Connections (Mac - 1995),4.75,4
Conquest of the New World (Mac - 1996),4.40,15
Corpse Killer (Mac - 1994),5.00,2
Corruption (Mac - 1988),4.73,11
Cosmic Memory (Mac - 2002),0.00,0
Cosmology of Kyoto (Mac - 1995),5.00,2
Creatures (Mac - 1996),4.00,12
Creepy Castle (Mac - 1991),0.00,0
Cribbage King / Gin King (Mac - 1990),3.67,3
Crime Patrol (Mac - 1994),5.00,3
Critical Path (Mac - 1993),0.00,0
Crosscountry USA (Home Edition) (Mac - 1995),4.83,6
Crusader: Adventure Out of Time (Mac - 1997),5.00,4
Crystal Caliburn (Mac - 1994),5.00,1
Crystal Quest (Mac - 1987),5.00,5
Curse of Dragor (Mac - 1995),5.00,1
Curse of the Azure Bonds (Mac - 1990),4.43,35
Cutthroats (Mac - 1984),4.50,2
Cyberblast (Mac - 1992),0.00,0
Cyberchase: Castleblanca Quest (Mac - 2003),5.00,4
Cyberwar (Mac - 1994),5.00,1
Cyborg (Mac - 1984),4.50,4
D-Day: America Invades (Mac - 1995),4.62,7
Daleks (Mac - 1995),2.80,5
Damage Incorporated (Mac - 1997),4.60,5
Darby the Dragon (Mac - 1996),4.75,8
Daria's Inferno (Mac - 2000),4.50,8
Dark Castle (Mac - 1986),4.73,29
Dark Mist: The Wizard Vanishes (Mac - 2001),4.00,1
Dark Seed II (Mac - 1996),3.74,23
Dark Vengeance (Mac - 1998),4.60,5
Darwin's Dilemma (Mac - 1990),5.00,2
Deadline (Mac - 1984),4.50,6
Deadlock: Planetary Conquest (Mac - 1997),4.73,15
Death from Above (Mac - 1995),2.00,1
Deer Hunter (Mac - 1997),4.75,4
Defender of The Crown (Mac - 1987),4.53,62
Déjà Vu II: Lost in Las Vegas (Mac - 1988),4.25,20
Deja Vu: A Nightmare Comes True!! (Mac - 1985),4.95,38
Deliverance: Stormlord II (Mac - 1993),4.80,5
Descent (Mac - 1995),4.44,73
Descent II (Mac - 1997),4.83,6
Destination: Mars! (Mac - 1991),4.50,8
Deus Ex (Mac - 2000),4.50,14
Diablo (Mac - 1998),4.39,364
Diamonds 3D (Mac - 1995),0.00,0
Dinopark Tycoon (Mac - 1994),4.33,156
Discover the World II (Mac - 1995),5.00,6
Disney Learning Adventure: Search for the Secret Keys (Mac - 2002),5.00,1
Disney presents Ariel's Story Studio (Mac - 1999),4.29,7
Disney's Atlantis: The Lost Empire - The Lost Games (Mac - 2001),5.00,1
Disney's Math Quest with Aladdin (Mac - 1998),4.73,15
Disney's The Emperor's New Groove: Groove Center (Mac - 2002),4.43,7
Disney's The Hunchback of Notre Dame: 5 Topsy Turvy Games (Mac - 1996),4.00,9
Disney's Timon & Pumbaa's Jungle Games (Mac - 1996),4.40,30
Disney's Villains' Revenge (Mac - 1999),4.50,16
Disney•Pixar Finding Nemo (Mac - 2003),5.00,2
Dogz: Your Computer Pet (Mac - 1996),4.80,5
DOOM II (Mac - 1995),4.31,2232
Dora the Explorer: Lost City Adventure (Mac - 2002),4.50,16
Dr. Dumont's Wild P.A.R.T.I. (Mac - 1988),5.00,2
Dragon's Lair (Mac - 1994),5.00,1
Dragon's Lair (Mac - 1990),3.84,31
Dragon's Lair III: The Curse of Mordread (Mac - 1992),4.27,11
Dragon's Lair: Escape from Singe's Castle (Mac - 1991),4.18,11
Driver (Mac - 2000),4.89,18
Dungeon Master II: Skullkeep (Mac - 1995),4.62,47
Dungeon Siege (Mac - 2003),4.26,19
Dust: A Tale of the Wired West (Mac - 1995),4.31,13
Earl Weaver Baseball (Mac - 1989),4.28,33
Earth 2140 (Mac - 2001),3.64,11
Earthly Delights (Mac - 1985),4.00,4
Eat My Photons! (Mac - 1994),0.00,0
Egypt 1156 B.C.: Tomb of the Pharaoh (Mac - 1997),5.00,1
Eight Ball Deluxe (Mac - 1993),4.40,5
Eight Legged Freaks (Mac - 2002),4.67,6
Elite Darts (Mac - 1999),0.00,0
Elroy Goes Bugzerk (Mac - 1995),5.00,1
Elroy Hits the Pavement (Mac - 1996),4.00,5
Empire Deluxe (Mac - 1993),4.16,19
Enchanted Scepters (Mac - 1984),5.00,2
Enchanter Trilogy (Mac - 1986),5.00,1
Endorfun (Mac - 1995),5.00,1
Eric's Ultimate Solitaire CD (Mac - 1997),2.57,7
Europa Universalis II (Mac - 2003),4.33,12
Extreme Prejudice (Mac - 1999),0.00,0
F-117A Nighthawk Stealth Fighter 2.0 (Mac - 1994),4.55,132
F/A-18 Hornet (Mac - 1993),5.00,4
Faces ...tris III (Mac - 1990),2.87,8
Fahrenheit 451 (Mac - 1985),4.71,7
Falcon (Mac - 1987),4.13,15
FarmersMahJongg (Mac - 2001),0.00,0
Fatty Bear's Birthday Surprise (Mac - 1992),4.58,177
Final DOOM (Mac - 1996),4.94,17
Fire-Brigade: The Battle for Kiev - 1943 (Mac - 1989),4.70,10
Firefall Arcade (Mac - 1993),5.00,1
Fisher-Price Great Adventures: Wild Western Town (Mac - 1997),4.50,6
Flight Commander (Mac - 1993),5.00,4
Flight Commander 2 (Mac - 1995),4.50,6
Flight Unlimited (Mac - 1996),5.00,6
Flying Nightmares (Mac - 1994),5.00,1
Forbidden Quest (Mac - 1985),3.00,1
Ford Simulator II (Mac - 1990),3.67,9
Foul Play: Mystery at Awkward Manor (Mac - 1995),5.00,3
Frankenstein: Through the Eyes of the Monster (Mac - 1995),5.00,1
Freddi Fish 2: The Case of the Haunted Schoolhouse (Mac - 1996),4.46,32
Freddi Fish 3: The Case of the Stolen Conch Shell (Mac - 1998),4.48,69
Freddi Fish 4: The Case of the Hogfish Rustlers of Briny Gulch (Mac - 1999),4.41,22
Freddi Fish 5: The Case of the Creature of Coral Cove (Mac - 2001),4.58,34
Freddi Fish and Luther's Maze Madness (Mac - 1996),4.62,13
Freddi Fish and the Case of the Missing Kelp Seeds (Mac - 1995),4.15,20
Freddy Pharkas: Frontier Pharmacist (Mac - 1993),4.50,30
Frogger (Mac - 1984),4.20,20
Full Metal Planete (Mac - 1991),4.73,11
Full Throttle (Mac - 1996),4.39,291
Fury of the Furries (Mac - 1994),4.62,21
Fusillade (Mac - 1985),0.00,0
Future Cop: L.A.P.D. (Mac - 1998),4.73,128
Futuria (Mac - 1985),0.00,0
G-Netix (Mac - 1993),5.00,3
Gabriel Knight: Sins of the Fathers (Mac - 1994),4.50,70
"Gadget: Invention, Travel & Adventure (Mac - 1994)",5.00,1
Galactic Frontiers (Mac - 1991),5.00,2
Games That Didn't Make It (Mac - 1999),5.00,1
Gardyloo Golf (Mac - 1998),0.00,0
Garfield's Mad About Cats (Mac - 2000),3.00,2
Gate 88 (Mac - 2004),5.00,1
Gateway (Mac - 1986),0.00,0
Gato (Mac - 1984),4.40,25
Gauntlet (Mac - 1989),4.91,23
Gearheads (Mac - 1996),5.00,1
Gemstone Warrior (Mac - 1986),3.00,2
Ghost Master (Mac - 2003),4.67,6
Giants: Citizen Kabuto (Mac - 2001),5.00,6
Glider PRO (Mac - 1994),5.00,2
Gnop! (Mac - 1990),0.00,0
Gobliiins (Mac - 1991),4.34,56
Gobliins 2: The Prince Buffoon (Mac - 1993),4.53,32
Golden Gate (Mac - 1997),4.00,1
Gord@k (Mac - 1997),0.00,0
Grackon's Curse (Mac - 1995),0.00,0
Grand Prix Circuit (Mac - 1989),4.67,51
Grand Slam: World Class Tennis (Mac - 1986),4.00,1
Gundam 0079: The War for Earth (Mac - 1997),4.20,5
Guy Spy and the Crystals of Armageddon (Mac - 1992),4.25,4
Hacker (Mac - 1986),3.82,17
Hanna-Barbera Cartoon Carnival (Mac - 1995),2.00,5
HardBall II (Mac - 1990),4.87,8
HardBall! (Mac - 1986),3.25,8
"Harlan Ellison: I Have No Mouth, and I Must Scream (Mac - 1995)",4.55,66
Harpoon (Mac - 1990),4.22,106
Harpoon Classic (Mac - 1994),4.65,23
Harpoon II (Mac - 1995),4.26,27
Harrier Strike Mission (Mac - 1985),5.00,3
Havoc (Mac - 1995),5.00,5
Headline Harry and The Great Paper Race (Mac - 1992),4.67,9
Heart of China (Mac - 1992),4.71,28
Hearts of Iron (Mac - 2003),4.36,14
Heaven & Earth (Mac - 1992),4.25,8
Heavy Metal: F.A.K.K. 2 (Mac - 2000),4.67,15
Hell Cab (Mac - 1993),0.00,0
Hellcats Over the Pacific (Mac - 1991),5.00,7
Heretic II (Mac - 2002),4.61,92
Heroes of Might and Magic (Mac - 1996),4.41,105
Heroes of Might and Magic II: The Succession Wars (Mac - 1997),4.47,47
Heroes of Might and Magic III: Complete - Collector's Edition (Mac - 2000),4.31,417
Heroes of Might and Magic IV (Mac - 2002),4.23,60
Hexen II (Mac - 2002),4.63,35
Hexen: Deathkings of the Dark Citadel (Mac - 1996),4.84,19
Hidden Agenda (Mac - 1988),4.44,33
HIND: The Russian Combat Helicopter Simulation (Mac - 1997),4.75,4
Holiday Lemmings (Mac - 1992),4.00,12
Hollywood Hijinx (Mac - 1987),4.60,5
Hostage: Rescue Mission (Mac - 1989),4.39,23
Hoyle Classic Games (Mac - 1996),4.00,2
Hoyle Solitaire (Mac - 1997),3.00,2
Hoyle: Official Book of Games - Volume 1 (Mac - 1990),4.41,17
Hoyle: Official Book of Games - Volume 2: Solitaire (Mac - 1991),4.44,9
I Spy Spooky Mansion (Mac - 1999),3.90,10
Ice & Fire (Mac - 1996),4.00,3
Icebreaker (Mac - 1996),5.00,2
Imperialism (Mac - 1997),4.72,18
Imperialism II: The Age of Exploration (Mac - 1999),5.00,12
In the 1st Degree (Mac - 1996),5.00,2
Indiana Jones and his Desktop Adventures (Mac - 1996),4.00,4
IndyCar Racing II (Mac - 1996),4.76,67
Infidel (Mac - 1984),4.71,7
Inherit the Earth: Quest for the Orb (Mac - 1994),4.45,15
International Tennis Open (Mac - 1995),3.33,3
Iron Helix (Mac - 1993),5.00,5
Ishidō: The Way of Stones (Mac - 1990),5.00,1
Jack Nicklaus' Greatest 18 Holes of Major Championship Golf (Mac - 1990),3.40,5
James Bond 007: A View to a Kill (Mac - 1985),3.80,10
Jan Pienkowski Haunted House (Mac - 1997),3.00,5
Jazz Jackrabbit 2 (Mac - 1999),4.62,87
Jinxter (Mac - 1987),5.00,3
Jonny Quest: The Real Adventures - Cover-Up at Roswell (Mac - 1996),5.00,2
Journey: The Quest Begins (Mac - 1989),5.00,5
Joust (Mac - 1994),3.83,6
Juilliard Music Adventure (Mac - 1995),5.00,2
Jump Raven (Mac - 1994),3.00,2
Just Grandma and Me (Mac - 1992),4.90,10
Karma: Curse of the 12 Caves (Mac - 1995),5.00,1
Karnov (Mac - 1989),4.67,12
Kasparov Chessmate (Mac - 2004),5.00,2
Kawasaki ATV PowerSports (Mac - 2000),5.00,1
Kawasaki Jet Ski Watercraft (Mac - 2000),5.00,1
Kid Pix Studio Deluxe (Mac - 1998),4.51,35
King's Bounty (Mac - 1991),4.44,34
King's Quest (Mac - 1987),4.37,105
King's Quest II: Romancing the Throne (Mac - 1988),4.46,33
King's Quest III: To Heir is Human (Mac - 1988),4.31,51
King's Quest V: Absence Makes the Heart Go Yonder! (Mac - 1991),4.50,65
"King's Quest VI: Heir Today, Gone Tomorrow (Mac - 1993)",4.26,78
Kingdom: The Far Reaches (Mac - 1996),5.00,4
Knight Orc (Mac - 1987),4.83,6
Labyrinth of Crete (Mac - 1996),3.67,3
Lancelot (Mac - 1988),4.44,9
Last Call! (Mac - 2000),5.00,1
Leather Goddesses Of Phobos (Mac - 1986),4.15,20
Legions (Mac - 1994),5.00,6
Leisure Suit Larry 1: In the Land of the Lounge Lizards (Mac - 1992),4.42,70
Leisure Suit Larry 5: Passionate Patti Does a Little Undercover Work (Mac - 1991),4.03,39
Leisure Suit Larry 6: Shape Up or Slip Out! (Mac - 1994),4.60,35
Leisure Suit Larry in the Land of the Lounge Lizards (Mac - 1988),4.28,103
Leisure Suit Larry: Love for Sail! (Mac - 1997),4.42,12
Lemmings & Oh No! More Lemmings (Mac - 1993),4.71,7
Life & Death (Mac - 1988),4.29,34
Lighthouse: The Dark Being (Mac - 1996),4.11,19
LinCity-NG (Mac - 2012),4.50,4
Little Monster at School (Mac - 1994),5.00,3
Locus (Mac - 1995),4.20,5
Lode Runner (Mac - 1984),4.88,24
Lode Runner 2 (Mac - 1998),4.17,6
Lode Runner On-Line: The Mad Monks' Revenge (Mac - 1995),4.69,13
Lode Runner: The Legend Returns (Mac - 1994),4.42,115
Logical Journey of the Zoombinis (Mac - 1996),4.38,395
Loom (Mac - 1990),4.52,46
Loony Labyrinth (Mac - 1995),5.00,1
Lords of the Realm II (Mac - 1996),4.52,21
Lost Eden (Mac - 1995),4.49,38
Lunicus (Mac - 1994),3.75,4
MacBugs! (Mac - 1985),0.00,0
MacPuzzle (Mac - 1984),0.00,0
MacWars (Mac - 1985),4.00,1
Mad Dog McCree (Mac - 1994),4.48,31
Magic Fairy Tales: Barbie As Rapunzel (Mac - 1997),4.44,18
Magic School Bus Lands on Mars (Mac - 2000),4.60,5
Magic School Bus Volcano Adventure (Mac - 2001),4.13,8
Maisy's Playhouse (Mac - 1999),4.00,3
Majestic Part 1: Alien Encounter (Mac - 1995),4.00,1
Majesty: The Fantasy Kingdom Sim (Mac - 2000),4.91,11
Manhunter 2: San Francisco (Mac - 1989),4.38,16
Maniac Mansion: Day of the Tentacle (Mac - 1996),4.48,46
Maniac Sports (Mac - 1994),5.00,1
Marathon (Mac - 1994),5.00,1
Marathon 2: Durandal (Mac - 1995),4.50,4
Marathon Infinity (Mac - 1996),5.00,2
Marathon Trilogy Box Set (Mac - 1997),4.00,1
Mario is Missing! (Mac - 1994),4.58,164
Mario Teaches Typing (Mac - 1993),4.42,1595
Mario Teaches Typing 2 (Mac - 1997),4.52,189
Mario's Game Gallery (Mac - 1995),4.59,206
Massive Assault (Mac - 2005),5.00,5
Master of Orion II: Battle at Antares (Mac - 1997),4.79,20
Masters of the Elements (Mac - 1999),4.80,5
MasterType (Mac - 1984),0.00,0
Math Blaster: Episode One - In Search of Spot (Mac - 1995),4.52,23
Math Workshop (Mac - 1995),4.30,10
Max and the Magician (Mac - 2001),4.50,2
Maze Wars+ (Mac - 1986),5.00,1
MDK (Mac - 1998),4.69,13
MechWarrior 2: 31st Century Combat (Mac - 1996),4.61,126
Merlin's Apprentice (Mac - 1995),0.00,0
MicroLeague Baseball II (Mac - 1989),3.40,5
Microshaft Winblows 98 (Mac - 1998),3.00,4
Microsoft Arcade (Mac - 1994),5.00,1
Microsoft Flight Simulator (Mac - 1986),4.00,1
Microsoft Flight Simulator (v4.0) (Mac - 1991),4.57,21
Might and Magic II: Gates to Another World (Mac - 1990),4.48,31
Might and Magic III: Isles of Terra (Mac - 1993),4.22,23
Might and Magic: Book One - Secret of the Inner Sanctum (Mac - 1987),4.25,20
Might and Magic: World of Xeen (Mac - 1995),4.43,46
Millie's Math House (Mac - 1992),4.45,29
Millionaire: The Stock Market Simulation (Mac - 1984),3.80,5
Mindshadow (Mac - 1985),4.25,8
Minotaur: The Labyrinths of Crete (Mac - 1992),5.00,1
Mixed-Up Mother Goose Deluxe (Mac - 1995),4.33,6
Monkey Island 2: LeChuck's Revenge (Mac - 1992),4.32,154
Monty Python & the Quest for the Holy Grail (Mac - 1996),3.43,7
Monty Python's Complete Waste of Time (Mac - 1995),3.67,3
Moonbase (Mac - 1991),4.46,13
Moonmist (Mac - 1986),4.00,5
Moria (Mac - 1993),4.48,27
Mortimer and the Riddles of the Medallion (Mac - 1996),0.00,0
Moshing Melvin (Mac - 1999),3.50,2
Mouse Stampede (Mac - 1984),4.00,2
Moving Puzzle: Cats (Mac - 1998),0.00,0
Moving Puzzle: Jungle World (Mac - 1998),5.00,1
MozPong (Mac - 1998),3.00,2
Mr. Potato Head Saves Veggie Valley (Mac - 1996),3.88,17
MTV: Club Dead (Mac - 1994),4.00,4
Muppet Treasure Island (Mac - 1996),4.31,16
Museum Madness (Mac - 1994),4.78,9
Mutant Beach (Mac - 1991),0.00,0
Mutant Storm (Mac - 2002),0.00,0
Myst (Mac - 1993),3.60,20
Mystery Master: Murder by the Dozen (Mac - 1984),4.50,6
Myth II: Soulblighter (Mac - 1998),4.62,54
Myth: The Fallen Lords (Mac - 1997),4.64,50
Nahan: The Ultimate 3D Puzzle Game (Mac - 1998),4.00,2
NASCAR Racing (Mac - 1996),4.59,68
National Lampoon's Blind Date (Mac - 1994),4.00,4
NeuroDancer (Mac - 1994),0.00,0
NFL Challenge (Mac - 1986),3.88,17
NFL Pro League Football (Mac - 1990),5.00,3
Night Café (Mac - 1997),0.00,0
Night Trap (Mac - 1995),5.00,3
No Greater Glory: The American Civil War (Mac - 1992),4.05,18
No One Lives Forever 2: A Spy in H.A.R.M.'s Way (Mac - 2003),4.52,87
Nobunaga's Ambition (Mac - 1990),4.00,8
Nord and Bert Couldn't Make Head or Tail of It (Mac - 1987),4.67,9
North Atlantic '86 (Mac - 1987),5.00,2
NumberMaze (Mac - 1988),4.75,4
Obsidian (Mac - 1997),4.60,5
Oddballz: Your Wacky Computer Petz (Mac - 1996),2.33,3
Odell Down Under (Mac - 1994),4.00,26
Office Building (Mac - 1999),0.00,0
Opera Fatal (Mac - 1996),5.00,3
Operation Crusader (Mac - 1994),4.64,11
Orbiter (Mac - 1986),5.00,3
Oregon Trail II (Mac - 1996),4.23,221
Otto Matic (Mac - 2001),5.00,2
Out of the Sun (Mac - 1994),5.00,2
Out of This World (Mac - 1993),4.70,70
Outpost (Mac - 1994),4.68,17
Over the Reich (Mac - 1996),4.67,6
Oxyd (Mac - 1992),4.16,13
Oz: The Magical Adventure (Mac - 2000),3.90,10
P.A.W.S. - Personal Automated Wagging System (Mac - 1995),5.00,1
Pajama Sam 2: Thunder and Lightning aren't so Frightening (Mac - 1998),4.68,45
Pajama Sam 3: You Are What You Eat From Your Head To Your Feet (Mac - 2001),4.65,54
Pajama Sam: No Need to Hide When It's Dark Outside (Mac - 1996),4.60,179
Panzer General (Mac - 1996),4.44,78
Paris 1313: The Mystery of Notre-Dame Cathedral (Mac - 1999),3.50,2
Pathways into Darkness (Mac - 1993),4.13,8
Patton Strikes Back: The Battle of the Bulge (Mac - 1991),4.75,16
Pax Imperia (Mac - 1992),5.00,1
Payback (Mac - 2003),5.00,1
Pedestrian Devastation (Mac - 1999),0.00,0
Pensate (Mac - 1984),3.00,1
Physicus: Save the World with Science! (Mac - 1999),5.00,4
Pillars of Garendall (Mac - 2001),5.00,4
Pipe Dream (Mac - 1990),4.40,5
Pippi (Mac - 1995),1.00,1
Pirates! Gold (Mac - 1994),4.44,129
Pirates: Captain's Quest (Mac - 1997),5.00,2
Plundered Hearts (Mac - 1987),4.89,9
Police Quest: In Pursuit of the Death Angel (Mac - 1987),4.50,31
Pool of Radiance (Mac - 1989),4.57,53
Pools of Darkness (Mac - 1992),4.78,18
Power Pete (Mac - 1995),4.48,27
Prime Target (Mac - 1996),4.75,4
Prince of Persia (Mac - 1992),4.61,211
Prince of Persia 2: The Shadow & The Flame (Mac - 1994),4.52,276
Prisoner of Ice (Mac - 1995),4.05,39
Pro Pinball: The Web (Mac - 1996),5.00,2
Psion Chess (Mac - 1986),4.33,6
PT-109 (Mac - 1987),4.59,12
Putt-Putt and Pep's Balloon-o-Rama (Mac - 1998),4.83,12
Putt-Putt and Pep's Dog on a Stick (Mac - 1996),4.63,8
Putt-Putt Goes to the Moon (Mac - 1995),4.66,145
Putt-Putt Joins the Circus (Mac - 2000),4.81,35
Putt-Putt Joins the Parade (Mac - 1995),4.58,285
Putt-Putt Saves the Zoo (Mac - 1996),4.48,66
Putt-Putt Travels Through Time (Mac - 1997),4.80,30
Puzz 3D: Victorian Mansion (Mac - 1999),0.00,0
Pyst (Mac - 1997),1.00,2
Qin: Tomb of the Middle Kingdom (Mac - 1996),0.00,0
Quake (Mac - 1997),4.60,35
Quake II (Mac - 1999),4.50,24
Quake III: Arena (Mac - 1999),4.63,38
Quake III: Team Arena (Mac - 2000),4.89,9
Quarterstaff (Mac - 1987),0.00,0
Quarterstaff: The Tomb of Setmoth (Mac - 1988),5.00,1
Quest for Glory I: So You Want To Be A Hero (Mac - 1994),4.58,64
Quest for Glory V: Dragon Fire (Mac - 1998),4.45,11
Qwirks (Mac - 1995),0.00,0
Racter (Mac - 1985),4.00,9
Railroad Tycoon II: Gold Edition (Mac - 1999),4.34,24
Rainbow Fish and the Whale (Mac - 2001),0.00,0
Rama (Mac - 1997),4.75,4
Rave Shuttle: The Cosmic Challenge (Mac - 1997),0.00,0
Reader Rabbit 3 (Mac - 1996),3.75,4
Reader Rabbit's Kindergarten (Mac - 1997),3.93,14
Reader Rabbit's Toddler (Mac - 1998),4.54,26
Reading Blaster 9-12 1.0 (Mac - 1998),4.31,29
Reaper Arena (Mac - 1999),5.00,1
Red Baron (Mac - 1992),4.83,46
Redneck Rampage (Mac - 1999),3.71,7
Return of the Incredible Machine: Contraptions (Mac - 2000),4.52,23
Return to Zork (Mac - 1993),4.20,41
Rex Nebular and the Cosmic Gender Bender (Mac - 1993),4.44,33
Ring: The Legend of the Nibelungen (Mac - 1998),5.00,1
Rise of The Dragon (Mac - 1991),4.61,54
Risk (Mac - 1991),3.75,4
Riven: The Sequel to Myst (Mac - 1997),3.60,5
Roberta Williams' King's Quest VII: The Princeless Bride (Mac - 1994),4.20,93
Robinson Crusoe (Mac - 2001),4.00,2
Robinson's Requiem (Mac - 1994),4.54,29
Robot City (Mac - 1995),5.00,1
Rogue (Mac - 1985),4.37,35
Romantic Encounters at The Dome (Mac - 1987),4.80,5
Rune (Mac - 2000),4.44,9
S.D.I. (Mac - 1987),4.20,5
Sacrifice (Mac - 2001),4.38,8
Safecracker (Mac - 1997),4.80,5
Sam & Max: Hit the Road (Mac - 1996),4.33,6
Sammy's Science House (Mac - 1994),4.74,19
Sands of Fire (Mac - 1989),3.50,2
Sargon III (Mac - 1984),4.40,5
Sargon V: World Class Chess (Mac - 1994),4.20,15
Savage 2: A Tortured Soul (Mac - 2008),3.67,6
Scholastic's The Magic School Bus Explores the Human Body (Mac - 1994),4.85,13
Search for the Golden Dolphin (Mac - 1999),5.00,1
Seastalker (Mac - 1984),4.60,5
Secret of the Silver Blades (Mac - 1991),4.29,28
Secrets of the Luxor (Mac - 1996),0.00,0
Sethi and the Inca Wizard (Mac - 2001),0.00,0
Shadow Warrior (Mac - 1997),4.39,23
Shadowgate (Mac - 1987),4.22,9
Shanghai II: Dragon's Eye (Mac - 1991),4.00,23
Shanghai: Dynasty (Mac - 1997),5.00,2
Shanghai: Great Moments (Mac - 1995),5.00,2
Shanghai: Second Dynasty (Mac - 1999),3.50,2
Shattered Steel (Mac - 1997),5.00,3
Sherlock Holmes: Consulting Detective (Mac - 1992),4.26,19
Sherlock: The Riddle of the Crown Jewels (Mac - 1988),5.00,6
Shivers (Mac - 1996),4.17,6
Shogo: Mobile Armor Division (Mac - 2000),4.55,11
Shufflepuck Cafe (Mac - 1988),4.42,45
Sid Meier's Civilization (Mac - 1993),4.53,587
Sid Meier's Colonization (Mac - 1995),4.57,479
Sierra Championship Boxing (Mac - 1984),4.50,4
SimTower: The Vertical Empire (Mac - 1994),4.33,30
Skull Cracker (Mac - 1996),0.00,0
Snood (Mac - 1996),5.00,2
Snoopy's Campfire Stories (Mac - 1996),5.00,1
Soldier of Fortune II: Double Helix (Mac - 2002),3.47,17
Solitaire Royale (Mac - 1987),4.00,8
Space Ace (Mac - 1994),4.31,16
Space Ace II: Borf's Revenge (Mac - 1991),4.67,3
Space Colony (Mac - 2004),4.20,5
Space Quest III: The Pirates of Pestulon (Mac - 1991),4.37,46
Space Quest IV: Roger Wilco and the Time Rippers (Mac - 1991),4.50,55
Space Rogue (Mac - 1989),4.58,12
Spaceship Warlock (Mac - 1991),4.50,6
Spectre (Mac - 1991),4.82,17
Spectre Supreme (Mac - 1993),4.60,5
Spectre VR (Mac - 1993),4.70,10
Spider-Man (Mac - 2002),4.71,52
Spider-Man 2: The Game (Mac - 2004),4.53,177
Spirit of Excalibur (Mac - 1990),4.00,16
SPQR: The Empire's Darkest Hour (Mac - 1997),4.20,5
"Spy Fox 2: ""Some Assembly Required"" (Mac - 1999)",4.31,16
"Spy Fox in ""Dry Cereal"" (Mac - 1997)",4.50,32
Spy Fox in Cheese Chase (Mac - 1998),5.00,4
SPY Fox in Hold the Mustard (Mac - 1999),5.00,3
"Spy Fox: ""Operation Ozone"" (Mac - 2001)",4.50,6
Star Fleet I: The War Begins! (Mac - 1987),4.94,16
Star Trek: 25th Anniversary (Mac - 1993),4.61,53
Star Trek: Deep Space Nine - The Fallen (Mac - 2000),4.67,3
Star Trek: Starship Creator (Mac - 1998),4.71,7
"Star Trek: The Next Generation - ""A Final Unity"" (Mac - 1995)",4.45,20
Star Trek: The Next Generation - Klingon Honor Guard (Mac - 1999),4.80,5
Star Trek: The Promethean Prophecy (Mac - 1988),4.50,6
Star Wars (Mac - 1988),4.46,24
Star Wars: Dark Forces (Mac - 1995),4.55,204
Star Wars: DroidWorks (Mac - 1998),4.50,10
Star Wars: Episode I - Racer (Mac - 2000),4.33,63
Star Wars: Episode I - The Gungan Frontier (Mac - 1999),3.87,16
Star Wars: Galactic Battlegrounds (Mac - 2002),4.46,116
Star Wars: Rebel Assault (Mac - 1993),4.88,8
Star Wars: Yoda's Challenge - Activity Center (Mac - 1999),3.67,3
Starcross (Mac - 1984),3.91,11
Starfighter 3000 (Mac - 1996),5.00,1
StarFlight (Mac - 1990),4.57,40
StarFlight 2: Trade Routes of The Cloud Nebula (Mac - 1991),4.57,36
Starglider II (Mac - 1989),4.35,12
Starship Titanic (Mac - 1999),4.56,9
Stationfall (Mac - 1987),5.00,2
Stay Tooned! (Mac - 1996),4.60,10
Stellar 7 (Mac - 1993),4.75,24
Step On It! (Mac - 1996),5.00,1
Strange Adventures in Infinite Space (Mac - 2003),5.00,6
Stratego (Mac - 1990),4.43,35
StuntCopter (Mac - 1986),0.00,0
Sub Battle Simulator (Mac - 1987),4.35,17
Super Hang-On (Mac - 1987),4.85,14
Super Solvers Mission: T.H.I.N.K. (Mac - 1999),4.00,10
Super Solvers: Spellbound! (Mac - 1999),4.92,26
Super Spy (Mac - 1996),5.00,1
Super Tetris (Mac - 1992),4.56,18
Superboy: Spies from Outer Space (Mac - 1996),5.00,1
Superman: The Mysterious Mr. Mist (Mac - 1996),1.00,1
Supreme Warrior (Mac - 1996),0.00,0
Survivor: The Interactive Game (Mac - 2001),4.75,4
Suspect (Mac - 1984),4.84,6
Suspended (Mac - 1984),5.00,6
Sword of Sodan (Mac - 1993),3.50,2
Symbiocom (Mac - 1998),0.00,0
System's Twilight (Mac - 1994),5.00,1
Tass Times in Tonetown (Mac - 1986),4.33,15
Tempest 2000 (Mac - 1998),5.00,2
Terminal Velocity (Mac - 1996),4.72,39
Terrace (Mac - 1995),5.00,1
Tesserae (Mac - 1990),3.67,3
Test Drive II Scenery Disk: California Challenge (Mac - 1990),4.50,10
Tetris (Mac - 1988),4.34,21
Tetris Gold (Mac - 1993),5.00,4
The 7th Guest (Mac - 1994),3.89,70
The Amazon Trail (Mac - 1997),4.10,135
The Ancient Art of War (Mac - 1985),4.32,50
The Ancient Art of War at Sea (Mac - 1988),4.55,22
The Awesome Adventures of Victor Vector & Yondo: The Cyberplasm Formula (Mac - 1995),4.00,1
The Awesome Adventures of Victor Vector & Yondo: The Hypnotic Harp (Mac - 1993),3.33,3
The Awesome Adventures of Victor Vector & Yondo: The Last Dinosaur Egg (Mac - 1993),4.00,1
The Bitter End (Mac - 1999),0.00,0
The Bogus Guru (Mac - 2000),0.00,0
The C.H.A.O.S. Continuum (Mac - 1994),5.00,2
The Cassandra Galleries (Mac - 1997),0.00,0
The Chessmaster 2000 (Mac - 1986),4.30,20
The ClueFinders: 4th Grade Adventures (Mac - 1998),4.34,29
The Colony (Mac - 1988),4.91,11
The Crack of Doom (Mac - 1989),3.86,7
The Crimson Crown (Mac - 1986),3.83,6
The Dark Eye (Mac - 1995),4.75,8
The Dark Queen of Krynn (Mac - 1992),4.37,27
The Duel: Test Drive II (Mac - 1989),4.33,69
The Even More! Incredible Machine (Mac - 1993),4.23,53
The Feeble Files (Mac - 2003),5.00,3
The Fellowship of The Ring (Mac - 1987),4.48,21
The Fidelity Chessmaster 2100 (Mac - 1988),4.50,12
The Fool's Errand (Mac - 1987),4.50,10
The Hitchhiker's Guide to the Galaxy (Mac - 1984),4.33,82
The Hobbit (Mac - 1987),4.66,38
The Hunt for Red October (Mac - 1989),4.71,14
The Incredible Machine: Even More Contraptions (Mac - 2001),4.68,28
The Incredible Toon Machine (Mac - 1994),4.75,4
The Journey (Mac - 1996),0.00,0
The King of Chicago (Mac - 1986),3.67,6
The Land Before Time: Kindergarten Adventure (Mac - 1998),5.00,1
The Last Express (Mac - 1997),3.00,4
The Legend of Lotus Spring (Mac - 2000),3.00,1
The Lost Mind of Dr. Brain (Mac - 1995),4.35,17
The Lost Treasures of Infocom II (Mac - 1992),5.00,1
The Lost Tribe (Mac - 1992),4.31,13
The Lurking Horror (Mac - 1987),4.05,60
The Magic School Bus Explores Bugs (Mac - 2000),4.67,12
The Manhole (Mac - 1988),4.67,6
The Mist (Mac - 1985),3.83,6
The Mummy Mystery (Mac - 2001),4.67,6
The Oregon Trail (Mac - 1993),4.31,134
The Pawn (Mac - 1986),4.37,8
The Playroom (Mac - 1989),4.62,13
The Quest (Mac - 1984),3.00,1
The Residents' Bad Day on the Midway (Mac - 1995),5.00,5
The Residents: Freak Show (Mac - 1994),3.00,2
The Secret Island of Dr. Quandary (Mac - 1996),4.28,29
The Secret of Monkey Island (Mac - 1992),4.12,76
"The Settlers II: Veni, Vidi, Vici (Mac - 1997)",4.67,9
The Shadows of Mordor (Mac - 1988),4.54,13
The Simpsons Cartoon Studio (Mac - 1996),4.71,17
The Smelly Mystery (Mac - 1997),5.00,1
The Time Warp of Dr. Brain (Mac - 1996),4.30,10
The Tortoise and the Hare (Mac - 1993),5.00,2
The Toy Shop (Mac - 1986),4.50,2
The Untouchable (Mac - 1998),4.50,4
The Witness (Mac - 1984),3.67,3
The Yukon Trail (Mac - 1994),4.31,26
Thexder (Mac - 1990),4.39,28
Thinkin' Things Collection 1 (Mac - 1993),3.91,11
Thinkin' Things Collection 2 (Mac - 1995),4.82,11
Thinkin' Things Collection 3 (Mac - 1995),4.29,7
Thinkin' Things: Sky Island Mysteries (Mac - 1998),5.00,2
Thunder&Lightning (Mac - 2015),3.67,3
Titanic: Adventure Out of Time (Mac - 1996),4.49,47
Tom Clancy's Politika (Mac - 1997),4.20,5
Tom Clancy's Rainbow Six (Mac - 1999),4.40,15
Tom Landry Strategy Football (Mac - 1993),3.00,5
Tonka Search & Rescue (Mac - 1997),5.00,2
Tony Hawk's Pro Skater 3 (Mac - 2003),4.31,42
Top Gun: Fire at Will! (Mac - 1998),5.00,5
Torin's Passage (Mac - 1995),4.48,64
Total Distortion (Mac - 1995),3.91,11
Total Immersion Racing (Mac - 2003),5.00,1
Tracker (Mac - 1987),3.67,3
Transylvania (Mac - 1984),4.23,13
Treasure Cove! (Mac - 1994),4.60,48
Treasure Galaxy! (Mac - 1994),4.59,39
Treasure MathStorm! (Mac - 1992),4.55,95
Treasure Quest (Mac - 1996),5.00,1
TriTryst (Mac - 1996),5.00,1
Troggle Trouble Math (Mac - 1994),4.40,5
TRON 2.0 (Mac - 2004),4.79,14
Trophy Bass (Mac - 1995),4.67,3
Tropico (Mac - 2001),4.08,12
Troubled Souls (Mac - 1994),5.00,1
Trust and Betrayal: The Legacy of Siboot (Mac - 1987),4.00,1
Tubular Worlds (Mac - 1994),5.00,6
Tux Racer (Mac - 2000),4.00,4
Ultima II: The Revenge of the Enchantress... (Mac - 1985),4.22,18
UMS II: Nations at War (Mac - 1991),4.50,4
UMS: The Universal Military Simulator (Mac - 1988),4.20,5
Uncharted Waters (Mac - 1991),4.35,20
Uncle Albert's Magical Album (Mac - 1998),4.33,3
Uninvited (Mac - 1986),3.92,12
Unlimited Adventures (Mac - 1993),4.61,18
Unreal Tournament (Mac - 2000),4.20,30
Valkyrie (Mac - 1993),5.00,1
Vette! (Mac - 1991),4.50,12
Victoria: An Empire Under the Sun (Mac - 2004),4.46,13
Virtual Pool (Mac - 1997),4.54,13
Voyeur (Mac - 1995),3.80,20
Warcraft II: Battle.net Edition (Mac - 2000),3.98,41
Warcraft II: Tides of Darkness (Mac - 1996),4.44,1432
WarCraft: Orcs & Humans (Mac - 1995),4.48,735
Warlock (Mac - 1988),4.29,7
Warlords (Mac - 1992),4.77,26
Warrior Kings (Mac - 2003),5.00,4
Wayne Gretzky Hockey (Mac - 1990),4.14,7
Webmaster (Mac - 1999),5.00,1
Weekend Warrior (Mac - 1997),0.00,0
Welcome to the Future (Mac - 1995),3.00,1
Welltris (Mac - 1990),3.84,19
Where in Europe is Carmen Sandiego? (Mac - 1989),4.00,10
Where in the U.S.A. is Carmen Sandiego? (Mac - 1989),4.50,4
Where in the World is Carmen Sandiego? (Mac - 1985),4.55,18
Winter Games (Mac - 1985),4.39,18
Wishbone and the Amazing Odyssey (Mac - 1996),4.20,5
Wishbringer (Mac - 1985),4.71,7
Wizardry Gold (Mac - 1996),5.00,2
Wizardry: Bane of the Cosmic Forge (Mac - 1991),4.46,33
Wizardry: Proving Grounds of the Mad Overlord (Mac - 1985),4.29,34
Wolfenstein 3D (Mac - 1995),4.47,36
Wolfpack (Mac - 1993),4.80,20
Wordtris (Mac - 1993),4.00,8
World Class Leader Board (Mac - 1988),4.62,26
World of Aden: Entomorph - Plague of the Darkfall (Mac - 1996),4.50,10
Worms (Mac - 1996),4.38,134
Worms Blast (Mac - 2003),4.00,5
Wrath of the Gods (Mac - 1994),5.00,7
X-Plane 5 (Mac - 1999),4.00,2
Xyphus (Mac - 1985),5.00,1
Yellow Brick Road (Mac - 1996),0.00,0
Yogurt Commercial (Mac - 1998),0.00,0
Yogurt Commercial II (Mac - 2001),0.00,0
Yoot Tower (Mac - 1998),4.24,17
You Don't Know Jack (Mac - 1995),5.00,2
You Don't Know Jack Sports (Mac - 1996),0.00,0
You Don't Know Jack: Volume 2 (Mac - 1996),3.00,1
Zap! (Mac - 1998),5.00,5
Zeddas: Servant of Sheol (Mac - 1996),0.00,0
Zero Critical (Mac - 1998),5.00,2
Zoop (Mac - 1995),3.33,3
Zork Trilogy (Mac - 1987),4.48,23
Zork Zero: The Revenge of Megaboz (Mac - 1988),4.55,11
Zork: The Undiscovered Underground (Mac - 1997),5.00,1
ZPC (Mac - 1996),4.75,4
