Title,Average Rating,Number of Ratings
Akalabeth: World of Doom (DOS - 1980),3.88,25
"Defender of The Crown (DOS, Amiga, Mac, Amstrad CPC, Apple IIgs, Atari ST, C64, NES - 1987)",4.53,62
Dunjonquest: Hellfire Warrior (Atari 8-bit - 1982),0.00,0
Dunjonquest: Morloc's Tower (Atari 8-bit - 1980),0.00,0
"Dunjonquest: Temple of Apshai (DOS, Apple II, Atari 8-bit, C64, VIC-20 - 1982)",3.57,7
Dunjonquest: The Datestones of Ryn (Atari 8-bit - 1981),0.00,0
Eamon (DOS - 1988),3.67,3
"Ghouls 'N Ghosts (Amiga, Amstrad CPC, Atari ST, C64, Genesis - 1989)",4.57,7
Kajko i Kokosz (Amiga - 1994),3.50,2
Manor (DOS - 1986),5.00,2
"Myth II: Soulblighter (Windows, Mac - 1998)",4.62,54
Robin of the Wood (C64 - 1985),5.00,2
"Siege (C64, VIC-20 - 1983)",0.00,0
"Wizard of Wor (Atari 8-bit, C64 - 1983)",4.50,2
