Title,Average Rating,Number of Ratings
Alcazar: The Forgotten Fortress (MSX - 1985),4.67,3
A.E. (MSX - 1984),5.00,2
Aliens: The Computer Game (MSX - 1987),4.33,15
Metal Gear 2: Solid Snake (MSX - 1990),4.38,140
After the War (MSX - 1989),4.77,18
Addicta Ball (MSX - 1987),5.00,2
Aliens: Alien 2 (MSX - 1987),4.40,5
Angel Nieto Pole 500 (MSX - 1990),4.22,23
Afteroids (MSX - 1988),0.00,0
Adventure Island (MSX - 1986),4.45,11
Adventure 1 (MSX - 1985),5.00,1
Ace of Aces (MSX - 1986),4.42,20
Albatross (MSX - 1986),5.00,1
Ultima I (MSX - 1989),3.00,2
10-Yard Fight (MSX - 1986),4.00,8
Ale Hop! (MSX - 1988),4.00,2
African Trail Simulator (MSX - 1990),4.10,10
A View to a Kill: The Computer Game (MSX - 1985),3.80,10
1942 (MSX - 1986),4.50,24
Adven'chuta! (MSX - 1983),0.00,0
Alien 8 (MSX - 1985),5.00,3
Laser Squad (MSX - 1988),4.73,48
The A-Team (MSX - 1989),5.00,1
Alpha Blaster (MSX - 1984),5.00,1
007: Licence to Kill (MSX - 1989),4.10,72
Amaurote (MSX - 1987),4.33,3
Ninja Jajamaru-kun (MSX - 1986),5.00,1
Alien Syndrome (MSX - 1988),4.42,19
4x4 Off-Road Racing (MSX - 1988),4.31,45
10th Frame (MSX - 1986),4.27,37
A.M.C.: Astro Marine Corps (MSX - 1989),5.00,5
A Lenda da Gávea (MSX - 1988),5.00,4
Alibaba and 40 Thieves (MSX - 1984),3.33,3
737 Flight Simulator (MSX - 1984),4.67,6
Abu Simbel Profanation (MSX - 1985),5.00,2
American Truck (MSX - 1985),4.75,4
Abracadabra (MSX - 1988),5.00,8
