Title,Average Rating,Number of Ratings
Alien 8 (MSX - 1985),5.00,2
A View to a Kill: The Computer Game (MSX - 1985),4.00,9
The A-Team (MSX - 1989),5.00,1
1942 (MSX - 1986),4.52,21
Ale Hop! (MSX - 1988),4.00,2
Amaurote (MSX - 1987),4.00,2
American Truck (MSX - 1985),4.75,4
Ace of Aces (MSX - 1986),4.39,19
Afteroids (MSX - 1988),0.00,0
Adventure 1 (MSX - 1985),5.00,1
A Lenda da Gávea (MSX - 1988),5.00,3
Addicta Ball (MSX - 1987),5.00,1
Alcazar: The Forgotten Fortress (MSX - 1985),4.67,3
Aliens: Alien 2 (MSX - 1987),4.40,5
007: Licence to Kill (MSX - 1989),4.04,67
Alibaba and 40 Thieves (MSX - 1984),3.33,3
Laser Squad (MSX - 1988),4.72,46
10th Frame (MSX - 1986),4.28,36
4x4 Off-Road Racing (MSX - 1988),4.20,39
Abracadabra (MSX - 1988),5.00,7
Abu Simbel Profanation (MSX - 1985),5.00,2
10-Yard Fight (MSX - 1986),4.43,7
Adventure Island (MSX - 1986),4.45,11
A.E. (MSX - 1984),5.00,1
Metal Gear 2: Solid Snake (MSX - 1990),4.43,122
Adven'chuta! (MSX - 1983),0.00,0
A.M.C.: Astro Marine Corps (MSX - 1989),5.00,5
African Trail Simulator (MSX - 1990),4.10,10
Angel Nieto Pole 500 (MSX - 1990),4.22,23
Ultima I (MSX - 1989),3.00,2
Alien Syndrome (MSX - 1988),4.39,18
After the War (MSX - 1989),4.80,16
737 Flight Simulator (MSX - 1984),4.60,5
Albatross (MSX - 1986),0.00,0
Aliens: The Computer Game (MSX - 1987),4.25,12
Alpha Blaster (MSX - 1984),5.00,1
