Title,Average Rating,Number of Ratings
'89 Dennō Kyūsei Uranai (NES - 1988),2.67,6
10-Yard Fight (NES - 1985),5.00,1
1942 (NES - 1985),4.43,7
1943: The Battle of Midway (NES - 1988),4.38,13
1991 Du Ma Racing (NES - 1991),0.00,0
"1999: Hore, Mita koto ka! Seikimatsu (NES - 1992)",0.00,0
3-D WorldRunner (NES - 1987),5.00,1
4 Nin Uchi Mahjong (NES - 1984),0.00,0
720º (NES - 1989),5.00,3
8 Eyes (NES - 1988),5.00,1
A Nightmare on Elm Street (NES - 1990),5.00,1
A Ressha de Ikō (NES - 1991),5.00,2
Aa Yakyū Jinsei Icchokusen (NES - 1992),0.00,0
Abadox: The Deadly Inner War (NES - 1989),3.00,1
Action 52 (NES - 1991),0.00,0
Adventure Island (NES - 1986),4.50,6
Adventure Island 3 (NES - 1992),4.25,4
Adventure Island II (NES - 1991),3.33,3
Adventures of Dino-Riki (NES - 1987),5.00,1
Adventures of Lolo (NES - 1989),0.00,0
Adventures of Lolo 2 (NES - 1990),0.00,0
Adventures of Lolo 3 (NES - 1990),0.00,0
Adventures of Tom Sawyer (NES - 1989),0.00,0
After Burner II (NES - 1989),4.38,13
Ai Sensei no Oshiete: Watashi no Hoshi (NES - 1993),5.00,1
Ai Senshi Nicol (NES - 1987),4.00,1
Aigina's Prophecy (NES - 1986),3.00,1
Air Fortress (NES - 1987),4.00,1
Airwolf (NES - 1989),0.00,0
Airwolf (NES - 1988),0.00,0
Akagawa Jirō no Yūrei Ressha (NES - 1991),0.00,0
Akira (NES - 1988),5.00,1
Akuma-kun: Makai no Wana (NES - 1990),0.00,0
Akumajō Special: Boku Dracula-kun! (NES - 1990),5.00,3
Al Unser Jr. Turbo Racing (NES - 1989),5.00,1
Alfred Chicken (NES - 1993),5.00,2
Alien Syndrome (NES - 1988),4.10,10
Alien³ (NES - 1993),5.00,1
All-Pro Basketball (NES - 1989),5.00,1
Alpha Mission (NES - 1986),0.00,0
Amagon (NES - 1988),0.00,0
America Daitōryō Senkyo (NES - 1988),0.00,0
America! Ōdan Ultra Quiz: Shijō Saidai no Tatakai (NES - 1991),5.00,1
American Dream (NES - 1989),0.00,0
American Gladiators (NES - 1991),3.10,10
Ankoku Shinwa: Yamato Takeru Densetsu (NES - 1989),0.00,0
Antarctic Adventure (NES - 1985),1.00,1
Anticipation (NES - 1988),0.00,0
Arch Rivals (NES - 1990),5.00,2
Archon: The Light and the Dark (NES - 1989),4.35,26
Arctic (NES - 1990),4.00,1
Arctic Adventure: Penguin & Seal (NES - 1990),0.00,0
Argus (NES - 1986),0.00,0
Arkanoid (NES - 1986),4.56,25
Arkanoid: Revenge of DOH (NES - 1988),4.12,25
Arkista's Ring (NES - 1990),0.00,0
Armadillo (NES - 1991),3.50,2
Artelius (NES - 1987),0.00,0
Asmik-kun Land (NES - 1991),0.00,0
Astérix (NES - 1993),5.00,1
Astro Fang: Super Machine (NES - 1990),5.00,1
Astyanax (NES - 1989),0.00,0
Athena (NES - 1987),4.00,2
Athletic World (NES - 1986),0.00,0
Atlantis no Nazo (NES - 1986),0.00,0
Attack Animal Gakuen (NES - 1987),0.00,0
Attack of the Killer Tomatoes (NES - 1991),0.00,0
Aussie Rules Footy (NES - 1991),0.00,0
Auto-Upturn (NES - 1991),1.00,1
B-Wings: Battle Wings (NES - 1986),3.00,1
Babel no Tō (NES - 1986),0.00,0
Baby Boomer (NES - 1989),5.00,1
Back to the Future (NES - 1989),0.00,0
Back to the Future Part II & III (NES - 1990),0.00,0
Bad Dudes (NES - 1989),4.42,12
Bad News Baseball (NES - 1989),0.00,0
Bad Street Brawler (NES - 1989),4.75,8
Bakushō! Star Monomane Shitennō (NES - 1990),0.00,0
Bakushō!! Ai no Gekijō (NES - 1990),0.00,0
Bakushō!! Jinsei Gekijō (NES - 1989),0.00,0
Bakushō!! Jinsei Gekijō 2 (NES - 1991),0.00,0
Bakushō!! Jinsei Gekijō 3 (NES - 1991),0.00,0
Ballblazer (NES - 1988),5.00,1
Balloon Fight (NES - 1985),5.00,3
Baltron (NES - 1986),0.00,0
Banana (NES - 1986),1.00,1
Banana Prince (NES - 1991),0.00,0
Bandai Golf: Challenge Pebble Beach (NES - 1989),0.00,0
Bandit Kings of Ancient China (NES - 1990),4.50,16
Barbie (NES - 1991),5.00,6
Barker Bill's Trick Shooting (NES - 1990),0.00,0
Base Wars - Cyber Stadium Series (NES - 1991),0.00,0
Baseball (NES - 1983),5.00,1
Baseball Simulator 1.000 (NES - 1989),5.00,1
Baseball Stars (NES - 1989),5.00,1
Baseball Stars 2 (NES - 1992),0.00,0
Bases Loaded (NES - 1987),5.00,1
Bases Loaded 3 (NES - 1990),0.00,0
Bases Loaded 4 (NES - 1991),0.00,0
Bases Loaded II: Second Season (NES - 1988),0.00,0
Batman Returns (NES - 1993),4.50,2
Batman: Return of the Joker (NES - 1991),4.00,1
Batman: The Video Game (NES - 1989),5.00,2
Batsu & Terī (NES - 1987),0.00,0
Battle Chess (NES - 1990),4.42,366
Battle City (NES - 1985),5.00,3
Battleship (NES - 1993),0.00,0
Battletoads (NES - 1991),4.00,2
Battletoads / Double Dragon (NES - 1993),5.00,2
Bee 52 (NES - 1992),4.33,3
Beetlejuice (NES - 1991),0.00,0
Best of the Best Championship Karate (NES - 1992),4.32,19
Bible Adventures (NES - 1991),0.00,0
Bible Buffet (NES - 1993),0.00,0
Big Bird's Hide and Speak (NES - 1990),0.00,0
Big Nose Freaks Out (NES - 1992),0.00,0
Big Nose the Caveman (NES - 1991),0.00,0
Bigfoot (NES - 1990),0.00,0
Bikkuriman World: Gekitō Sei Senshi (NES - 1990),0.00,0
Bill & Ted's Excellent Video Game Adventure (NES - 1991),3.00,1
Bill Elliott's Nascar Challenge (NES - 1991),4.58,12
Binary Land (NES - 1985),4.00,1
Bio Miracle Bokutte Upa (NES - 1988),4.00,1
Bionic Commando (NES - 1988),5.00,1
Bird Week (NES - 1986),0.00,0
Blackjack (NES - 1992),0.00,0
Blades of Steel (NES - 1988),4.17,6
Blaster Master (NES - 1988),5.00,1
Bloody Warriors: Shan Go no Gyakushū (NES - 1990),0.00,0
Bo Jackson Baseball (NES - 1991),0.00,0
Bokosuka Wars (NES - 1985),5.00,1
Bomberman (NES - 1985),5.00,1
Bomberman II (NES - 1991),5.00,1
Bonk's Adventure (NES - 1993),3.00,1
Booby Kids (NES - 1987),0.00,0
Boulder Dash (NES - 1990),5.00,6
Bram Stoker's Dracula (NES - 1993),0.00,0
Break Time: The National Pool Tour (NES - 1993),0.00,0
BreakThru (NES - 1987),0.00,0
Bubble Bath Babes (NES - 1991),0.00,0
Bubble Bobble (NES - 1987),4.37,124
Bubble Bobble Part 2 (NES - 1993),2.00,1
Bucky O'Hare (NES - 1992),5.00,1
Burai Fighter (NES - 1990),0.00,0
BurgerTime (NES - 1985),4.21,19
Cabal (NES - 1990),4.74,15
Caesars Palace (NES - 1992),0.00,0
California Games (NES - 1989),4.34,33
Captain America and the Avengers (NES - 1991),4.67,3
Captain ED (NES - 1989),0.00,0
Captain Planet and the Planeteers (NES - 1991),0.00,0
Captain Silver (NES - 1988),0.00,0
Captain Skyhawk (NES - 1990),0.00,0
Casino Kid (NES - 1989),0.00,0
Casino Kid 2 (NES - 1993),0.00,0
Castle of Deceit (NES - 1990),5.00,1
Castle of Dragon (NES - 1990),5.00,2
Castle Quest (NES - 1990),0.00,0
Castlequest (NES - 1986),5.00,1
Castlevania (NES - 1986),4.48,21
Castlevania II: Simon's Quest (NES - 1987),4.40,5
Castlevania III: Dracula's Curse (NES - 1989),5.00,3
Caveman Ugh-Lympics (NES - 1990),4.40,10
Chack'n Pop (NES - 1985),5.00,1
Challenge of the Dragon (NES - 1990),0.00,0
Challenger (NES - 1985),5.00,2
Championship Bowling (NES - 1989),0.00,0
Championship Lode Runner (NES - 1985),5.00,1
Championship Pool (NES - 1993),0.00,0
Chaos World (NES - 1991),0.00,0
Chase H.Q. (NES - 1989),4.00,5
CheetahMen II (NES - 1992),1.00,1
Chester Field: Ankoku Shin e no Chōsen (NES - 1987),4.00,1
Chiller (NES - 1990),0.00,0
Chinese Hero (NES - 1986),0.00,0
Chip 'N Dale: Rescue Rangers (NES - 1990),5.00,1
Chō Jikū Yōsai Macross (NES - 1985),0.00,0
Chōjin Sentai Jetman (NES - 1991),4.00,1
Choplifter! (NES - 1986),3.50,2
Chubby Cherub (NES - 1985),1.00,1
Circus Caper (NES - 1990),0.00,0
Circus Charlie (NES - 1986),4.25,4
City Adventure Touch: Mystery of Triangle (NES - 1987),0.00,0
City Connection (NES - 1985),4.00,1
Clash at Demonhead (NES - 1989),0.00,0
Classic Concentration (NES - 1990),4.55,29
Cliffhanger (NES - 1993),4.00,1
Clu Clu Land (NES - 1984),5.00,1
Cobra Command (NES - 1988),0.00,0
Cobra Triangle (NES - 1989),0.00,0
Code Name: Viper (NES - 1990),5.00,1
Color a Dinosaur (NES - 1993),1.00,1
Commando (NES - 1986),3.89,9
Conflict (NES - 1989),5.00,1
Conquest of the Crystal Palace (NES - 1990),0.00,0
Contra (NES - 1988),4.27,41
Contra Force (NES - 1992),5.00,2
Cool World (NES - 1993),4.13,8
Cosmic Spacehead (NES - 1992),4.67,4
Cosmic Wars (NES - 1989),4.00,2
Cowboy Kid (NES - 1991),5.00,1
Crackout (NES - 1986),0.00,0
Crash 'n' the Boys: Street Challenge (NES - 1992),0.00,0
Crazy Climber (NES - 1986),3.50,2
Crisis Force (NES - 1991),0.00,0
CrossFire (NES - 1990),3.00,1
Crystal Mines (NES - 1989),0.00,0
Crystalis (NES - 1990),5.00,2
Cyberball (NES - 1991),5.00,1
Cybernoid: The Fighting Machine (NES - 1989),5.00,1
Dai Meiro: Meikyū no Tatsujin (NES - 1990),0.00,0
Dai-2-ji Super Robot Taisen (NES - 1991),0.00,0
Daisenryaku (NES - 1988),0.00,0
DAIVA Story 6: Nirsartia no Gyokuza (NES - 1986),4.00,1
Dance Aerobics (NES - 1987),5.00,1
Dancing Block (NES - 1990),0.00,0
Danny Sullivan's Indy Heat (NES - 1991),3.00,2
Darkman (NES - 1991),5.00,1
Dash Galaxy in the Alien Asylum (NES - 1990),3.00,2
Day Dreamin' Davey (NES - 1992),0.00,0
Days of Thunder (NES - 1990),3.71,7
Deadly Towers (NES - 1986),0.00,0
Death Race (NES - 1990),0.00,0
Deathbots (NES - 1990),0.00,0
Decathlon (NES - 1992),0.00,0
Deep Dungeon III: Yūshi e no Tabi (NES - 1988),0.00,0
Deep Dungeon IV: Kuro no Yōjutsushi (NES - 1990),0.00,0
Defender of The Crown (NES - 1989),4.53,62
Defenders of Dynatron City (NES - 1992),0.00,0
Deja Vu: A Nightmare Comes True!! (NES - 1988),4.95,38
Demon Sword (NES - 1988),0.00,0
Desert Commander (NES - 1988),5.00,2
Destination Earthstar (NES - 1990),0.00,0
Destiny of an Emperor (NES - 1989),5.00,1
Devil World (NES - 1984),5.00,1
Dezaemon (NES - 1991),0.00,0
Dick Tracy (NES - 1990),0.00,0
Die Hard (NES - 1991),0.00,0
Dig Dug (NES - 1985),4.47,47
Dig Dug II: Trouble in Paradise (NES - 1986),5.00,1
Digger T. Rock: Legend of the Lost City (NES - 1990),0.00,0
Digital Devil Story: Megami Tensei (NES - 1987),1.67,3
Digital Devil Story: Megami Tensei II (NES - 1990),2.00,2
Dirty Harry (NES - 1990),5.00,1
Disney's Aladdin (NES - 1994),4.39,244
Disney's Beauty and the Beast (NES - 1994),0.00,0
Disney's Chip 'N Dale Rescue Rangers 2 (NES - 1993),5.00,5
Disney's Darkwing Duck (NES - 1992),4.00,1
Disney's DuckTales (NES - 1989),5.00,2
Disney's DuckTales 2 (NES - 1993),3.80,5
Disney's TaleSpin (NES - 1991),0.00,0
Disney's The Jungle Book (NES - 1994),5.00,2
Disney's The Lion King (NES - 1995),3.00,1
Disney's The Little Mermaid (NES - 1991),5.00,2
Dizzy: Prince of the Yolkfolk (NES - 1993),5.00,4
Don Doko Don (NES - 1990),0.00,0
Don Doko Don 2 (NES - 1992),2.67,3
Donald Land (NES - 1988),3.50,2
Donkey Kong (NES - 1983),4.38,122
Donkey Kong 3 (NES - 1984),5.00,1
Donkey Kong Classics (NES - 1988),5.00,2
Donkey Kong Jr. Math (NES - 1983),0.00,0
Doraemon (NES - 1986),5.00,1
Doraemon: Giga Zombie no Gyakushū (NES - 1990),0.00,0
Double Dare (NES - 1990),5.00,9
Double Dragon (NES - 1988),4.73,31
Double Dragon II: The Revenge (NES - 1989),4.14,60
Double Dragon III: The Sacred Stones (NES - 1991),4.33,3
Double Dribble (NES - 1987),4.13,8
Double Moon Densetsu (NES - 1992),0.00,0
Double Strike (NES - 1990),0.00,0
Dough Boy (NES - 1985),0.00,0
Downtown Nekketsu Kōshinkyoku: Soreyuke Daiundōkai (NES - 1990),5.00,1
Downtown Special: Kunio-kun no Jidaigeki da yo - Zenin Shūgō! (NES - 1991),5.00,2
Dr. Chaos (NES - 1987),0.00,0
Dr. Jekyll and Mr. Hyde (NES - 1988),0.00,0
Dr. Mario (NES - 1990),4.20,5
Dragon Ball 3: Gokūden (NES - 1989),0.00,0
Dragon Ball Z Gaiden: Saiyajin Zetsumetsu Keikaku (NES - 1993),0.00,0
Dragon Ball Z II: Gekigami Freezer (NES - 1991),5.00,1
Dragon Ball Z III: Ressen Jinzō Ningen (NES - 1992),5.00,1
Dragon Ball Z: Kyōshū! Saiyajin (NES - 1990),0.00,0
Dragon Ball: Daimaō Fukkatsu (NES - 1988),5.00,1
Dragon Buster (NES - 1987),5.00,1
Dragon Buster II: Yami no Fūin (NES - 1989),0.00,0
Dragon Fighter (NES - 1990),5.00,1
Dragon Power (NES - 1986),0.00,0
Dragon Spirit (NES - 1989),4.78,9
Dragon Warrior (NES - 1986),5.00,2
Dragon Warrior II (NES - 1987),0.00,0
Dragon Warrior III (NES - 1988),0.00,0
Dragon Warrior IV (NES - 1990),5.00,1
Dragon Wars (NES - 1991),4.50,18
Dragons of Flame (NES - 1992),3.00,9
Duck Hunt (NES - 1984),5.00,4
Dudes with Attitude (NES - 1990),0.00,0
Dungeon Magic: Sword of the Elements (NES - 1989),1.00,1
Dusty Diamond's All-Star Softball (NES - 1989),0.00,0
Dynamite Bowl (NES - 1987),0.00,0
Dynowarz: Destruction of Spondylus (NES - 1990),0.00,0
Earthbound Beginnings (NES - 1989),4.00,4
Eggerland: Meikyū no Fukkatsu (NES - 1988),5.00,1
Egypt (NES - 1991),0.00,0
Elevator Action (NES - 1985),5.00,1
Eliminator Boat Duel (NES - 1991),5.00,1
Elite (NES - 1991),4.24,33
Empire City: 1931 (NES - 1987),5.00,1
Erika to Satoru no Yume Bōken (NES - 1988),0.00,0
Erunaaku No Zaihou (NES - 1987),0.00,0
Esper Dream 2: Arata naru Tatakai (NES - 1992),0.00,0
Excitebike (NES - 1984),4.00,4
Exed Exes (NES - 1985),0.00,0
Exerion (NES - 1985),4.00,1
Exodus: Journey to the Promised Land (NES - 1991),4.07,14
Exodus: Ultima III (NES - 1987),4.46,35
F-117A Stealth Fighter (NES - 1992),0.00,0
F-15 City War (NES - 1990),4.00,3
F-15 Strike Eagle (NES - 1992),4.00,8
F1 Circus (NES - 1992),0.00,0
F1 Race (NES - 1984),4.00,10
Famicom Wars (NES - 1988),5.00,2
Family BASIC (NES - 1984),0.00,0
Family Circuit (NES - 1988),5.00,1
Family Circuit '91 (NES - 1991),5.00,1
Family Feud (NES - 1991),5.00,2
Family Jockey (NES - 1987),5.00,1
Family Tennis (NES - 1987),0.00,0
Family Trainer: Jogging Race (NES - 1987),0.00,0
Fantasy Zone (NES - 1987),5.00,1
Fantasy Zone II (NES - 1988),0.00,0
Faria: A World of Mystery & Danger! (NES - 1989),0.00,0
Faxanadu (NES - 1987),4.00,2
Felix the Cat (NES - 1992),0.00,0
Fengshenbang (NES - 1995),0.00,0
Ferrari Grand Prix Challenge (NES - 1992),5.00,1
Fester's Quest (NES - 1989),0.00,0
Field Combat (NES - 1985),4.50,2
Fighting Road (NES - 1988),0.00,0
Final Fantasy (NES - 1987),4.25,4
Final Fantasy II (NES - 1988),5.00,1
Final Fantasy III (NES - 1990),5.00,4
Final Fantasy I•II (NES - 1994),0.00,0
Final Fantasy VII (NES - 2005),3.00,2
Final Lap (NES - 1988),5.00,1
Fire 'n Ice (NES - 1992),5.00,1
Fire Emblem Gaiden (NES - 1992),4.67,3
Fire Emblem: Ankoku Ryū to Hikari no Tsurugi (NES - 1990),4.80,5
Fisher-Price Firehouse Rescue (NES - 1992),3.80,5
Fisher-Price I Can Remember (NES - 1990),0.00,0
Fisher-Price Perfect Fit (NES - 1990),5.00,1
Fist of the North Star (NES - 1987),0.00,0
Flappy (NES - 1985),0.00,0
Flight of The Intruder (NES - 1991),4.75,12
Flying Dragon: The Secret Scroll (NES - 1987),0.00,0
Flying Warriors (NES - 1991),1.00,1
Formation Z (NES - 1985),5.00,2
Formula 1 Sensation (NES - 1993),5.00,1
Formula One: Built to Win (NES - 1990),5.00,1
Fox's Peter Pan & The Pirates: The Revenge of Captain Hook (NES - 1991),0.00,0
Frankenstein: The Monster Returns (NES - 1990),0.00,0
Freedom Force (NES - 1988),5.00,1
Friday the 13th (NES - 1989),3.00,1
Front Line (NES - 1985),0.00,0
Fun House (NES - 1991),5.00,1
Fushigi no Umi no Nadia (NES - 1991),4.00,1
Fuzzical Fighter (NES - 1991),0.00,0
G.I. Joe: A Real American Hero (NES - 1991),5.00,2
G.I. Joe: The Atlantis Factor (NES - 1992),5.00,1
Galactic Crusader (NES - 1990),0.00,0
Galaga (NES - 1985),5.00,3
Galaxian (NES - 1984),4.06,30
Galaxy 5000 (NES - 1991),0.00,0
Galivan (NES - 1988),0.00,0
Ganbare Goemon 2 (NES - 1989),1.00,1
Ganbare Goemon Gaiden 2: Tenka no Zaihō (NES - 1992),0.00,0
Ganbare Goemon Gaiden: Kieta Ōgon Kiseru (NES - 1990),0.00,0
Ganbare Goemon! Karakuri Dōchū (NES - 1986),3.00,1
Ganso Saiyūki: Super Monkey Daibōken (NES - 1986),0.00,0
Garfield no Isshūkan: A Week of Garfield (NES - 1989),0.00,0
Gargoyle's Quest II (NES - 1992),0.00,0
Gauntlet (NES - 1987),0.00,0
Gauntlet II (NES - 1989),4.68,19
Geimos (NES - 1985),0.00,0
Gemfire (NES - 1991),4.69,13
Genghis Khan (NES - 1989),4.90,10
George Foreman's KO Boxing (NES - 1992),0.00,0
Ghost Lion (NES - 1989),0.00,0
Ghostbusters (NES - 1986),3.67,3
Ghostbusters II (NES - 1990),0.00,0
Ghosts 'n Goblins (NES - 1986),4.44,50
Ghoul School (NES - 1992),0.00,0
Goal! (NES - 1988),2.00,1
Goal! Two (NES - 1992),0.00,0
Godzilla 2: War of the Monsters (NES - 1991),5.00,1
Godzilla: Monster of Monsters (NES - 1988),4.33,3
Gold Medal Challenge '92 (NES - 1992),0.00,0
Golf (NES - 1984),3.33,3
Golf Grand Slam (NES - 1991),0.00,0
Golgo 13: Top Secret Episode (NES - 1988),0.00,0
Gomoku Narabe Renju (NES - 1983),0.00,0
Gorby no Pipeline Daisakusen (NES - 1991),0.00,0
Gotcha! The Sport! (NES - 1987),0.00,0
Gradius (NES - 1986),4.00,1
Greg Norman's Golf Power (NES - 1992),0.00,0
Gremlins 2: The New Batch (NES - 1990),5.00,2
Guerrilla War (NES - 1988),4.89,9
Gumshoe (NES - 1986),2.00,1
Gun-Nac (NES - 1990),2.50,2
Gun.Smoke (NES - 1988),5.00,2
Gyrodine (NES - 1986),0.00,0
Gyromite (NES - 1985),0.00,0
Gyruss (NES - 1988),4.67,3
Hammerin' Harry (NES - 1991),0.00,0
Hana no Star Kaidō (NES - 1987),0.00,0
Hanjuku Hero (NES - 1988),0.00,0
Harlem Globetrotters (NES - 1991),3.25,4
Hatris (NES - 1990),0.00,0
Heavy Barrel (NES - 1990),4.83,6
Heavy Shreddin' (NES - 1990),0.00,0
Hello Kitty World (NES - 1992),0.00,0
Herakles no Eikō II: Titan no Metsubō (NES - 1989),0.00,0
Herakles no Eikō: Tōjin Makyō Den (NES - 1987),0.00,0
Higemaru Makaijima: Nanatsu no Shima Daibōken (NES - 1987),0.00,0
High Speed (NES - 1991),4.00,1
Hillsfar (NES - 1991),3.82,11
Hinotori (NES - 1987),5.00,1
Hissatsu Dōjō Yaburi (NES - 1989),0.00,0
Hogan's Alley (NES - 1984),4.00,1
Hokkaidō Rensa Satsujin: Okhotsk ni Kiyu (NES - 1987),0.00,0
Hokuto no Ken (NES - 1986),0.00,0
Hokuto no Ken 3: Shinseiki Sōzō Seiken Retsuden (NES - 1989),0.00,0
Hokuto no Ken 4: Shichisei Haken Den: Hokuto Shinken no Kanata e (NES - 1991),0.00,0
Hole in One Professional (NES - 1988),0.00,0
Hollywood Squares (NES - 1989),4.86,22
Holy Diver (NES - 1989),0.00,0
Home Alone (NES - 1991),5.00,1
Home Alone 2: Lost in New York (NES - 1992),5.00,1
Hon Shōgi: Naitō 9 Dan Shōgi Hiden (NES - 1985),0.00,0
Honey Peach (NES - 1990),5.00,1
Hook (NES - 1992),5.00,2
Hoops (NES - 1988),0.00,0
Hoshi o Miru Hito (NES - 1987),0.00,0
Hostage: Rescue Mission (NES - 1989),4.39,23
Hot Slots (NES - 1991),5.00,1
Hottāman no Chitei Tanken (NES - 1986),0.00,0
Hudson Hawk (NES - 1991),3.00,2
Hydlide (NES - 1986),5.00,1
Hyper Sports (NES - 1985),4.00,1
Ice Climber (NES - 1985),5.00,2
Ice Hockey (NES - 1988),0.00,0
Idol Hakkenden (NES - 1989),4.00,1
Ikari III: The Rescue (NES - 1990),3.43,7
Ikari Warriors (NES - 1986),4.30,17
Ikari Warriors II: Victory Road (NES - 1988),3.88,8
Ike Ike! Nekketsu Hockey-bu: Subete Koronde Dairantō (NES - 1992),5.00,1
Ikinari Musician (NES - 1987),0.00,0
Ikki (NES - 1985),3.00,1
Impossible Mission II (NES - 1989),4.20,39
Indiana Jones and the Last Crusade (NES - 1991),4.50,2
Indiana Jones and The Temple of Doom (NES - 1988),4.10,10
Infiltrator II (NES - 1989),5.00,4
Insector X (NES - 1990),0.00,0
International Cricket (NES - 1992),4.71,7
Iron Tank: The Invasion of Normandy (NES - 1988),5.00,1
IronSword: Wizards & Warriors II (NES - 1989),4.00,1
Ishin no Arashi (NES - 1990),0.00,0
Isolated Warrior (NES - 1991),0.00,0
Itadaki Street: Watashi no Omise ni Yotte tte (NES - 1991),5.00,2
Ivan 'Ironman' Stewart's Super Off Road (NES - 1990),4.55,52
J.League Fighting Soccer: The King of Ace Strikers (NES - 1993),5.00,1
Jack Nicklaus' Greatest 18 Holes of Major Championship Golf (NES - 1990),3.40,5
Jackal (NES - 1988),4.31,19
Jackie Chan's Action Kung Fu (NES - 1990),4.67,3
Jajamaru no Daibōken (NES - 1986),0.00,0
James Bond Jr (NES - 1992),5.00,1
Jaws (NES - 1987),0.00,0
Jeopardy! (NES - 1988),5.00,1
Jesus: Kyōfu no Bio-Monster (NES - 1989),5.00,1
"Jim Henson's Muppet Adventure No. 1: ""Chaos at the Carnival"" (NES - 1990)",3.67,6
Jimmy Connors Tennis (NES - 1993),0.00,0
Joe & Mac: Caveman Ninja (NES - 1991),4.45,65
John Elway's Quarterback (NES - 1989),1.33,3
Jordan vs Bird: One on One (NES - 1989),4.27,11
Joshua & the Battle of Jericho (NES - 1992),0.00,0
Journey to Silius (NES - 1990),0.00,0
Joust (NES - 1987),3.83,6
Joy Mecha Fight (NES - 1993),0.00,0
Jurassic Park (NES - 1993),5.00,1
Just Breed (NES - 1992),0.00,0
Juvei Quest (NES - 1991),5.00,1
Kabuki: Quantum Fighter (NES - 1990),0.00,0
Kaguya-hime Densetsu (NES - 1988),0.00,0
Kaiketsu Yanchamaru 2: Karakuri Land (NES - 1991),0.00,0
Kaiketsu Yanchamaru 3: Taiketsu! Zōringen (NES - 1993),0.00,0
Kanshakudama Nage Kantarō no Tōkaidō Gojūsan Tsugi (NES - 1986),0.00,0
Karaoke Studio (NES - 1987),0.00,0
Karate Champ (NES - 1986),5.00,2
Karateka (NES - 1985),4.72,35
Karnov (NES - 1987),4.67,12
Kart Fighter (NES - 1994),0.00,0
Kick Master (NES - 1992),0.00,0
Kick Off (NES - 1991),4.20,5
Kickle Cubicle (NES - 1990),0.00,0
Kid Icarus (NES - 1986),5.00,1
Kid Klown in Night Mayor World (NES - 1992),0.00,0
Kid Kool and the Quest for the Seven Wonder Herbs (NES - 1988),0.00,0
Kid Niki: Radical Ninja (NES - 1987),5.00,1
King Kong 2: Ikari no Megaton Punch (NES - 1986),5.00,1
King Neptune's Adventure (NES - 1990),0.00,0
King of Kings: The Early Years (NES - 1991),5.00,1
King's Knight (NES - 1986),0.00,0
King's Quest V (NES - 1992),5.00,1
Kings of the Beach (NES - 1990),4.58,19
Kirby's Adventure (NES - 1993),4.30,10
Kiteretsu Daihyakka (NES - 1990),0.00,0
Klax (NES - 1990),4.22,9
Knight Rider (NES - 1988),0.00,0
Knightmare II: The Maze of Galious (NES - 1987),5.00,1
Koko Adventure (NES - 1993),5.00,1
Konami Hyper Soccer (NES - 1992),0.00,0
Kōryu Densetsu Villgust Gaiden (NES - 1993),0.00,0
Krazy Kreatures (NES - 1990),0.00,0
Krusty's Super Fun House (NES - 1992),4.33,9
Kung-Fu Master (NES - 1985),5.00,3
Kunio-kun no Nekketsu Soccer League (NES - 1993),5.00,5
Kyatto Ninden Teyandee (NES - 1991),4.40,5
Kyōryū Sentai Zyuranger (NES - 1992),5.00,2
Kyūkyoku Harikiri Stadium (NES - 1988),0.00,0
L'Empereur (NES - 1991),4.63,16
Labyrinth (NES - 1987),0.00,0
LaGrange Point (NES - 1991),0.00,0
Laser Invasion (NES - 1991),0.00,0
Last Action Hero (NES - 1993),0.00,0
Last Armageddon (NES - 1990),4.00,1
Last Ninja 2: Back With a Vengeance (NES - 1990),4.35,17
Law of the West (NES - 1987),4.67,6
LayLa (NES - 1986),0.00,0
Lee Trevino's Fighting Golf (NES - 1988),0.00,0
Legacy of the Wizard (NES - 1987),0.00,0
Legendary Wings (NES - 1988),5.00,1
Legends of the Diamond (NES - 1992),0.00,0
Lemmings (NES - 1992),4.69,111
Lethal Weapon (NES - 1993),0.00,0
Life Force (NES - 1987),5.00,1
Little League Baseball Championship Series (NES - 1990),5.00,1
Little Nemo: The Dream Master (NES - 1990),5.00,2
Little Ninja Brothers (NES - 1989),5.00,1
Little Red Hood (NES - 1989),0.00,0
Little Samson (NES - 1992),0.00,0
Lode Runner (NES - 1984),4.88,24
Loopz (NES - 1990),5.00,1
Lost Word of JeNnY: Ushinawareta Message (NES - 1987),0.00,0
Lot Lot (NES - 1985),0.00,0
Low G Man (NES - 1990),0.00,0
Lunar Pool (NES - 1985),5.00,2
M.C. Kids (NES - 1992),4.71,7
M.U.S.C.L.E. (NES - 1985),5.00,2
Mach Rider (NES - 1985),0.00,0
Mad Max (NES - 1990),0.00,0
Magic Darts (NES - 1991),0.00,0
Magic Johnson's Fast Break (NES - 1990),4.80,5
Magician (NES - 1990),0.00,0
MagMax (NES - 1986),5.00,2
Mahjang Companion (NES - 1990),3.50,2
Mahjong (NES - 1983),0.00,0
Mahjong Block Jongbou (NES - 1987),0.00,0
Mahjong Taikai (NES - 1989),0.00,0
Major League Baseball (NES - 1988),0.00,0
Maniac Mansion (NES - 1988),4.55,20
Mappy (NES - 1984),5.00,4
Mappy Kids (NES - 1989),0.00,0
Mappy-Land (NES - 1986),0.00,0
Marble Madness (NES - 1989),4.60,25
Mario Bros. (NES - 1983),4.50,10
Mario is Missing! (NES - 1993),4.58,164
Mario's Time Machine (NES - 1994),5.00,17
Master Chu And The Drunkard Hu (NES - 1989),0.00,0
Matsumoto Tōru no Kabushiki Hisshōgaku (NES - 1988),0.00,0
Mechanized Attack (NES - 1990),0.00,0
Mega Man 2 (NES - 1988),5.00,1
Mega Man 3 (NES - 1990),0.00,0
Mega Man 4 (NES - 1991),4.00,1
Mega Man 6 (NES - 1993),0.00,0
Meikyū Jiin Dababa (NES - 1987),0.00,0
Menace Beach (NES - 1990),0.00,0
Mendel Palace (NES - 1989),0.00,0
Metal Fighter (NES - 1989),0.00,0
Metal Gear (NES - 1987),4.27,39
Metal Max (NES - 1991),0.00,0
Metal Slader Glory (NES - 1991),0.00,0
Metal Storm (NES - 1991),0.00,0
MetalMech: Man & Machine (NES - 1990),0.00,0
Metro Cross (NES - 1986),0.00,0
Metroid (NES - 1986),4.60,5
Mezase! Top Pro: Green ni Kakeru Yume (NES - 1993),0.00,0
Michael Andretti's World GP (NES - 1988),0.00,0
Mickey Mousecapade (NES - 1987),4.00,4
Mickey's Adventures in Numberland (NES - 1994),1.00,1
Mickey's Safari In Letterland (NES - 1993),5.00,1
Micro Machines (NES - 1991),4.40,15
Microgo1 (NES - 1987),0.00,0
Mig-29 Soviet Fighter (NES - 1992),2.50,2
Mighty Bombjack (NES - 1986),4.60,15
Mighty Final Fight (NES - 1993),4.75,4
Mike Tyson's Punch-Out!! (NES - 1987),3.67,3
Millipede (NES - 1987),0.00,0
Milon's Secret Castle (NES - 1986),0.00,0
Mini-Putt (NES - 1991),4.33,3
Miracle Warriors: Seal of the Dark Lord (NES - 1987),0.00,0
Mirai Senshi: Lios (NES - 1989),4.00,1
Mission Cobra (NES - 1989),0.00,0
Mission: Impossible (NES - 1990),5.00,1
Mitsume ga Tōru (NES - 1992),3.00,1
Moai Kun (NES - 1990),5.00,1
Mobile Suit Z Gundam: Hot Scramble (NES - 1986),0.00,0
Moero!! Judo Warriors (NES - 1990),5.00,1
Momotarō Densetsu (NES - 1987),0.00,0
Momotarō Densetsu Gaiden (NES - 1993),0.00,0
Momotarō Dentetsu (NES - 1988),0.00,0
Monopoly (NES - 1991),5.00,3
Monster in My Pocket (NES - 1992),1.50,2
Monster Party (NES - 1989),0.00,0
Monster Truck Rally (NES - 1991),0.00,0
Moon Crystal (NES - 1992),0.00,0
Moon Ranger (NES - 1990),0.00,0
Morita Shōgi (NES - 1987),0.00,0
Mōryō Senki Madara (NES - 1990),0.00,0
Motocross Champion (NES - 1989),0.00,0
Motor City Patrol (NES - 1992),3.00,1
MotoRace USA (NES - 1985),5.00,1
Mr. Gimmick (NES - 1992),5.00,1
Ms. Pac-Man (NES - 1990),3.96,32
Murder on the Mississippi (NES - 1986),5.00,2
Musashi no Bōken (NES - 1990),0.00,0
Musashi no Ken: Tadaima Shugyō Chū (NES - 1986),0.00,0
Mystery Quest (NES - 1988),0.00,0
Myth: History in the Making (NES - 1991),4.60,10
Nagagutsu o Haita Neko: Sekai Isshū 80 Nichi Daibōken (NES - 1986),5.00,1
Nakajima Satoru: F-1 Hero 2 (NES - 1991),5.00,1
Nantettatte!! Baseball (NES - 1990),0.00,0
NARC (NES - 1990),3.67,3
Nekketsu Kakutō Densetsu (NES - 1992),4.50,2
Nekketsu Street Basket: Ganbare Dunk Heroes (NES - 1993),4.50,2
NES Open Tournament Golf (NES - 1991),5.00,2
NES Play Action Football (NES - 1990),0.00,0
New Ghostbusters II (NES - 1990),0.00,0
NFL (NES - 1989),0.00,0
Nigel Mansell's World Championship Racing (NES - 1993),4.10,10
Nightshade (NES - 1992),5.00,2
Niji no Silkroad (NES - 1991),0.00,0
Ninja Crusaders (NES - 1990),0.00,0
Ninja Gaiden (NES - 1988),5.00,2
Ninja Gaiden II: The Dark Sword of Chaos (NES - 1990),4.69,13
Ninja Gaiden III: The Ancient Ship of Doom (NES - 1991),5.00,2
Ninja Hattori-kun (NES - 1986),0.00,0
Ninja Jajamaru-kun (NES - 1985),5.00,1
Ninja Kid (NES - 1986),0.00,0
Ninja-Kun: Majō no Bōken (NES - 1985),3.50,4
Nintendo World Championships 1990 (NES - 1990),5.00,1
Nintendo World Cup (NES - 1990),5.00,1
Nishimura Kyōtarō Mystery: Blue Train Satsujinjiken (NES - 1989),5.00,1
Noah's Ark (NES - 1992),0.00,0
Nobunaga's Ambition (NES - 1988),4.00,8
Nobunaga's Ambition II (NES - 1990),4.00,20
Nobunaga's Ambition: Lord of Darkness (NES - 1991),5.00,2
North & South (NES - 1990),4.44,45
Nuts & Milk (NES - 1984),5.00,1
Oeka Kids: Anpanman no Hiragana Daisuki (NES - 1991),0.00,0
Onyanko Town (NES - 1985),1.00,1
Operation Europe: Path to Victory 1939-45 (NES - 1992),4.45,20
Operation Wolf (NES - 1989),4.44,25
Operation: Secret Storm (NES - 1991),0.00,0
Orb-3D (NES - 1990),0.00,0
Otaku no Seiza: An Adventure in the Otaku Galaxy (NES - 1991),0.00,0
Othello (NES - 1986),0.00,0
Outlanders (NES - 1987),0.00,0
Over Horizon (NES - 1991),5.00,1
Overlord (NES - 1992),4.36,17
P'radikus Conflict (NES - 1990),0.00,0
P.O.W.: Prisoners of War (NES - 1989),5.00,2
Pac-Land (NES - 1985),4.20,5
Pac-Man (NES - 1984),4.67,42
Pac-Mania (NES - 1990),4.46,13
Palamedes (NES - 1990),4.00,1
Palamedes II: Star Twinkles (NES - 1991),4.00,1
Panic Restaurant (NES - 1992),3.67,3
PaperBoy (NES - 1988),4.47,17
PaperBoy 2 (NES - 1991),4.33,24
Parallel World (NES - 1990),0.00,0
Parasol Stars: The Story of Bubble Bobble III (NES - 1992),4.00,3
Parodius (NES - 1990),4.00,1
Peek-A-Boo Poker (NES - 1990),5.00,2
Penguin-Kun Wars (NES - 1985),0.00,0
Pesterminator: The Western Exterminator (NES - 1990),0.00,0
Phantom Fighter (NES - 1988),0.00,0
Pictionary: The Game of Video Quick Draw (NES - 1990),0.00,0
Pin-Bot (NES - 1990),0.00,0
Pinball (NES - 1984),4.50,2
Pinball Quest (NES - 1989),0.00,0
Ping Pong (NES - 1987),0.00,0
Pipe Dream (NES - 1990),4.40,5
Pizza Pop! (NES - 1992),0.00,0
Platoon (NES - 1988),4.70,10
Plotting (NES - 1989),0.00,0
Pocket Zaurus: Jū Ōken no Nazo (NES - 1987),0.00,0
Pool of Radiance (NES - 1992),4.57,53
Pooyan (NES - 1985),4.00,2
Popeye (NES - 1983),5.00,5
Popeye no Eigo Asobi (NES - 1983),0.00,0
Portopia Renzoku Satsujin Jiken (NES - 1985),0.00,0
Power Blade (NES - 1991),5.00,1
Power Blade 2 (NES - 1992),5.00,2
Power Blazer (NES - 1990),5.00,1
Power Punch II (NES - 1992),5.00,1
Predator (NES - 1988),5.00,2
Prince of Persia (NES - 1992),4.61,211
Princess Tomato in the Salad Kingdom (NES - 1988),0.00,0
Pro Sport Hockey (NES - 1993),0.00,0
Pro Wrestling (NES - 1986),0.00,0
Pro Yakyū Family Stadium '87 (NES - 1987),0.00,0
Puss N Boots: Pero's Great Adventure (NES - 1990),0.00,0
Puyo Puyo (NES - 1991),0.00,0
Puzzle (NES - 1990),0.00,0
Puzznic (NES - 1990),4.55,11
Pyramid (NES - 1990),0.00,0
Qix (NES - 1991),4.19,16
Quarth (NES - 1990),0.00,0
Quattro Adventure (NES - 1993),4.00,1
Quattro Arcade (NES - 1992),5.00,1
Quattro Sports (NES - 1993),5.00,1
R.B.I. Baseball (NES - 1986),0.00,0
R.B.I. Baseball 2 (NES - 1990),3.88,8
R.B.I. Baseball 3 (NES - 1991),0.00,0
R.C. Pro-Am (NES - 1988),5.00,1
R.C. Pro-Am II (NES - 1992),0.00,0
Race America (NES - 1992),5.00,1
Racket Attack (NES - 1988),0.00,0
Rackets & Rivals (NES - 1993),0.00,0
Rad Racer (NES - 1987),5.00,1
Rad Racer II (NES - 1990),0.00,0
Rad Racket: Deluxe Tennis II (NES - 1991),0.00,0
Radia Senki: Reimeihen (NES - 1991),0.00,0
Raid 2020 (NES - 1989),0.00,0
Raid on Bungeling Bay (NES - 1985),4.80,5
Rainbow Islands (NES - 1992),4.00,4
Rainbow Islands (NES - 1988),0.00,0
Rally Bike (NES - 1990),0.00,0
Rambo (NES - 1987),0.00,0
Rampage (NES - 1988),4.85,13
Rampart (NES - 1992),4.70,17
Remote Control (NES - 1990),4.85,34
Renegade (NES - 1987),4.82,11
Ring King (NES - 1987),5.00,1
River City Ransom (NES - 1989),5.00,1
Road Fighter (NES - 1985),4.50,2
Road Runner (NES - 1989),4.50,16
RoadBlasters (NES - 1990),5.00,1
Robin Hood: Prince of Thieves (NES - 1991),4.50,2
RoboCop (NES - 1989),5.00,1
RoboCop 2 (NES - 1991),5.00,1
RoboCop 3 (NES - 1992),5.00,1
Robodemons (NES - 1990),0.00,0
Rock 'n Ball (NES - 1989),0.00,0
Rocket Ranger (NES - 1990),4.33,27
Rockin' Kats (NES - 1991),5.00,1
Rodland (NES - 1992),3.50,2
Roger Clemens' MVP Baseball (NES - 1991),0.00,0
Rokudenashi Blues (NES - 1993),0.00,0
Rollerball (NES - 1988),0.00,0
Rollerblade Racer (NES - 1993),4.33,6
Rollergames (NES - 1990),0.00,0
Rolling Thunder (NES - 1988),3.25,4
Romance of the Three Kingdoms (NES - 1988),4.56,25
Romance of the Three Kingdoms II (NES - 1990),4.28,35
Romancia: Dragon Slayer Jr. (NES - 1987),5.00,1
Roundball: 2-On-2 Challenge (NES - 1992),0.00,0
Route-16 Turbo (NES - 1985),5.00,1
Rush'n Attack (NES - 1987),3.92,24
Rygar (NES - 1987),0.00,0
S.C.A.T.: Special Cybernetic Attack Team (NES - 1990),5.00,1
Saint Seiya: Ōgon Densetsu (NES - 1987),5.00,1
Saint Seiya: Ōgon Densetsu - Kanketsu Hen (NES - 1988),0.00,0
Saiyūki World (NES - 1988),0.00,0
Sanada Jūyūshi (NES - 1988),0.00,0
Sangokushi II: Haō no Tairiku (NES - 1992),4.00,1
Sanma no Meitantei (NES - 1987),0.00,0
Sansū 1-nen: Keisan Game (NES - 1986),0.00,0
Sansū 2-nen: Keisan Game (NES - 1986),1.00,1
Sansū 3-nen: Keisan Game (NES - 1986),0.00,0
Sansū 4-nen: Keisan Game (NES - 1986),0.00,0
Sansū 5・6-nen: Keisan Game (NES - 1986),0.00,0
Sasa (NES - 1985),5.00,1
SD Gundam World: Gachapon Senshi 2 - Capsule Senki (NES - 1989),0.00,0
SD Hero Sōkessen: Taose Aku no Gundan (NES - 1990),0.00,0
Secret Scout in the Temple of Demise (NES - 1991),5.00,1
Section-Z (NES - 1987),0.00,0
Seicross (NES - 1986),0.00,0
Seikima II: Akuma no Gyakushū (NES - 1986),0.00,0
Seirei Gari (NES - 1989),0.00,0
Sesame Street 1 2 3 (NES - 1989),5.00,1
Sesame Street 1 2 3/A B C (NES - 1991),5.00,1
Sesame Street A B C (NES - 1989),0.00,0
Sesame Street Countdown (NES - 1992),5.00,1
Shadow of the Ninja (NES - 1990),5.00,1
Shadowgate (NES - 1989),4.22,9
Shanghai (NES - 1987),4.20,5
Shanghai II (NES - 1990),5.00,1
Shatterhand (NES - 1991),0.00,0
Sheng Huo Lie Zhuan (NES - 1991),0.00,0
Sherlock Holmes: Hakushaku Reijō Yūkai Jiken (NES - 1986),4.00,1
Shingen the Ruler (NES - 1989),0.00,0
Shinobi (NES - 1989),3.63,24
Shockwave (NES - 1990),0.00,0
Shooting Range (NES - 1989),0.00,0
Short Order/Eggsplode (NES - 1989),0.00,0
Shufflepuck Cafe (NES - 1990),4.42,45
Sid Meier's Pirates! (NES - 1991),4.56,43
Side Pocket (NES - 1987),2.50,2
Silent Assault (NES - 1990),0.00,0
Silent Service (NES - 1989),4.67,37
Silkworm (NES - 1990),5.00,1
Silver Eagle (NES - 1994),5.00,1
Silver Surfer (NES - 1990),0.00,0
Skate or Die (NES - 1988),4.00,14
Skate or Die 2: The Search for Double Trouble (NES - 1990),5.00,1
Ski or Die (NES - 1990),4.26,19
Skull & Crossbones (NES - 1990),5.00,1
Sky Destroyer (NES - 1985),0.00,0
Sky Kid (NES - 1986),5.00,1
Sky Shark (NES - 1989),4.33,3
Slalom (NES - 1987),0.00,0
Smash T.V. (NES - 1991),3.67,3
Snake Rattle N Roll (NES - 1990),5.00,1
Snake's Revenge (NES - 1990),0.00,0
Snoopy's Silly Sports Spectacular (NES - 1988),0.00,0
Snow Bros. Nick & Tom (NES - 1991),4.00,5
Soccer (NES - 1985),3.67,3
Solar Jetman: Hunt for the Golden Warpship (NES - 1990),0.00,0
Solitaire (NES - 1992),0.00,0
Solomon's Key (NES - 1986),4.29,7
Solstice: The Quest for the Staff of Demnos (NES - 1990),5.00,1
Space Harrier (NES - 1989),5.00,7
Space Hunter (NES - 1986),0.00,0
Space Invaders (NES - 1985),4.50,2
Space Shuttle Project (NES - 1991),5.00,3
Spartan X 2 (NES - 1991),0.00,0
Spelunker (NES - 1985),0.00,0
Spelunker II: Yūsha e no Chōsen (NES - 1987),0.00,0
Spider-Man: Return of the Sinister Six (NES - 1992),5.00,2
Spiritual Warfare (NES - 1992),4.81,16
Spot (NES - 1990),4.67,3
Spy Hunter (NES - 1987),4.45,11
Spy vs Spy (NES - 1986),4.50,10
Sqoon (NES - 1986),0.00,0
Square no Tom Sawyer (NES - 1989),0.00,0
Stack-Up (NES - 1985),0.00,0
Stadium Events (NES - 1986),5.00,1
Stanley: The Search for Dr. Livingston (NES - 1991),5.00,1
Star Force (NES - 1985),5.00,1
Star Luster (NES - 1985),0.00,0
Star Soldier (NES - 1986),0.00,0
Star Trek: 25th Anniversary (NES - 1991),4.00,1
Star Trek: The Next Generation (NES - 1993),0.00,0
Star Voyager (NES - 1986),0.00,0
Star Wars (NES - 1987),4.00,2
Star Wars: The Empire Strikes Back (NES - 1992),2.33,3
Stargate (NES - 1987),4.41,12
Starship Hector (NES - 1987),0.00,0
StarTropics (NES - 1990),5.00,1
Stealth ATF (NES - 1989),0.00,0
STED: Iseki Wakusei no Yabō (NES - 1990),0.00,0
Stick Hunter: Exciting Ice Hockey (NES - 1987),0.00,0
Stinger (NES - 1986),0.00,0
Street Cop (NES - 1987),5.00,1
Street Fighter 2010: The Final Fight (NES - 1990),4.00,1
Strider (NES - 1989),0.00,0
Stunt Kids (NES - 1992),0.00,0
Sugoro Quest: Dice no Senshi Tachi (NES - 1991),0.00,0
Sullivan Bluth Presents Dragon's Lair (NES - 1990),0.00,0
Summer Carnival '92: Recca (NES - 1992),5.00,1
Sunday Funday: The Ride (NES - 1995),0.00,0
Super Cars (NES - 1991),5.00,1
Super Chinese 3 (NES - 1991),2.00,1
Super Contra (NES - 1990),4.23,31
Super Dodge Ball (NES - 1988),5.00,1
Super Dyna'mix Badminton (NES - 1988),0.00,0
Super Glove Ball (NES - 1990),0.00,0
Super Hydlide (NES - 1989),5.00,1
Super Jeopardy! (NES - 1991),4.79,34
Super Mario Bros. (NES - 1985),4.67,30
Super Mario Bros. / Duck Hunt (NES - 1988),5.00,2
Super Mario Bros. / Duck Hunt / World Class Track Meet (NES - 1988),4.50,2
Super Mario Bros. / Tetris / Nintendo World Cup (NES - 1990),5.00,2
Super Mario Bros. 2 (NES - 1988),4.70,10
Super Mario Bros. 3 (NES - 1988),4.31,13
Super Mario Bros.: The Lost Levels (NES - 1986),4.39,140
Super Pitfall (NES - 1986),0.00,0
Super Spike V'Ball / Nintendo World Cup (NES - 1990),0.00,0
Super Sprint (NES - 1989),0.00,0
Super Spy Hunter (NES - 1991),0.00,0
Super Star Force: Jikūreki no Himitsu (NES - 1986),5.00,2
Super Team Games (NES - 1987),0.00,0
Super Turrican (NES - 1993),5.00,1
Super Xevious (NES - 1986),0.00,0
Superman (NES - 1987),0.00,0
Swamp Thing (NES - 1992),0.00,0
Sweet Home (NES - 1989),4.00,1
Sword Master (NES - 1990),0.00,0
Swords and Serpents (NES - 1990),5.00,1
Taboo: The Sixth Sense (NES - 1989),4.00,1
Tag Team Wrestling (NES - 1986),4.33,6
Tagin' Dragon (NES - 1989),0.00,0
Taiwan Mahjong: 16 (NES - 1989),4.00,1
Taiyō no Yūsha: Fighbird (NES - 1992),0.00,0
Takahashi Meijin no Bōkenjima IV (NES - 1994),4.00,2
Takeshi no Chōsenjō (NES - 1986),0.00,0
Tales of the Unknown: Volume I - The Bard's Tale (NES - 1990),4.71,17
Tantei Jingūji Saburō: Toki no Sugiyuku Mama ni (NES - 1990),0.00,0
Tantei Jingūji Saburō: Yokohama-kō Renzoku Satsujin Jiken (NES - 1988),0.00,0
Target: Renegade (NES - 1990),4.00,2
Tecmo Baseball (NES - 1988),0.00,0
Tecmo Bowl (NES - 1989),0.00,0
Tecmo Cup: Soccer Game (NES - 1988),5.00,3
Tecmo NBA Basketball (NES - 1992),5.00,1
Tecmo Super Bowl (NES - 1991),4.67,3
Tecmo World Cup Soccer (NES - 1990),4.75,4
Tecmo World Wrestling (NES - 1989),0.00,0
Teenage Mutant Ninja Turtles (NES - 1989),4.45,40
Teenage Mutant Ninja Turtles (NES - 1990),4.27,88
Teenage Mutant Ninja Turtles III: The Manhattan Project (NES - 1991),4.67,3
Teenage Mutant Ninja Turtles: Tournament Fighters (NES - 1993),4.42,12
Tenchi o kurau II: Shokatsu Kōmei-den (NES - 1991),5.00,1
Tenka no Goikenban: Mito Kōmon (NES - 1987),0.00,0
Tenkaichi Bushi: Keru Naguuru (NES - 1989),0.00,0
Tennis (NES - 1984),0.00,0
Terminator 2: Judgment Day (NES - 1991),5.00,1
Terra Cresta (NES - 1986),5.00,1
Tetrastar: The Fighter (NES - 1991),0.00,0
Tetris (NES - 1989),5.00,3
Tetris 2 (NES - 1993),0.00,0
Tetris 2 + BomBliss (NES - 1991),0.00,0
Tetsuwan Atom (NES - 1988),5.00,1
The Addams Family (NES - 1992),5.00,1
The Addams Family: Pugsley's Scavenger Hunt (NES - 1992),4.00,2
The Adventures of Bayou Billy (NES - 1988),4.00,1
The Adventures of Captain Comic (NES - 1989),4.57,28
The Adventures of Gilligan's Island (NES - 1990),5.00,1
The Adventures of Rad Gravity (NES - 1990),0.00,0
The Adventures of Rocky and Bullwinkle and Friends (NES - 1992),0.00,0
The Bard's Tale II: The Destiny Knight (NES - 1992),4.21,19
The Battle of Olympus (NES - 1988),4.50,2
The Black Bass (NES - 1987),0.00,0
The Black Onyx (NES - 1988),2.00,1
The Blue Marlin (NES - 1991),0.00,0
The Blues Brothers (NES - 1992),4.52,23
The Bugs Bunny Birthday Blowout (NES - 1990),0.00,0
The Bugs Bunny Crazy Castle (NES - 1989),4.50,2
The Chessmaster (NES - 1989),0.00,0
The Fantastic Adventures of Dizzy (NES - 1991),4.41,34
The Flintstones: The Rescue of Dino & Hoppy (NES - 1991),5.00,1
The Flintstones: The Surprise at Dinosaur Peak! (NES - 1994),5.00,1
The Goonies (NES - 1986),4.13,16
The Goonies II (NES - 1987),5.00,1
The Great Waldo Search (NES - 1992),1.00,1
The Guardian Legend (NES - 1988),0.00,0
The Hunt for Red October (NES - 1990),0.00,0
The Immortal (NES - 1990),4.55,11
The Incredible Crash Dummies (NES - 1994),0.00,0
The Jetsons: Cogswell's Caper (NES - 1992),0.00,0
The Karate Kid (NES - 1987),5.00,1
The Krion Conquest (NES - 1990),0.00,0
The Last Starfighter (NES - 1990),0.00,0
The Legend of Kage (NES - 1986),0.00,0
The Legend of Prince Valiant (NES - 1992),0.00,0
The Legend of Zelda (NES - 1986),5.00,6
The Lone Ranger (NES - 1991),5.00,3
The Mafat Conspiracy (NES - 1990),0.00,0
The Magic Candle: Volume 1 (NES - 1992),4.36,11
The Magic of Scheherazade (NES - 1987),0.00,0
The Miracle Piano Teaching System (NES - 1990),5.00,1
The Money Game (NES - 1988),0.00,0
The Mutant Virus (NES - 1992),0.00,0
The New Zealand Story (NES - 1991),4.25,8
The Punisher (NES - 1990),5.00,1
The Quest of Ki (NES - 1988),0.00,0
The Ren & Stimpy Show: Buckeroo$! (NES - 1993),0.00,0
The Rocketeer (NES - 1991),0.00,0
The Simpsons: Bart vs. the Space Mutants (NES - 1991),4.32,19
The Simpsons: Bart vs. the World (NES - 1991),5.00,3
The Simpsons: Bartman Meets Radioactive Man (NES - 1992),4.67,3
The Smurfs (NES - 1994),1.00,1
The Terminator (NES - 1992),0.00,0
The Three Stooges (NES - 1989),4.50,16
The Tower of Druaga (NES - 1985),0.00,0
The Trolls in Crazyland (NES - 1991),0.00,0
The Ultimate Stuntman (NES - 1990),0.00,0
The Uncanny X-Men (NES - 1989),5.00,1
The Untouchables (NES - 1991),5.00,1
The Wing of Madoola (NES - 1986),0.00,0
The Young Indiana Jones Chronicles (NES - 1992),0.00,0
Thexder (NES - 1985),4.39,28
Thunder & Lightning (NES - 1990),0.00,0
Thunderbirds (NES - 1989),0.00,0
Thundercade (NES - 1989),5.00,1
Tiger-Heli (NES - 1986),0.00,0
Tiles of Fate (NES - 1990),0.00,0
Time Lord (NES - 1990),0.00,0
Time Zone (NES - 1991),0.00,0
Times of Lore (NES - 1990),4.73,11
Tiny Toon Adventures (NES - 1991),3.33,3
Tiny Toon Adventures 2: Trouble in Wackyland (NES - 1992),4.33,3
Tiny Toon Adventures: Cartoon Workshop (NES - 1992),5.00,1
Titan (NES - 1990),3.00,2
To the Earth (NES - 1989),0.00,0
Toki (NES - 1991),4.10,10
Toki no Tabibito: Time Stranger (NES - 1986),4.00,1
Tokoro-san no mamoru mo semeru mo (NES - 1987),0.00,0
Tom & Jerry (NES - 1991),4.43,28
Tombs & Treasure (NES - 1988),0.00,0
Toobin' (NES - 1989),3.67,3
Top Gun (NES - 1987),5.00,2
Top Gun: The Second Mission (NES - 1989),5.00,2
Top Players' Tennis (NES - 1989),0.00,0
Top-Rider (NES - 1988),0.00,0
Total Recall (NES - 1990),0.00,0
Totally Rad (NES - 1990),0.00,0
Touchdown Fever (NES - 1988),0.00,0
Tower Toppler (NES - 1991),4.54,13
Town & Country Surf Designs II: Thrilla's Surfari (NES - 1992),0.00,0
Town & Country Surf Designs: Wood & Water Rage (NES - 1987),5.00,1
Toxic Crusaders (NES - 1992),0.00,0
Track & Field (NES - 1985),3.67,3
Track & Field II (NES - 1988),4.67,3
Treasure Master (NES - 1991),0.00,0
Trog (NES - 1990),4.69,13
Trojan (NES - 1986),4.25,4
Trolls on Treasure Island (NES - 1992),0.00,0
Tsuppari Ōzumō (NES - 1987),5.00,1
Twin Cobra (NES - 1989),0.00,0
Twin Eagle (NES - 1989),0.00,0
TwinBee (NES - 1986),0.00,0
Twinbee 3: Poko Poko Daimaō (NES - 1989),5.00,1
U.S. Championship V'Ball (NES - 1989),0.00,0
Uchūkeibitai SDF (NES - 1990),0.00,0
Uchūsen: Cosmo Carrier (NES - 1987),0.00,0
Ufouria: The Saga (NES - 1991),0.00,0
Ultima IV: Quest of the Avatar (NES - 1989),4.53,34
Ultima V: Warriors of Destiny (NES - 1993),4.65,31
Ultimate Air Combat (NES - 1992),5.00,1
Ultimate Basketball (NES - 1990),5.00,1
Ultimate League Soccer (NES - 1991),0.00,0
Ultraman: Kaijū Teikoku no Gyakushū (NES - 1987),0.00,0
Uncharted Waters (NES - 1991),4.35,20
Uninvited (NES - 1989),3.92,12
Urban Champion (NES - 1984),0.00,0
Urusei Yatsura: Lum no Wedding Bell (NES - 1986),5.00,1
Ushio to Tora: Shin'en no Daiyō (NES - 1993),0.00,0
Valis: The Fantasm Soldier (NES - 1987),4.67,3
Valkyrie no Bōken: Toki no Kagi Densetsu (NES - 1986),0.00,0
Vegas Dream (NES - 1988),0.00,0
Venice Beach Volleyball (NES - 1991),0.00,0
Venus Senki (NES - 1989),4.00,2
Vice: Project Doom (NES - 1991),0.00,0
Vindicators (NES - 1988),1.00,1
Volguard II (NES - 1985),0.00,0
Volleyball (NES - 1986),0.00,0
Vs. Wrecking Crew (NES - 1985),5.00,1
Vulcan Venture (NES - 1988),0.00,0
Wacky Races (NES - 1991),0.00,0
Wagan Land (NES - 1989),0.00,0
Wagan Land 2 (NES - 1990),0.00,0
Wai Wai World (NES - 1988),0.00,0
Wai Wai World 2 - SOS!! Parsley Jō (NES - 1991),0.00,0
Wall Street Kid (NES - 1989),5.00,4
Wally Bear and the NO! Gang (NES - 1992),0.00,0
Wario's Woods (NES - 1994),5.00,1
Warpman (NES - 1985),0.00,0
Wayne Gretzky Hockey (NES - 1991),4.14,7
Wayne's World (NES - 1993),0.00,0
WCW: World Championship Wrestling (NES - 1990),4.00,2
Werewolf: The Last Warrior (NES - 1990),3.00,2
Wheel of Fortune (NES - 1988),5.00,1
Wheel of Fortune: Featuring Vanna White (NES - 1992),5.00,1
Where in Time is Carmen Sandiego? (NES - 1991),3.93,14
Where's Waldo? (NES - 1991),1.00,1
Who Framed Roger Rabbit (NES - 1989),5.00,1
Widget (NES - 1992),0.00,0
Wild Gunman (NES - 1984),4.00,1
Willow (NES - 1989),5.00,1
Wily & Right no RockBoard: That's Paradise (NES - 1993),5.00,1
"Win, Lose or Draw (NES - 1990)",4.30,23
Winter Games (NES - 1987),4.39,18
Wizardry: Knight of Diamonds - The Second Scenario (NES - 1990),3.85,20
Wizardry: Legacy of Llylgamyn - The Third Scenario (NES - 1989),4.50,8
Wizardry: Proving Grounds of the Mad Overlord (NES - 1987),4.29,34
Wizards & Warriors (NES - 1987),4.00,1
Wizards & Warriors III: Kuros - Visions of Power (NES - 1992),4.00,1
Wolverine (NES - 1991),0.00,0
World Champ (NES - 1990),0.00,0
World Games (NES - 1989),4.53,12
Wrath of the Black Manta (NES - 1990),0.00,0
Wurm: Journey to the Center of the Earth (NES - 1991),0.00,0
WWF King of the Ring (NES - 1993),1.00,1
WWF Wrestlemania (NES - 1988),5.00,1
WWF Wrestlemania Challenge (NES - 1990),0.00,0
WWF Wrestlemania: Steel Cage Challenge (NES - 1992),5.00,1
Xenophobe (NES - 1988),3.50,2
Xevious (NES - 1984),5.00,2
Xexyz (NES - 1989),0.00,0
Yamamura Misa Suspense: Kyōto Zai-tech Satsujin Jiken (NES - 1990),3.00,1
Yie Ar Kung-Fu (NES - 1985),5.00,3
Yo! Noid (NES - 1990),0.00,0
Yoshi (NES - 1991),5.00,1
Yoshi's Cookie (NES - 1992),0.00,0
Ys II: Ancient Ys Vanished - The Final Chapter (NES - 1990),5.00,1
Ys III: Wanderers from Ys (NES - 1991),5.00,1
Ys: The Vanished Omens (NES - 1988),4.50,8
Yume Penguin Monogatari (NES - 1991),0.00,0
Zanac A.I. (NES - 1986),0.00,0
Zelda II: The Adventure of Link (NES - 1987),4.29,7
Zen: Intergalactic Ninja (NES - 1993),5.00,1
Zoda's Revenge: Star Tropics II (NES - 1994),0.00,0
Zoids: Mokushiroku (NES - 1990),0.00,0
Zombie Hunter (NES - 1987),5.00,2
Zombie Nation (NES - 1990),0.00,0
Zunō Senkan Galg (NES - 1985),5.00,1
