Title,Average Rating,Number of Ratings
Ultima I (PC-88 - 1988),3.00,2
Burning Point (PC-88 - 1989),5.00,1
Murder Club (PC-88 - 1986),4.00,19
Misty Blue (PC-88 - 1990),3.67,3
Manhattan Requiem - Kiss of Murder (PC-88 - 1987),5.00,3
Ogre (PC-88 - 1987),5.00,7
The Black Onyx (PC-88 - 1984),3.50,4
Karuizawa Yūkai Annai (PC-88 - 1985),5.00,1
Chikyū Senshi Rayieza (PC-88 - 1985),5.00,1
Star Cruiser (PC-88 - 1988),3.50,2
Laptick (PC-88 - 1985),5.00,1
Mappy (PC-88 - 1986),4.65,17
Spy vs Spy (PC-88 - 1986),4.42,33
Curse of Babylon (PC-88 - 1986),5.00,2
Ultima I (PC-88 - 1988),4.25,44
Topple Zip (PC-88 - 1986),0.00,0
Master of Monsters (PC-88 - 1988),4.75,4
Hi-Res Adventure #4: Ulysses and the Golden Fleece (PC-88 - 1983),3.93,14
Might and Magic II: Gates to Another World (PC-88 - 1988),4.44,36
Pinball Construction Set (PC-88 - 1985),4.11,9
Crimson II (PC-88 - 1989),5.00,1
Punch Ball Mario Bros. (PC-88 - 1984),4.47,15
Galaxian (PC-88 - 1983),4.26,42
Hang-On (PC-88 - 1986),4.00,4
Lunar Pool (PC-88 - 1985),5.00,2
Replicart (PC-88 - 1988),0.00,0
The Quest (PC-88 - 1984),4.33,3
Space Harrier (PC-88 - 1987),4.92,13
Psy-O-Blade (PC-88 - 1988),5.00,4
Masquerade (PC-88 - 1985),5.00,2
Jack Nicklaus' Greatest 18 Holes of Major Championship Golf (PC-88 - 1990),4.25,12
Bug Attack (PC-88 - 1984),5.00,1
Riglas (PC-88 - 1986),5.00,2
Hacker (PC-88 - 1988),4.09,23
Lamia-1999 (PC-88 - 1987),0.00,0
Summer Games (PC-88 - 1986),4.38,8
P.T.O.: Pacific Theater of Operations (PC-88 - 1989),4.50,8
Expedition Amazon (PC-88 - 1984),5.00,4
Ayumi (PC-88 - 1990),4.20,5
Laplace no Ma (PC-88 - 1987),4.00,1
Kimagure Orange Road: Natsu no Mirage (PC-88 - 1988),4.40,5
Casablanca ni Ai o: Satsujinsha wa Jikū o Koete (PC-88 - 1986),0.00,0
Exodus: Ultima III (PC-88 - 1985),4.43,40
Silpheed (PC-88 - 1986),4.68,22
David's Midnight Magic (PC-88 - 1984),5.00,5
Duel (PC-88 - 1989),5.00,1
Ninja-Kun: Majō no Bōken (PC-88 - 1986),3.50,4
Arctic (PC-88 - 1988),4.00,1
Gradius (PC-88 - 1986),4.50,2
Phantasie IV: The Birth of Heroes (PC-88 - 1990),4.50,4
Bruce Lee (PC-88 - 1984),4.40,30
Gemstone Warrior (PC-88 - 1986),4.20,5
Mugen no Shinzō (PC-88 - 1984),5.00,2
Hokuto no Ken (PC-88 - 1986),5.00,2
Asteka (PC-88 - 1985),0.00,0
Märchen Veil I (PC-88 - 1985),0.00,0
Mole Mole 2 (PC-88 - 1986),4.00,1
F-15 Strike Eagle (PC-88 - 1988),4.20,15
Bokosuka Wars (PC-88 - 1984),4.00,2
Uncharted Waters (PC-88 - 1990),4.34,29
RoadWar 2000 (PC-88 - 1988),4.76,21
Hydlide II: Shine of Darkness (PC-88 - 1985),5.00,1
Flight Simulator with Torpedo Attack (PC-88 - 1988),5.00,1
Fantasian (PC-88 - 1985),5.00,1
Flicky (PC-88 - 1985),4.33,3
Super Hydlide (PC-88 - 1987),5.00,2
Tetris (PC-88 - 1988),5.00,2
American Truck (PC-88 - 1985),4.75,4
Xak Precious Package: The Tower of Gazzel (PC-88 - 1991),5.00,1
Castlequest (PC-88 - 1985),5.00,2
Swashbuckler (PC-88 - 1985),4.00,1
Back to the Future (PC-88 - 1986),5.00,1
Thunder Force (PC-88 - 1984),4.33,3
Nobunaga's Ambition II (PC-88 - 1988),3.95,22
Daisenryaku (PC-88 - 1986),0.00,0
Lode Runner (PC-88 - 1983),4.71,41
The 4th Unit 2 (PC-88 - 1988),5.00,2
Genesis: Beyond the Revelation (PC-88 - 1988),5.00,1
Gemfire (PC-88 - 1991),4.58,19
Mr. Robot and His Robot Factory (PC-88 - 1984),3.50,2
Bargon no Paka-paka Shōbōken (PC-88 - 1988),5.00,1
Albatross (PC-88 - 1986),5.00,1
Perfect Soko-ban (PC-88 - 1989),5.00,1
Manhattan Requiem - Angels Flying in the Dark (PC-88 - 1987),5.00,4
Phantasie III: The Wrath of Nikademus (PC-88 - 1988),4.24,21
Romance of the Three Kingdoms (PC-88 - 1985),4.36,33
Ginga Eiyū Densetsu II (PC-88 - 1990),4.50,2
The Castle (PC-88 - 1985),5.00,1
Tōdō Ryūnosuke Tantei Nikki: Kohakuiro no Yuigon (PC-88 - 1988),5.00,1
Championship Lode Runner (PC-88 - 1985),4.33,3
Heroes of the Lance (PC-88 - 1989),4.18,17
Dual Targets: The 4th Unit Act.3 (PC-88 - 1989),5.00,3
Inindo: Way of the Ninja (PC-88 - 1991),4.00,3
Volguard (PC-88 - 1984),5.00,1
Hotdog (PC-88 - 1985),0.00,0
Still Sword (PC-88 - 1988),0.00,0
Dragon Slayer (PC-88 - 1984),5.00,4
Crimson (PC-88 - 1987),5.00,3
Gaiflame (PC-88 - 1987),4.50,2
Phantasie II (PC-88 - 1987),5.00,3
Cosmic Soldier: Psychic War (PC-88 - 1987),4.67,6
Advanced Fantasian: Quest for Lost Sanctuary (PC-88 - 1988),5.00,5
Hokkaidō Rensa Satsujin: Okhotsk ni Kiyu (PC-88 - 1984),5.00,2
Hole in One (PC-88 - 1985),5.00,2
Lightning Vaccus: The Knight of Iron (PC-88 - 1989),5.00,1
Taiyō no Shinden (PC-88 - 1986),0.00,0
The 4th Unit (PC-88 - 1987),0.00,0
Romancia: Dragon Slayer Jr. (PC-88 - 1986),5.00,2
The Ancient Art of War (PC-88 - 1986),4.27,72
Hi-Res Adventure #6: The Dark Crystal (PC-88 - 1984),5.00,4
Xevious (PC-88 - 1985),4.78,9
Hi-Res Adventure #3: Cranston Manor (PC-88 - 1983),0.00,0
Hi-Res Adventure #1: Mystery House (PC-88 - 1983),4.29,7
Elevator Action (PC-88 - 1986),4.75,4
Mugen no Shinzō III (PC-88 - 1990),5.00,2
Ultima IV: Quest of the Avatar (PC-88 - 1987),4.38,47
Balance of Power (PC-88 - 1989),4.62,42
Mirai (PC-88 - 1985),0.00,0
Zavas (PC-88 - 1988),0.00,0
Genghis Khan II: Clan of the Gray Wolf (PC-88 - 1992),4.34,68
Vain Dream (PC-88 - 1991),0.00,0
Snatcher (PC-88 - 1988),4.79,28
Shanghai II (PC-88 - 1990),5.00,2
Alpha (PC-88 - 1986),4.00,6
Argo (PC-88 - 1986),5.00,1
Mystery Fun House (PC-88 - 1985),5.00,1
Nobunaga's Ambition: Lord of Darkness (PC-88 - 1990),5.00,3
Ring Quest (PC-88 - 1985),5.00,1
The Demon Crystal (PC-88 - 1985),3.00,1
Mugen no Shinzō II (PC-88 - 1985),2.50,2
Tunnels & Trolls: Crusaders of Khazan (PC-88 - 1990),4.50,20
Wibarm (PC-88 - 1986),4.13,8
Gaudi: Barcelona no Kaze (PC-88 - 1989),1.00,1
Dragon Slayer: The Legend of Heroes II (PC-88 - 1992),4.00,2
Ashe (PC-88 - 1988),5.00,1
Zan: Yasha Enbukyoku (PC-88 - 1990),0.00,0
Choro Q Holiday Puzzle (PC-88 - 1984),0.00,0
Hydlide (PC-88 - 1984),5.00,1
Emerald Densetsu (PC-88 - 1990),4.00,1
Ishin no Arashi (PC-88 - 1989),5.00,1
Wizardry: Legacy of Llylgamyn - The Third Scenario (PC-88 - 1987),4.36,11
Salad no Kuni no Tomato-hime (PC-88 - 1984),4.50,2
Shiryō Sensen - War of the Dead: Browning no Fukkatsu (PC-88 - 1989),0.00,0
Ali Baba and the Forty Thieves (PC-88 - 1985),4.75,4
Time Zone (PC-88 - 1985),5.00,1
Angelus: Akuma no Fukuin (PC-88 - 1988),4.40,10
Miner 2049er (PC-88 - 1984),4.20,15
Doujin Kaizokuban (PC-88 - 1991),2.50,2
Penguin-Kun Wars (PC-88 - 1985),5.00,1
Law of the West (PC-88 - 1987),4.70,10
Columns (PC-88 - 1992),3.13,8
Archon: The Light and the Dark (PC-88 - 1986),4.57,44
Diablo (PC-88 - 1988),3.00,1
Gyrodine (PC-88 - 1986),0.00,0
M.U.L.E. (PC-88 - 1987),4.38,16
Veigues: Tactical Gladiator (PC-88 - 1988),3.67,3
Dig Dug (PC-88 - 1983),4.45,69
Donkey Gorilla (PC-88 - 1983),0.00,0
Zeliard (PC-88 - 1987),4.54,39
Escape from Rungistan (PC-88 - 1986),0.00,0
King Flappy (PC-88 - 1985),5.00,2
Mario Bros. Special (PC-88 - 1984),4.23,40
Gandhara: Buddha no Seisen (PC-88 - 1987),0.00,0
Dungeon (PC-88 - 1983),0.00,0
Will: The Death Trap II (PC-88 - 1985),3.00,2
Ultima II: The Revenge of the Enchantress... (PC-88 - 1985),4.28,25
Valis: The Fantasm Soldier (PC-88 - 1986),4.75,4
Robo Wres 2001 (PC-88 - 1986),5.00,1
Labyrinth (PC-88 - 1987),4.24,42
Ys II: Ancient Ys Vanished - The Final Chapter (PC-88 - 1988),4.43,7
Onryō Senki (PC-88 - 1988),5.00,1
A.E. (PC-88 - 1984),5.00,2
J.B. Harold 3: D.C. Connection (PC-88 - 1989),5.00,1
Digital Devil Monogatari: Megami Tensei (PC-88 - 1987),5.00,3
Phantasie (PC-88 - 1986),4.51,39
Han-Seimei Senki Andorogynus (PC-88 - 1987),0.00,0
King's Knight (PC-88 - 1987),5.00,2
Portopia Renzoku Satsujin Jiken (PC-88 - 1983),0.00,0
Thexder (PC-88 - 1985),4.49,33
Fortress (PC-88 - 1989),3.50,2
Macross (PC-88 - 1985),4.00,1
Dinosaur (PC-88 - 1990),5.00,2
Dynamite Bowl (PC-88 - 1987),5.00,1
DOME (PC-88 - 1988),5.00,1
Jesus II (PC-88 - 1991),5.00,1
Aztec (PC-88 - 1984),4.25,8
Super Daisenryaku (PC-88 - 1988),5.00,1
L'Empereur (PC-88 - 1990),4.81,47
Xak: The Art of Visual Stage (PC-88 - 1989),5.00,2
Bandit Kings of Ancient China (PC-88 - 1989),4.37,38
Fathom's 40 (PC-88 - 1984),3.00,2
Maison Ikkoku: Kanketsuhen (PC-88 - 1988),5.00,1
Popful Mail (PC-88 - 1991),5.00,4
Aeroboto (PC-88 - 1986),5.00,2
The Fire Crystal (PC-88 - 1984),3.00,1
The Old Village Story (PC-88 - 1988),4.50,2
Chack'n Pop (PC-88 - 1984),4.00,2
Jehard (PC-88 - 1987),5.00,1
Panorama Toh (PC-88 - 1983),4.00,1
Crimson III (PC-88 - 1990),5.00,1
Fruit Panic (PC-88 - 1984),5.00,2
Jesus: Kyōfu no Bio-Monster (PC-88 - 1987),4.50,2
Misty Vol.5 (PC-88 - 1990),0.00,0
Sid Meier's Pirates! (PC-88 - 1989),4.57,56
Ys: The Vanished Omens (PC-88 - 1987),4.64,11
Cruise Chaser Blassty (PC-88 - 1986),3.00,1
Herzog (PC-88 - 1988),5.00,3
Pac-Man (PC-88 - 1983),4.48,86
T.D.F. Kaijū daisensō kesshi no genshiro bōei sakusen (PC-88 - 1987),1.00,1
Hi-Res Adventure #2: The Wizard and the Princess (PC-88 - 1983),4.12,24
Schwarzschild II: Teikoku no Haishin (PC-88 - 1989),5.00,1
Burai: Jōkan (PC-88 - 1989),3.00,1
Flappy (PC-88 - 1983),3.00,3
Tir-nan-óg: The Forbidden Tower (PC-88 - 1990),0.00,0
Xanadu: Dragon Slayer II (PC-88 - 1985),4.80,5
XZR (PC-88 - 1988),5.00,2
Knither: Demon Crystal II (PC-88 - 1987),0.00,0
Silver Ghost (PC-88 - 1988),5.00,2
World Golf (PC-88 - 1985),0.00,0
Hover Attack (PC-88 - 1985),0.00,0
Jigoku no Renshū Mondai (PC-88 - 1984),5.00,1
Testament (PC-88 - 1987),5.00,1
Shanghai (PC-88 - 1987),4.33,12
Wizardry: Proving Grounds of the Mad Overlord (PC-88 - 1985),4.30,64
Kyōran no Ginga: Schwarzschild (PC-88 - 1989),5.00,1
The Crimson Crown (PC-88 - 1986),4.13,8
Wingman (PC-88 - 1984),4.00,1
Genghis Khan (PC-88 - 1988),4.93,14
Abyss II: Tears of Emperor (PC-88 - 1985),0.00,0
Arcus II: Silent Symphony (PC-88 - 1989),5.00,1
Wizardry: The Return of Werdna - The Fourth Scenario (PC-88 - 1988),4.23,13
Dezeni World (PC-88 - 1985),0.00,0
Commando (PC-88 - 1987),4.44,25
Acrojet (PC-88 - 1988),4.67,3
The Death Trap (PC-88 - 1984),4.00,1
Choplifter! (PC-88 - 1984),4.42,12
Dragon Buster (PC-88 - 1987),5.00,3
Xak II: Rising of the Redmoon (PC-88 - 1990),5.00,3
Super Pitfall (PC-88 - 1986),5.00,2
Dezeni Land (PC-88 - 1983),5.00,1
Light Flipper (PC-88 - 1983),5.00,1
Arcus (PC-88 - 1988),4.50,2
Wizardry: Knight of Diamonds - The Second Scenario (PC-88 - 1987),4.10,40
Bomb Jack (PC-88 - 1985),4.50,12
Alphos (PC-88 - 1983),0.00,0
Mugen Senshi Valis II (PC-88 - 1989),5.00,5
Abyss (PC-88 - 1984),5.00,2
Combat Simulator: Battle Gorilla (PC-88 - 1988),5.00,1
Fire Hawk: Thexder - The Second Contact (PC-88 - 1989),5.00,5
Lizard (PC-88 - 1984),0.00,0
Hi-Res Adventure #0: Mission Asteroid (PC-88 - 1983),3.71,7
Mid-Garts (PC-88 - 1989),4.00,1
Mole Mole (PC-88 - 1985),0.00,0
Wizardry V: Heart of the Maelstrom (PC-88 - 1990),4.25,20
The Scheme (PC-88 - 1988),5.00,1
Shiryō Sensen 2 - War of the Dead Part 2 (PC-88 - 1989),5.00,2
The Return of Ishtar (PC-88 - 1987),3.00,2
Romance of the Three Kingdoms II (PC-88 - 1989),4.55,80
Last Armageddon (PC-88 - 1988),3.67,3
Winter Games (PC-88 - 1987),4.38,37
Cosmic Soldier (PC-88 - 1985),5.00,3
Little Computer People (PC-88 - 1987),4.39,58
Mashō Denki: La Valeur (PC-88 - 1989),5.00,1
Dragon Slayer: The Legend of Heroes (PC-88 - 1989),4.67,3
Zarth (PC-88 - 1984),5.00,1
Daisenryaku II: Campaign Version (PC-88 - 1989),0.00,0
Grobda (PC-88 - 1986),4.00,1
Ken to Mahō (PC-88 - 1983),0.00,0
Realms of Darkness (PC-88 - 1989),4.46,13
Klax (PC-88 - 1990),4.50,16
Lyrane (PC-88 - 1987),0.00,0
Secret Mission (PC-88 - 1984),3.40,5
A Ressha de Ikō (PC-88 - 1986),5.00,3
Ginga Eiyū Densetsu (PC-88 - 1989),4.50,2
Operation Europe: Path to Victory 1939-45 (PC-88 - 1991),4.58,26
Arkanoid (PC-88 - 1986),4.48,46
Professional Mahjong Gokū (PC-88 - 1988),5.00,2
Sorcerian (PC-88 - 1987),4.38,16
1942 (PC-88 - 1987),4.50,24
Nobunaga's Ambition (PC-88 - 1986),4.38,13
Might and Magic: Book One - Secret of the Inner Sanctum (PC-88 - 1987),4.31,26
Produce (PC-88 - 1987),3.25,5
