Title,Average Rating,Number of Ratings
177 (PC-88 - 1986),4.30,10
1942 (PC-88 - 1987),4.43,7
A Ressha de Ikō (PC-88 - 1986),5.00,2
A.E. (PC-88 - 1984),5.00,1
Abunai Tengu Densetsu (PC-88 - 1989),0.00,0
Abyss (PC-88 - 1984),5.00,2
Abyss II: Tears of Emperor (PC-88 - 1985),0.00,0
Acrojet (PC-88 - 1988),4.00,1
Advanced Fantasian: Quest for Lost Sanctuary (PC-88 - 1988),5.00,5
Albatross (PC-88 - 1986),0.00,0
Ali Baba and the Forty Thieves (PC-88 - 1985),5.00,1
Alice-tachi no Gogo Vol. 1 (PC-88 - 1989),5.00,1
Alice: Adventures in Wonderland (PC-88 - 1984),4.33,3
Alpha (PC-88 - 1986),5.00,2
Alphos (PC-88 - 1983),0.00,0
American Truck (PC-88 - 1985),5.00,1
Angel Hearts (PC-88 - 1989),0.00,0
Angelus: Akuma no Fukuin (PC-88 - 1988),4.50,4
Archon: The Light and the Dark (PC-88 - 1986),4.35,26
Arctic (PC-88 - 1988),4.00,1
Arcus (PC-88 - 1988),4.00,1
Arcus II: Silent Symphony (PC-88 - 1989),5.00,1
Argo (PC-88 - 1986),5.00,1
Arkanoid (PC-88 - 1986),4.56,25
Ashe (PC-88 - 1988),5.00,1
Asteka (PC-88 - 1985),0.00,0
Aya-chan World (PC-88 - 1989),0.00,0
Ayumi (PC-88 - 1990),3.00,2
Aztec (PC-88 - 1984),2.00,2
Back to the Future (PC-88 - 1986),5.00,1
Balance of Power (PC-88 - 1989),4.43,26
Bandit Kings of Ancient China (PC-88 - 1989),4.50,16
Bargon no Paka-paka Shōbōken (PC-88 - 1988),0.00,0
Bishōjo shashinkan: Moving School (PC-88 - 1987),3.00,2
Bokosuka Wars (PC-88 - 1984),5.00,1
Bomb Jack (PC-88 - 1985),5.00,3
Bruce Lee (PC-88 - 1984),4.33,18
Bug Attack (PC-88 - 1984),5.00,1
Burai: Jōkan (PC-88 - 1989),0.00,0
Burning Point (PC-88 - 1989),5.00,1
Can Can Bunny (PC-88 - 1989),5.00,1
Can Can Bunny Superior (PC-88 - 1990),5.00,2
Casablanca ni Ai o: Satsujinsha wa Jikū o Koete (PC-88 - 1986),0.00,0
Castlequest (PC-88 - 1985),5.00,1
Chack'n Pop (PC-88 - 1984),5.00,1
Championship Lode Runner (PC-88 - 1985),5.00,1
Chikyū Senshi Rayieza (PC-88 - 1985),0.00,0
Choplifter! (PC-88 - 1984),3.50,2
Choro Q Holiday Puzzle (PC-88 - 1984),0.00,0
Christine (PC-88 - 1986),1.00,1
Columns (PC-88 - 1992),3.00,1
Combat Simulator: Battle Gorilla (PC-88 - 1988),0.00,0
Commando (PC-88 - 1987),3.89,9
Cosmic Soldier (PC-88 - 1985),5.00,1
Cosmic Soldier: Psychic War (PC-88 - 1987),4.67,6
Crimson (PC-88 - 1987),5.00,3
Crimson II (PC-88 - 1989),5.00,1
Crimson III (PC-88 - 1990),0.00,0
Cruise Chaser Blassty (PC-88 - 1986),0.00,0
Curse of Babylon (PC-88 - 1986),0.00,0
D.P.S: Dream Program System (PC-88 - 1990),4.50,2
Daisenryaku 88 (PC-88 - 1986),0.00,0
Daisenryaku II: Campaign Version (PC-88 - 1989),0.00,0
Danchi-zuma no Yūwaku (PC-88 - 1983),4.00,2
David's Midnight Magic (PC-88 - 1984),5.00,3
Dezeni Land (PC-88 - 1983),5.00,1
Dezeni World (PC-88 - 1985),0.00,0
Diablo (PC-88 - 1988),0.00,0
Dig Dug (PC-88 - 1983),4.47,47
Digital Devil Monogatari: Megami Tensei (PC-88 - 1987),5.00,2
Dinosaur (PC-88 - 1990),5.00,1
DOME (PC-88 - 1988),0.00,0
Donkey Gorilla (PC-88 - 1983),0.00,0
Doujin Kaizokuban (PC-88 - 1991),0.00,0
Dragon Buster (PC-88 - 1987),5.00,1
Dragon Eyes (PC-88 - 1991),0.00,0
Dragon Knight (PC-88 - 1989),4.50,6
Dragon Knight II (PC-88 - 1990),4.00,2
Dragon Slayer (PC-88 - 1984),5.00,1
Dragon Slayer: The Legend of Heroes (PC-88 - 1989),5.00,1
Dragon Slayer: The Legend of Heroes II (PC-88 - 1992),0.00,0
Dragoon Armor for Adult (PC-88 - 1989),0.00,0
Dual Targets: The 4th Unit Act.3 (PC-88 - 1989),5.00,2
Duel (PC-88 - 1989),0.00,0
Dungeon (PC-88 - 1983),0.00,0
Dynamite Bowl (PC-88 - 1987),0.00,0
El Dorado Denki (PC-88 - 1985),5.00,1
Elevator Action (PC-88 - 1986),5.00,1
Emerald Densetsu (PC-88 - 1990),0.00,0
Emerald Dragon (PC-88 - 1989),5.00,2
Escape from Rungistan (PC-88 - 1986),0.00,0
Excitebike (PC-88 - 1985),4.00,4
Exodus: Ultima III (PC-88 - 1985),4.46,35
Expedition Amazon (PC-88 - 1984),0.00,0
Exterlien (PC-88 - 1990),0.00,0
F-15 Strike Eagle (PC-88 - 1988),4.00,8
Fantasian (PC-88 - 1985),5.00,1
Fathom's 40 (PC-88 - 1984),3.00,2
Final Lolita: Darkside of Software (PC-88 - 1986),5.00,2
Fire Hawk: Thexder - The Second Contact (PC-88 - 1989),5.00,5
Flappy (PC-88 - 1983),0.00,0
Flicky (PC-88 - 1985),5.00,1
Flight Simulator with Torpedo Attack (PC-88 - 1988),0.00,0
Formation Z (PC-88 - 1986),5.00,2
Fortress (PC-88 - 1989),4.00,1
Foxy (PC-88 - 1990),5.00,1
Fruit Panic (PC-88 - 1984),0.00,0
Gaiflame (PC-88 - 1987),0.00,0
Galaxian (PC-88 - 1983),4.06,30
Gandhara: Buddha no Seisen (PC-88 - 1987),0.00,0
Gaudi: Barcelona no Kaze (PC-88 - 1989),0.00,0
Gemfire (PC-88 - 1991),4.69,13
Gemstone Warrior (PC-88 - 1986),3.00,2
Genesis: Beyond the Revelation (PC-88 - 1988),0.00,0
Genghis Khan (PC-88 - 1988),4.90,10
Genghis Khan II: Clan of the Gray Wolf (PC-88 - 1992),4.34,53
Ginga Eiyū Densetsu (PC-88 - 1989),4.00,1
Ginga Eiyū Densetsu II (PC-88 - 1990),4.00,1
Golf (PC-88 - 1985),3.33,3
Gradius (PC-88 - 1986),4.00,1
Grobda (PC-88 - 1986),0.00,0
Gyrodine (PC-88 - 1986),0.00,0
Hacchake Ayayo-san (PC-88 - 1989),1.50,2
Hacchake Ayayo-san 2: Ikenai Holiday (PC-88 - 1990),1.00,1
Hacker (PC-88 - 1988),3.82,17
Han-Seimei Senki Andorogynus (PC-88 - 1987),0.00,0
Hang-On (PC-88 - 1986),0.00,0
Heroes of the Lance (PC-88 - 1989),4.33,6
Herzog (PC-88 - 1988),5.00,2
Hi-Res Adventure #0: Mission Asteroid (PC-88 - 1983),0.00,0
Hi-Res Adventure #1: Mystery House (PC-88 - 1983),5.00,1
Hi-Res Adventure #2: The Wizard and the Princess (PC-88 - 1983),3.64,11
Hi-Res Adventure #3: Cranston Manor (PC-88 - 1983),0.00,0
Hi-Res Adventure #4: Ulysses and the Golden Fleece (PC-88 - 1983),3.17,6
Hi-Res Adventure #6: The Dark Crystal (PC-88 - 1984),0.00,0
Hokkaidō Rensa Satsujin: Okhotsk ni Kiyu (PC-88 - 1984),0.00,0
Hokuto no Ken (PC-88 - 1986),5.00,1
Hole Chaser (PC-88 - 1990),0.00,0
Hole in One (PC-88 - 1985),0.00,0
Hoshi no Suna Monogatari (PC-88 - 1991),0.00,0
Hotdog (PC-88 - 1985),0.00,0
Hover Attack (PC-88 - 1985),0.00,0
Hydlide (PC-88 - 1984),5.00,1
Hydlide II: Shine of Darkness (PC-88 - 1985),0.00,0
Ice Climber (PC-88 - 1985),5.00,2
Inindo: Way of the Ninja (PC-88 - 1991),0.00,0
Intruder: Sakura Yashiki no Tansaku (PC-88 - 1989),0.00,0
Ishin no Arashi (PC-88 - 1989),0.00,0
J.B. Harold 3: D.C. Connection (PC-88 - 1989),5.00,1
J.B. Harold Series #2: Manhattan Requiem - Angels Flying in the Dark (PC-88 - 1987),5.00,1
Jack Nicklaus' Greatest 18 Holes of Major Championship Golf (PC-88 - 1990),3.40,5
Jehard (PC-88 - 1987),5.00,1
Jesus II (PC-88 - 1991),5.00,1
Jesus: Kyōfu no Bio-Monster (PC-88 - 1987),5.00,1
Jigoku no Renshū Mondai (PC-88 - 1984),0.00,0
Joshi Daisei Private (PC-88 - 1983),5.00,1
Karuizawa Yūkai Annai (PC-88 - 1985),0.00,0
Ken to Mahō (PC-88 - 1983),0.00,0
Kimagure Orange Road: Natsu no Mirage (PC-88 - 1988),5.00,1
King Flappy (PC-88 - 1985),0.00,0
King's Knight (PC-88 - 1987),0.00,0
Kiss of Murder: Another story of Manhattan Requiem (PC-88 - 1987),5.00,2
Klax (PC-88 - 1990),4.22,9
Knither: Demon Crystal II (PC-88 - 1987),0.00,0
Kyōran no Ginga: Schwarzschild (PC-88 - 1989),5.00,1
L'Empereur (PC-88 - 1990),4.63,16
Labyrinth (PC-88 - 1987),3.83,6
Lamia-1999 (PC-88 - 1987),0.00,0
Laplace no Ma (PC-88 - 1987),0.00,0
Laptick (PC-88 - 1985),0.00,0
Las Vegas (PC-88 - 1987),5.00,1
Last Armageddon (PC-88 - 1988),4.00,1
Law of the West (PC-88 - 1987),4.67,6
Light Flipper (PC-88 - 1983),0.00,0
Lightning Vaccus: The Knight of Iron (PC-88 - 1989),0.00,0
Lipstick Adventure 2 (PC-88 - 1989),0.00,0
Little Computer People (PC-88 - 1987),4.47,46
Lizard (PC-88 - 1984),0.00,0
Lode Runner (PC-88 - 1983),4.88,24
Lolita 2: Gekō Chase (PC-88 - 1983),5.00,2
Lolita Syndrome (PC-88 - 1983),5.00,1
Lolita: Yakyūken (PC-88 - 1983),0.00,0
Lunar Pool (PC-88 - 1985),5.00,2
Lyrane (PC-88 - 1987),0.00,0
Macross (PC-88 - 1985),0.00,0
Mahjong Clinic: Zōkangō (PC-88 - 1991),4.00,1
Maison Ikkoku: Kanketsuhen (PC-88 - 1988),0.00,0
Mappy (PC-88 - 1986),5.00,4
Märchen Veil I (PC-88 - 1985),0.00,0
Mari-chan Kiki Ippatsu (PC-88 - 1983),0.00,0
Mario Bros. Special (PC-88 - 1984),5.00,1
Mashō Denki La Valeur (PC-88 - 1989),0.00,0
Masquerade (PC-88 - 1985),0.00,0
Master of Monsters (PC-88 - 1988),5.00,1
Mid-Garts (PC-88 - 1989),0.00,0
Might and Magic II: Gates to Another World (PC-88 - 1988),4.48,31
Might and Magic: Book One - Secret of the Inner Sanctum (PC-88 - 1987),4.25,20
Miner 2049er (PC-88 - 1984),4.60,10
Mirai (PC-88 - 1985),0.00,0
Misty Blue (PC-88 - 1990),3.50,2
Misty Vol.5 (PC-88 - 1990),0.00,0
Mole Mole (PC-88 - 1985),0.00,0
Mole Mole 2 (PC-88 - 1986),0.00,0
Mr. Robot and His Robot Factory (PC-88 - 1984),4.00,1
Mugen no Shinzō (PC-88 - 1984),5.00,2
Mugen no Shinzō II (PC-88 - 1985),0.00,0
Mugen no Shinzō III (PC-88 - 1990),5.00,2
Mugen Senshi Valis II (PC-88 - 1989),5.00,2
Murder Club (PC-88 - 1986),4.07,15
My Lolita (PC-88 - 1985),5.00,2
Mystery Fun House (PC-88 - 1985),0.00,0
Nagakute Amai Yoru: Twilight Zone III (PC-88 - 1989),0.00,0
Night Life (PC-88 - 1982),5.00,3
Ninja-Kun: Majō no Bōken (PC-88 - 1986),3.50,4
Nobunaga's Ambition (PC-88 - 1986),4.00,8
Nobunaga's Ambition II (PC-88 - 1988),4.00,20
Nobunaga's Ambition: Lord of Darkness (PC-88 - 1990),5.00,2
Onryō Senki (PC-88 - 1988),0.00,0
Operation Europe: Path to Victory 1939-45 (PC-88 - 1991),4.45,20
Oranda Tsuma wa Denki Unagi no Yume o Miru ka? (PC-88 - 1984),5.00,2
P.T.O.: Pacific Theater of Operations (PC-88 - 1989),4.50,4
Pac-Man (PC-88 - 1983),4.67,42
Panorama Toh (PC-88 - 1983),0.00,0
Penguin-Kun Wars (PC-88 - 1985),0.00,0
Perfect Soko-ban (PC-88 - 1989),0.00,0
Phantasie (PC-88 - 1986),4.22,23
Phantasie II (PC-88 - 1987),5.00,1
Phantasie III: The Wrath of Nikademus (PC-88 - 1988),4.11,18
Phantasie IV: The Birth of Heroes (PC-88 - 1990),4.00,2
Pias (PC-88 - 1990),0.00,0
Pinball Construction Set (PC-88 - 1985),4.00,4
Pinky Ponky Dai-1 Shū: Beautiful Dream (PC-88 - 1989),0.00,0
Pinky Ponky Dai-2 Shū: Twilight Games (PC-88 - 1989),0.00,0
Pinky Ponky Dai-3 Shū: Battle Lovers (PC-88 - 1989),0.00,0
Pocky 2: Kaijin Aka Manto no Chōsen (PC-88 - 1991),0.00,0
Popful Mail (PC-88 - 1991),5.00,3
Portopia Renzoku Satsujin Jiken (PC-88 - 1983),0.00,0
Produce (PC-88 - 1987),4.00,1
Professional Mahjong Gokū (PC-88 - 1988),0.00,0
Psy-O-Blade (PC-88 - 1988),5.00,4
Punch Ball Mario Bros. (PC-88 - 1984),5.00,2
Rance II: Hangyaku no Shōjotachi (PC-88 - 1990),5.00,1
Rance: Hikari o Motomete (PC-88 - 1989),5.00,2
Ray Gun (PC-88 - 1990),0.00,0
Realms of Darkness (PC-88 - 1989),5.00,1
Replicart (PC-88 - 1988),0.00,0
Riglas (PC-88 - 1986),5.00,1
Ring Quest (PC-88 - 1985),0.00,0
RoadWar 2000 (PC-88 - 1988),4.79,14
Robo Wres 2001 (PC-88 - 1986),0.00,0
Romance of the Three Kingdoms (PC-88 - 1985),4.56,25
Romance of the Three Kingdoms II (PC-88 - 1989),4.28,35
Romancia: Dragon Slayer Jr. (PC-88 - 1986),5.00,1
Run Run Kyōsōkyoku (PC-88 - 1989),0.00,0
Salad no Kuni no Tomato-hime (PC-88 - 1984),5.00,1
Schwarzschild II: Teikoku no Haishin (PC-88 - 1989),5.00,1
Secret Mission (PC-88 - 1984),3.00,1
Shanghai (PC-88 - 1987),4.20,5
Shanghai II (PC-88 - 1990),5.00,1
Shiryō Sensen - War of the Dead: Browning no Fukkatsu (PC-88 - 1989),0.00,0
Shiryō Sensen 2 - War of the Dead Part 2 (PC-88 - 1989),0.00,0
Shuten Dōji (PC-88 - 1990),0.00,0
Sid Meier's Pirates! (PC-88 - 1989),4.56,43
Silpheed (PC-88 - 1986),4.46,13
Silver Ghost (PC-88 - 1988),0.00,0
Snatcher (PC-88 - 1988),5.00,4
Sorcerian (PC-88 - 1987),4.50,8
Space Harrier (PC-88 - 1987),5.00,7
Spy vs Spy (PC-88 - 1986),4.50,10
Star Cruiser (PC-88 - 1988),5.00,1
Still Sword (PC-88 - 1988),0.00,0
Still Sword for Adult (PC-88 - 1988),5.00,1
Summer Games (PC-88 - 1986),5.00,1
Super Daisenryaku (PC-88 - 1988),0.00,0
Super Hydlide (PC-88 - 1987),5.00,1
Super Mario Bros. Special (PC-88 - 1986),4.32,34
Super Pitfall (PC-88 - 1986),0.00,0
Swashbuckler (PC-88 - 1985),4.00,1
T.D.F. Kaijū daisensō kesshi no genshiro bōei sakusen (PC-88 - 1987),0.00,0
Taiyō no Shinden (PC-88 - 1986),0.00,0
Tennis (PC-88 - 1985),0.00,0
Tenshitachi no Gogo (PC-88 - 1985),5.00,1
Tenshitachi no Gogo II: Bangai-hen (PC-88 - 1988),5.00,1
Tenshitachi no Gogo II: Minako (PC-88 - 1987),0.00,0
Tenshitachi no Gogo III: Bangai-hen (PC-88 - 1989),5.00,1
Tenshitachi no Gogo III: Ribbon (PC-88 - 1989),0.00,0
Testament (PC-88 - 1987),5.00,1
Tetris (PC-88 - 1988),5.00,1
The 4th Unit (PC-88 - 1987),0.00,0
The 4th Unit 2 (PC-88 - 1988),5.00,2
The Ancient Art of War (PC-88 - 1986),4.32,50
The Black Onyx (PC-88 - 1984),2.00,1
The Castle (PC-88 - 1985),5.00,1
The Crimson Crown (PC-88 - 1986),3.83,6
The Death Trap (PC-88 - 1984),0.00,0
The Demon Crystal (PC-88 - 1985),3.00,1
The Fire Crystal (PC-88 - 1984),0.00,0
The Old Village Story (PC-88 - 1988),4.00,1
The Quest (PC-88 - 1984),3.00,1
The Return of Ishtar (PC-88 - 1987),0.00,0
The Scheme (PC-88 - 1988),5.00,1
Thexder (PC-88 - 1985),4.39,28
Thunder Force (PC-88 - 1984),3.00,1
Time Zone (PC-88 - 1985),0.00,0
Tir-nan-óg: The Forbidden Tower (PC-88 - 1990),0.00,0
Tōdō Ryūnosuke Tantei Nikki: Kohakuiro no Yuigon (PC-88 - 1988),0.00,0
Topple Zip (PC-88 - 1986),0.00,0
Tunnels & Trolls: Crusaders of Khazan (PC-88 - 1990),4.29,14
Twilight Zone (PC-88 - 1987),0.00,0
Twilight Zone II: Nagisa no Yakata (PC-88 - 1988),0.00,0
Twilight Zone Vol. 4: Tokubetsu-hen (PC-88 - 1990),0.00,0
Ultima I: The First Age of Darkness (PC-88 - 1988),4.28,36
Ultima II: The Revenge of the Enchantress... (PC-88 - 1985),4.22,18
Ultima IV: Quest of the Avatar (PC-88 - 1987),4.53,34
Uncharted Waters (PC-88 - 1990),4.35,20
Vain Dream (PC-88 - 1991),0.00,0
Valis: The Fantasm Soldier (PC-88 - 1986),4.67,3
Veigues: Tactical Gladiator (PC-88 - 1988),5.00,2
Volguard (PC-88 - 1984),0.00,0
Wibarm (PC-88 - 1986),4.60,5
Will: The Death Trap II (PC-88 - 1985),1.00,1
Wingman (PC-88 - 1984),0.00,0
Winter Games (PC-88 - 1987),4.39,18
Wizardry V: Heart of the Maelstrom (PC-88 - 1990),4.80,15
Wizardry: Knight of Diamonds - The Second Scenario (PC-88 - 1987),3.85,20
Wizardry: Legacy of Llylgamyn - The Third Scenario (PC-88 - 1987),4.50,8
Wizardry: Proving Grounds of the Mad Overlord (PC-88 - 1985),4.29,34
Wizardry: The Return of Werdna - The Fourth Scenario (PC-88 - 1988),4.89,9
World Golf (PC-88 - 1985),0.00,0
Xak II: Rising of the Redmoon (PC-88 - 1990),0.00,0
Xak Precious Package: The Tower of Gazzel (PC-88 - 1991),0.00,0
Xak: The Art of Visual Stage (PC-88 - 1989),5.00,1
Xanadu: Dragon Slayer II (PC-88 - 1985),0.00,0
Xevious (PC-88 - 1985),5.00,2
XZR (PC-88 - 1988),5.00,2
Yellow Lemon (PC-88 - 1985),5.00,1
Ys II: Ancient Ys Vanished - The Final Chapter (PC-88 - 1988),5.00,1
Ys: The Vanished Omens (PC-88 - 1987),4.50,8
Zan: Yasha Enbukyoku (PC-88 - 1990),0.00,0
Zarth (PC-88 - 1984),5.00,1
Zavas (PC-88 - 1988),0.00,0
Zeliard (PC-88 - 1987),4.63,27
