Title,Average Rating,Number of Ratings
Aeroboto (PC-88 - 1986),5.00,2
Dragon Slayer: The Legend of Heroes II (PC-88 - 1992),4.00,2
P.T.O.: Pacific Theater of Operations (PC-88 - 1989),4.50,8
Tōdō Ryūnosuke Tantei Nikki: Kohakuiro no Yuigon (PC-88 - 1988),5.00,1
Championship Lode Runner (PC-88 - 1985),4.33,3
Silver Ghost (PC-88 - 1988),5.00,1
Chikyū Senshi Rayieza (PC-88 - 1985),5.00,1
Emerald Densetsu (PC-88 - 1990),4.00,1
Expedition Amazon (PC-88 - 1984),5.00,2
Nobunaga's Ambition (PC-88 - 1986),4.38,13
Salad no Kuni no Tomato-hime (PC-88 - 1984),5.00,1
Dezeni World (PC-88 - 1985),0.00,0
Castlequest (PC-88 - 1985),5.00,2
Choro Q Holiday Puzzle (PC-88 - 1984),0.00,0
Curse of Babylon (PC-88 - 1986),5.00,2
Mugen no Shinzō III (PC-88 - 1990),5.00,2
Time Zone (PC-88 - 1985),5.00,1
Escape from Rungistan (PC-88 - 1986),0.00,0
Dig Dug (PC-88 - 1983),4.43,67
Super Hydlide (PC-88 - 1987),5.00,1
Dragon Buster (PC-88 - 1987),5.00,3
M.U.L.E. (PC-88 - 1987),4.40,15
Ultima IV: Quest of the Avatar (PC-88 - 1987),4.37,46
Ali Baba and the Forty Thieves (PC-88 - 1985),4.67,3
Inindo: Way of the Ninja (PC-88 - 1991),4.00,3
Might and Magic II: Gates to Another World (PC-88 - 1988),4.44,36
Cosmic Soldier: Psychic War (PC-88 - 1987),4.67,6
Psy-O-Blade (PC-88 - 1988),5.00,4
Professional Mahjong Gokū (PC-88 - 1988),5.00,1
Archon: The Light and the Dark (PC-88 - 1986),4.54,41
Still Sword (PC-88 - 1988),0.00,0
Karuizawa Yūkai Annai (PC-88 - 1985),5.00,1
Law of the West (PC-88 - 1987),4.63,8
Dual Targets: The 4th Unit Act.3 (PC-88 - 1989),5.00,3
Advanced Fantasian: Quest for Lost Sanctuary (PC-88 - 1988),5.00,5
Hole in One (PC-88 - 1985),5.00,2
Light Flipper (PC-88 - 1983),5.00,1
L'Empereur (PC-88 - 1990),4.81,47
Sid Meier's Pirates! (PC-88 - 1989),4.57,56
Gyrodine (PC-88 - 1986),0.00,0
The Castle (PC-88 - 1985),5.00,1
Casablanca ni Ai o: Satsujinsha wa Jikū o Koete (PC-88 - 1986),0.00,0
Zavas (PC-88 - 1988),0.00,0
Dinosaur (PC-88 - 1990),5.00,2
Hi-Res Adventure #3: Cranston Manor (PC-88 - 1983),0.00,0
Ishin no Arashi (PC-88 - 1989),5.00,1
Mr. Robot and His Robot Factory (PC-88 - 1984),3.50,2
Back to the Future (PC-88 - 1986),5.00,1
RoadWar 2000 (PC-88 - 1988),4.72,18
Silpheed (PC-88 - 1986),4.67,21
Schwarzschild II: Teikoku no Haishin (PC-88 - 1989),5.00,1
Will: The Death Trap II (PC-88 - 1985),3.00,2
Misty Blue (PC-88 - 1990),3.67,3
Albatross (PC-88 - 1986),0.00,0
Nobunaga's Ambition: Lord of Darkness (PC-88 - 1990),5.00,3
Burai: Jōkan (PC-88 - 1989),3.00,1
Wizardry: Knight of Diamonds - The Second Scenario (PC-88 - 1987),4.11,36
Bug Attack (PC-88 - 1984),5.00,1
World Golf (PC-88 - 1985),0.00,0
Swashbuckler (PC-88 - 1985),4.00,1
David's Midnight Magic (PC-88 - 1984),5.00,5
Knither: Demon Crystal II (PC-88 - 1987),0.00,0
Mugen no Shinzō II (PC-88 - 1985),2.50,2
Bokosuka Wars (PC-88 - 1984),4.00,2
Gandhara: Buddha no Seisen (PC-88 - 1987),0.00,0
Fathom's 40 (PC-88 - 1984),3.00,2
Little Computer People (PC-88 - 1987),4.42,56
Laptick (PC-88 - 1985),5.00,1
Snatcher (PC-88 - 1988),4.78,27
Romance of the Three Kingdoms (PC-88 - 1985),4.50,30
Crimson II (PC-88 - 1989),5.00,1
Emerald Dragon (PC-88 - 1989),4.75,4
Hokuto no Ken (PC-88 - 1986),5.00,2
The Return of Ishtar (PC-88 - 1987),3.00,2
Jesus: Kyōfu no Bio-Monster (PC-88 - 1987),4.50,2
Taiyō no Shinden (PC-88 - 1986),0.00,0
Ys: The Vanished Omens (PC-88 - 1987),4.64,11
1942 (PC-88 - 1987),4.52,21
Galaxian (PC-88 - 1983),4.25,40
Exodus: Ultima III (PC-88 - 1985),4.43,40
Shiryō Sensen 2 - War of the Dead Part 2 (PC-88 - 1989),5.00,1
Volguard (PC-88 - 1984),5.00,1
Hi-Res Adventure #0: Mission Asteroid (PC-88 - 1983),3.67,6
Lode Runner (PC-88 - 1983),4.68,37
Kimagure Orange Road: Natsu no Mirage (PC-88 - 1988),4.00,3
Hotdog (PC-88 - 1985),0.00,0
Testament (PC-88 - 1987),5.00,1
Ashe (PC-88 - 1988),5.00,1
T.D.F. Kaijū daisensō kesshi no genshiro bōei sakusen (PC-88 - 1987),0.00,0
The Old Village Story (PC-88 - 1988),4.50,2
Alpha (PC-88 - 1986),4.75,4
Lizard (PC-88 - 1984),0.00,0
Grobda (PC-88 - 1986),0.00,0
King's Knight (PC-88 - 1987),5.00,1
Flappy (PC-88 - 1983),2.00,2
Arctic (PC-88 - 1988),4.00,1
Manhattan Requiem (PC-88 - 1987),5.00,4
DOME (PC-88 - 1988),5.00,1
Ultima II: The Revenge of the Enchantress... (PC-88 - 1985),4.39,23
Hokkaidō Rensa Satsujin: Okhotsk ni Kiyu (PC-88 - 1984),5.00,1
Doujin Kaizokuban (PC-88 - 1991),0.00,0
Dragon Slayer (PC-88 - 1984),5.00,3
Hi-Res Adventure #2: The Wizard and the Princess (PC-88 - 1983),4.12,24
Crimson (PC-88 - 1987),5.00,3
Fruit Panic (PC-88 - 1984),5.00,2
Genesis: Beyond the Revelation (PC-88 - 1988),0.00,0
Thunder Force (PC-88 - 1984),4.00,2
Lunar Pool (PC-88 - 1985),5.00,2
Columns (PC-88 - 1992),3.50,6
Perfect Soko-ban (PC-88 - 1989),0.00,0
The Crimson Crown (PC-88 - 1986),4.13,8
Ring Quest (PC-88 - 1985),5.00,1
Tetris (PC-88 - 1988),5.00,1
Topple Zip (PC-88 - 1986),0.00,0
Thexder (PC-88 - 1985),4.47,32
Ginga Eiyū Densetsu (PC-88 - 1989),4.50,2
Arcus II: Silent Symphony (PC-88 - 1989),5.00,1
Angelus: Akuma no Fukuin (PC-88 - 1988),4.50,8
Burning Point (PC-88 - 1989),5.00,1
Dezeni Land (PC-88 - 1983),5.00,1
Flicky (PC-88 - 1985),5.00,2
Hi-Res Adventure #1: Mystery House (PC-88 - 1983),4.50,6
Master of Monsters (PC-88 - 1988),5.00,3
Star Cruiser (PC-88 - 1988),5.00,1
The 4th Unit (PC-88 - 1987),0.00,0
Gaiflame (PC-88 - 1987),4.00,1
Shanghai (PC-88 - 1987),4.33,12
Wibarm (PC-88 - 1986),4.14,7
Ken to Mahō (PC-88 - 1983),0.00,0
Wizardry: Legacy of Llylgamyn - The Third Scenario (PC-88 - 1987),4.36,11
Diablo (PC-88 - 1988),3.00,1
Phantasie IV: The Birth of Heroes (PC-88 - 1990),4.50,4
Commando (PC-88 - 1987),4.41,22
Wizardry: The Return of Werdna - The Fourth Scenario (PC-88 - 1988),4.82,11
Dungeon (PC-88 - 1983),0.00,0
Ninja-Kun: Majō no Bōken (PC-88 - 1986),3.50,4
Abyss (PC-88 - 1984),5.00,2
American Truck (PC-88 - 1985),4.75,4
Penguin-Kun Wars (PC-88 - 1985),5.00,1
Ys II: Ancient Ys Vanished - The Final Chapter (PC-88 - 1988),4.60,5
Xevious (PC-88 - 1985),4.78,9
Hang-On (PC-88 - 1986),3.67,3
Operation Europe: Path to Victory 1939-45 (PC-88 - 1991),4.58,26
Bargon no Paka-paka Shōbōken (PC-88 - 1988),5.00,1
Ultima I (PC-88 - 1988),3.00,2
Zarth (PC-88 - 1984),5.00,1
Last Armageddon (PC-88 - 1988),3.67,3
Acrojet (PC-88 - 1988),4.67,3
Mole Mole 2 (PC-88 - 1986),0.00,0
Jesus II (PC-88 - 1991),5.00,1
Zeliard (PC-88 - 1987),4.54,37
Jigoku no Renshū Mondai (PC-88 - 1984),5.00,1
Combat Simulator: Battle Gorilla (PC-88 - 1988),5.00,1
Jack Nicklaus' Greatest 18 Holes of Major Championship Golf (PC-88 - 1990),4.25,12
The Fire Crystal (PC-88 - 1984),0.00,0
XZR (PC-88 - 1988),5.00,2
Ayumi (PC-88 - 1990),4.20,5
Mappy (PC-88 - 1986),4.63,16
Valis: The Fantasm Soldier (PC-88 - 1986),4.75,4
Winter Games (PC-88 - 1987),4.52,33
Pac-Man (PC-88 - 1983),4.51,78
Hover Attack (PC-88 - 1985),0.00,0
Macross (PC-88 - 1985),4.00,1
Lamia-1999 (PC-88 - 1987),0.00,0
Realms of Darkness (PC-88 - 1989),4.46,13
Digital Devil Monogatari: Megami Tensei (PC-88 - 1987),5.00,3
Nobunaga's Ambition II (PC-88 - 1988),4.05,21
Wizardry V: Heart of the Maelstrom (PC-88 - 1990),4.42,19
Wingman (PC-88 - 1984),0.00,0
Asteka (PC-88 - 1985),0.00,0
Mugen no Shinzō (PC-88 - 1984),5.00,2
The Quest (PC-88 - 1984),4.33,3
Masquerade (PC-88 - 1985),5.00,1
Riglas (PC-88 - 1986),5.00,2
Uncharted Waters (PC-88 - 1990),4.34,29
Veigues: Tactical Gladiator (PC-88 - 1988),3.67,3
Xanadu: Dragon Slayer II (PC-88 - 1985),5.00,3
Duel (PC-88 - 1989),5.00,1
Bomb Jack (PC-88 - 1985),4.78,9
Herzog (PC-88 - 1988),5.00,3
Hydlide (PC-88 - 1984),5.00,1
Miner 2049er (PC-88 - 1984),4.15,13
Mugen Senshi Valis II (PC-88 - 1989),5.00,4
Popful Mail (PC-88 - 1991),5.00,4
Fire Hawk: Thexder - The Second Contact (PC-88 - 1989),5.00,5
Ogre (PC-88 - 1987),5.00,7
Super Daisenryaku (PC-88 - 1988),5.00,1
The Black Onyx (PC-88 - 1984),3.50,2
Daisenryaku (PC-88 - 1986),0.00,0
Onryō Senki (PC-88 - 1988),5.00,1
Cosmic Soldier (PC-88 - 1985),5.00,2
Shiryō Sensen - War of the Dead: Browning no Fukkatsu (PC-88 - 1989),0.00,0
The Demon Crystal (PC-88 - 1985),3.00,1
Xak II: Rising of the Redmoon (PC-88 - 1990),5.00,2
Xak Precious Package: The Tower of Gazzel (PC-88 - 1991),0.00,0
Gradius (PC-88 - 1986),4.50,2
Hacker (PC-88 - 1988),4.05,22
Sorcerian (PC-88 - 1987),4.33,15
Ultima I (PC-88 - 1988),4.33,43
Genghis Khan (PC-88 - 1988),4.93,14
Dragon Slayer: The Legend of Heroes (PC-88 - 1989),5.00,1
Mirai (PC-88 - 1985),0.00,0
The Death Trap (PC-88 - 1984),4.00,1
Gemstone Warrior (PC-88 - 1986),4.20,5
Pinball Construction Set (PC-88 - 1985),4.00,8
Vain Dream (PC-88 - 1991),0.00,0
Hi-Res Adventure #6: The Dark Crystal (PC-88 - 1984),5.00,4
Romancia: Dragon Slayer Jr. (PC-88 - 1986),5.00,2
Bruce Lee (PC-88 - 1984),4.41,29
Arcus (PC-88 - 1988),4.00,1
Donkey Gorilla (PC-88 - 1983),0.00,0
Mole Mole (PC-88 - 1985),0.00,0
Dynamite Bowl (PC-88 - 1987),5.00,1
Alphos (PC-88 - 1983),0.00,0
Klax (PC-88 - 1990),4.53,15
Maison Ikkoku: Kanketsuhen (PC-88 - 1988),5.00,1
Robo Wres 2001 (PC-88 - 1986),5.00,1
Choplifter! (PC-88 - 1984),4.36,11
Bandit Kings of Ancient China (PC-88 - 1989),4.43,33
Arkanoid (PC-88 - 1986),4.46,41
Labyrinth (PC-88 - 1987),4.20,40
Daisenryaku II: Campaign Version (PC-88 - 1989),0.00,0
Märchen Veil I (PC-88 - 1985),0.00,0
Might and Magic: Book One - Secret of the Inner Sanctum (PC-88 - 1987),4.29,24
The Ancient Art of War (PC-88 - 1986),4.27,67
Phantasie II (PC-88 - 1987),5.00,2
Lightning Vaccus: The Knight of Iron (PC-88 - 1989),5.00,1
Mario Bros. Special (PC-88 - 1984),4.33,26
Flight Simulator with Torpedo Attack (PC-88 - 1988),5.00,1
Portopia Renzoku Satsujin Jiken (PC-88 - 1983),0.00,0
Gaudi: Barcelona no Kaze (PC-88 - 1989),1.00,1
Secret Mission (PC-88 - 1984),3.40,5
A Ressha de Ikō (PC-88 - 1986),5.00,3
Misty Vol.5 (PC-88 - 1990),0.00,0
Han-Seimei Senki Andorogynus (PC-88 - 1987),0.00,0
Space Harrier (PC-88 - 1987),4.92,13
Produce (PC-88 - 1987),3.25,5
Wizardry: Proving Grounds of the Mad Overlord (PC-88 - 1985),4.33,60
Super Pitfall (PC-88 - 1986),5.00,1
Abyss II: Tears of Emperor (PC-88 - 1985),0.00,0
Kyōran no Ginga: Schwarzschild (PC-88 - 1989),5.00,1
Fantasian (PC-88 - 1985),5.00,1
Argo (PC-88 - 1986),5.00,1
Aztec (PC-88 - 1984),4.00,6
Elevator Action (PC-88 - 1986),4.67,3
Summer Games (PC-88 - 1986),4.43,7
Mid-Garts (PC-88 - 1989),0.00,0
Hydlide II: Shine of Darkness (PC-88 - 1985),0.00,0
Tunnels & Trolls: Crusaders of Khazan (PC-88 - 1990),4.45,18
Xak: The Art of Visual Stage (PC-88 - 1989),5.00,2
Spy vs Spy (PC-88 - 1986),4.48,29
Manhattan Requiem (PC-88 - 1987),5.00,3
Hi-Res Adventure #4: Ulysses and the Golden Fleece (PC-88 - 1983),3.92,13
Shanghai II (PC-88 - 1990),5.00,2
Tir-nan-óg: The Forbidden Tower (PC-88 - 1990),0.00,0
Jehard (PC-88 - 1987),5.00,1
Mystery Fun House (PC-88 - 1985),5.00,1
J.B. Harold 3: D.C. Connection (PC-88 - 1989),5.00,1
Gemfire (PC-88 - 1991),4.56,18
Laplace no Ma (PC-88 - 1987),4.00,1
Romance of the Three Kingdoms II (PC-88 - 1989),4.38,50
Crimson III (PC-88 - 1990),5.00,1
Panorama Toh (PC-88 - 1983),4.00,1
The Scheme (PC-88 - 1988),5.00,1
Fortress (PC-88 - 1989),3.50,2
The 4th Unit 2 (PC-88 - 1988),5.00,2
Lyrane (PC-88 - 1987),0.00,0
Phantasie (PC-88 - 1986),4.50,36
Punch Ball Mario Bros. (PC-88 - 1984),4.46,13
Balance of Power (PC-88 - 1989),4.61,41
F-15 Strike Eagle (PC-88 - 1988),4.38,13
Ginga Eiyū Densetsu II (PC-88 - 1990),4.50,2
Replicart (PC-88 - 1988),0.00,0
Phantasie III: The Wrath of Nikademus (PC-88 - 1988),4.24,21
King Flappy (PC-88 - 1985),0.00,0
Murder Club (PC-88 - 1986),4.00,19
A.E. (PC-88 - 1984),5.00,1
Zan: Yasha Enbukyoku (PC-88 - 1990),0.00,0
Genghis Khan II: Clan of the Gray Wolf (PC-88 - 1992),4.31,65
Mashō Denki: La Valeur (PC-88 - 1989),0.00,0
Cruise Chaser Blassty (PC-88 - 1986),0.00,0
Chack'n Pop (PC-88 - 1984),4.00,2
Heroes of the Lance (PC-88 - 1989),4.25,16
