Title,Average Rating,Number of Ratings
Romance of the Three Kingdoms (PC-98 - 1986),4.36,33
Pagan: Ultima VIII Gold (PC-98 - 1995),5.00,1
Amaranth (PC-98 - 1990),3.50,4
Advanced Power Dolls 2 (PC-98 - 1996),4.75,16
Last Guardian 2: Yomi no Fūin (PC-98 - 1996),4.00,2
L'Empereur (PC-98 - 1990),4.81,47
Dark Seraphim (PC-98 - 1995),4.75,4
Bible Master 2: The Chaos of Aglia (PC-98 - 1994),5.00,2
Tōdō Ryūnosuke Tantei Nikki: Ōgon no Rashinban (PC-98 - 1990),3.00,1
CRW 2 (PC-98 - 1995),5.00,2
Aerobiz (PC-98 - 1992),4.43,7
Ys III: Wanderers from Ys (PC-98 - 1989),3.86,7
Farland Story: Kamigami no Isen (PC-98 - 1995),5.00,1
Tōhō: Gensōkyō (PC-98 - 1998),4.75,4
The Screamer (PC-98 - 1986),3.67,3
J.B. Harold 3: D.C. Connection (PC-98 - 1989),5.00,1
Ultima I (PC-98 - 1988),3.00,2
Enchanter: Wakaki Madōshi no Shiren (PC-98 - 1993),2.00,1
Wizardry: Legacy of Llylgamyn - The Third Scenario (PC-98 - 1987),4.36,11
Wizardry: Proving Grounds of the Mad Overlord (PC-98 - 1985),4.30,64
Xak: The Art of Visual Stage (PC-98 - 1989),5.00,2
Curse of the Azure Bonds (PC-98 - 1991),4.48,38
Caroll (PC-98 - 1990),5.00,1
Hokkaidō Rensa Satsujin: Okhotsk ni Kiyu (PC-98 - 1985),5.00,2
Another Genesis (PC-98 - 1990),3.25,4
Ginga Eiyū Densetsu II (PC-98 - 1990),4.50,2
Elm Knight (PC-98 - 1992),4.00,1
Columns (PC-98 - 1991),3.13,8
The Bard's Tale II: The Destiny Knight (PC-98 - 1991),4.37,27
Brandish 2: The Planet Buster (PC-98 - 1993),5.00,1
Farland Story: Daichi no Kizuna (PC-98 - 1995),5.00,1
Last Armageddon (PC-98 - 1990),3.67,3
Alaskan Malamute G.C. (PC-98 - 1992),4.50,2
Alvaleak Bōkenki (PC-98 - 1993),5.00,2
Gage (PC-98 - 1992),5.00,3
Galaga (PC-98 - 1985),4.71,7
Lodoss-Tō Senki: Fukujinzuke (PC-98 - 1989),3.00,1
Star Cruiser II: The Odysseus Project (PC-98 - 1993),2.00,1
CRW: Metal Jacket (PC-98 - 1994),4.67,3
Tōhō: Fūmaroku (PC-98 - 1997),5.00,3
Elthlead Senshi (PC-98 - 1988),0.00,0
Brandish VT (PC-98 - 1996),5.00,4
Tōhō: Reiiden (PC-98 - 1996),4.86,7
Demon's Eye III (PC-98 - 1998),5.00,1
Arcticfox (PC-98 - 1988),4.32,25
Chō Jikū Yōsai Macross: Remember Me (PC-98 - 1993),5.00,3
Delphi no Shintaku (PC-98 - 1993),5.00,1
Puyo Puyo (PC-98 - 1993),4.89,9
Eye of the Beholder III: Assault on Myth Drannor (PC-98 - 1994),4.38,34
SHOOTERS SOLITUDE system3 (PC-98 - 1998),5.00,1
Amaranth IV (PC-98 - 1995),3.75,4
Tir-nan-óg: Descendants of Danaan (PC-98 - 1987),1.00,1
Daisenryaku IV (PC-98 - 1992),0.00,0
Tōhō: Yumejikū (PC-98 - 1997),4.20,5
Bible Master: Crash of the BlleotRutz (PC-98 - 1993),5.00,1
"Ring Master II: Forget You Not, Evermore (PC-98 - 1989)",1.00,1
It's crazy. (PC-98 - 1996),5.00,1
Edge (PC-98 - 1993),4.43,7
Carmen Sandiego in Japan (PC-98 - 1989),0.00,0
Cruise Chaser Blassty (PC-98 - 1986),3.00,1
Burai: Jōkan (PC-98 - 1989),3.00,1
Elvira (PC-98 - 1992),4.59,53
Wizardry: Knight of Diamonds - The Second Scenario (PC-98 - 1986),4.10,40
Kimagure Orange Road: Natsu no Mirage (PC-98 - 1988),4.40,5
Armist (PC-98 - 1992),3.80,5
Appare-den: Fukuryū no Shō (PC-98 - 1995),5.00,3
Alantia: Legend of Blue Star (PC-98 - 1988),4.67,9
Artemis (PC-98 - 1991),5.00,1
Aiza: New Generation (PC-98 - 1991),5.00,1
Farland Story: Shirogane no Tsubasa (PC-98 - 1994),5.00,2
The Bard's Tale III: Thief of Fate (PC-98 - 1992),4.31,29
Tales of the Unknown: Volume I - The Bard's Tale (PC-98 - 1988),4.80,30
Silent Möbius: Case: Titanic (PC-98 - 1990),4.67,3
Chō Jikū Yōsai Macross: Complete Pack HD Senyou (PC-98 - 1995),5.00,3
Deja Vu: A Nightmare Comes True!! (PC-98 - 1991),4.96,55
Arkanoid (PC-98 - 1987),4.48,46
Sorcerian (PC-98 - 1988),4.38,16
Caramel Quest: Meitenkyō no Megami Zō (PC-98 - 1991),5.00,1
Wizardry: The Return of Werdna - The Fourth Scenario (PC-98 - 1988),4.23,13
Wizardry V: Heart of the Maelstrom (PC-98 - 1990),4.25,20
Giten Megami Tensei: Tokyo Mokushiroku (PC-98 - 1997),4.33,6
Ring Master I: The Shadow of Filias (PC-98 - 1988),4.00,3
Angelus: Akuma no Fukuin (PC-98 - 1989),4.40,10
Chō Jikū Yōsai Macross: Skull Leader (PC-98 - 1994),4.67,3
Rusty (PC-98 - 1993),4.48,21
Tōdō Ryūnosuke Tantei Nikki: Kohakuiro no Yuigon (PC-98 - 1988),5.00,1
Foreigner (PC-98 - 1991),2.50,2
DragonStrike (PC-98 - 1992),4.95,39
46 Okunen Monogatari: The Shinkaron (PC-98 - 1990),4.10,10
Star Cruiser (PC-98 - 1988),3.50,2
Dungeon Master (PC-98 - 1990),4.69,93
Déjà Vu II: Lost in Las Vegas (PC-98 - 1991),4.47,32
Arcus III (PC-98 - 1991),5.00,3
3x3 Eyes: Sanjiyan Henjō (PC-98 - 1993),4.42,12
Amaranth KH: Stellar Ōkoku Kenkokutan (PC-98 - 1995),5.00,1
Dragons of Flame (PC-98 - 1992),3.83,18
Tuned Heart (PC-98 - 1996),5.00,2
Alone in the Dark 2 (PC-98 - 1994),4.42,64
Corpse-Party (PC-98 - 1996),4.67,9
Xak II: Rising of the Redmoon (PC-98 - 1990),5.00,3
Xevious (PC-98 - 1985),4.78,9
Farland Story: Tenshi no Namida (PC-98 - 1994),5.00,1
Relics (PC-98 - 1986),1.00,1
Pink Shock Pirates II (PC-98 - 1990),3.50,2
Colonial Conquest (PC-98 - 1989),4.92,12
Dead Force (PC-98 - 1994),5.00,1
Flashback: The Quest for Identity (PC-98 - 1994),4.74,57
Burning Dragon (PC-98 - 1993),3.33,6
Cuty Cop: Nusumareta File no Nazo (PC-98 - 1994),5.00,1
Heroes of the Lance (PC-98 - 1989),4.18,17
Ys II: Ancient Ys Vanished - The Final Chapter (PC-98 - 1988),4.43,7
Balance of Power (PC-98 - 1988),4.62,42
Crystal Chaser: Tenkū no Masuishō (PC-98 - 1991),3.00,1
Etemible: Tenjō Mukyū (PC-98 - 1995),3.00,1
Ultima IV: Quest of the Avatar (PC-98 - 1987),4.38,47
Chō Jikū Yōsai Macross: Love Stories (PC-98 - 1994),4.00,4
Gaiflame (PC-98 - 1987),4.50,2
D'ark Gaiden (PC-98 - 1993),5.00,1
T.D.F. Kaijū daisensō kesshi no genshiro bōei sakusen (PC-98 - 1988),1.00,1
Exile (PC-98 - 1988),5.00,2
Tir-nan-óg II: The Sign of Chaos (PC-98 - 1989),1.00,1
Gendai Daisenryaku (PC-98 - 1985),3.00,2
Dragon Half (PC-98 - 1993),5.00,3
Tōhō: Kaikidan (PC-98 - 1998),4.83,6
Bretonne Lais (PC-98 - 1989),5.00,2
Alone in the Dark (PC-98 - 1993),4.48,182
Akatsuki no Bizantira (PC-98 - 1994),4.67,3
