Title,Average Rating,Number of Ratings
2 Shot Diary (PC-98 - 1994),4.33,3
2 Shot Diary 2: Memory 4/4 (PC-98 - 1996),5.00,2
31: Iwayuru Hitotsu no Chō Lovely na Bōken Katsugeki (PC-98 - 1995),5.00,1
3x3 Eyes: Sanjiyan Henjō (PC-98 - 1993),1.00,1
A Midsummer Daytime's Dream Plus (PC-98 - 1990),4.80,5
Ace of Spades (PC-98 - 1995),5.00,2
Advanced Power Dolls 2 (PC-98 - 1996),4.57,7
Aerobiz (PC-98 - 1992),5.00,4
Ai no Omochashi: Space Gigolo - Red Cobra (PC-98 - 1995),3.00,1
Ai Shimai: Futari no Kajitsu (PC-98 - 1994),5.00,1
Aiza: New Generation (PC-98 - 1991),5.00,1
Akatsuki no Bizantira (PC-98 - 1994),4.50,2
Akiko GOLD: The Queen of Adult (PC-98 - 1994),4.50,2
Akumu: Aoi Kajitsu no Sanka (PC-98 - 1996),3.00,3
Alantia: Legend of Blue Star (PC-98 - 1988),5.00,6
Alaskan Malamute G.C. (PC-98 - 1992),0.00,0
Alone in the Dark (PC-98 - 1993),4.51,160
Alone in the Dark 2 (PC-98 - 1994),4.44,52
Alvaleak Bōkenki (PC-98 - 1993),0.00,0
Amaranth IV (PC-98 - 1995),5.00,1
Amaranth KH: Stellar Ōkoku Kenkokutan (PC-98 - 1995),5.00,1
AmbivalenZ: Niritsu Haihan (PC-98 - 1994),0.00,0
Angel Halo (PC-98 - 1996),3.00,2
Angel Hearts (PC-98 - 1989),0.00,0
Angel Night (PC-98 - 1996),5.00,1
Angelus: Akuma no Fukuin (PC-98 - 1989),4.50,4
Animahjong V3 (PC-98 - 1993),3.50,2
Animahjong X Perfect (PC-98 - 1994),5.00,3
Anniversary: Memories of Summer Vacation (PC-98 - 1993),5.00,1
Another Genesis (PC-98 - 1990),1.00,1
Appare-den: Fukuryū no Shō (PC-98 - 1995),5.00,2
Arabesque: Shōjo-tachi no Orinasu Ai no Monogatari (PC-98 - 1994),0.00,0
Arcticfox (PC-98 - 1988),3.94,16
Arcus III (PC-98 - 1991),5.00,2
Arkanoid (PC-98 - 1987),4.56,25
Armist (PC-98 - 1992),5.00,2
Artemis (PC-98 - 1991),0.00,0
Bacta 2: The Resurrection of Bacta (PC-98 - 1994),5.00,1
Balance of Power (PC-98 - 1988),4.43,26
Ballade for Maria (PC-98 - 1995),0.00,0
Battle Queen: Saikyō Fighters Retsuden (PC-98 - 1996),0.00,0
Bell's Avenue (PC-98 - 1993),0.00,0
Beyond (PC-98 - 1996),5.00,2
BIND: Kinbaku Jinmon Densetsu (PC-98 - 1996),0.00,0
Birthdays (PC-98 - 1994),5.00,1
Black Bird: Toritachi no Tooboe (PC-98 - 1995),5.00,1
Blind Games (PC-98 - 1996),0.00,0
Blood Seed (PC-98 - 1991),5.00,2
Bomber Quest (PC-98 - 1994),5.00,1
Brandish VT (PC-98 - 1996),0.00,0
Branmarker (PC-98 - 1991),4.00,1
Branmarker 2 (PC-98 - 1995),1.00,1
Bretonne Lais (PC-98 - 1989),5.00,1
Briganty: The Roots of Darkness (PC-98 - 1995),5.00,4
Brocken (PC-98 - 1991),0.00,0
Bunkasai (PC-98 - 1996),0.00,0
Bunretsu Shugoshin: Twinkle Star (PC-98 - 1993),0.00,0
Burai: Jōkan (PC-98 - 1989),0.00,0
Burning Dragon (PC-98 - 1993),4.00,1
Cal (PC-98 - 1990),0.00,0
Cal Gaiden: Tiny Step (PC-98 - 1993),0.00,0
Cal II (PC-98 - 1991),5.00,1
Can Can Bunny (PC-98 - 1989),5.00,1
Can Can Bunny 5 1/2 Limited (PC-98 - 1994),5.00,1
Can Can Bunny Extra (PC-98 - 1993),5.00,2
Can Can Bunny Premier (PC-98 - 1992),5.00,1
Can Can Bunny: Spirits (PC-98 - 1991),5.00,1
Caramel Quest: Meitenkyō no Megami Zō (PC-98 - 1991),5.00,1
Caroll (PC-98 - 1990),0.00,0
Cat's Part 1 (PC-98 - 1993),5.00,1
Celery (PC-98 - 1989),0.00,0
Chaos Angels (PC-98 - 1989),4.50,2
Charade (PC-98 - 1995),0.00,0
Cherry Bomb: Chō Ojōsama Sayaka-chan Nanba Daisakusen (PC-98 - 1994),0.00,0
Cherry Jam: Kanojo ga Hadaka ni Kigaetara (PC-98 - 1996),0.00,0
Chicks' Tale (PC-98 - 1995),5.00,2
Chō Jikū Yōsai Macross: Complete Pack HD Senyou (PC-98 - 1995),5.00,3
Chō Jikū Yōsai Macross: Love Stories (PC-98 - 1994),5.00,1
Chō Jikū Yōsai Macross: Remember Me (PC-98 - 1993),5.00,1
Chō Jikū Yōsai Macross: Skull Leader (PC-98 - 1994),5.00,1
Chōkōsō Crisis (PC-98 - 1994),0.00,0
Christine (PC-98 - 1986),1.00,1
Chushaki: Hirasawa Nurse School (PC-98 - 1996),3.00,1
Clone Doll: Kagai Jugyō (PC-98 - 1995),5.00,1
Coin (PC-98 - 1996),0.00,0
Colonial Conquest (PC-98 - 1989),5.00,10
Columns (PC-98 - 1991),3.00,1
Coming Heart (PC-98 - 1995),0.00,0
Continental (PC-98 - 1992),5.00,1
Cosmic Psycho (PC-98 - 1991),0.00,0
Cruise Chaser Blassty (PC-98 - 1986),0.00,0
Crystal Chaser: Tenkū no Masuishō (PC-98 - 1991),0.00,0
Crystal Rinal (PC-98 - 1994),0.00,0
Curse of the Azure Bonds (PC-98 - 1991),4.43,35
Custom Mate (PC-98 - 1993),5.00,2
Custom Mate 2 (PC-98 - 1994),4.00,2
Custom Mate 3 (PC-98 - 1995),5.00,1
Cuty Cop: Nusumareta File no Nazo (PC-98 - 1994),0.00,0
Cyber Illusion (PC-98 - 1995),0.00,0
Cybernetic Hi-School Part 2: Highway Buster (PC-98 - 1989),4.00,1
Cybernetic Hi-School Part 3: Gunbuster (PC-98 - 1990),5.00,1
D'ark Gaiden (PC-98 - 1993),0.00,0
Daisenryaku IV (PC-98 - 1992),0.00,0
Dalk (PC-98 - 1992),0.00,0
Daraku no Kuni no Angie: Kyōkai no Mesudoreitachi (PC-98 - 1996),0.00,0
Dark Seraphim (PC-98 - 1995),0.00,0
De. FaNa (PC-98 - 1995),5.00,1
Dead Force (PC-98 - 1994),0.00,0
Deep (PC-98 - 1994),3.00,2
Déjà Vu II: Lost in Las Vegas (PC-98 - 1991),4.25,20
Deja Vu: A Nightmare Comes True!! (PC-98 - 1991),4.95,38
Delicious Lunch Pack (PC-98 - 1996),0.00,0
Delphi no Shintaku (PC-98 - 1993),5.00,1
Demon City (PC-98 - 1993),5.00,3
Demon's Eye III (PC-98 - 1998),0.00,0
Dengeki Division (PC-98 - 1993),4.00,1
Dengeki Nurse (PC-98 - 1992),4.00,1
Dengeki Nurse 2: More Sexy (PC-98 - 1994),4.00,2
Dennō Sentai: Lavian Three (PC-98 - 1994),0.00,0
Dennou Gakuen (PC-98 - 1989),4.00,1
DOR (PC-98 - 1992),0.00,0
DOR 2 (PC-98 - 1992),0.00,0
DOR Special Edition: Sakigake (PC-98 - 1993),0.00,0
DOR: Part 3 (PC-98 - 1992),0.00,0
DOR: Special Edition '93 (PC-98 - 1993),5.00,1
DoraDora Emotion: Seihaiden (PC-98 - 1995),0.00,0
Dracula Hakushaku (PC-98 - 1992),5.00,4
Dragon Half (PC-98 - 1993),5.00,2
Dragon Knight (PC-98 - 1989),4.50,6
Dragon Knight 4 (PC-98 - 1994),4.57,7
Dragon Knight II (PC-98 - 1991),4.00,2
Dragon Master Silk II (PC-98 - 1995),4.40,5
Dragon Pink: The Zero Castle (PC-98 - 1992),5.00,1
DragonStrike (PC-98 - 1992),4.96,25
Dragoon Armor for Adult (PC-98 - 1989),0.00,0
Dungeon Master (PC-98 - 1990),4.67,52
E.S.P. (PC-98 - 1994),0.00,0
Edge (PC-98 - 1993),5.00,2
Elemental Ō (PC-98 - 1994),0.00,0
Elm Knight (PC-98 - 1992),0.00,0
Elvira (PC-98 - 1992),4.65,37
Emerald Dragon (PC-98 - 1989),5.00,2
Enchanter: Wakaki Madōshi no Shiren (PC-98 - 1993),0.00,0
Engage Errands II: Hikari o Ninau Mono (PC-98 - 1995),0.00,0
Engage Errands: Miwaku no Shitotachi (PC-98 - 1993),0.00,0
Es no Hōteishiki (PC-98 - 1996),5.00,1
Escalation '95: Oneesama-tte Yonde Ii desu ka? (PC-98 - 1995),0.00,0
Escape (PC-98 - 1996),0.00,0
Etemible: Tenjō Mukyū (PC-98 - 1995),0.00,0
EVE burst error (PC-98 - 1995),4.00,2
Exile (PC-98 - 1988),0.00,0
Eye of the Beholder III: Assault on Myth Drannor (PC-98 - 1994),4.34,29
Farland Story: Daichi no Kizuna (PC-98 - 1995),0.00,0
Farland Story: Kamigami no Isen (PC-98 - 1996),0.00,0
Farland Story: Shirogane no Tsubasa (PC-98 - 1994),0.00,0
Farland Story: Tenshi no Namida (PC-98 - 1994),0.00,0
Fatal Relations (PC-98 - 1993),3.80,5
File (PC-98 - 1994),0.00,0
Flashback: The Quest for Identity (PC-98 - 1994),4.80,40
Foreigner (PC-98 - 1991),0.00,0
Foxy (PC-98 - 1990),5.00,1
Gakuen Bomber (PC-98 - 1994),0.00,0
Gakuen Senshi: Sailor Fighter (PC-98 - 1994),0.00,0
Galaga (PC-98 - 1985),5.00,3
GaoGao! 4th: Canaan - Yakusoku no Chi (PC-98 - 1997),0.00,0
Gendai Daisenryaku (PC-98 - 1985),0.00,0
Geo Slave: Aidorei no Shōzō (PC-98 - 1996),0.00,0
Ginga Eiyū Densetsu II (PC-98 - 1990),4.00,1
Girls Paradise: Rakuen no Tenshitachi (PC-98 - 1989),1.50,2
Gloria (PC-98 - 1996),3.75,4
Guernica (PC-98 - 1996),0.00,0
Hacchake Ayayo-san (PC-98 - 1989),1.50,2
Hacchake Ayayo-san 2: Ikenai Holiday (PC-98 - 1990),1.00,1
Harlem Blade: The Greatest of All Time (PC-98 - 1996),4.00,2
Hokkaidō Rensa Satsujin: Okhotsk ni Kiyu (PC-98 - 1985),0.00,0
Hoshi no Suna Monogatari (PC-98 - 1991),0.00,0
Houtei Raoyui II (PC-98 - 1996),0.00,0
Immoral Study (PC-98 - 1996),4.50,2
Immoral Study 2 (PC-98 - 1996),5.00,1
Immoral Study: Scenario 3 (PC-98 - 1996),5.00,2
J.B. Harold 3: D.C. Connection (PC-98 - 1989),5.00,1
Kanako (PC-98 - 1996),0.00,0
Kimagure Orange Road: Natsu no Mirage (PC-98 - 1988),5.00,1
Kizuato (PC-98 - 1996),0.00,0
Kotetsu no Daibōken (PC-98 - 1996),0.00,0
Kousoku Chojin (PC-98 - 1996),0.00,0
Kurayami (PC-98 - 1996),5.00,1
Kusuriyubi no Kyōkasho (PC-98 - 1996),0.00,0
Kyarukan: Super Break Down!! (PC-98 - 1990),5.00,1
Kyōiku Jisshū: Joshi Kōsei Maniacs (PC-98 - 1996),0.00,0
L'Empereur (PC-98 - 1990),4.63,16
Last Armageddon (PC-98 - 1990),4.00,1
Last Guardian 2: Yomi no Fūin (PC-98 - 1996),4.00,1
Lemon Angel: Sakurai Tomo no Speed Game (PC-98 - 1990),5.00,1
Lipstick Adventure (PC-98 - 1988),0.00,0
Lipstick Adventure 2 (PC-98 - 1990),0.00,0
Lodoss-Tō Senki: Fukujinzuke (PC-98 - 1989),0.00,0
Phantasie RPG Amaranth (PC-98 - 1990),5.00,1
Pias (PC-98 - 1990),0.00,0
Pink Shock Pirates II (PC-98 - 1990),4.00,1
Pink Sox (PC-98 - 1989),5.00,1
Pink Sox 2 (PC-98 - 1990),0.00,0
Pink Sox 3 (PC-98 - 1990),0.00,0
Pinky Ponky Dai-1 Shū: Beautiful Dream (PC-98 - 1989),0.00,0
Pinky Ponky Dai-2 Shū: Twilight Games (PC-98 - 1989),0.00,0
Pinky Ponky Dai-3 Shū: Battle Lovers (PC-98 - 1989),0.00,0
Ring Master I: The Shadow of Filias (PC-98 - 1988),0.00,0
"Ring Master II: Forget You Not, Evermore (PC-98 - 1989)",0.00,0
Romance of the Three Kingdoms (PC-98 - 1986),4.56,25
Rusty (PC-98 - 1993),4.57,7
Shizuku (PC-98 - 1996),0.00,0
Silent Möbius: Case: Titanic (PC-98 - 1990),4.00,1
Sorcerian (PC-98 - 1988),4.50,8
Star Cruiser (PC-98 - 1988),5.00,1
T.D.F. Kaijū daisensō kesshi no genshiro bōei sakusen (PC-98 - 1988),0.00,0
The Screamer (PC-98 - 1986),5.00,2
Tir-nan-óg II: The Sign of Chaos (PC-98 - 1989),0.00,0
Tir-nan-óg: Descendants of Danaan (PC-98 - 1987),0.00,0
Tōdō Ryūnosuke Tantei Nikki: Kohakuiro no Yuigon (PC-98 - 1988),0.00,0
Tōdō Ryūnosuke Tantei Nikki: Ōgon no Rashinban (PC-98 - 1990),0.00,0
True Love (PC-98 - 1995),3.57,7
Ultima IV: Quest of the Avatar (PC-98 - 1987),4.53,34
Xak II: Rising of the Redmoon (PC-98 - 1990),0.00,0
Xak: The Art of Visual Stage (PC-98 - 1989),5.00,1
Xevious (PC-98 - 1985),5.00,2
Ys II: Ancient Ys Vanished - The Final Chapter (PC-98 - 1988),5.00,1
Ys III: Wanderers from Ys (PC-98 - 1989),5.00,1
