Title,Average Rating,Number of Ratings
"2400 A.D. (DOS, Apple II - 1988)",4.17,16
Abomination (Windows - 1999),4.00,1
AD&D Dark Sun Online: Crimson Sands (Windows - 1996),4.14,7
"After the War (DOS, Amiga, Amstrad CPC, Atari ST, C64, MSX - 1989)",4.75,8
Akira (NES - 1988),5.00,1
AlphaMan (DOS - 1995),4.67,3
Aquaventura (Amiga - 1992),0.00,0
"Arctic Baron (DOS, Amiga - 1993)",4.75,8
Armour-Geddon 2: Codename Hellfire (Amiga - 1994),4.50,2
Ashe (PC-88 - 1988),5.00,1
"Bad Blood (DOS, C64 - 1990)",3.80,10
"Badlands (Amiga, Amstrad CPC, Atari ST, C64 - 1990)",4.33,3
Bandits: Phoenix Rising (Windows - 2002),5.00,1
Battle Cars (SNES - 1993),0.00,0
BattleTanx (Game Boy Color - 2000),0.00,0
Beast War (Apple II - 1984),0.00,0
Black Viper (Amiga - 1996),5.00,1
Black Zone (DOS - 1995),4.00,3
"Burntime (DOS, Amiga - 1993)",4.75,16
"Chamber of the Sci-Mutant Priestess (DOS, Amiga, Atari ST - 1989)",4.63,8
"Cholo (Amstrad CPC, C64 - 1987)",5.00,1
Critical Path (Mac - 1993),0.00,0
Curse of Dragor (Mac - 1995),5.00,1
Dark Earth (Windows - 1997),5.00,1
Dark Sun: Wake of the Ravager (DOS - 1994),4.66,33
DeathTrack (DOS - 1989),4.93,15
"Deuteros: The Next Millennium (Amiga, Atari ST - 1991)",4.60,5
Doc the Destroyer (C64 - 1987),4.00,1
Doomsday Warrior (SNES - 1992),0.00,0
Earth 2140 (Mac - 2001),3.64,11
"Eco Phantoms (DOS, Amiga, Atari ST - 1990)",5.00,1
Ex-Mutants (Genesis - 1992),0.00,0
Final Frontier (DOS - 1989),4.17,6
Final Zone (Genesis - 1990),3.50,2
"Fire & Forget II (DOS, Amiga, Amstrad CPC, Atari ST, C64 - 1990)",3.80,10
Fist of the North Star: 10 Big Brawls for the King of the Universe! (Game Boy - 1989),0.00,0
Fountain of Dreams (DOS - 1990),3.38,8
Galactic Warrior Rats (Amiga - 1992),4.00,1
GaoGao! 4th: Canaan - Yakusoku no Chi (PC-98 - 1997),0.00,0
Gekitotsu Dangan Jidōsha Kessen: Battle Mobile (SNES - 1993),0.00,0
Genesis: Beyond the Revelation (PC-88 - 1988),0.00,0
"Global Effect (DOS, Amiga, Amiga CD32 - 1992)",4.67,9
Ground Control (Windows - 2000),4.58,24
Hardwar (Windows - 1998),4.00,2
Hokuto no Ken (PC-88 - 1986),5.00,1
Hokuto no Ken (NES - 1986),0.00,0
Hokuto no Ken 3: Shinseiki Sōzō Seiken Retsuden (NES - 1989),0.00,0
Hokuto no Ken 4: Shichisei Haken Den: Hokuto Shinken no Kanata e (NES - 1991),0.00,0
Hokuto no Ken 5: Tenmaryūseiden: Ai * Zesshō (SNES - 1992),0.00,0
Hokuto no Ken 6: Gekitō Denshōken Haō e no Michi (SNES - 1992),0.00,0
Hokuto no Ken 7: Seiken Retsuden - Denshōsha e no Michi (SNES - 1993),0.00,0
Interstate '76 (Windows - 1997),5.00,7
"Iron Trackers (Amiga, Amstrad CPC, Atari ST - 1989)",0.00,0
Isolated Warrior (NES - 1991),0.00,0
KKND: Krush Kill 'N Destroy (DOS - 1997),4.75,8
KKND: Krush Kill 'n Destroy Xtreme (Windows - 1997),4.61,18
Kronolog: The Nazi Paradox (DOS - 1993),4.50,4
Kyūyaku Megami Tensei: Megami Tensei I ・II (SNES - 1995),0.00,0
Lamia-1999 (PC-88 - 1987),0.00,0
"Last Armageddon (NES, PC-88, PC-98 - 1990)",4.00,1
"Last Battle (Amiga, C64, Genesis - 1991)",3.67,3
Mach Rider (NES - 1985),0.00,0
Mad Max (NES - 1990),0.00,0
Main Frame (C64 - 1988),0.00,0
"Manhunter 2: San Francisco (DOS, Amiga, Mac, Atari ST - 1989)",4.38,16
"Manhunter: New York (DOS, Amiga, Apple IIgs, Atari ST - 1988)",4.80,10
Maten Densetsu: Senritsu no Ooparts (SNES - 1995),0.00,0
Mazin Saga: Mutant Fighter (Genesis - 1993),4.00,1
Metal Law (Amiga - 1992),0.00,0
Metal Marines (SNES - 1993),5.00,1
Metal Max 2 (SNES - 1993),0.00,0
Millennia: Altered Destinies (DOS - 1995),4.64,11
"Millennium: Return to Earth (DOS, Amiga, Atari ST - 1991)",4.54,26
"Mindfighter (DOS, Amiga, Amstrad CPC, C64 - 1988)",5.00,4
Mission Critical (DOS - 1995),4.85,13
Ninja Crusaders (NES - 1990),0.00,0
"Nitro (Amiga, Atari ST - 1990)",3.00,2
"NY Warriors (DOS, Amiga, Amstrad CPC - 1991)",4.50,4
Operation: Overkill II (DOS - 1990),4.83,6
"Outlander (Genesis, SNES - 1992)",0.00,0
"Overlander (Amiga, Amstrad CPC, Atari ST, C64 - 1989)",3.67,3
"Primal Rage (DOS, Amiga, Game Boy, Game Gear, Genesis, SEGA 32X, SNES - 1995)",4.63,65
Project Nomads (Windows - 2002),0.00,0
"Rad Warrior (DOS, Amstrad CPC, Apple II, C64 - 1987)",4.25,4
Realm (SNES - 1996),0.00,0
"Road Raider (Amiga, Amstrad CPC, Atari ST, C64 - 1988)",3.00,2
"RoadWar 2000 (DOS, Amiga, Apple IIgs, Atari ST, C64, PC-88 - 1987)",4.79,14
"RoadWar Europa (DOS, Amiga, Atari ST, C64 - 1987)",4.75,12
"RoboCop versus The Terminator (Game Gear, Genesis - 1993)",5.00,1
"Rogue Trooper (Amiga, Atari ST - 1991)",2.00,1
"Rubicon (Amiga, Atari ST, C64 - 1992)",2.50,2
S.C.Out (DOS - 1992),4.13,8
"Savage 2: A Tortured Soul (Windows, Mac, Linux - 2008)",3.67,6
Scavengers of The Mutant World (DOS - 1988),4.17,6
Scorcher (DOS - 1996),4.67,3
Shiryō Sensen - War of the Dead: Browning no Fukkatsu (PC-88 - 1989),0.00,0
Shiryō Sensen 2 - War of the Dead Part 2 (PC-88 - 1989),0.00,0
Sqoon (NES - 1986),0.00,0
Submarine Titans (Windows - 2000),4.33,3
Superhero League of Hoboken (DOS - 1994),4.60,15
T2: Terminator 2 - Judgment Day (Game Boy - 1991),5.00,1
Take No Prisoners (Windows - 1997),4.67,3
"The Last V8 (Amstrad CPC, Atari 8-bit, C64 - 1986)",0.00,0
"The Running Man (Amiga, Amstrad CPC, Atari ST, C64 - 1989)",5.00,1
"The Terminator (Game Gear, Genesis - 1992)",0.00,0
The Terminator (NES - 1992),0.00,0
The Terminator 2029 (DOS - 1992),4.71,17
The Terminator 2029: Operation Scour (DOS - 1993),4.50,8
The Terminator: Future Shock (DOS - 1995),4.62,13
The Terminator: Rampage (DOS - 1993),4.45,11
Time Slip (SNES - 1993),0.00,0
"Total Carnage (Amiga, SNES - 1994)",3.67,3
Tranz Am (ZX Spectrum - 1983),0.00,0
"Trojan (DOS, NES - 1986)",4.25,4
Twilight: 2000 (DOS - 1991),4.53,32
Twisted Metal 2 (Windows - 1997),3.25,4
Two Crude Dudes (Genesis - 1992),0.00,0
"Venus the Flytrap (Amiga, Atari ST - 1990)",3.50,2
Visions of Aftermath: The Boomtown (DOS - 1988),3.83,6
Warzone 2100 (Windows - 1999),4.67,9
"Wasteland (DOS, Apple II, C64 - 1988)",4.29,105
Waterworld (SNES - 1995),0.00,0
Zarth (PC-88 - 1984),5.00,1
