Title,Average Rating,Number of Ratings
"Double Dare (DOS, C64 - 1989)",5.00,15
Drop-Drop (DOS - 1992),0.00,0
"Countdown (C64, Amstrad CPC, BBC Micro - 1985)",2.50,2
Chess Housers (DOS - 1990),5.00,1
DOS Quadraz (DOS - 1996),0.00,0
Lorien's Tomb (Atari 8-bit - 1992),5.00,1
Maker's Matchup (DOS - 1994),3.67,3
Magic of Words (Atari 8-bit - 1996),0.00,0
Mole Mole 2 (PC-88 - 1986),0.00,0
Blocks from Hell (DOS - 1993),4.50,2
Letter Targets (DOS - 2004),0.00,0
Labyrinth (DOS - 1986),0.00,0
Moses Matchup (DOS - 1994),4.83,6
"Cosmic Hero (C64, Atari 8-bit - 1994)",0.00,0
Junction (Game Gear - 1991),0.00,0
Nova 2 (C64 - 1994),5.00,1
Johny's Trouble (Atari 8-bit - 1992),0.00,0
Gambler Jiko Chūshinha: Mahjong Puzzle Collection (TurboGrafx CD - 1992),0.00,0
Let's Go Memo! (Atari ST - 1997),4.00,1
Family Feud (Genesis - 1993),4.83,6
Eoroid (Atari 8-bit - 1994),0.00,0
Rescue Rover 2 (DOS - 1991),4.45,20
Ricochet (Win - 2005),0.00,0
"Tesserae (DOS, Mac, Win 3.x, Game Gear - 1993)",3.67,3
Tommy's Connecting Point (DOS - 1988),5.00,1
Trampoline Terror! (Genesis - 1990),5.00,1
Bagels (C64 - 1992),0.00,0
"Faces ...tris III (DOS, Mac, Amiga - 1990)",3.27,11
Word Ladders (DOS - 1991),0.00,0
I.O. Silver (Apple II - 1984),5.00,1
Young Dilbert Hi-Tech Hijinks (Win 3.x - 1997),0.00,0
Tetrix: The Next Generation (Amiga - 1992),3.75,4
Box (C64 - 1983),0.00,0
"Bombuzal (DOS, C64, Amiga, Atari ST - 1989)",3.88,8
TEGL Klondike Solitaire (DOS - 1989),0.00,0
"Swap (DOS, C64, Amiga, Amstrad CPC, Atari ST - 1992)",0.00,0
Puzz 3D: Notre Dame Cathedral (Win - 1997),4.25,4
"Boston Bomb Club (DOS, Amiga, Atari ST - 1991)",5.00,5
Lost in Mine (Amiga - 1995),3.67,3
Sliding-Block Puzzles (BBC Micro - 1982),0.00,0
The Jelly Bean Factory (DOS - 1993),0.00,0
"The 11th Hour (DOS, Win, Mac - 1995)",4.32,22
Tracer (Win - 1996),0.00,0
"Mystery Master: Felony! (DOS, C64, Apple II - 1985)",5.00,4
Thunderbirds (C64 - 1985),3.00,1
Magical Puzzle: Popils (Game Gear - 1991),5.00,2
Tiles of the Dragon (DOS - 1993),4.00,1
Button Madness (Win 3.x - 1993),5.00,1
RoboCop 2 (Atari ST - 1990),5.00,1
Balltris (DOS - 1994),0.00,0
"Lode Runner On-Line: The Mad Monks' Revenge (Win, Mac - 1995)",4.50,26
Mind Castle I (Apple II - 1984),5.00,1
Jeopardy! Deluxe Edition (Genesis - 1993),5.00,2
Samotnik (DOS - 1991),0.00,0
Shipwreckers! (Win - 1997),5.00,9
"Star Wars: Yoda's Challenge - Activity Center (Win, Mac - 1999)",4.27,11
Mine Runner (Amiga - 1993),2.83,6
"The Time Warp of Dr. Brain (Win, Mac, Win 3.x - 1996)",4.44,18
Gonks (Amiga - 1995),0.00,0
"Hoyle: Official Book of Games - Volume 1 (DOS, Mac, Amiga, Atari ST - 1989)",4.39,23
DerBen's Mastermind (DOS - 2000),0.00,0
Ladder Man III (DOS - 1995),0.00,0
Mah Jongg -V-G-A- (DOS - 1989),5.00,2
Karuzelada (DOS - 1993),0.00,0
Relentless Logic (DOS - 1985),3.00,1
Jigsaw Puzzle (DOS - 1994),0.00,0
Digithunt (C64 - 1989),0.00,0
Flappy (PC-88 - 1983),2.00,2
Think Twice (Amiga - 1991),0.00,0
"Time Race (DOS, Amiga - 1990)",3.60,5
"Airball (DOS, Amiga, Atari 8-bit, Atari ST, Apple IIgs, Dragon 32/64 - 1987)",4.11,18
The Challenge of the Matrix (Amiga - 1991),1.00,1
"Rock 'n Roll (DOS, C64, Amiga, Amstrad CPC, Atari ST - 1990)",4.47,15
Symantec Game Pack (Win 3.x - 1991),4.52,21
Shanghai: Second Dynasty (Mac - 1999),3.34,8
"Play School - Create, Paint And Play (Win - 2002)",5.00,2
PokéROM: Psyduck (Win - 2000),0.00,0
"Builderland: The Story of Melba (Amiga, Amstrad CPC, Atari ST, TurboGrafx CD - 1991)",5.00,2
Kubes (Atari ST - 1993),5.00,1
Joe (DOS - 1998),0.00,0
Rolling Jack (DOS - 1994),5.00,1
"Thinkin' Things Collection 2 (Mac, Win 3.x - 1995)",4.79,14
Accordion (Amiga - 1990),1.00,1
Rally Racers (Win - 1996),5.00,1
Shanghai: Dynasty (Mac - 1997),5.00,2
Diabolika (Win - 1999),5.00,1
"Highrise (C64, Atari 8-bit, Apple II - 1983)",5.00,2
Kwiks (Win - 1998),4.67,3
Diamaze (DOS - 1990),3.00,2
Marble Madness Deluxe Edition (Amstrad CPC - 1987),5.00,1
Moses: Old Testament Adventure #1 (DOS - 1987),5.00,2
3DCube (DOS - 1994),4.23,13
"Traxx (ZX Spectrum, VIC-20 - 1983)",0.00,0
"One Step Beyond (DOS, Amiga - 1993)",3.67,3
Safe Opening Simulator (DOS - 1993),4.64,11
X-It (Amiga - 1994),3.00,2
Crossfire (Dragon 32/64 - 1983),0.00,0
"Cubulus (DOS, C64, Amiga - 1991)",3.00,2
Chain Reaction (DOS - 1996),4.00,2
Balda (DOS - 1993),5.00,2
Disney's The Lion King II: Simba's Pride (Win - 1999),3.53,15
Hanoi (C64 - 1983),0.00,0
Knock (Atari 8-bit - 1992),5.00,1
"Marble Madness (DOS, Genesis, C64, Master System, Game Gear, Amiga, Atari ST, Apple II, Apple IIgs, Sharp X68000 - 1987)",4.54,35
Rockfall Special Edition (Atari ST - 1992),0.00,0
TriTryst (Mac - 1996),5.00,3
Block Fill (C64 - 2008),2.00,1
"Reckless Rufus (C64, Amstrad CPC - 1992)",0.00,0
2048x2048 (DOS - 2016),3.25,12
Kasparov Chessmate (Mac - 2004),5.00,4
PC Jigsaw (DOS - 1988),0.00,0
"Spindizzy Worlds (Amiga, Atari ST, Sharp X68000 - 1990)",2.00,3
Treasure Fall (Win - 2004),0.00,0
"Turn It (DOS, C64, Amiga - 1990)",3.67,3
Big Kahuna Reef (Win - 2004),3.00,4
Entity (C64 - 1994),0.00,0
Fallout: Tactics Concentration Game (Win - 2000),0.00,0
"Split Personalities (C64, Amstrad CPC - 1986)",5.00,1
IBM PC Wheel of Fortune (DOS - 1984),5.00,2
The 15 Puzzle (DOS - 1982),3.00,1
"Puzznic (DOS, C64, Amiga, Amstrad CPC, Atari ST - 1990)",4.59,12
Satori (DOS - 1990),3.00,2
Dr. Seuss's Fix-Up the Mix-Up Puzzler (Atari 8-bit - 1985),5.00,1
Arithmetic Games Set 2 (DOS - 1981),5.00,1
"Skweek (DOS, Game Gear, Amiga, Amstrad CPC, Atari ST - 1989)",3.60,10
Funny Fruits (DOS - 1994),0.00,0
TinyTris (DOS - 2004),0.00,0
3D Pitfall (DOS - 1995),4.00,23
"Humans 3: Evolution - Lost in Time (DOS, Amiga - 1995)",4.20,5
"Robbo (DOS, C64, Atari 8-bit - 1993)",4.20,15
Lights Out 3D (Win 3.x - 1996),0.00,0
Neighbors from Hell: On Vacation (Win - 2004),4.00,4
"Push-Over (DOS, Amiga, Atari ST - 1992)",4.75,41
Wheel of Fortune (Win - 1998),4.81,23
Where in the World Is Carmen Sandiego? (Deluxe Edition) (DOS - 1992),4.25,96
The Castles of Dr. Creep (C64 - 1984),4.40,10
Scholastic's The Magic School Bus: Space Exploration Game (Genesis - 1995),5.00,2
"Kid Grid (C64, Atari 8-bit - 1983)",5.00,2
The Humans: Insult to Injury (DOS - 1992),5.00,3
"Soko-Ban (DOS, C64, Apple II - 1987)",4.74,25
Word Attack 3 (DOS - 1995),5.00,1
"Zolyx (C64, ZX Spectrum, Amstrad CPC, Commodore 16 - 1987)",5.00,1
Kinetic Connection (C64 - 1986),5.00,1
"Ditris (C64, Amiga - 1991)",5.00,1
"Volfied (DOS, Genesis, C64, Amiga, Atari ST - 1991)",4.24,362
Atomic Tetris (DOS - 1991),5.00,2
"ClockWerx (Win, Mac - 1995)",3.33,9
Matrix (Amiga - 1992),5.00,1
"Catch 'em (DOS, Amiga - 1992)",4.00,3
"Wheel of Fortune: New 3rd Edition (DOS, C64 - 1988)",4.83,20
Squigs (Amiga - 1993),5.00,2
EXO Squad Interactive Moviebook (Win 3.x - 1995),0.00,0
4st Attack (Linux - 2002),2.00,2
Sonic Eraser (Genesis - 1991),5.00,4
Acrostix (DOS - 1993),0.00,0
"Mickey's Runaway Zoo (DOS, C64, Atari ST - 1991)",5.00,3
"I Spy: Spooky Mansion (Win, Mac - 1999)",4.24,21
Oddworld: Abe's Exoddus (Win - 1998),5.00,3
Shove It! The Warehouse Game (Genesis - 1990),5.00,2
Floatris (DOS - 1993),3.00,2
Odwracanka (Atari 8-bit - 1998),0.00,0
"Cogito (Mac, Win 3.x - 1992)",3.80,5
"Saracen (C64, Amstrad CPC, Atari 8-bit, Apple II - 1987)",0.00,0
"Shanghai II (Game Gear, PC-88, Sharp X68000, TurboGrafx CD - 1990)",5.00,2
Pyramid Solitaire (DOS - 1991),4.00,1
Winblocker (Win 3.x - 1996),0.00,0
Quink (Quick Think) (Win - 1997),0.00,0
Klondike Solitaire (DOS - 1984),3.67,3
Jeopardy! (Game Gear - 1993),4.75,4
"Miss Mind II: Ania (C64, Atari 8-bit - 1993)",5.00,2
Nahan: The Ultimate 3D Puzzle Game (Mac - 1998),4.00,2
ZZT (DOS - 1991),4.22,23
"Exodus: Journey to the Promised Land (DOS, Genesis - 1992)",4.33,21
Wheel of Fortune: Golden Edition (DOS - 1989),4.72,37
"Extase (DOS, Amiga, Atari ST - 1990)",4.00,3
Dinosaur Discovery (BBC Micro - 1985),0.00,0
El Grinch (DOS - 1983),2.00,1
"Arcade Trivia Quiz (DOS, C64, Amstrad CPC, Atari ST - 1993)",5.00,1
Fire Stone (Atari 8-bit - 1995),5.00,1
Solitile (DOS - 1991),5.00,2
Throwland (DOS - 1994),0.00,0
"Rasterscan (DOS, C64, Amstrad CPC - 1988)",5.00,3
Where in Space is Carmen Sandiego? (Deluxe Edition) (DOS - 1993),4.60,10
Colorix (Apple II - 2004),0.00,0
Pole Minowe (C64 - 1994),0.00,0
Wheel of Fortune (Atari ST - 1987),5.00,2
Bust-A-Move (DOS - 1997),4.00,1
"Monkey Business (DOS, C64 - 1986)",5.00,3
Hoyle Board Games 2001 (Win - 2000),4.32,36
Nazo Puyo: Arle no Roux (Game Gear - 1994),4.00,1
Chess Housers (DOS - 1993),0.00,0
Electric Jigsaw (DOS - 1990),5.00,1
Ladder Man II (DOS - 1992),0.00,0
Tommy's Patience (DOS - 1986),0.00,0
DK Pinball Science (Win - 1998),5.00,4
Otashi (DOS - 1991),0.00,0
Only! Valency (Atari ST - 1994),5.00,2
Marbles (Amiga - 1991),5.00,1
Time Warrior: The Armageddon Device (Win - 1998),3.00,2
"7 Colors (DOS, Amiga - 1991)",3.50,10
Hero's Heart (DOS - 1992),3.33,3
Wisielec (Amiga - 1994),3.00,4
"Microsoft Encarta (Included game) (Win, Win 3.x - 2006)",3.78,24
Mah Jongg Solitaire (DOS - 1987),4.20,5
"Klax (DOS, Genesis, C64, Master System, Game Gear, Amiga, Amstrad CPC, Atari ST, BBC Micro, PC-88, Sharp X68000 - 1990)",4.53,15
Loader Larry (DOS - 1992),5.00,3
Memory (DOS - 1991),4.00,1
Spider Run (DOS - 1995),0.00,0
Tetris Deluxe (VIC-20 - 2007),4.50,2
Towers (DOS - 1992),0.00,0
Clandestiny (Win - 1996),3.67,3
Novalight Tetris (DOS - 1995),4.00,1
"Master Break (Acorn 32-bit, BBC Micro, Electron - 1991)",0.00,0
Penta (Atari ST - 2005),0.00,0
General Budda's Labyrinth (DOS - 1991),0.00,0
Block-Man 1 (DOS - 1994),4.40,5
Valgus (Atari ST - 1990),0.00,0
Tommy's Plates (DOS - 1989),0.00,0
MasterMind (DOS - 1989),3.00,1
Gatecrasher (Electron - 1984),0.00,0
"Lettrix (DOS, C64, Amiga - 1990)",4.00,2
Premium Mah Jongg II (Atari ST - 1993),0.00,0
Minskies: The Abduction (Amiga - 1997),3.33,3
Tris (DOS - 1997),0.00,0
Granny in Paradise (Win - 2005),4.00,2
"Heaven & Earth (DOS, Mac - 1992)",4.50,12
It's Play School (Win - 1999),5.00,1
Magic Boxes (DOS - 1989),5.00,1
The Ultimate Solitaire Collection (Win 3.x - 1994),0.00,0
Zapactris (VIC-20 - 2002),0.00,0
Creepers (DOS - 1993),3.75,4
"Treasure MathStorm! (DOS, Mac - 1992)",4.48,132
Trivial Pursuit Interactive Multimedia Game (Win 3.x - 1994),0.00,0
Chainz (Win - 2003),5.00,1
Computer Puzzles Unlimited (DOS - 1994),5.00,1
Diggers 2: Extractors (DOS - 1995),4.63,8
"Mindtrap (C64, Amstrad CPC - 1989)",0.00,0
Statix (Amiga - 1994),1.00,1
Nyet 3: The Revenge of the Mutant Stones (DOS - 1993),4.00,6
Matchboxes (Atari 8-bit - 1983),0.00,0
Sudoku (Amstrad CPC - 2008),3.00,1
Detonator (Atari ST - 1990),2.50,2
Sesame Street Elmo's Preschool: Search & Learn Adventures (Win - 1996),4.29,7
All Dogs Go To Heaven (DOS - 1989),3.38,13
Filler (DOS - 1990),4.20,5
Math Blaster Mystery: The Great Brain Robbery (Win 3.x - 1994),5.00,1
"Solomon's Key (DOS, C64, Master System, Amstrad CPC, Atari ST - 1988)",4.38,8
Clock Solitaire (DOS - 1991),0.00,0
Solitaire Deluxe (Win 3.x - 1996),0.00,0
Ducks (DOS - 1998),5.00,1
Boggle (DOS - 1990),4.20,5
"Xanagrams (C64, ZX Spectrum, Amstrad CPC, BBC Micro, Electron - 1984)",0.00,0
"Qix (DOS, C64, Amiga, Atari 8-bit, Apple II - 1989)",4.14,21
Rucu (Atari 8-bit - 1992),0.00,0
Potty Painter in the Jungle (C64 - 1983),3.00,1
Simon the Sorcerer's Puzzle Pack (Win - 1998),5.00,5
"Clockwiser: Time is Running Out... (DOS, Amiga - 1994)",3.50,2
Timmy and the Magic Pictures (Win 3.x - 1995),0.00,0
16 (DOS - 1996),0.00,0
Tetris (BBC Micro - 1988),0.00,0
Thrice (Sharp X68000 - 1991),0.00,0
Lasermania (DOS - 1996),5.00,1
United States Quiz (DOS - 1993),4.67,3
Megamix 2: Brainstorm (Atari ST - 1991),0.00,0
Rings of the Magi: Grand Master Edition (DOS - 1995),4.83,6
Skarbnik (Atari 8-bit - 1993),0.00,0
Shuffle Pix (Amiga - 1990),0.00,0
The Thing (DOS - 1988),1.80,5
Mega Motion (Amiga - 1994),0.00,0
"Thinkin' Things Collection 3 (Mac, Win 3.x - 1995)",4.18,11
"Disney's Atlantis: The Lost Empire - The Lost Games (Win, Mac - 2001)",5.00,2
Best of ZZT (DOS - 1992),0.00,0
Only Fools and Horses Comedy Pack (Win - 1999),5.00,1
Koach Tzabar 2 (DOS - 1997),5.00,1
Zig Zag Flag Shag (DOS - 1991),0.00,0
"Playskool Puzzles (Win, Mac, Win 3.x - 1996)",5.00,1
"Crypto Cube (C64, Atari 8-bit - 1983)",0.00,0
"Star Mobile (Sharp X68000, TurboGrafx CD - 1991)",0.00,0
Sharks (Atari ST - 1991),0.00,0
"Reader Rabbit's Kindergarten (Win, Mac, Win 3.x - 1997)",4.33,48
Jigsaw Puzzlemania (Amiga - 1989),5.00,2
Shuffle (Amiga - 1990),0.00,0
The Simpsons: Tetris 2 (DOS - 2004),5.00,3
Wheel of Fortune 2003 (Win - 2003),4.96,24
Castor (C64 - 1995),0.00,0
Diabolika 2: The Devil's Last Stand (Win - 2003),5.00,1
"Hoyle Classic Games (Win, Mac - 1995)",3.20,5
Fiddle (DOS - 1992),3.00,3
"Hoyle Classic Card Games (DOS, Win 3.x - 1993)",4.58,12
Where in America's Past is Carmen Sandiego? (DOS - 1991),4.46,13
Quarky & Quaysoo's Turbo Science (DOS - 1992),5.00,10
Zurk's Learning Safari (DOS - 1993),0.00,0
Pitman (DOS - 2004),0.00,0
ZX Columns (ZX Spectrum - 2005),0.00,0
Drop It! (Atari 8-bit - 1993),4.00,1
Amado (DOS - 1989),0.00,0
Factory Panic (Game Gear - 1991),4.50,2
Rock-Slide (DOS - 1989),0.00,0
"Booly (DOS, Amiga, Amstrad CPC, Atari ST - 1991)",4.75,4
New Beetle Tracks and Gaps (Win - 1997),0.00,0
Tommy's Space Panels (DOS - 1987),0.00,0
Mixed World (DOS - 1996),5.00,1
Four-F (Atari ST - 2001),0.00,0
Puzz 3D: Victorian Mansion (Mac - 1999),0.00,0
"Future Classics Collection (DOS, Amiga - 1990)",4.48,17
"The Sentry (DOS, C64, Amiga, Amstrad CPC, Atari ST - 1989)",4.63,19
Fifteen Puzzle (DOS - 1983),2.50,2
The Slicker Puzzle (BBC Micro - 1983),0.00,0
Super Foul Egg (Amiga - 1996),4.25,4
Dedale (DOS - 1986),3.00,2
Ami Puzzle (Amiga - 1994),4.00,1
Columns III: Revenge of Columns (Genesis - 1993),4.67,3
Tetris Worlds (Win - 2001),4.00,2
"Where in Time is Carmen Sandiego? (DOS, Genesis, C64, Amiga - 1989)",4.00,24
Weebee Worlds (DOS - 1994),0.00,0
Color Buster (DOS - 1992),4.35,20
ZNYK (Amiga - 1992),0.00,0
Take a Break! Crosswords (Win 3.x - 1992),0.00,0
Animal Math (DOS - 1986),3.71,7
Keep the Balance! (Win - 2000),5.00,1
Labyrinth (C64 - 1983),0.00,0
Super Loopz (Amiga - 1995),0.00,0
"Mystery Master: Murder by the Dozen (DOS, Mac, C64, Apple II - 1984)",4.57,7
Super Puzzle Fighter II Turbo (Win - 1998),4.33,3
Fun 'N Games (3DO - 1995),1.00,1
Prospector in the Mazes of Xor (Amiga - 1989),3.00,3
Gotcha (DOS - 1993),0.00,0
Match Wits (Atari 8-bit - 1984),0.00,0
Quadrax (DOS - 1996),4.50,4
Varmint's Eittris (DOS - 1997),5.00,1
Drop Mania (Win - 1999),0.00,0
"Zyconix (DOS, Amiga - 1992)",3.00,2
"Boppin' (DOS, Amiga - 1994)",4.50,8
Iko San (DOS - 1997),0.00,0
Dynomite Deluxe (Win - 2002),5.00,1
Smooth Tetris (DOS - 1992),0.00,0
Nova (C64 - 1993),4.00,1
Push 'n' Shove (Atari ST - 1992),5.00,1
Eoroid Professional (Commodore 16 - 1994),0.00,0
Holiday Lemmings (DOS - 1994),5.00,4
Dizzy Lizzy (Atari ST - 1990),5.00,1
Kret (DOS - 1991),5.00,2
Kinetic Connection (Game Gear - 1991),0.00,0
"Cranky (BBC Micro, Dragon 32/64 - 1983)",4.00,1
The Wiggly Circus (Win - 1999),5.00,2
Flowers of Crystal (BBC Micro - 1984),0.00,0
"Safecracker (Win, Mac - 1997)",4.90,10
Pollymorph (Amiga - 1993),0.00,0
AntiXonix (DOS - 1985),5.00,1
"Atomix (DOS, C64, Atari ST - 1990)",4.00,11
"Creative Contraptions (DOS, C64 - 1985)",5.00,1
The Incredible Toon Machine (Mac - 1994),4.78,9
"Guardians (DOS, Amstrad CPC, Atari ST - 1991)",3.00,1
Tetripz (DOS - 1998),0.00,0
A.J.'s World of Discovery (DOS - 1992),3.95,20
"The Curse of RA (DOS, C64, Amiga, Atari ST - 1990)",3.50,6
Tommy's Cryptoquips (DOS - 1992),1.00,1
"After Dark Games (Win, Mac - 1998)",4.39,154
"Peter Pan (Amiga, Amstrad CPC, Atari ST - 1988)",5.00,3
Thinker (Atari 8-bit - 1992),0.00,0
5 x 5 Wygrajmy razem (DOS - 1996),0.00,0
Smart Games Puzzle Challenge 2 (Win 3.x - 1997),4.43,7
Robot Odyssey (DOS - 1985),4.79,53
Type-Rope (ZX Spectrum - 1985),0.00,0
"Goofy's Railway Express (DOS, C64, Amiga - 1991)",4.50,24
Solver: The Bank Quest (DOS - 2001),0.00,0
VW Sharan: Pack 'n Puzzle (DOS - 1995),0.00,0
Pipeline (DOS - 1992),0.00,0
Crossword Puzzle (C64 - 1982),0.00,0
Boxer Rebellion (DOS - 1982),3.50,2
"Magic Lines (Amiga, Atari ST - 1990)",5.00,2
Tiny Trails (Win - 1999),3.00,1
Laser Light (DOS - 1994),4.50,6
Osmosis Solitaire (DOS - 1988),0.00,0
Pandora's Box (Win - 1999),4.18,57
"The Game of Life (DOS, Amiga - 1992)",3.00,2
Mice Men (DOS - 1992),5.00,2
Undersea Adventure (DOS - 1994),5.00,1
Computer-Wordsearch (C64 - 1986),5.00,1
FarmersMahJongg (Mac - 2001),0.00,0
Rubik's Cube (DOS - 1982),1.00,1
Time Lock (Amiga - 1993),0.00,0
Tommy's Wheel of Misfortune (DOS - 1987),5.00,1
Captain Gather (Atari 8-bit - 1992),0.00,0
Esprit (Atari ST - 1989),5.00,1
"Revelation (DOS, Amiga - 1992)",4.33,3
Mr. Driller (Win - 2000),4.00,2
Cargo Bay Deluxe (DOS - 1995),5.00,3
Major Bronx (Atari 8-bit - 1992),0.00,0
Taxi Run (DOS - 1995),0.00,0
Whoops! 2 (Atari 8-bit - 1993),0.00,0
Koło Fortuny (Atari 8-bit - 1993),5.00,1
Tommy's Patience II (DOS - 1988),5.00,1
"Dimo's Quest (DOS, Amiga - 1993)",5.00,5
Jeopardy! Sports Edition (Genesis - 1994),5.00,2
Solitaire FunPak (Game Gear - 1994),0.00,0
FlipOut! (Win - 1997),0.00,0
Egaint (DOS - 1989),5.00,3
Smart Games Challenge #1 (Win 3.x - 1996),5.00,3
Bazaru de Gozaru no Game de Gozaru (TurboGrafx CD - 1996),0.00,0
Plot (Atari 8-bit - 1990),0.00,0
Change (Atari 8-bit - 1992),0.00,0
"At the Carnival (DOS, Mac - 1990)",4.33,6
Bind-Woord (DOS - 1992),0.00,0
Zerphod (Atari ST - 1987),0.00,0
"Frenzy (C64, BBC Micro - 1985)",0.00,0
Jixxa (Win 3.x - 1995),0.00,0
"Return of the Incredible Machine: Contraptions (Win, Mac - 2000)",4.49,35
Paul McCartney's Give My Regards to Broad Street (C64 - 1985),3.00,3
Fintris (DOS - 1994),2.00,2
Crazy Tracer (BBC Micro - 1984),0.00,0
Wall Pipe (DOS - 1993),3.86,7
ABC (Atari 8-bit - 1995),5.00,1
Star Wars: Pit Droids (Win - 1999),4.41,28
"The Brainies (DOS, Amiga, Amstrad CPC, Atari ST - 1992)",4.00,5
Word Seeking (DOS - 1984),0.00,0
Mission Critical (DOS - 1995),4.87,15
"Hoyle Kids Games (Win, Mac - 2000)",4.36,11
Poof (DOS - 1994),0.00,0
Star Trek: Generations - Beyond the Nexus (Game Gear - 1994),5.00,1
Mudball Wall (Win - 1996),5.00,1
Chainz 2: Relinked (Win - 2005),0.00,0
Crazy Painter (BBC Micro - 1983),0.00,0
Trek Trivia (DOS - 1988),4.25,4
"Gertrude's Secrets (DOS, C64 - 1984)",4.71,7
Jabbertalky (DOS - 1982),5.00,1
Gridders (3DO - 1994),0.00,0
Jotto (DOS - 1988),0.00,0
Monstrum (Atari 8-bit - 1992),5.00,1
Notrus (DOS - 1992),3.75,4
SpinWall (DOS - 1989),0.00,0
Night Trap (Mac - 1995),4.20,5
A Clue's Solution (DOS - 1993),5.00,1
Pyramid Magic (Genesis - 1991),4.50,2
Tommy's High Iq (DOS - 1987),0.00,0
Peg Solitaire (DOS - 1990),5.00,2
"Castle of Dr. Brain (DOS, Mac, Amiga - 1991)",4.77,31
Enigma (Win 3.x - 1998),0.00,0
"Memory Manor (C64, Atari 8-bit - 1984)",5.00,1
Wumpus II (DOS - 1983),3.00,3
Bomb Disposal (Atari ST - 1992),4.00,1
Bocus (DOS - 1989),0.00,0
Arctic (PC-88 - 1988),4.00,1
Bubble Crack (DOS - 1995),5.00,2
Pyramid Magic II (Genesis - 1991),5.00,1
Academy of Magic: Word Spells (Win - 2005),5.00,1
"Pipe Dream (DOS, Mac, Win 3.x, C64, Amiga, Amstrad CPC, Apple II, Acorn 32-bit, BBC Micro, Electron, Sharp X68000 - 1989)",4.25,12
Styx (DOS - 1984),4.00,9
AntiC (DOS - 1991),0.00,0
Affili8! (C64 - 2008),5.00,1
Omnibus (C64 - 1995),5.00,1
Hangman (DOS - 2005),0.00,0
Pyramid Magic III (Genesis - 1991),5.00,1
"Star Trek: The Game Show (Win, Win 3.x - 1998)",5.00,1
"Darwin's Dilemma (Mac, Sharp X68000 - 1990)",5.00,3
15 Piętnastka (C64 - 1994),3.83,6
Tarkus and the Orbs of Doom (Atari 8-bit - 1993),5.00,1
PolyMaze (DOS - 1983),0.00,0
"Jeopardy! (DOS, C64 - 1987)",4.92,71
Bograts: The Puzzling Misadventure (Amiga - 1996),4.25,4
"Tetris (PC-88, Sharp X68000 - 1988)",5.00,1
"Zoom! (DOS, C64 - 1988)",5.00,4
Timekeepers (Amiga - 1995),3.00,2
"Heartlight (DOS, Atari 8-bit - 1992)",4.60,10
Multimedia Dinosaurs (Win 3.x - 1999),0.00,0
"Titan (DOS, C64, Amiga, Amstrad CPC, Atari ST - 1989)",3.00,2
GodPey (Atari ST - 2002),5.00,1
Vetka (DOS - 1992),4.00,1
"Tetris (DOS, Mac, Amiga, Amstrad CPC, Atari ST, Apple IIgs, Electron - 1988)",4.40,30
Mickey's Memory Challenge (DOS - 1990),5.00,9
Libble Rabble (Sharp X68000 - 1993),0.00,0
Labyrinth of Crete (Mac - 1996),3.67,3
Mah Jongg (Win - 2000),5.00,1
Solitaire XXL (Win 3.x - 1997),0.00,0
Zottris (DOS - 1992),0.00,0
Laced Tiles (C64 - 1995),0.00,0
Switch (DOS - 1995),3.33,3
Where in the World is Carmen Sandiego? (CD-ROM) (Win 3.x - 1995),0.00,0
"Supaplex (DOS, Amiga - 1991)",4.66,59
Minesweeper (Win 3.x - 1992),0.00,0
"Goblins Quest 3 (DOS, Amiga - 1993)",4.59,63
"Moving Puzzle: Cats (Mac, Win 3.x - 1998)",5.00,1
Origamo (DOS - 1994),3.00,4
"Tetris Classic (DOS, Win 3.x - 1992)",4.12,90
Moraff's Tempt-Tris (DOS - 1993),0.00,0
Nazo Puyo 2 (Game Gear - 1993),0.00,0
Memory (DOS - 1988),0.00,0
"Lin Wu's Challenge (DOS, Amiga, Atari ST - 1991)",5.00,1
Wheel of Fortune: 2nd Edition (Win - 2000),4.94,68
"Cuthbert Goes Walkabout (C64, Atari 8-bit, Dragon 32/64 - 1984)",5.00,1
Lemmings Revolution (Win - 2000),4.22,18
Sokoban 3D (Win - 1997),0.00,0
Atomia (Atari 8-bit - 1993),0.00,0
Amazing (DOS - 1993),0.00,0
Clue (Genesis - 1992),5.00,3
"Tangram (Amiga, Atari ST - 1991)",5.00,2
Crusher (DOS - 1991),3.50,10
Match (Atari ST - 1990),0.00,0
Douglas Rockmoor (Atari ST - 1990),5.00,1
"Wordtris (DOS, Mac - 1991)",4.11,9
Hangman (DOS - 1992),0.00,0
Bricks Gold (DOS - 1997),5.00,1
"Omega (DOS, C64, Amiga, Atari ST, Apple II - 1989)",4.91,11
CeeBot-A (Win - 2003),0.00,0
Hextris (DOS - 1991),1.00,1
Blupimania II (Win - 2003),0.00,0
Accordion (DOS - 1990),1.00,2
Neuroid (Atari 8-bit - 1996),0.00,0
Fit Up (DOS - 1997),1.00,1
Snoopy's Game Club (DOS - 1992),4.55,11
"Maniax (C64, Amiga, Atari ST, Commodore 16 - 1988)",0.00,0
"Chimera (C64, Amstrad CPC, Atari 8-bit - 1985)",3.00,3
Talisman (Acorn 32-bit - 1990),0.00,0
"Lode Runner (DOS, Mac, C64, Amstrad CPC, Atari 8-bit, Atari ST, VIC-20, PC-88 - 1990)",4.68,37
AGI Tetris (DOS - 2004),5.00,1
Chipy (Commodore 16 - 1989),0.00,0
"Dell Crossword Puzzles: Volume III (DOS, C64 - 1987)",4.00,1
3D Maze (VIC-20 - 1984),4.50,6
F-Tetris (DOS - 2003),3.50,2
Triskelion (DOS - 1987),5.00,1
Deluxe Trivial Pursuit (DOS - 1992),4.85,19
Dr. Pimple's Dog (C64 - 1983),3.00,1
Freddi Fish 2: The Case of the Haunted Schoolhouse (Mac - 1996),4.47,38
Rock Man (DOS - 1994),4.00,2
Christmas Matchup (DOS - 1994),3.67,3
Computer War (Atari 8-bit - 1983),4.00,1
"Gridtrap (C64, Amstrad CPC - 1983)",0.00,0
"Super Solvers: Gizmos & Gadgets! (DOS, Win 3.x - 1993)",4.48,220
Disney's Animated Storybook: The Hunchback of Notre Dame (Win - 1996),4.56,9
Get Lost! (VIC-20 - 1983),5.00,1
Notyet (DOS - 1996),0.00,0
Oxyd Extra (DOS - 1994),3.50,2
Zig-Zag (Win 3.x - 1994),0.00,0
5-Letter-Kruiswoord (DOS - 1990),2.50,2
Jigsaw USA (Win - 2003),0.00,0
Moving Puzzle: Sea World (Win 3.x - 1998),0.00,0
"Oddworld: Abe's Oddysee (DOS, Win - 1997)",5.00,2
Megapanel (Genesis - 1990),5.00,1
"Tower of Babel (Amiga, Acorn 32-bit - 1990)",3.67,3
Sherlock (DOS - 1991),4.47,15
Wu Lung (C64 - 1988),0.00,0
"221 B Baker St. (DOS, C64, Atari 8-bit, Atari ST, Apple II - 1987)",4.04,26
Junction (Genesis - 1990),5.00,1
Windoze (DOS - 1994),4.00,1
Nyet (DOS - 1988),3.67,3
"Puyo Puyo 2 (DOS, Genesis, Game Gear, TurboGrafx CD - 1995)",5.00,7
Brix (DOS - 1992),4.43,21
Galgje (DOS - 1990),0.00,0
"Quink (DOS, C64, Atari ST - 1985)",2.00,1
DoubleLink (DOS - 1991),0.00,0
Katamaran vs Dalmatian Giraffe (Win - 2008),0.00,0
Explorer (Amiga - 1993),0.00,0
Pillmania (Amiga - 1994),1.00,1
Sleepwalker (Win - 1999),5.00,1
"Solitaire's Journey (DOS, Amiga - 1992)",4.27,11
Mole Mole (PC-88 - 1985),0.00,0
"Snood (DOS, Mac - 1999)",4.33,6
Tetris (Genesis - 1989),4.33,3
"Where in the World is Carmen Sandiego? (DOS, Mac, C64, Amstrad CPC - 1985)",4.32,34
Rampcube (DOS - 1991),0.00,0
Argh (DOS - 1989),0.00,0
Marble Master (Win - 1997),5.00,2
Grumpa (Win - 2002),5.00,1
Lemmings 3D (DOS - 1995),4.36,33
Petals around the Rose (C64 - 1983),0.00,0
"Chip's Challenge (DOS, C64, Amiga, Amstrad CPC, Atari ST - 1990)",4.28,129
Amiga Solitaire (Amiga - 1991),4.00,3
Thinking Games 2 (DOS - 1993),4.44,9
Haunted Childhood (DOS - 2003),3.67,3
"Mickey's Ultimate Challenge (Genesis, Master System - 1994)",3.25,4
Ballance (Win - 2004),4.36,230
Mem (Atari ST - 2002),0.00,0
Bolo Ball (DOS - 1992),4.72,18
Aloha Solitaire (Win - 2005),3.00,2
"Tetris Gold (DOS, Mac - 1993)",5.00,6
Dagobar (Atari 8-bit - 1993),0.00,0
"Deflektor (C64, Amiga, Amstrad CPC, Atari ST, Sharp X68000 - 1988)",5.00,1
"Pictionary: The Game of Quick Draw (DOS, C64, Amiga, Amstrad CPC, Atari ST - 1989)",4.23,17
"Krymini (DOS, C64, Amiga - 1991)",1.67,3
Switchball (Win - 2007),4.59,34
Loopy (DOS - 1994),5.00,1
"Garfield's Mad About Cats (Win, Mac - 2000)",4.43,7
Tower of the Ancients (Win - 2000),0.00,0
Tear Down the Wall (DOS - 1990),3.67,3
Hubie (DOS - 1996),5.00,1
Super Columns (Game Gear - 1995),5.00,1
Arcy 2 (DOS - 1994),4.60,5
The Wild Thornberrys: Rambler (Win - 2002),0.00,0
Jeopardy! 2nd Edition (Win - 2000),4.97,34
Super Fortuna (Atari 8-bit - 1993),5.00,1
"The Game of Harmony (DOS, C64, Amiga, Amstrad CPC, Atari ST - 1990)",5.00,4
Mystery at the Museums (DOS - 1993),5.00,2
"The Even More! Incredible Machine (DOS, Mac - 1993)",4.22,81
"Freak Out (DOS, Amiga - 1992)",3.50,2
The Island of Dr. Brain (DOS - 1992),4.33,46
Memory (DOS - 1983),2.00,1
EGO: Repton 4 (Acorn 32-bit - 1992),0.00,0
15 x 15 (DOS - 1996),4.13,8
"Turn It II (DOS, C64, Amiga - 1991)",3.00,2
Rollo and The Brush Brothers (DOS - 1984),4.50,4
Rockfall 2: The Perils of Spud (Atari ST - 1992),0.00,0
"Shanghai II: Dragon's Eye (DOS, Mac, Win 3.x, Genesis, Sharp X68000 - 1990)",4.20,30
"Solitaire Royale (DOS, Mac, Amiga, Apple IIgs - 1987)",4.19,16
Disney Software Collection (DOS - 1995),4.00,6
"Mystery of the Nile (C64, Amstrad CPC - 1986)",5.00,5
Stargate (Game Gear - 1994),5.00,1
THiNK-X (Win 3.x - 1996),0.00,0
Digging Jim (Win - 1999),4.22,54
Kruiswoord (DOS - 1990),3.00,2
2010: The Graphic Action Game (ColecoVision - 1985),3.75,8
Troubled Souls (Mac - 1994),5.00,1
Sid & Al's Incredible Toons (DOS - 1993),4.74,43
Puzz-3D Thomas Kinkade (Win - 2001),5.00,1
"The Lost Vikings (DOS, Genesis, Amiga - 1993)",4.71,79
"Brat (Amiga, Atari ST - 1991)",5.00,2
"Classic Concentration: 2nd Edition (DOS, C64 - 1989)",4.55,20
Clone (Win - 1997),5.00,1
"Giant Killer (DOS, BBC Micro - 1987)",0.00,0
"Alive! Jigsaw (Win, Linux - 2003)",0.00,0
"IQ Master (DOS, Atari 8-bit - 1992)",5.00,1
Puzzle (DOS - 1989),1.00,1
Choo Choo Minder (DOS - 1993),5.00,1
"Shanghai (DOS, C64, Master System, Amiga, Amstrad CPC, Atari 8-bit, Atari ST, Apple II, Apple IIgs, PC-88, Sharp X68000 - 1986)",4.33,12
Norse by Norse West: The Return of the Lost Vikings (DOS - 1997),5.00,10
Nazo Puyo (Game Gear - 1993),5.00,1
Labyrinth (DOS - 1987),5.00,1
"Baku Baku Animal (Win, Master System, Game Gear - 1996)",3.00,4
Puzza (DOS - 1996),5.00,1
"Xmas Lemmings (DOS, Amiga - 1992)",3.86,7
Cube Master (BBC Micro - 1982),0.00,0
Gulp! (Amiga - 1994),5.00,1
Super ZZT (DOS - 1992),3.50,8
Minesweeper (TurboGrafx CD - 1992),0.00,0
Alfreds Kistenlager Schiebereien (Atari ST - 1990),4.00,1
"Rollaround (C64, Amstrad CPC - 1987)",0.00,0
Treasure Hunt (DOS - 1982),5.00,3
"Where in Europe is Carmen Sandiego? (DOS, Mac, C64, Amiga, Apple II - 1988)",4.23,13
Color Lines (DOS - 1992),4.72,82
Crime Fighter (DOS - 1993),4.65,23
Dr. Rudy (DOS - 1992),4.00,8
Rotaktix (DOS - 1993),0.00,0
Loop Eraser (Sharp X68000 - 1991),0.00,0
"The Nicktoons Memory Challenge (Win, Mac - 1996)",0.00,0
Bloxed (Acorn 32-bit - 1992),0.00,0
"Troddlers (DOS, Amiga - 1993)",3.67,3
Beanstalker (Dragon 32/64 - 1986),0.00,0
Bust-A-Move 4 (Win - 1999),4.88,8
The Wiggles: Wiggle Bay (Win - 2002),4.43,7
"Incredible Shrinking Sphere (C64, Amiga, ZX Spectrum, Amstrad CPC, Atari ST - 1989)",4.00,1
News in Space (DOS - 1994),0.00,0
"Pajama Sam: Games to Play on Any Day (Win, Mac - 2001)",3.80,5
ViColumn (VIC-20 - 2005),0.00,0
CeeBot-4 (Win - 2004),0.00,0
The Soviet Block (DOS - 1990),0.00,0
"The Lemmings Chronicles (DOS, Amiga - 1994)",4.40,25
Tommy's Energy Fence (DOS - 1986),0.00,0
Code: Europe (DOS - 1993),4.17,6
Fisher-Price I Can Remember (DOS - 1989),0.00,0
Leap (C64 - 1984),0.00,0
"Mindbender (DOS, C64, Amiga - 1990)",3.86,7
Clogged Up (Atari ST - 2004),0.00,0
"Cluedo (C64, Amstrad CPC, BBC Micro - 1984)",5.00,2
Alien Blockade (Atari ST - 1991),0.00,0
"Moving Puzzle: Jungle World (Mac, Win 3.x - 1998)",4.00,2
3 In Three (Mac - 1989),4.40,10
TetraVex (Win 3.x - 1991),0.00,0
Energy Mover (Amiga - 1995),0.00,0
Party Quiz: Mega Q (Genesis - 1993),0.00,0
Blox (DOS - 1990),2.50,2
Teaching Tiles (DOS - 1997),0.00,0
Wizard of Id's WizMath (C64 - 1984),5.00,1
Smart Games Word Puzzles #1 (Win 3.x - 1996),2.00,1
S.C.Out (DOS - 1992),4.08,13
Balloon Challenge (DOS - 1993),4.00,4
Jumping Jack (Atari 8-bit - 1993),0.00,0
Tetris Pro (Amiga - 1993),3.60,5
Alchemyst (DOS - 1992),3.00,1
Hamsterball (Win - 2004),5.00,3
Puzzle Station (Win - 2000),0.00,0
Smart Games Stratajams (Win 3.x - 1997),0.00,0
No Limite (Win - 2002),5.00,4
Maze Mission Adventure Game (DOS - 1991),3.00,2
"Rocky's Boots (DOS, C64 - 1984)",4.50,10
Smart Games Puzzle Challenge 3 (Win - 1998),4.40,5
JumpStart 2nd Grade Math (Win - 1997),5.00,2
"Pub Trivia Simulator (C64, Amiga, Amstrad CPC - 1989)",5.00,1
Mega Maze (Win - 1996),0.00,0
"Spherical (C64, Amiga, Amstrad CPC, Atari ST - 1989)",3.67,3
Davidic Matchup (DOS - 1995),3.50,6
Mad Caps (Win - 2004),4.75,4
Hamsters (DOS - 1994),2.00,2
Shanghai: Triple-Threat (3DO - 1994),5.00,1
"The Secret Island of Dr. Quandary (DOS, Mac - 1992)",4.14,37
Tommy's Nyet (DOS - 1989),1.00,1
Eric's Ultimate Solitaire CD (Mac - 1997),2.57,7
Cookie's Bustle (Win - 1999),5.00,3
"Traffic (C64, Amstrad CPC - 1984)",4.60,5
"Putt-Putt and Fatty Bear's Activity Pack (DOS, Win, Mac, Win 3.x - 1994)",5.00,1
"Wheel of Fortune (DOS, C64, Apple II - 1987)",4.83,78
The Odd Squad Adventure in Oddbodia (Win - 1997),5.00,2
Xmas Lemmings (DOS - 1991),4.00,4
Sliding Skill (Amiga - 1991),1.00,1
The Incredible Machine (DOS - 1993),4.43,463
Fallout (DOS - 1991),3.90,19
"KaleidoKubes (C64, Apple IIgs - 1989)",0.00,0
Twister (C64 - 1988),0.00,0
Adventure Inlay (Win - 2004),4.00,2
Quatris (Atari ST - 1991),0.00,0
Numbers & Logic I (DOS - 1991),4.00,1
Bug Hunter / Moon Dash (Acorn 32-bit - 1990),0.00,0
Painter (BBC Micro - 1983),0.00,0
"Oxyd magnum! (DOS, Amiga, Atari ST - 1993)",3.00,2
"Sink or Swim (DOS, Genesis, Game Gear, Amiga - 1993)",3.63,8
Tommy's Hidden-Word (DOS - 1987),0.00,0
Tubes (DOS - 1993),2.67,3
Execution (Amstrad CPC - 1985),0.00,0
Lexi-Cross (DOS - 1991),4.82,17
"Jeopardy!: New Sports Edition (DOS, C64 - 1988)",4.63,19
Get Lost! (DOS - 1996),4.25,8
"Lemmings & Oh No! More Lemmings (Win, Mac - 1995)",4.45,21
Maze (DOS - 1983),0.00,0
"Snooper Troops: Case #2 - The Case of the Disappearing Dolphin (DOS, C64 - 1982)",4.40,15
"Osiris (DOS, Amiga - 1993)",1.00,1
Qb (Atari 8-bit - 1984),4.00,1
Unnatural Selection (DOS - 1993),4.42,12
PokéROM: Mew (Win - 2000),0.00,0
Textris (DOS - 1992),5.00,1
"Bubble Ghost (DOS, C64, Amiga, Amstrad CPC, Atari ST, Apple IIgs - 1988)",4.25,8
"Contraption Zack (DOS, Amiga - 1992)",3.67,9
"The Lost Mind of Dr. Brain (Win, Mac - 1995)",4.18,34
"The Humans (DOS, Genesis, Amiga - 1992)",4.33,15
Wanderer (DOS - 1988),5.00,4
"Trivial Pursuit (DOS, C64, Master System, Amiga, ZX Spectrum, Amstrad CPC, Atari 8-bit, Atari ST, BBC Micro - 1987)",4.13,8
"Flippit (C64, Amiga, Amstrad CPC - 1988)",0.00,0
Four Card Solitaire (DOS - 1989),3.50,2
"Gertrude's Puzzles (DOS, C64 - 1984)",4.50,2
Pyramid (DOS - 1992),1.00,1
Alien Logic (Win - 2004),0.00,0
"Dr. Robotnik's Mean Bean Machine (Genesis, Master System, Game Gear - 1993)",5.00,1
Star Trek: The Next Generation - Trivia (DOS - 1990),4.40,5
Bicycle Limited Edition (DOS - 1994),3.67,9
POP! (Win - 1997),5.00,3
Mickey's Jigsaw Puzzles (DOS - 1991),5.00,3
The Alcor Trivia Pro Presents: Classic Star Trek (Star Log - I) (DOS - 1992),0.00,0
Boulderoid (DOS - 1994),3.50,2
4-Get-It (Amiga - 1992),1.50,2
Chuzzle Deluxe (Win - 2005),5.00,1
Petris (DOS - 1991),0.00,0
Sleuth (DOS - 1983),4.30,23
"Mined-Out (BBC Micro, Dragon 32/64, Electron - 1983)",5.00,1
Bicycle Solitaire (DOS - 1991),4.23,13
Magiczne Karty (DOS - 1993),0.00,0
Puyo Puyo Sun (Win - 1998),5.00,2
Rockfall (Atari ST - 1992),0.00,0
Demolition Division (C64 - 1984),0.00,0
The Simpsons: Tetris (DOS - 2002),4.50,2
I Spy: Fun House (Win - 2008),4.00,4
Wheel of Fortune: Featuring Vanna White (Game Gear - 1993),5.00,2
Viva Piñata (Win - 2007),4.67,3
"Hoyle Solitaire (Win, Mac - 1996)",3.67,3
BARS (DOS - 1994),0.00,0
Superman Activity Center: Hidden Profiles (Win 3.x - 1998),5.00,1
"Diablo (C64, Amiga, PC-88, Sharp X68000 - 1987)",3.00,1
Dizzy Lizzy 2: A Winters Tale (Atari ST - 1991),1.00,1
Happy Tree Friends: False Alarm (Win - 2008),0.00,0
Mr Dice (Atari ST - 1991),5.00,1
Picture Puzzle (DOS - 1991),5.00,1
Tautrix (Amiga - 1993),0.00,0
The Alcor Trivia Pro Presents: Classic Star Trek (Star Log - I) (DOS - 1992),4.00,2
Flipper (DOS - 1983),5.00,1
TetRAM (DOS - 2000),0.00,0
Gavrila (DOS - 1995),0.00,0
Backstreet Boys: Puzzles in Motion (Mac - 1999),3.33,3
BrainStorm Pro (DOS - 1994),0.00,0
Alpha Man (DOS - 1992),3.00,2
Rescue Rover (DOS - 1991),4.45,18
Ladder Man I (DOS - 1992),4.60,5
"Loopz (DOS, C64, Amiga, Amstrad CPC, Atari ST, BBC Micro, Sharp X68000 - 1990)",5.00,2
"Anna's Gram (DOS, C64 - 1987)",2.00,1
"Oxyd (DOS, Mac, Amiga, Atari ST - 1992)",4.11,19
Digi Duck (Atari 8-bit - 1992),0.00,0
Mah Jongg LapTop (DOS - 1989),5.00,1
"Sarakon (DOS, C64, Amiga, Atari ST - 1991)",4.80,5
Fruits Fields (Sharp X68000 - 1989),0.00,0
Tommy's Jottomania (DOS - 1989),5.00,1
Are We There Yet? (DOS - 1991),4.50,6
Sheep (Win - 2000),4.64,18
Tommy's Hanoi (DOS - 1987),3.50,2
Twisted: The Game Show (3DO - 1993),5.00,2
πr² (C64 - 1987),5.00,2
Solitaire (DOS - 1986),5.00,1
Tommy's Crosswords (DOS - 1986),0.00,0
Tommy's Think II (DOS - 1995),0.00,0
Sokoban (DOS - 2007),0.00,0
Freakin' Funky Fuzzballs (DOS - 1990),4.20,5
CoLoBot (Win - 2001),4.67,3
LEGOLAND (Win - 2000),4.46,63
The Rollercoaster Experience (Atari ST - 1995),0.00,0
Tomtris (DOS - 1997),0.00,0
Plix (DOS - 1993),0.00,0
"Starion (C64, Amstrad CPC - 1985)",4.67,3
Morph (Amiga - 1993),4.33,6
Catcher (DOS - 1994),0.00,0
Too Many Geckos! (DOS - 1995),0.00,0
Hurkle (C64 - 1983),0.00,0
BoxWorld (C64 - 2004),0.00,0
Bumble Games (DOS - 1983),5.00,2
"Super Solvers: Spellbound! (DOS, Mac, Win 3.x - 1991)",4.83,36
Adventure Inlay - Safari Edition (Win - 2005),3.80,5
Poker Face Paul's Solitaire (Game Gear - 1994),0.00,0
"Welltris (DOS, Mac, C64, Amiga, ZX Spectrum, Amstrad CPC, Atari ST - 1989)",3.91,24
Worms Blast (Mac - 2003),4.38,8
"Lode Runner: The Legend Returns (DOS, Mac, Win 3.x - 1994)",4.40,170
Koło Fortuny (Amiga - 1993),4.50,2
CeeBot3 Educational Programming Software (Win - 2003),0.00,0
"Puyo Puyo (Win, Win 3.x, Genesis, Game Gear, PC-98, Sharp X68000, TurboGrafx CD - 1996)",5.00,5
CeeBot-Teen (Win - 2003),0.00,0
Pixel Puzzler (DOS - 1990),3.67,3
Tommy's Gorilla Ball Pythons (DOS - 1986),1.00,1
TipTop (Win - 2002),5.00,1
Tetriller (DOS - 1990),3.75,4
"Trivial Pursuit: A New Beginning (C64, Amiga, ZX Spectrum, Amstrad CPC, Atari ST - 1988)",3.67,3
Bolo Adventures II (DOS - 1991),1.50,2
"Diggers (DOS, Amiga, Amiga CD32 - 1994)",4.62,32
"Hoyle: Official Book of Games - Volume 2: Solitaire (DOS, Mac, Amiga, Atari ST - 1990)",4.23,13
"Super Solvers Mission: T.H.I.N.K. (Win, Mac, Win 3.x - 1999)",4.31,29
JAY Minesweeper (Atari ST - 1995),0.00,0
"Wheel of Fortune: New Second Edition (DOS, C64 - 1988)",4.84,58
Klondike (DOS - 1989),1.00,1
The Quest of Kwirk's Castle (DOS - 1991),4.00,1
Cue Brick (Sharp X68000 - 1990),0.00,0
Atoll (Win - 2001),0.00,0
Hooper (C64 - 1984),0.00,0
MacPuzzle (Mac - 1984),4.00,1
Connectris (DOS - 1996),0.00,0
Trip'd (3DO - 1995),0.00,0
Rockfall 3 (Atari ST - 1995),0.00,0
ClueFinders: 5th Grade Adventures (Win - 1999),4.20,5
The Incredible Machine 2 (DOS - 1994),4.41,582
FlixMix (DOS - 1993),4.00,5
MegaTris (DOS - 1996),1.00,1
Masque Solitaire Antics (Win 3.x - 1995),0.00,0
Moving Puzzle: Nature Events (Win 3.x - 1998),0.00,0
"Quadralien (DOS, Atari ST - 1988)",3.89,9
"Holiday Lemmings (DOS, Mac, Amiga - 1993)",3.90,19
"Jigsaw! (DOS, Amiga - 1989)",2.67,3
Wheel of Fortune (Win 3.x - 1994),4.84,34
"Lemmings 2: The Tribes (DOS, Genesis, Amiga, Atari ST - 1993)",4.45,45
H2O (DOS - 1996),4.00,1
On the Ball (Sharp X68000 - 1991),5.00,1
Skarabeusz (Amiga - 1992),3.67,3
Tactic (Atari 8-bit - 1992),0.00,0
Missmind: Sara (Atari 8-bit - 1989),5.00,1
Moraff's Morejongg (DOS - 1992),0.00,0
"Lemmings (DOS, Genesis, C64, Master System, Game Gear, Amiga, Amstrad CPC, 3DO, Atari ST, Acorn 32-bit, Amiga CD32, Sharp X68000, TurboGrafx CD - 1991)",4.66,188
Flashpoint (Master System - 1991),3.50,2
Pyro II (DOS - 1990),4.67,6
Where in the U.S.A. is Carmen Sandiego? (Enhanced) (DOS - 1990),4.26,66
"Xor (C64, ZX Spectrum, Amstrad CPC, Atari ST, BBC Micro, Electron - 1987)",5.00,2
Master Mind (Amiga - 1997),3.50,2
"Pick 'n Pile (DOS, C64, Amiga, Amstrad CPC, Atari ST - 1991)",3.40,5
"The Power (DOS, C64, Amiga - 1991)",3.50,2
Bloobs (Win - 1995),3.83,6
Matrix Madness (DOS - 1984),4.00,1
5 Star Word Engine (Win - 2001),0.00,0
"The 7th Guest (DOS, Mac - 1993)",3.94,75
Trugg (DOS - 1995),5.00,1
"Humans 1 and 2 (DOS, Amiga CD32 - 1993)",4.20,5
DOSMINE (DOS - 1993),3.67,3
"Th!nk Cross (DOS, C64, Amiga, Atari ST - 1992)",5.00,3
"PuzzlePanic (C64, Atari 8-bit - 1984)",5.00,1
Computer Maniacs 1989 Diary (C64 - 1988),0.00,0
"The Light Corridor (DOS, Amiga, Amstrad CPC, Atari ST - 1990)",4.67,6
Putt-Putt's Fun Pack (DOS - 1994),4.43,45
Taglit: Nahesh Ota! (DOS - 1991),4.00,1
"Dragon's Eye Plus Shanghai III (Genesis, TurboGrafx CD - 1991)",5.00,1
Mnemotron (Amiga - 1995),3.00,2
Demineur (DOS - 1995),0.00,0
Keeper (Sharp X68000 - 1993),0.00,0
Crazyball (Win - 2005),4.36,14
"DROD: Journey to Rooted Hold (Win, Mac, Linux - 2005)",5.00,1
Hyper Aggressive (C64 - 1992),0.00,0
Outris (Atari 8-bit - 1993),5.00,1
"Wheel of Fortune: New Second Edition (DOS, C64 - 1988)",4.85,59
Waterputer (DOS - 1991),5.00,1
Number Munchers (DOS - 1990),4.58,84
Color Wars (TurboGrafx CD - 1992),0.00,0
Jewels 20 (VIC-20 - 2005),0.00,0
Dr. Brain Thinking Games: IQ Adventure (Win - 1998),5.00,6
"Locomotion (DOS, C64, Amiga, Atari ST - 1992)",4.47,15
Block-O-Mania (DOS - 1989),3.33,3
"Super Tetris (DOS, Mac, Win 3.x, Amiga - 1991)",4.64,25
"Bomberman: Panic Bomber (Sharp X68000, TurboGrafx CD - 1995)",0.00,0
U235 (Atari 8-bit - 1992),0.00,0
Blob (Amiga - 1993),5.00,1
Megamix (Atari ST - 1990),0.00,0
Taipei (Win 3.x - 1990),0.00,0
Magia Fortuny (Atari 8-bit - 1993),5.00,1
Puzmania (Atari 8-bit - 1995),5.00,1
Samurai's Game (Atari 8-bit - 1992),0.00,0
"The Simpsons: Bart vs. the World (Master System, Game Gear, Amiga, Atari ST - 1993)",4.20,5
"Shiftrix (DOS, C64, Amiga - 1991)",1.00,1
Master Head (Atari 8-bit - 1992),0.00,0
Trix (Atari 8-bit - 1992),5.00,1
Beyond Columns (DOS - 1989),2.00,2
Bug Hunter in Space (Acorn 32-bit - 1990),0.00,0
Super Jeopardy! (DOS - 1991),4.76,45
Tip Trick (Amiga - 1990),1.00,1
"Where in the U.S.A. is Carmen Sandiego? (DOS, Mac, C64, Amiga, Apple II, Apple IIgs - 1986)",4.20,10
Xixit (DOS - 1995),5.00,3
Quarth (Sharp X68000 - 1990),0.00,0
Tetris (DOS - 1986),4.38,21
Columbus Discovery (DOS - 1992),4.29,7
"Gobliiins (DOS, Mac, Amiga, Atari ST - 1991)",4.34,64
Jesus Matchup (DOS - 1994),2.50,4
Black Box (DOS - 1982),3.40,5
Lode Runner 2 (Mac - 1998),4.20,10
"Where in the World is Carmen Sandiego? (DOS, Genesis, Amiga, Atari ST, Apple IIgs, TurboGrafx CD - 1990)",4.36,160
Mickey's Crossword Puzzle Maker (DOS - 1991),5.00,3
The Asian Challenge (DOS - 1989),0.00,0
"Qwirks (Mac, Win 3.x - 1995)",5.00,6
Charly (Amiga - 1989),3.00,2
Kentris (DOS - 1991),1.00,1
S-Tetris (DOS - 1991),5.00,1
Crates (DOS - 1991),5.00,1
"Max Headroom (C64, Amstrad CPC - 1986)",4.83,6
Jeopardy! Sports Edition (Game Gear - 1994),5.00,1
Liczby (DOS - 1999),0.00,0
Bill's Tomato Game (Amiga - 1992),3.83,6
"Pensate (Mac, C64, Atari 8-bit - 1984)",3.00,1
Facetrex (DOS - 1995),0.00,0
Bubble Puzzle 97 (Win - 1997),0.00,0
Crusher Castle II (DOS - 1993),0.00,0
BreakThru! (Mac - 1994),0.00,0
Mastermind (Win - 1998),5.00,1
Wiggly Party (Win - 2001),5.00,2
"Stack Up (DOS, C64, Atari 8-bit, Atari ST - 1993)",5.00,3
King Flappy (PC-88 - 1985),0.00,0
Sentinel Returns (Win - 1998),5.00,6
TiltMaze (DOS - 1989),0.00,0
Oh Mummy (Amstrad CPC - 1984),5.00,6
"Mind-Roll (DOS, C64, Amiga - 1989)",3.67,3
"Pipes (DOS, C64, VIC-20 - 1984)",3.67,3
Fun with The Wiggles (Win - 2004),5.00,7
PretzelDash (DOS - 2000),0.00,0
3D Lemmings Winterland (DOS - 1995),3.85,13
Cosmic Memory (Mac - 2002),3.00,1
Acid Tetris (DOS - 1998),4.67,6
"Gem'X (C64, Amiga, Atari ST - 1991)",5.00,1
"Jeu du Pendu, Le (DOS - 1987)",1.00,1
"Pac-Attack (Genesis, Game Gear - 1993)",5.00,3
"Plotting (C64, Amiga - 1990)",5.00,1
"Shi-Kin-Joh (Genesis, Game Gear - 1991)",5.00,1
Yogi Bear's Math Adventures (DOS - 1990),5.00,7
LemminGS (Apple IIgs - 1997),3.80,5
Digger Chan (Master System - 2011),4.00,3
"Oxyd 2 (DOS, Atari ST - 1995)",5.00,1
"Quadrel (DOS, Amiga, Amstrad CPC, Atari ST - 1990)",4.00,3
Fortuna kołem się toczy (C64 - 1993),5.00,2
"Spindizzy (C64, Amstrad CPC, Atari 8-bit, Apple II - 1986)",5.00,1
Riddles and Stones (C64 - 1994),5.00,1
Ultris: The Ultimate Tetris (DOS - 1992),5.00,1
Quatris II+ (DOS - 1993),0.00,0
"Blockout (DOS, Mac, Genesis, C64, Amiga, Atari ST, Apple IIgs - 1989)",4.60,30
"Endorfun (Mac, Win 3.x - 1995)",5.00,2
Blockhead (Amiga - 1997),4.00,1
"Championship Lode Runner (C64, Atari 8-bit, Apple II, PC-88 - 1984)",4.33,3
Bolo Adventures III (DOS - 1996),3.80,5
Cheese Terminator (Win 3.x - 1992),5.00,1
"Gear Works (DOS, C64, Game Gear, Amiga - 1992)",4.25,8
Magic Coins (Amiga - 1994),0.00,0
Drak (DOS - 1995),0.00,0
PokéROM: Articuno (Win - 2000),0.00,0
Elements (DOS - 1994),1.00,1
SITris (DOS - 1990),5.00,1
"Super Skweek (Amiga, Amstrad CPC, Atari ST - 1990)",3.67,3
Tetris (C64 - 1988),4.67,9
"Neuronics (C64, Amiga - 1992)",3.00,2
Eureka (Atari 8-bit - 1992),0.00,0
"The Fool's Errand (DOS, Mac, Amiga - 1989)",4.53,17
Thinx (Win - 1999),0.00,0
Tikei no Kami (Win - 2010),0.00,0
Bolo Adventures I (DOS - 1992),4.33,3
Fruit Salad (DOS - 1997),0.00,0
"Classic Concentration (DOS, C64 - 1988)",4.57,35
Clue: Murder at Boddy Mansion (Win - 1998),3.45,29
"Brain Artifice (DOS, Amiga - 1991)",0.00,0
Tommy's Double L (DOS - 1987),5.00,1
"Bust-A-Move (Game Gear, 3DO - 1996)",4.75,4
Hydraulik (Atari 8-bit - 1993),0.00,0
Where in the World is Carmen Sandiego? (Master System - 1988),5.00,1
Wheel of Fortune (Genesis - 1992),4.33,3
Video Cube: Space (Win 3.x - 1994),5.00,1
Choro Q Holiday Puzzle (PC-88 - 1984),0.00,0
Brain Blasters (Amiga - 1990),5.00,1
Ant Run (DOS - 1993),4.75,4
Where in the U.S.A. Is Carmen Sandiego? (Win 3.x - 1996),0.00,0
I Spy Spooky Mansion: Deluxe (Win - 2005),3.97,20
"Log!cal (DOS, C64, Amiga - 1991)",5.00,6
Microx (Atari 8-bit - 1992),5.00,1
"Oh No! More Lemmings (DOS, Amiga, Atari ST, Acorn 32-bit - 1991)",4.80,25
"Jumpin' Jackson (Amiga, Atari ST - 1990)",3.67,6
Nautical Number Hunt (Win 3.x - 1998),0.00,0
Escape from the Mindmaster (ColecoVision - 1990),5.00,1
Marble Madness Construction Set (Amstrad CPC - 1986),3.00,1
"Archipelagos (DOS, Amiga, Atari ST - 1989)",5.00,5
Shanghai: Great Moments (Mac - 1995),3.20,5
Wetrix (Win - 1999),5.00,3
Sliding Puzzler (Atari ST - 1988),0.00,0
OOG: The Object Orientation Game (Win 3.x - 1995),0.00,0
Step On It! (Mac - 1996),5.00,2
Bust-A-Move 3 (Win - 2001),5.00,3
Neighbors from Hell (Win - 2003),4.25,12
Where in the USA is Carmen Sandiego? (Deluxe Edition) (DOS - 1993),4.52,48
1993tris (DOS - 1993),3.28,18
Coloris (Amiga - 1990),5.00,2
Scramble (DOS - 1990),3.00,2
"Zoop (DOS, Mac, Genesis, Game Gear - 1995)",4.00,5
Carmen Sandiego Word Detective (Mac - 1997),3.90,21
"Snooper Troops (DOS, C64, Apple II - 1982)",4.30,20
Spelling Jungle (Win 3.x - 1993),0.00,0
"Stone Age (DOS, C64, Amiga, Atari ST - 1992)",4.78,32
Super Solvers: Challenge of the Ancient Empires! (DOS - 1990),4.70,72
"Atomino (DOS, Mac, C64, Amiga, Atari ST - 1990)",4.60,10
Denomino (DOS - 1997),0.00,0
Capt'n Kidd (C64 - 1986),5.00,1
BrainBreaker (DOS - 1991),0.00,0
Deadly Rooms of Death (Win - 1996),5.00,4
"Columns (Genesis, Master System, Game Gear, PC-88, PC-98 - 1990)",3.50,6
"Clue: Master Detective (DOS, C64, Apple II - 1989)",4.53,25
"Mystery Case Files: Huntsville (Win, Mac - 2005)",4.50,4
The Great Waldo Search (Genesis - 1992),3.00,2
Splash Lake (TurboGrafx CD - 1991),0.00,0
Gruntz (Win - 1999),4.72,60
Cannonade (DOS - 1993),0.00,0
Tommy's Nite Lites! (DOS - 1995),1.00,1
Shanghai (Dragon 32/64 - 1991),5.00,1
Danger UXB (BBC Micro - 1983),0.00,0
Flappy 2: The resurrection of Blue Star (Sharp X68000 - 1989),0.00,0
Chain Reaction (Atari ST - 1991),0.00,0
Snark (C64 - 1983),0.00,0
Aqua Blooper Piper (Mac - 1991),3.50,2
2x2 (DOS - 1995),4.67,12
"Agent USA (DOS, C64, Atari 8-bit, Apple II - 1985)",4.73,22
Bob's Bad Day (Amiga - 1993),0.00,0
Frac (DOS - 1990),5.00,5
The Citadel (Atari 8-bit - 1991),0.00,0
Dustman (DOS - 1992),0.00,0
"Never Mind (DOS, Atari ST - 1989)",4.00,4
PC-Bakterien! (DOS - 1993),3.75,4
Switch (DOS - 1982),2.00,1
Rollin (C64 - 1983),0.00,0
3x Logic Games (DOS - 1993),5.00,1
"Perfect Soko-ban (PC-88, Sharp X68000 - 1989)",0.00,0
"Spot (DOS, Amiga, Atari ST - 1990)",4.80,5
"Cloud Kingdoms (DOS, C64, Amiga - 1990)",4.67,9
"Gobliins 2: The Prince Buffoon (DOS, Mac, Amiga, Atari ST - 1992)",4.53,36
Ketchup (Atari 8-bit - 1996),0.00,0
The Incredible Machine: Even More Contraptions (Mac - 2001),4.70,37
Lucky Luke: Gamblin' Cowboy (C64 - 1992),3.75,4
