Title,Average Rating,Number of Ratings
"Chase H.Q. (C64, Master System, Game Gear, Amiga, Amstrad CPC, Atari ST, Sharp X68000 - 1989)",4.40,10
Crazy Car (C64 - 1988),5.00,2
"BMX Simulator (C64, Amiga, Amstrad CPC, Atari 8-bit, Atari ST, Commodore 16 - 1987)",4.43,7
Virtual Karting (Amiga - 1995),5.00,1
Jetboat Superchamps (Win - 1999),0.00,0
Autotest Simulator (C64 - 1991),5.00,2
Boiling Point: Road to Hell (Win - 2005),4.60,5
Ford Simulator 6 (DOS - 1994),4.50,4
"Heat Wave: Offshore Superboat Racing (DOS, C64, Amiga, Atari ST - 1990)",4.64,12
Highway Hunter (DOS - 1994),3.50,13
Turbo (DOS - 1987),5.00,4
Tube (DOS - 1995),3.70,10
Kayak Extreme (Win - 2001),0.00,0
Night Racer (C64 - 1988),4.25,4
"Zona 0 (DOS, ZX Spectrum, Amstrad CPC - 1991)",4.18,11
Grand Theft Auto III (Win - 2002),4.29,80
"No Second Prize (Amiga, Atari ST - 1992)",5.00,1
"Race Drivin' (DOS, Genesis, Amiga, Atari ST - 1992)",4.40,15
Hot Wheels: Bash Arena (Win - 2003),4.67,40
Parigi Dakar (C64 - 1985),0.00,0
"WipEout XL (Win, Amiga - 1997)",4.69,13
Ford Bold Moves Street Racing (Win - 2006),5.00,3
Agent Hugo (Win - 2005),5.00,2
Flyin' High (Amiga - 1997),4.40,6
Road Rally (DOS - 1983),3.00,2
Quad Challenge (Genesis - 1991),0.00,0
"Test Drive (DOS, C64, Amiga, Atari ST, Apple II - 1987)",4.55,87
Crazy Chicken: Kart XXL (Win - 2002),4.21,14
Interstate '76 (Win - 1997),4.47,19
Revs+ (C64 - 1987),5.00,1
Rallycross Simulator (C64 - 1989),0.00,0
"Street Racer (DOS, Genesis - 1997)",4.68,14
TMG Indianapolis Auto Racing (DOS - 1995),5.00,3
The Simpsons: Hit & Run (Win - 2003),4.38,927
Twisted Metal 2 (Win - 1997),4.49,101
Street Legal (Win - 2002),4.50,10
"BreakThru (C64, Amstrad CPC - 1986)",5.00,2
"Rock'N Roller (DOS, Amstrad CPC - 1992)",4.00,2
"OutRun Europa (C64, Master System, Game Gear, Amiga, Amstrad CPC, Atari ST - 1991)",4.57,7
Speedway (C64 - 1986),0.00,0
Hang On & Safari Hunt (Master System - 1986),0.00,0
"Cisco Heat: All American Police Car Race (DOS, C64, Amiga, Amstrad CPC, Atari ST - 1991)",4.00,17
Go Kart Challenge (Win - 1999),5.00,4
"The Fury (C64, Amstrad CPC - 1988)",0.00,0
"Combo Racer (Amiga, Atari ST - 1990)",5.00,4
"Matrix Marauders (Amiga, Atari ST - 1990)",5.00,1
Out Run 3-D (Master System - 1988),3.00,2
"Powerdrome (DOS, Amiga, Atari ST - 1990)",4.64,11
"Autocrash (DOS, Amstrad CPC - 1991)",4.00,1
SkyRoads: Xmas Special (DOS - 1994),4.50,22
Citroën C4 Robot (Win - 2008),4.67,3
Math Mileage (Atari 8-bit - 1984),4.00,1
Carmageddon 3: TDR 2000 (Win - 2000),4.36,25
Turbo Charge (C64 - 1991),5.00,2
QuarterPole (DOS - 1993),4.75,8
Need for Speed II: SE (Win - 1997),4.35,2790
Ford Racing 3 (Win - 2004),4.65,44
Dekoboko Densetsu: Hashiru Wagamanma (TurboGrafx CD - 1990),0.00,0
Disney's Bonkers (Genesis - 1994),0.00,0
"Neighbours (C64, Amiga, Atari ST - 1991)",3.00,2
S.C.A.R.S. (Win - 1998),4.14,7
Viper Racing (Win - 1998),4.39,55
"Super Cars (C64, Atari ST - 1991)",5.00,2
Slipstream 5000 (DOS - 1995),4.45,20
Project Overdrive (Win - 2001),5.00,5
London Racer II (Win - 2002),3.50,6
Popo Car (DOS - 1994),2.50,2
Dirt Track Racing 2 (Win - 2002),4.27,34
Mobil 1 Rally Championship (Win - 1999),4.62,93
Armor Battle (Intellivision - 1979),4.00,2
NASCAR Racing 2 (DOS - 1996),4.40,31
Kosmonaut (DOS - 1990),4.57,7
Thunder Truck Rally (DOS - 1997),4.43,7
Wacky Funsters! The Geekwad's Guide to Gaming (DOS - 1992),3.82,16
Fast Tracks: The Computer Slot Car Construction Kit (C64 - 1985),4.50,4
Speedway (Win 3.x - 1996),0.00,0
MotoGP 2 (Win - 2003),5.00,5
Kart Race (DOS - 1996),5.00,2
"Hunter (Amiga, Atari ST - 1991)",4.67,9
Sonic R (Win - 1997),4.50,595
Infestation (Win - 2000),5.00,5
Robot Arena (Win - 2001),0.00,0
Fast Lane! The Spice Engineering Challenge (Amiga - 1990),0.00,0
Race! (DOS - 1989),4.00,2
Lemans (C64 - 1982),4.80,5
TOCA 2: Touring Car Challenge (Win - 1999),4.42,73
Cyclemania (DOS - 1994),5.00,3
Shellshock (DOS - 1996),4.39,31
Team F1 (DOS - 1996),4.65,21
Speed Haste (DOS - 1995),4.69,29
Rage Rally (Win - 2002),4.80,5
Jaguar XJ220 (Amiga - 1992),4.25,12
"Championship Run (Amiga, Atari ST - 1991)",5.00,2
Disney•Pixar Cars (Win - 2006),4.17,12
MegaRace 2 (DOS - 1996),5.00,5
LEGO Technic Turbo Command (Win - 1998),5.00,1
Motocross Madness (Win - 1998),4.43,166
Brands (C64 - 1983),0.00,0
GP World (Master System - 1986),5.00,1
Ford Simulator 7 (Win 3.x - 1996),4.26,9
F1 Circus Special: Pole to Win (TurboGrafx CD - 1992),0.00,0
NASCAR: Track Pack (DOS - 1995),4.00,3
Herbert (Atari 8-bit - 1988),0.00,0
Motorhead (Win - 1998),4.89,9
Delta V (DOS - 1994),4.17,6
Shirley Muldowney's Top Fuel Challenge (C64 - 1987),5.00,1
Dodge Racer (Atari 8-bit - 1981),5.00,1
MegaRace: MR3 (Win - 2001),3.00,3
Re-Volt (Win - 1999),4.64,128
Niterider (C64 - 1984),0.00,0
San Francisco Rush: Extreme Racing (Win - 1997),4.56,9
"Speed King (C64, Amstrad CPC, Atari 8-bit, Commodore 16 - 1985)",5.00,2
Beyond Good & Evil (Win - 2003),4.89,9
Hot Wheels (C64 - 1985),5.00,6
Motorcycle 500 (C64 - 1990),4.00,1
Burnin Rubber (C64 - 1983),3.88,8
Burnout: Championship Drag Racing (DOS - 1998),4.67,3
Slicks (C64 - 1992),5.00,1
Dodge 'Em (Amiga - 1993),1.00,1
911 TS (C64 - 1985),5.00,1
RC Cars (Win - 2002),4.38,8
"Bump 'N' Burn (Amiga, Amiga CD32 - 1994)",5.00,2
Fisher-Price Firehouse Rescue (DOS - 1988),4.14,7
Deadly Racer (DOS - 1994),4.00,10
Sports Car GT (Win - 1999),4.64,43
Rocket Jockey (Win - 1996),5.00,6
Supercars International (DOS - 1996),5.00,4
"Drag Race Eliminator (DOS, C64 - 1988)",5.00,1
Ford Racing 2 (Win - 2003),4.40,54
"Stocker (DOS, C64 - 1988)",3.00,2
Fireman Sam (C64 - 1991),4.50,8
F-Zero (DOS - 2002),0.00,0
Micro Machines V4 (Win - 2006),4.71,7
"Beach Buggy Simulator (C64, Amstrad CPC - 1988)",0.00,0
"Stickybear Town Builder (DOS, C64 - 1992)",4.33,3
"Gee Bee Air Rally (C64, Amiga, Amstrad CPC - 1987)",4.67,3
Driv3r (Win - 2005),4.34,16
3-D Slot Car Racing (Win - 2000),5.00,3
Midnight Race Club: Supercharged! (Win - 2004),5.00,1
Kawasaki Jet Ski Watercraft (Mac - 2000),5.00,2
"Grand Prix 500 2 (DOS, Amiga, Amstrad CPC, Atari ST - 1991)",5.00,2
Leading Lap MPV (Amiga - 1996),4.00,4
SuperKarts (DOS - 1995),4.41,17
"African Trail Simulator (DOS, MSX, Amstrad CPC - 1990)",4.10,10
Grand Prix Unlimited (DOS - 1992),4.22,23
4x4 Evo 2 (Win - 2001),4.51,92
Star Quest I in the 27th Century (DOS - 1995),5.00,1
Stunt GP (Win - 2001),4.63,53
Crazy Taxi (Win - 2002),4.62,26
CRASH (DOS - 1996),4.67,3
Pro Race Driver (Win - 2003),4.12,18
CART Precision Racing (Win - 1997),4.62,13
Hot Wheels: Micro Racers (Win - 2000),4.38,29
"Angel Nieto Pole 500 (DOS, Amiga, MSX, Amstrad CPC, Atari ST - 1990)",4.22,23
Crazy Chicken: Kart Extra (Win - 2003),4.44,10
Rapid Assault (DOS - 1995),5.00,2
20 em 1 (Master System - 1995),5.00,5
"Super Trux (C64, Amstrad CPC - 1989)",5.00,1
Trickstyle (Win - 1999),4.00,1
Moto Extreme (Win - 1997),5.00,4
"Racing Destruction Set (C64, Atari 8-bit - 1985)",4.60,5
"Cougar Force (DOS, Amiga, Atari ST - 1990)",4.22,9
Crazee Rider (BBC Micro - 1987),0.00,0
Powerslide (Win - 1998),4.57,7
"Drivin' Force (Amiga, Atari ST - 1990)",5.00,1
Future Runners (Win - 2002),4.00,2
"Slot Car Racer (Amstrad CPC, C64 - 1987)",5.00,2
Test Drive 6 (Win - 1999),4.36,33
"S.T.U.N. Runner (DOS, C64, Amiga, Amstrad CPC, Atari ST - 1990)",4.62,16
Test Drive: Off-Road 2 (Win - 1998),4.83,6
Burnout (Amiga - 1996),4.00,2
Crime Cities (Win - 2000),5.00,2
Kawasaki Fantasy Motocross (Win - 2001),5.00,3
OutRun 2006: Coast 2 Coast (Win - 2006),4.35,43
True Crime: Streets of LA (Win - 2004),4.21,19
"Big Run (Amiga, Atari ST - 1992)",4.50,4
Dethkarz (Win - 1998),4.53,36
Adrenalin: Extreme Show (Win - 2006),4.75,4
Lunar Rover Patrol (Dragon 32/64 - 1983),0.00,0
Night Driver (C64 - 1982),5.00,2
Revs (C64 - 1986),4.00,1
Rollcage Stage II (Win - 2000),4.59,58
"Jackal (DOS, C64, Amstrad CPC - 1989)",4.31,19
Astérix: Mega Madness (Win - 2001),5.00,1
Quad (Amstrad CPC - 1987),0.00,0
The Rocketeer (DOS - 1991),4.67,24
"The Punisher (DOS, Amiga, Atari ST - 1990)",4.60,20
Jurassic Park Interactive (3DO - 1994),0.00,0
World Rally Fever: Born on the Road (DOS - 1996),0.00,0
"WEC Le Mans 24 (C64, ZX Spectrum, Amstrad CPC - 1988)",5.00,2
"Psyborg (Amiga, Amstrad CPC, Atari ST - 1992)",5.00,1
"Motor Mash (DOS, Win - 1998)",3.50,4
Tranz Am (ZX Spectrum - 1983),5.00,1
GT Racing 97 (DOS - 1997),4.82,11
Car and Driver (DOS - 1992),4.12,34
Krazy Kar (C64 - 1984),3.00,1
Grand Prix 3 (Win - 2000),4.49,26
OutRun 2019 (Genesis - 1993),4.00,1
500 cc Grand Prix (DOS - 1987),0.00,0
Test Drive: Le Mans (Win - 2000),4.40,10
Action Man: Destruction X (Win - 2001),3.00,3
Alex Kidd: BMX Trial (Master System - 1987),5.00,1
Mad Tracks (Win - 2006),4.66,7
Crazy Chicken: Kart 2 (Win - 2004),4.46,39
"Rally Driver (C64, Amstrad CPC - 1988)",5.00,1
Formula 1 (Atari 8-bit - 1982),5.00,1
Desert Race (DOS - 1999),0.00,0
NASCAR Racing 3 (Win - 1999),4.38,24
"Power Drift (DOS, C64, Amiga, Amstrad CPC, Atari ST - 1990)",4.56,16
"Pro Powerboat Simulator (C64, Amiga, Amstrad CPC, Atari ST - 1989)",4.00,4
Destruction Derby (DOS - 1995),5.00,5
F17 Challenge (Amiga - 1993),5.00,1
Computer Circus Maximus (DOS - 1984),3.00,3
Hover Ace (Win - 2001),4.33,3
NASCAR Thunder 2003 (Win - 2002),4.11,9
"Skidoo (DOS, Amiga, Atari ST - 1989)",3.00,2
Speed Ace (Atari 8-bit - 1987),0.00,0
Test Drive (Win - 2002),4.48,29
"Twin Turbo V8 (ZX Spectrum, Amstrad CPC - 1989)",0.00,0
Suzuki Alstare Extreme Racing (Win - 2000),4.00,1
"Lamborghini: American Challenge (DOS, C64, Amiga, Amstrad CPC, Atari ST - 1992)",4.19,47
"Road Rash (Genesis, Master System, Game Gear, Amiga - 1991)",4.26,15
"Wacky Races (C64, Amiga, ZX Spectrum, Amstrad CPC - 1992)",3.80,5
"Carmageddon 2: Carpocalypse Now (Win, Mac - 1998)",4.51,114
"Major Motion (Amiga, Atari ST - 1988)",4.00,3
Moorhuhn: Die ersten 10 Jahre (Win - 2009),4.89,19
World Wide Rally (DOS - 1997),3.75,4
Nakajima Satoru Kanshū F1 Super License (Genesis - 1992),0.00,0
Helsingfors (C64 - 2001),0.00,0
On the Ball (Sharp X68000 - 1991),5.00,1
"Rally Championships (DOS, Amiga - 1994)",5.00,7
"F40 Pursuit Simulator (DOS, C64, Amiga, Amstrad CPC, Atari ST - 1989)",4.14,21
Action SuperCross (DOS - 1997),4.69,13
Skateboard Kidz (Amstrad CPC - 1988),0.00,0
"African Raiders-01 (DOS, Amiga, Atari ST - 1989)",3.75,16
Hot Wheels (Atari ST - 1991),4.00,2
"Top Fuel Eliminator (C64, Apple II - 1987)",5.00,1
Baja Buggies (Atari 8-bit - 1982),0.00,0
Michelin Rally Masters: Race of Champions (Win - 2000),4.64,26
Monster Truck Madness 2 (Win - 1998),4.74,102
Ducati World Championship (Win - 2006),0.00,0
GTI Racing (Win - 2006),4.41,63
King of the Road (Win - 2001),4.35,273
Screamer Rally (DOS - 1997),4.65,17
"Beverly Hills Cop (DOS, C64, Amiga, Amstrad CPC, Atari ST, BBC Micro - 1990)",4.11,18
"Al Unser, Jr. Arcade Racing (Win, Mac, Win 3.x - 1995)",4.13,26
"Super Skidmarks (Genesis, Amiga - 1995)",4.80,5
Maximum Roadkill (DOS - 1995),4.00,2
Bullet (VIC-20 - 1984),0.00,0
Sonic Drift (Game Gear - 1994),5.00,1
Hard Truck: Road to Victory (Win - 1998),4.61,28
LEGO Racers (Win - 1999),4.57,301
"Turbo Cup (DOS, Amiga, ZX Spectrum, Amstrad CPC, Atari ST - 1988)",4.88,8
Nicktoons Winners Cup Racing (Win - 2006),4.00,8
Micro Machines V3 (Win - 1998),4.47,17
CityRunner (DOS - 1995),0.00,0
NASCAR: Revolution (Win - 1999),5.00,3
Rush Hour (Win - 1997),5.00,1
Dirt Track Racing: Sprint Cars (Win - 2000),4.31,16
"Danny Sullivan's Indy Heat (C64, Amiga, Atari ST - 1992)",4.00,4
Tux Racer (Mac - 2000),4.17,6
Rollcage (Win - 1999),4.48,21
"Super Cycle (C64, Amstrad CPC, Atari ST - 1986)",4.00,3
GP 500 (Win - 1999),4.70,97
NYR: New York Race (Win - 2001),4.33,3
"BC Racers (DOS, SEGA 32X - 1995)",4.09,11
"The Spy Who Loved Me (C64, Amiga, Amstrad CPC, Atari ST - 1990)",4.29,7
"Bump 'N' Jump (Intellivision, ColecoVision - 1983)",3.67,3
Formula 1: Championship Edition (Win - 1998),3.95,20
Formula One 99 (Win - 1999),3.74,27
"Overdrive (DOS, Amiga - 1995)",4.33,6
"Paris Dakar 1990 (DOS, Amiga, Atari ST - 1990)",4.41,17
Redline (Win - 1999),5.00,2
"Overdrive (BBC Micro, Electron - 1984)",0.00,0
Grand Theft Auto: San Andreas (Win - 2005),4.31,103
Test Drive: Off-Road 3 (Win - 1999),4.63,16
Banger Racer (C64 - 1991),5.00,1
Master Rallye (Win - 2001),4.75,28
Jeff Gordon XS Racing (Win - 1999),5.00,4
Volvo: The Game (Win - 2009),4.50,2
"Continental Circus (C64, Amiga, Amstrad CPC, Atari ST - 1989)",4.78,9
V-Rally 3 (Win - 2003),4.50,12
"Warm Up (C64, Amiga - 1991)",3.00,2
Crashday (Win - 2006),4.65,17
"Fire & Forget II (DOS, C64, Master System, Amiga, Amstrad CPC, Atari ST - 1990)",3.83,12
"Power Drive (DOS, Genesis, Amiga - 1994)",4.88,17
Wheelie (ZX Spectrum - 1983),5.00,1
American McGee presents SCRAPLAND (Win - 2004),4.47,5
Hot Wheels: Williams F1 - Team Racer (Win - 2002),5.00,3
Moto Racer (Win - 1997),4.35,23
Pylon Racer (DOS - 1985),5.00,1
AMA Superbike (Win - 1999),5.00,2
Prost Grand Prix 1998 (DOS - 1998),4.67,6
Mini Car Racing (Win - 2000),4.15,57
"Formula One (DOS, Genesis, Master System, Game Gear, Amiga, Atari ST - 1994)",4.64,25
Ford Racing Off Road (Win - 2008),3.56,9
18 Wheels of Steel: Convoy (Win - 2005),4.42,19
Die Hard Trilogy (Win - 1996),4.80,10
Vangers (Win - 1998),4.00,1
Coliseum (Amstrad CPC - 1988),5.00,1
OutRunners (Genesis - 1994),5.00,2
Holiday Racer (Win - 2001),0.00,0
Formula 1 (Win - 1996),4.89,9
Bootleg Bandits (C64 - 1984),0.00,0
Tron (DOS - 1992),3.33,6
500cc Motomanager (C64 - 1991),5.00,6
Rally Sport (DOS - 1996),5.00,5
"Skidz (Amiga, Atari ST - 1990)",2.33,3
Scarface: The World Is Yours (Win - 2006),4.66,33
Skunny Kart (DOS - 1993),3.67,12
WipEout (DOS - 1995),4.54,43
"APB (DOS, C64, Amiga, Amstrad CPC, Atari ST - 1989)",4.00,15
London Racer: World Challenge (Win - 2003),4.00,10
"BMX Simulator 2 (C64, Amstrad CPC - 1989)",4.75,4
"Nitro (Amiga, Atari ST - 1990)",3.67,3
3D Desert Patrol (ZX Spectrum - 1983),5.00,3
Asterix and Obelix: Kick Buttix (Win - 2004),0.00,0
Hot Wheels: Crash! (Win - 1999),4.40,10
"NASCAR Racing (DOS, Mac - 1994)",4.49,94
Zillion 2: Tri Formation (Master System - 1987),5.00,1
Motocross Championship (SEGA 32X - 1994),3.00,2
Need for Speed III: Hot Pursuit (Win - 1998),4.48,370
Have a N.I.C.E. day! (Win - 1997),4.83,12
Outlaw Racers (Win - 1998),4.86,8
Road Hog! (DOS - 1995),4.90,10
"Road Rash (Win, 3DO - 1996)",4.47,266
Bandits: Phoenix Rising (Win - 2002),4.71,14
3D Stock Car Championship (ZX Spectrum - 1988),5.00,5
Speed Duel (C64 - 1984),0.00,0
Ignition (Win - 1997),4.59,58
International Rally Championship (Win - 1997),4.23,49
"Chicago 90 (DOS, Amiga, Amstrad CPC, Atari ST - 1989)",4.67,3
Paul McCartney's Give My Regards to Broad Street (C64 - 1985),3.00,3
F1 Team Simulation: Project F (TurboGrafx CD - 1992),0.00,0
Grand Prix Manager (Win - 1995),4.38,13
Touring Car Champions (DOS - 1997),0.00,0
Castrol Honda Superbike World Champions (Win - 1998),4.20,5
"Locus (DOS, Mac - 1995)",4.34,6
Need for Speed II (Win - 1997),4.60,181
"F.1 Manager (C64, Amiga, Atari ST - 1989)",5.00,1
Rally Trophy (Win - 2001),4.74,19
Screamer 4x4 (Win - 2000),4.75,4
"Super Scramble Simulator (C64, Amiga, Amstrad CPC, Atari ST - 1989)",3.50,2
Juiced (Win - 2005),4.32,101
Twisted Metal (Win - 1996),4.55,20
European Racers (DOS - 1993),5.00,1
"Stunt Bike Simulator (C64, Amstrad CPC - 1988)",0.00,0
Urlaubs Raser (Win - 2000),4.67,6
Racecar (DOS - 1983),1.00,1
Wacky Races (Win - 2000),4.59,30
"Days of Thunder (DOS, C64, Amiga, Atari ST - 1990)",4.00,9
F1 Career Challenge (Win - 2003),4.55,15
Turbo 64 (C64 - 1983),5.00,2
Mafia (Win - 2002),4.80,15
"Pitstop II (DOS, C64, Atari 8-bit - 1984)",4.27,15
"Super Monaco GP (Genesis, C64, Master System, Game Gear, Amiga, Amstrad CPC, Atari ST - 1990)",4.75,8
Extreme 500 (Win - 1998),4.75,4
Ferrari Grand Prix Challenge (Genesis - 1992),5.00,3
Zone Raiders (DOS - 1995),4.64,11
PC Rally (DOS - 1995),4.45,11
Cyberbykes: Shadow Racer VR (DOS - 1995),3.38,8
Champion Driver (Amiga - 1991),5.00,1
Super Stock Car (Amstrad CPC - 1990),0.00,0
"Super Cars II (Amiga, Atari ST - 1991)",4.32,19
Le Fetiche Maya (DOS - 1989),5.00,8
"The Great American Cross-Country Road Race (C64, Atari 8-bit, Apple II - 1985)",4.88,8
Turbo ST (Atari ST - 1987),5.00,2
Grand Prix II (DOS - 1996),4.76,17
Quarantine (DOS - 1994),4.67,55
1NSANE (Win - 2000),4.68,19
"Formula 1 Simulator (C64, Amstrad CPC, Commodore 16 - 1986)",0.00,0
"TT Racer (ZX Spectrum, Amstrad CPC - 1986)",5.00,2
Grachten Racer (Win - 2000),4.00,4
"Pitstop (C64, Atari 8-bit, ColecoVision - 1983)",4.50,4
Sega Touring Car Championship (Win - 1998),4.58,22
"Top Gear 2 (Genesis, Amiga - 1994)",5.00,6
Sega Game Pack 4in1 (Game Gear - 1992),3.00,2
Cubix: Robots for Everyone - Race 'n Robots (Win - 2001),0.00,0
Need for Speed: High Stakes (Win - 1999),4.46,266
Crash 'n Burn (3DO - 1993),4.50,4
"Animaniacs: Game Pack! (Win, Mac - 1998)",4.54,13
Edgar Torronteras' eXtreme Biker (Win - 1999),4.88,8
Colin McRae Rally 3 (Win - 2003),4.40,73
Grand Theft Auto 2 (Win - 1999),4.48,222
Nakajima Satoru Kanshū F-1 Grand Prix (Genesis - 1991),0.00,0
PC-DOS (included game) (DOS - 1981),1.00,1
Sega GT (Win - 2000),4.78,9
"Terminator 2: Judgment Day (Master System, Game Gear - 1993)",5.00,2
NASCAR Racing: 1999 Edition (Win - 1999),5.00,5
Total Recall (C64 - 1991),5.00,1
The Dukes of Hazzard: Racing for Home (Win - 2000),5.00,1
"Sky Runner (DOS, C64 - 1987)",3.80,5
Waterski 3D (C64 - 1984),0.00,0
Dodge Cars (VIC-20 - 1982),0.00,0
SuperChix 76 (Win - 2001),5.00,2
"RoadBlasters (C64, Amstrad CPC - 1988)",5.00,1
Destruction Derby 2 (Win - 1996),4.39,35
The Terminator (DOS - 1991),4.40,35
Destructor (ColecoVision - 1984),0.00,0
R.C. Pro-Am (Genesis - 1992),5.00,1
Total Recall (Amstrad CPC - 1991),0.00,0
Monaco Grand Prix Racing Simulation 2 (Win - 1998),4.86,7
Saturday Night Speedway (Win - 2004),4.89,9
TMG Stock Car Racing (DOS - 1995),5.00,3
rFactor (Win - 2005),4.33,3
Black Thunder (C64 - 1985),0.00,0
Number Chaser (Commodore 16 - 1985),5.00,1
Taxi Racer (Win - 2001),5.00,1
Wheels on Fire (Amiga - 1997),1.00,1
Hot Wheels: Stunt Track Driver (Win - 1998),4.54,154
"Street Rod 2: The Next Generation (DOS, Amiga - 1991)",4.45,152
"The American Challenge: A Sailing Simulation (DOS, C64, Apple II - 1986)",3.75,4
Rally-K! (DOS - 1995),0.00,0
TOCA Race Driver 2 (Win - 2004),4.70,10
"Fire and Forget (DOS, Amiga, Amstrad CPC, Atari ST - 1988)",4.30,10
"Rally Cross Challenge (C64, Amiga, Amstrad CPC - 1989)",3.67,3
Rebel Trucker: Cajun Blood Money (Win - 2003),5.00,1
Miami Vice (DOS - 1989),4.08,12
Virtua Racing Deluxe (SEGA 32X - 1994),4.43,7
"4x4 Off-Road Racing (DOS, C64, Amiga, MSX, Amstrad CPC - 1988)",4.20,39
SkyRoads (DOS - 1993),4.42,85
Last Action Hero (DOS - 1994),4.25,8
Redline Racer (Win - 1998),4.00,1
007 Car Chase (C64 - 1985),4.40,20
"Perico Delgado Maillot Amarillo (DOS, Amstrad CPC - 1989)",4.00,9
Hold-Up (Amstrad CPC - 1984),0.00,0
NHRA Drag Racing 2 (Win - 2000),4.57,7
Tunnel Vision (C64 - 1987),0.00,0
TOCA Race Driver 3 (Win - 2006),4.46,19
David Wolf: Secret Agent (DOS - 1989),4.75,12
Rally Bike (Sharp X68000 - 1991),5.00,1
Rally Challenge (Win - 1997),4.33,6
NASCAR Craftsman Truck Series Racing (Win - 1999),5.00,4
Necrodome (Win - 1996),4.43,14
Crazy Taxi 3: High Roller (Win - 2004),4.63,141
Racer Jammer (DOS - 1982),3.00,2
"F1: World Championship Edition (Amiga, Genesis - 1995)",5.00,1
2FAST4YOU: Das superheisse Bi-Fi Race (DOS - 1995),4.00,1
"Badlands (C64, Amiga, Amstrad CPC, Atari ST - 1990)",4.60,5
"L.E.D. Storm (C64, Amiga, Amstrad CPC, Atari ST - 1989)",3.50,6
"Speed Buggy (C64, Amiga, Amstrad CPC, Atari ST - 1987)",4.56,9
Prime Mover (Amiga - 1993),2.00,1
"Miami Chase (C64, Amiga - 1991)",2.00,1
3-D Ultra Radio Control Racers (Win - 1999),4.56,31
"Hanna-Barbera's Cartoon Carnival (Mac, Win 3.x - 1995)",2.50,6
Turbo Kart Racer (C64 - 1991),0.00,0
"Vroom (DOS, Atari ST - 1994)",5.00,7
Cycle Warz (DOS - 1993),0.00,0
Max Torque (C64 - 1987),5.00,1
Kalli & Co. (DOS - 1994),0.00,0
Ferrari Virtual Race (Win - 2009),5.00,2
Jeep Command (C64 - 1986),5.00,1
Nelson Piquet's Grand Prix: Evolution (Win - 2000),5.00,5
F1 Racing Simulation (Win - 1997),4.75,12
Pac-Man World Rally (Win - 2006),5.00,1
"Out Board (Amstrad CPC, Atari ST - 1990)",0.00,0
Formula 1 3D: F.1 Manager II (C64 - 1991),4.40,5
GP Rider (Master System - 1993),5.00,1
"500 cc Grand Prix (DOS, C64, Amstrad CPC, Atari ST - 1987)",5.00,1
"Action Fighter (DOS, C64, Master System, Amiga, Amstrad CPC, Atari ST - 1989)",4.40,10
Richard Burns Rally (Win - 2004),4.39,51
Midnight Club II (Win - 2003),4.27,30
NASCAR Racing 2003 Season (Win - 2003),4.42,192
"Super Sprint (C64, Amstrad CPC, Atari ST - 1987)",5.00,1
"Grand Theft Auto (Win, DOS - 1997)",4.46,226
Tommy's Chariots (DOS - 1986),1.00,1
Fatal Fumes (DOS - 1996),5.00,3
"Total Recall (Amiga, Atari ST - 1990)",4.33,3
"International Speedway (C64, ZX Spectrum, Amstrad CPC - 1988)",5.00,1
"Touring Car Racer (Amiga, Atari ST - 1991)",5.00,1
"Motocross Racer (C64, ColecoVision, VIC-20 - 1984)",5.00,1
Monster Truck Madness (Win - 1996),4.50,46
Atomic Driver (Amstrad CPC - 1988),0.00,0
A2 Racer - De Politie Slaat Terug (Win - 2000),4.78,9
Brands Hatch (Amiga - 1988),5.00,1
Skidmarks (Amiga - 1993),3.67,3
ESPN Speed World (Genesis - 1994),5.00,2
Morphicle (C64 - 1987),0.00,0
Tommy's Jammer (DOS - 1986),3.00,1
Bumping Buggies (C64 - 1984),5.00,1
"Lotus: The Ultimate Challenge (DOS, Genesis, Amiga, Atari ST - 1993)",4.67,66
Castrol Honda Superbike 2000 (Win - 1999),4.61,16
Kawasaki ATV PowerSports (Mac - 2000),3.00,2
2 Fast 4 You (DOS - 1996),5.00,14
Alfa Romeo Racing Italiano (Win - 2005),4.31,16
Ford Simulator III (DOS - 1992),4.05,23
Race Fun (VIC-20 - 1983),0.00,0
Jetboat Superchamps 2 (Win - 2001),0.00,0
"Stunt Track Racer (DOS, C64, Amiga, Amstrad CPC, Atari ST - 1989)",4.50,18
Super Worms (DOS - 2003),5.00,1
Motoroader MC (TurboGrafx CD - 1992),0.00,0
Midnight GT: Primary Racer (Win - 2002),5.00,1
Double Clutch (Genesis - 1993),5.00,2
Motor-Mania (DOS - 1989),4.00,2
Operation Tiger Hunt (Win - 2002),5.00,1
"OutRun (DOS, Genesis, C64, Master System, Game Gear, Amiga, Amstrad CPC, Atari ST - 1989)",4.47,49
Ford Racing (Win - 1999),4.19,16
XTreme Racing (Amiga - 1995),4.33,6
"Grand Prix Circuit (DOS, Mac, C64, Amiga, Amstrad CPC, Apple IIgs - 1988)",4.61,72
Deadringer (C64 - 1987),5.00,2
BMX Racers (C64 - 1985),5.00,1
Speed Racer in The Challenge of Racer X (DOS - 1993),4.39,64
"Toyota Celica GT Rally (DOS, Amstrad CPC, Atari ST - 1992)",4.58,19
"Enduro Racer (C64, Amstrad CPC, Atari ST - 1987)",4.83,6
City Racer (Win - 2003),5.00,6
"Turbo Kart Racer (ZX Spectrum, Amstrad CPC - 1991)",0.00,0
4x4 Team (DOS - 1988),4.17,12
Big Rigs: Over the Road Racing (Win - 2003),3.99,339
L. A. Rush (Win - 2006),4.30,10
"Mania Drive (Win, Linux - 2006)",3.50,8
Xpand Rally (Win - 2004),5.00,3
Corvette (Win - 2003),5.00,4
"Lotus Esprit Turbo Challenge (C64, Amiga, Amstrad CPC, Atari ST - 1990)",4.85,13
BreakNeck (Win - 1998),4.64,25
Inanimate Racer (DOS - 1998),5.00,1
"Postman Pat (C64, Amiga, Amstrad CPC - 1989)",4.11,9
The Dukes of Hazzard (ColecoVision - 1984),5.00,2
WWII: Desert Rats (Win - 2002),4.00,1
Ball Race (DOS - 1988),3.80,10
"Pole Position (DOS, C64, Intellivision, Atari 8-bit, VIC-20, BBC Micro - 1988)",4.52,23
Power F1 (DOS - 1996),4.43,7
"Autoduel (DOS, C64, Amiga, Atari 8-bit, Atari ST, Apple II - 1988)",4.37,27
"Pole Position II (DOS, C64 - 1989)",4.62,13
Autobahn Tokio (3DO - 1995),4.50,4
Interstate '82 (Win - 1999),5.00,1
"Nigel Mansell's World Championship Racing (DOS, Genesis, Amiga, Amstrad CPC, Atari ST - 1993)",4.14,14
"Nigel Mansell's Grand Prix (Amiga, Amstrad CPC - 1988)",0.00,0
"Radio Controlled Racer (Amiga, Atari ST - 1991)",0.00,0
Agent Hugo: RoboRumble (Win - 2006),5.00,1
Team Losi RC Racer (Win - 1998),5.00,4
"Championship Sprint (C64, Amstrad CPC - 1987)",5.00,3
Bikini Beach: Stunt Racer (Win - 2003),4.64,14
Sonic Riders (Win - 2006),4.69,16
Hi-Octane (DOS - 1995),4.60,35
Outlander (Genesis - 1992),5.00,5
Hot Wheels: Velocity X (Win - 2002),4.63,53
Virtual Karts (DOS - 1995),4.20,5
Whiplash (DOS - 1995),4.34,67
"Bill Elliott's Nascar Challenge (DOS, Mac - 1991)",4.47,17
"Batman (DOS, C64, Amiga, Amstrad CPC, Atari ST - 1990)",4.19,37
Rajd przez Polskę (Amiga - 1996),5.00,2
"Rally Simulator (C64, Amstrad CPC - 1988)",0.00,0
FlatOut (Win - 2004),5.00,9
"Pocket Rockets (DOS, C64, Amiga - 1989)",5.00,7
Nicktoons Racing (Win - 2000),4.67,9
V8 Challenge (Win - 2002),4.13,24
Hard Truck 2 (Win - 2000),4.18,8
Death Rally (DOS - 1996),4.47,17
"Marauder (C64, Amstrad CPC - 1988)",3.00,1
"Hydra (C64, Amiga, Amstrad CPC, Atari ST - 1991)",2.00,1
Mad Trax (Win - 1998),4.43,7
Colin McRae Rally 2.0 (Win - 2000),4.41,142
Big Scale Racing (Win - 2002),3.75,8
Mario Andretti Racing (Genesis - 1994),4.00,2
Swedish Touring Car Championship 2 (Win - 2000),4.85,14
MAX Rally (Amiga - 1998),4.00,3
"Ivan 'Ironman' Stewart's Super Off Road (DOS, Genesis, C64, Master System, Game Gear, Amiga, ZX Spectrum, Amstrad CPC, Atari ST - 1990)",4.61,81
Kawasaki Superbike Challenge (Genesis - 1995),5.00,1
"Overlander (C64, Amiga, Amstrad CPC, Atari ST - 1988)",4.00,6
Car Chase (VIC-20 - 1981),3.00,1
Ultimate Baja Madness (Win - 2009),4.00,2
Rollerway (Win - 2009),4.50,4
Mario Andretti's Racing Challenge (DOS - 1991),4.70,10
Moto Racer 3 (Win - 2001),5.00,2
Super Cross (C64 - 1986),0.00,0
3D Stunt Rider (Amstrad CPC - 1985),4.80,10
Street Hawk (Amstrad CPC - 1986),3.50,2
"Up 'n Down (DOS, C64, Atari 8-bit, ColecoVision, Apple II - 1987)",4.00,5
All Dogs Go To Heaven (DOS - 1989),3.38,13
Tank Racer (Win - 1999),4.71,33
F1 2000 (Win - 2000),4.23,22
Road Spirits (TurboGrafx CD - 1991),0.00,0
"The Last V8 (C64, Amstrad CPC, Atari 8-bit - 1985)",5.00,1
CyberRace (DOS - 1993),2.00,1
"Rally Speedway (C64, Atari 8-bit - 1985)",4.00,2
Akira (Amiga - 1994),2.80,5
Harricana: International Snowmobile Race - Quebec-Canada 90 (Atari ST - 1990),5.00,2
"Turbo (Intellivision, ColecoVision - 1983)",5.00,1
"R.C. Grand Prix (Master System, Game Gear - 1989)",5.00,1
Taxi Racer London 2 (Win - 2003),5.00,2
NIRA: Intense Import Drag Racing (Win - 1999),4.50,4
Zero4 Champ II (TurboGrafx CD - 1993),0.00,0
18 Wheels of Steel: Across America (Win - 2003),4.13,16
Leadfoot: Stadium Off-Road Racing (Win - 2001),4.96,24
"MASK (C64, Amstrad CPC - 1987)",0.00,0
NASCAR 2000 (Win - 2000),4.40,5
Off-World Interceptor (3DO - 1994),0.00,0
GT Legends (Win - 2005),5.00,4
"Spy Hunter (DOS, C64, Amstrad CPC, Atari 8-bit, ColecoVision, Apple II, BBC Micro - 1984)",4.47,17
Grand Theft Auto: Vice City (Win - 2003),4.24,112
RaceMan (DOS - 1982),5.00,3
750cc Grand Prix (Amstrad CPC - 1989),4.00,4
"Micro Machines 2: Turbo Tournament (DOS, Genesis, Game Gear - 1995)",4.26,19
Burning Rubber (Amiga - 1993),5.00,5
Off-Road Redneck Racing (Win - 2001),4.67,6
Sonic Drift 2 (Game Gear - 1995),4.31,13
"Super Grand Prix (Amiga, Atari ST - 1991)",3.50,2
Eat My Dust (Win - 1997),5.00,5
"Stunts (DOS, Amiga - 1990)",4.64,118
Daytona USA (Win - 1996),4.52,39
Test Drive 4 (Win - 1997),3.88,47
Stinky & Bäver: Skogsspelen (Win - 1999),5.00,6
LEGO Island (Win - 1997),4.55,302
Grand Prix Manager 2 (Win - 1996),4.67,9
Highway Hawks (Amiga - 1989),1.50,2
Superbike 2000 (Win - 2000),4.71,7
"Karting Grand Prix (DOS, C64, Amiga - 1988)",2.00,2
"Turbo Out Run (DOS, Genesis, C64, Amiga, ZX Spectrum, Amstrad CPC, Atari ST - 1990)",4.72,29
Automan (C64 - 1985),5.00,1
Putt-Putt: Pep's Birthday Surprise (Win - 2003),5.00,3
"BMX Ninja (C64, Amstrad CPC - 1988)",5.00,2
The Italian Job (Win - 2002),4.53,32
Donkey (DOS - 1981),3.46,13
Ford Simulator 5.0 (DOS - 1994),4.40,20
"IndyCar Racing II (DOS, Mac - 1996)",4.75,90
"Harley-Davidson: The Road to Sturgis (DOS, Amiga, Atari ST - 1989)",4.17,20
A2 Racer III: Europa Tour (Win - 2000),5.00,7
Planet Hot Wheels (Win - 2001),4.57,28
"Tour 91 (DOS, Amstrad CPC - 1991)",4.80,5
V-Rally: Edition 99 (Win - 1999),4.12,41
TOCA Championship Racing (Win - 1997),4.78,32
BMX Racers (Commodore 16 - 1985),3.00,1
Time Trucker (C64 - 1984),4.00,1
Sega Rally Championship (Win - 1997),4.47,70
US Racer (Win - 2002),4.42,26
Network Q RAC Rally (DOS - 1993),4.25,28
Boss Rally (Win - 1999),5.00,5
Final Racing: Cyberspace 2001 (Win - 1997),5.00,7
"ATV Simulator (Amstrad CPC, C64 - 1987)",5.00,3
The Ford Simulator (DOS - 1987),4.38,13
"Kikstart: Off-Road Simulator (C64, Atari 8-bit, Commodore 16 - 1985)",5.00,3
"Miami Vice (C64, Amstrad CPC - 1986)",5.00,1
Dirt Track Racing: Australia (Win - 2000),4.43,14
"Micro Machines (DOS, Genesis, Master System, Game Gear, Amiga - 1994)",4.53,28
Colin McRae Rally 04 (Win - 2004),4.74,23
"Ford Simulator II (DOS, Mac - 1990)",3.92,12
Scorcher (DOS - 1996),4.77,13
Wreckin Crew (DOS - 1998),5.00,3
NASCAR Racing 4 (Win - 2001),4.56,27
Robot Arena: Design & Destroy (Win - 2003),0.00,0
"SuperBike Challenge (DOS, C64, Atari ST - 1988)",5.00,7
Mashed: Drive to Survive (Win - 2004),3.67,3
Garfield Kart (Win - 2013),0.00,0
"S.C.I.: Special Criminal Investigation (C64, Master System, Amiga, Atari ST - 1990)",5.00,3
Spirit of Speed 1937 (Win - 1999),4.45,11
Grand Prix Wizard (DOS - 1996),0.00,0
Muscle Car 3: Illegal Street (Win - 2003),5.00,3
Pet Racer (Win - 2003),4.50,59
Dirt Track Racing (Win - 1999),4.34,35
Micro Machines: Turbo Tournament 96 (Genesis - 1995),5.00,2
Slicks 'n' Slide (DOS - 1993),5.00,4
"Zephyr (DOS, Win, Mac - 1994)",5.00,1
Paris-Dakar Rally (Win - 2001),0.00,0
BuzzingCars (Win - 2002),0.00,0
"Turbo Esprit (C64, ZX Spectrum, Amstrad CPC - 1986)",5.00,5
Buggy Run (Master System - 1993),5.00,1
Big Red Racing (DOS - 1995),4.48,69
"War Cars Construction Set (C64, ZX Spectrum, Amstrad CPC - 1988)",5.00,1
"Prawo krwi (DOS, Amiga - 1996)",4.33,6
Micro Machines: Military (Genesis - 1996),5.00,1
"Iron Trackers (Amiga, Amstrad CPC, Atari ST - 1989)",0.00,0
LEGO Racers 2 (Win - 2001),4.47,152
Speedboat Attack (Win - 1997),0.00,0
Stellar Mercenaries (Win - 1998),0.00,0
The Race (C64 - 1990),0.00,0
Dashin' Desperadoes (Genesis - 1993),5.00,4
Hydro Thunder (Win - 2001),4.78,9
Grand Prix 4 (Win - 2002),4.35,53
A.J.'s World of Discovery (DOS - 1992),3.95,20
"American Truck (MSX, PC-88 - 1985)",4.75,4
"Masterblazer (DOS, Amiga, Atari ST - 1991)",4.00,3
Racer (DOS - 1994),0.00,0
Test Drive 5 (Win - 1998),4.67,63
Best Drive (DOS - 1991),3.67,3
"Super Hang-On (DOS, Mac, Genesis, C64, Amiga, Amstrad CPC, Atari ST, Sharp X68000 - 1988)",4.80,20
Superbike 2001 (Win - 2000),3.43,29
Truckin' (Intellivision - 1983),0.00,0
Mercedes-Benz Truck Racing (Win - 2000),4.67,6
Carmageddon (DOS - 1997),4.53,33
"Professional BMX Simulator (C64, Amstrad CPC - 1988)",5.00,2
Killer Loop (Win - 1999),4.82,11
"Lombard RAC Rally (DOS, Amiga, Atari ST - 1988)",4.44,16
Motor Mania (C64 - 1982),4.00,7
Battle Out Run (Master System - 1989),0.00,0
"World Circuit (DOS, Amiga, Atari ST - 1992)",4.56,62
Streets of SimCity (Win - 1997),4.00,9
ESPN Espn2 Extreme Games (DOS - 1996),5.00,5
"ATR: All Terrain Racing (Amiga, Amiga CD32 - 1995)",4.40,10
"Star Wars: Episode I - Racer (Win, Mac - 1999)",4.36,89
"RoboCop 3 (DOS, Amiga, Atari ST - 1992)",4.57,21
"1000 Miglia (DOS, C64, Amiga - 1992)",4.12,32
"Knight Rider (C64, Amstrad CPC - 1986)",4.00,4
NASCAR SimRacing (Win - 2005),4.36,12
Revs (BBC Micro - 1985),0.00,0
Motocross (DOS - 1989),4.57,14
Enduro Racer (Master System - 1987),5.00,1
Taxi Racer: New York 2 (Win - 2004),5.00,3
"Thomas the Tank Engine & Friends (DOS, Genesis, C64, Amiga, Amstrad CPC - 1992)",4.58,33
Xpand Rally Xtreme (Win - 2006),4.00,4
Championship Rally (TurboGrafx CD - 1993),0.00,0
Edgar Torronteras' Moto-X 2000 (Win - 2000),4.67,3
"Run the Gauntlet (C64, Amiga, Amstrad CPC - 1989)",3.29,7
"Street Rod (DOS, C64, Amiga - 1989)",4.57,150
"Richard Petty's Talladega (C64, Atari 8-bit - 1984)",5.00,6
Road Rash II (Genesis - 1992),4.79,14
"Elektraglide (C64, Amstrad CPC, Atari 8-bit - 1986)",0.00,0
"F-1 (DOS, Amstrad CPC - 1991)",5.00,3
"007: Licence to Kill (DOS, C64, Amiga, MSX, ZX Spectrum, Amstrad CPC, Atari ST, BBC Micro - 1989)",4.04,67
Moto Racer 2 (Win - 1998),4.38,8
"Hard Drivin' (DOS, Genesis, C64, Amiga, Amstrad CPC, Atari ST - 1990)",4.03,33
"International Truck Racing (C64, Amiga, Atari ST - 1993)",5.00,1
Quarantine II: Road Warrior (DOS - 1995),4.70,27
Network Q RAC Rally Championship (DOS - 1996),4.59,47
Road Warrior (C64 - 1988),0.00,0
Grid Start (Amiga - 1987),5.00,1
"5th Gear (C64, Amiga, Atari ST - 1988)",5.00,2
Grand Prix Legends (Win - 1998),4.45,55
Hot Wheels: World Race (Win - 2003),4.47,38
Midtown Madness 2 (Win - 2000),4.64,435
Chase H.Q. II (Genesis - 1992),4.00,2
Payback (Mac - 2003),5.00,4
Borobodur: The Planet of Doom (Amiga - 1992),2.33,3
"Vendetta (C64, ZX Spectrum, Amstrad CPC - 1990)",5.00,2
Rayman Arena (Win - 2001),4.67,15
MegaRace (DOS - 1994),4.11,9
"Death Race (C64, Atari 8-bit, VIC-20, Commodore 16 - 1987)",4.00,2
F1 World Grand Prix (Win - 1999),5.00,3
Super Racing (Master System - 1988),5.00,1
"Grand Prix Simulator 2 (C64, Amstrad CPC - 1989)",0.00,0
Hot Wired (Win - 2001),5.00,2
Formula Karts (Win - 1997),4.00,2
Stunt Jumper (DOS - 1991),5.00,1
Nanobots (Win - 2006),4.20,5
Tough Trucks: Modified Monsters (Win - 2003),4.50,2
Turbo Champions (DOS - 1989),5.00,6
Open Kart (Win - 2001),4.00,1
Crime Killer (Win - 1998),4.67,3
Juiced 2: Hot Import Nights (Win - 2007),5.00,4
"The Need for Speed (DOS, 3DO - 1995)",4.59,165
"Sito Pons 500 c.c. Grand Prix (DOS, Amstrad CPC - 1990)",4.00,13
Burnout: Championship Drag Racing - Player's Choice Edition (Win - 1998),5.00,3
Motocross Madness 2 (Win - 2000),4.46,237
Rock n' Roll Racing (Genesis - 1994),5.00,5
Stunt Driver (DOS - 1990),4.57,40
Drome Racers (Win - 2002),4.66,36
F1 Circus '91 (Genesis - 1991),4.33,3
OutRun (DOS - 1989),4.20,5
TRON: Light Cycles (DOS - 1992),3.50,4
Monster Truck Wars (Game Gear - 1994),5.00,1
Interstate '76: Nitro Pack (Win - 1998),3.67,3
Hot Wheels: Slot Car Racing (Win - 2000),5.00,1
F1 Triple Battle (Genesis - 1991),3.00,1
S40 Racing (Win - 1997),4.63,8
Bimini Run (Genesis - 1990),5.00,3
BMW M3 Challenge (Win - 2007),5.00,2
Grand Touring (Win - 1998),5.00,2
The Need for Speed: Special Edition (DOS - 1996),4.58,127
Space Haste (Win - 2000),5.00,1
TrackMania Sunrise (Win - 2005),5.00,2
Need for Speed: Underground (Win - 2003),4.53,108
Road Wars (Win - 2000),5.00,10
Ballistics (Win - 2001),4.67,9
Go-Kart Simulator (C64 - 1989),0.00,0
"Ayrton Senna's Super Monaco GP II (Genesis, Master System, Game Gear - 1992)",4.75,4
Hugo: Bukkazoom! (Win - 2003),5.00,3
Cycling Manager 3 (Win - 2003),4.50,9
"Grand Prix Master (DOS, C64, Amstrad CPC - 1989)",3.86,7
RalliSport Challenge (Win - 2002),4.78,15
SRS: Street Racing Syndicate (Win - 2004),4.20,5
"Indianapolis 500: The Simulation (DOS, Amiga - 1989)",4.64,63
Mafia Racing (Win - 2005),0.00,0
Test Drive: Off-Road (DOS - 1997),5.00,5
Turbo Trax (Amiga - 1995),4.00,2
"Space Racer (DOS, C64, Amiga, Amstrad CPC, Atari ST - 1988)",5.00,4
Rally-X (VIC-20 - 1981),3.90,21
"19 Part 1: Boot Camp (C64, ZX Spectrum - 1988)",4.78,9
Triple Action (Intellivision - 1981),0.00,0
Top Gear: RPM Tuning (Win - 2005),4.05,20
"Vette! (DOS, Mac - 1989)",4.70,20
Screamer (DOS - 1995),4.37,35
London Racer: Destruction Madness (Win - 2005),4.25,37
"Off Shore Warrior (DOS, Amstrad CPC - 1988)",4.50,4
"Screamer 2 (DOS, Win - 1996)",4.67,9
NASCAR Legends (Win - 1999),4.83,6
Official Formula One Racing (Win - 1999),4.42,21
"Purple Saturn Day (DOS, Amiga, Amstrad CPC, Atari ST - 1989)",4.00,6
South Park Rally (Win - 2000),4.08,51
Mean Machine (C64 - 1991),0.00,0
Overtake (Sharp X68000 - 1992),0.00,0
Virtual GP (Amiga - 1999),5.00,2
Combat Cars (Genesis - 1994),4.67,3
"Chevy Chase (C64, Amstrad CPC - 1991)",5.00,3
LEGO Stunt Rally (Win - 2001),4.67,41
"European Challenge (DOS, Amiga, Atari ST - 1990)",4.57,7
"Paris-Dakar (DOS, Amiga, Amstrad CPC - 1988)",4.00,11
IndyCar Series (Win - 2003),5.00,4
Last Action Hero (Game Gear - 1993),0.00,0
Nitro Racers (DOS - 1997),5.00,1
Daytona USA Deluxe (Win - 1996),4.61,24
"Total Immersion Racing (Win, Mac - 2002)",4.60,25
"Hang-On (Master System, PC-88 - 1985)",3.67,3
Black Viper (Amiga - 1996),4.80,5
"Spectre VR (DOS, Mac, Win 3.x - 1993)",4.75,12
Jet Moto (Win - 1997),5.00,5
"Wild Wheels (DOS, Amiga, Atari ST - 1991)",4.00,8
"The Duel: Test Drive II (DOS, Mac, Genesis, C64, Amiga, Amstrad CPC, Atari ST, Apple IIgs - 1989)",4.27,94
Beetle Buggin' (Win - 2000),4.86,7
"Hot Rod (C64, Amiga, Amstrad CPC - 1990)",3.67,3
World of Outlaws: Sprint Car Racing 2002 (Win - 2003),5.00,2
The Machine (C64 - 1988),0.00,0
Last Action Hero (Genesis - 1993),0.00,0
"Action Biker (C64, Atari 8-bit - 1985)",4.00,4
Extreme-G: XG2 (Win - 1998),5.00,4
Red Max (C64 - 1987),0.00,0
"Blood Brothers (C64, Amstrad CPC - 1988)",5.00,1
Beam Breakers (Win - 2002),0.00,0
Formula 1 3D (Amiga - 1991),4.00,4
Manic Karts (DOS - 1995),4.50,4
"Roketz (DOS, Amiga - 1996)",4.00,4
Speed Busters: American Highways (Win - 1998),4.50,8
"Captain Zapp (C64, Amstrad CPC - 1986)",5.00,1
Painterboy (C64 - 1986),4.00,3
"4x4 Evo (Win, Mac - 2000)",4.70,82
Offroad (DOS - 1988),4.67,3
Superbike World Championship (Win - 1999),4.86,7
3D Stock Cars II (C64 - 1991),3.75,4
"Highway Patrol II (DOS, Amiga, Atari ST - 1990)",4.00,6
Super Skidmarks Data Disks (Amiga - 1995),0.00,0
Dragcity U.S.A. (DOS - 1990),0.00,0
Siren City (C64 - 1983),5.00,2
Track Attack (DOS - 1996),4.57,7
"Tunnels of Armageddon (DOS, Amiga, Apple IIgs - 1989)",4.56,9
Hard Truck: 18 Wheels of Steel (Win - 2002),5.00,2
"Street Machine (C64, Amstrad CPC - 1987)",0.00,0
Excessive Speed (Win - 1999),5.00,3
Rally Championship Xtreme (Win - 2001),5.00,2
MagnaFlux Runner (Win 3.x - 1993),0.00,0
Top Speed (Sharp X68000 - 1988),0.00,0
"Speedboat Assassins (Amiga, Atari ST - 1989)",3.50,2
Need for Speed: Porsche Unleashed (Win - 2000),4.47,433
"Driver (Win, Mac - 1999)",4.40,79
"Grand Prix Simulator (C64, Amstrad CPC, Atari 8-bit - 1987)",5.00,1
Midtown Madness (Win - 1999),4.50,608
"Carnage (DOS, C64, Amiga - 1993)",3.38,8
Hot Wheels: Stunt Track Challenge (Win - 2004),4.60,31
"Ferrari Formula One (DOS, C64, Amiga, Atari ST - 1989)",4.32,19
Formula-1 TURBO (DOS - 1995),0.00,0
"Lotus Turbo Challenge 2 (Genesis, Amiga, Atari ST - 1992)",4.43,21
International Moto X (DOS - 1996),5.00,4
Road Rash 3 (Genesis - 1995),4.80,10
"Crazy Cars (DOS, C64, Amiga, Amstrad CPC, Atari ST - 1987)",4.12,17
Hot Chix 'n' Gear Stix (Win - 2000),5.00,4
"The Cycles: International Grand Prix Racing (DOS, C64, Amiga, Amstrad CPC - 1989)",4.48,33
Virtua Racing (Genesis - 1994),4.67,6
Motocross (Intellivision - 1983),0.00,0
Wacky Wheels (DOS - 1994),4.64,73
Hot Wheels: Stunt Track Driver 2: GET 'N DIRTY (Win - 2000),4.58,25
Super Stock Car (C64 - 1990),0.00,0
Di's Baby (C64 - 1984),0.00,0
Test Drive III: The Passion (DOS - 1990),4.21,38
Dig-Dogs: Streetbusters (DOS - 1994),4.23,57
"Hard Drivin' II (DOS, Amiga, Atari ST - 1990)",4.39,18
Space Haste 2001 (Win - 2001),5.00,3
Need for Speed: V-Rally 2 (Win - 2000),4.42,38
eRacer (Win - 2001),4.78,9
Mexican Motor Mafia (Win - 2005),5.00,1
NASCAR Thunder 2004 (Win - 2003),4.44,15
18 Wheels of Steel: Pedal to the Metal (Win - 2004),4.64,63
Alleykat (C64 - 1986),4.00,1
"Jupiter's Masterdrive (Amiga, Atari ST - 1990)",5.00,1
Need for Speed: Underground 2 (Win - 2004),4.35,76
"Techno Cop (DOS, Genesis, C64, Amiga, Amstrad CPC, Atari ST, Apple II - 1988)",5.00,4
NASCAR Racers (Win - 2000),4.80,10
Russian Expedition Trophy (Win - 2006),0.00,0
"B.C. II: Grog's Revenge (C64, ColecoVision - 1984)",5.00,3
Crazy Frog Racer (Win - 2005),5.00,1
"RVF Honda (Amiga, Atari ST - 1990)",4.00,2
"Carlos Sainz (DOS, Amstrad CPC - 1990)",5.00,6
DeathTrack (DOS - 1989),4.90,31
Aqua Racer (C64 - 1985),5.00,1
1000cc Turbo (Amiga - 1990),4.36,33
Corvette GT Evolution (Win - 2006),4.19,11
"Road Runner (DOS, C64, Amstrad CPC, Atari ST - 1989)",4.43,21
"Spectre (DOS, Mac - 1992)",4.17,23
Auto Racing (Intellivision - 1979),0.00,0
IndyCar Racing (DOS - 1993),4.49,35
London Racer (Win - 1999),4.00,33
Sega Rally 2 Championship (Win - 1999),4.33,79
GP Sprint (DOS - 2000),4.20,5
Warm Up! (Win - 2000),5.00,3
LEGO Island 2: The Brickster's Revenge (Win - 2001),4.39,138
"Jet Bike Simulator (C64, Amstrad CPC - 1989)",0.00,0
E-Type (BBC Micro - 1990),0.00,0
"Moonshine Racers (DOS, Amiga, Atari ST - 1991)",4.20,20
Ultim@te Race Pro (Win - 1998),5.00,3
"Escape (C64, Apple II - 1985)",5.00,1
Colin McRae Rally (Win - 1998),4.65,64
"D.O.G: Fight For Your Life (DOS, Win - 1997)",5.00,4
Need for Speed: Hot Pursuit 2 (Win - 2002),4.40,462
3D Grand Prix (BBC Micro - 1984),5.00,1
Hot Wheels: Mechanix (Win - 2001),4.70,10
Power Up plus (Atari ST - 1998),0.00,0
Metal Fangs (Genesis - 1993),5.00,1
Sno-Cross Championship Racing (Win - 2000),5.00,2
"The Ultimate Ride (Amiga, Atari ST - 1990)",4.33,3
