Title,Average Rating,Number of Ratings
007 Car Chase (C64 - 1985),4.10,10
"007: Licence to Kill (DOS, Amiga, Amstrad CPC, Atari ST, C64, MSX, ZX Spectrum - 1989)",4.00,45
"1000 Miglia (DOS, Amiga, C64 - 1992)",3.83,18
1000cc Turbo (Amiga - 1990),4.35,20
"19 Part 1: Boot Camp (C64, ZX Spectrum - 1988)",4.33,3
3D Desert Patrol (ZX Spectrum - 1983),5.00,1
3D Stock Car Championship (ZX Spectrum - 1988),0.00,0
3D Stock Cars II (C64 - 1991),3.67,3
3D Stunt Rider (Amstrad CPC - 1985),4.80,5
"4x4 Evo (Windows, Mac - 2000)",4.70,20
4x4 Evo 2 (Windows - 2001),4.45,20
"4x4 Off-Road Racing (DOS, Amiga, Amstrad CPC, C64, MSX - 1988)",4.00,24
4x4 Team (DOS - 1988),4.00,10
500cc Motomanager (C64 - 1991),5.00,3
"5th Gear (Amiga, Atari ST, C64 - 1990)",0.00,0
750cc Grand Prix (Amstrad CPC - 1989),4.00,4
911 TS (C64 - 1985),0.00,0
"Action Biker (Atari 8-bit, C64 - 1985)",3.00,2
"Action Fighter (DOS, Amiga, Amstrad CPC, Atari ST, C64 - 1989)",4.20,5
"African Raiders-01 (DOS, Amiga, Atari ST - 1989)",3.71,14
"African Trail Simulator (DOS, Amstrad CPC, MSX - 1990)",4.10,10
Akira (Amiga - 1994),4.50,2
Al Unser Jr. Turbo Racing (NES - 1989),5.00,1
Al Unser Jr.'s Road to the Top (SNES - 1994),0.00,0
"Al Unser, Jr. Arcade Racing (Windows, Windows 3.x, Mac - 1995)",4.15,10
Alleykat (C64 - 1986),4.00,1
"American Truck (MSX, PC-88 - 1985)",5.00,1
"Angel Nieto Pole 500 (DOS, Amiga, Amstrad CPC, Atari ST, MSX - 1990)",4.18,17
Antz Racing (Game Boy Color - 2001),0.00,0
"APB (DOS, Amiga, Amstrad CPC, Atari ST, C64 - 1989)",3.85,13
Aqua Racer (C64 - 1985),0.00,0
Astro Fang: Super Machine (NES - 1990),5.00,1
Atomic Driver (Amstrad CPC - 1988),0.00,0
"ATR: All Terrain Racing (Amiga, Amiga CD32 - 1995)",4.60,5
"ATV Simulator (Amstrad CPC, C64 - 1987)",5.00,1
"Autocrash (DOS, Amstrad CPC - 1991)",0.00,0
Automan (C64 - 1985),0.00,0
Autotest Simulator (C64 - 1991),0.00,0
Aya-chan World (PC-88 - 1989),0.00,0
"Ayrton Senna's Super Monaco GP II (Game Gear, Genesis - 1992)",0.00,0
"B.C. II: Grog's Revenge (ColecoVision, C64 - 1984)",5.00,2
"Badlands (Amiga, Amstrad CPC, Atari ST, C64 - 1990)",4.33,3
Baja Buggies (Atari 8-bit - 1982),0.00,0
Ball Race (DOS - 1988),3.78,9
Bandits: Phoenix Rising (Windows - 2002),5.00,1
Banger Racer (C64 - 1991),0.00,0
"Batman (DOS, Amiga, Amstrad CPC, Atari ST, C64 - 1990)",4.16,25
Batman Returns (NES - 1993),4.50,2
Batman Returns (SNES - 1993),0.00,0
Battle Cars (SNES - 1993),0.00,0
Battle Grand Prix (SNES - 1992),0.00,0
"BC Racers (DOS, SEGA 32X - 1995)",3.75,8
"Beach Buggy Simulator (Amstrad CPC, C64 - 1987)",0.00,0
Best Drive (DOS - 1991),3.67,3
"Beverly Hills Cop (DOS, Amiga, Amstrad CPC, Atari ST, C64 - 1990)",4.36,14
Big Red Racing (DOS - 1996),4.41,53
Big Rigs: Over the Road Racing (Windows - 2003),3.75,8
"Big Run (Amiga, Atari ST - 1992)",4.00,2
Bigfoot (NES - 1990),0.00,0
Biker Mice from Mars (SNES - 1994),0.00,0
"Bill Elliott's Nascar Challenge (DOS, Mac, NES - 1991)",4.58,12
Bill Elliott's NASCAR Fast Tracks (Game Boy - 1991),0.00,0
Bimini Run (Genesis - 1990),0.00,0
Black Thunder (C64 - 1985),0.00,0
Black Viper (Amiga - 1996),5.00,1
"Blood Brothers (Amstrad CPC, C64 - 1988)",5.00,1
"BMX Ninja (Amstrad CPC, C64 - 1988)",5.00,1
BMX Racers (C64 - 1985),5.00,1
BMX Racers (Commodore 16 - 1985),0.00,0
"BMX Simulator (Amiga, Amstrad CPC, Atari 8-bit, Atari ST, Commodore 16, C64 - 1988)",5.00,3
"BMX Simulator 2 (Amstrad CPC, C64 - 1989)",5.00,1
Bootleg Bandits (C64 - 1984),0.00,0
Borobodur: The Planet of Doom (Amiga - 1992),0.00,0
Boss Rally (Windows - 1999),5.00,1
Brands (C64 - 1983),0.00,0
Brands Hatch (Amiga - 1988),0.00,0
BreakNeck (Windows - 1998),4.43,7
"BreakThru (Amstrad CPC, C64, NES - 1986)",0.00,0
Bullet (VIC-20 - 1984),0.00,0
"Bump 'N' Burn (Amiga, Amiga CD32 - 1994)",0.00,0
Bump 'N' Jump (ColecoVision - 1984),1.00,1
Bumping Buggies (C64 - 1984),0.00,0
Burnin Rubber (C64 - 1983),4.33,3
Burning Rubber (Amiga - 1993),5.00,2
Burnout (Amiga - 1996),0.00,0
"Captain Zapp (Amstrad CPC, C64 - 1987)",0.00,0
Car and Driver (DOS - 1992),4.28,25
Car Chase (VIC-20 - 1981),3.00,1
"Carlos Sainz (DOS, Amstrad CPC - 1990)",5.00,5
Carmageddon (DOS - 1997),4.67,18
Carmageddon (Game Boy Color - 1999),0.00,0
"Carmageddon 2: Carpocalypse Now (Windows, Mac - 1998)",4.43,91
Carmageddon 3: TDR 2000 (Windows - 2000),4.06,17
"Carnage (DOS, Amiga, C64 - 1993)",3.00,6
Champion Driver (Amiga - 1991),0.00,0
"Championship Run (Amiga, Atari ST - 1991)",0.00,0
"Championship Sprint (Amstrad CPC, C64 - 1988)",5.00,1
"Chase H.Q. (Amiga, Amstrad CPC, Atari ST, C64, Game Boy, Game Gear, NES - 1989)",4.00,5
Chase H.Q. II (Genesis - 1992),0.00,0
"Chevy Chase (Amstrad CPC, C64 - 1991)",5.00,1
"Chicago 90 (DOS, Amiga, Amstrad CPC, Atari ST - 1989)",0.00,0
"Cisco Heat: All American Police Car Race (DOS, Amiga, Amstrad CPC, Atari ST, C64 - 1991)",3.85,13
City Connection (NES - 1985),4.00,1
Cobra Triangle (NES - 1989),0.00,0
Colin McRae Rally (Windows - 1998),4.67,12
Colin McRae Rally 2.0 (Windows - 2000),4.50,4
Colin McRae Rally 3 (Windows - 2003),2.20,5
Coliseum (Amstrad CPC - 1988),0.00,0
Combat Cars (Genesis - 1994),4.50,2
"Combo Racer (Amiga, Atari ST - 1990)",5.00,1
Computer Circus Maximus (DOS - 1984),3.00,3
"Continental Circus (Amiga, Amstrad CPC, Atari ST, C64 - 1989)",5.00,2
"Cougar Force (DOS, Amiga, Atari ST - 1990)",4.00,7
Crazy Car (C64 - 1988),5.00,1
"Crazy Cars (DOS, Amiga, Amstrad CPC, Atari ST, C64 - 1987)",4.25,12
Crazy Cars III (DOS - 1994),4.58,24
Cyber Spin (SNES - 1992),0.00,0
Cyberbykes: Shadow Racer VR (DOS - 1995),3.38,8
CyberRace (DOS - 1993),2.00,1
"Danny Sullivan's Indy Heat (Amiga, Atari ST, C64, NES - 1992)",3.00,2
Dashin' Desperadoes (Genesis - 1993),5.00,1
David Wolf: Secret Agent (DOS - 1989),4.63,8
"Days of Thunder (DOS, Amiga, Atari ST, C64, Game Boy, NES - 1990)",3.71,7
Dead Heat Scramble (Game Boy - 1990),0.00,0
Deadly Racer (DOS - 1994),3.89,9
Deadringer (C64 - 1987),0.00,0
"Death Race (Atari 8-bit, Commodore 16, C64, VIC-20 - 1987)",0.00,0
Death Race (NES - 1990),0.00,0
Death Rally (DOS - 1996),5.00,9
DeathTrack (DOS - 1989),4.93,15
Delta V (DOS - 1994),3.75,4
Destructor (ColecoVision - 1984),0.00,0
Dethkarz (Windows - 1998),4.25,12
Di's Baby (C64 - 1984),0.00,0
Dig-Dogs: Streetbusters (DOS - 1994),4.29,45
Dirt Racer (SNES - 1995),0.00,0
Dirt Trax FX (SNES - 1995),0.00,0
Disney's Bonkers (Genesis - 1994),0.00,0
Disney•Pixar Toy Story Racer (Game Boy Color - 2001),0.00,0
Dodge 'Em (Amiga - 1993),1.00,1
Dodge Cars (VIC-20 - 1982),0.00,0
Dodge Racer (Atari 8-bit - 1981),0.00,0
Donkey (DOS - 1981),3.11,9
Double Clutch (Genesis - 1993),0.00,0
"Drag Race Eliminator (DOS, C64 - 1988)",0.00,0
Dragcity U.S.A. (DOS - 1990),0.00,0
"Driver (Windows, Mac - 1999)",4.88,17
"Drivin' Force (Amiga, Atari ST - 1990)",0.00,0
Drome Racers (Windows - 2002),4.67,3
Edgar Torronteras' eXtreme Biker (Windows - 1999),5.00,2
Edgar Torronteras' Moto-X 2000 (Windows - 2000),5.00,1
"Elektraglide (Amstrad CPC, Atari 8-bit, C64 - 1986)",0.00,0
Eliminator Boat Duel (NES - 1991),5.00,1
"Enduro Racer (Amstrad CPC, Atari ST, C64 - 1987)",4.67,3
"Escape (Apple II, C64 - 1985)",0.00,0
"ESPN Speed World (Genesis, SNES - 1994)",0.00,0
"European Challenge (DOS, Amiga, Atari ST - 1990)",5.00,5
"Excitebike (NES, PC-88 - 1984)",4.00,4
Excitebike: BunBun Mario Battle Stadium (SNES - 1997),0.00,0
"F-1 (DOS, Amstrad CPC - 1991)",5.00,2
F-1 Grand Prix (SNES - 1992),0.00,0
F-1 Race (Game Boy - 1990),0.00,0
F-Zero (SNES - 1990),5.00,1
"F.1 Manager (Amiga, Atari ST, C64 - 1989)",5.00,1
F1 Circus (NES - 1992),0.00,0
F1 Circus '91 (Genesis - 1991),0.00,0
F1 Pole Position (Game Boy - 1992),0.00,0
F1 Pole Position (SNES - 1992),0.00,0
F1 Pole Position 2 (SNES - 1993),0.00,0
F1 Race (NES - 1984),4.00,10
F1 Triple Battle (Genesis - 1991),0.00,0
"F1 World Championship Edition (Amiga, Genesis, SNES - 1995)",5.00,1
F1-ROC II: Race of Champions (SNES - 1993),0.00,0
F17 Challenge (Amiga - 1993),5.00,1
F1ROC: Race of Champions (SNES - 1992),5.00,1
"F40 Pursuit Simulator (DOS, Amiga, Amstrad CPC, Atari ST, C64 - 1989)",4.11,18
Family Circuit (NES - 1988),5.00,1
Family Circuit '91 (NES - 1991),5.00,1
Fast Lane! The Spice Engineering Challenge (Amiga - 1990),0.00,0
Fast Tracks: The Computer Slot Car Construction Kit (C64 - 1986),4.00,2
Fastest Lap (Game Boy - 1991),0.00,0
"Ferrari Formula One (DOS, Amiga, Atari ST, C64 - 1989)",4.20,15
Ferrari Grand Prix Challenge (Genesis - 1992),5.00,1
"Ferrari Grand Prix Challenge (Game Boy, NES - 1992)",5.00,1
Final Lap (NES - 1988),5.00,1
Final Stretch (SNES - 1993),0.00,0
"Fire & Forget II (DOS, Amiga, Amstrad CPC, Atari ST, C64 - 1990)",3.80,10
"Fire and Forget (DOS, Amiga, Amstrad CPC, Atari ST - 1988)",4.13,8
Fireman Sam (C64 - 1991),3.67,3
"Fisher-Price Firehouse Rescue (DOS, NES - 1988)",3.80,5
Flyin' High (Amiga - 1997),5.00,1
Ford Simulator 5.0 (DOS - 1994),4.29,17
"Ford Simulator II (DOS, Mac - 1990)",3.67,9
Ford Simulator III (DOS - 1992),3.84,19
Formula 1 (Atari 8-bit - 1982),0.00,0
Formula 1 3D (Amiga - 1991),1.00,1
Formula 1 3D: F.1 Manager II (C64 - 1991),5.00,1
Formula 1 Sensation (NES - 1993),5.00,1
"Formula 1 Simulator (Amstrad CPC, Commodore 16, C64 - 1985)",0.00,0
"Formula One (DOS, Amiga, Atari ST, Game Gear, Genesis - 1994)",4.64,14
Formula One: Built to Win (NES - 1990),5.00,1
Full Throttle: All-American Racing (SNES - 1994),0.00,0
Galaxy 5000 (NES - 1991),0.00,0
"Gee Bee Air Rally (Amiga, Amstrad CPC, C64 - 1987)",4.00,1
Gekitotsu Dangan Jidōsha Kessen: Battle Mobile (SNES - 1993),0.00,0
Ghostbusters II (Game Boy - 1990),0.00,0
Ghostbusters II (NES - 1990),0.00,0
Go-Kart Simulator (C64 - 1989),0.00,0
GP 500 (Windows - 1999),5.00,7
GP-1 (SNES - 1993),0.00,0
GP-1 Part II (SNES - 1994),0.00,0
"Grand Prix 500 2 (DOS, Amiga, Amstrad CPC, Atari ST - 1991)",5.00,2
"Grand Prix 500 cc (DOS, Amstrad CPC, Atari ST, C64 - 1987)",0.00,0
"Grand Prix Circuit (DOS, Amiga, Mac, Amstrad CPC, Apple IIgs, C64 - 1988)",4.67,51
Grand Prix Legends (Windows - 1998),4.91,11
Grand Prix Manager (Windows - 1995),5.00,1
Grand Prix Manager 2 (Windows - 1996),5.00,1
"Grand Prix Master (DOS, Amstrad CPC, C64 - 1989)",3.67,6
"Grand Prix Simulator (Amstrad CPC, Atari 8-bit, C64 - 1987)",5.00,1
"Grand Prix Simulator 2 (Amstrad CPC, C64 - 1989)",0.00,0
Grand Prix Unlimited (DOS - 1992),4.19,21
Grand Theft Auto (Windows - 1997),4.44,101
Grand Theft Auto 2 (Windows - 1999),4.43,98
Grid Start (Amiga - 1987),5.00,1
Hang-On (PC-88 - 1986),0.00,0
Hanna-Barbera Cartoon Carnival (Mac - 1995),2.00,5
"Hard Drivin' (DOS, Amiga, Amstrad CPC, Atari ST, C64, Genesis - 1990)",3.88,25
"Hard Drivin' II (DOS, Amiga, Atari ST - 1990)",4.40,15
Hard Truck: Road to Victory (Windows - 1998),4.50,2
"Harley-Davidson: The Road to Sturgis (DOS, Amiga, Atari ST - 1989)",4.13,19
Harricana: International Snowmobile Race - Quebec-Canada 90 (Atari ST - 1990),5.00,1
Have a N.I.C.E. day! (Windows - 1997),5.00,5
"Heat Wave: Offshore Superboat Racing (DOS, Amiga, Atari ST, C64 - 1990)",4.74,9
Helsingfors (C64 - 2001),0.00,0
Herbert (Atari 8-bit - 1988),0.00,0
Hi-Octane (DOS - 1995),4.63,27
Highway Hawks (Amiga - 1989),1.00,1
Highway Hunter (DOS - 1995),3.45,10
"Highway Patrol II (DOS, Amiga, Atari ST - 1990)",3.80,5
Hold-Up (Amstrad CPC - 1984),0.00,0
"Hot Rod (Amiga, Amstrad CPC, C64 - 1990)",3.00,2
Hot Wheels (C64 - 1985),0.00,0
Hot Wheels (Atari ST - 1991),0.00,0
Human Grand Prix III: F1 Triple Battle (SNES - 1994),0.00,0
Human Grand Prix IV: F1 Dream Battle (SNES - 1995),0.00,0
"Hunter (Amiga, Atari ST - 1991)",4.33,3
"Hydra (Amiga, Amstrad CPC, Atari ST, C64 - 1991)",2.00,1
Ignition (Windows - 1997),4.46,28
Indiana Jones and the Last Crusade (NES - 1991),4.50,2
"Indianapolis 500: The Simulation (DOS, Amiga - 1989)",4.65,50
IndyCar Racing (DOS - 1993),4.26,23
"IndyCar Racing II (DOS, Mac - 1996)",4.76,67
International Rally Championship (Windows - 1997),4.67,12
"International Speedway (Amstrad CPC, C64, ZX Spectrum - 1988)",0.00,0
"International Truck Racing (Amiga, Atari ST, C64 - 1992)",0.00,0
Interstate '76 (Windows - 1997),5.00,7
"Iron Trackers (Amiga, Amstrad CPC, Atari ST - 1989)",0.00,0
"Ivan 'Ironman' Stewart's Super Off Road (DOS, Amiga, Amstrad CPC, Atari ST, C64, Game Boy, Game Gear, Genesis, NES, SNES, ZX Spectrum - 1990)",4.56,51
"Jackal (DOS, Amstrad CPC, C64, NES - 1988)",4.31,19
Jaguar XJ220 (Amiga - 1992),4.20,5
Jeep Command (C64 - 1986),5.00,1
Jeep Jamboree: Off Road Adventure (Game Boy - 1992),0.00,0
"Jet Bike Simulator (Amstrad CPC, C64 - 1988)",0.00,0
"John Anderson's Rally Speedway (Atari 8-bit, C64 - 1983)",0.00,0
Juiced (Windows - 2005),0.00,0
"Jupiter's Masterdrive (Amiga, Atari ST - 1990)",0.00,0
"Karting Grand Prix (Amiga, C64 - 1988)",1.00,1
Kawasaki ATV PowerSports (Mac - 2000),5.00,1
Kawasaki Caribbean Challenge (SNES - 1993),0.00,0
Kawasaki Jet Ski Watercraft (Mac - 2000),5.00,1
"Kawasaki Superbike Challenge (Genesis, SNES - 1995)",5.00,1
"Kikstart: Off-Road Simulator (Atari 8-bit, Commodore 16, C64 - 1986)",0.00,0
Killer Loop (Windows - 1999),5.00,2
King of the Road (Windows - 2001),4.00,1
"Knight Rider (Amstrad CPC, C64 - 1986)",2.00,1
Knight Rider (NES - 1988),0.00,0
Kosmonaut (DOS - 1990),4.50,6
Krazy Kar (C64 - 1984),0.00,0
Kyle Petty's No Fear Racing (SNES - 1995),5.00,1
"L.E.D. Storm (Amiga, Amstrad CPC, Atari ST, C64 - 1988)",3.80,5
"Lamborghini: American Challenge (DOS, Amiga, Amstrad CPC, Atari ST, C64, Game Boy, SNES - 1992)",4.07,28
Last Action Hero (DOS - 1994),4.25,8
"Last Action Hero (Genesis, SNES - 1993)",0.00,0
"Last Action Hero (Game Boy, Game Gear - 1993)",0.00,0
Le Fetiche Maya (DOS - 1989),5.00,6
Leading Lap MPV (Amiga - 1996),3.67,3
LEGO Island (Windows - 1997),4.60,50
LEGO Island 2: The Brickster's Revenge (Windows - 2001),4.50,8
LEGO Racers (Windows - 1999),4.28,29
LEGO Racers 2 (Windows - 2001),3.50,8
LEGO Stunt Rally (Windows - 2001),4.67,3
LEGO Technic Turbo Command (Windows - 1998),0.00,0
Lemans (C64 - 1982),4.80,5
"Locus (DOS, Mac - 1995)",4.20,5
"Lombard RAC Rally (DOS, Amiga, Atari ST - 1988)",4.54,11
"Lotus Esprit Turbo Challenge (Amiga, Amstrad CPC, Atari ST, C64 - 1990)",5.00,5
"Lotus Turbo Challenge 2 (Amiga, Atari ST, Genesis - 1991)",4.18,11
"Lotus: The Ultimate Challenge (DOS, Amiga, Atari ST, Genesis - 1993)",4.67,48
Lunar Rover Patrol (Dragon 32/64 - 1983),0.00,0
Mach Rider (NES - 1985),0.00,0
Mad Max (NES - 1990),0.00,0
"Major Motion (Amiga, Atari ST - 1988)",2.00,1
"Mania Drive (Windows, Linux - 2006)",3.00,3
"Marauder (Amstrad CPC, C64 - 1988)",3.00,1
Mario Andretti Racing (Genesis - 1994),0.00,0
Mario Andretti's Racing Challenge (DOS - 1991),4.67,9
"MASK (Amstrad CPC, C64 - 1987)",0.00,0
"Masterblazer (DOS, Amiga, Atari ST - 1991)",3.50,2
Math Mileage (Atari 8-bit - 1984),4.00,1
"Matrix Marauders (Amiga, Atari ST - 1990)",0.00,0
MAX Rally (Amiga - 1998),2.00,1
Max Torque (C64 - 1987),0.00,0
Mean Machine (C64 - 1991),0.00,0
MegaRace (DOS - 1993),3.00,2
Metal Fangs (Genesis - 1993),0.00,0
"Miami Chase (Amiga, C64 - 1990)",2.00,1
Miami Vice (DOS - 1989),4.40,10
"Miami Vice (Amstrad CPC, C64 - 1986)",0.00,0
Michael Andretti's Indy Car Challenge (SNES - 1994),0.00,0
Michael Andretti's World GP (NES - 1988),0.00,0
Michelin Rally Masters: Race of Champions (Windows - 2000),5.00,5
"Micro Machines (DOS, Amiga, Game Boy, Game Gear, Genesis, NES, SNES - 1994)",4.40,15
"Micro Machines 2: Turbo Tournament (DOS, Game Boy, Game Gear, Genesis, SNES - 1995)",4.15,13
Micro Machines V3 (Windows - 1998),4.64,11
Micro Machines: Military (Genesis - 1996),0.00,0
Micro Machines: Turbo Tournament 96 (Genesis - 1995),5.00,1
Midtown Madness (Windows - 1999),4.58,84
Midtown Madness 2 (Windows - 2000),4.65,57
Mobil 1 Rally Championship (Windows - 1999),4.75,4
Monster Truck Madness (Windows - 1996),4.67,6
Monster Truck Madness 2 (Windows - 1998),4.60,15
Monster Truck Rally (NES - 1991),0.00,0
"Monster Truck Wars (Game Boy, Game Gear - 1994)",0.00,0
"Moonshine Racers (DOS, Amiga, Atari ST - 1991)",4.53,17
Morphicle (C64 - 1987),0.00,0
Motocross (DOS - 1989),4.45,11
Motocross Champion (NES - 1989),0.00,0
Motocross Championship (SEGA 32X - 1994),0.00,0
Motocross Madness (Windows - 1998),4.52,21
Motocross Madness 2 (Windows - 2000),4.26,47
Motocross Maniacs (Game Boy - 1989),0.00,0
"Motocross Racer (ColecoVision, C64, VIC-20 - 1984)",5.00,1
Motor City Patrol (NES - 1992),3.00,1
Motor Mania (C64 - 1982),5.00,1
Motor-Mania (DOS - 1989),0.00,0
MotoRace USA (NES - 1985),5.00,1
Motorcycle 500 (C64 - 1990),4.00,1
Nakajima Satoru Kanshū F-1 Grand Prix (Genesis - 1991),0.00,0
Nakajima Satoru Kanshū F-1 Hero GB (Game Boy - 1991),0.00,0
Nakajima Satoru Kanshū F1 Super License (Genesis - 1992),0.00,0
Nakajima Satoru: F-1 Hero 2 (NES - 1991),5.00,1
Nanobots (Windows - 2006),4.00,4
"NASCAR Racing (DOS, Mac - 1994)",4.59,68
Necrodome (Windows - 1996),5.00,3
Need for Speed II (Windows - 1997),4.13,39
Need for Speed II: SE (Windows - 1997),4.44,493
Need for Speed III: Hot Pursuit (Windows - 1998),4.52,97
Need for Speed: High Stakes (Windows - 1999),3.00,10
Need for Speed: Porsche Unleashed (Windows - 2000),3.69,13
Need for Speed: Underground (Windows - 2003),4.43,7
"Neighbours (Amiga, Atari ST, C64 - 1991)",1.00,1
Network Q RAC Rally (DOS - 1993),4.27,22
Network Q RAC Rally Championship (DOS - 1996),5.00,9
"Nigel Mansell's Grand Prix (Amiga, Amstrad CPC - 1988)",0.00,0
"Nigel Mansell's World Championship Racing (DOS, Amiga, Amstrad CPC, Atari ST, Game Boy, Genesis, NES, SNES - 1993)",4.10,10
Night Driver (C64 - 1982),0.00,0
Night Racer (C64 - 1988),3.50,2
Niterider (C64 - 1984),0.00,0
"Nitro (Amiga, Atari ST - 1990)",3.00,2
"No Second Prize (Amiga, Atari ST - 1992)",5.00,1
Number Chaser (Commodore 16 - 1985),0.00,0
"Off Shore Warrior (DOS, Amstrad CPC - 1988)",4.50,4
Offroad (DOS - 1988),4.67,3
On the Ball (SNES - 1992),0.00,0
"Out Board (Amstrad CPC, Atari ST - 1990)",0.00,0
Out of Gas (Game Boy - 1992),0.00,0
"Outlander (Genesis, SNES - 1992)",0.00,0
"OutRun (DOS, Amiga, Amstrad CPC, Atari ST, C64, Game Gear, Genesis - 1989)",4.31,29
OutRun 2019 (Genesis - 1993),0.00,0
"OutRun Europa (Amiga, Amstrad CPC, Atari ST, C64, Game Gear - 1991)",4.75,4
OutRunners (Genesis - 1994),0.00,0
"Overdrive (DOS, Amiga - 1995)",4.20,5
"Overlander (Amiga, Amstrad CPC, Atari ST, C64 - 1989)",3.67,3
Painterboy (C64 - 1986),4.00,1
Parigi Dakar (C64 - 1985),0.00,0
"Paris Dakar 1990 (DOS, Amiga, Atari ST - 1990)",4.75,12
"Paris-Dakar (DOS, Amiga, Amstrad CPC - 1988)",3.71,7
Paul McCartney's Give My Regards to Broad Street (C64 - 1985),5.00,1
Payback (Mac - 2003),5.00,1
PC Rally (DOS - 1995),4.78,9
"Perico Delgado Maillot Amarillo (DOS, Amstrad CPC - 1989)",3.71,7
"Pitstop (Atari 8-bit, ColecoVision, C64 - 1983)",5.00,2
"Pitstop II (DOS, Atari 8-bit, C64 - 1984)",4.09,12
"Pocket Rockets (DOS, Amiga, C64 - 1989)",5.00,7
"Pole Position (DOS, Atari 8-bit, C64, VIC-20 - 1988)",4.43,14
"Pole Position II (DOS, C64 - 1989)",4.63,8
Popo Car (DOS - 1994),2.50,2
"Postman Pat (Amiga, Amstrad CPC, C64 - 1989)",3.25,4
"Power Drift (DOS, Amiga, Amstrad CPC, Atari ST, C64 - 1990)",4.36,11
"Power Drive (DOS, Amiga, Genesis, SNES - 1995)",5.00,12
Power Racer (Game Boy - 1990),0.00,0
Power Up plus (Atari ST - 1998),0.00,0
"Powerdrome (DOS, Amiga, Atari ST - 1990)",4.60,10
Prawo krwi (Amiga - 1995),3.00,2
Prime Mover (Amiga - 1993),2.00,1
"Pro Powerboat Simulator (Amiga, Amstrad CPC, Atari ST, C64 - 1990)",3.67,3
"Professional BMX Simulator (Amstrad CPC, C64 - 1988)",5.00,1
"Psyborg (Amiga, Amstrad CPC, Atari ST - 1992)",0.00,0
"Purple Saturn Day (DOS, Amiga, Amstrad CPC, Atari ST - 1989)",4.00,6
Pylon Racer (DOS - 1985),5.00,1
Quad (Amstrad CPC - 1987),0.00,0
Quad Challenge (Genesis - 1991),0.00,0
Quarantine (DOS - 1994),4.67,39
Quarantine II: Road Warrior (DOS - 1996),4.60,20
QuarterPole (DOS - 1993),4.67,6
R.C. Grand Prix (Game Gear - 1992),0.00,0
"R.C. Pro-Am (Genesis, NES - 1992)",5.00,1
R.C. Pro-Am II (NES - 1992),0.00,0
Race America (NES - 1992),5.00,1
Race Days (Game Boy - 1994),0.00,0
"Race Drivin' (DOS, Amiga, Atari ST, Game Boy, Genesis, SNES - 1992)",4.10,10
Race Fun (VIC-20 - 1983),0.00,0
Race! (DOS - 1989),4.00,2
Racecar (DOS - 1983),0.00,0
RaceMan (DOS - 1982),5.00,3
Racer Jammer (DOS - 1982),5.00,1
Racing Damashii (Game Boy - 1991),0.00,0
"Racing Destruction Set (Atari 8-bit, C64 - 1985)",4.50,2
Rad Racer (NES - 1987),5.00,1
Rad Racer II (NES - 1990),0.00,0
"Radio Controlled Racer (Amiga, Atari ST - 1991)",0.00,0
Rajd przez Polskę (Amiga - 1996),5.00,1
Rally Bike (NES - 1990),0.00,0
Rally Challenge (Windows - 1997),5.00,2
"Rally Championships (DOS, Amiga - 1994)",5.00,4
"Rally Cross Challenge (Amiga, Amstrad CPC, C64 - 1989)",1.00,1
"Rally Driver (Amstrad CPC, C64 - 1986)",0.00,0
"Rally Simulator (Amstrad CPC, C64 - 1988)",0.00,0
Rally Sport (DOS - 1996),5.00,3
Rally-X (VIC-20 - 1981),4.00,4
Rallycross Simulator (C64 - 1989),0.00,0
Re-Volt (Windows - 1999),5.00,19
Red Max (C64 - 1987),0.00,0
Redline: F1 Racer (SNES - 1992),5.00,1
Revs (C64 - 1986),0.00,0
Revs+ (C64 - 1987),0.00,0
"Richard Petty's Talladega (Atari 8-bit, C64 - 1984)",5.00,4
Road Fighter (NES - 1985),4.50,2
Road Hog! (DOS - 1995),4.89,9
Road Rally (DOS - 1983),5.00,1
"Road Rash (Amiga, Game Boy, Game Gear, Genesis - 1992)",3.00,4
Road Rash (Windows - 1996),5.00,2
Road Rash 3 (Genesis - 1995),5.00,2
Road Rash II (Genesis - 1992),5.00,5
Road Riot 4WD (SNES - 1992),0.00,0
"Road Runner (DOS, Amstrad CPC, Atari ST, C64, NES - 1989)",4.50,16
Road Runner's Death Valley Rally (SNES - 1992),4.00,1
Road Warrior (C64 - 1988),0.00,0
"RoadBlasters (Amstrad CPC, C64, NES - 1988)",5.00,1
"RoboCop 3 (DOS, Amiga, Atari ST - 1992)",4.50,16
"Rock n' Roll Racing (Genesis, SNES - 1994)",5.00,2
"Rock'N Roller (DOS, Amstrad CPC - 1992)",3.00,1
Roketz (Amiga - 1995),3.67,3
Rollcage (Windows - 1999),4.50,4
Rollcage Stage II (Windows - 2000),5.00,8
Route-16 Turbo (NES - 1985),5.00,1
RPM Racing (SNES - 1992),0.00,0
Run Run Kyōsōkyoku (PC-88 - 1989),0.00,0
"Run the Gauntlet (Amiga, Amstrad CPC, C64 - 1989)",3.00,2
"RVF Honda (Amiga, Atari ST - 1990)",4.00,2
"S.C.I.: Special Criminal Investigation (Amiga, Atari ST, C64 - 1990)",5.00,3
"S.T.U.N. Runner (DOS, Amiga, Amstrad CPC, Atari ST, C64 - 1990)",4.54,13
Saban's Power Rangers Zeo: Battle Racers (SNES - 1996),0.00,0
Scorcher (DOS - 1996),4.67,3
Screamer (DOS - 1995),4.41,22
Screamer Rally (DOS - 1997),5.00,3
Sega Game Pack 4in1 (Game Gear - 1992),0.00,0
Sega Rally 2 Championship (Windows - 1999),4.82,17
Sega Rally Championship (Windows - 1997),4.56,9
Shellshock (DOS - 1996),4.38,29
Shirley Muldowney's Top Fuel Challenge (C64 - 1987),0.00,0
Shutokō Battle '94: Drift King (SNES - 1994),0.00,0
Siren City (C64 - 1983),0.00,0
"Sito Pons 500cc Grand Prix (DOS, Amstrad CPC - 1990)",4.25,8
Skateboard Kidz (Amstrad CPC - 1988),0.00,0
Skidmarks (Amiga - 1993),4.00,1
"Skidoo (DOS, Amiga, Atari ST - 1989)",3.00,2
"Skidz (Amiga, Atari ST - 1990)",3.00,2
Skunny Kart (DOS - 1993),3.63,8
"Sky Runner (DOS, C64 - 1987)",4.00,4
SkyRoads (DOS - 1993),4.33,68
SkyRoads: Xmas Special (DOS - 1994),4.45,20
Slicks (C64 - 1992),0.00,0
Slipstream 5000 (DOS - 1995),4.47,19
"Slot Car Racer (Amstrad CPC, C64 - 1987)",5.00,2
Sonic Drift (Game Gear - 1994),5.00,1
Sonic Drift 2 (Game Gear - 1995),4.50,2
Sonic R (Windows - 1997),4.61,96
South Park Rally (Windows - 2000),4.00,6
"Space Racer (DOS, Amiga, Amstrad CPC, Atari ST, C64 - 1988)",5.00,4
"Spectre (DOS, Mac, SNES - 1992)",4.82,17
"Spectre VR (DOS, Mac - 1993)",4.70,10
Speed Ace (Atari 8-bit - 1987),0.00,0
"Speed Buggy (Amiga, Amstrad CPC, Atari ST, C64 - 1988)",4.50,6
Speed Duel (C64 - 1984),0.00,0
Speed Haste (DOS - 1997),4.72,18
"Speed King (Amstrad CPC, Atari 8-bit, Commodore 16, C64 - 1986)",0.00,0
Speed Racer in My Most Dangerous Adventures (SNES - 1994),5.00,1
Speed Racer in The Challenge of Racer X (DOS - 1993),4.36,55
"Speedboat Assassins (Amiga, Atari ST - 1989)",3.50,2
Speedway (C64 - 1986),0.00,0
"Spy Hunter (DOS, Amstrad CPC, Apple II, Atari 8-bit, ColecoVision, C64, NES - 1984)",4.45,11
"Star Wars: Episode I - Racer (Windows, Mac - 1999)",4.34,62
"Stickybear Town Builder (DOS, C64 - 1992)",4.33,3
Stocker (C64 - 1988),1.00,1
Street Hawk (Amstrad CPC - 1986),0.00,0
"Street Machine (Amstrad CPC, C64 - 1986)",0.00,0
"Street Racer (DOS, Game Boy, Genesis, SNES - 1997)",4.56,8
"Street Rod (DOS, Amiga, C64 - 1989)",4.58,136
"Street Rod 2: The Next Generation (DOS, Amiga - 1991)",4.44,140
"Stunt Bike Simulator (Amstrad CPC, C64 - 1988)",0.00,0
Stunt Driver (DOS - 1990),4.51,33
Stunt Jumper (DOS - 1991),0.00,0
Stunt Kids (NES - 1992),0.00,0
Stunt Race FX (SNES - 1994),0.00,0
"Stunt Track Racer (DOS, Amiga, Amstrad CPC, Atari ST, C64 - 1989)",4.50,12
"Stunts (DOS, Amiga - 1990)",4.68,103
"Super Cars (C64, Atari ST, NES - 1991)",5.00,1
"Super Cars II (Amiga, Atari ST - 1991)",4.14,7
Super Chase H.Q. (Game Boy - 1994),0.00,0
Super Chase H.Q. (SNES - 1993),5.00,1
Super Cross (C64 - 1986),0.00,0
"Super Cycle (Amstrad CPC, Atari ST, C64 - 1986)",5.00,1
"Super Grand Prix (Amiga, Atari ST - 1991)",2.00,1
"Super Hang-On (DOS, Amiga, Mac, Amstrad CPC, Atari ST, C64, Genesis - 1988)",4.85,14
Super Mario Kart (SNES - 1992),4.75,4
"Super Monaco GP (Amiga, Amstrad CPC, Atari ST, C64, Game Gear, Genesis - 1991)",5.00,2
Super Off Road: The Baja (SNES - 1993),0.00,0
Super R.C. Pro-Am (Game Boy - 1991),0.00,0
"Super Scramble Simulator (Amiga, Amstrad CPC, Atari ST, C64 - 1989)",2.00,1
"Super Skidmarks (Amiga, Genesis - 1995)",5.00,2
Super Skidmarks Data Disks (Amiga - 1995),0.00,0
"Super Sprint (Amstrad CPC, Atari ST, C64, NES - 1987)",0.00,0
Super Stock Car (C64 - 1990),0.00,0
Super Stock Car (Amstrad CPC - 1990),0.00,0
"Super Trux (Amstrad CPC, C64 - 1989)",5.00,1
"SuperBike Challenge (DOS, Atari ST, C64 - 1987)",5.00,6
SuperKarts (DOS - 1995),4.39,13
Suzuka 8 Hours (SNES - 1993),0.00,0
Team F1 (DOS - 1996),4.56,9
"Techno Cop (DOS, Amiga, Amstrad CPC, Apple II, Atari ST, C64, Genesis - 1988)",5.00,3
"Terminator 2: Judgment Day (Game Gear, NES - 1993)",5.00,1
"Test Drive (DOS, Amiga, Apple II, Atari ST, C64 - 1987)",4.55,77
Test Drive III: The Passion (DOS - 1990),4.29,31
Test Drive: Off-Road (DOS - 1997),5.00,1
Test Drive: Off-Road 2 (Windows - 1998),5.00,1
Test Drive: Off-Road 3 (Windows - 1999),4.50,4
The Adventures of Bayou Billy (NES - 1988),4.00,1
"The American Challenge: A Sailing Simulation (DOS, Apple II, C64 - 1986)",3.75,4
"The Cycles: International Grand Prix Racing (DOS, Amiga, Amstrad CPC, C64 - 1989)",4.40,25
"The Duel: Test Drive II (DOS, Amiga, Mac, Amstrad CPC, Apple IIgs, Atari ST, C64, Genesis, SNES - 1989)",4.33,69
The Dukes of Hazzard (ColecoVision - 1984),5.00,1
The Ford Simulator (DOS - 1987),4.20,10
"The Fury (Amstrad CPC, C64 - 1988)",0.00,0
The Getaway: High Speed II (Game Boy - 1995),0.00,0
"The Great American Cross-Country Road Race (Apple II, Atari 8-bit, C64 - 1985)",5.00,1
"The Last V8 (Amstrad CPC, Atari 8-bit, C64 - 1986)",0.00,0
The Machine (C64 - 1988),0.00,0
The Need for Speed (DOS - 1995),4.69,94
The Need for Speed: Special Edition (DOS - 1996),4.54,39
"The Punisher (DOS, Amiga, Atari ST - 1990)",4.47,15
The Race (C64 - 1990),0.00,0
"The Rocketeer (DOS, SNES - 1991)",4.83,18
The Simpsons: Hit & Run (Windows - 2003),4.67,9
"The Spy Who Loved Me (Amiga, Amstrad CPC, Atari ST, C64 - 1990)",3.67,3
The Terminator (DOS - 1991),4.24,21
The Terminator (NES - 1992),0.00,0
The Terminator (SNES - 1993),0.00,0
"The Ultimate Ride (Amiga, Atari ST - 1990)",0.00,0
The Ultimate Stuntman (NES - 1990),0.00,0
Thunder Truck Rally (DOS - 1997),5.00,1
Thundercade (NES - 1989),5.00,1
TMG Indianapolis Auto Racing (DOS - 1995),5.00,2
TMG Stock Car Racing (DOS - 1995),5.00,1
TOCA 2: Touring Car Challenge (Windows - 1999),4.43,14
TOCA Championship Racing (Windows - 1997),5.00,4
Tommy's Chariots (DOS - 1986),0.00,0
Tommy's Jammer (DOS - 1986),3.00,1
"Top Fuel Eliminator (Apple II, C64 - 1987)",0.00,0
Top Gear (SNES - 1992),5.00,2
"Top Gear 2 (Amiga, Genesis, SNES - 1994)",5.00,2
Top Gear 3000 (SNES - 1994),0.00,0
Top-Rider (NES - 1988),0.00,0
Total Immersion Racing (Mac - 2003),5.00,1
Total Recall (C64 - 1991),0.00,0
Total Recall (Amstrad CPC - 1991),0.00,0
"Total Recall (Amiga, Atari ST - 1990)",4.00,1
Total Recall (NES - 1990),0.00,0
"Tour 91 (DOS, Amstrad CPC - 1991)",4.80,5
"Touring Car Racer (Amiga, Atari ST - 1991)",0.00,0
"Toyota Celica GT Rally (DOS, Amstrad CPC, Atari ST - 1992)",4.56,18
Tranz Am (ZX Spectrum - 1983),0.00,0
Tron (DOS - 1992),3.33,6
TRON: Light Cycles (DOS - 1992),3.50,4
"TT Racer (Amstrad CPC, ZX Spectrum - 1986)",0.00,0
Tube (DOS - 1995),3.56,9
Tunnel Vision (C64 - 1987),0.00,0
"Tunnels of Armageddon (DOS, Amiga, Apple IIgs - 1989)",4.72,7
Turbo (DOS - 1987),5.00,4
Turbo (ColecoVision - 1982),0.00,0
Turbo 64 (C64 - 1983),0.00,0
Turbo Champions (DOS - 1989),5.00,5
Turbo Charge (C64 - 1991),5.00,1
"Turbo Cup (DOS, Amiga, Amstrad CPC, Atari ST, ZX Spectrum - 1988)",5.00,6
"Turbo Esprit (Amstrad CPC, C64, ZX Spectrum - 1986)",0.00,0
Turbo Kart Racer (C64 - 1991),0.00,0
"Turbo Kart Racer (Amstrad CPC, ZX Spectrum - 1990)",0.00,0
"Turbo Out Run (DOS, Amiga, Amstrad CPC, Atari ST, C64, Genesis, ZX Spectrum - 1990)",4.79,14
Turbo ST (Atari ST - 1987),0.00,0
Turbo Toons (SNES - 1994),0.00,0
Turbo Trax (Amiga - 1995),0.00,0
Tux Racer (Mac - 2000),4.00,4
"Twin Turbo V8 (Amstrad CPC, ZX Spectrum - 1988)",0.00,0
Twisted Metal (Windows - 1996),5.00,2
Twisted Metal 2 (Windows - 1997),3.25,4
Uniracers (SNES - 1994),0.00,0
"Up 'n Down (DOS, Apple II, Atari 8-bit, ColecoVision, C64 - 1987)",3.00,2
V-Rally: Championship Edition (Game Boy - 1998),0.00,0
V-Rally: Edition 99 (Windows - 1999),4.64,11
"Vendetta (Amstrad CPC, C64, ZX Spectrum - 1990)",5.00,2
Venus Senki (NES - 1989),4.00,2
"Vette! (DOS, Mac - 1989)",4.50,12
Vice: Project Doom (NES - 1991),0.00,0
Viper Racing (Windows - 1998),4.55,11
Virtua Racing (Genesis - 1994),4.00,2
Virtua Racing Deluxe (SEGA 32X - 1994),4.50,2
Virtual Karting (Amiga - 1995),5.00,1
"Viz: The Game (DOS, Amiga, Amstrad CPC, Atari ST, C64, ZX Spectrum - 1992)",4.29,7
Vortex (SNES - 1994),0.00,0
"Vroom (DOS, Atari ST - 1994)",5.00,2
Wacky Funsters! The Geekwad's Guide to Gaming (DOS - 1992),3.82,16
"Wacky Races (Amiga, Amstrad CPC, C64, ZX Spectrum - 1991)",3.00,1
Wacky Wheels (DOS - 1994),4.61,62
"War Cars Construction Set (Amstrad CPC, C64, ZX Spectrum - 1987)",0.00,0
"Warm Up (Amiga, C64 - 1991)",1.00,1
Waterski 3D (C64 - 1984),0.00,0
Wave Race (Game Boy - 1992),0.00,0
"WEC Le Mans (Amstrad CPC, C64, ZX Spectrum - 1988)",5.00,1
Wheelie (ZX Spectrum - 1983),0.00,0
Wheels on Fire (Amiga - 1997),1.00,1
Whiplash (DOS - 1996),4.09,45
"Wild Wheels (DOS, Amiga, Atari ST - 1991)",3.67,6
WipEout (DOS - 1995),4.38,29
"World Circuit (DOS, Amiga, Atari ST - 1992)",4.51,41
World Circuit Series (Game Boy - 1991),0.00,0
XTreme Racing (Amiga - 1995),3.67,3
Zero4 Champ RR (SNES - 1994),0.00,0
Zero4 Champ RR-Z (SNES - 1995),0.00,0
"Zona 0 (DOS, Amstrad CPC, ZX Spectrum - 1991)",4.25,8
Zone Raiders (DOS - 1995),4.75,8
