Title,Average Rating,Number of Ratings
10Rogue (DOS - 1984),4.55,22
AlphaMan (DOS - 1995),4.67,3
Ancient Domains of Mystery (DOS - 1996),4.87,8
Angband (DOS - 1997),4.20,5
"Beneath Apple Manor (DOS, Apple II, Atari 8-bit - 1983)",3.17,6
Castle of the Winds (Windows 3.x - 1993),4.75,145
Cave Noire (Game Boy - 1991),0.00,0
Dungeon Hack (DOS - 1993),4.27,52
"Dunzhin (Atari 8-bit, C64 - 1983)",0.00,0
Evets: The Ultimate Adventure (DOS - 1988),2.40,5
Fatal Labyrinth (Genesis - 1990),0.00,0
"Hack (DOS, Atari ST - 1984)",4.17,6
"Kaiv (Atari 8-bit, C64 - 1983)",0.00,0
Larn (DOS - 1986),4.14,7
MAG (DOS - 1988),4.00,6
"Moria (DOS, Mac - 1988)",4.48,27
NetHack (DOS - 1992),4.88,8
Quest ][ (DOS - 1995),1.50,2
Quick Majik Adventure (DOS - 1991),2.50,2
Ragnarok (DOS - 1993),4.45,18
Reaping the Dungeon (DOS - 1993),3.89,9
"Rogue (DOS, Amiga, Mac, Amstrad CPC, Atari 8-bit, Atari ST, C64 - 1984)",4.37,35
"Sword of Fargoal (C64, VIC-20 - 1983)",4.00,2
"Telengard (DOS, Apple II, Atari 8-bit, C64 - 1985)",4.23,13
"The Valley (C64, ZX Spectrum - 1983)",0.00,0
