Title,Average Rating,Number of Ratings
The Screamer (PC-98 - 1986),3.67,3
Wizards & Warriors (Win - 2000),4.64,11
"The Eternal Dagger (C64, Atari 8-bit, Apple II - 1987)",3.89,9
Xiao Ao Jiang Hu (DOS - 1993),0.00,0
"Death Bringer (DOS, C64, Amiga - 1989)",4.75,8
Ys VI: The Ark of Napishtim (Win - 2003),5.00,5
Abaddon (Win - 2000),4.92,12
"Deus Ex (Win, Mac - 2000)",4.65,34
Superhero League of Hoboken (DOS - 1994),4.62,16
The Rescue of Lorri in Lorrinitron (DOS - 1991),2.50,2
Might and Magic VI: The Mandate of Heaven (Win - 1998),4.60,10
The Dungeons of Morabis (DOS - 1991),3.00,2
Aspetra (DOS - 1996),5.00,1
Neuro Hunter (Win - 2005),4.00,4
Monster Maker: Yami no Ryū Kishi (TurboGrafx CD - 1994),0.00,0
Might and Magic: Clouds of Xeen (DOS - 1992),4.59,21
"MegaTraveller 1: The Zhodani Conspiracy (DOS, Amiga, Atari ST - 1990)",4.64,11
The Caverns of Freitag (Apple II - 1982),5.00,1
Fountain of Dreams (DOS - 1990),3.71,14
Swords of Twilight (Amiga - 1989),4.00,3
Tir-nan-óg V - Eternal Jin (Win - 2005),0.00,0
Excelsior Phase One: Lysandia (DOS - 1993),4.18,11
The Original Mulan (DOS - 1998),0.00,0
Tian Wai Jian Sheng Lu (DOS - 1993),0.00,0
Astonishia Story (DOS - 1994),5.00,1
"Tunnels & Trolls: Crusaders of Khazan (DOS, PC-88, Sharp X68000 - 1990)",4.50,20
Wars and Warriors: Joan of Arc (Win - 2004),3.67,3
Enclave (Win - 2003),4.00,4
Arcus III (PC-98 - 1991),5.00,3
Neophyte: Koplio's Story (Win - 1998),4.00,2
NeverEnd (Win - 2006),5.00,1
EXP: The Excellent Potato (DOS - 1996),3.00,1
Bible Master: Crash of the BlleotRutz (PC-98 - 1993),5.00,1
Escape from Ragor 2: Megrim's Rache (DOS - 1994),0.00,0
The Lord of the Rings: The Fellowship of the Ring (Win - 2002),4.59,11
Phantasy Star Universe (Win - 2006),4.76,29
Magus (DOS - 1995),0.00,0
Nippon (C64 - 1988),3.00,1
Piece of Wonder (Win - 2002),4.33,3
Ravenloft: Strahd's Possession (DOS - 1994),4.33,21
Rol Crusaders (DOS - 1995),4.00,4
Magic & Mayhem: The Art of Magic (Win - 2001),4.80,5
"Fate: Gates of Dawn (Amiga, Atari ST - 1991)",5.00,3
"WarWizard (DOS, Amiga - 1994)",5.00,2
Lionheart: Legacy of the Crusader (Win - 2003),4.50,4
GayBlade (Win 3.x - 1992),5.00,1
Faustus (DOS - 1995),4.67,3
"MegaTraveller 2: Quest for the Ancients (DOS, Amiga - 1991)",4.25,12
"Inindo: Way of the Ninja (DOS, PC-88, Sharp X68000 - 1993)",4.00,3
"Sacrifice (Win, Mac - 2000)",4.62,13
"Laplace no Ma (PC-88, Sharp X68000, TurboGrafx CD - 1987)",4.00,1
"Tangled Tales (DOS, C64, Apple II - 1989)",4.50,19
The Black Onyx (PC-88 - 1984),3.50,4
Heath: The Unchosen Path (Win - 2001),3.75,4
Aiza: New Generation (PC-98 - 1991),5.00,1
"Baldur's Gate II: Shadows of Amn (Win, Mac - 2000)",4.07,14
Fallout (DOS - 1997),4.48,53
Realmz (Win - 1999),4.82,22
"Dragonflight (DOS, Amiga, Atari ST - 1991)",4.00,4
"J.R.R. Tolkien's The Lord of the Rings, Vol. I (DOS, Amiga - 1990)",3.90,30
"J.R.R. Tolkien's The Lord of the Rings, Vol. II: The Two Towers (DOS - 1992)",4.20,20
The Fire Crystal (PC-88 - 1984),3.00,1
"Vengeance of Excalibur (DOS, Amiga, Atari ST - 1991)",4.20,15
"Treasures of the Savage Frontier (DOS, Amiga - 1992)",4.67,12
Arcturus: The Curse and Loss of Divinity (Win - 2000),5.00,1
Chester Field: Ankoku Shin e no Chōsen (C64 - 1989),4.00,1
Traysia (Genesis - 1992),5.00,1
Tengai Makyō II: Manjimaru (TurboGrafx CD - 1992),5.00,1
Beyond Divinity (Win - 2004),4.67,3
"Wizardry: Legacy of Llylgamyn - The Third Scenario (DOS, C64, Apple II, PC-88, PC-98 - 1986)",4.36,11
Freedom Force vs The 3rd Reich (Win - 2005),5.00,1
Fallout Tactics: Brotherhood of Steel (Win - 2001),3.33,9
"Giten Megami Tensei: Tokyo Mokushiroku (Win, PC-98 - 1999)",4.33,6
"Jade Empire: Special Edition (Win, Mac - 2007)",3.75,4
Prince of Qin (Win - 2002),4.50,31
Theseus and the Minotaur (Apple II - 1982),2.67,3
Caverns of Zoarre (DOS - 1984),3.00,2
Soulbringer (Win - 2000),5.00,4
"Warsong (Genesis, TurboGrafx CD - 1991)",4.82,11
Joyous Rebel (DOS - 1996),5.00,1
Tengai Makyō: Ziria (TurboGrafx CD - 1989),5.00,1
Ocean City Nemesis (Win - 2004),5.00,3
Crimson III (PC-88 - 1990),5.00,1
Tenshi no Uta (TurboGrafx CD - 1991),0.00,0
Wizardry III・IV (TurboGrafx CD - 1994),0.00,0
Deus Ex: Game of the Year Edition (Win - 2001),5.00,4
Cutthroats: Terror on the High Seas (Win - 1999),4.42,12
Realms of Arkania: Star Trail (DOS - 1994),4.53,30
Betrayal at Krondor (DOS - 1993),4.70,50
"Shadoworlds (DOS, Amiga, Atari ST - 1993)",3.00,4
"StarFlight 2: Trade Routes of The Cloud Nebula (DOS, Mac, Amiga - 1989)",4.51,40
"Diablo (Win, Mac - 1996)",4.40,642
Lunatic Dawn - Book of Futures (Win - 1995),5.00,2
"Eye of the Beholder II: The Legend of Darkmoon (DOS, Amiga - 1991)",4.48,51
Talisman (DOS - 1994),0.00,0
Moraff's Dungeons of the Unforgiven (DOS - 1993),4.35,17
Shadow of Yserbius (DOS - 1993),4.50,16
Dark Disciples 2 (Win - 2009),4.73,22
The Ormus Saga II: Guild of Death (C64 - 1993),4.00,1
Dead Force (PC-98 - 1994),5.00,1
"Geneforge 5: Overthrow (Win, Mac - 2009)",0.00,0
Twilight: 2000 (DOS - 1991),4.67,48
Magic Knight Rayearth (Game Gear - 1995),4.00,2
The Forest of Doom (C64 - 1984),5.00,2
Cosmic Fantasy 2 (TurboGrafx CD - 1991),0.00,0
Rage of Mages (Win - 1998),4.50,8
Galactic Adventures (Apple II - 1983),5.00,2
Ultima Underworld II: Labyrinth of Worlds (DOS - 1993),4.40,81
Ultizurk III: The GuildMaster's Quest (DOS - 1995),0.00,0
"Avernum 3 (Win, Mac - 2002)",4.50,4
Tengai Makyō: Fūun Kabuki Den (TurboGrafx CD - 1993),0.00,0
Rage of Mages II: Necromancer (Win - 1999),4.44,9
"Death Knights of Krynn (DOS, C64, Amiga - 1991)",4.30,20
Vixen 357 (Genesis - 1992),3.67,3
"Dragon Slayer: The Legend of Heroes II (Genesis, PC-88, TurboGrafx CD - 1995)",4.00,2
MAG (DOS - 1988),4.00,6
Aleshar: The World of Ice (DOS - 1997),4.00,8
Dark Sun: Shattered Lands (DOS - 1993),4.51,79
"Worlds of Ultima: The Savage Empire (DOS, Sharp X68000 - 1990)",4.50,28
Space Funeral 2 (Win - 2012),5.00,3
"Lords of Doom (DOS, C64, Amiga, Atari ST - 1990)",3.58,19
"BattleTech: The Crescent Hawk's Inception (DOS, C64, Amiga, Apple II - 1988)",4.50,34
"Lords of Chaos (C64, Amiga, Amstrad CPC, Atari ST - 1990)",4.75,12
Silmar (DOS - 1990),0.00,0
"Spacewrecked: 14 Billion Light Years From Earth (DOS, Atari ST - 1991)",4.23,13
"Exile (Genesis, PC-98, TurboGrafx CD - 1991)",5.00,2
Space Funeral (Win - 2010),5.00,5
Forever Legend (DOS - 1998),3.00,2
Atlantis World (DOS - 1994),3.50,2
Ancients 1: Death Watch (DOS - 1991),4.50,10
Siege of Avalon (Win - 2000),4.55,22
Serguei's Destiny (DOS - 2001),4.50,2
Xak III: The Eternal Recurrence (TurboGrafx CD - 1994),0.00,0
Dark Woods 2 (DOS - 2002),0.00,0
Growlanser (Win - 2001),5.00,2
"Alshark (Sharp X68000, TurboGrafx CD - 1991)",3.00,1
Dungeon Siege II (Win - 2005),4.50,4
Canon: Legends of the New Gods (Genesis - 1996),0.00,0
Shining in the Darkness (Genesis - 1991),5.00,2
Dusk of the Gods (DOS - 1991),4.56,9
Still Sword (PC-88 - 1988),0.00,0
"Questron II (DOS, C64, Amiga, Atari ST, Apple II, Apple IIgs - 1988)",4.31,13
"Wizardry Gold (Win, Mac - 1996)",5.00,3
Flame Dragon Plus: Marks of Wind (DOS - 1998),5.00,2
"Vision: The 5 Dimension Utopia (DOS, Amiga - 1992)",3.00,2
Seal of Evil (Win - 2004),4.64,11
Mystic Towers (DOS - 1994),4.37,30
Might and Magic (TurboGrafx CD - 1992),0.00,0
"Rings of Zilfin (DOS, C64, Atari ST, Apple II - 1987)",4.00,8
Lunar: Eternal Blue (SEGA CD - 1994),5.00,3
Advanced Dungeons & Dragons: Treasure of Tarmin Cartridge (Intellivision - 1983),4.00,4
The Kingdom of Syree II: Black Magic (DOS - 1994),5.00,1
"Realms of Arkania III: Shadows over Riva (DOS, Win, Mac - 1996)",5.00,1
Blue Forest Story: Kaze no Fūin (3DO - 1996),3.50,2
Kūsō Kagaku Sekai Gulliver Boy (TurboGrafx CD - 1995),0.00,0
"Mars Saga (DOS, C64, Apple II - 1989)",4.59,27
Illusion City: Gen'ei Toshi (Sharp X68000 - 1993),0.00,0
Might and Magic VIII: Day of the Destroyer (Win - 2000),4.75,4
"Xenomorph (DOS, C64, Amiga, Atari ST - 1990)",4.27,15
Tera: La Cité des Crânes (DOS - 1986),3.80,5
Challenge of The Five Realms (DOS - 1992),3.95,20
The Scheme (PC-88 - 1988),5.00,1
The Land (DOS - 1989),3.00,2
"Elvira II: The Jaws of Cerberus (DOS, C64, Amiga, Atari ST - 1991)",4.34,45
UnReal World (DOS - 1992),5.00,1
Bones: The Game of the Haunted Mansion (DOS - 1991),4.14,7
"The Dark Heart of Uukrul (DOS, Apple II - 1990)",4.69,26
"Doomdark's Revenge (C64, Amstrad CPC - 1986)",4.70,10
"Ys III: Wanderers from Ys (Genesis, PC-98, Sharp X68000, TurboGrafx CD - 1991)",3.86,7
Guild Wars (Win - 2005),5.00,4
Gakuen Toshi Z (Sharp X68000 - 1991),0.00,0
Farland Story: Kamigami no Isen (PC-98 - 1995),5.00,1
Wrong Turn: Welcome to Dark City (Win - 2004),2.25,4
Avalon (DOS - 1998),5.00,2
Hero (DOS - 1999),4.92,13
"Ishar 2: Messengers of Doom (DOS, Amiga, Atari ST - 1993)",4.27,30
Dunjonquest: Hellfire Warrior (Atari 8-bit - 1982),5.00,1
Travelers! Densetsu o Buttobase (TurboGrafx CD - 1994),0.00,0
Swashbucklers: Blue vs. Grey (Win - 2007),5.00,2
"Windwalker (DOS, C64, Amiga, Apple II - 1990)",4.67,15
Scavengers of The Mutant World (DOS - 1988),4.38,8
Dinosaur (PC-88 - 1990),5.00,2
"StarFlight (DOS, Mac, Genesis, C64, Amiga, Atari ST - 1986)",4.65,51
Grand Prix (DOS - 1989),1.00,1
End of Twilight (Win - 2001),4.50,2
"Birthright: The Gorgon's Alliance (DOS, Win - 1996)",4.52,28
Wraith (Apple II - 1990),5.00,1
Ultima: Worlds of Adventure 2 - Martian Dreams (DOS - 1991),4.69,19
Jagged Alliance (DOS - 1995),4.31,61
"Soccer Star (C64, Amstrad CPC - 1989)",0.00,0
D'ark Gaiden (PC-98 - 1993),5.00,1
Shining Force Gaiden (Game Gear - 1992),5.00,1
Babel (TurboGrafx CD - 1992),5.00,1
Lord of the Balrogs (C64 - 1983),4.00,1
Xak I・II (TurboGrafx CD - 1992),5.00,1
RPG Maker XP (Win - 2004),5.00,3
"Pools of Darkness (DOS, Mac, Amiga - 1991)",4.69,19
"Savage 2: A Tortured Soul (Win, Mac, Linux - 2008)",4.57,21
Jagged Alliance 2: Wildfire (Win - 2004),4.00,5
The Mystic Well (Atari ST - 1990),0.00,0
Phantasy Star Universe: Ambition of the Illuminus (Win - 2007),5.00,2
Ancients II: Approaching Evil (DOS - 1994),3.55,11
"Le Maître des âmes (DOS, Amstrad CPC - 1987)",4.00,3
Ultima Online (Win - 1997),0.00,0
"Avernum 6 (Win, Mac - 2010)",3.67,3
Totally Smashed (DOS - 1995),3.00,2
High Grenadier (TurboGrafx CD - 1991),0.00,0
"Vampire: The Masquerade - Redemption (Win, Mac - 2000)",4.80,10
Heathkit DND (DOS - 1985),2.67,3
"Lands of Lore: Guardians of Destiny (DOS, Win - 1997)",4.00,4
Pink Shock Pirates II (PC-98 - 1990),3.50,2
Guardian War (3DO - 1994),3.00,1
"Wrath of Denethenor (C64, Apple II - 1987)",4.50,4
The Wizard's Castle (DOS - 1981),3.91,21
"Ishar 3: The Seven Gates of Infinity (DOS, Amiga, Atari ST - 1994)",4.36,31
Total Eclipse (Dragon 32/64 - 1985),5.00,1
"Disciples of Steel (DOS, Atari ST - 1994)",4.65,17
"System Shock 2 (Win, Mac, Linux - 1999)",4.50,12
"Ring Master II: Forget You Not, Evermore (PC-98, Sharp X68000 - 1989)",1.00,1
"Death Bringer (Sharp X68000, TurboGrafx CD - 1989)",5.00,1
The Magic Candle III (DOS - 1992),4.14,21
Kisō Louga II: The Ends of Shangrila (TurboGrafx CD - 1995),0.00,0
Langrisser II (Genesis - 1994),5.00,3
Fracas (Apple II - 1980),0.00,0
"Phantasie II (C64, Atari 8-bit, Atari ST, Apple II, PC-88 - 1986)",5.00,3
Mazzembly 1997 (DOS - 1996),1.00,1
Larn (DOS - 1986),4.25,8
"Septerra Core: Legacy of the Creator (Win, Mac - 1999)",5.00,2
Shining Force Gaiden: Final Conflict (Game Gear - 1995),5.00,1
Descent to Undermountain (DOS - 1997),3.95,21
Druid: Daemons of the Mind (DOS - 1995),4.55,11
Realm of the Paladin: Deception's Plague (DOS - 1995),2.75,4
"Dragons of Flame (DOS, C64, Amiga, Amstrad CPC, Atari ST, PC-98 - 1989)",3.83,18
Darkstone (Win - 1999),4.77,30
"Ultima VI: The False Prophet (DOS, C64, Amiga, Atari ST, Sharp X68000 - 1990)",4.27,55
Super Samtong (DOS - 1994),5.00,1
Alvaleak Bōkenki (PC-98 - 1993),5.00,2
GROM: ...Terror in Tibet! (Win - 2002),5.00,2
"Uplink: Hacker Elite (Win, Mac, Linux - 2001)",4.83,6
Neverwinter Nights (DOS - 1991),4.50,32
Nox (Win - 2000),4.58,12
Zombie Smashers X2: Punx and Skins (Win - 2005),5.00,3
Walls of Illusion (Atari ST - 1993),0.00,0
Alien Logic (DOS - 1994),4.03,33
Jageun Manyeo (DOS - 1994),0.00,0
"Wizardry V: Heart of the Maelstrom (DOS, C64, Apple II, PC-88, PC-98, TurboGrafx CD - 1988)",4.25,20
Van Buren (Win - 2003),4.75,8
Fantasian (PC-88 - 1985),5.00,1
"Whale's Voyage (DOS, Amiga - 1993)",4.21,19
Record of Lodoss War II (TurboGrafx CD - 1994),0.00,0
Wizardry Chronicle (Win - 2001),4.25,4
"Dark Seraphim (DOS, PC-98 - 1996)",4.75,4
"Crystals of Arborea (DOS, Amiga, Atari ST - 1990)",4.91,11
Mercury: The Prime Master (Sharp X68000 - 1991),0.00,0
Blade & Sword (Win - 2002),4.84,38
"Emerald Densetsu (PC-88, Sharp X68000 - 1990)",4.00,1
"Phantasie (DOS, C64, Amiga, Atari 8-bit, Atari ST, PC-88 - 1988)",4.51,39
"Mashō Denki: La Valeur (PC-88, TurboGrafx CD - 1989)",5.00,1
The Enigma of Ashrella (DOS - 1995),0.00,0
Halls of the Dead: Faery Tale Adventure II (DOS - 1997),4.83,6
Tenshi no Uta II: Datenshi no Sentaku (TurboGrafx CD - 1993),5.00,1
"Madō Monogatari I (Genesis, Game Gear, TurboGrafx CD - 1996)",5.00,7
Surging Aura (Genesis - 1995),5.00,1
AllegroHack (DOS - 2000),4.00,1
Wizardry 8 (Win - 2001),4.40,5
X-Men II: The Fall of the Mutants (DOS - 1991),4.32,25
"Telengard (DOS, C64, Atari 8-bit, Apple II - 1985)",4.61,29
Exile: Wicked Phenomenon (TurboGrafx CD - 1992),0.00,0
NetHack (DOS - 1987),4.90,10
Wizzardz & War Lordz (DOS - 1985),0.00,0
"Zavas (PC-88, Sharp X68000 - 1988)",0.00,0
Excelsior Phase Two: Errondor (Win - 2000),5.00,1
Shadow Company: Left for Dead (Win - 1999),4.93,14
"Knightmare (Amiga, Atari ST - 1991)",5.00,5
"Star Command (DOS, Amiga, Atari ST - 1988)",4.34,32
Chaos in Andromeda: Eyes of the Eagle (Amiga - 1991),5.00,1
Startling Odyssey (TurboGrafx CD - 1993),0.00,0
"The Four Crystals of Trazere (DOS, Amiga, Atari ST - 1992)",4.50,24
SwordThrust (Apple II - 1981),5.00,2
Dunjonquest: Morloc's Tower (Atari 8-bit - 1980),5.00,1
"Ultima II: The Revenge of the Enchantress... (DOS, Mac, C64, Atari 8-bit, Atari ST, Apple II, PC-88 - 1983)",4.28,25
Visions of Aftermath: The Boomtown (DOS - 1988),4.13,8
Yesterday (Sharp X68000 - 1990),4.00,1
Silver Ghost (PC-88 - 1988),5.00,2
Tower of Myraglen (Apple IIgs - 1987),4.00,1
"Hack (DOS, Atari ST - 1984)",4.29,7
Might and Magic IX (Win - 2002),4.40,5
Psionics (DOS - 1993),5.00,4
"Zeliard (DOS, PC-88 - 1990)",4.54,39
Princess Minerva (TurboGrafx CD - 1994),5.00,3
"Baldur's Gate (Win, Mac - 1998)",4.31,13
"Demon's Winter (DOS, C64, Amiga, Apple II - 1989)",4.47,17
Vampire Hunters (Win - 2007),5.00,1
"The Bard's Tale II: The Destiny Knight (DOS, C64, Amiga, Apple II, Apple IIgs, PC-98 - 1988)",4.37,27
"The Stone of Sisyphus (Atari 8-bit, Apple II - 1981)",2.00,3
"Bretonne Lais (PC-98, Sharp X68000 - 1989)",5.00,2
"Blades of Avernum (Win, Mac - 2004)",0.00,0
Ragnarok (DOS - 1992),4.41,27
Stronghold (DOS - 1993),4.30,47
Star Wars: Galaxies - An Empire Divided (Win - 2003),4.24,170
Dungeon Lords (Win - 2005),5.00,2
"Sword of Fargoal (C64, VIC-20 - 1983)",4.58,12
Ten Nights of Killing and Mayhem at F.J.B. II (DOS - 1996),4.00,1
Warhammer: Dark Omen (Win - 1998),4.44,110
"Quest for Glory: Shadows of Darkness (DOS, Win 3.x - 1993)",4.59,45
"The Bard's Tale Construction Set (DOS, Amiga - 1991)",4.40,10
"Burntime (DOS, Amiga - 1993)",4.84,31
King's Quest: Mask of Eternity (Win - 1998),4.35,59
Swords & Serpents (Intellivision - 1983),4.00,1
The Magic Candle II: The Four and Forty (DOS - 1991),4.48,21
Breach 3 (DOS - 1995),4.29,28
AlphaMan (DOS - 1995),4.80,5
Angband (DOS - 1993),4.50,8
The Aethra Chronicles: Volume One - Celystra's Bane (DOS - 1994),4.00,10
"Wizardry: Bane of the Cosmic Forge (DOS, Mac, Amiga - 1990)",4.47,36
"Fallout 2 (Win, Mac - 1998)",4.31,29
Thunder Blade : the Maniac (Win - 1999),5.00,1
Age of Pirates: Caribbean Tales (Win - 2005),0.00,0
Clans (Win - 1999),5.00,3
Minotaur: The Labyrinths of Crete (Mac - 1992),5.00,1
AdventureWriter (DOS - 1983),3.88,8
Dragon Half (PC-98 - 1993),5.00,3
Lucienne's Quest (3DO - 1995),4.50,2
Megami Tensei Gaiden: Last Bible Special (Game Gear - 1995),4.50,2
Planet's Edge: The Point of no Return (DOS - 1991),4.58,24
Relics: The Recur of Origin (Win - 1999),4.75,4
"Fate (Win, Mac - 2005)",4.29,7
İstanbul Efsaneleri: Lale Savaşçıları (Amiga - 1994),4.50,14
Dark Disciples (Win - 2004),5.00,9
Hex (Amiga - 1986),3.75,4
Megami Tengoku (TurboGrafx CD - 1994),0.00,0
"The Valley (C64, ZX Spectrum, BBC Micro - 1983)",5.00,1
Loremaster (DOS - 1991),0.00,0
Suikoden II (Win - 2003),4.77,13
Sword of Vermilion (Genesis - 1989),4.50,2
Ultima Underworld: The Stygian Abyss (DOS - 1992),4.42,119
Талисман (Win - 2003),5.00,1
EON (Win - 2014),4.33,3
Startling Odyssey II: Maryū Sensō (TurboGrafx CD - 1994),0.00,0
"Pool of Radiance (DOS, Mac, C64, Amiga, Apple II - 1988)",4.59,70
The Infernal Tome (DOS - 1994),2.60,5
Volcanic Dungeon (ZX Spectrum - 1983),5.00,1
Don't Go Alone (DOS - 1989),4.00,12
Kargon (Amiga - 1996),4.67,3
Feng Yun 2: Qi Wuqi (Win - 2001),5.00,1
"Princess Maker 2 (DOS, 3DO, TurboGrafx CD - 1993)",4.71,17
"2400 A.D. (DOS, Apple II - 1988)",4.31,25
Another War (Win - 2002),0.00,0
Dungeon Explorer II (TurboGrafx CD - 1993),5.00,2
Amaranth KH: Stellar Ōkoku Kenkokutan (PC-98 - 1995),5.00,1
Hong Gildong-jeon (DOS - 1993),4.00,1
"Dunjonquest: Temple of Apshai (DOS, C64, Atari 8-bit, Apple II, VIC-20 - 1982)",4.00,10
"Ultima I (DOS, C64, Apple II, PC-88 - 1987)",4.25,44
Albion (DOS - 1995),4.61,64
Brave Battle Saga (Genesis - 1996),0.00,0
"Might and Magic: World of Xeen (DOS, Mac - 1994)",4.38,55
Mugen no Shinzō II (PC-88 - 1985),2.50,2
"Wizardry: Proving Grounds of the Mad Overlord (DOS, Mac, C64, Apple II, PC-88, PC-98 - 1984)",4.30,64
Meridian 59 (Win - 1996),4.00,2
Sword Quest 1: The Search (DOS - 1992),0.00,0
"Icewind Dale (Win, Mac - 2000)",4.00,4
Necromania: Trap of Darkness (Win - 2002),0.00,0
Amaranth IV (PC-98 - 1995),3.75,4
Ruin: Kami no Isan (TurboGrafx CD - 1993),0.00,0
"Beneath Apple Manor (DOS, Atari 8-bit, Apple II - 1983)",3.75,20
Silverfall (Win - 2006),5.00,1
"Drakkhen (DOS, Amiga, Atari ST, Sharp X68000 - 1989)",4.45,11
Farland Symphony (Win - 2002),4.50,8
Trapped (Amiga - 1996),2.00,1
"Abandoned Places: A Time for Heroes (DOS, Amiga - 1992)",4.00,18
Hurlements (DOS - 1988),4.00,5
Dink SmallWood (Win - 1998),4.61,18
Ancient Evil: Curse of the Snake Cult (Win - 2001),0.00,0
Magocracy (DOS - 2004),5.00,1
The Legend of Xanadu II (TurboGrafx CD - 1995),4.50,2
"The Standing Stones (C64, Apple II - 1984)",4.50,2
First Queen II: Sabaku no Joō (Sharp X68000 - 1992),0.00,0
Star Wars: Knights of the Old Republic II - The Sith Lords (Win - 2005),5.00,4
Pay Day (Win - 2003),5.00,1
Gooka: The Mystery of Janatris (Win - 2004),0.00,0
Desperabis (DOS - 2000),5.00,3
Wizardry Empire: Inishie no Oujo (Win - 2000),5.00,2
Castle of the Winds (Win 3.x - 1993),4.71,188
Phantasy Star Gaiden (Game Gear - 1992),0.00,0
Star Breaker (TurboGrafx CD - 1994),0.00,0
"Expedition Amazon (C64, Apple II, PC-88 - 1984)",5.00,4
Chikyū Senshi Rayieza (PC-88 - 1985),5.00,1
Azalta (DOS - 1996),5.00,2
Genesis: Beyond the Revelation (PC-88 - 1988),5.00,1
Quiz Avenue III (TurboGrafx CD - 1994),0.00,0
Fate Master (Atari ST - 1992),5.00,1
Lamia-1999 (PC-88 - 1987),0.00,0
"Legend of Faerghail (DOS, Amiga, Atari ST - 1990)",4.25,16
Kawa no Nushi Tsuri: Shizenha (TurboGrafx CD - 1992),5.00,1
Divine Divinity (Win - 2002),5.00,3
The Bard's Tale (Win - 2005),4.50,2
Lunatic Dawn IV (Win - 2000),4.33,3
Beyond Oasis (Genesis - 1994),5.00,1
The Lord of the Rings: War of the Ring (Win - 2003),4.45,71
"Ascii Sector (DOS, Win, Mac, Linux - 2007)",5.00,4
Brandish 2: The Planet Buster (PC-98 - 1993),5.00,1
"Star Wars: Knights of the Old Republic (Win, Mac - 2003)",4.25,8
"Sorcerian (DOS, Genesis, PC-88, PC-98, TurboGrafx CD - 1990)",4.38,16
Ys IV: The Dawn of Ys (TurboGrafx CD - 1993),4.50,2
Amaranth III (DOS - 1994),5.00,1
"Secret of the Silver Blades (DOS, Mac, C64, Amiga - 1990)",4.27,33
Crusaders of Might and Magic (Win - 1999),4.83,6
Arcanum: Of Steamworks & Magick Obscura (Win - 2001),4.47,15
Cosmic Fantasy 3: Bōken Shōnen Rei (TurboGrafx CD - 1992),0.00,0
"Moria (DOS, Mac, Acorn 32-bit - 1988)",4.50,36
Arcanum knights (Win - 2011),4.00,2
Jehard (PC-88 - 1987),5.00,1
"The Legend of Blacksilver (C64, Apple II - 1988)",4.63,8
Quest ][ (DOS - 1995),1.50,2
"Alien Fires: 2199 AD (DOS, Amiga, Atari ST - 1988)",4.75,4
Conqueror: A.D. 1086 (DOS - 1995),4.46,24
Legion (Amiga - 1996),4.40,10
Dark Designs I: Grelminar's Staff (DOS - 1991),4.50,2
Farland Story: Shirogane no Tsubasa (PC-98 - 1994),5.00,2
Jaktar: Der Elfenstein (Amiga - 1995),0.00,0
Shadowkeep (Apple II - 1984),4.33,3
"Taikō Risshiden (Genesis, Sharp X68000 - 1993)",0.00,0
Caverns of Xaskazien (DOS - 1995),0.00,0
"Avernum V (Win, Mac - 2008)",3.00,2
"The Return of Heracles (C64, Atari 8-bit, Apple II - 1985)",3.67,3
Lords of Doom: Part One - The Black God (DOS - 1996),5.00,1
"Last Armageddon (PC-88, PC-98, Sharp X68000, TurboGrafx CD - 1988)",3.67,3
Defenders of Oasis (Game Gear - 1992),3.33,3
"Might and Magic II: Gates to Another World (DOS, Mac, Genesis, C64, Amiga, PC-88 - 1989)",4.44,36
Curse of Dragor (Mac - 1995),5.00,2
Dao Jian Feng Mo Lu 2 (Win - 2003),4.75,4
Battle of the Youstrass (Win - 2000),0.00,0
Gothic (Win - 2001),5.00,17
Lizard (PC-88 - 1984),0.00,0
Age of Pirates 2: City of Abandoned Ships (Win - 2009),3.75,4
Gensō Tairiku Auleria (TurboGrafx CD - 1993),0.00,0
Evets: The Ultimate Adventure (DOS - 1988),3.00,7
Momotarō Densetsu (Sharp X68000 - 1988),0.00,0
Miracle Warriors: Seal of the Dark Lord (Master System - 1987),5.00,2
Shuihuzhuan (Genesis - 1996),5.00,1
"Dunzhin (C64, Atari 8-bit - 1983)",5.00,1
Appare-den: Fukuryū no Shō (PC-98 - 1995),5.00,3
Defender of Boston: The Rock Island Mystery (DOS - 1992),3.47,17
Rings of Power (Genesis - 1991),5.00,2
Shining Force (Genesis - 1992),5.00,5
Oregon Trail Deluxe (DOS - 1992),4.22,1481
"Champions of Krynn (DOS, C64, Amiga, Apple II - 1990)",4.55,29
Runestone (Amstrad CPC - 1986),0.00,0
"The Dark Queen of Krynn (DOS, Mac, Amiga - 1992)",4.33,30
Kidō Keisatsu Patlabor: 98-Shiki Kidō seyo! (Genesis - 1992),0.00,0
Tir-nan-óg: The Forbidden Tower (PC-88 - 1990),0.00,0
Gage (PC-98 - 1992),5.00,3
Alice in Wonderland (Win - 1997),5.00,2
Mafia (C64 - 1986),4.73,11
Prophecy of The Shadow (DOS - 1992),4.42,12
The Walls of Bratock (DOS - 1994),0.00,0
"Shadowlands (DOS, Amiga, Atari ST - 1992)",4.60,10
"Dragon Crystal (Master System, Game Gear - 1991)",4.67,3
"Diablo II (Win, Mac - 2000)",4.50,14
Crimson II (PC-88 - 1989),5.00,1
Tir-nan-óg II: The Sign of Chaos (PC-98 - 1989),1.00,1
"The Keys to Maramon (DOS, C64, Amiga - 1990)",4.26,19
"Freedom Force (Win, Mac - 2002)",5.00,2
Empire I: World Builders (Apple II - 1981),5.00,1
Pillars of Garendall (Mac - 2001),5.00,5
Argo (PC-88 - 1986),5.00,1
Exile III: Ruined World (Win 3.x - 1997),3.50,4
"Moonstone: A Hard Days Knight (DOS, Amiga - 1992)",4.58,105
Liberation: Captive II (Amiga - 1994),4.38,8
"Ultima (Atari 8-bit, Apple II - 1983)",4.80,5
Might and Magic VII: For Blood and Honor (Win - 1999),4.39,11
Shining Force CD (SEGA CD - 1994),4.50,20
Lunar: Sanpo-suru Gakuen (Game Gear - 1996),5.00,1
The Fate (Win - 2003),4.35,17
Darkstone: Necromina (Win - 1998),5.00,1
Xuanyuan Jian 2 (DOS - 1994),3.33,3
Ken to Mahō (PC-88 - 1983),0.00,0
Yendorian Tales: The Tyrants of Thaine (DOS - 1997),4.63,8
Shadowforge (Apple II - 1990),5.00,1
Dark Sun: Wake of the Ravager (DOS - 1994),4.58,36
Reargard (DOS - 1989),5.00,2
Goldenland: Cold Heaven (Win - 2003),0.00,0
Imperium Galactica (DOS - 1997),4.83,6
Whale's Voyage II: Die Übermacht (Amiga - 1995),3.00,2
O.D.T.: Escape... or Die Trying (Win - 1998),4.52,21
Record of Lodoss War: Haiiro no Majo (Sharp X68000 - 1991),0.00,0
Future Zero (Win - 2000),0.00,0
"Phantasie IV: The Birth of Heroes (PC-88, Sharp X68000 - 1990)",4.50,4
Ys II Special (DOS - 1994),5.00,2
"Space 1889 (DOS, Amiga, Atari ST - 1990)",4.47,15
Hexx: Heresy of the Wizard (DOS - 1994),4.50,44
Lands of Lore III (Win - 1999),4.67,3
The Temple of Elemental Evil: A Classic Greyhawk Adventure (Win - 2003),5.00,1
Black Crypt (Amiga - 1992),4.80,10
"DeathKeep (Win, 3DO - 1996)",0.00,0
Last Guardian 2: Yomi no Fūin (PC-98 - 1996),4.00,2
The Red Crystal: The Seven Secrets of Life (DOS - 1993),3.67,3
Legend of the Red Dragon II: New World (DOS - 1992),3.50,10
AD&D Dark Sun Online: Crimson Sands (Win - 1996),4.09,35
"Avernum 2 (Win, Mac - 2001)",3.25,4
Blood Gear (TurboGrafx CD - 1994),0.00,0
Hexplore (Win - 1998),4.11,9
Alnam no Kiba: Jūzoku Jūnishinto Densetsu (TurboGrafx CD - 1994),5.00,2
"BloodNet (DOS, Amiga - 1993)",4.24,35
Swords & Sorcery (Amstrad CPC - 1986),4.00,2
Duo Princess (Win - 2003),5.00,3
KO Seiki Beast Sanjūshi: Gaia Fukkatsu - Kanketsuhen (TurboGrafx CD - 1994),0.00,0
Shattered Light (Win - 1999),5.00,1
10Rogue (DOS - 1984),4.66,29
Moraff's World (DOS - 1991),3.88,24
"Ys: The Vanished Omens (DOS, Master System, Apple IIgs, PC-88 - 1989)",4.64,11
"Wizardry: Knight of Diamonds - The Second Scenario (DOS, C64, Apple II, PC-88, PC-98 - 1987)",4.10,40
Relics: The 2nd Birth (Win - 2001),5.00,1
"Legends of Valour (DOS, Amiga, Atari ST - 1992)",4.59,17
Swords of Glass (DOS - 1986),3.80,5
Shining Force: The Sword of Hajya (Game Gear - 1993),4.40,5
Eamon (DOS - 1988),4.00,7
"Heretic Kingdoms: The Inquisition (Win, Mac - 2004)",0.00,0
Sword Quest 2: Tale of the Talisman (DOS - 1993),0.00,0
Towers II: Plight of the Stargazer (Win - 1996),3.50,4
Space Rangers (Win - 2002),5.00,4
Heavy on the Magick (Amstrad CPC - 1986),0.00,0
Abandoned Places 2 (Amiga - 1993),4.00,10
"Caroll (PC-98, Sharp X68000 - 1990)",5.00,1
First Queen (Sharp X68000 - 1989),0.00,0
Kivi's Underworld (Win - 2008),5.00,4
Pangea - Return to Planet Earth (DOS - 1993),3.60,10
Shadow Vault (Win - 2004),5.00,1
"Avernum (Win, Mac - 2000)",5.00,3
Adventure XT (DOS - 2007),3.00,2
Gorasul: The Legacy of the Dragon (Win - 2001),4.29,7
Another Genesis (PC-98 - 1990),3.25,4
US Special Forces: Team Factor (Win - 2002),4.00,1
Phantasy Star Online: Blue Burst (Win - 2004),4.38,13
"Might and Magic: Book One - Secret of the Inner Sanctum (DOS, Mac, C64, PC-88 - 1987)",4.31,26
Dungeon Quest (DOS - 1985),4.20,5
Escape from Ragor (DOS - 1995),0.00,0
"Dragon Lord (DOS, Amiga - 1990)",4.39,31
Bloodstone: An Epic Dwarven Tale (DOS - 1993),4.25,20
Madō Monogatari III: Kyūkyoku Joō-sama (Game Gear - 1994),0.00,0
Magic & Mayhem (Win - 1998),4.77,43
Exile: Escape from the Pit (Win 3.x - 1995),4.75,4
Iljimae-jeon: Manman Papa Sikjeok-pyeon (DOS - 1994),0.00,0
Arx Fatalis (Win - 2002),4.44,9
"Deathlord (C64, Apple II - 1988)",5.00,3
"Obitus (DOS, Amiga, Atari ST - 1991)",4.41,32
Perihelion (Amiga - 1993),4.38,13
Treehouse Truants (DOS - 1994),3.00,2
Darghul (DOS - 1994),5.00,2
Leygref's Castle (DOS - 1986),3.40,5
Quest for Glory III: Wages of War (DOS - 1992),4.48,45
Rent A Hero (Genesis - 1991),5.00,1
Quarterstaff (Mac - 1987),4.00,1
"Towers: Lord Baniff's Deceit (DOS, Atari ST - 1994)",5.00,2
Corpse-Party (PC-98 - 1996),4.67,9
Forgotten Realms: Demon Stone (Win - 2004),5.00,1
"Eye of the Beholder (DOS, Amiga - 1991)",4.50,73
"Ultima I (DOS, C64, MSX, Apple II, Apple IIgs, PC-88, PC-98 - 1987)",3.00,2
Crystal Dragon (Amiga - 1994),5.00,3
"Ishar: Legend of the Fortress (DOS, Amiga, Atari ST - 1992)",4.50,8
Maze Master (C64 - 1983),4.50,2
"Ultima V: Warriors of Destiny (DOS, C64, Amiga, Atari ST, Apple II, Sharp X68000 - 1988)",4.66,35
Star Odyssey (Genesis - 1991),4.33,3
Fates of Twinion (DOS - 1993),4.00,13
Evil Islands: Curse of the Lost Soul (Win - 2000),4.67,6
"Blades of Exile (Win 3.x, Mac - 1998)",4.60,10
"Questron (C64, Atari 8-bit, Apple II - 1984)",4.58,12
"Dragon Slayer: The Legend of Heroes (DOS, Genesis, PC-88, Sharp X68000, TurboGrafx CD - 1990)",4.67,3
Xin Xianjian Qixia Zhuan (Win - 2001),5.00,2
Phantasy Star III: Generations of Doom (Genesis - 1990),5.00,1
"Neverwinter Nights (Win, Mac - 2002)",4.25,8
ōdi∙um (Win - 1999),4.75,4
"Robinson's Requiem (DOS, Mac, Amiga, Atari ST - 1994)",4.54,29
Samurai Mech (Mac - 1992),5.00,2
"Black Magic (C64, Amstrad CPC, Apple II - 1987)",4.60,5
Menzoberranzan (DOS - 1994),4.45,20
The Kingdom of Syree (DOS - 1992),3.40,5
"Dungeon Siege (Win, Mac - 2002)",4.20,25
Burai II: Yami Kōtei no Gyakushū (TurboGrafx CD - 1992),4.00,1
"EVE Online (Win, Mac, Linux - 2003)",5.00,2
"Fortress of the Witch King (C64, Apple II - 1984)",5.00,4
"Geneforge 3 (Win, Mac - 2005)",0.00,0
"Magic Island: The Secret of Stones (Amiga, Amiga CD32 - 1995)",3.50,2
"Rogue (DOS, Mac, C64, Amiga, Amstrad CPC, Atari 8-bit, Atari ST - 1984)",4.57,76
Mission: Mainframe (DOS - 1987),3.83,6
"Warhammer: Shadow of the Horned Rat (Win, Win 3.x - 1995)",4.90,10
Al-Qadim: The Genie's Curse (DOS - 1994),4.55,29
"Worlds of Legend: Son of the Empire (DOS, Amiga - 1993)",4.78,23
"Gateway to Apshai (C64, Atari 8-bit, ColecoVision - 1984)",4.00,5
"Dungeon Master II: Skullkeep (DOS, Mac, Amiga - 1995)",4.68,60
The Elder Scrolls: Chapter II - Daggerfall (DOS - 1996),4.49,79
"Mandragore (C64, Amstrad CPC, Apple II - 1986)",4.00,3
Anachronox (Win - 2001),3.00,7
Space Griffon VF-9 (Win - 2000),5.00,2
"Super Hydlide (Genesis, PC-88 - 1989)",5.00,2
"Ultima IV: Quest of the Avatar (DOS, C64, Master System, Amiga, Atari 8-bit, Atari ST, Apple II, PC-88, PC-98, Sharp X68000 - 1987)",4.38,47
Brandish (TurboGrafx CD - 1994),4.83,6
"Ring Master I: The Shadow of Filias (PC-98, Sharp X68000 - 1988)",4.00,3
Persona (Win - 1999),5.00,3
Atria II: The Resurrection (Win - 1998),5.00,2
"The Lords of Midnight (C64, Amstrad CPC - 1985)",4.92,12
Digital Devil Monogatari: Megami Tensei (PC-88 - 1987),5.00,3
Omega (DOS - 1988),5.00,1
Samurai Mech II (Mac - 1994),5.00,3
"Unlimited Adventures (DOS, Mac - 1993)",4.64,22
"Hired Guns (DOS, Amiga - 1993)",4.34,21
Sorcerian Forever (Win - 1997),5.00,3
Ancient Domains of Mystery (DOS - 1996),4.92,12
Final Fantasy VII (Win - 1998),4.00,18
Tōgi Ō: King Colossus (Genesis - 1992),3.75,4
"Phantasie III: The Wrath of Nikademus (DOS, C64, Amiga, Atari ST, PC-88, Sharp X68000 - 1988)",4.24,21
Lunar: The Silver Star (SEGA CD - 1992),4.13,8
Daemonsgate (DOS - 1993),3.00,6
Lords of Midnight (DOS - 1995),3.86,28
"Captive (DOS, Amiga, Atari ST - 1992)",4.56,23
Ultima: Escape from Mt. Drash (VIC-20 - 1983),5.00,2
"Summoner (Win, Mac - 2001)",4.75,4
"Xak: The Art of Visual Stage (PC-88, PC-98, Sharp X68000 - 1989)",5.00,2
Anarchy Online (Win - 2001),3.67,3
Xuanyuan Jian (DOS - 1990),3.00,3
Halls of Death (C64 - 1983),5.00,2
Cosmic Soldier (PC-88 - 1985),5.00,3
NightStone (Win - 2001),4.44,16
Enigma Force (C64 - 1986),5.00,7
Dungeon Explorer (DOS - 1990),5.00,9
Caramel Quest: Meitenkyō no Megami Zō (PC-98 - 1991),5.00,1
Warriors of Legend (DOS - 1993),4.74,34
"Heimdall (DOS, Amiga, Atari ST - 1992)",4.69,19
The Elder Scrolls III: Morrowind (Win - 2002),4.56,16
Dragon Knight & Graffiti (TurboGrafx CD - 1995),5.00,1
Trial by Magic (DOS - 1995),4.14,7
Journey's End (Win - 2001),4.67,3
Efera & Jiliora: The Emblem from Darkness (TurboGrafx CD - 1991),0.00,0
Farland Story: Tenshi no Namida (PC-98 - 1994),5.00,1
"Keef the Thief: A Boy and His Lockpick (DOS, Amiga, Apple IIgs - 1989)",3.75,12
Pool of Radiance: Ruins of Myth Drannor (Win - 2001),4.41,32
The Nine Lives of Secret Agent Katt (DOS - 1991),3.92,12
Jagged Alliance 2 (Linux - 2000),4.60,5
Crimson (PC-88 - 1987),5.00,3
Battle Moon Wars (Win - 2005),4.81,16
Wizardry Empire II: Oujo no Isan (Win - 2002),5.00,1
"Xianjian Qixia Zhuan (DOS, Win - 1995)",4.18,11
Demon's Eye III (PC-98 - 1998),5.00,1
Invictus: In the Shadow of Olympus (Win - 2000),4.67,3
Nahlakh (DOS - 1994),4.43,7
Night Watch (Win - 2005),4.50,6
I of the Dragon (Win - 2002),4.00,3
Neophyte: The Spirit Master (Win - 1999),5.00,1
The Legend of Xanadu (TurboGrafx CD - 1994),5.00,1
Madō Monogatari II: Arle 16-sai (Game Gear - 1994),0.00,0
Far the Earth no Jakōtei: Neo Metal Fantasy (TurboGrafx CD - 1992),0.00,0
"Quest for Glory I: So You Want To Be A Hero (DOS, Mac - 1992)",4.52,74
Anvil of Dawn (DOS - 1995),4.32,34
Quest for Glory V: Dragon Fire (Mac - 1998),4.33,15
Braminar (DOS - 1987),5.00,3
"Quarterstaff: The Tomb of Setmoth (Mac, Sharp X68000 - 1988)",5.00,2
Sylvan Tale (Game Gear - 1995),5.00,1
Rogue: The Adventure Game (DOS - 1983),4.32,41
"Dungeon Master (DOS, Amiga, Atari ST, Apple IIgs, PC-98, Sharp X68000 - 1992)",4.69,93
Karma (DOS - 1987),4.50,2
"Sword of Kadash (C64, Atari ST, Apple II - 1985)",4.20,5
Sudeki (Win - 2005),5.00,2
Antares (Amiga - 1991),4.50,6
Nekketsu Legend Baseballer (TurboGrafx CD - 1995),0.00,0
Advanced Fantasian: Quest for Lost Sanctuary (PC-88 - 1988),5.00,5
Dungeons & Dragons: Warriors of the Eternal Sun (Genesis - 1992),4.46,13
"Knights of Legend (DOS, C64 - 1990)",4.51,37
Celtic Tales: Balor of the Evil Eye (DOS - 1995),4.43,51
Dracula in London (Win 3.x - 1993),0.00,0
Dismal Passages (DOS - 1992),0.00,0
"Hero's Quest: So You Want To Be A Hero (DOS, Amiga, Atari ST - 1989)",4.50,72
"Star Saga: Two - The Clathran Menace (DOS, Apple IIgs - 1989)",4.43,7
Panorama Toh (PC-88 - 1983),4.00,1
Blood Zero (Win - 2003),5.00,3
"Avernum IV (Win, Mac - 2006)",1.00,2
Seal of the Pharaoh (3DO - 1994),1.00,1
Foreigner (PC-98 - 1991),2.50,2
Prophecy (DOS - 1989),4.00,6
"Geneforge 4: Rebellion (Win, Mac - 2007)",5.00,1
"Kaiv (C64, Atari 8-bit - 1983)",2.00,2
"Shard of Spring (DOS, C64, Apple II - 1987)",4.83,6
Tadaima Yūsha Boshūchū (TurboGrafx CD - 1993),0.00,0
Crystal Warriors (Game Gear - 1991),4.67,3
"Planescape: Torment (Win, Mac, Linux - 1999)",4.33,6
Might and Magic: Darkside of Xeen (DOS - 1993),4.47,19
DND (DOS - 1984),4.50,16
Tir-nan-óg: Descendants of Danaan (PC-98 - 1987),1.00,1
Space Funeral 3 (Win - 2013),5.00,4
Blind Justice (DOS - 1995),3.46,13
"Alternate Reality: The Dungeon (C64, Atari 8-bit, Apple II - 1987)",5.00,4
Blaze & Blade: Eternal Quest (Win - 1999),4.00,6
Brandish VT (PC-98 - 1996),5.00,4
"Arcus II: Silent Symphony (PC-88, Sharp X68000 - 1989)",5.00,1
"Quest for Glory II: Trial by Fire (DOS, Amiga - 1990)",4.37,38
Amaranth (PC-98 - 1990),3.50,4
46 Okunen Monogatari: The Shinkaron (PC-98 - 1990),4.10,10
Die Prüfung (C64 - 1993),5.00,3
"Ali Baba and the Forty Thieves (Atari 8-bit, Apple II, PC-88 - 1981)",4.75,4
Paladin Quest Disk: The Scrolls of Talmouth (DOS - 1988),5.00,5
Toontown Online (Win - 2003),4.33,6
Legend of the Red Dragon (DOS - 1992),4.21,19
The Amulet (DOS - 1983),0.00,0
Wizardry: Crusaders of the Dark Savant (DOS - 1992),4.79,35
Linda³ (TurboGrafx CD - 1995),0.00,0
Vampire: The Masquerade - Bloodlines (Win - 2004),4.33,18
Foresight Dolly (DOS - 1995),5.00,1
Midgard (Win - 1998),4.33,6
"Stuart Smith's Adventure Construction Set (DOS, C64 - 1987)",4.44,16
Mugen no Shinzō III (PC-88 - 1990),5.00,2
Dungeon (PC-88 - 1983),0.00,0
"Geneforge (Win, Mac - 2002)",3.00,2
Ultima VII: The Black Gate (DOS - 1992),4.51,67
"Wasteland (DOS, C64, Apple II - 1989)",4.32,116
World of Aden: Thunderscape (DOS - 1995),4.29,17
Amulet of Yendor (DOS - 1985),4.11,9
Wizard Wars (DOS - 1988),4.27,11
Hydlide II: Shine of Darkness (PC-88 - 1985),5.00,1
"Pagan: Ultima VIII Gold (DOS, PC-98 - 1994)",5.00,1
The Elder Scrolls: Arena (DOS - 1994),4.51,119
Sin'geom-ui Jeonseol - Dream Traveler Part 1 (Apple II - 1987),0.00,0
The Citadel of Chaos (C64 - 1984),5.00,2
"Nethergate (Win, Mac - 1998)",5.00,1
Mugen no Shinzō (PC-88 - 1984),5.00,2
Nemesis: The Wizardry Adventure (DOS - 1996),4.11,9
Breath of Fire IV (Win - 2003),4.74,53
Tuned Heart (PC-98 - 1996),5.00,2
"Drachen von Laas (DOS, Amiga, Atari ST - 1991)",5.00,2
Ragnarök Online (Win - 2002),5.00,2
"The Magic Candle: Volume 1 (DOS, C64 - 1989)",4.50,14
"Once Upon a Knight (Win, Mac - 2003)",3.67,3
Phantasy Star IV (Genesis - 1993),4.67,6
Vor Terra (DOS - 1996),5.00,1
"Betrayal in Antara (Win, Win 3.x - 1997)",4.20,5
Farland Story: Daichi no Kizuna (PC-98 - 1995),5.00,1
"Dragon Wars (DOS, C64, Amiga, Apple II, Sharp X68000 - 1990)",4.61,23
"Waxworks (DOS, Amiga - 1992)",4.36,42
"Curse of the Azure Bonds (DOS, Mac, C64, Amiga, Apple II, PC-98 - 1989)",4.48,38
Mirai (PC-88 - 1985),0.00,0
Sorcerer's Kingdom (Genesis - 1992),5.00,1
"Silver (Win, Mac - 1999)",4.88,8
DataJack (Win - 2013),5.00,3
DungeonHack (Linux - 2009),4.20,5
"StarQuest: Star Warrior (DOS, Atari 8-bit - 1983)",4.00,4
Dragonfire: The Well of Souls (Win - 1999),4.33,3
"Dragon's Eye (Atari 8-bit, Apple II - 1981)",5.00,2
"Legend of the Ancient Dragon (DOS, Win - 1996)",0.00,0
Return to Krondor (Win - 1998),5.00,1
"Wizard's Crown (DOS, C64, Atari 8-bit, Atari ST, Apple II - 1987)",4.71,31
Phantasy Star Online (Win - 2000),4.00,16
"Hard Nova (DOS, Amiga, Atari ST - 1990)",4.17,24
"Amberstar (DOS, Amiga, Atari ST - 1992)",4.18,29
Domain Wars (Win - 2001),0.00,0
"Heimdall 2: Into the Hall of Worlds (DOS, Amiga - 1994)",4.28,18
Zlatogorye 2 (Win - 2003),0.00,0
Dragon Half (TurboGrafx CD - 1994),0.00,0
"Legacy of The Ancients (DOS, C64 - 1989)",4.50,16
Mazzembly 3D (DOS - 1997),0.00,0
Dungeons & Dragons: Dragonshard (Win - 2005),4.67,3
"Exodus: Ultima III (DOS, C64, Amiga, Atari 8-bit, Atari ST, PC-88 - 1985)",4.43,40
Icewind Dale II (Win - 2002),3.50,2
Phantasy Star II (Genesis - 1989),5.00,1
"Jagged Alliance 2: Unfinished Business (Win, Mac - 2000)",3.75,4
An Elder Scrolls Legend: Battlespire (DOS - 1997),3.31,16
"Paladin (DOS, Amiga - 1988)",4.41,17
"""Tahl"": Uncover the Evil Within (Win - 1999)",4.43,20
Sol Bianca (TurboGrafx CD - 1990),0.00,0
"HeroQuest (DOS, C64, Amiga - 1991)",4.65,40
Quick Majik Adventure (DOS - 1991),2.75,4
Sol Moonarge (TurboGrafx CD - 1994),0.00,0
Spelljammer: Pirates of Realmspace (DOS - 1992),4.47,32
"Shadowfire (C64, Amstrad CPC - 1985)",5.00,3
The Romance of Forgotten Kingdom (DOS - 1995),4.00,1
Moraff's Revenge (DOS - 1988),4.36,14
Aurora Quest: Otaku no Seiza in Another World (TurboGrafx CD - 1993),0.00,0
"Shadow Sorcerer (DOS, Amiga - 1991)",4.38,8
Pirates of the Caribbean (Win - 2003),4.47,21
Fatal Labyrinth (Genesis - 1990),4.00,2
Dice Fantasy (Win - 2003),3.75,4
Legends of Murder II: Grey Haven (DOS - 1991),3.89,9
"B.A.T. (DOS, C64, Amiga, Amstrad CPC, Atari ST - 1990)",3.56,39
Demise: Rise of the Ku'tan (Win - 2000),4.00,7
Zakato: Maan (DOS - 1995),5.00,1
Buck Rogers: Countdown to Doomsday (Genesis - 1991),5.00,6
Megami Ibunroku Persona Digital Collection (Win - 1998),5.00,1
"Burai: Jōkan (PC-88, PC-98 - 1989)",3.00,1
Yendorian Tales: Book I (DOS - 1994),4.71,7
Cosmic Fantasy: Bōken Shōnen Yū (TurboGrafx CD - 1990),0.00,0
Revelations: The Demon Slayer (Game Gear - 1994),4.00,5
"Gateway to the Savage Frontier (DOS, C64, Amiga - 1991)",4.57,14
Legends of Murder: Volume 1 - Stonedale Castle (DOS - 1989),3.60,5
Le Diamant de l'Île Maudite (Amstrad CPC - 1986),0.00,0
Ultima VII: Part Two - Serpent Isle (DOS - 1993),4.63,32
Gandhara: Buddha no Seisen (PC-88 - 1987),0.00,0
"The Faery Tale Adventure: Book I (DOS, Genesis, C64, Amiga - 1989)",4.47,17
Konung 2: Blood of Titans (Win - 2003),4.75,4
Exile II: Crystal Souls (Win 3.x - 1996),5.00,1
"Cruise Chaser Blassty (PC-88, PC-98 - 1986)",3.00,1
The Dragon Sword (DOS - 1990),3.75,4
"Sentinel Worlds I: Future Magic (DOS, C64 - 1988)",4.36,47
"Xyphus (Mac, C64, Apple II - 1985)",5.00,3
X-Men: Legends II - Rise of Apocalypse (Win - 2005),4.49,78
Lagoon (Sharp X68000 - 1990),4.50,2
Burai: Hachigyoku no Yūshi Densetsu (TurboGrafx CD - 1991),0.00,0
"Tower of Souls (DOS, Amiga - 1995)",3.50,4
"Geneforge 2 (Win, Mac - 2003)",0.00,0
"Spirit of Adventure (DOS, C64, Amiga, Atari ST - 1991)",4.57,31
"Eye of the Beholder III: Assault on Myth Drannor (DOS, PC-98 - 1993)",4.38,34
Circuit's Edge (DOS - 1990),4.89,28
Bob's Dragon Hunt (DOS - 1992),4.17,6
War Along the Mohawk (Win - 1998),4.67,3
Sea Dogs (Win - 2000),5.00,3
Requital (Win - 2006),5.00,2
Waterworld (DOS - 1997),4.40,5
Ys: Book I & II (TurboGrafx CD - 1989),4.50,4
"Celtic Kings: Rage of War (Win, Mac - 2002)",4.33,9
Escape from Hell (DOS - 1990),4.17,18
"Ys II: Ancient Ys Vanished - The Final Chapter (PC-88, PC-98 - 1988)",4.43,7
Oda Nobunaga Den (Win - 1998),5.00,1
Cavequest (DOS - 1985),3.80,5
Magister Magicus Supremus (DOS - 1994),3.00,1
Might and Magic: Swords of Xeen (DOS - 1995),4.07,15
"Phantasy Star (Genesis, Master System - 1994)",4.33,6
Legend of Lothian (Amiga - 1991),4.00,4
Mordor: The Depths of Dejenol (Win 3.x - 1995),4.71,7
Pyrrhic Tales: Prelude to Darkness (Win - 2002),5.00,1
Revenant (Win - 1999),4.73,11
Arcatera: The Dark Brotherhood (Win - 2000),4.56,9
"Jagged Alliance: Deadly Games (DOS, Win - 1996)",0.00,0
Hydlide 3: Special Version (Sharp X68000 - 1990),2.00,1
Mateki Densetsu Astralius (TurboGrafx CD - 1991),0.00,0
Madō Monogatari A: Dokidoki Vacation (Game Gear - 1995),5.00,2
"Amulets & Armor (DOS, Win - 1997)",3.97,38
"Centauri Alliance (C64, Apple II - 1990)",4.64,11
Dungeon Hack (DOS - 1993),4.35,64
Karkoth's Keep (DOS - 1983),2.50,2
Ravenloft: Stone Prophet (DOS - 1995),4.36,14
"Alternate Reality: The City (DOS, Mac, C64, Amiga, Atari 8-bit, Atari ST, Apple II - 1987)",4.61,23
Sin'geom-ui Jeonseol 2 (DOS - 1995),0.00,0
Farland Story 8 (Win - 1996),4.00,1
The Fall: Last Days of Gaia (Win - 2004),4.40,21
"Might and Magic III: Isles of Terra (DOS, Mac, Amiga, TurboGrafx CD - 1991)",4.15,26
"Realms of Arkania: Blade of Destiny (DOS, Amiga - 1992)",4.75,28
Sorcerer's Bane (DOS - 1991),3.00,4
Ancient Evil (Win - 1998),0.00,0
Seiryū Densetsu Monbit (TurboGrafx CD - 1991),0.00,0
Black Crown (DOS - 1991),0.00,0
Dungeon Master: Theron's Quest (TurboGrafx CD - 1992),0.00,0
Ambermoon (Amiga - 1993),4.92,13
XZR (PC-88 - 1988),5.00,2
Brandish 4 (Win - 1998),5.00,1
Farland Story (DOS - 1995),5.00,1
Vampyr: Talisman of Invocation (DOS - 1989),4.44,9
Vain Dream (PC-88 - 1991),0.00,0
"The Bard's Tale III: Thief of Fate (DOS, C64, Amiga, Apple II, PC-98 - 1990)",4.31,29
"Wizardry: The Return of Werdna - The Fourth Scenario (DOS, Apple II, PC-88, PC-98 - 1988)",4.23,13
Stonekeep (DOS - 1995),4.37,73
"Fire King (DOS, C64 - 1990)",4.54,13
Lands of Lore: The Throne of Chaos (DOS - 1993),4.55,87
"Princess Maker (DOS, TurboGrafx CD - 1992)",5.00,2
Ruins of Cawdor (DOS - 1995),5.00,1
Seiya Monogatari: Anearth Fantasy Stories (TurboGrafx CD - 1995),1.00,1
"Arcus (PC-88, Sharp X68000 - 1988)",4.50,2
Jak rozpętałem II Wojnę Światową: Nieznane przygody Franka Dolasa (Win - 2003),5.00,4
Lu Ding Ji (DOS - 1994),5.00,2
"Autoduel (DOS, C64, Amiga, Atari 8-bit, Atari ST, Apple II - 1988)",4.39,28
"StarQuest: Rescue at Rigel (DOS, Atari 8-bit, Apple II, VIC-20 - 1983)",4.63,8
Reaping the Dungeon (DOS - 1993),4.00,13
Quest for Tanda (Atari ST - 1991),0.00,0
The Legacy: Realm of Terror (DOS - 1992),4.46,24
"Xak II: Rising of the Redmoon (PC-88, PC-98 - 1990)",5.00,3
Computer Underground (DOS - 1993),4.60,5
Record of Lodoss War II: Goshiki no Maryū (Sharp X68000 - 1992),0.00,0
Fallthru (DOS - 1990),1.00,1
Throne of Darkness (Win - 2001),4.33,3
Dunjonquest: The Datestones of Ryn (Atari 8-bit - 1981),5.00,2
Operation: Overkill II (DOS - 1990),4.86,7
Wizardry I・II (TurboGrafx CD - 1993),5.00,1
Yendorian Tales: Book I - Chapter 2 (DOS - 1996),4.83,7
Shining Force II (Genesis - 1993),4.44,9
Dark Designs II: Closing the Gate (DOS - 1991),4.00,3
Pagan: Ultima VIII (DOS - 1994),4.53,107
Mega Man Legends 2 (Win - 2000),2.00,7
Dungeons of Kairn (DOS - 1989),5.00,3
Darklands (DOS - 1992),4.53,107
"Bible Master 2: The Chaos of Aglia (DOS, PC-98 - 1994)",5.00,2
Sabotain: Break the Rules (Win - 2004),4.50,4
Record of Lodoss War (TurboGrafx CD - 1992),0.00,0
Aggelos (Win - 2016),4.60,5
Cosmic Fantasy 4: Ginga Shōnen Densetsu - Gekitō-hen (TurboGrafx CD - 1994),0.00,0
"Bloodwych (DOS, C64, Amiga, Amstrad CPC, Atari ST - 1989)",4.61,33
Buck Rogers: Matrix Cubed (DOS - 1992),4.72,28
HeroQuest II: Legacy of Sorasil (Amiga - 1994),4.77,13
"Star Saga: One - Beyond the Boundary (DOS, Apple IIgs - 1988)",5.00,5
Mysterious Song (DOS - 2000),5.00,2
Ultimuh MCMLXVII: Part 2 of the 39th Trilogy - The Quest for the Golden Amulet (DOS - 1993),2.67,6
"Realms of Darkness (C64, Apple II, PC-88, Sharp X68000 - 1987)",4.46,13
Shin Megami Tensei (TurboGrafx CD - 1993),5.00,1
"Tales of the Unknown: Volume I - The Bard's Tale (DOS, C64, Amstrad CPC, Atari ST, Apple IIgs, PC-98 - 1987)",4.80,30
"Oubliette (DOS, C64 - 1983)",4.25,12
AntKill (DOS - 1992),2.33,6
Akatsuki no Bizantira (PC-98 - 1994),4.67,3
Sword Master (TurboGrafx CD - 1993),0.00,0
Akalabeth: World of Doom (Apple II - 1980),3.72,32
"Buck Rogers: Countdown to Doomsday (DOS, C64, Amiga - 1990)",4.55,47
Ranadinn (DOS - 1988),0.00,0
Shape Shifter (DOS - 1992),0.00,0
