Title,Average Rating,Number of Ratings
10Rogue (DOS - 1984),4.55,22
"2400 A.D. (DOS, Apple II - 1988)",4.17,16
3x3 Eyes: Seima Kōrinden (SNES - 1992),0.00,0
Abandoned Places 2 (Amiga - 1993),3.50,4
"Abandoned Places: A Time for Heroes (DOS, Amiga - 1992)",4.41,12
AD&D Dark Sun Online: Crimson Sands (Windows - 1996),4.14,7
Advanced Dungeons & Dragons: Collector's Edition (Mac - 1994),4.24,20
Advanced Fantasian: Quest for Lost Sanctuary (PC-88 - 1988),5.00,5
Adventure XT (DOS - 2007),1.00,1
AdventureWriter (DOS - 1983),4.17,6
Aiza: New Generation (PC-98 - 1991),5.00,1
Akalabeth: World of Doom (DOS - 1980),3.88,25
Akatsuki no Bizantira (PC-98 - 1994),4.50,2
Akuma-kun: Makai no Wana (NES - 1990),0.00,0
Al-Qadim: The Genie's Curse (DOS - 1994),4.56,25
Albert Odyssey (SNES - 1993),0.00,0
Albion (DOS - 1996),4.61,46
Alcahest (SNES - 1993),0.00,0
Aleshar: The World of Ice (DOS - 1997),3.86,7
"Ali Baba and the Forty Thieves (Apple II, Atari 8-bit, PC-88 - 1982)",5.00,1
Alice-tachi no Gogo Vol. 1 (PC-88 - 1989),5.00,1
"Alien Fires: 2199 AD (DOS, Amiga, Atari ST - 1987)",5.00,1
Alien Logic (DOS - 1994),4.27,26
AlphaMan (DOS - 1995),4.67,3
"Alternate Reality: The City (DOS, Amiga, Mac, Apple II, Atari 8-bit, Atari ST, C64 - 1988)",4.59,17
"Alternate Reality: The Dungeon (Apple II, Atari 8-bit, C64 - 1987)",5.00,2
Alvaleak Bōkenki (PC-98 - 1993),0.00,0
Amaranth IV (PC-98 - 1995),5.00,1
Amaranth KH: Stellar Ōkoku Kenkokutan (PC-98 - 1995),5.00,1
Ambermoon (Amiga - 1993),5.00,8
"Amberstar (DOS, Amiga, Atari ST - 1992)",4.44,21
Amulet of Yendor (DOS - 1985),3.83,6
"Amulets & Armor (DOS, Windows - 1997)",3.50,18
Ancient Domains of Mystery (DOS - 1996),4.87,8
Ancients 1: Death Watch (DOS - 1991),4.50,10
Ancients II: Approaching Evil (DOS - 1994),3.55,11
Angband (DOS - 1997),4.20,5
"Angel Hearts (PC-88, PC-98 - 1989)",0.00,0
Animorphs (Game Boy Color - 2000),0.00,0
Another Bible (Game Boy - 1995),5.00,1
Another Genesis (PC-98 - 1990),1.00,1
Antares (Amiga - 1991),0.00,0
AntKill (DOS - 1992),2.00,4
Anvil of Dawn (DOS - 1995),4.23,30
Appare-den: Fukuryū no Shō (PC-98 - 1995),5.00,2
Arcana (SNES - 1992),5.00,1
Arcus (PC-88 - 1988),4.00,1
Arcus II: Silent Symphony (PC-88 - 1989),5.00,1
Arcus III (PC-98 - 1991),5.00,2
Aretha (Game Boy - 1990),5.00,1
Aretha (SNES - 1993),4.00,1
"Aretha II: Ariel Fushigi no Tabi (Game Boy, SNES - 1994)",5.00,1
Aretha III (Game Boy - 1992),0.00,0
Argo (PC-88 - 1986),5.00,1
Arle no Bōken: Mahō no Jewel (Game Boy Color - 2000),0.00,0
Artelius (NES - 1987),0.00,0
Atlantis World (DOS - 1994),3.00,1
Avalon (DOS - 1998),5.00,1
Azalta (DOS - 1996),5.00,1
Azure Dreams (Game Boy Color - 2000),0.00,0
"B.A.T. (DOS, Amiga, Amstrad CPC, Atari ST, C64 - 1990)",3.61,18
Bahamut Lagoon (SNES - 1996),5.00,1
Bakumatsu Kōrinden: Oni (SNES - 1996),1.00,1
Battle Tycoon (SNES - 1995),0.00,0
"BattleTech: The Crescent Hawk's Inception (DOS, Amiga, Apple II, C64 - 1988)",4.48,23
"Beneath Apple Manor (DOS, Apple II, Atari 8-bit - 1983)",3.17,6
Betrayal at Krondor (DOS - 1993),4.67,45
Beyond Oasis (Genesis - 1994),0.00,0
"Beyond Zork: The Coconut of Quendor (DOS, Amiga, Mac, Apple IIgs, Atari ST - 1987)",4.00,22
Bikkuriman World: Gekitō Sei Senshi (NES - 1990),0.00,0
Bishōjo Senshi Sailor Moon: Another Story (SNES - 1995),0.00,0
Black & White (Windows - 2001),4.31,71
Black Bird: Toritachi no Tooboe (PC-98 - 1995),5.00,1
Black Crypt (Amiga - 1992),5.00,6
"Black Magic (Amstrad CPC, Apple II, C64 - 1987)",4.00,2
"Blades of Exile (Windows 3.x, Mac - 1998)",5.00,4
Blind Justice (DOS - 1995),4.20,5
Blood Seed (PC-98 - 1991),5.00,2
"BloodNet (DOS, Amiga - 1993)",4.40,26
Bloodstone: An Epic Dwarven Tale (DOS - 1993),4.27,15
"Bloodwych (DOS, Amiga, Amstrad CPC, Atari ST, C64 - 1991)",4.57,30
Bloody Warriors: Shan Go no Gyakushū (NES - 1990),0.00,0
Bob's Dragon Hunt (DOS - 1992),4.17,6
Bomber Quest (PC-98 - 1994),5.00,1
Bomberman Quest (Game Boy Color - 1998),0.00,0
Bones: The Game of the Haunted Mansion (DOS - 1991),3.67,3
Brain Lord (SNES - 1994),5.00,1
Braminar (DOS - 1987),5.00,2
Brandish (SNES - 1994),4.00,1
Brandish 2: The Planet Buster (SNES - 1995),0.00,0
Brandish VT (PC-98 - 1996),0.00,0
Branmarker (PC-98 - 1991),4.00,1
Branmarker 2 (PC-98 - 1995),1.00,1
Breach 3 (DOS - 1995),4.17,23
Breath of Fire (SNES - 1993),0.00,0
Breath of Fire II (SNES - 1994),5.00,1
Breath of Fire IV (Windows - 2003),0.00,0
Bretonne Lais (PC-98 - 1989),5.00,1
Briganty: The Roots of Darkness (PC-98 - 1995),5.00,4
Brocken (PC-98 - 1991),0.00,0
"Buck Rogers: Countdown to Doomsday (DOS, Amiga, C64 - 1990)",4.42,26
Buck Rogers: Countdown to Doomsday (Genesis - 1991),5.00,1
Buck Rogers: Matrix Cubed (DOS - 1992),4.62,20
Burai: Hachigyoku no Yūshi Densetsu (SNES - 1993),0.00,0
"Burai: Jōkan (PC-88, PC-98 - 1989)",0.00,0
"Burntime (DOS, Amiga - 1993)",4.75,16
Bushi Seiryūden: Futari no Yūsha (SNES - 1997),0.00,0
Cadash (Genesis - 1992),5.00,1
"Captive (DOS, Amiga, Atari ST - 1992)",4.44,18
Caramel Quest: Meitenkyō no Megami Zō (PC-98 - 1991),5.00,1
Caroll (PC-98 - 1990),0.00,0
Castle of the Winds (Windows 3.x - 1993),4.75,145
"Castle Quest (Game Boy, NES - 1993)",0.00,0
Castlevania II: Simon's Quest (NES - 1987),4.40,5
Cave Noire (Game Boy - 1991),0.00,0
Cavequest (DOS - 1985),3.33,3
Caverns of Zoarre (DOS - 1984),3.00,2
Celtic Tales: Balor of the Evil Eye (DOS - 1995),4.31,42
"Centauri Alliance (Apple II, C64 - 1990)",4.20,5
Challenge of The Five Realms (DOS - 1992),3.90,19
"Champions of Krynn (DOS, Amiga, Apple II, C64 - 1990)",4.64,22
Chaos Angels (PC-98 - 1989),4.50,2
Chaos in Andromeda: Eyes of the Eagle (Amiga - 1991),0.00,0
Chaos Seed: Fūsui Kairōki (SNES - 1996),0.00,0
Chaos World (NES - 1991),0.00,0
"Chester Field: Ankoku Shin e no Chōsen (C64, NES - 1988)",4.00,1
Chikyū Senshi Rayieza (PC-88 - 1985),0.00,0
Chō Mahō Tairiku Wozz (SNES - 1995),0.00,0
Chrono Trigger (SNES - 1995),5.00,1
Circuit's Edge (DOS - 1990),4.84,14
Cobra Mission (DOS - 1992),4.24,145
Computer Underground (DOS - 1993),4.60,5
Conqueror: A.D. 1086 (DOS - 1995),4.41,22
Continental (PC-98 - 1992),5.00,1
Cosmic Soldier (PC-88 - 1985),5.00,1
"Cosmic Soldier: Psychic War (DOS, PC-88 - 1989)",4.67,6
Crimson (PC-88 - 1987),5.00,3
Crimson II (PC-88 - 1989),5.00,1
Crimson III (PC-88 - 1990),0.00,0
"Cruise Chaser Blassty (PC-88, PC-98 - 1986)",0.00,0
Crystal Beans From Dungeon Explorer (SNES - 1995),0.00,0
Crystal Dragon (Amiga - 1994),5.00,1
Crystal Rinal (PC-98 - 1994),0.00,0
Crystal Warriors (Game Gear - 1991),0.00,0
Crystalis (NES - 1990),5.00,2
"Crystals of Arborea (DOS, Amiga, Atari ST - 1990)",5.00,5
Curse of Dragor (Mac - 1995),5.00,1
"Curse of the Azure Bonds (DOS, Amiga, Mac, Apple II, C64, PC-98 - 1989)",4.43,35
Cyber Knight (SNES - 1992),0.00,0
Cyber Knight II: Chikyū Teikoku no Yabō (SNES - 1994),0.00,0
D'ark Gaiden (PC-98 - 1993),0.00,0
Daemonsgate (DOS - 1993),3.40,5
Dai-2-ji Super Robot Taisen (NES - 1991),0.00,0
Dai-3-ji Super Robot Taisen (SNES - 1993),0.00,0
Daikaijū Monogatari (SNES - 1994),0.00,0
Dalk (PC-98 - 1992),0.00,0
Daraku no Kuni no Angie: Kyōkai no Mesudoreitachi (PC-98 - 1996),0.00,0
Dark Designs I: Grelminar's Staff (DOS - 1991),4.00,1
Dark Designs II: Closing the Gate (DOS - 1991),3.50,2
Dark Disciples (Windows - 2004),5.00,8
Dark Disciples 2 (Windows - 2009),4.60,15
Dark Half (SNES - 1996),4.00,1
Dark Kingdom (SNES - 1994),0.00,0
Dark Law: Meaning of Death (SNES - 1997),0.00,0
Dark Seraphim (PC-98 - 1995),0.00,0
Dark Sun: Shattered Lands (DOS - 1993),4.51,67
Dark Sun: Wake of the Ravager (DOS - 1994),4.66,33
Darklands (DOS - 1992),4.52,95
DarkSpyre (DOS - 1990),4.60,10
Darkstone (Windows - 1999),4.77,22
Dead Force (PC-98 - 1994),0.00,0
"Death Bringer (DOS, Amiga, C64 - 1989)",4.75,8
"Death Knights of Krynn (DOS, Amiga, C64 - 1991)",4.13,16
"Deathlord (Apple II, C64 - 1987)",5.00,1
Deep Dungeon III: Yūshi e no Tabi (NES - 1988),0.00,0
Deep Dungeon IV: Kuro no Yōjutsushi (NES - 1990),0.00,0
Defender of Boston: The Rock Island Mystery (DOS - 1992),3.43,7
Defenders of Oasis (Game Gear - 1992),0.00,0
Demon's Eye III (PC-98 - 1998),0.00,0
"Demon's Winter (DOS, Amiga, Apple II, C64 - 1989)",4.20,10
Dengeki Division (PC-98 - 1993),4.00,1
Dennō Sentai: Lavian Three (PC-98 - 1994),0.00,0
Der Langrisser (SNES - 1995),5.00,1
Descent to Undermountain (DOS - 1998),3.30,10
Desperabis (DOS - 2000),5.00,2
Destiny of an Emperor (NES - 1989),5.00,1
Deus Ex (Mac - 2000),4.50,14
"Diablo (Windows, Mac - 1996)",4.39,364
Die Prüfung (C64 - 1993),0.00,0
Digital Devil Monogatari: Megami Tensei (PC-88 - 1987),5.00,2
Digital Devil Story: Megami Tensei (NES - 1987),1.67,3
Digital Devil Story: Megami Tensei II (NES - 1990),2.00,2
Dink SmallWood (Windows - 1998),4.91,11
Dinosaur (PC-88 - 1990),5.00,1
"Disciples of Steel (DOS, Atari ST - 1994)",4.33,9
DND (DOS - 1984),4.27,11
Doc the Destroyer (C64 - 1987),4.00,1
Don't Go Alone (DOS - 1989),3.71,7
"Doomdark's Revenge (Amstrad CPC, C64 - 1986)",4.71,7
Doraemon: Giga Zombie no Gyakushū (NES - 1990),0.00,0
Double Moon Densetsu (NES - 1992),0.00,0
"Downtown Special: Kunio-kun no Jidaigeki da yo - Zenin Shūgō! (Game Boy, NES - 1993)",5.00,2
"Drachen von Laas (DOS, Amiga, Atari ST - 1991)",5.00,1
Dracula in London (DOS - 1988),4.33,6
Dragon Ball 3: Gokūden (NES - 1989),0.00,0
Dragon Ball Z Gaiden: Saiyajin Zetsumetsu Keikaku (NES - 1993),0.00,0
Dragon Ball Z II: Gekigami Freezer (NES - 1991),5.00,1
Dragon Ball Z III: Ressen Jinzō Ningen (NES - 1992),5.00,1
Dragon Ball Z: Kyōshū! Saiyajin (NES - 1990),0.00,0
Dragon Ball Z: Legendary Super Warriors (Game Boy Color - 2002),0.00,0
Dragon Ball Z: Super Saiya Densetsu (SNES - 1992),3.00,2
Dragon Ball: Daimaō Fukkatsu (NES - 1988),5.00,1
Dragon Crystal (Game Gear - 1990),5.00,1
Dragon Half (PC-98 - 1993),5.00,2
"Dragon Knight (PC-88, PC-98 - 1989)",4.50,6
"Dragon Knight 4 (PC-98, SNES - 1994)",4.57,7
"Dragon Knight II (PC-88, PC-98 - 1990)",4.00,2
"Dragon Lord (DOS, Amiga - 1990)",4.28,22
Dragon Master Silk II (PC-98 - 1995),4.40,5
Dragon Pink: The Zero Castle (PC-98 - 1992),5.00,1
Dragon Quest I & II (SNES - 1993),4.00,1
Dragon Quest V: Tenkū no Hanayome (SNES - 1992),0.00,0
Dragon Quest VI: Maboroshi no Daichi (SNES - 1995),4.00,1
"Dragon Slayer (Game Boy, PC-88 - 1990)",5.00,1
Dragon Slayer Gaiden (Game Boy - 1992),0.00,0
"Dragon Slayer: The Legend of Heroes (Genesis, PC-88, SNES - 1994)",5.00,1
"Dragon Slayer: The Legend of Heroes II (Genesis, PC-88, SNES - 1995)",0.00,0
Dragon View (SNES - 1994),5.00,1
Dragon Warrior (NES - 1986),5.00,2
Dragon Warrior II (NES - 1987),0.00,0
"Dragon Warrior III (NES, SNES - 1988)",0.00,0
Dragon Warrior IV (NES - 1990),5.00,1
Dragon Warrior Monsters (Game Boy Color - 1998),0.00,0
"Dragon Wars (DOS, Amiga, Apple II, C64, NES - 1990)",4.50,18
"Dragon's Eye (Apple II, Atari 8-bit - 1981)",0.00,0
"Dragonflight (DOS, Amiga, Atari ST - 1991)",3.00,2
"Dragons of Flame (DOS, Amiga, Amstrad CPC, Atari ST, C64, NES - 1989)",3.00,9
"Dragoon Armor for Adult (PC-88, PC-98 - 1989)",0.00,0
"Drakkhen (DOS, Amiga, Atari ST, SNES - 1990)",4.25,8
Druid: Daemons of the Mind (DOS - 1995),4.44,9
Dual Orb II (SNES - 1994),0.00,0
Dual Orb: Seirei Tama Densetsu (SNES - 1993),0.00,0
Dungeon (PC-88 - 1983),0.00,0
Dungeon Explorer (DOS - 1990),5.00,6
Dungeon Hack (DOS - 1993),4.27,52
Dungeon Magic: Sword of the Elements (NES - 1989),1.00,1
"Dungeon Master (DOS, Amiga, Apple IIgs, Atari ST, PC-98, SNES - 1992)",4.67,52
"Dungeon Master II: Skullkeep (DOS, Amiga, Mac - 1995)",4.62,47
Dungeon Quest (DOS - 1985),4.20,5
Dungeon Siege (Mac - 2003),4.26,19
DungeonHack (Linux - 2009),0.00,0
Dungeons & Dragons: Warriors of the Eternal Sun (Genesis - 1992),4.50,4
Dungeons of Kairn (DOS - 1989),5.00,3
Dunjonquest: Hellfire Warrior (Atari 8-bit - 1982),0.00,0
Dunjonquest: Morloc's Tower (Atari 8-bit - 1980),0.00,0
"Dunjonquest: Temple of Apshai (DOS, Apple II, Atari 8-bit, C64, VIC-20 - 1982)",3.57,7
Dunjonquest: The Datestones of Ryn (Atari 8-bit - 1981),0.00,0
"Dunzhin (Atari 8-bit, C64 - 1983)",0.00,0
Dusk of the Gods (DOS - 1991),4.57,7
E.V.O.: Search for Eden (SNES - 1992),0.00,0
Eamon (DOS - 1988),3.67,3
EarthBound (SNES - 1994),5.00,1
Earthbound Beginnings (NES - 1989),3.67,3
Elemental Ō (PC-98 - 1994),0.00,0
"Elvira II: The Jaws of Cerberus (DOS, Amiga, Atari ST, C64 - 1991)",4.19,31
Emerald Densetsu (PC-88 - 1990),0.00,0
"Emerald Dragon (PC-88, PC-98 - 1989)",5.00,2
Emerald Dragon (SNES - 1995),1.00,1
Empire I: World Builders (Apple II - 1981),0.00,0
Engage Errands II: Hikari o Ninau Mono (PC-98 - 1995),0.00,0
Engage Errands: Miwaku no Shitotachi (PC-98 - 1993),0.00,0
Enigma Force (C64 - 1986),5.00,2
Escape from Hell (DOS - 1990),3.92,12
Esper Dream 2: Arata naru Tatakai (NES - 1992),0.00,0
Evets: The Ultimate Adventure (DOS - 1988),2.40,5
Excelsior Phase One: Lysandia (DOS - 1993),4.43,7
"Exile (Genesis, PC-98 - 1991)",0.00,0
"Exodus: Ultima III (DOS, Amiga, Atari 8-bit, Atari ST, C64, NES, PC-88 - 1985)",4.46,35
"Expedition Amazon (Apple II, C64, PC-88 - 1983)",0.00,0
"Eye of the Beholder (DOS, Amiga, SNES - 1991)",4.54,62
"Eye of the Beholder II: The Legend of Darkmoon (DOS, Amiga - 1991)",4.53,46
"Eye of the Beholder III: Assault on Myth Drannor (DOS, PC-98 - 1993)",4.34,29
Fallthru (DOS - 1990),1.00,1
Fantasian (PC-88 - 1985),5.00,1
Faria: A World of Mystery & Danger! (NES - 1989),0.00,0
Farland Story (SNES - 1995),0.00,0
Farland Story 2 (SNES - 1995),0.00,0
Farland Story: Daichi no Kizuna (PC-98 - 1995),0.00,0
Farland Story: Kamigami no Isen (PC-98 - 1996),0.00,0
Farland Story: Shirogane no Tsubasa (PC-98 - 1994),0.00,0
Farland Story: Tenshi no Namida (PC-98 - 1994),0.00,0
Fatal Labyrinth (Genesis - 1990),0.00,0
Fate Master (Atari ST - 1992),0.00,0
"Fate: Gates of Dawn (Amiga, Atari ST - 1991)",5.00,1
Fates of Twinion (DOS - 1993),4.14,7
Faustus (DOS - 1995),4.50,2
Faxanadu (NES - 1987),4.00,2
FEDA: The Emblem of Justice (SNES - 1994),0.00,0
Fengshen Yingjiezhuan (Genesis - 1996),0.00,0
Fengshenbang (NES - 1995),0.00,0
Final Fantasy (NES - 1987),4.25,4
Final Fantasy Adventure (Game Boy - 1991),4.00,1
Final Fantasy II (NES - 1988),5.00,1
Final Fantasy II (SNES - 1991),0.00,0
Final Fantasy III (NES - 1990),5.00,4
Final Fantasy III (SNES - 1994),5.00,1
Final Fantasy Legend II (Game Boy - 1990),0.00,0
Final Fantasy Legend III (Game Boy - 1991),4.67,3
Final Fantasy V (SNES - 1992),5.00,1
Final Fantasy VII (NES - 2005),3.00,2
Final Fantasy: Mystic Quest (SNES - 1992),0.00,0
Final Lolita: Darkside of Software (PC-88 - 1986),5.00,2
Fire Emblem Gaiden (NES - 1992),4.67,3
Fire Emblem: Ankoku Ryū to Hikari no Tsurugi (NES - 1990),4.80,5
Fire Emblem: Monshō no Nazo (SNES - 1994),5.00,2
Fire Emblem: Seisen no Keifu (SNES - 1996),4.20,5
Fire Emblem: Thracia 776 (SNES - 1999),5.00,3
"Fire King (DOS, C64 - 1990)",4.50,8
First Queen: Ornic Senki (SNES - 1994),0.00,0
Flying Warriors (NES - 1991),1.00,1
Foreigner (PC-98 - 1991),0.00,0
"Fortress of the Witch King (Apple II, C64 - 1983)",5.00,2
Fountain of Dreams (DOS - 1990),3.38,8
Fracas (Apple II - 1980),0.00,0
Front Mission (SNES - 1995),5.00,1
Front Mission: Gun Hazard (SNES - 1996),5.00,1
Fushigi no Umi no Nadia (NES - 1991),4.00,1
G.O.D - Mezameyo to Yobu Koe ga Kikoe (SNES - 1996),0.00,0
Galactic Adventures (Apple II - 1983),5.00,2
Ganbare Goemon Gaiden 2: Tenka no Zaihō (NES - 1992),0.00,0
Ganbare Goemon Gaiden: Kieta Ōgon Kiseru (NES - 1990),0.00,0
Ganbare Goemon: Sarawareta Ebisumaru! (Game Boy - 1991),0.00,0
Gandhara: Buddha no Seisen (PC-88 - 1987),0.00,0
"Gateway to Apshai (Atari 8-bit, ColecoVision, C64 - 1983)",3.00,1
"Gateway to the Savage Frontier (DOS, Amiga, C64 - 1991)",4.57,14
Gdleen (SNES - 1991),0.00,0
Genesis: Beyond the Revelation (PC-88 - 1988),0.00,0
Ghost Lion (NES - 1989),0.00,0
Great Greed (Game Boy - 1992),5.00,1
Guernica (PC-98 - 1996),0.00,0
"Hack (DOS, Atari ST - 1984)",4.17,6
Hanjuku Hero (NES - 1988),0.00,0
Haō Taikei Ryū Knight: Lord of Paladin (SNES - 1994),0.00,0
"Hard Nova (DOS, Amiga, Atari ST - 1990)",4.06,17
Harlem Blade: The Greatest of All Time (PC-98 - 1996),4.00,2
Harry Potter and the Chamber of Secrets (Game Boy Color - 2002),0.00,0
Heathkit DND (DOS - 1985),2.67,3
Heavy on the Magick (Amstrad CPC - 1986),0.00,0
"Heimdall (DOS, Amiga, Atari ST - 1992)",4.69,16
"Heimdall 2: Into the Hall of Worlds (DOS, Amiga - 1994)",4.43,14
Herakles no Eikō 3: Kamigami no Chinmoku (SNES - 1992),0.00,0
Herakles no Eikō 4: Kamigami no Okurimono (SNES - 1994),0.00,0
Herakles no Eikō II: Titan no Metsubō (NES - 1989),0.00,0
Herakles no Eikō: Tōjin Makyō Den (NES - 1987),0.00,0
Herakles no Eikō: Ugokidashita Kamigami (Game Boy - 1992),0.00,0
Hero (DOS - 1999),4.89,9
"Hero's Quest: So You Want To Be A Hero (DOS, Amiga, Atari ST - 1989)",4.54,54
"HeroQuest (DOS, Amiga, C64 - 1991)",4.63,27
HeroQuest II: Legacy of Sorasil (Amiga - 1994),5.00,5
Hex (Amiga - 1986),3.00,2
Hexx: Heresy of the Wizard (DOS - 1994),4.42,31
"Hired Guns (DOS, Amiga - 1993)",4.43,14
Hissatsu Dōjō Yaburi (NES - 1989),0.00,0
Hokuto no Ken 3: Shinseiki Sōzō Seiken Retsuden (NES - 1989),0.00,0
Hokuto no Ken 4: Shichisei Haken Den: Hokuto Shinken no Kanata e (NES - 1991),0.00,0
Hokuto no Ken 5: Tenmaryūseiden: Ai * Zesshō (SNES - 1992),0.00,0
Hoshi o Miru Hito (NES - 1987),0.00,0
Hurlements (DOS - 1988),3.75,4
"Hydlide (NES, PC-88 - 1986)",5.00,1
Hydlide II: Shine of Darkness (PC-88 - 1985),0.00,0
Illusion of Gaia (SNES - 1993),4.00,1
"Inindo: Way of the Ninja (PC-88, SNES - 1991)",0.00,0
"Ishar 2: Messengers of Doom (DOS, Amiga, Atari ST - 1993)",4.13,23
"Ishar 3: The Seven Gates of Infinity (DOS, Amiga, Atari ST - 1994)",4.27,26
"Ishar: Legend of the Fortress (DOS, Amiga, Atari ST - 1992)",5.00,4
İstanbul Efsaneleri: Lale Savaşçıları (Amiga - 1994),5.00,3
J.R.R. Tolkien's Lord of the Rings: Volume One (SNES - 1994),0.00,0
"J.R.R. Tolkien's The Lord of the Rings, Vol. I (DOS, Amiga - 1990)",4.05,21
"J.R.R. Tolkien's The Lord of the Rings, Vol. II: The Two Towers (DOS - 1992)",4.35,17
Jagged Alliance (DOS - 1995),4.38,55
Jaktar: Der Elfenstein (Amiga - 1995),0.00,0
Jehard (PC-88 - 1987),5.00,1
Jojo no Kimyō na Bōken (SNES - 1993),0.00,0
Jones in the Fast Lane (DOS - 1991),4.26,77
Jungle Wars 2:  Kodai Mahō Atimos no Nazo (SNES - 1993),0.00,0
Just Breed (NES - 1992),0.00,0
Juvei Quest (NES - 1991),5.00,1
"Kaiv (Atari 8-bit, C64 - 1983)",0.00,0
Kargon (Amiga - 1996),0.00,0
Karma (DOS - 1987),4.00,1
"Keef the Thief: A Boy and His Lockpick (DOS, Amiga, Apple IIgs - 1989)",3.63,8
Ken to Mahō (PC-88 - 1983),0.00,0
Kenyū Densetsu Yaiba (SNES - 1994),5.00,1
Kero Kero Keroppi no Bōken Nikki: Nemureru Mori no Keroleen (SNES - 1994),0.00,0
Kidō Keisatsu Patlabor (SNES - 1994),0.00,0
Kidō Keisatsu Patlabor: 98-Shiki Kidō seyo! (Genesis - 1992),0.00,0
King's Quest: Mask of Eternity (DOS - 1998),4.29,47
Knight Quest (Game Boy - 1991),0.00,0
"Knightmare (Amiga, Atari ST - 1991)",5.00,1
"Knights of Legend (DOS, C64 - 1989)",4.50,32
Knights of Xentar (DOS - 1994),4.44,102
Kōryu Densetsu Villgust Gaiden (NES - 1993),0.00,0
Kōryu Densetsu Villgust: Kieta Shōjo (SNES - 1992),0.00,0
Kūsō Kagaku Sekai Gulliver Boy (SNES - 1996),0.00,0
Kyūyaku Megami Tensei: Megami Tensei I ・II (SNES - 1995),0.00,0
Lagoon (SNES - 1991),4.00,1
LaGrange Point (NES - 1991),0.00,0
Lamia-1999 (PC-88 - 1987),0.00,0
Lands of Lore: The Throne of Chaos (DOS - 1993),4.56,69
"Langrisser II (Genesis, SNES - 1994)",5.00,2
"Laplace no Ma (PC-88, SNES - 1987)",0.00,0
Larn (DOS - 1986),4.14,7
"Last Armageddon (NES, PC-88, PC-98 - 1990)",4.00,1
Last Guardian 2: Yomi no Fūin (PC-98 - 1996),4.00,1
Le Diamant de l'Île Maudite (Amstrad CPC - 1986),0.00,0
"Le Maître des âmes (DOS, Amstrad CPC - 1987)",4.00,3
"Legacy of The Ancients (DOS, C64 - 1989)",4.22,9
"Legend of Faerghail (DOS, Amiga, Atari ST - 1990)",4.20,10
Legend of Lothian (Amiga - 1991),1.00,1
Legend of the Red Dragon (DOS - 1992),4.09,11
Legend of the Red Dragon II: New World (DOS - 1992),3.17,6
Legend of the River King GB (Game Boy - 1997),4.00,1
Legends of Murder II: Grey Haven (DOS - 1991),3.89,9
Legends of Murder: Volume 1 - Stonedale Castle (DOS - 1989),3.60,5
"Legends of Valour (DOS, Amiga, Atari ST - 1992)",4.38,8
Legion (Amiga - 1996),3.75,4
Lennus II: Fūin no Shito (SNES - 1996),0.00,0
Leygref's Castle (DOS - 1986),3.00,4
Liberation: Captive II (Amiga - 1994),4.00,4
Little Ninja Brothers (NES - 1989),5.00,1
Live a Live (SNES - 1994),5.00,2
Lizard (PC-88 - 1984),0.00,0
Lord of the Balrogs (C64 - 1983),0.00,0
"Lords of Chaos (Amiga, Amstrad CPC, Atari ST, C64 - 1991)",4.67,6
"Lords of Doom (DOS, Amiga, Atari ST, C64 - 1990)",3.40,15
Lords of Midnight (DOS - 1995),3.84,19
Love Quest (SNES - 1995),0.00,0
Lufia & the Fortress of Doom (SNES - 1993),5.00,1
Lufia II: Rise of the Sinistrals (SNES - 1995),5.00,1
Lunar: Eternal Blue (SEGA CD - 1994),5.00,1
Lunar: Sanpo-suru Gakuen (Game Gear - 1996),0.00,0
Lunar: The Silver Star (SEGA CD - 1992),5.00,1
Madō Monogatari A: Dokidoki Vacation (Game Gear - 1995),5.00,1
"Madō Monogatari I (Game Gear, Genesis - 1993)",5.00,1
Madō Monogatari II: Arle 16-sai (Game Gear - 1994),0.00,0
Madō Monogatari III: Kyūkyoku Joō-sama (Game Gear - 1994),0.00,0
Madō Monogatari: Hanamaru Daiyōchienji (SNES - 1996),0.00,0
Mad●Paradox (DOS - 1994),4.23,26
Mafia (C64 - 1986),4.80,5
MAG (DOS - 1988),4.00,6
Magic & Mayhem (Windows - 1998),5.00,14
"Magic Island: The Secret of Stones (Amiga, Amiga CD32 - 1995)",2.00,1
"Magic Knight Rayearth (Game Gear, SNES - 1995)",0.00,0
Magician (NES - 1990),0.00,0
Magna Braban: Henreki no Yusha (SNES - 1994),0.00,0
Mahōjin GuruGuru 2 (SNES - 1996),0.00,0
Majesty: The Fantasy Kingdom Sim (Mac - 2000),4.91,11
Majin Tensei (SNES - 1994),5.00,1
Majin Tensei II: Spiral Nemesis (SNES - 1995),5.00,1
"Make Your Own Murder Party (Apple II, C64 - 1986)",4.00,1
"Mandragore (Amstrad CPC, Apple II, C64 - 1986)",3.50,2
"Mars Saga (DOS, Apple II, C64 - 1989)",4.27,11
Marvelous: Mōhitotsu no Takarajima (SNES - 1996),0.00,0
Mashō Denki La Valeur (PC-88 - 1989),0.00,0
Maten Densetsu: Senritsu no Ooparts (SNES - 1995),0.00,0
Maze Master (C64 - 1983),4.00,1
MechCommander 2 (Windows - 2001),4.53,59
Megami Tensei Gaiden: Last Bible II (Game Boy - 1993),0.00,0
Megami Tensei Gaiden: Last Bible III (SNES - 1995),0.00,0
Megami Tensei Gaiden: Last Bible Special (Game Gear - 1995),0.00,0
"MegaTraveller 1: The Zhodani Conspiracy (DOS, Amiga, Atari ST - 1990)",4.50,8
"MegaTraveller 2: Quest for the Ancients (DOS, Amiga - 1991)",4.33,6
Menzoberranzan (DOS - 1994),4.53,15
Metal Max (NES - 1991),0.00,0
Metal Max 2 (SNES - 1993),0.00,0
Metal Max Returns (SNES - 1995),0.00,0
"Might and Magic II: Gates to Another World (DOS, Amiga, Mac, C64, Genesis, PC-88, SNES - 1988)",4.48,31
"Might and Magic III: Isles of Terra (DOS, Amiga, Mac, SNES - 1991)",4.22,23
Might and Magic Trilogy (DOS - 1995),3.78,14
"Might and Magic: Book One - Secret of the Inner Sanctum (DOS, Mac, C64, PC-88 - 1987)",4.25,20
Might and Magic: Clouds of Xeen (DOS - 1992),4.57,13
Might and Magic: Darkside of Xeen (DOS - 1993),4.56,18
Might and Magic: Swords of Xeen (DOS - 1995),4.15,13
"Might and Magic: World of Xeen (DOS, Mac - 1994)",4.43,46
Minotaur: The Labyrinths of Crete (Mac - 1992),5.00,1
"Miracle Warriors: Seal of the Dark Lord (NES, SEGA Master System - 1987)",0.00,0
Mirai (PC-88 - 1985),0.00,0
Mission: Mainframe (DOS - 1987),3.60,5
"Moebius: The Orb of Celestial Harmony (DOS, Amiga, C64 - 1987)",3.88,8
Momotarō Densetsu (NES - 1987),0.00,0
"Momotarō Densetsu Gaiden (Game Boy, NES - 1991)",0.00,0
Monstania (SNES - 1996),0.00,0
"Moonstone: A Hard Days Knight (DOS, Amiga - 1992)",4.48,77
Moraff's Dungeons of the Unforgiven (DOS - 1993),3.78,9
Moraff's Revenge (DOS - 1988),4.00,9
Moraff's World (DOS - 1991),3.74,19
"Moria (DOS, Mac - 1988)",4.48,27
Mōryō Senki Madara (NES - 1990),0.00,0
Mōryō Senki Madara 2 (SNES - 1993),0.00,0
Mugen no Shinzō (PC-88 - 1984),5.00,2
Mugen no Shinzō II (PC-88 - 1985),0.00,0
Mugen no Shinzō III (PC-88 - 1990),5.00,2
Musashi no Bōken (NES - 1990),0.00,0
Mysterium (Game Boy - 1991),0.00,0
Mystery Dungeon: Shiren the Wanderer (SNES - 1995),0.00,0
Mystic Ark (SNES - 1995),5.00,2
Mystic Towers (DOS - 1994),4.39,26
Nagakute Amai Yoru: Twilight Zone III (PC-88 - 1989),0.00,0
Nahlakh (DOS - 1994),4.00,4
Nekketsu Tairiku: Burning Heroes (SNES - 1995),0.00,0
Nekojara Monogatari (Game Boy - 1990),0.00,0
NetHack (DOS - 1992),4.88,8
Neverwinter Nights (DOS - 1991),4.46,24
NightStone (Windows - 2001),0.00,0
Niji no Silkroad (NES - 1991),0.00,0
Nippon (C64 - 1988),0.00,0
O.D.T.: Escape... or Die Trying (Windows - 1998),5.00,3
"Obitus (DOS, Amiga, Atari ST, SNES - 1991)",4.13,15
Ogre Battle (SNES - 1993),5.00,1
Operation: Overkill II (DOS - 1990),4.83,6
Oranda Tsuma wa Denki Unagi no Yume o Miru ka? (PC-88 - 1984),5.00,2
Oregon Trail Deluxe (DOS - 1992),4.17,1143
Otaku no Seiza: An Adventure in the Otaku Galaxy (NES - 1991),0.00,0
"Oubliette (DOS, C64 - 1983)",4.27,11
Outlanders (NES - 1987),0.00,0
Pagan: Ultima VIII (DOS - 1994),4.50,99
"Paladin (DOS, Amiga - 1988)",4.38,16
Paladin Quest Disk: The Scrolls of Talmouth (DOS - 1988),5.00,4
Paladin's Quest (SNES - 1992),0.00,0
Pangea - Return to Planet Earth (DOS - 1993),3.57,7
Panorama Toh (PC-88 - 1983),0.00,0
Perihelion (Amiga - 1993),3.25,4
"Phantasie (DOS, Amiga, Atari 8-bit, Atari ST, C64, PC-88 - 1987)",4.22,23
"Phantasie II (Apple II, Atari 8-bit, Atari ST, C64, PC-88 - 1986)",5.00,1
"Phantasie III: The Wrath of Nikademus (DOS, Amiga, Atari ST, C64, PC-88 - 1988)",4.11,18
Phantasie IV: The Birth of Heroes (PC-88 - 1990),4.00,2
Phantasie RPG Amaranth (PC-98 - 1990),5.00,1
Phantasy Star (Genesis - 1994),5.00,2
Phantasy Star Gaiden (Game Gear - 1992),0.00,0
Phantasy Star II (Genesis - 1989),5.00,1
Phantasy Star III: Generations of Doom (Genesis - 1990),5.00,1
Phantasy Star IV (Genesis - 1993),5.00,1
Pillars of Garendall (Mac - 2001),5.00,4
Pinball Quest (NES - 1989),0.00,0
Pink Shock Pirates II (PC-98 - 1990),4.00,1
Planet's Edge: The Point of no Return (DOS - 1991),4.47,19
Pocket Monster Akai (Game Boy - 1996),4.50,2
Pocket Monsters Midori (Game Boy - 1996),4.36,11
Pokémon Blue Version (Game Boy - 1998),4.43,7
Pokémon Red Version (Game Boy - 1998),4.43,7
Pokémon Trading Card Game (Game Boy Color - 1998),3.00,2
Pokémon Yellow Version: Special Pikachu Edition (Game Boy - 1998),4.53,78
"Pool of Radiance (DOS, Amiga, Mac, Apple II, C64, NES - 1988)",4.57,53
Pool of Radiance: Ruins of Myth Drannor (Windows - 2001),4.40,5
"Pools of Darkness (DOS, Amiga, Mac - 1991)",4.78,18
Power Quest (Game Boy Color - 1998),0.00,0
Princess Maker 2 (DOS - 1993),4.64,11
Princess Maker: Legend of Another World (SNES - 1995),5.00,1
Princess Minerva (SNES - 1995),5.00,1
Prophecy (DOS - 1989),3.80,5
Prophecy of The Shadow (DOS - 1992),4.38,8
Psionics (DOS - 1993),5.00,1
Quarterstaff (Mac - 1987),0.00,0
Quarterstaff: The Tomb of Setmoth (Mac - 1988),5.00,1
"Quest for Glory I: So You Want To Be A Hero (DOS, Mac - 1992)",4.58,64
"Quest for Glory II: Trial by Fire (DOS, Amiga - 1990)",4.33,36
Quest for Glory III: Wages of War (DOS - 1992),4.45,40
Quest for Glory V: Dragon Fire (Mac - 1998),4.45,11
Quest for Glory: Shadows of Darkness (DOS - 1993),4.55,39
Quest for Tanda (Atari ST - 1991),0.00,0
"Quest of the Space Beagle (Atari 8-bit, C64 - 1984)",4.00,1
Quest ][ (DOS - 1995),1.50,2
"Questron (Apple II, Atari 8-bit, C64 - 1984)",5.00,2
"Questron II (DOS, Amiga, Apple II, Apple IIgs, Atari ST, C64 - 1988)",4.27,11
Quick Majik Adventure (DOS - 1991),2.50,2
Radia Senki: Reimeihen (NES - 1991),0.00,0
Ragnarok (DOS - 1993),4.45,18
Ranadinn (DOS - 1988),0.00,0
Rance II: Hangyaku no Shōjotachi (PC-88 - 1990),5.00,1
Rance: Hikari o Motomete (PC-88 - 1989),5.00,2
Ranma 1/2: Akanekodan-teki Hihō (SNES - 1993),0.00,0
Ravenloft: Stone Prophet (DOS - 1995),4.10,10
Ravenloft: Strahd's Possession (DOS - 1994),4.27,15
Ray Gun (PC-88 - 1990),0.00,0
Realm of the Paladin: Deception's Plague (DOS - 1995),0.00,0
"Realms of Arkania: Blade of Destiny (DOS, Amiga - 1993)",4.74,23
Realms of Arkania: Star Trail (DOS - 1994),4.59,24
"Realms of Darkness (Apple II, C64, PC-88 - 1987)",5.00,1
Realmz (Windows - 1999),5.00,2
Reaping the Dungeon (DOS - 1993),3.89,9
Reargard (DOS - 1989),5.00,2
Record of Lodoss War (SNES - 1995),5.00,2
Rejoice: Aretha Ōkoku no Kanata (SNES - 1995),0.00,0
Rent A Hero (Genesis - 1991),0.00,0
"Revelations: The Demon Slayer (Game Boy, Game Gear - 1992)",4.50,2
Riglas (PC-88 - 1986),5.00,1
Ring Master I: The Shadow of Filias (PC-98 - 1988),0.00,0
"Ring Master II: Forget You Not, Evermore (PC-98 - 1989)",0.00,0
Rings of Power (Genesis - 1991),5.00,1
"Rings of Zilfin (DOS, Apple II, Atari ST, C64 - 1987)",3.40,5
"Robin Hood: Prince of Thieves (Game Boy, NES - 1991)",4.50,2
"Robinson's Requiem (DOS, Amiga, Mac, Atari ST - 1994)",4.54,29
Robotrek (SNES - 1994),0.00,0
"Rogue (DOS, Amiga, Mac, Amstrad CPC, Atari 8-bit, Atari ST, C64 - 1984)",4.37,35
Rogue: The Adventure Game (DOS - 1983),4.50,22
Rokudenashi Blues (NES - 1993),0.00,0
Rol Crusaders (DOS - 1995),4.00,4
Rolan's Curse (Game Boy - 1990),0.00,0
Rolan's Curse 2 (Game Boy - 1992),5.00,1
Romancing SaGa (SNES - 1992),0.00,0
Romancing SaGa 2 (SNES - 1993),0.00,0
Romancing SaGa 3 (SNES - 1995),0.00,0
Rudra no Hihō (SNES - 1996),0.00,0
Ruin Arm (SNES - 1995),0.00,0
Runestone (Amstrad CPC - 1985),0.00,0
Sacrifice (Mac - 2001),4.38,8
Saint Seiya: Ōgon Densetsu (NES - 1987),5.00,1
Saint Seiya: Ōgon Densetsu - Kanketsu Hen (NES - 1988),0.00,0
Sanada Jūyūshi (NES - 1988),0.00,0
Sansara Naga 2 (SNES - 1994),5.00,1
"Savage 2: A Tortured Soul (Windows, Mac, Linux - 2008)",3.67,6
Scavengers of The Mutant World (DOS - 1988),4.17,6
Secret of Evermore (SNES - 1995),4.00,1
Secret of Mana (SNES - 1993),5.00,2
"Secret of the Silver Blades (DOS, Amiga, Mac, C64 - 1990)",4.29,28
Secret of the Stars (SNES - 1993),4.00,1
Seiken Densetsu 3 (SNES - 1995),0.00,0
"Sentinel Worlds I: Future Magic (DOS, C64 - 1988)",4.32,35
Shadow Company: Left for Dead (Windows - 1999),5.00,8
Shadow of Yserbius (DOS - 1993),4.42,12
"Shadow Sorcerer (DOS, Amiga - 1991)",4.17,6
"Shadowfire (Amstrad CPC, C64 - 1986)",0.00,0
Shadowkeep (Apple II - 1984),0.00,0
"Shadowlands (DOS, Amiga, Atari ST - 1992)",4.43,7
"Shadoworlds (DOS, Amiga, Atari ST - 1993)",3.67,3
Shadowrun (SNES - 1993),5.00,1
"Shard of Spring (DOS, Apple II, C64 - 1987)",4.75,4
Sheng Huo Lie Zhuan (NES - 1991),0.00,0
Shin Momotarō Densetsu (SNES - 1993),0.00,0
Shining Force (Genesis - 1992),5.00,2
Shining Force CD (SEGA CD - 1994),5.00,2
Shining Force Gaiden (Game Gear - 1992),5.00,1
Shining Force Gaiden: Final Conflict (Game Gear - 1995),5.00,1
Shining Force II (Genesis - 1993),5.00,2
Shining Force: The Sword of Hajya (Game Gear - 1993),4.50,2
Shining in the Darkness (Genesis - 1991),5.00,2
Shodai: Nekketsu Kōha Kunio-kun (SNES - 1992),5.00,1
Shuihuzhuan (Genesis - 1996),0.00,0
Shuten Dōji (PC-88 - 1990),0.00,0
Siege of Avalon (Windows - 2000),4.50,2
Silver Ghost (PC-88 - 1988),0.00,0
Slayers (SNES - 1994),5.00,2
"Soccer Star (Amstrad CPC, C64 - 1989)",0.00,0
Solid Runner (SNES - 1997),0.00,0
Sorcerer's Bane (DOS - 1991),2.33,3
Sorcerer's Kingdom (Genesis - 1992),5.00,1
"Sorcerian (DOS, Genesis, PC-88, PC-98 - 1990)",4.50,8
Soul Blazer (SNES - 1992),0.00,0
"Space 1889 (DOS, Amiga, Atari ST - 1990)",4.11,9
"Spacewrecked: 14 Billion Light Years From Earth (DOS, Atari ST - 1991)",4.14,7
Spelljammer: Pirates of Realmspace (Windows - 1992),4.50,22
"Spirit of Adventure (DOS, Amiga, Atari ST, C64 - 1991)",4.27,15
Square no Tom Sawyer (NES - 1989),0.00,0
"Star Command (DOS, Amiga, Atari ST - 1988)",4.22,27
Star Control II (DOS - 1992),4.65,63
Star Ocean (SNES - 1996),5.00,1
Star Odyssey (Genesis - 1991),0.00,0
"Star Saga: One - Beyond the Boundary (DOS, Apple IIgs - 1988)",5.00,4
"Star Saga: Two - The Clathran Menace (DOS, Apple IIgs - 1989)",5.00,4
Star Wars: Galaxies - An Empire Divided (Windows - 2003),2.86,7
"StarFlight (DOS, Amiga, Mac, Atari ST, C64, Genesis - 1986)",4.57,40
"StarFlight 2: Trade Routes of The Cloud Nebula (DOS, Amiga, Mac - 1989)",4.57,36
"StarQuest: Rescue at Rigel (DOS, Apple II, Atari 8-bit, VIC-20 - 1983)",4.00,3
"StarQuest: Star Warrior (DOS, Atari 8-bit - 1983)",3.00,2
STED: Iseki Wakusei no Yabō (NES - 1990),0.00,0
Still Sword (PC-88 - 1988),0.00,0
Still Sword for Adult (PC-88 - 1988),5.00,1
Stonekeep (DOS - 1995),4.37,63
Strider (NES - 1989),0.00,0
Stronghold (DOS - 1993),4.33,36
"Stuart Smith's Adventure Construction Set (DOS, C64 - 1987)",4.00,9
Sugoro Quest: Dice no Senshi Tachi (NES - 1991),0.00,0
Super Chinese 3 (NES - 1991),2.00,1
Super Chinese World 2: Uchū Ichibuto Daikai (SNES - 1993),5.00,1
Super Chinese World 3 (SNES - 1995),0.00,0
"Super Hydlide (Genesis, NES, PC-88 - 1989)",5.00,1
Super Mario RPG: Legend of the Seven Stars (SNES - 1996),4.00,5
Super Nazo Puyo: Rulue no Roux (SNES - 1995),0.00,0
Super Nazo Puyo: Rulue no Tetsuwan Hanjōki (SNES - 1996),0.00,0
Super Ninja Boy (SNES - 1991),0.00,0
Super Robot Taisen (Game Boy - 1991),0.00,0
Super Robot Taisen EX (SNES - 1994),0.00,0
Superhero League of Hoboken (DOS - 1994),4.60,15
Surging Aura (Genesis - 1995),0.00,0
Sweet Home (NES - 1989),4.00,1
"Sword of Fargoal (C64, VIC-20 - 1983)",4.00,2
Sword of Hope II (Game Boy - 1992),0.00,0
"Sword of Kadash (Apple II, Atari ST, C64 - 1985)",0.00,0
Sword of Vermilion (Genesis - 1989),4.00,1
Swords & Sorcery (Amstrad CPC - 1986),4.00,1
Swords and Serpents (NES - 1990),5.00,1
Swords of Glass (DOS - 1986),3.80,5
Swords of Twilight (Amiga - 1989),4.00,3
SwordThrust (Apple II - 1981),0.00,0
Sylvan Tale (Game Gear - 1995),0.00,0
Tactics Ogre (SNES - 1995),5.00,1
Taikō Risshiden (Genesis - 1993),0.00,0
Tales of Phantasia (SNES - 1995),0.00,0
"Tales of the Unknown: Volume I - The Bard's Tale (DOS, Amstrad CPC, Apple IIgs, Atari ST, C64, NES - 1987)",4.71,17
"Tangled Tales (DOS, Apple II, C64 - 1989)",4.50,17
Tecmo Cup: Soccer Game (NES - 1988),5.00,3
"Telengard (DOS, Apple II, Atari 8-bit, C64 - 1985)",4.23,13
"Temple of Apshai Trilogy (DOS, Amiga, Atari ST, C64 - 1985)",3.75,8
Tenchi Muyō! Game-hen (SNES - 1995),0.00,0
Tenchi o kurau II: Shokatsu Kōmei-den (NES - 1991),5.00,1
Tengai Makyō Zero (SNES - 1995),0.00,0
Tenshi no Uta: Shiroki Tsubasa no Inori (SNES - 1994),0.00,0
Tera: La Cité des Crânes (DOS - 1986),4.50,4
Terranigma (SNES - 1995),0.00,0
The 7th Saga (SNES - 1993),0.00,0
The Aethra Chronicles: Volume One - Celystra's Bane (DOS - 1994),4.43,7
The Amulet (DOS - 1983),0.00,0
"The Bard's Tale Construction Set (DOS, Amiga - 1991)",4.25,8
"The Bard's Tale II: The Destiny Knight (DOS, Amiga, Apple II, Apple IIgs, C64, NES - 1988)",4.21,19
"The Bard's Tale III: Thief of Fate (DOS, Amiga, Apple II, C64 - 1990)",4.20,20
"The Black Onyx (NES, PC-88 - 1988)",2.00,1
The Caverns of Freitag (Apple II - 1982),0.00,0
The Citadel of Chaos (C64 - 1984),0.00,0
"The Dark Heart of Uukrul (DOS, Apple II - 1990)",4.65,17
"The Dark Queen of Krynn (DOS, Amiga, Mac - 1992)",4.37,27
The Dragon Sword (DOS - 1990),0.00,0
The Dungeons of Morabis (DOS - 1991),1.00,1
The Elder Scrolls: Arena (DOS - 1994),4.59,78
The Elder Scrolls: Arena - Deluxe Edition (DOS - 1994),4.65,37
The Elder Scrolls: Chapter II - Daggerfall (DOS - 1996),4.67,36
"The Eternal Dagger (Apple II, Atari 8-bit, C64 - 1987)",3.40,5
"The Faery Tale Adventure: Book I (DOS, Amiga, C64, Genesis - 1989)",4.25,8
The Final Fantasy Legend (Game Boy - 1989),5.00,2
The Fire Crystal (PC-88 - 1984),0.00,0
The Forest of Doom (C64 - 1984),5.00,1
"The Four Crystals of Trazere (DOS, Amiga, Atari ST - 1992)",4.50,16
The Infernal Tome (DOS - 1994),3.00,2
"The Keys to Maramon (DOS, Amiga, C64 - 1990)",4.07,14
The Kingdom of Syree (DOS - 1992),3.00,4
The Land (DOS - 1989),3.00,2
The Last Battle (SNES - 1994),0.00,0
The Legacy: Realm of Terror (DOS - 1993),4.47,15
"The Legend of Blacksilver (Apple II, C64 - 1988)",4.50,2
"The Lords of Midnight (Amstrad CPC, C64 - 1984)",5.00,7
The Magic Candle II: The Four and Forty (DOS - 1991),4.38,16
The Magic Candle III (DOS - 1992),4.16,19
"The Magic Candle: Volume 1 (DOS, C64, NES - 1989)",4.36,11
The Magic of Scheherazade (NES - 1987),0.00,0
The Mystic Well (Atari ST - 1990),0.00,0
The Nine Lives of Secret Agent Katt (DOS - 1991),3.56,9
The Ormus Saga II: Guild of Death (C64 - 1993),0.00,0
The Red Crystal: The Seven Secrets of Life (DOS - 1993),3.00,2
The Rescue of Lorri in Lorrinitron (DOS - 1991),2.50,2
"The Return of Heracles (Apple II, Atari 8-bit, C64 - 1983)",0.00,0
The Scheme (PC-88 - 1988),5.00,1
The Screamer (PC-98 - 1986),5.00,2
"The Standing Stones (Apple II, C64 - 1983)",4.00,1
"The Stone of Sisyphus (Apple II, Atari 8-bit - 1980)",1.00,1
The Summoning (DOS - 1992),4.65,29
The Sword of Hope (Game Boy - 1989),0.00,0
The Twisted Tales of Spike McFang (SNES - 1993),0.00,0
"The Valley (C64, ZX Spectrum - 1983)",0.00,0
The Wizard's Castle (DOS - 1981),2.75,8
Theseus and the Minotaur (Apple II - 1982),0.00,0
Tir-nan-óg II: The Sign of Chaos (PC-98 - 1989),0.00,0
Tir-nan-óg: Descendants of Danaan (PC-98 - 1987),0.00,0
Tir-nan-óg: The Forbidden Tower (PC-88 - 1990),0.00,0
Tōgi Ō: King Colossus (Genesis - 1992),2.00,1
Tombs & Treasure (NES - 1988),0.00,0
Total Eclipse (Dragon 32/64 - 1985),0.00,0
Totally Smashed (DOS - 1995),3.00,2
Tower of Myraglen (Apple IIgs - 1987),4.00,1
Tower of Souls (Amiga - 1995),2.50,2
Towers II: Plight of the Stargazer (Windows - 1996),3.00,3
"Towers: Lord Baniff's Deceit (DOS, Atari ST - 1994)",5.00,1
Trapped (Amiga - 1996),2.00,1
Traysia (Genesis - 1992),0.00,0
Treasure Hunter G (SNES - 1996),0.00,0
"Treasures of the Savage Frontier (DOS, Amiga - 1992)",4.64,11
Treehouse Truants (DOS - 1994),1.00,1
Trial by Magic (DOS - 1995),4.00,6
"True Love (Windows, PC-98 - 1995)",3.57,7
"Tunnels & Trolls: Crusaders of Khazan (DOS, PC-88 - 1990)",4.29,14
Twilight Zone II: Nagisa no Yakata (PC-88 - 1988),0.00,0
Twilight Zone Vol. 4: Tokubetsu-hen (PC-88 - 1990),0.00,0
Twilight: 2000 (DOS - 1991),4.53,32
"Ultima (Apple II, Atari 8-bit - 1981)",5.00,1
"Ultima I: The First Age of Darkness (DOS, Apple II, C64, PC-88 - 1987)",4.28,36
"Ultima II: The Revenge of the Enchantress... (DOS, Mac, Apple II, Atari 8-bit, Atari ST, C64, PC-88 - 1983)",4.22,18
"Ultima IV: Quest of the Avatar (DOS, Amiga, Apple II, Atari 8-bit, Atari ST, C64, NES, PC-88, PC-98 - 1987)",4.53,34
Ultima Underworld II: Labyrinth of Worlds (DOS - 1993),4.36,75
Ultima Underworld: The Stygian Abyss (DOS - 1992),4.40,108
"Ultima V: Warriors of Destiny (DOS, Amiga, Apple II, Atari ST, C64, NES - 1988)",4.65,31
"Ultima VI: The False Prophet (DOS, Amiga, Atari ST, C64, SNES - 1990)",4.30,47
Ultima VII: Part Two - Serpent Isle (DOS - 1993),4.67,24
Ultima VII: The Black Gate (DOS - 1992),4.59,54
Ultima: Escape from Mt. Drash (VIC-20 - 1983),5.00,2
Ultima: Kyōryū Teikoku (SNES - 1995),0.00,0
Ultima: The Black Gate (SNES - 1994),0.00,0
Ultima: Worlds of Adventure 2 - Martian Dreams (DOS - 1991),4.65,17
Ultimuh MCMLXVII: Part 2 of the 39th Trilogy - The Quest for the Golden Amulet (DOS - 1993),2.40,5
Undercover Cops Gaiden: Hakaishin Garumaa (Game Boy - 1993),5.00,1
"Unlimited Adventures (DOS, Mac - 1993)",4.61,18
Ushio to Tora: Shin'en no Daiyō (NES - 1993),0.00,0
Vain Dream (PC-88 - 1991),0.00,0
Valkyrie no Bōken: Toki no Kagi Densetsu (NES - 1986),0.00,0
Vampyr: Talisman of Invocation (DOS - 1989),4.38,8
Veil of Darkness (DOS - 1993),4.39,38
"Vengeance of Excalibur (DOS, Amiga, Atari ST - 1991)",4.38,13
"Vision: The 5 Dimension Utopia (DOS, Amiga - 1992)",1.00,1
Visions of Aftermath: The Boomtown (DOS - 1988),3.83,6
Vixen 357 (Genesis - 1992),0.00,0
Volcanic Dungeon (ZX Spectrum - 1983),0.00,0
Walls of Illusion (Atari ST - 1993),0.00,0
Warhammer: Dark Omen (Windows - 1998),4.45,63
Warriors of Legend (DOS - 1993),4.56,18
Warsong (Genesis - 1991),5.00,3
"WarWizard (DOS, Amiga - 1994)",0.00,0
"Wasteland (DOS, Apple II, C64 - 1988)",4.29,105
"Waxworks (DOS, Amiga - 1992)",4.33,37
"Whale's Voyage (DOS, Amiga - 1995)",4.19,11
Whale's Voyage II: Die Übermacht (Amiga - 1995),2.00,1
"Wibarm (DOS, PC-88 - 1989)",4.60,5
Willow (NES - 1989),5.00,1
"Windwalker (DOS, Amiga, Apple II, C64 - 1989)",4.44,9
Wizard Wars (DOS - 1988),4.27,11
"Wizard's Crown (DOS, Apple II, Atari 8-bit, Atari ST, C64 - 1987)",4.76,17
Wizardry Gold (Mac - 1996),5.00,2
"Wizardry V: Heart of the Maelstrom (DOS, Apple II, C64, PC-88, SNES - 1988)",4.80,15
"Wizardry: Bane of the Cosmic Forge (DOS, Amiga, Mac, SNES - 1990)",4.46,33
Wizardry: Crusaders of the Dark Savant (DOS - 1992),4.75,29
"Wizardry: Knight of Diamonds - The Second Scenario (DOS, Apple II, C64, NES, PC-88 - 1987)",3.85,20
"Wizardry: Legacy of Llylgamyn - The Third Scenario (DOS, Apple II, C64, NES, PC-88 - 1986)",4.50,8
"Wizardry: Proving Grounds of the Mad Overlord (DOS, Mac, Apple II, C64, NES, PC-88 - 1984)",4.29,34
Wizardry: The First Episode - Suffering of the Queen (Game Boy - 1991),0.00,0
"Wizardry: The Return of Werdna - The Fourth Scenario (DOS, Apple II, PC-88 - 1988)",4.89,9
Wizardry: The Second Episode - Curse of the Ancient Emperor (Game Boy - 1992),0.00,0
Wizards & Warriors (Windows - 2000),0.00,0
Wonder Project J: Kikai no Shōnen Pino (SNES - 1994),5.00,1
World of Aden: Thunderscape (DOS - 1995),4.29,14
"Worlds of Legend: Son of the Empire (DOS, Amiga - 1993)",4.80,20
Worlds of Ultima: The Savage Empire (DOS - 1990),4.45,22
"Wrath of Denethenor (Apple II, C64 - 1986)",3.00,1
X-Men II: The Fall of the Mutants (DOS - 1991),4.38,21
"Xak II: Rising of the Redmoon (PC-88, PC-98 - 1990)",0.00,0
"Xak: The Art of Visual Stage (PC-88, PC-98, SNES - 1989)",5.00,1
Xanadu: Dragon Slayer II (PC-88 - 1985),0.00,0
"Xenomorph (DOS, Amiga, Atari ST, C64 - 1990)",4.30,10
"Xianjian Qixia Zhuan (DOS, Windows - 1995)",4.75,4
Xuanyuan Jian (DOS - 1990),0.00,0
"Xyphus (Mac, Apple II, C64 - 1985)",5.00,1
XZR (PC-88 - 1988),5.00,2
Yendorian Tales: Book I (DOS - 1994),5.00,1
Yendorian Tales: Book I - Chapter 2 (DOS - 1996),4.80,5
Yendorian Tales: The Tyrants of Thaine (DOS - 1997),5.00,2
"Ys II: Ancient Ys Vanished - The Final Chapter (NES, PC-88, PC-98 - 1990)",5.00,1
"Ys III: Wanderers from Ys (Genesis, NES, PC-98, SNES - 1991)",5.00,1
Ys IV: Mask of the Sun (SNES - 1993),0.00,0
Ys V: Ushinawareta Suna no Miyako Kefin (SNES - 1995),5.00,1
"Ys: The Vanished Omens (DOS, Apple IIgs, NES, PC-88 - 1989)",4.50,8
Yume Meikyū: Kigurumi Daibōken (SNES - 1994),0.00,0
Zavas (PC-88 - 1988),0.00,0
Zelda II: The Adventure of Link (NES - 1987),4.29,7
"Zeliard (DOS, PC-88 - 1990)",4.63,27
Zombie Hunter (NES - 1987),5.00,2
