Title,Average Rating,Number of Ratings
"Arcade Trivia Quiz (DOS, Amstrad CPC, Atari ST, C64 - 1993)",5.00,1
Bodyworks Voyager: Missions in Anatomy (DOS - 1994),4.50,6
Car Builder (DOS - 1982),4.20,63
ClueFinders: 3rd Grade Adventures (Windows - 1998),4.00,1
Computer Operator (DOS - 1982),5.00,1
Connections (Mac - 1995),4.75,4
Crime Lab: Case of the Missing Masterpiece (DOS - 1987),5.00,5
Crosscountry Canada (DOS - 1991),4.62,45
"Dr. Ruth's Computer Game of Good Sex (DOS, C64 - 1986)",3.72,25
Elroy Hits the Pavement (Mac - 1996),4.00,5
Expert Common Knowledge (DOS - 1992),5.00,1
"Fun School 3: for 5 to 7 Year Olds (Amstrad CPC, C64 - 1991)",5.00,1
G-Netix (Mac - 1993),5.00,3
Hi-Q-Quiz (C64 - 1988),0.00,0
Laser Surgeon: The Microscopic Mission (DOS - 1987),5.00,5
LEGO Technic Cybermaster (Windows - 1998),0.00,0
Magic School Bus Lands on Mars (Mac - 2000),4.60,5
Magic School Bus Volcano Adventure (Mac - 2001),4.13,8
Masters of the Elements (Mac - 1999),4.80,5
"Mickey's Space Adventure (DOS, Apple II, C64 - 1986)",3.87,16
Microsoft Space Simulator (DOS - 1994),4.74,50
"Mind Pursuit (Apple II, C64 - 1986)",0.00,0
"Museum Madness (DOS, Mac - 1994)",4.78,9
Mystery at the Museums (DOS - 1993),5.00,2
"Operation: Frog (DOS, Apple II, C64 - 1992)",5.00,5
"Orbiter (DOS, Mac, Atari ST - 1986)",5.00,3
Pepper's Adventures in Time (DOS - 1993),4.74,19
PET Nuclear Power Plant (C64 - 1982),5.00,2
Physicus: Save the World with Science! (Mac - 1999),5.00,4
Pirates: Captain's Quest (Mac - 1997),5.00,2
PQ: The Party Quiz Game (Atari 8-bit - 1984),0.00,0
"Project: Space Station (DOS, Apple II, C64 - 1987)",4.75,24
Quarky & Quaysoo's Turbo Science (DOS - 1992),5.00,9
"Quiwi (Amstrad CPC, C64 - 1986)",0.00,0
Safe Opening Simulator (DOS - 1993),4.43,7
Sammy's Science House (Mac - 1994),4.74,19
Scholastic's The Magic School Bus Explores the Human Body (Mac - 1994),4.85,13
Scholastic's The Magic School Bus: Space Exploration Game (Genesis - 1995),0.00,0
Scooby-Doo!: Case File #1 - The Glowing Bug Man (Windows - 2002),0.00,0
Star Wars: DroidWorks (Mac - 1998),4.50,10
Super Munchers: The Challenge Continues... (DOS - 1991),4.40,90
Super Solvers: Gizmos & Gadgets! (DOS - 1993),4.46,177
Super Solvers: Treasure Mountain! (DOS - 1990),4.39,123
The Astronomy Quiz (DOS - 1988),5.00,4
The Awesome Adventures of Victor Vector & Yondo: The Cyberplasm Formula (Mac - 1995),4.00,1
The Awesome Adventures of Victor Vector & Yondo: The Last Dinosaur Egg (Mac - 1993),4.00,1
The ClueFinders: 4th Grade Adventures (Mac - 1998),4.34,29
The Computer Quiz (DOS - 1988),4.71,7
"The Halley Project: A Mission In Our Solar System (Amiga, C64 - 1986)",4.00,4
"The Lost Mind of Dr. Brain (Windows, Mac - 1995)",4.35,17
The Magic School Bus Explores Bugs (Mac - 2000),4.67,12
The Second Kids' World Almanac Adventure (DOS - 1990),5.00,2
The Time Warp of Dr. Brain (Mac - 1996),4.30,10
The Wild Science Arcade (DOS - 1993),4.40,5
Thinkin' Things Collection 2 (Mac - 1995),4.82,11
Three Mile Island (Apple II - 1979),4.60,5
Trivia Whiz (DOS - 1990),4.33,3
"Virtual Pool (DOS, Mac - 1995)",4.54,13
Volcanoes (DOS - 1985),5.00,1
Zap! (Mac - 1998),5.00,5
