Title,Average Rating,Number of Ratings
Lunar: Eternal Blue (SEGA CD - 1994),5.00,3
Snatcher (SEGA CD - 1994),4.78,27
Keio Flying Squadron (SEGA CD - 1993),5.00,3
Final Fight (SEGA CD - 1993),4.50,12
Popful Mail (SEGA CD - 1994),4.80,5
Robo Aleste (SEGA CD - 1992),5.00,3
Sonic CD (SEGA CD - 1993),4.61,168
Shining Force CD (SEGA CD - 1994),4.81,16
Heart of the Alien: Out of this World parts I and II (SEGA CD - 1994),4.67,6
AH-3: ThunderStrike (SEGA CD - 1993),4.75,4
Lunar: The Silver Star (SEGA CD - 1992),4.00,7
