Title,Average Rating,Number of Ratings
World Series Baseball starring Deion Sanders (SEGA 32X - 1995),5.00,1
After Burner II (SEGA 32X - 1994),4.40,25
Pitfall: The Mayan Adventure (SEGA 32X - 1995),4.47,49
Star Trek: Starfleet Academy - Starship Bridge Simulator (SEGA 32X - 1995),4.00,1
WWF Raw (SEGA 32X - 1994),4.33,9
Tempo (SEGA 32X - 1995),5.00,2
Motocross Championship (SEGA 32X - 1994),3.00,2
Virtua Racing Deluxe (SEGA 32X - 1994),4.50,8
Blackthorne (SEGA 32X - 1995),4.84,43
Knuckles' Chaotix (SEGA 32X - 1995),4.16,49
Zaxxon's Motherbase 2000 (SEGA 32X - 1995),4.00,4
Cosmic Carnage (SEGA 32X - 1994),0.00,0
Star Wars Arcade (SEGA 32X - 1994),3.50,10
T-Mek (SEGA 32X - 1995),5.00,1
Primal Rage (SEGA 32X - 1995),4.57,78
RBI Baseball '95 (SEGA 32X - 1995),5.00,1
Brutal: Above the Claw (SEGA 32X - 1995),5.00,2
Metal Head (SEGA 32X - 1994),5.00,3
Golf Magazine presents 36 Great Holes starring Fred Couples (SEGA 32X - 1994),5.00,2
Virtua Fighter (SEGA 32X - 1995),4.40,15
Space Harrier (SEGA 32X - 1994),4.92,13
FIFA Soccer 96 (SEGA 32X - 1995),4.26,161
WWF WrestleMania (SEGA 32X - 1995),4.26,295
BC Racers (SEGA 32X - 1995),4.17,12
Romance of the Three Kingdoms IV: Wall of Fire (SEGA 32X - 1995),4.44,9
Mortal Kombat II (SEGA 32X - 1995),4.41,115
Toughman Contest (SEGA 32X - 1995),3.00,1
The Amazing Spider-Man: Web of Fire (SEGA 32X - 1996),4.29,34
DarXide (SEGA 32X - 1995),4.00,1
Shadow Squadron (SEGA 32X - 1995),5.00,3
Doom (SEGA 32X - 1994),4.35,1773
NFL Quarterback Club (SEGA 32X - 1995),0.00,0
Kolibri (SEGA 32X - 1995),4.00,1
NBA Jam Tournament Edition (SEGA 32X - 1995),4.35,35
