Title,Average Rating,Number of Ratings
Dynamite Duke (Master System - 1991),5.00,1
RoboCop versus The Terminator (Master System - 1993),5.00,1
Reggie Jackson Baseball (Master System - 1989),0.00,0
94 Super World Cup Chukku (Master System - 1994),0.00,0
Great Baseball (Master System - 1987),3.00,2
Dynamite Düx (Master System - 1989),3.00,2
Battletoads in Battlemaniacs (Master System - 1996),4.20,5
Ecco: The Tides of Time (Master System - 1996),3.00,2
Megumi Rescue (Master System - 1988),3.00,2
Great Basketball (Master System - 1987),0.00,0
Shanghai (Master System - 1988),4.33,12
Super Racing (Master System - 1988),5.00,1
Sonic the Hedgehog (Master System - 1991),4.18,11
California Games II (Master System - 1993),4.36,25
Disney's Bonkers: Wax Up! (Master System - 1998),1.00,1
Sonic Blast (Master System - 1997),4.20,15
Spider-Man (Master System - 1991),5.00,2
The Smurfs Travel the World (Master System - 1995),4.00,4
Street Fighter II: Champion Edition (Master System - 1997),4.42,24
Missile Defense 3-D (Master System - 1987),5.00,1
Quartet (Master System - 1987),0.00,0
The Ninja (Master System - 1986),5.00,3
Mercs (Master System - 1991),4.83,12
Taz in Escape from Mars (Master System - 1997),5.00,1
Castle of Illusion starring Mickey Mouse (Master System - 1990),4.33,12
S.C.I.: Special Criminal Investigation (Master System - 1992),5.00,3
SDI: Strategic Defense Initiative (Master System - 1987),3.00,2
Alex Kidd: BMX Trial (Master System - 1987),5.00,1
Super Boy III (Master System - 1991),4.29,7
Xenon 2: Megablast (Master System - 1991),4.76,73
Dynamite Headdy (Master System - 1995),5.00,1
Galactic Protector (Master System - 1988),0.00,0
Hang-On (Master System - 1985),3.67,3
World Championship Soccer (Master System - 1990),4.75,4
Taz-Mania (Master System - 1992),5.00,2
Heroes of the Lance (Master System - 1991),4.25,16
Teddy Boy (Master System - 1985),4.33,3
Disney's Aladdin (Master System - 1994),4.33,6
Sonic the Hedgehog 2 (Master System - 1992),5.00,1
Zillion (Master System - 1987),5.00,2
Fantasy Zone: The Maze (Master System - 1987),5.00,1
OutRun Europa (Master System - 1991),4.57,7
Joe Montana Football (Master System - 1990),0.00,0
Strider 2 (Master System - 1992),4.33,9
Gangster Town (Master System - 1987),4.00,2
Sapo Xulé vs. Os Invasores do Brejo (Master System - 1995),4.00,1
Krusty's Super Fun House (Master System - 1993),4.54,13
Michael Jackson's Moonwalker (Master System - 1990),4.46,13
Mick & Mack as the Global Gladiators (Master System - 1993),3.00,2
Cyborg Hunter (Master System - 1988),0.00,0
Spy vs Spy (Master System - 1986),4.48,29
Wonder Boy III: The Dragon's Trap (Master System - 1989),5.00,4
Pit-Fighter (Master System - 1991),4.05,20
Renegade (Master System - 1993),4.80,15
Hang-On & Astro Warrior (Master System - 1986),0.00,0
The Terminator (Master System - 1992),3.50,2
Assault City (Master System - 1990),5.00,2
Golfamania (Master System - 1990),5.00,1
As Aventuras da TV Colosso (Master System - 1996),5.00,1
Hokuto no Ken (Master System - 1986),0.00,0
Great Football (Master System - 1987),0.00,0
Chapolim x Drácula: Um Duelo Assustador (Master System - 1994),3.00,2
Indiana Jones and The Last Crusade: The Action Game (Master System - 1990),4.12,25
The Jungle Book (Master System - 1994),5.00,2
Deep Duck Trouble starring Donald Duck (Master System - 1993),5.00,1
Zillion 2: Tri Formation (Master System - 1987),5.00,1
Great Baseball (Master System - 1985),0.00,0
Ninja Gaiden (Master System - 1992),5.00,1
Batman Returns (Master System - 1992),3.50,2
The Fantastic Adventures of Dizzy (Master System - 1993),4.38,59
Back to the Future Part III (Master System - 1991),4.36,22
Taito's Super Space Invaders (Master System - 1991),4.50,18
Mônica no Castelo do Dragão (Master System - 1991),3.91,11
Sonic the Hedgehog Chaos (Master System - 1993),4.05,21
Golden Axe (Master System - 1989),4.68,56
After Burner (Master System - 1987),5.00,1
Shinobi (Master System - 1988),3.84,38
Dragon Crystal (Master System - 1991),5.00,2
Superman: The Man of Steel (Master System - 1993),5.00,2
Tecmo World Cup '93 (Master System - 1993),5.00,1
Micro Machines (Master System - 1993),4.53,28
Sagaia (Master System - 1992),3.50,2
Bonanza Bros. (Master System - 1991),4.50,2
Where in the World is Carmen Sandiego? (Master System - 1988),5.00,1
Road Rash (Master System - 1994),4.26,15
Spider-Man: Return of the Sinister Six (Master System - 1992),4.19,16
Scramble Spirits (Master System - 1989),5.00,5
Sensible Soccer: European Champions (Master System - 1993),4.00,3
Fantasy Zone II (Master System - 1987),3.00,1
Championship Hockey (Master System - 1994),0.00,0
World Class Leader Board (Master System - 1991),4.67,36
Champions of Europe (Master System - 1992),5.00,3
Earthworm Jim (Master System - 1997),4.62,45
Rastan (Master System - 1988),4.51,59
PGA Tour Golf (Master System - 1991),4.25,28
Agi Gongyong Dooly (Master System - 1991),0.00,0
Shadow Dancer (Master System - 1991),4.29,7
Great Ice Hockey (Master System - 1986),5.00,1
Cheese Cat-Astrophe starring Speedy Gonzales (Master System - 1995),3.50,2
Cool Spot (Master System - 1993),4.35,29
The Incredible Crash Dummies (Master System - 1993),4.67,3
Legend of Illusion starring Mickey Mouse (Master System - 1998),5.00,1
Lemmings (Master System - 1992),4.66,188
Psycho Fox (Master System - 1989),4.33,3
The Smurfs (Master System - 1994),3.33,3
Aerial Assault (Master System - 1990),5.00,2
Digger Chan (Master System - 2011),4.00,3
Monopoly (Master System - 1988),2.00,3
Wimbledon II (Master System - 1993),0.00,0
Strider (Master System - 1991),4.40,20
Geraldinho (Master System - 1995),0.00,0
The Ottifants (Master System - 1993),5.00,2
Fire & Ice (Master System - 1996),4.35,45
Streets of Rage (Master System - 1993),5.00,6
Golvellius: Valley of Doom (Master System - 1988),5.00,3
Turma da Mônica em: O Resgate (Master System - 1993),4.26,19
World Games (Master System - 1989),4.42,15
Wonder Boy (Master System - 1987),4.50,8
Parlour Games (Master System - 1987),5.00,1
RoboCop 3 (Master System - 1993),5.00,4
Formula One (Master System - 1993),4.64,25
"James ""Buster"" Douglas Knockout Boxing (Master System - 1990)",0.00,0
Out Run 3-D (Master System - 1988),3.00,2
Black Belt (Master System - 1986),0.00,0
Astérix and the Secret Mission (Master System - 1993),5.00,2
Sapo Xulé: O Mestre do Kung Fu (Master System - 1995),4.00,1
ESWAT: Cyber Police (Master System - 1990),4.78,9
Operation Wolf (Master System - 1990),4.40,42
Buggy Run (Master System - 1993),5.00,1
Columns (Master System - 1990),3.50,6
Rygar (Master System - 1988),4.67,6
Ivan 'Ironman' Stewart's Super Off Road (Master System - 1993),4.61,81
G-Loc: Air Battle (Master System - 1991),5.00,2
OutRun (Master System - 1987),4.47,49
Altered Beast (Master System - 1989),4.45,38
GP Rider (Master System - 1993),5.00,1
Bubble Bobble (Master System - 1988),4.42,170
Tom and Jerry: The Movie (Master System - 1992),4.00,6
Dr. Robotnik's Mean Bean Machine (Master System - 1994),5.00,1
Woody Pop (Master System - 1987),0.00,0
Land of Illusion starring Mickey Mouse (Master System - 1992),4.33,9
Gauntlet (Master System - 1990),4.90,30
Super Boy I (Master System - 1989),4.00,9
Blade Eagle 3-D (Master System - 1988),0.00,0
Hang On & Safari Hunt (Master System - 1986),0.00,0
Dragon: The Bruce Lee Story (Master System - 1995),5.00,1
Star Wars (Master System - 1993),4.50,4
Dick Tracy (Master System - 1990),4.00,3
Marksman Shooting & Trap Shooting (Master System - 1986),0.00,0
Olympic Gold: Barcelona '92 (Master System - 1992),5.00,1
Gain Ground (Master System - 1990),4.80,5
Super Kick Off (Master System - 1991),4.50,2
Mortal Kombat (Master System - 1993),4.48,137
Time Soldiers (Master System - 1989),3.67,3
Streets of Rage 2 (Master System - 1993),4.50,8
Ecco the Dolphin (Master System - 1993),5.00,1
Choplifter! (Master System - 1986),4.36,11
Speedball 2: Brutal Deluxe (Master System - 1992),4.44,57
Marble Madness (Master System - 1992),4.54,35
Speedball (Master System - 1990),4.68,19
Enduro Racer (Master System - 1987),5.00,1
James Pond 2: Codename: RoboCod (Master System - 1993),4.78,33
Chase H.Q. (Master System - 1991),4.40,10
Ghostbusters (Master System - 1987),4.46,16
Ace of Aces (Master System - 1991),4.39,19
Prince of Persia (Master System - 1992),4.58,446
Summer Games (Master System - 1988),4.43,7
Casino Games (Master System - 1989),5.00,1
Flashpoint (Master System - 1991),3.50,2
Dead Angle (Master System - 1989),0.00,0
Space Gun (Master System - 1992),2.25,4
The New Zealand Story (Master System - 1992),4.41,29
Great Volleyball (Master System - 1987),4.00,1
Mortal Kombat II (Master System - 1994),4.40,114
Psychic World (Master System - 1991),5.00,1
SpellCaster (Master System - 1988),5.00,1
F16 Fighting Falcon (Master System - 1985),5.00,1
Astro Warrior (Master System - 1986),0.00,0
Desert Strike: Return to the Gulf (Master System - 1992),4.48,56
Astro Warrior / Pit Pot (Master System - 1986),5.00,1
Great Golf (Master System - 1987),0.00,0
Virtua Fighter Animation (Master System - 1997),3.67,4
Fire & Forget II (Master System - 1990),3.83,12
Galaxy Force (Master System - 1988),5.00,1
Rambo: First Blood Part II (Master System - 1986),3.50,2
Double Hawk (Master System - 1990),5.00,1
Forgotten Worlds (Master System - 1991),3.86,14
Andre Agassi Tennis (Master System - 1993),5.00,1
Fantasy Zone (Master System - 1986),5.00,1
Super Boy II (Master System - 1989),4.33,3
FIFA International Soccer (Master System - 1996),4.30,190
20 em 1 (Master System - 1995),5.00,5
Air Rescue (Master System - 1992),2.00,2
TransBot (Master System - 1985),5.00,1
Pit Pot: The Magical Castle (Master System - 1985),0.00,0
Wonder Boy in Monster Land (Master System - 1988),4.75,4
Alex Kidd in Shinobi World (Master System - 1990),5.00,1
Maze Hunter 3-D (Master System - 1988),3.50,2
The Addams Family (Master System - 1993),5.00,2
Gaegujangi Kkachi (Master System - 1993),3.50,2
Shooting Gallery (Master System - 1987),5.00,1
Pro Wrestling (Master System - 1986),5.00,1
Ghouls 'N Ghosts (Master System - 1989),4.65,17
The Incredible Hulk (Master System - 1994),4.00,12
Bram Stoker's Dracula (Master System - 1993),0.00,0
Predator 2 (Master System - 1992),0.00,0
Kung Fu Kid (Master System - 1987),3.00,2
Solomon's Key (Master System - 1988),4.38,8
The Three Dragon Story (Master System - 1989),0.00,0
Wanted (Master System - 1989),1.00,1
Toto World 3 (Master System - 1993),0.00,0
Masters of Combat (Master System - 1993),4.00,1
The Lion King (Master System - 1994),0.00,0
Rampage (Master System - 1988),4.74,27
Sítio do Picapau Amarelo (Master System - 1998),0.00,0
Ultima IV: Quest of the Avatar (Master System - 1990),4.37,46
Sapo Xulé: S.O.S. Lagoa Poluída (Master System - 1995),0.00,0
Super Monaco GP (Master System - 1990),4.75,8
The Flash (Master System - 1993),4.50,4
Wolfchild (Master System - 1993),5.00,5
Power Strike (Master System - 1988),2.50,2
Comical Machine Gun Joe (Master System - 1986),0.00,0
Alien³ (Master System - 1992),4.75,8
The Flintstones (Master System - 1991),4.00,3
Power Strike II (Master System - 1993),0.00,0
Sonic the Hedgehog: Spinball (Master System - 1994),4.33,6
Rainbow Islands (Master System - 1993),4.00,4
Bank Panic (Master System - 1986),0.00,0
Winter Olympics: Lillehammer '94 (Master System - 1994),4.80,5
Golden Axe Warrior (Master System - 1991),5.00,5
Klax (Master System - 1991),4.53,15
Pac-Mania (Master System - 1991),4.46,26
Arcade Smash Hits (Master System - 1992),5.00,1
California Games (Master System - 1989),4.36,50
Danan the Jungle Fighter (Master System - 1990),0.00,0
Game Box Série Esportes Radicais (Master System - 1996),4.50,2
Penguin Land (Master System - 1987),5.00,1
Phantasy Star (Master System - 1987),4.33,6
Great Soccer (Master System - 1985),5.00,1
Back to the Future Part II (Master System - 1990),4.40,25
Alien Syndrome (Master System - 1987),4.39,18
Space Harrier (Master System - 1986),4.92,13
Shadow of the Beast (Master System - 1992),4.58,12
Bomber Raid (Master System - 1989),0.00,0
Mortal Kombat 3 (Master System - 1996),4.26,201
Rocky (Master System - 1987),4.40,5
Baku Baku Animal (Master System - 1998),3.00,4
Smash T.V. (Master System - 1992),4.33,13
Férias Frustradas do Pica-Pau (Master System - 1996),5.00,1
Captain Silver (Master System - 1988),5.00,3
Tennis Ace (Master System - 1989),0.00,0
ALF (Master System - 1989),5.00,1
George Foreman's KO Boxing (Master System - 1992),0.00,0
Walter Payton Football (Master System - 1989),5.00,2
Submarine Attack (Master System - 1990),0.00,0
Rambo III (Master System - 1988),5.00,2
Aztec Adventure (Master System - 1987),5.00,1
The Simpsons: Bart vs. the World (Master System - 1993),4.20,5
Wimbledon Championship Tennis (Master System - 1993),5.00,1
Running Battle (Master System - 1991),0.00,0
Battle Out Run (Master System - 1989),0.00,0
King's Quest (Master System - 1989),4.32,115
Ms. Pac-Man (Master System - 1991),4.20,59
Montezuma's Revenge (Master System - 1989),4.40,57
World Cup USA 94 (Master System - 1994),3.93,14
PaperBoy (Master System - 1990),4.44,25
Basketball Nightmare (Master System - 1989),5.00,1
Rampart (Master System - 1993),4.34,26
Castelo Rá-Tim-Bum (Master System - 1997),0.00,0
Alien Storm (Master System - 1991),5.00,8
Populous (Master System - 1991),4.58,50
Double Dragon (Master System - 1988),4.73,46
WWF Wrestlemania: Steel Cage Challenge (Master System - 1993),5.00,1
Super Boy 4 (Master System - 1992),5.00,1
GP World (Master System - 1986),5.00,1
Mickey's Ultimate Challenge (Master System - 1998),3.25,4
Kenseiden (Master System - 1988),5.00,1
Line of Fire (Master System - 1991),0.00,0
Poseidon Wars 3-D (Master System - 1989),0.00,0
Daffy Duck in Hollywood (Master System - 1994),0.00,0
Quest for the Shaven Yak starring Ren Hoëk & Stimpy (Master System - 1995),5.00,2
Cloud Master (Master System - 1989),5.00,1
Great Soccer (Master System - 1987),5.00,1
The Lucky Dime Caper starring Donald Duck (Master System - 1991),4.00,1
X-Men: Mojo World (Master System - 1997),5.00,2
Miracle Warriors: Seal of the Dark Lord (Master System - 1987),5.00,2
James Bond 007: The Duel (Master System - 1993),4.67,3
Marksman Shooting / Trap Shooting / Safari Hunt (Master System - 1986),0.00,0
Desert Speedtrap starring Road Runner and Wile E. Coyote (Master System - 1993),3.00,2
R-Type (Master System - 1988),4.67,6
The Simpsons: Bart vs. the Space Mutants (Master System - 1992),4.27,41
Ys: The Vanished Omens (Master System - 1988),4.64,11
Zaxxon 3-D (Master System - 1987),0.00,0
Alex Kidd: High-Tech World (Master System - 1987),5.00,2
Ghost House (Master System - 1986),5.00,1
Wonder Boy in Monster World (Master System - 1993),5.00,2
Rescue Mission (Master System - 1988),0.00,0
Hoshi o sagashite... (Master System - 1988),0.00,0
Vampire: Master of Darkness (Master System - 1992),4.40,5
Ayrton Senna's Super Monaco GP II (Master System - 1992),4.75,4
R.C. Grand Prix (Master System - 1989),5.00,1
Space Harrier 3-D (Master System - 1988),2.00,1
Slap Shot (Master System - 1990),0.00,0
Ultimate Soccer (Master System - 1993),3.00,1
My Hero (Master System - 1986),5.00,1
Dallyeora Piguwang (Master System - 1995),3.00,2
Cosmic Spacehead (Master System - 1993),3.94,6
Thunderblade (Master System - 1988),4.70,10
Vigilante (Master System - 1989),5.00,6
Chuck Rock (Master System - 1992),4.50,4
Alex Kidd: The Lost Stars (Master System - 1988),5.00,1
Trivial Pursuit (Master System - 1992),4.13,8
Zool (Master System - 1993),4.34,27
Eagles 5 (Master System - 1990),0.00,0
Putt & Putter (Master System - 1991),5.00,1
Astérix and the Great Rescue (Master System - 1994),5.00,2
Laser Ghost (Master System - 1991),5.00,1
Super Tennis (Master System - 1985),0.00,0
Chuck Rock II: Son of Chuck (Master System - 1993),5.00,4
Impossible Mission (Master System - 1990),4.56,16
Jang Pung 3 (Master System - 1994),4.50,2
Janggun-ui Adeul (Master System - 1992),4.00,1
Terminator 2: Judgment Day (Master System - 1993),4.78,36
Action Fighter (Master System - 1986),4.40,10
The Cyber Shinobi (Master System - 1990),4.00,1
Terminator 2: Judgment Day (Master System - 1993),5.00,2
Sega World Tournament Golf (Master System - 1993),0.00,0
Alex Kidd in Miracle World (Master System - 1986),4.27,15
Disney's Ariel the Little Mermaid (Master System - 1996),4.80,5
Sega Chess (Master System - 1991),5.00,2
Jurassic Park (Master System - 1993),5.00,1
Lord of the Sword (Master System - 1988),5.00,1
