Title,Average Rating,Number of Ratings
Zillion (Master System - 1987),5.00,2
RoboCop versus The Terminator (Master System - 1993),4.75,4
Ms. Pac-Man (Master System - 1991),4.21,64
Slap Shot (Master System - 1990),0.00,0
Super Boy III (Master System - 1991),4.13,8
Ultimate Soccer (Master System - 1993),3.00,1
Laser Ghost (Master System - 1991),5.00,1
OutRun (Master System - 1987),4.48,52
Wonder Boy in Monster World (Master System - 1993),5.00,2
Double Dragon (Master System - 1988),4.70,48
Cloud Master (Master System - 1989),5.00,1
Impossible Mission (Master System - 1990),4.42,19
Super Tennis (Master System - 1985),0.00,0
Comical Machine Gun Joe (Master System - 1986),0.00,0
Spy vs Spy (Master System - 1986),4.42,33
Predator 2 (Master System - 1992),0.00,0
Kenseiden (Master System - 1988),5.00,1
Jang Pung 3 (Master System - 1994),4.67,3
Streets of Rage (Master System - 1993),5.00,7
Vigilante (Master System - 1989),5.00,6
Golden Axe (Master System - 1989),4.69,59
Cosmic Spacehead (Master System - 1993),3.94,6
The New Zealand Story (Master System - 1992),4.43,30
WWF Wrestlemania: Steel Cage Challenge (Master System - 1993),0.00,0
Ys: The Vanished Omens (Master System - 1988),4.64,11
James Pond 2: Codename: RoboCod (Master System - 1993),4.71,36
Ivan 'Ironman' Stewart's Super Off Road (Master System - 1993),4.62,84
Alien Storm (Master System - 1991),4.70,10
The Simpsons: Bart vs. the Space Mutants (Master System - 1992),4.20,44
Power Strike II (Master System - 1993),0.00,0
Ayrton Senna's Super Monaco GP II (Master System - 1992),4.75,4
Disney's Ariel the Little Mermaid (Master System - 1996),4.80,5
The Addams Family (Master System - 1993),5.00,2
Speedball (Master System - 1990),4.71,21
Turma da Mônica em: O Resgate (Master System - 1993),4.14,29
FIFA International Soccer (Master System - 1996),4.31,203
Marble Madness (Master System - 1992),4.57,37
Rescue Mission (Master System - 1988),0.00,0
Golfamania (Master System - 1990),5.00,1
Sonic the Hedgehog Chaos (Master System - 1993),3.97,30
Teddy Boy (Master System - 1985),4.50,4
Wimbledon Championship Tennis (Master System - 1993),5.00,1
Miracle Warriors: Seal of the Dark Lord (Master System - 1987),5.00,2
World Championship Soccer (Master System - 1990),4.75,4
Hoshi o sagashite... (Master System - 1988),0.00,0
Rastan (Master System - 1988),4.52,61
PaperBoy (Master System - 1990),4.37,27
Populous (Master System - 1991),4.59,51
Hokuto no Ken (Master System - 1986),0.00,0
Alex Kidd: BMX Trial (Master System - 1987),5.00,1
Quartet (Master System - 1987),0.00,0
Monopoly (Master System - 1988),2.00,3
Fantasy Zone II (Master System - 1987),3.67,3
Dynamite Düx (Master System - 1989),3.67,3
Strider (Master System - 1991),4.43,21
Enduro Racer (Master System - 1987),5.00,1
Arcade Smash Hits (Master System - 1992),5.00,1
Xenon 2: Megablast (Master System - 1991),4.68,79
Dragon Crystal (Master System - 1991),4.67,3
Lemmings (Master System - 1992),4.64,211
Alex Kidd: The Lost Stars (Master System - 1988),5.00,1
Olympic Gold: Barcelona '92 (Master System - 1992),4.50,2
Power Strike (Master System - 1988),2.50,2
RoboCop 3 (Master System - 1993),4.33,6
Great Baseball (Master System - 1987),3.00,2
Great Golf (Master System - 1987),0.00,0
Action Fighter (Master System - 1986),4.45,11
Superman: The Man of Steel (Master System - 1993),5.00,2
Micro Machines (Master System - 1993),4.55,29
Galactic Protector (Master System - 1988),0.00,0
Dynamite Headdy (Master System - 1995),5.00,1
Virtua Fighter Animation (Master System - 1997),3.67,4
TransBot (Master System - 1985),5.00,1
Chase H.Q. (Master System - 1991),4.45,11
Buggy Run (Master System - 1993),5.00,1
Sítio do Picapau Amarelo (Master System - 1998),5.00,1
Operation Wolf (Master System - 1990),4.36,45
Kung Fu Kid (Master System - 1987),3.00,2
Sega Chess (Master System - 1991),5.00,2
Mickey's Ultimate Challenge (Master System - 1998),3.25,4
After Burner (Master System - 1987),5.00,2
Wanted (Master System - 1989),1.00,1
Basketball Nightmare (Master System - 1989),5.00,1
Hang-On (Master System - 1985),4.00,4
S.C.I.: Special Criminal Investigation (Master System - 1992),5.00,3
Gaegujangi Kkachi (Master System - 1993),3.50,2
94 Super World Cup Chukku (Master System - 1994),5.00,1
Double Hawk (Master System - 1990),5.00,1
Super Kick Off (Master System - 1991),4.67,3
Astérix and the Secret Mission (Master System - 1993),5.00,2
My Hero (Master System - 1986),4.50,2
Zool (Master System - 1993),4.40,30
ESWAT: Cyber Police (Master System - 1990),4.78,9
Baku Baku Animal (Master System - 1998),3.57,7
World Games (Master System - 1989),4.43,17
Wonder Boy (Master System - 1987),4.50,8
Ecco the Dolphin (Master System - 1993),5.00,2
Space Harrier (Master System - 1986),4.92,13
Wimbledon II (Master System - 1993),0.00,0
Digger Chan (Master System - 2011),4.00,3
Fantasy Zone (Master System - 1986),5.00,1
Alien Syndrome (Master System - 1987),4.42,19
Championship Hockey (Master System - 1994),0.00,0
Desert Strike: Return to the Gulf (Master System - 1992),4.48,56
Heroes of the Lance (Master System - 1991),4.18,17
Taz in Escape from Mars (Master System - 1997),5.00,2
Sonic the Hedgehog 2 (Master System - 1992),5.00,1
Tom and Jerry: The Movie (Master System - 1992),4.14,7
Mortal Kombat 3 (Master System - 1996),4.24,203
Rampart (Master System - 1993),4.33,27
Batman Returns (Master System - 1992),3.50,2
Jurassic Park (Master System - 1993),5.00,1
Columns (Master System - 1990),3.13,8
Taito's Super Space Invaders (Master System - 1991),4.47,19
Bonanza Bros. (Master System - 1991),4.25,4
Sagaia (Master System - 1992),3.50,2
The Lion King (Master System - 1994),0.00,0
Mercs (Master System - 1991),4.85,13
SDI: Strategic Defense Initiative (Master System - 1987),4.00,5
Ecco: The Tides of Time (Master System - 1996),3.00,2
Rambo: First Blood Part II (Master System - 1986),3.00,4
Andre Agassi Tennis (Master System - 1993),5.00,1
Maze Hunter 3-D (Master System - 1988),3.50,2
Body Slam (Master System - 1986),5.00,1
Air Rescue (Master System - 1992),2.00,2
Michael Jackson's Moonwalker (Master System - 1990),4.19,16
Rambo III (Master System - 1988),5.00,2
Terminator 2: Judgment Day (Master System - 1993),4.68,38
James Bond 007: The Duel (Master System - 1993),4.67,3
OutRun Europa (Master System - 1991),4.57,7
California Games (Master System - 1989),4.38,53
Aztec Adventure (Master System - 1987),5.00,2
Dragon: The Bruce Lee Story (Master System - 1995),5.00,1
Chuck Rock II: Son of Chuck (Master System - 1993),4.20,5
Shinobi (Master System - 1988),3.83,41
Altered Beast (Master System - 1989),4.40,40
Land of Illusion starring Mickey Mouse (Master System - 1992),4.50,12
Ninja Gaiden (Master System - 1992),5.00,1
Aerial Assault (Master System - 1990),5.00,2
George Foreman's KO Boxing (Master System - 1992),0.00,0
Ghostbusters (Master System - 1987),4.55,19
Super Racing (Master System - 1988),5.00,1
Putt & Putter (Master System - 1991),5.00,1
Mônica no Castelo do Dragão (Master System - 1991),3.92,14
Scramble Spirits (Master System - 1989),5.00,5
Fantasy Zone: The Maze (Master System - 1987),5.00,1
The Flintstones (Master System - 1991),4.00,3
Out Run 3-D (Master System - 1988),3.00,2
Dr. Robotnik's Mean Bean Machine (Master System - 1994),5.00,2
Agi Gongyong Dooly (Master System - 1991),5.00,1
Summer Games (Master System - 1988),4.38,8
Hang On & Safari Hunt (Master System - 1986),0.00,0
Montezuma's Revenge (Master System - 1989),4.36,58
Chuck Rock (Master System - 1992),4.56,9
California Games II (Master System - 1993),4.38,26
Bubble Bobble (Master System - 1988),4.43,175
Shanghai (Master System - 1988),4.33,12
Chapolim x Drácula: Um Duelo Assustador (Master System - 1994),3.67,3
Quest for the Shaven Yak starring Ren Hoëk & Stimpy (Master System - 1995),5.00,2
The Three Dragon Story (Master System - 1989),0.00,0
The Incredible Crash Dummies (Master System - 1993),4.67,3
Thunderblade (Master System - 1988),4.70,10
Reggie Jackson Baseball (Master System - 1989),0.00,0
Champions of Europe (Master System - 1992),5.00,3
Ghouls 'N Ghosts (Master System - 1989),4.68,22
Psychic World (Master System - 1991),5.00,1
The Ottifants (Master System - 1993),5.00,2
20 em 1 (Master System - 1995),5.00,5
Great Basketball (Master System - 1987),0.00,0
Prince of Persia (Master System - 1992),4.59,504
Wonder Boy III: The Dragon's Trap (Master System - 1989),5.00,4
Shadow Dancer (Master System - 1991),4.29,7
Psycho Fox (Master System - 1989),4.50,4
Super Boy II (Master System - 1989),3.50,4
Zaxxon 3-D (Master System - 1987),0.00,0
The Flash (Master System - 1993),4.50,4
Sensible Soccer: European Champions (Master System - 1993),4.00,3
Toto World 3 (Master System - 1993),0.00,0
Rocky (Master System - 1987),4.40,5
Terminator 2: Judgment Day (Master System - 1993),5.00,2
Sega World Tournament Golf (Master System - 1993),0.00,0
PGA Tour Golf (Master System - 1991),4.25,28
Klax (Master System - 1991),4.50,16
Disney's Aladdin (Master System - 1994),4.43,7
Blade Eagle 3-D (Master System - 1988),0.00,0
Solomon's Key (Master System - 1988),4.38,8
Pac-Mania (Master System - 1991),4.47,32
Dynamite Duke (Master System - 1991),5.00,1
Alex Kidd in Shinobi World (Master System - 1990),3.67,3
Deep Duck Trouble starring Donald Duck (Master System - 1993),5.00,1
Masters of Combat (Master System - 1993),4.00,1
GP Rider (Master System - 1993),5.00,1
Daffy Duck in Hollywood (Master System - 1994),0.00,0
Assault City (Master System - 1990),5.00,2
Back to the Future Part II (Master System - 1990),4.32,28
Astérix and the Great Rescue (Master System - 1994),4.00,5
The Jungle Book (Master System - 1994),5.00,2
Bram Stoker's Dracula (Master System - 1993),0.00,0
The Cyber Shinobi (Master System - 1990),4.00,1
X-Men: Mojo World (Master System - 1997),5.00,2
Castelo Rá-Tim-Bum (Master System - 1997),0.00,0
The Simpsons: Bart vs. the World (Master System - 1993),4.20,5
Battletoads in Battlemaniacs (Master System - 1996),4.33,6
Gangster Town (Master System - 1987),4.00,2
Gauntlet (Master System - 1990),4.90,31
World Cup USA 94 (Master System - 1994),3.93,15
Woody Pop (Master System - 1987),0.00,0
R.C. Grand Prix (Master System - 1989),5.00,1
Alien³ (Master System - 1992),4.80,10
Cool Spot (Master System - 1993),4.26,31
Back to the Future Part III (Master System - 1991),4.12,26
Road Rash (Master System - 1994),4.09,21
The Smurfs (Master System - 1994),3.40,5
Shooting Gallery (Master System - 1987),5.00,1
Ultima IV: Quest of the Avatar (Master System - 1990),4.38,47
Marksman Shooting & Trap Shooting (Master System - 1986),0.00,0
Rygar (Master System - 1988),4.43,7
Sapo Xulé: S.O.S. Lagoa Poluída (Master System - 1995),0.00,0
Formula One (Master System - 1993),4.65,26
Time Soldiers (Master System - 1989),3.67,3
Super Boy 4 (Master System - 1992),5.00,1
Flashpoint (Master System - 1991),3.50,2
Gain Ground (Master System - 1990),4.80,5
"James ""Buster"" Douglas Knockout Boxing (Master System - 1990)",0.00,0
Alex Kidd: High-Tech World (Master System - 1987),3.67,3
Black Belt (Master System - 1986),0.00,0
Pit-Fighter (Master System - 1991),3.87,23
Game Box Série Esportes Radicais (Master System - 1996),4.50,2
Dead Angle (Master System - 1989),0.00,0
Astro Warrior (Master System - 1986),0.00,0
Captain Silver (Master System - 1988),5.00,3
Space Gun (Master System - 1992),2.25,4
Mick & Mack as the Global Gladiators (Master System - 1993),3.33,3
Golden Axe Warrior (Master System - 1991),5.00,5
Tennis Ace (Master System - 1989),0.00,0
Great Football (Master System - 1987),0.00,0
Line of Fire (Master System - 1991),0.00,0
The Incredible Hulk (Master System - 1994),4.12,16
Janggun-ui Adeul (Master System - 1992),4.50,2
Marksman Shooting / Trap Shooting / Safari Hunt (Master System - 1986),0.00,0
Danan the Jungle Fighter (Master System - 1990),4.00,1
Megumi Rescue (Master System - 1988),3.00,2
Spider-Man: Return of the Sinister Six (Master System - 1992),4.33,21
Dick Tracy (Master System - 1990),4.00,5
Strider 2 (Master System - 1992),4.30,10
Great Baseball (Master System - 1985),0.00,0
Forgotten Worlds (Master System - 1991),3.87,15
Earthworm Jim (Master System - 1997),4.59,47
Dallyeora Piguwang (Master System - 1995),3.00,2
Sonic the Hedgehog (Master System - 1991),4.24,17
Rainbow Islands (Master System - 1993),4.20,5
Where in the World is Carmen Sandiego? (Master System - 1988),5.00,1
Taz-Mania (Master System - 1992),5.00,2
Speedball 2: Brutal Deluxe (Master System - 1992),4.44,59
King's Quest (Master System - 1989),4.32,115
Cyborg Hunter (Master System - 1988),0.00,0
Mortal Kombat (Master System - 1993),4.48,140
Penguin Land (Master System - 1987),5.00,1
Great Ice Hockey (Master System - 1986),5.00,1
Casino Games (Master System - 1989),5.00,1
Geraldinho (Master System - 1995),0.00,0
Cheese Cat-Astrophe starring Speedy Gonzales (Master System - 1995),3.00,3
Sapo Xulé: O Mestre do Kung Fu (Master System - 1995),4.00,1
Walter Payton Football (Master System - 1989),5.00,2
Phantasy Star (Master System - 1987),4.33,6
Astro Warrior / Pit Pot (Master System - 1986),5.00,1
Tecmo World Cup '93 (Master System - 1993),5.00,1
Ghost House (Master System - 1986),5.00,1
The Lucky Dime Caper starring Donald Duck (Master System - 1991),4.00,1
Wonder Boy in Monster Land (Master System - 1988),4.75,4
Bomber Raid (Master System - 1989),0.00,0
Great Soccer (Master System - 1985),5.00,1
Renegade (Master System - 1993),4.80,15
Missile Defense 3-D (Master System - 1987),5.00,1
Poseidon Wars 3-D (Master System - 1989),0.00,0
F16 Fighting Falcon (Master System - 1985),5.00,1
Running Battle (Master System - 1991),5.00,1
Choplifter! (Master System - 1986),4.42,12
Parlour Games (Master System - 1987),5.00,1
Mortal Kombat II (Master System - 1994),4.41,115
Fire & Ice (Master System - 1996),4.32,48
Submarine Attack (Master System - 1990),0.00,0
The Smurfs Travel the World (Master System - 1995),4.00,4
Great Soccer (Master System - 1987),5.00,1
Trivial Pursuit (Master System - 1992),4.22,9
Shadow of the Beast (Master System - 1992),4.47,15
Smash T.V. (Master System - 1992),4.33,13
Street Fighter II: Champion Edition (Master System - 1997),4.43,28
R-Type (Master System - 1988),4.67,6
Space Harrier 3-D (Master System - 1988),2.00,1
Streets of Rage 2 (Master System - 1993),4.56,9
Joe Montana Football (Master System - 1990),0.00,0
SpellCaster (Master System - 1988),5.00,1
Star Wars (Master System - 1993),4.50,4
Zillion 2: Tri Formation (Master System - 1987),5.00,1
Castle of Illusion starring Mickey Mouse (Master System - 1990),4.38,13
The Terminator (Master System - 1992),3.33,3
Super Boy I (Master System - 1989),4.00,9
Winter Olympics: Lillehammer '94 (Master System - 1994),4.17,6
Vampire: Master of Darkness (Master System - 1992),4.40,5
As Aventuras da TV Colosso (Master System - 1996),5.00,1
The Ninja (Master System - 1986),5.00,3
Lord of the Sword (Master System - 1988),5.00,1
Great Volleyball (Master System - 1987),4.00,1
Pit Pot: The Magical Castle (Master System - 1985),0.00,0
Rampage (Master System - 1988),4.69,32
Sonic Blast (Master System - 1997),4.25,16
Sapo Xulé vs. Os Invasores do Brejo (Master System - 1995),4.00,1
The Fantastic Adventures of Dizzy (Master System - 1993),4.38,62
World Class Leader Board (Master System - 1991),4.66,38
Ace of Aces (Master System - 1991),4.42,20
Super Monaco GP (Master System - 1990),4.78,9
Wolfchild (Master System - 1993),5.00,5
ALF (Master System - 1989),5.00,1
Fire & Forget II (Master System - 1990),3.83,12
Férias Frustradas do Pica-Pau (Master System - 1996),4.00,2
Krusty's Super Fun House (Master System - 1993),4.54,13
Galaxy Force (Master System - 1988),5.00,1
Battle Out Run (Master System - 1989),0.00,0
G-Loc: Air Battle (Master System - 1991),5.00,2
Spider-Man (Master System - 1991),5.00,2
Eagles 5 (Master System - 1990),0.00,0
Alex Kidd in Miracle World (Master System - 1986),4.25,16
Bank Panic (Master System - 1986),5.00,1
Desert Speedtrap starring Road Runner and Wile E. Coyote (Master System - 1993),3.00,2
Golvellius: Valley of Doom (Master System - 1988),5.00,3
Legend of Illusion starring Mickey Mouse (Master System - 1998),5.00,1
Disney's Bonkers: Wax Up! (Master System - 1998),1.00,1
GP World (Master System - 1986),5.00,1
Hang-On & Astro Warrior (Master System - 1986),0.00,0
Indiana Jones and The Last Crusade: The Action Game (Master System - 1990),4.15,27
Sonic the Hedgehog: Spinball (Master System - 1994),0.00,0
