Title,Average Rating,Number of Ratings
After Burner II (SEGA 32X - 1994),4.38,13
BC Racers (SEGA 32X - 1995),3.75,8
Blackthorne (SEGA 32X - 1995),4.85,27
Brutal: Above the Claw (SEGA 32X - 1995),0.00,0
Cosmic Carnage (SEGA 32X - 1994),0.00,0
DarXide (SEGA 32X - 1995),0.00,0
Doom (SEGA 32X - 1994),4.34,1534
FIFA Soccer 96 (SEGA 32X - 1995),4.25,133
Golf Magazine presents 36 Great Holes starring Fred Couples (SEGA 32X - 1994),5.00,1
Knuckles' Chaotix (SEGA 32X - 1995),5.00,2
Kolibri (SEGA 32X - 1995),4.00,1
Metal Head (SEGA 32X - 1994),0.00,0
Mortal Kombat II (SEGA 32X - 1995),4.43,90
Motocross Championship (SEGA 32X - 1994),0.00,0
NBA Jam Tournament Edition (SEGA 32X - 1995),4.26,24
NFL Quarterback Club (SEGA 32X - 1995),0.00,0
Pitfall: The Mayan Adventure (SEGA 32X - 1995),4.35,17
Primal Rage (SEGA 32X - 1995),4.63,65
RBI Baseball '95 (SEGA 32X - 1995),5.00,1
Romance of the Three Kingdoms IV: Wall of Fire (SEGA 32X - 1995),3.00,2
Shadow Squadron (SEGA 32X - 1995),5.00,2
Space Harrier (SEGA 32X - 1994),5.00,7
Star Trek: Starfleet Academy - Starship Bridge Simulator (SEGA 32X - 1995),4.00,1
Star Wars Arcade (SEGA 32X - 1994),3.33,3
T-Mek (SEGA 32X - 1995),0.00,0
Tempo (SEGA 32X - 1995),0.00,0
The Amazing Spider-Man: Web of Fire (SEGA 32X - 1996),4.67,3
Toughman Contest (SEGA 32X - 1995),0.00,0
Virtua Fighter (SEGA 32X - 1995),3.75,4
Virtua Racing Deluxe (SEGA 32X - 1994),4.50,2
World Series Baseball starring Deion Sanders (SEGA 32X - 1995),0.00,0
WWF Raw (SEGA 32X - 1994),0.00,0
WWF WrestleMania (SEGA 32X - 1995),4.26,249
Zaxxon's Motherbase 2000 (SEGA 32X - 1995),0.00,0
