Title,Average Rating,Number of Ratings
Final Fight (SEGA CD - 1993),4.46,13
Popful Mail (SEGA CD - 1994),4.80,5
Snatcher (SEGA CD - 1994),4.79,28
Lunar: Eternal Blue (SEGA CD - 1994),5.00,3
Heart of the Alien: Out of this World parts I and II (SEGA CD - 1994),4.71,7
Shining Force CD (SEGA CD - 1994),4.50,20
Robo Aleste (SEGA CD - 1992),5.00,3
AH-3: ThunderStrike (SEGA CD - 1993),4.75,4
Lunar: The Silver Star (SEGA CD - 1992),4.13,8
Keio Flying Squadron (SEGA CD - 1993),5.00,3
Sonic CD (SEGA CD - 1993),4.60,178
