Title,Average Rating,Number of Ratings
3 Ninjas Kick Back (Genesis - 1994),4.00,3
688 Attack Sub (Genesis - 1991),4.88,146
A Dinosaur's Tale (Genesis - 1994),5.00,1
Aa Harimanada (Genesis - 1993),0.00,0
Abrams Battle Tank (Genesis - 1991),4.13,37
Action 52 (Genesis - 1993),2.33,3
Addams Family Values (Genesis - 1995),0.00,0
Advanced Busterhawk Gleylancer (Genesis - 1992),0.00,0
Advanced Daisenryaku: Doitsu Dengeki Sakusen (Genesis - 1991),0.00,0
Adventures of Yogi Bear (Genesis - 1994),0.00,0
Aero the Acro-Bat (Genesis - 1993),5.00,1
Aero the Acro-Bat 2 (Genesis - 1994),5.00,1
Aerobiz (Genesis - 1992),5.00,4
Aerobiz Supersonic (Genesis - 1994),5.00,5
After Burner II (Genesis - 1990),4.38,13
Air Buster (Genesis - 1991),0.00,0
Air Diver (Genesis - 1990),5.00,1
Alex Kidd in the Enchanted Castle (Genesis - 1989),5.00,1
Alien Soldier (Genesis - 1995),5.00,1
Alien Storm (Genesis - 1991),5.00,4
Alien³ (Genesis - 1992),4.50,2
Alisia Dragoon (Genesis - 1992),5.00,1
Altered Beast (Genesis - 1988),4.50,28
American Gladiators (Genesis - 1992),3.10,10
Andre Agassi Tennis (Genesis - 1992),5.00,1
Animaniacs (Genesis - 1994),5.00,1
Arcade Classics (Genesis - 1996),0.00,0
Arch Rivals (Genesis - 1992),5.00,2
Arcus Odyssey (Genesis - 1991),0.00,0
Arnold Palmer Tournament Golf (Genesis - 1989),0.00,0
Arrow Flash (Genesis - 1990),0.00,0
Art Alive (Genesis - 1991),0.00,0
Art of Fighting (Genesis - 1994),0.00,0
Astérix and the Great Rescue (Genesis - 1993),4.00,1
Astérix and the Power of the Gods (Genesis - 1995),0.00,0
Atomic Robo-Kid (Genesis - 1990),4.00,2
ATP Tour Championship Tennis (Genesis - 1994),0.00,0
Australian Rugby League (Genesis - 1994),5.00,1
Awesome Possum Kicks Dr. Machino's Butt (Genesis - 1993),5.00,1
AWS Pro Moves Soccer (Genesis - 1993),0.00,0
Ayrton Senna's Super Monaco GP II (Genesis - 1992),0.00,0
B.O.B. (Genesis - 1993),0.00,0
Back to the Future Part III (Genesis - 1991),4.18,11
Bahamut Senki (Genesis - 1991),0.00,0
Ball Jacks (Genesis - 1993),0.00,0
Ballz 3D: Fighting at its Ballziest (Genesis - 1994),0.00,0
Barbie Super Model (Genesis - 1993),4.33,15
Barkley: Shut Up and Jam 2 (Genesis - 1995),0.00,0
Barkley: Shut Up and Jam! (Genesis - 1994),0.00,0
Barney's Hide & Seek Game (Genesis - 1993),0.00,0
Bass Masters Classic (Genesis - 1995),0.00,0
Bass Masters Classic: Pro Edition (Genesis - 1996),0.00,0
Batman Forever (Genesis - 1995),4.53,15
Batman Returns (Genesis - 1992),0.00,0
Batman: Return of the Joker (Genesis - 1992),4.00,1
Batman: The Video Game (Genesis - 1990),0.00,0
Battle Golfer Yui (Genesis - 1991),0.00,0
Battle Mania Daiginjō (Genesis - 1993),5.00,1
Battle Squadron (Genesis - 1990),5.00,4
BattleTech: A Game of Armored Combat (Genesis - 1994),4.33,3
Battletoads (Genesis - 1993),4.00,2
Battletoads / Double Dragon (Genesis - 1994),5.00,2
Beast Wrestler (Genesis - 1991),0.00,0
Best of the Best Championship Karate (Genesis - 1993),4.32,19
Beyond Oasis (Genesis - 1994),0.00,0
Bible Adventures (Genesis - 1995),0.00,0
Bill Walsh College Football (Genesis - 1993),0.00,0
Bill Walsh College Football 95 (Genesis - 1994),0.00,0
Bimini Run (Genesis - 1990),0.00,0
Bio Hazard Battle (Genesis - 1992),0.00,0
Bio-Ship Paladin (Genesis - 1991),0.00,0
Bishōjo Senshi Sailor Moon (Genesis - 1994),4.00,1
Blades of Vengeance (Genesis - 1993),0.00,0
Blaster Master 2 (Genesis - 1993),0.00,0
Blockout (Genesis - 1991),4.55,22
Body Count (Genesis - 1994),0.00,0
Bonanza Bros. (Genesis - 1991),5.00,1
Boogerman: A Pick and Flick Adventure (Genesis - 1994),5.00,1
Boxing Legends of the Ring (Genesis - 1993),0.00,0
Bram Stoker's Dracula (Genesis - 1993),0.00,0
Brett Hull Hockey 95 (Genesis - 1994),4.20,5
Brian Lara Cricket '96 (Genesis - 1996),0.00,0
Brutal: Paws of Fury (Genesis - 1994),3.88,8
Bubba 'N' Stix (Genesis - 1994),5.00,2
Bubble and Squeak (Genesis - 1994),0.00,0
Bubsy II (Genesis - 1994),0.00,0
Bubsy in: Claws Encounters of the Furred Kind (Genesis - 1993),5.00,1
Buck Rogers: Countdown to Doomsday (Genesis - 1991),5.00,1
Budokan: The Martial Spirit (Genesis - 1990),4.84,31
Bugs Bunny in Double Trouble (Genesis - 1996),0.00,0
Bulls vs. Blazers and the NBA Playoffs (Genesis - 1993),0.00,0
Bulls vs. Lakers and the NBA Playoffs (Genesis - 1992),0.00,0
Burning Force (Genesis - 1990),0.00,0
Cadash (Genesis - 1992),5.00,1
Cal Ripken Jr. Baseball (Genesis - 1992),0.00,0
Caliber.50 (Genesis - 1991),0.00,0
California Games (Genesis - 1991),4.34,33
Cannon Fodder (Genesis - 1994),4.59,73
Captain America and the Avengers (Genesis - 1992),0.00,0
Captain Planet and the Planeteers (Genesis - 1992),0.00,0
Castle of Illusion starring Mickey Mouse (Genesis - 1990),2.67,3
Castlevania Bloodlines (Genesis - 1994),0.00,0
Centurion: Defender of Rome (Genesis - 1991),4.60,74
Chakan (Genesis - 1992),5.00,1
Champions World Class Soccer (Genesis - 1993),0.00,0
Championship Bowling (Genesis - 1993),0.00,0
Championship Pool (Genesis - 1993),0.00,0
Championship Soccer '94 (Genesis - 1994),0.00,0
Chase H.Q. II (Genesis - 1992),0.00,0
Chavez II (Genesis - 1993),0.00,0
Cheese Cat-Astrophe starring Speedy Gonzales (Genesis - 1995),0.00,0
Chelnov: Atomic Runner (Genesis - 1992),4.00,3
Chester Cheetah: Too Cool to Fool (Genesis - 1992),0.00,0
Chester Cheetah: Wild Wild Quest (Genesis - 1993),4.00,1
Chi Chi's Pro Challenge Golf (Genesis - 1993),0.00,0
Chibi Maruko-chan: Waku Waku Shopping (Genesis - 1992),4.00,1
Chiki Chiki Boys (Genesis - 1992),5.00,2
Chōkyūkai Miracle Nine (Genesis - 1995),0.00,0
Chuck Rock (Genesis - 1991),4.50,2
Chuck Rock II: Son of Chuck (Genesis - 1993),5.00,2
Classic Collection (Genesis - 1996),0.00,0
Clay Fighter (Genesis - 1994),0.00,0
Cliffhanger (Genesis - 1993),0.00,0
Clue (Genesis - 1992),5.00,2
Coach K College Basketball (Genesis - 1995),0.00,0
College Football USA 96 (Genesis - 1995),0.00,0
College Football USA 97 (Genesis - 1996),0.00,0
College Football's National Championship (Genesis - 1994),0.00,0
College Football's National Championship II (Genesis - 1995),0.00,0
College Slam (Genesis - 1996),4.25,4
Columns (Genesis - 1990),3.00,1
Columns III: Revenge of Columns (Genesis - 1993),0.00,0
Combat Cars (Genesis - 1994),4.50,2
Comix Zone (Genesis - 1995),4.35,34
Contra Hard Corps (Genesis - 1994),5.00,2
Cool Spot (Genesis - 1993),4.34,18
Corporation (Genesis - 1992),3.33,3
Cosmic Spacehead (Genesis - 1993),4.67,4
Crack Down (Genesis - 1990),4.57,7
Crayon Shin-chan: Arashi o Yobu Enji (Genesis - 1994),5.00,1
CrossFire (Genesis - 1991),0.00,0
Crüe Ball (Genesis - 1992),0.00,0
Crusader of Centy (Genesis - 1994),0.00,0
Crystal's Pony Tale (Genesis - 1994),5.00,1
Curse (Genesis - 1989),0.00,0
Cutie Suzuki no Ringside Angel (Genesis - 1990),4.00,1
Cutthroat Island (Genesis - 1996),0.00,0
Cyberball (Genesis - 1990),5.00,1
Cyborg Justice (Genesis - 1993),0.00,0
Daffy Duck in Hollywood (Genesis - 1995),0.00,0
Dahna: Megami Tanjō (Genesis - 1991),0.00,0
Dangerous Seed (Genesis - 1990),0.00,0
Dark Castle (Genesis - 1991),4.73,29
Darwin 4081 (Genesis - 1990),0.00,0
Dashin' Desperadoes (Genesis - 1993),5.00,1
David Crane's Amazing Tennis (Genesis - 1992),4.00,1
David Robinson's Supreme Court (Genesis - 1992),0.00,0
Davis Cup Tennis (Genesis - 1993),0.00,0
Daze Before Christmas (Genesis - 1994),0.00,0
Deadly Moves (Genesis - 1992),0.00,0
Death Duel (Genesis - 1992),0.00,0
DEcapAttack (Genesis - 1991),0.00,0
Demolition Man (Genesis - 1995),0.00,0
Desert Demolition Starring Road Runner and Wile E. Coyote (Genesis - 1995),5.00,1
Desert Strike: Return to the Gulf (Genesis - 1992),4.50,24
Devil's Crush (Genesis - 1991),0.00,0
Devilish (Genesis - 1992),0.00,0
Dick Tracy (Genesis - 1990),0.00,0
"Dick Vitale's ""Awesome, Baby!"" College Hoops (Genesis - 1994)",0.00,0
Dino Dini's Soccer (Genesis - 1994),0.00,0
Dino Land (Genesis - 1991),0.00,0
Disney's Aladdin (Genesis - 1993),4.39,244
Disney's Ariel the Little Mermaid (Genesis - 1992),4.00,1
Disney's Beauty and the Beast: Belle's Quest (Genesis - 1993),5.00,1
Disney's Beauty and the Beast: Roar of the Beast (Genesis - 1993),0.00,0
Disney's Bonkers (Genesis - 1994),0.00,0
Disney's Pocahontas (Genesis - 1996),5.00,1
Disney's The Jungle Book (Genesis - 1994),5.00,2
Disney's Toy Story (Genesis - 1995),3.67,3
Divine Sealing (Genesis - 1991),0.00,0
DJ Boy (Genesis - 1990),0.00,0
Doom Troopers: Mutant Chronicles (Genesis - 1995),0.00,0
Doraemon: Yume Dorobō to 7-nin no Gozans (Genesis - 1993),5.00,1
Double Clutch (Genesis - 1993),0.00,0
Double Dragon (Genesis - 1993),4.73,31
Double Dragon 3: The Rosetta Stone (Genesis - 1992),4.54,19
Double Dragon II: The Revenge (Genesis - 1991),4.14,60
Double Dragon V: The Shadow Falls (Genesis - 1994),5.00,1
Double Dribble: The Playoff Edition (Genesis - 1994),0.00,0
Dr. Robotnik's Mean Bean Machine (Genesis - 1993),0.00,0
Dragon Ball Z: L'Appel Du Destin (Genesis - 1994),0.00,0
Dragon Slayer: The Legend of Heroes (Genesis - 1994),5.00,1
Dragon Slayer: The Legend of Heroes II (Genesis - 1995),0.00,0
Dragon's Eye Plus Shanghai III (Genesis - 1991),0.00,0
Dragon's Revenge (Genesis - 1993),0.00,0
Dragon: The Bruce Lee Story (Genesis - 1994),5.00,1
Duke Nukem 3D (Genesis - 1998),4.29,7
Dune: The Battle for Arrakis (Genesis - 1994),5.00,2
Dungeons & Dragons: Warriors of the Eternal Sun (Genesis - 1992),4.50,4
Dyna Brothers (Genesis - 1992),0.00,0
Dyna Brothers 2 (Genesis - 1993),0.00,0
Dynamite Duke (Genesis - 1990),0.00,0
Dynamite Headdy (Genesis - 1994),5.00,1
EA Sports Double Header (Genesis - 1993),5.00,1
Earnest Evans (Genesis - 1992),0.00,0
Earthworm Jim (Genesis - 1994),4.56,39
Earthworm Jim 2 (Genesis - 1995),5.00,1
Ecco Jr. (Genesis - 1995),0.00,0
Ecco the Dolphin (Genesis - 1992),0.00,0
Ecco: The Tides of Time (Genesis - 1994),0.00,0
El Viento (Genesis - 1991),0.00,0
Elemental Master (Genesis - 1990),0.00,0
Eliminate Down (Genesis - 1993),0.00,0
Elitserien 95 (Genesis - 1994),0.00,0
Elitserien 96 (Genesis - 1995),0.00,0
ESPN Baseball Tonight (Genesis - 1994),0.00,0
ESPN National Hockey Night (Genesis - 1994),0.00,0
ESPN Speed World (Genesis - 1994),0.00,0
ESPN Sunday Night NFL (Genesis - 1994),0.00,0
ESWAT: City under Siege (Genesis - 1990),5.00,2
Eternal Champions (Genesis - 1993),0.00,0
"Evander Holyfield's ""Real Deal"" Boxing (Genesis - 1992)",0.00,0
Ex-Mutants (Genesis - 1992),0.00,0
Exile (Genesis - 1991),0.00,0
Exo Squad (Genesis - 1995),0.00,0
Exodus: Journey to the Promised Land (Genesis - 1993),4.07,14
F-117 Night Storm (Genesis - 1993),0.00,0
F-15 Strike Eagle II (Genesis - 1993),4.57,37
F-22 Interceptor (Genesis - 1991),5.00,1
F1 Circus '91 (Genesis - 1991),0.00,0
F1 Triple Battle (Genesis - 1991),0.00,0
F1 World Championship Edition (Genesis - 1995),5.00,1
Family Feud (Genesis - 1993),5.00,1
Fantasia (Genesis - 1991),5.00,1
Fatal Fury (Genesis - 1993),5.00,1
Fatal Fury 2 (Genesis - 1994),5.00,1
Fatal Labyrinth (Genesis - 1990),0.00,0
Fengshen Yingjiezhuan (Genesis - 1996),0.00,0
Férias Frustradas do Pica-Pau (Genesis - 1996),5.00,1
Ferrari Grand Prix Challenge (Genesis - 1992),5.00,1
FIFA 98: Road to World Cup (Genesis - 1997),4.69,29
FIFA International Soccer (Genesis - 1993),4.35,133
FIFA Soccer 95 (Genesis - 1994),4.00,1
FIFA Soccer 96 (Genesis - 1995),4.25,133
FIFA Soccer 97 (Genesis - 1996),5.00,1
Fighting Masters (Genesis - 1991),5.00,1
Final Blow (Genesis - 1990),5.00,1
Final Zone (Genesis - 1990),3.50,2
Fire Mustang (Genesis - 1991),0.00,0
Fire Shark (Genesis - 1990),0.00,0
Firepower 2000 (Genesis - 1994),1.00,1
Flashback: The Quest for Identity (Genesis - 1993),4.80,40
Flicky (Genesis - 1990),5.00,1
Flink (Genesis - 1994),5.00,1
Foreman for Real (Genesis - 1995),0.00,0
Forgotten Worlds (Genesis - 1989),3.17,6
Formula One (Genesis - 1993),4.64,14
Frank Thomas Big Hurt Baseball (Genesis - 1995),5.00,1
Frogger (Genesis - 1998),4.20,20
Fun 'N Games (Genesis - 1993),4.00,1
Funny World & Balloon Boy (Genesis - 1993),0.00,0
Fushigi no Umi no Nadia (Genesis - 1991),0.00,0
G-Loc Air Battle (Genesis - 1991),5.00,1
Gadget Twins (Genesis - 1992),0.00,0
Gaiares (Genesis - 1990),0.00,0
Gain Ground (Genesis - 1991),4.00,1
Galaxy Force II (Genesis - 1991),5.00,1
Gambler Jiko Chūshinha: Katayama Masayuki no Mahjong Dōjō (Genesis - 1990),0.00,0
Game no Kanzume: Otokuyō (Genesis - 1995),0.00,0
Garfield: Caught in the Act (Genesis - 1995),0.00,0
Gargoyles (Genesis - 1995),0.00,0
Garry Kitchen's Super Battletank: War in the Gulf (Genesis - 1992),5.00,3
Gauntlet IV (Genesis - 1993),0.00,0
Gemfire (Genesis - 1992),4.69,13
General Chaos (Genesis - 1993),4.67,3
Generations Lost (Genesis - 1994),0.00,0
Genghis Khan II: Clan of the Gray Wolf (Genesis - 1993),4.34,53
George Foreman's KO Boxing (Genesis - 1992),0.00,0
Ghostbusters (Genesis - 1990),0.00,0
Ghouls 'N Ghosts (Genesis - 1989),4.57,7
Gods (Genesis - 1992),4.42,52
Golden Axe (Genesis - 1989),4.70,40
Golden Axe II (Genesis - 1991),5.00,3
Golden Axe III (Genesis - 1993),5.00,2
Goofy's Hysterical History Tour (Genesis - 1993),4.00,1
Granada (Genesis - 1990),0.00,0
Greatest Heavyweights (Genesis - 1993),0.00,0
Greendog: The Beached Surfer Dude! (Genesis - 1992),0.00,0
Grind Stormer (Genesis - 1994),0.00,0
Growl (Genesis - 1991),5.00,1
Gunship (Genesis - 1993),0.00,0
Gunstar Heroes (Genesis - 1993),5.00,1
Hard Drivin' (Genesis - 1990),3.88,25
HardBall 4 (Genesis - 1994),4.82,11
HardBall 5 (Genesis - 1995),4.59,17
HardBall III (Genesis - 1993),4.17,12
Haunting Starring Polterguy (Genesis - 1993),0.00,0
Head-On Soccer (Genesis - 1995),0.00,0
Heavy Nova (Genesis - 1992),0.00,0
Heavy Unit (Genesis - 1990),0.00,0
Hellfire (Genesis - 1990),0.00,0
Herzog Zwei (Genesis - 1989),5.00,1
High Seas Havoc (Genesis - 1993),0.00,0
Hit the Ice: The Video Hockey League (Genesis - 1992),0.00,0
Home Alone (Genesis - 1992),0.00,0
Home Alone 2: Lost in New York (Genesis - 1993),3.00,1
Hook (Genesis - 1992),0.00,0
Hurricanes (Genesis - 1994),0.00,0
Hyokkori Hyōtanjima: Daitōryō o Mezase! (Genesis - 1992),0.00,0
Hyper Marbles (Genesis - 1991),0.00,0
Ikasuze! Koi no Doki Doki Penguin Land MD (Genesis - 1992),5.00,1
IMG International Tour Tennis (Genesis - 1994),0.00,0
Indiana Jones and The Last Crusade: The Action Game (Genesis - 1992),4.06,16
Insector X (Genesis - 1990),0.00,0
Instruments of Chaos Starring Young Indiana Jones (Genesis - 1994),0.00,0
International Rugby (Genesis - 1993),0.00,0
International Superstar Soccer Deluxe (Genesis - 1996),5.00,1
Ishidō: The Way of Stones (Genesis - 1990),5.00,1
Ivan 'Ironman' Stewart's Super Off Road (Genesis - 1994),4.55,52
Izzy's Quest for the Olympic Rings (Genesis - 1995),0.00,0
J.League Champion Soccer (Genesis - 1993),4.00,1
Jack Nicklaus' Power Challenge Golf (Genesis - 1993),0.00,0
James Bond 007: The Duel (Genesis - 1993),0.00,0
James Pond 2: Codename: RoboCod (Genesis - 1991),4.70,23
James Pond 3: Operation Starfish (Genesis - 1993),4.00,6
James Pond: Underwater Agent (Genesis - 1991),3.33,3
Jammit (Genesis - 1994),5.00,1
Jantei Monogatari (Genesis - 1991),0.00,0
Jennifer Capriati Tennis (Genesis - 1992),0.00,0
Jeopardy! Deluxe Edition (Genesis - 1993),5.00,1
Jeopardy! Sports Edition (Genesis - 1994),0.00,0
Jewel Master (Genesis - 1991),0.00,0
Jimmy White's 'Whirlwind' Snooker (Genesis - 1994),4.07,28
Joe & Mac: Caveman Ninja (Genesis - 1994),4.45,65
Joe Montana Football (Genesis - 1990),0.00,0
Joe Montana II: Sports Talk Football (Genesis - 1991),0.00,0
John Madden Football (Genesis - 1990),1.00,1
John Madden Football '92 (Genesis - 1991),0.00,0
John Madden Football '93 (Genesis - 1992),0.00,0
John Madden Football '93: Championship Edition (Genesis - 1992),0.00,0
Jordan vs Bird: One on One (Genesis - 1992),4.27,11
Joshua & the Battle of Jericho (Genesis - 1994),0.00,0
Judge Dredd (Genesis - 1995),0.00,0
Junction (Genesis - 1990),0.00,0
Jungle Strike (Genesis - 1993),4.75,16
Jurassic Park (Genesis - 1993),5.00,1
Jurassic Park: Rampage Edition (Genesis - 1994),5.00,1
Justice League: Task Force (Genesis - 1995),0.00,0
Kawasaki Superbike Challenge (Genesis - 1995),5.00,1
Kick Off 3: European Challenge (Genesis - 1994),4.67,6
Kid Chameleon (Genesis - 1992),0.00,0
Kidō Keisatsu Patlabor: 98-Shiki Kidō seyo! (Genesis - 1992),0.00,0
King of the Monsters (Genesis - 1993),0.00,0
King of the Monsters 2 (Genesis - 1994),5.00,1
King Salmon: The Big Catch (Genesis - 1992),0.00,0
King's Bounty (Genesis - 1991),4.44,34
Klax (Genesis - 1990),4.22,9
Krusty's Super Fun House (Genesis - 1992),4.33,9
La Russa Baseball 95 (Genesis - 1994),0.00,0
Lakers versus Celtics and the NBA Playoffs (Genesis - 1990),0.00,0
Landstalker: Treasure of King Nole (Genesis - 1992),5.00,1
Langrisser II (Genesis - 1994),5.00,2
Last Action Hero (Genesis - 1993),0.00,0
Last Battle (Genesis - 1989),3.67,3
Leander (Genesis - 1992),4.00,2
Lemmings (Genesis - 1992),4.69,111
Lemmings 2: The Tribes (Genesis - 1994),4.37,27
Lethal Enforcers (Genesis - 1993),0.00,0
Lethal Enforcers II: Gun Fighters (Genesis - 1994),0.00,0
LHX: Attack Chopper (Genesis - 1992),4.52,47
Liberty or Death (Genesis - 1994),4.08,12
Light Crusader (Genesis - 1995),5.00,1
Lightening Force: Quest for the Darkstar (Genesis - 1992),0.00,0
Lord Monarch (Genesis - 1994),5.00,1
Lotus Turbo Challenge 2 (Genesis - 1992),4.25,12
Lotus: The Ultimate Challenge (Genesis - 1993),4.67,49
M.U.S.H.A. (Genesis - 1990),0.00,0
Madden NFL 95 (Genesis - 1994),0.00,0
Madden NFL 96 (Genesis - 1995),0.00,0
Madden NFL 97 (Genesis - 1996),0.00,0
Madden NFL 98 (Genesis - 1997),0.00,0
Madō Monogatari I (Genesis - 1996),5.00,1
Magical Tarurūto-kun (Genesis - 1992),0.00,0
Mahjong Cop Ryū (Genesis - 1989),0.00,0
Mamono Hunter Yōko: Dai 7 no Keishō (Genesis - 1991),0.00,0
Marble Madness (Genesis - 1991),4.60,25
Mario Andretti Racing (Genesis - 1994),0.00,0
Mario Lemieux Hockey (Genesis - 1991),5.00,1
Marko (Genesis - 1994),0.00,0
Marsupilami (Genesis - 1995),5.00,1
Marvel Land (Genesis - 1991),0.00,0
Mary Shelley's Frankenstein (Genesis - 1994),0.00,0
Master of Monsters (Genesis - 1991),5.00,1
Master of Weapon (Genesis - 1991),0.00,0
Math Blaster: Episode One - In Search of Spot (Genesis - 1994),4.52,23
Maui Mallard in Cold Shadow (Genesis - 1995),5.00,3
Mazin Saga: Mutant Fighter (Genesis - 1993),4.00,1
McDonald's Treasure Land Adventure (Genesis - 1993),5.00,1
Mega Bomberman (Genesis - 1994),5.00,2
Mega Games 10 (Genesis - 2002),0.00,0
Mega Games 3 (Genesis - 1993),0.00,0
Mega Games 6 Vol. 1 (Genesis - 1995),0.00,0
Mega Games 6 Vol. 3 (Genesis - 1995),0.00,0
Mega Lo Mania (Genesis - 1992),4.47,50
Mega Man: The Wily Wars (Genesis - 1994),5.00,1
Mega Turrican (Genesis - 1994),5.00,1
Megapanel (Genesis - 1990),0.00,0
Menacer 6-Game Cartridge (Genesis - 1992),0.00,0
Menghuan Shuiguo Pan: 777 Casino (Genesis - 1993),0.00,0
Mercs (Genesis - 1991),4.00,2
Metal Fangs (Genesis - 1993),0.00,0
Michael Jackson's Moonwalker (Genesis - 1990),5.00,2
Mick & Mack as the Global Gladiators (Genesis - 1993),1.00,1
Mickey Mania (Genesis - 1994),3.00,3
Mickey's Ultimate Challenge (Genesis - 1994),2.50,2
Micro Machines (Genesis - 1993),4.40,15
Micro Machines 2: Turbo Tournament (Genesis - 1994),4.15,13
Micro Machines: Military (Genesis - 1996),0.00,0
Micro Machines: Turbo Tournament 96 (Genesis - 1995),5.00,1
Midnight Resistance (Genesis - 1991),5.00,3
MiG-29: Fighter Pilot (Genesis - 1993),0.00,0
Might and Magic II: Gates to Another World (Genesis - 1991),4.48,31
Mighty Morphin Power Rangers (Genesis - 1994),0.00,0
Mighty Morphin Power Rangers: The Movie (Genesis - 1995),4.60,5
Mike Ditka Ultimate Football (Genesis - 1991),3.55,11
Minnesota Fats: Pool Legend (Genesis - 1995),0.00,0
MLBPA Baseball (Genesis - 1994),0.00,0
Monopoly (Genesis - 1992),5.00,3
Monster World IV (Genesis - 1994),0.00,0
Mortal Kombat (Genesis - 1993),4.50,104
Mortal Kombat 3 (Genesis - 1995),4.31,166
Mortal Kombat II (Genesis - 1994),4.43,90
Mr. Nutz (Genesis - 1994),0.00,0
Ms. Pac-Man (Genesis - 1991),3.96,32
MTV's Beavis and Butt-Head (Genesis - 1994),0.00,0
Muhammad Ali Heavyweight Boxing (Genesis - 1992),0.00,0
Mutant League Football (Genesis - 1993),0.00,0
Mutant League Hockey (Genesis - 1994),0.00,0
Mystic Defender (Genesis - 1989),0.00,0
Mystical Fighter (Genesis - 1991),5.00,1
Nakajima Satoru Kanshū F-1 Grand Prix (Genesis - 1991),0.00,0
Nakajima Satoru Kanshū F1 Super License (Genesis - 1992),0.00,0
NBA Action '94 (Genesis - 1994),0.00,0
NBA Action '95 starring David Robinson (Genesis - 1995),0.00,0
NBA All-Star Challenge (Genesis - 1992),0.00,0
NBA Hang Time (Genesis - 1996),5.00,3
NBA Jam (Genesis - 1994),0.00,0
NBA Jam Tournament Edition (Genesis - 1995),4.26,24
NBA Live 95 (Genesis - 1994),0.00,0
NBA Live 96 (Genesis - 1995),5.00,1
NBA Live 97 (Genesis - 1996),0.00,0
NBA Live 98 (Genesis - 1997),5.00,2
NBA Showdown (Genesis - 1994),0.00,0
NCAA Final Four Basketball (Genesis - 1994),0.00,0
NCAA Football (Genesis - 1994),0.00,0
New Horizons (Genesis - 1994),4.34,32
NFL 98 (Genesis - 1997),5.00,1
NFL Football '94 starring Joe Montana (Genesis - 1993),0.00,0
NFL Quarterback Club (Genesis - 1994),0.00,0
NFL Quarterback Club 96 (Genesis - 1995),0.00,0
NFL Sports Talk Football '93 Starring Joe Montana (Genesis - 1992),0.00,0
NHL '94 (Genesis - 1993),5.00,2
NHL 95 (Genesis - 1994),4.24,21
NHL 96 (Genesis - 1995),5.00,1
NHL 97 (Genesis - 1996),4.50,2
NHL 98 (Genesis - 1997),4.00,4
NHL All-Star Hockey '95 (Genesis - 1995),0.00,0
NHL Hockey (Genesis - 1991),0.00,0
NHLPA Hockey '93 (Genesis - 1992),0.00,0
Nickelodeon: Aaahh!!! Real Monsters (Genesis - 1995),0.00,0
Nigel Mansell's World Championship Racing (Genesis - 1993),4.10,10
Nightmare Circus (Genesis - 1996),4.00,1
Ninja Burai Densetsu (Genesis - 1991),4.00,1
No Escape (Genesis - 1994),0.00,0
Nobunaga no Yabō: Haō Den (Genesis - 1994),4.00,1
Nobunaga's Ambition (Genesis - 1993),4.00,8
Nobunaga's Ambition: Lord of Darkness (Genesis - 1991),5.00,2
Normy's Beach Babe-O-Rama (Genesis - 1994),0.00,0
Olympic Gold: Barcelona '92 (Genesis - 1992),0.00,0
Olympic Summer Games (Genesis - 1996),0.00,0
Onslaught (Genesis - 1991),4.50,6
Operation Europe: Path to Victory 1939-45 (Genesis - 1993),4.45,20
Osomatsu-kun: Hachamecha Gekijō (Genesis - 1988),0.00,0
Out of This World (Genesis - 1992),4.70,70
Outlander (Genesis - 1992),0.00,0
OutRun (Genesis - 1991),4.31,29
OutRun 2019 (Genesis - 1993),0.00,0
OutRunners (Genesis - 1994),0.00,0
P.T.O.: Pacific Theater of Operations (Genesis - 1992),4.50,4
Pac-Attack (Genesis - 1993),5.00,1
Pac-Man 2: The New Adventures (Genesis - 1994),0.00,0
Pac-Mania (Genesis - 1991),4.46,13
Pachinko Kuunyan (Genesis - 1992),0.00,0
Paddle Fighter (Genesis - 1991),0.00,0
Panorama Cotton (Genesis - 1994),0.00,0
PaperBoy (Genesis - 1991),4.47,17
PaperBoy 2 (Genesis - 1992),4.33,24
Party Quiz: Mega Q (Genesis - 1993),0.00,0
Pat Riley Basketball (Genesis - 1990),0.00,0
Pelé II: World Tournament Soccer (Genesis - 1994),0.00,0
Pepenga Pengo (Genesis - 1995),5.00,1
Pete Sampras Tennis (Genesis - 1994),0.00,0
Pete Sampras Tennis 96 (Genesis - 1995),0.00,0
PGA European Tour (Genesis - 1994),5.00,1
PGA Tour 96 (Genesis - 1995),0.00,0
PGA Tour Golf (Genesis - 1991),4.21,19
PGA Tour Golf II (Genesis - 1992),0.00,0
PGA Tour Golf III (Genesis - 1994),0.00,0
Phantasy Star (Genesis - 1994),5.00,2
Phantasy Star II (Genesis - 1989),5.00,1
Phantasy Star II Text Adventure: Anne no Bōken (Genesis - 1991),0.00,0
Phantasy Star II Text Adventure: Huey no Bōken (Genesis - 1991),0.00,0
Phantasy Star II Text Adventure: Kinds no Bōken (Genesis - 1990),0.00,0
Phantasy Star II Text Adventure: Shilka no Bōken (Genesis - 1990),0.00,0
Phantasy Star III: Generations of Doom (Genesis - 1990),5.00,1
Phantasy Star IV (Genesis - 1993),5.00,1
Phantom 2040 (Genesis - 1995),0.00,0
Phelios (Genesis - 1990),0.00,0
Pigskin 621 AD (Genesis - 1992),0.00,0
Pink Goes to Hollywood (Genesis - 1993),5.00,1
Pinocchio (Genesis - 1995),0.00,0
Pirates! Gold (Genesis - 1993),4.44,129
Pit-Fighter (Genesis - 1991),4.23,13
Pitfall: The Mayan Adventure (Genesis - 1994),4.35,17
Populous (Genesis - 1990),4.63,35
Populous II: Trials of the Olympian Gods (Genesis - 1992),4.52,138
Power Drive (Genesis - 1994),5.00,12
Power Instinct (Genesis - 1994),0.00,0
Powerball (Genesis - 1991),4.00,1
Powermonger (Genesis - 1992),4.44,23
Predator 2 (Genesis - 1992),0.00,0
Premier Manager (Genesis - 1995),4.08,26
Premier Manager 97 (Genesis - 1996),2.90,10
Primal Rage (Genesis - 1995),4.63,65
Prime Time NFL Football starring Deion Sanders (Genesis - 1996),4.00,1
Prince of Persia (Genesis - 1993),4.61,211
Pro Quarterback (Genesis - 1992),0.00,0
Pro Striker (Genesis - 1993),0.00,0
Pro Striker 2 (Genesis - 1994),0.00,0
Pro Striker Perfect (Genesis - 1993),2.00,1
Pro Striker: Final Stage (Genesis - 1995),0.00,0
Pro Yakyū Super League '91 (Genesis - 1991),0.00,0
Psy-O-Blade (Genesis - 1990),5.00,4
Psycho Pinball (Genesis - 1995),4.60,45
Puggsy (Genesis - 1993),3.25,4
Pulseman (Genesis - 1994),0.00,0
Putter Golf (Genesis - 1990),0.00,0
Puyo Puyo (Genesis - 1992),0.00,0
Puyo Puyo 2 (Genesis - 1994),0.00,0
Puzzle & Action: Ichidant-R (Genesis - 1995),0.00,0
Puzzle & Action: Tant-R (Genesis - 1994),5.00,1
Pyramid Magic (Genesis - 1991),0.00,0
Pyramid Magic II (Genesis - 1991),0.00,0
Pyramid Magic III (Genesis - 1991),0.00,0
QuackShot starring Donald Duck (Genesis - 1991),5.00,2
Quad Challenge (Genesis - 1991),0.00,0
R.B.I. Baseball '93 (Genesis - 1993),0.00,0
R.B.I. Baseball '94 (Genesis - 1994),0.00,0
R.B.I. Baseball 3 (Genesis - 1991),0.00,0
R.B.I. Baseball 4 (Genesis - 1992),0.00,0
R.C. Pro-Am (Genesis - 1992),5.00,1
Race Drivin' (Genesis - 1993),4.10,10
Radical Rex (Genesis - 1994),0.00,0
Raiden (Genesis - 1991),4.45,29
Rainbow Islands Extra (Genesis - 1990),0.00,0
Rambo III (Genesis - 1989),5.00,1
Rampart (Genesis - 1991),4.70,17
Ranger X (Genesis - 1993),5.00,2
Rastan Saga II (Genesis - 1990),0.00,0
Red Zone (Genesis - 1994),5.00,5
Rent A Hero (Genesis - 1991),0.00,0
Revolution X (Genesis - 1995),0.00,0
Richard Scarry's BusyTown (Genesis - 1994),0.00,0
Rings of Power (Genesis - 1991),5.00,1
Rise of the Robots (Genesis - 1994),3.87,15
RISK: Parker Brothers' World Conquest Game (Genesis - 1994),5.00,1
Risky Woods (Genesis - 1992),4.83,12
Ristar (Genesis - 1995),5.00,3
Road Rash (Genesis - 1991),3.00,4
Road Rash 3 (Genesis - 1995),5.00,2
Road Rash II (Genesis - 1992),5.00,5
RoboCop 3 (Genesis - 1993),5.00,1
RoboCop versus The Terminator (Genesis - 1993),5.00,1
Rock n' Roll Racing (Genesis - 1994),5.00,2
Rocket Knight Adventures (Genesis - 1993),0.00,0
Roger Clemens' MVP Baseball (Genesis - 1992),0.00,0
Rolling Thunder 2 (Genesis - 1991),0.00,0
Rolling Thunder 3 (Genesis - 1993),0.00,0
Rolo to the Rescue (Genesis - 1992),0.00,0
Romance of the Three Kingdoms II (Genesis - 1991),4.28,35
Romance of the Three Kingdoms III: Dragon of Destiny (Genesis - 1992),4.61,36
Romance of the Three Kingdoms V (Genesis - 1997),2.00,1
Rugby World Cup 95 (Genesis - 1994),3.17,6
Saban's VR Troopers (Genesis - 1995),0.00,0
Sagaia (Genesis - 1990),0.00,0
Saint Sword (Genesis - 1991),0.00,0
Samurai Shodown (Genesis - 1994),4.00,1
Sangokushi Retsuden: Ransei no Eiyūtachi (Genesis - 1991),0.00,0
Saturday Night Slam Masters (Genesis - 1994),5.00,1
Scholastic's The Magic School Bus: Space Exploration Game (Genesis - 1995),0.00,0
Scooby-Doo Mystery (Genesis - 1995),4.00,4
SeaQuest DSV (Genesis - 1994),0.00,0
Second Samurai (Genesis - 1994),4.00,3
SEGA Sports 1 (Genesis - 1995),3.00,2
Sega Top Five (Genesis - 1997),0.00,0
Sesame Street: Counting Cafe (Genesis - 1994),5.00,1
Shadow Blasters (Genesis - 1990),0.00,0
Shadow Dancer: The Secret of Shinobi (Genesis - 1990),5.00,2
Shadow of the Beast (Genesis - 1991),5.00,3
Shadow of the Beast II (Genesis - 1992),2.00,1
Shane Warne Cricket (Genesis - 1996),1.00,1
Shanghai II: Dragon's Eye (Genesis - 1994),4.00,23
Shaq Fu (Genesis - 1994),2.00,2
Shi-Kin-Joh (Genesis - 1991),0.00,0
Shining Force (Genesis - 1992),5.00,2
Shining Force II (Genesis - 1993),5.00,2
Shining in the Darkness (Genesis - 1991),5.00,2
Shinobi III: Return of the Ninja Master (Genesis - 1993),4.20,5
Shove It! The Warehouse Game (Genesis - 1990),0.00,0
Shuihuzhuan (Genesis - 1996),0.00,0
Shura no Mon (Genesis - 1992),0.00,0
Side Pocket (Genesis - 1992),2.50,2
Sink or Swim (Genesis - 1994),3.17,6
Skeleton Krew (Genesis - 1995),0.00,0
Slap Fight MD (Genesis - 1993),5.00,3
Smash T.V. (Genesis - 1991),3.67,3
Snake Rattle N Roll (Genesis - 1993),5.00,1
Snow Bros. Nick & Tom (Genesis - 1993),4.00,5
Socket (Genesis - 1993),0.00,0
Sol-Feace (Genesis - 1992),0.00,0
Soldiers of Fortune (Genesis - 1993),4.87,15
Sonic & Knuckles (Genesis - 1994),5.00,1
Sonic 3D Blast (Genesis - 1996),5.00,2
Sonic Classics (Genesis - 1995),5.00,2
Sonic Eraser (Genesis - 1991),0.00,0
Sonic the Hedgehog (Genesis - 1991),5.00,4
Sonic the Hedgehog 2 (Genesis - 1992),5.00,3
Sonic the Hedgehog 3 (Genesis - 1994),4.29,7
Sonic the Hedgehog: Spinball (Genesis - 1993),5.00,1
Sorcerer's Kingdom (Genesis - 1992),5.00,1
Sorcerian (Genesis - 1990),4.50,8
Space Harrier II (Genesis - 1988),3.67,3
Space Invaders '91 (Genesis - 1990),0.00,0
Sparkster (Genesis - 1994),0.00,0
Speedball 2: Brutal Deluxe (Genesis - 1991),4.50,40
Spider-Man (Genesis - 1991),5.00,1
Spider-Man / Venom: Maximum Carnage (Genesis - 1994),5.00,1
Spider-Man X-Men: Arcade's Revenge (Genesis - 1993),5.00,1
Spiritual Warfare (Genesis - 1994),4.81,16
Spirou (Genesis - 1995),0.00,0
Splatterhouse 2 (Genesis - 1992),4.50,2
Splatterhouse 3 (Genesis - 1993),4.00,1
Spot Goes to Hollywood (Genesis - 1995),0.00,0
Star Control (Genesis - 1991),4.80,20
Star Cruiser (Genesis - 1990),5.00,1
Star Odyssey (Genesis - 1991),0.00,0
Star Trek: Deep Space Nine - Crossroads of Time (Genesis - 1995),0.00,0
Star Trek: The Next Generation - Echoes from the Past (Genesis - 1994),0.00,0
StarFlight (Genesis - 1991),4.57,40
Stargate (Genesis - 1995),5.00,1
Steel Talons (Genesis - 1992),4.00,1
Stormlord (Genesis - 1990),4.62,13
Street Fighter II: Champion Edition (Genesis - 1993),5.00,1
Street Racer (Genesis - 1995),4.56,8
Street Smart (Genesis - 1991),0.00,0
Streets of Rage (Genesis - 1991),5.00,1
Streets of Rage 2 (Genesis - 1993),5.00,3
Streets of Rage 3 (Genesis - 1994),5.00,3
Strider (Genesis - 1990),4.64,11
Strider 2 (Genesis - 1993),3.00,3
Striker (Genesis - 1995),4.41,17
Sub-Terrania (Genesis - 1993),0.00,0
Sunset Riders (Genesis - 1993),5.00,2
Super Baseball 2020 (Genesis - 1993),0.00,0
Super Battleship: The Classic Naval Combat Game (Genesis - 1993),4.00,3
Super Caesars Palace (Genesis - 1993),0.00,0
Super Daisenryaku (Genesis - 1989),0.00,0
Super Fantasy Zone (Genesis - 1992),0.00,0
Super Hang-On (Genesis - 1989),4.85,14
Super High Impact (Genesis - 1992),0.00,0
Super Hydlide (Genesis - 1989),5.00,1
Super Kick Off (Genesis - 1992),0.00,0
Super Monaco GP (Genesis - 1990),5.00,2
Super Skidmarks (Genesis - 1995),5.00,2
Super Street Fighter II (Genesis - 1994),0.00,0
Super Thunder Blade (Genesis - 1988),0.00,0
SUPER Volley ball (Genesis - 1990),0.00,0
Superman (Genesis - 1992),5.00,1
Surging Aura (Genesis - 1995),0.00,0
Sword of Sodan (Genesis - 1990),3.50,2
Sword of Vermilion (Genesis - 1989),4.00,1
Syd of Valis (Genesis - 1992),0.00,0
Sylvester and Tweety in Cagey Capers (Genesis - 1994),0.00,0
Syndicate (Genesis - 1994),5.00,1
T2: Terminator 2 - Judgment Day (Genesis - 1993),0.00,0
Taiheiki (Genesis - 1991),0.00,0
Taikō Risshiden (Genesis - 1993),0.00,0
Target Earth (Genesis - 1990),5.00,1
Task Force Harrier EX (Genesis - 1991),4.00,1
Taz in Escape from Mars (Genesis - 1994),0.00,0
Taz-Mania (Genesis - 1992),5.00,1
Team USA Basketball (Genesis - 1992),5.00,1
Techno Cop (Genesis - 1990),5.00,3
Tecmo Super Baseball (Genesis - 1994),0.00,0
Tecmo Super Bowl (Genesis - 1993),0.00,0
Tecmo Super Bowl II: Special Edition (Genesis - 1994),5.00,1
Tecmo Super Bowl III: Final Edition (Genesis - 1994),5.00,1
Tecmo Super Hockey (Genesis - 1994),0.00,0
Tecmo Super NBA Basketball (Genesis - 1993),0.00,0
Tecmo World Cup '90 (Genesis - 1992),0.00,0
Teenage Mutant Ninja Turtles: The Hyperstone Heist (Genesis - 1992),5.00,2
Teenage Mutant Ninja Turtles: Tournament Fighters (Genesis - 1993),5.00,1
Tel-Tel Mahjong (Genesis - 1990),0.00,0
Tel-Tel Stadium (Genesis - 1990),0.00,0
Tenka Tōitsu (Genesis - 1991),0.00,0
Terminator 2: Judgment Day (Genesis - 1993),4.85,20
Tetris (Genesis - 1989),0.00,0
The Addams Family (Genesis - 1993),4.00,2
The Adventures of Batman & Robin (Genesis - 1995),5.00,2
The Adventures of Mighty Max (Genesis - 1994),0.00,0
The Adventures of Rocky and Bullwinkle and Friends (Genesis - 1993),0.00,0
The Berenstain Bears' Camping Adventure (Genesis - 1993),0.00,0
The Death and Return of Superman (Genesis - 1994),5.00,1
The Disney Collection: Quackshot Starring Donald Duck & Castle of Illusion Starring Mickey Mouse (Genesis - 1996),0.00,0
The Duel: Test Drive II (Genesis - 1992),4.33,69
The Faery Tale Adventure: Book I (Genesis - 1991),4.25,8
The Fantastic Adventures of Dizzy (Genesis - 1993),4.41,34
The Flintstones (Genesis - 1993),5.00,2
The Games: Summer Challenge (Genesis - 1993),4.72,21
The Games: Winter Challenge (Genesis - 1991),4.20,35
The Great Circus Mystery starring Mickey & Minnie (Genesis - 1994),5.00,1
The Great Waldo Search (Genesis - 1992),1.00,1
The Humans (Genesis - 1992),4.50,12
The Hybrid Front (Genesis - 1994),0.00,0
The Immortal (Genesis - 1991),4.55,11
The Incredible Crash Dummies (Genesis - 1993),1.00,1
The Incredible Hulk (Genesis - 1994),3.50,2
The Killing Game Show (Genesis - 1991),5.00,2
The Lawnmower Man (Genesis - 1994),0.00,0
The Lion King (Genesis - 1994),4.69,61
The Lost Vikings (Genesis - 1993),4.71,63
The Lost World: Jurassic Park (Genesis - 1997),5.00,1
The Miracle Piano Teaching System (Genesis - 1992),5.00,1
The New Zealand Story (Genesis - 1990),4.25,8
The Ooze (Genesis - 1995),0.00,0
The Ottifants (Genesis - 1993),0.00,0
The Pagemaster (Genesis - 1994),0.00,0
The Pirates of Dark Water (Genesis - 1994),0.00,0
The Punisher (Genesis - 1994),5.00,3
The Ren & Stimpy Show: Stimpy's Invention (Genesis - 1993),0.00,0
The Revenge of Shinobi (Genesis - 1989),0.00,0
The Simpsons: Bart vs. the Space Mutants (Genesis - 1992),4.32,19
The Simpsons: Bart's Nightmare (Genesis - 1993),5.00,1
The Smurfs (Genesis - 1994),5.00,1
The Smurfs Travel the World (Genesis - 1996),0.00,0
The Steel Empire (Genesis - 1992),0.00,0
The Super Aquatic Games (Genesis - 1993),5.00,1
The Terminator (Genesis - 1992),0.00,0
The Tick (Genesis - 1994),5.00,1
Theme Park (Genesis - 1995),4.52,156
Thunder Force II (Genesis - 1989),0.00,0
Thunder Force III (Genesis - 1990),0.00,0
Thunder Fox (Genesis - 1991),0.00,0
Time Killers (Genesis - 1996),0.00,0
TinHead (Genesis - 1993),0.00,0
Tintin in Tibet (Genesis - 1995),4.16,18
Tiny Toon Adventures: Acme All-Stars (Genesis - 1994),5.00,1
Tiny Toon Adventures: Buster's Hidden Treasure (Genesis - 1993),3.40,5
TNN Bass Tournament of Champions (Genesis - 1993),0.00,0
TNN Outdoors Bass Tournament '96 (Genesis - 1996),0.00,0
Todd's Adventures in Slime World (Genesis - 1992),0.00,0
ToeJam & Earl (Genesis - 1991),5.00,1
ToeJam & Earl in Panic on Funkotron (Genesis - 1993),0.00,0
Tōgi Ō: King Colossus (Genesis - 1992),2.00,1
Toki (Genesis - 1991),4.10,10
Tom and Jerry: Frantic Antics! (Genesis - 1994),1.00,1
Tom Mason's Dinosaurs for Hire (Genesis - 1993),0.00,0
Tommy Lasorda Baseball (Genesis - 1989),0.00,0
Tongue of the Fatman (Genesis - 1990),4.21,14
Tony La Russa Baseball (Genesis - 1993),3.00,1
Top Gear 2 (Genesis - 1994),5.00,2
Top Pro Golf (Genesis - 1992),0.00,0
Total Football (Genesis - 1995),0.00,0
Toughman Contest (Genesis - 1995),0.00,0
Toxic Crusaders (Genesis - 1992),0.00,0
Toys (Genesis - 1993),0.00,0
Trampoline Terror! (Genesis - 1990),0.00,0
Traysia (Genesis - 1992),0.00,0
Triple Play 96 (Genesis - 1995),0.00,0
Triple Play: Gold Edition (Genesis - 1996),0.00,0
Triple Score: 3 Games In One (Genesis - 1992),0.00,0
Trouble Shooter (Genesis - 1991),5.00,1
Troy Aikman NFL Football (Genesis - 1994),0.00,0
True Golf Classics: Pebble Beach Golf Links (Genesis - 1993),0.00,0
True Golf Classics: Waialae Country Club (Genesis - 1994),0.00,0
True Golf Classics: Wicked 18 (Genesis - 1994),0.00,0
True Lies (Genesis - 1994),0.00,0
Truxton (Genesis - 1989),0.00,0
Turbo Out Run (Genesis - 1992),4.79,14
Turma da Mônica na Terra dos Monstros (Genesis - 1994),5.00,1
Turrican (Genesis - 1991),4.20,5
Twin Cobra (Genesis - 1991),0.00,0
Twin Hawk (Genesis - 1990),0.00,0
Twinkle Tale (Genesis - 1992),0.00,0
Two Crude Dudes (Genesis - 1992),0.00,0
Ultimate Mortal Kombat 3 (Genesis - 1996),5.00,3
Ultimate Soccer (Genesis - 1993),0.00,0
Ultraman (Genesis - 1993),0.00,0
Uncharted Waters (Genesis - 1992),4.35,20
Undead Line (Genesis - 1991),0.00,0
Universal Soldier (Genesis - 1992),0.00,0
Unnecessary Roughness '95 (Genesis - 1994),4.25,4
Urban Strike (Genesis - 1994),5.00,1
Valis (Genesis - 1991),0.00,0
Valis III (Genesis - 1991),0.00,0
Vapor Trail (Genesis - 1991),0.00,0
VectorMan (Genesis - 1995),0.00,0
Vectorman 2 (Genesis - 1996),0.00,0
Venom • Spider-Man: Separation Anxiety (Genesis - 1995),0.00,0
Verytex (Genesis - 1991),0.00,0
Viewpoint (Genesis - 1994),0.00,0
Virtua Fighter 2 (Genesis - 1996),4.75,4
Virtua Racing (Genesis - 1994),4.00,2
Virtual Bart (Genesis - 1994),5.00,1
Virtual Pinball (Genesis - 1993),2.50,2
Vixen 357 (Genesis - 1992),0.00,0
Volfied (Genesis - 1991),4.21,335
Wani Wani World (Genesis - 1992),0.00,0
Wardner (Genesis - 1991),0.00,0
Warlock (Genesis - 1994),0.00,0
WarpSpeed (Genesis - 1993),4.00,1
Warrior of Rome (Genesis - 1991),4.00,3
Warrior of Rome II (Genesis - 1992),4.25,4
Warsong (Genesis - 1991),5.00,3
Wayne Gretzky and the NHLPA All-Stars (Genesis - 1995),4.33,3
Wayne's World (Genesis - 1993),0.00,0
WeaponLord (Genesis - 1995),5.00,1
Wheel of Fortune (Genesis - 1992),5.00,1
Where in the World is Carmen Sandiego? (Genesis - 1992),4.33,135
Where in Time is Carmen Sandiego? (Genesis - 1992),3.93,14
Whip Rush (Genesis - 1990),0.00,0
Will Harvey's Zany Golf (Genesis - 1990),4.61,18
Williams Arcade Classics (Genesis - 1996),4.69,13
Wimbledon Championship Tennis (Genesis - 1993),0.00,0
Wings of Wor (Genesis - 1991),0.00,0
Winter Olympics: Lillehammer '94 (Genesis - 1994),4.75,4
Wiz 'n' Liz (Genesis - 1993),5.00,1
Wolverine: Adamantium Rage (Genesis - 1994),5.00,1
Wonder Boy III: Monster Lair (Genesis - 1990),0.00,0
Wonder Boy in Monster World (Genesis - 1991),0.00,0
World Championship Soccer (Genesis - 1989),5.00,1
World Championship Soccer II (Genesis - 1994),0.00,0
World Class Leader Board (Genesis - 1992),4.62,26
World Cup USA 94 (Genesis - 1994),3.37,8
World Heroes (Genesis - 1994),0.00,0
World of Illusion Starring Mickey Mouse and Donald Duck (Genesis - 1992),5.00,4
World Series Baseball (Genesis - 1994),0.00,0
World Series Baseball '95 (Genesis - 1995),0.00,0
World Series Baseball '96 (Genesis - 1996),0.00,0
World Series Baseball 98 (Genesis - 1997),0.00,0
World Trophy Soccer (Genesis - 1992),5.00,1
Worms (Genesis - 1996),4.38,134
Wrestle War (Genesis - 1991),0.00,0
WWF Raw (Genesis - 1995),0.00,0
WWF Royal Rumble (Genesis - 1993),4.00,3
WWF Super WrestleMania (Genesis - 1992),0.00,0
WWF WrestleMania (Genesis - 1995),4.26,249
X-Men (Genesis - 1993),3.00,2
X-Men 2: Clone Wars (Genesis - 1995),5.00,1
X-Perts (Genesis - 1995),0.00,0
XDR: X-Dazedly-Ray (Genesis - 1990),4.00,1
Xenon 2: Megablast (Genesis - 1990),4.86,43
Ys III: Wanderers from Ys (Genesis - 1991),5.00,1
Yū Yū Hakusho Gaiden (Genesis - 1994),5.00,1
Yū Yū Hakusho: Makyō Tōitsusen (Genesis - 1994),0.00,0
Zan: Yasha Enbukyoku (Genesis - 1991),0.00,0
Zero the Kamikaze Squirrel (Genesis - 1994),0.00,0
Zero Tolerance (Genesis - 1994),0.00,0
Zero Wing (Genesis - 1991),5.00,1
Zombies Ate My Neighbors (Genesis - 1993),5.00,2
Zool (Genesis - 1993),4.38,21
Zoop (Genesis - 1995),3.33,3
