Title,Average Rating,Number of Ratings
Brutal: Above the Claw (SEGA 32X - 1995),5.00,2
Knuckles' Chaotix (SEGA 32X - 1995),4.41,36
Tempo (SEGA 32X - 1995),5.00,2
Zaxxon's Motherbase 2000 (SEGA 32X - 1995),4.00,4
Toughman Contest (SEGA 32X - 1995),3.00,1
Motocross Championship (SEGA 32X - 1994),3.00,2
Mortal Kombat II (SEGA 32X - 1995),4.40,114
Space Harrier (SEGA 32X - 1994),4.92,13
Shadow Squadron (SEGA 32X - 1995),5.00,3
BC Racers (SEGA 32X - 1995),4.09,11
Kolibri (SEGA 32X - 1995),4.00,1
T-Mek (SEGA 32X - 1995),5.00,1
Virtua Fighter (SEGA 32X - 1995),4.33,12
RBI Baseball '95 (SEGA 32X - 1995),5.00,1
The Amazing Spider-Man: Web of Fire (SEGA 32X - 1996),4.37,27
Star Wars Arcade (SEGA 32X - 1994),3.33,9
WWF WrestleMania (SEGA 32X - 1995),4.26,288
Blackthorne (SEGA 32X - 1995),4.83,41
Star Trek: Starfleet Academy - Starship Bridge Simulator (SEGA 32X - 1995),4.00,1
Golf Magazine presents 36 Great Holes starring Fred Couples (SEGA 32X - 1994),5.00,1
WWF Raw (SEGA 32X - 1994),4.33,9
NFL Quarterback Club (SEGA 32X - 1995),0.00,0
Primal Rage (SEGA 32X - 1995),4.57,75
Cosmic Carnage (SEGA 32X - 1994),0.00,0
Romance of the Three Kingdoms IV: Wall of Fire (SEGA 32X - 1995),4.29,7
Virtua Racing Deluxe (SEGA 32X - 1994),4.43,7
Doom (SEGA 32X - 1994),4.35,1755
After Burner II (SEGA 32X - 1994),4.38,21
World Series Baseball starring Deion Sanders (SEGA 32X - 1995),5.00,1
Metal Head (SEGA 32X - 1994),5.00,3
NBA Jam Tournament Edition (SEGA 32X - 1995),4.33,34
FIFA Soccer 96 (SEGA 32X - 1995),4.26,158
DarXide (SEGA 32X - 1995),4.00,1
Pitfall: The Mayan Adventure (SEGA 32X - 1995),4.45,47
