Title,Average Rating,Number of Ratings
The Cockpit (Sharp X68000 - 1988),0.00,0
Phalanx (Sharp X68000 - 1991),0.00,0
Spindizzy Worlds (Sharp X68000 - 1992),2.75,4
Worlds of Ultima: The Savage Empire (Sharp X68000 - 1993),4.50,28
DOME (Sharp X68000 - 1988),5.00,1
Aquales (Sharp X68000 - 1991),0.00,0
Relics (Sharp X68000 - 1987),1.00,1
Super Daisenryaku (Sharp X68000 - 1989),5.00,1
38000 Kilo no Kokū (Sharp X68000 - 1989),5.00,2
Super Street Fighter II (Sharp X68000 - 1994),4.25,8
Operation Europe: Path to Victory 1939-45 (Sharp X68000 - 1992),4.58,26
Tenka Tōitsu (Sharp X68000 - 1990),0.00,0
Arcus (Sharp X68000 - 1989),4.50,2
Sotsugyō (Sharp X68000 - 1994),0.00,0
World Class Baseball (Sharp X68000 - 1988),0.00,0
Drakkhen (Sharp X68000 - 1991),4.45,11
Gakuen Toshi Z (Sharp X68000 - 1991),0.00,0
Hōma Hunter Lime Dai-2 Wa (Sharp X68000 - 1993),0.00,0
Laplace no Ma (Sharp X68000 - 1990),4.00,1
Blitzkrieg: Tōbu Sensen 1941~45 (Sharp X68000 - 1991),0.00,0
Genghis Khan (Sharp X68000 - 1989),4.93,14
On the Ball (Sharp X68000 - 1991),5.00,1
Castlevania Chronicles (Sharp X68000 - 1993),5.00,1
Zavas (Sharp X68000 - 1989),0.00,0
Nightmare Collection: Dead of the Brain - Shiryō no Sakebi (Sharp X68000 - 1992),0.00,0
Ishin no Arashi (Sharp X68000 - 1990),5.00,1
Hōma Hunter Lime Dai-3 Wa (Sharp X68000 - 1993),0.00,0
Death Bringer (Sharp X68000 - 1989),5.00,1
Phantasie III: The Wrath of Nikademus (Sharp X68000 - 1989),4.24,21
Kyōran no Ginga: Schwarzschild (Sharp X68000 - 1990),5.00,1
Arcus II: Silent Symphony (Sharp X68000 - 1990),5.00,1
Knight Arms: The Hyblid Framer (Sharp X68000 - 1989),0.00,0
L'Empereur (Sharp X68000 - 1991),4.81,47
New Horizons (Sharp X68000 - 1993),4.51,45
Dungeon Master: Chaos Strikes Back - Expansion Set #1 (Sharp X68000 - 1990),5.00,3
Chelnov: Atomic Runner (Sharp X68000 - 1993),4.55,11
Prince of Persia (Sharp X68000 - 1991),4.59,504
Last Battalion (Sharp X68000 - 1991),0.00,0
Mega Lo Mania (Sharp X68000 - 1993),4.44,63
P.T.O.: Pacific Theater of Operations (Sharp X68000 - 1990),4.50,8
Bosconian (Sharp X68000 - 1988),5.00,1
Taikō Risshiden (Sharp X68000 - 1992),0.00,0
Misty Vol.4 (Sharp X68000 - 1990),0.00,0
Super Dodge Ball (Sharp X68000 - 1988),5.00,2
R-Type (Sharp X68000 - 1989),4.67,6
Dungeon Master (Sharp X68000 - 1990),4.69,93
Fruits Fields (Sharp X68000 - 1989),0.00,0
Granada (Sharp X68000 - 1990),3.00,2
Misty Vol.5 (Sharp X68000 - 1990),0.00,0
Lagoon (Sharp X68000 - 1990),4.50,2
Deflektor (Sharp X68000 - 1991),5.00,1
Sotsugyō Shashin / Miki (Sharp X68000 - 1992),0.00,0
Thunder Force II (Sharp X68000 - 1988),4.50,4
Misty Vol.3 (Sharp X68000 - 1990),0.00,0
Misty Vol.7 (Sharp X68000 - 1991),0.00,0
Arkanoid: Revenge of DOH (Sharp X68000 - 1988),4.36,39
Fatal Fury (Sharp X68000 - 1993),5.00,2
Gradius (Sharp X68000 - 1987),4.50,2
Final Fight (Sharp X68000 - 1992),4.46,13
Dino Land (Sharp X68000 - 1991),5.00,1
The 4th Unit 2 (Sharp X68000 - 1988),5.00,2
The Return of Ishtar (Sharp X68000 - 1988),3.00,2
Bretonne Lais (Sharp X68000 - 1990),5.00,2
Tetris (Sharp X68000 - 1988),5.00,2
Arcus Odyssey (Sharp X68000 - 1991),5.00,7
Chase H.Q. (Sharp X68000 - 1992),4.45,11
Mad Stalker: Full Metal Force (Sharp X68000 - 1994),0.00,0
Heavy Nova (Sharp X68000 - 1992),2.00,1
Syvalion (Sharp X68000 - 1990),5.00,1
Motos (Sharp X68000 - 1989),4.00,2
Jack Nicklaus presents The Major Championship Courses of 1989 (Sharp X68000 - 1989),0.00,0
Thunderblade (Sharp X68000 - 1990),4.70,10
Asuka 120% Burning Fest. (Sharp X68000 - 1994),0.00,0
Nostalgia 1907 (Sharp X68000 - 1991),5.00,1
First Queen (Sharp X68000 - 1989),0.00,0
D-Return (Sharp X68000 - 1989),0.00,0
Space Rogue (Sharp X68000 - 1990),4.62,16
Puyo Puyo (Sharp X68000 - 1994),4.89,9
Thrice (Sharp X68000 - 1991),0.00,0
Artemis (Sharp X68000 - 1991),5.00,1
Pac-Mania (Sharp X68000 - 1989),4.47,32
Rally Bike (Sharp X68000 - 1991),5.00,1
Die Bahnwelt (Sharp X68000 - 1992),0.00,0
Kikō Shidan: Panzer Division (Sharp X68000 - 1990),0.00,0
Geograph Seal (Sharp X68000 - 1994),0.00,0
Future Wars: Adventures in Time (Sharp X68000 - 1991),4.76,61
Fushigi no Umi no Nadia (Sharp X68000 - 1992),0.00,0
Bandit Kings of Ancient China (Sharp X68000 - 1989),4.37,38
Lemmings (Sharp X68000 - 1992),4.64,211
Top Speed (Sharp X68000 - 1988),0.00,0
Shanghai II: Dragon's Eye (Sharp X68000 - 1992),4.17,31
MechWarrior (Sharp X68000 - 1992),4.56,45
Inindo: Way of the Ninja (Sharp X68000 - 1991),4.00,3
Sky Shark (Sharp X68000 - 1991),4.60,5
Ajax (Sharp X68000 - 1989),4.60,5
Nemesis '90 Kai (Sharp X68000 - 1993),5.00,1
The Fairyland Story (Sharp X68000 - 1991),0.00,0
Caroll (Sharp X68000 - 1991),5.00,1
Battle Chess (Sharp X68000 - 1989),4.44,406
U.S. Championship V'Ball (Sharp X68000 - 1989),4.50,2
Ring Master I: The Shadow of Filias (Sharp X68000 - 1989),4.00,3
Super Hang-On (Sharp X68000 - 1989),4.80,20
Quarterstaff: The Tomb of Setmoth (Sharp X68000 - 1991),5.00,2
Record of Lodoss War: Haiiro no Majo (Sharp X68000 - 1991),0.00,0
Star Force (Sharp X68000 - 1993),5.00,1
Fushigi no Umi no Nadia: Music Floppy Disk (Sharp X68000 - 1992),0.00,0
Military Madness (Sharp X68000 - 1992),0.00,0
Cho Ren Sha 68k (Sharp X68000 - 1995),5.00,1
Momotarō Densetsu (Sharp X68000 - 1988),0.00,0
Realms of Darkness (Sharp X68000 - 1989),4.46,13
DragonStrike (Sharp X68000 - 1992),4.95,39
Daisenryaku III '90 (Sharp X68000 - 1991),0.00,0
Lords of the Rising Sun (Sharp X68000 - 1992),4.56,9
Double Eagle (Sharp X68000 - 1988),0.00,0
Star Mobile (Sharp X68000 - 1991),0.00,0
Flappy 2: The resurrection of Blue Star (Sharp X68000 - 1989),0.00,0
Alien Syndrome (Sharp X68000 - 1992),4.42,19
Populous II: Trials of the Olympian Gods (Sharp X68000 - 1992),4.53,154
Street Fighter II: Champion Edition (Sharp X68000 - 1993),4.43,28
Gemini Wing (Sharp X68000 - 1990),5.00,1
Klax (Sharp X68000 - 1990),4.50,16
Ultima IV: Quest of the Avatar (Sharp X68000 - 1988),4.38,47
The King of Chicago (Sharp X68000 - 1988),3.88,8
Fatal Fury Special (Sharp X68000 - 1994),5.00,2
Tōdō Ryūnosuke Tantei Nikki: Kohakuiro no Yuigon (Sharp X68000 - 1988),5.00,1
Bubble Bobble (Sharp X68000 - 1990),4.43,175
River City Ransom (Sharp X68000 - 1990),5.00,3
Ultima VI: The False Prophet (Sharp X68000 - 1992),4.27,55
"Ring Master II: Forget You Not, Evermore (Sharp X68000 - 1990)",1.00,1
Perfect Soko-ban (Sharp X68000 - 1989),5.00,1
Hōma Hunter Lime Dai-11 Wa (Sharp X68000 - 1994),0.00,0
Strider (Sharp X68000 - 1992),4.43,21
Misty Vol.2 (Sharp X68000 - 1989),0.00,0
Romance of the Three Kingdoms (Sharp X68000 - 1988),4.36,33
Xenon 2: Megablast (Sharp X68000 - 1991),4.68,79
Bonanza Bros. (Sharp X68000 - 1991),4.25,4
After Burner II (Sharp X68000 - 1989),4.40,25
Dragon Buster (Sharp X68000 - 1993),5.00,3
Oh! Hajiki (Sharp X68000 - 1988),0.00,0
Harukanaru Augusta (Sharp X68000 - 1991),0.00,0
The 4th Unit (Sharp X68000 - 1988),0.00,0
Ginga Eiyū Densetsu (Sharp X68000 - 1990),4.50,2
Powermonger (Sharp X68000 - 1991),4.55,29
Dragon Wars (Sharp X68000 - 1991),4.61,23
Sol-Feace (Sharp X68000 - 1990),2.67,3
Mutant Fighter (Sharp X68000 - 1992),5.00,2
Mugen Senshi Valis II (Sharp X68000 - 1989),5.00,5
Last Armageddon (Sharp X68000 - 1989),3.67,3
Pro Tennis: World Court (Sharp X68000 - 1990),0.00,0
Misty Vol.1 (Sharp X68000 - 1989),0.00,0
Murder Club (Sharp X68000 - 1988),4.00,19
Jack Nicklaus' Greatest 18 Holes of Major Championship Golf (Sharp X68000 - 1989),4.25,12
Tōdō Ryūnosuke Tantei Nikki: Ōgon no Rashinban (Sharp X68000 - 1991),3.00,1
Ys III: Wanderers from Ys (Sharp X68000 - 1990),3.86,7
Fantasy Zone (Sharp X68000 - 1989),5.00,1
Air Combat: Yūgekiō II (Sharp X68000 - 1990),0.00,0
Étoile Princesse (Sharp X68000 - 1993),0.00,0
Cue Brick (Sharp X68000 - 1990),0.00,0
Diablo (Sharp X68000 - 1990),3.00,1
Atomic Robo-Kid (Sharp X68000 - 1990),4.33,3
Alshark (Sharp X68000 - 1991),3.00,1
Bomberman: Panic Bomber (Sharp X68000 - 1995),0.00,0
Soft de Hard na Monogatari 2 (Sharp X68000 - 1989),0.00,0
Ginga Eiyū Densetsu II (Sharp X68000 - 1990),4.50,2
Cyber-core (Sharp X68000 - 1991),0.00,0
Dynamite Duke (Sharp X68000 - 1990),5.00,1
Kiss of Murder (Sharp X68000 - 1988),0.00,0
Yami no Ketsuzoku: Kanketsu-hen (Sharp X68000 - 1990),0.00,0
Phantasie IV: The Birth of Heroes (Sharp X68000 - 1991),4.50,4
Keeper (Sharp X68000 - 1993),0.00,0
A Ressha de Ikō II: Shin Map (Sharp X68000 - 1988),0.00,0
Joshua (Sharp X68000 - 1992),0.00,0
Kick Off 2 (Sharp X68000 - 1991),4.22,37
Hōma Hunter Lime Dai-6 Wa (Sharp X68000 - 1993),0.00,0
Winning Post (Sharp X68000 - 1993),4.00,1
Overtake (Sharp X68000 - 1992),0.00,0
Zark Legend Special (Sharp X68000 - 1990),0.00,0
Manhattan Requiem - Angels Flying in the Dark (Sharp X68000 - 1987),5.00,4
Star Cruiser (Sharp X68000 - 1989),3.50,2
Star Luster (Sharp X68000 - 1994),5.00,1
TwinBee (Sharp X68000 - 1988),5.00,2
Shanghai (Sharp X68000 - 1987),4.33,12
Gunship (Sharp X68000 - 1990),4.71,31
Populous (Sharp X68000 - 1990),4.59,51
Zan: Kagerō no Toki (Sharp X68000 - 1989),0.00,0
Soft de Hard na Monogatari (Sharp X68000 - 1988),0.00,0
Nobunaga's Ambition II (Sharp X68000 - 1989),3.95,22
Shanghai II (Sharp X68000 - 1989),5.00,2
Aerobiz (Sharp X68000 - 1992),4.43,7
Darwin's Dilemma (Sharp X68000 - 1991),5.00,3
Vulcan Venture (Sharp X68000 - 1992),0.00,0
Naious (Sharp X68000 - 1990),0.00,0
SimEarth: The Living Planet (Sharp X68000 - 1992),4.57,116
Professional Mahjong Gokū (Sharp X68000 - 1988),5.00,2
SimAnt (Sharp X68000 - 1993),4.50,2
D-Again: The 4th Unit Five (Sharp X68000 - 1990),0.00,0
Maison Ikkoku: Kanketsuhen (Sharp X68000 - 1988),5.00,1
Yesterday (Sharp X68000 - 1990),4.00,1
Columns (Sharp X68000 - 1991),3.13,8
Life Force (Sharp X68000 - 1988),5.00,4
Nobunaga's Ambition: Lord of Darkness (Sharp X68000 - 1991),5.00,3
Pac-Land (Sharp X68000 - 1994),4.42,12
Record of Lodoss War II: Goshiki no Maryū (Sharp X68000 - 1992),0.00,0
Marble Madness (Sharp X68000 - 1991),4.57,37
Populous: The Promised Lands (Sharp X68000 - 1990),4.65,20
A-Train (Sharp X68000 - 1991),4.41,75
Parodius (Sharp X68000 - 1991),4.67,3
Sorcer Striker (Sharp X68000 - 1994),5.00,1
Märchen Maze (Sharp X68000 - 1991),0.00,0
Life & Death (Sharp X68000 - 1992),4.46,54
ImageFight (Sharp X68000 - 1990),1.00,1
Quarth (Sharp X68000 - 1990),0.00,0
Hotel Wars (Sharp X68000 - 1989),0.00,0
Castles (Sharp X68000 - 1992),4.48,44
Ultima V: Warriors of Destiny (Sharp X68000 - 1990),4.66,35
Mercury: The Prime Master (Sharp X68000 - 1991),0.00,0
Dragon Slayer: The Legend of Heroes (Sharp X68000 - 1993),4.67,3
Genpei Tōma Den (Sharp X68000 - 1988),4.00,2
Neural Gear (Sharp X68000 - 1990),0.00,0
Nobunaga's Ambition (Sharp X68000 - 1988),4.38,13
Ghouls 'N Ghosts (Sharp X68000 - 1994),4.68,22
Romance of the Three Kingdoms II (Sharp X68000 - 1990),4.55,80
A-Train Construction Set (Sharp X68000 - 1991),4.61,18
Sim City: Terrain Editor (Sharp X68000 - 1991),4.88,8
Tunnels & Trolls: Crusaders of Khazan (Sharp X68000 - 1990),4.50,20
Final Zone (Sharp X68000 - 1990),4.00,3
Hōma Hunter Lime (Sharp X68000 - 1993),0.00,0
Libble Rabble (Sharp X68000 - 1993),0.00,0
Lodoss-Tō Senki: Fukujinzuke (Sharp X68000 - 1991),3.00,1
First Queen II: Sabaku no Joō (Sharp X68000 - 1992),0.00,0
My Eyes! (Sharp X68000 - 1992),0.00,0
Jack Nicklaus presents The International Course Disk (Sharp X68000 - 1990),0.00,0
The New Zealand Story (Sharp X68000 - 1989),4.43,30
Genghis Khan II: Clan of the Gray Wolf (Sharp X68000 - 1993),4.34,68
Illusion City: Gen'ei Toshi (Sharp X68000 - 1993),0.00,0
Uncharted Waters (Sharp X68000 - 1990),4.34,29
Star Wars: Attack on the Death Star (Sharp X68000 - 1991),5.00,1
Xak: The Art of Visual Stage (Sharp X68000 - 1990),5.00,2
Genocide (Sharp X68000 - 1989),0.00,0
Silent Möbius: Case: Titanic (Sharp X68000 - 1991),4.67,3
Loopz (Sharp X68000 - 1991),5.00,2
Alien Sector (Sharp X68000 - 1995),5.00,1
L Elle (Sharp X68000 - 1991),0.00,0
SimCity (Sharp X68000 - 1990),4.31,135
Eikan wa Kimi ni: Kōkō Yakyū Zenkoku Taikai (Sharp X68000 - 1990),0.00,0
Kiwame (Sharp X68000 - 1993),0.00,0
Himitsu no Hanazono (Sharp X68000 - 1992),0.00,0
Rygar (Sharp X68000 - 1994),4.43,7
Pipe Dream (Sharp X68000 - 1992),4.31,13
Emerald Densetsu (Sharp X68000 - 1990),4.00,1
Cloud Master (Sharp X68000 - 1991),5.00,1
Shufflepuck Cafe (Sharp X68000 - 1989),4.46,56
Twin Cobra (Sharp X68000 - 1993),3.88,8
Detana!! TwinBee (Sharp X68000 - 1991),0.00,0
Dragon Spirit (Sharp X68000 - 1988),4.81,16
Loop Eraser (Sharp X68000 - 1991),0.00,0
Gemfire (Sharp X68000 - 1992),4.58,19
Lightning Vaccus: The Knight of Iron (Sharp X68000 - 1989),5.00,1
Misty Vol.6 (Sharp X68000 - 1990),0.00,0
Jesus II (Sharp X68000 - 1991),5.00,1
Daisenryaku II: Campaign Version (Sharp X68000 - 1991),0.00,0
Fatal Fury 2 (Sharp X68000 - 1993),4.75,4
Romance of the Three Kingdoms III: Dragon of Destiny (Sharp X68000 - 1992),4.74,103
Space Harrier (Sharp X68000 - 1987),4.92,13
Wings of Fury (Sharp X68000 - 1989),4.71,31
Zerø: The 4th Unit Act.4 (Sharp X68000 - 1990),0.00,0
Scorpius (Sharp X68000 - 1991),0.00,0
Hydlide 3: Special Version (Sharp X68000 - 1990),2.00,1
F-15 Strike Eagle II (Sharp X68000 - 1991),4.55,52
Ishidō: The Way of Stones (Sharp X68000 - 1991),4.67,3
Mid-Garts (Sharp X68000 - 1989),4.00,1
Galaga '88 (Sharp X68000 - 1990),5.00,4
Gaudi: Barcelona no Kaze (Sharp X68000 - 1989),1.00,1
Genocide 2: Master of the Dark Communion (Sharp X68000 - 1991),5.00,4
Dual Targets: The 4th Unit Act.3 (Sharp X68000 - 1989),5.00,3
