Title,Average Rating,Number of Ratings
Powermonger (Sharp X68000 - 1991),4.55,29
Mega Lo Mania (Sharp X68000 - 1993),4.50,62
Gemfire (Sharp X68000 - 1992),4.56,18
Strider (Sharp X68000 - 1992),4.40,20
Loop Eraser (Sharp X68000 - 1991),0.00,0
Gakuen Toshi Z (Sharp X68000 - 1991),0.00,0
Tōdō Ryūnosuke Tantei Nikki: Ōgon no Rashinban (Sharp X68000 - 1991),0.00,0
Sol-Feace (Sharp X68000 - 1990),2.50,2
ImageFight (Sharp X68000 - 1990),1.00,1
Inindo: Way of the Ninja (Sharp X68000 - 1991),4.00,3
Mad Stalker: Full Metal Force (Sharp X68000 - 1994),0.00,0
Motos (Sharp X68000 - 1989),3.00,1
Aerobiz (Sharp X68000 - 1992),4.43,7
Hōma Hunter Lime Dai-2 Wa (Sharp X68000 - 1993),0.00,0
Prince of Persia (Sharp X68000 - 1991),4.58,446
Alien Sector (Sharp X68000 - 1995),0.00,0
Emerald Densetsu (Sharp X68000 - 1990),4.00,1
Jack Nicklaus presents The Major Championship Courses of 1989 (Sharp X68000 - 1989),0.00,0
Sky Shark (Sharp X68000 - 1991),4.50,4
Dragon Slayer: The Legend of Heroes (Sharp X68000 - 1993),5.00,1
Momotarō Densetsu (Sharp X68000 - 1988),0.00,0
Final Zone (Sharp X68000 - 1990),4.00,3
Emerald Dragon (Sharp X68000 - 1990),4.75,4
World Class Baseball (Sharp X68000 - 1988),0.00,0
Chelnov: Atomic Runner (Sharp X68000 - 1993),4.44,9
Arcus Odyssey (Sharp X68000 - 1991),5.00,7
Dungeon Master: Chaos Strikes Back - Expansion Set #1 (Sharp X68000 - 1990),5.00,3
Nobunaga's Ambition II (Sharp X68000 - 1989),4.05,21
Military Madness (Sharp X68000 - 1992),0.00,0
Thunderblade (Sharp X68000 - 1990),4.70,10
Winning Post (Sharp X68000 - 1993),4.00,1
Star Force (Sharp X68000 - 1993),5.00,1
Bandit Kings of Ancient China (Sharp X68000 - 1989),4.43,33
Ginga Eiyū Densetsu II (Sharp X68000 - 1990),4.50,2
Keeper (Sharp X68000 - 1993),0.00,0
Mid-Garts (Sharp X68000 - 1989),0.00,0
Ys III: Wanderers from Ys (Sharp X68000 - 1990),3.80,5
Naious (Sharp X68000 - 1990),0.00,0
Ring Master I: The Shadow of Filias (Sharp X68000 - 1989),5.00,2
Arcus (Sharp X68000 - 1989),4.00,1
Puyo Puyo (Sharp X68000 - 1994),5.00,5
Nobunaga's Ambition (Sharp X68000 - 1988),4.38,13
Daisenryaku III '90 (Sharp X68000 - 1991),0.00,0
Super Daisenryaku (Sharp X68000 - 1989),5.00,1
The 4th Unit (Sharp X68000 - 1988),0.00,0
SimCity (Sharp X68000 - 1990),4.30,125
Lords of the Rising Sun (Sharp X68000 - 1992),4.56,9
Misty Vol.6 (Sharp X68000 - 1990),0.00,0
Phantasie IV: The Birth of Heroes (Sharp X68000 - 1991),4.50,4
Dungeon Master (Sharp X68000 - 1990),4.67,87
Misty Vol.7 (Sharp X68000 - 1991),0.00,0
Shanghai II: Dragon's Eye (Sharp X68000 - 1992),4.20,30
Uncharted Waters (Sharp X68000 - 1990),4.34,29
Arkanoid: Revenge of DOH (Sharp X68000 - 1988),4.30,33
Misty Vol.1 (Sharp X68000 - 1989),0.00,0
Spindizzy Worlds (Sharp X68000 - 1992),2.00,3
Jack Nicklaus' Greatest 18 Holes of Major Championship Golf (Sharp X68000 - 1989),4.25,12
Nightmare Collection: Dead of the Brain - Shiryō no Sakebi (Sharp X68000 - 1992),0.00,0
Sotsugyō (Sharp X68000 - 1994),0.00,0
My Eyes! (Sharp X68000 - 1992),0.00,0
Romance of the Three Kingdoms III: Dragon of Destiny (Sharp X68000 - 1992),4.73,84
Xak: The Art of Visual Stage (Sharp X68000 - 1990),5.00,2
Zavas (Sharp X68000 - 1989),0.00,0
Fushigi no Umi no Nadia: Music Floppy Disk (Sharp X68000 - 1992),0.00,0
Nobunaga's Ambition: Lord of Darkness (Sharp X68000 - 1991),5.00,3
Deflektor (Sharp X68000 - 1991),5.00,1
The Cockpit (Sharp X68000 - 1988),0.00,0
Zark Legend Special (Sharp X68000 - 1990),0.00,0
New Horizons (Sharp X68000 - 1993),4.51,45
Hōma Hunter Lime Dai-11 Wa (Sharp X68000 - 1994),0.00,0
Joshua (Sharp X68000 - 1992),0.00,0
Märchen Maze (Sharp X68000 - 1991),0.00,0
Tōdō Ryūnosuke Tantei Nikki: Kohakuiro no Yuigon (Sharp X68000 - 1988),5.00,1
Ghouls 'N Ghosts (Sharp X68000 - 1994),4.65,17
Lemmings (Sharp X68000 - 1992),4.66,188
Die Bahnwelt (Sharp X68000 - 1992),0.00,0
Fantasy Zone (Sharp X68000 - 1989),5.00,1
Cue Brick (Sharp X68000 - 1990),0.00,0
Alshark (Sharp X68000 - 1991),3.00,1
Genocide (Sharp X68000 - 1989),0.00,0
Professional Mahjong Gokū (Sharp X68000 - 1988),5.00,1
Sim City: Terrain Editor (Sharp X68000 - 1991),4.88,8
Life Force (Sharp X68000 - 1988),5.00,4
Hōma Hunter Lime Dai-6 Wa (Sharp X68000 - 1993),0.00,0
Nostalgia 1907 (Sharp X68000 - 1991),0.00,0
Ishidō: The Way of Stones (Sharp X68000 - 1991),4.67,3
Cloud Master (Sharp X68000 - 1991),5.00,1
Dual Targets: The 4th Unit Act.3 (Sharp X68000 - 1989),5.00,3
Genghis Khan (Sharp X68000 - 1989),4.93,14
Bretonne Lais (Sharp X68000 - 1990),5.00,2
Geograph Seal (Sharp X68000 - 1994),0.00,0
Scorpius (Sharp X68000 - 1991),0.00,0
Rally Bike (Sharp X68000 - 1991),5.00,1
Jack Nicklaus presents The International Course Disk (Sharp X68000 - 1990),0.00,0
Pac-Land (Sharp X68000 - 1994),4.30,10
Star Wars: Attack on the Death Star (Sharp X68000 - 1991),0.00,0
Operation Europe: Path to Victory 1939-45 (Sharp X68000 - 1992),4.58,26
Shufflepuck Cafe (Sharp X68000 - 1989),4.48,54
Flappy 2: The resurrection of Blue Star (Sharp X68000 - 1989),0.00,0
Yami no Ketsuzoku: Kanketsu-hen (Sharp X68000 - 1990),0.00,0
Zerø: The 4th Unit Act.4 (Sharp X68000 - 1990),0.00,0
Sorcer Striker (Sharp X68000 - 1994),0.00,0
Relics (Sharp X68000 - 1987),0.00,0
Super Dodge Ball (Sharp X68000 - 1988),5.00,2
Quarth (Sharp X68000 - 1990),0.00,0
Misty Vol.2 (Sharp X68000 - 1989),0.00,0
Star Cruiser (Sharp X68000 - 1989),5.00,1
Gemini Wing (Sharp X68000 - 1990),5.00,1
Vulcan Venture (Sharp X68000 - 1992),0.00,0
Air Combat: Yūgekiō II (Sharp X68000 - 1990),0.00,0
Genpei Tōma Den (Sharp X68000 - 1988),0.00,0
D-Again: The 4th Unit Five (Sharp X68000 - 1990),0.00,0
First Queen II: Sabaku no Joō (Sharp X68000 - 1992),0.00,0
Thrice (Sharp X68000 - 1991),0.00,0
Realms of Darkness (Sharp X68000 - 1989),4.46,13
Alien Syndrome (Sharp X68000 - 1992),4.39,18
Ishin no Arashi (Sharp X68000 - 1990),5.00,1
Shanghai II (Sharp X68000 - 1989),5.00,2
Last Armageddon (Sharp X68000 - 1989),3.67,3
Ajax (Sharp X68000 - 1989),4.60,5
Kiss of Murder (Sharp X68000 - 1988),0.00,0
Arcus II: Silent Symphony (Sharp X68000 - 1990),5.00,1
Top Speed (Sharp X68000 - 1988),0.00,0
Life & Death (Sharp X68000 - 1992),4.48,52
Detana!! TwinBee (Sharp X68000 - 1991),0.00,0
Manhattan Requiem (Sharp X68000 - 1987),5.00,4
DOME (Sharp X68000 - 1988),5.00,1
Heavy Nova (Sharp X68000 - 1992),2.00,1
Bubble Bobble (Sharp X68000 - 1990),4.42,170
Illusion City: Gen'ei Toshi (Sharp X68000 - 1993),0.00,0
Quarterstaff: The Tomb of Setmoth (Sharp X68000 - 1991),5.00,2
Final Fight (Sharp X68000 - 1992),4.50,12
Kick Off 2 (Sharp X68000 - 1991),4.22,37
SimAnt (Sharp X68000 - 1993),4.00,1
Tenka Tōitsu (Sharp X68000 - 1990),0.00,0
Murder Club (Sharp X68000 - 1988),4.00,19
Ginga Eiyū Densetsu (Sharp X68000 - 1990),4.50,2
A-Train Construction Set (Sharp X68000 - 1991),4.56,16
Cyber-core (Sharp X68000 - 1991),0.00,0
Space Harrier (Sharp X68000 - 1987),4.92,13
Dragon Buster (Sharp X68000 - 1993),5.00,3
R-Type (Sharp X68000 - 1989),4.67,6
Twin Cobra (Sharp X68000 - 1993),3.88,8
Silent Möbius: Case: Titanic (Sharp X68000 - 1991),4.67,3
Eikan wa Kimi ni: Kōkō Yakyū Zenkoku Taikai (Sharp X68000 - 1990),0.00,0
The Fairyland Story (Sharp X68000 - 1991),0.00,0
Himitsu no Hanazono (Sharp X68000 - 1992),0.00,0
Lightning Vaccus: The Knight of Iron (Sharp X68000 - 1989),5.00,1
Star Mobile (Sharp X68000 - 1991),0.00,0
Nemesis '90 Kai (Sharp X68000 - 1993),5.00,1
Sotsugyō Shashin / Miki (Sharp X68000 - 1992),0.00,0
Kyōran no Ginga: Schwarzschild (Sharp X68000 - 1990),5.00,1
Pipe Dream (Sharp X68000 - 1992),4.25,12
Record of Lodoss War II: Goshiki no Maryū (Sharp X68000 - 1992),0.00,0
Asuka 120% Burning Fest. (Sharp X68000 - 1994),0.00,0
First Queen (Sharp X68000 - 1989),0.00,0
Mutant Fighter (Sharp X68000 - 1992),5.00,2
Libble Rabble (Sharp X68000 - 1993),0.00,0
Populous: The Promised Lands (Sharp X68000 - 1990),4.63,19
Mercury: The Prime Master (Sharp X68000 - 1991),0.00,0
Pro Tennis: World Court (Sharp X68000 - 1990),0.00,0
Romance of the Three Kingdoms II (Sharp X68000 - 1990),4.38,50
The New Zealand Story (Sharp X68000 - 1989),4.41,29
Bosconian (Sharp X68000 - 1988),0.00,0
MechWarrior (Sharp X68000 - 1992),4.54,43
Last Battalion (Sharp X68000 - 1991),0.00,0
Genghis Khan II: Clan of the Gray Wolf (Sharp X68000 - 1993),4.31,65
Hotel Wars (Sharp X68000 - 1989),0.00,0
After Burner II (Sharp X68000 - 1989),4.38,21
Hōma Hunter Lime Dai-3 Wa (Sharp X68000 - 1993),0.00,0
Oh! Hajiki (Sharp X68000 - 1988),0.00,0
The King of Chicago (Sharp X68000 - 1988),3.88,8
U.S. Championship V'Ball (Sharp X68000 - 1989),4.00,1
Granada (Sharp X68000 - 1990),3.00,2
Shanghai (Sharp X68000 - 1987),4.33,12
Overtake (Sharp X68000 - 1992),0.00,0
Gaudi: Barcelona no Kaze (Sharp X68000 - 1989),1.00,1
SimEarth: The Living Planet (Sharp X68000 - 1992),4.56,111
Aquales (Sharp X68000 - 1991),0.00,0
Taikō Risshiden (Sharp X68000 - 1992),0.00,0
Diablo (Sharp X68000 - 1990),3.00,1
Star Luster (Sharp X68000 - 1994),5.00,1
Phantasie III: The Wrath of Nikademus (Sharp X68000 - 1989),4.24,21
Chase H.Q. (Sharp X68000 - 1992),4.40,10
The Return of Ishtar (Sharp X68000 - 1988),3.00,2
Lagoon (Sharp X68000 - 1990),4.50,2
Étoile Princesse (Sharp X68000 - 1993),0.00,0
Artemis (Sharp X68000 - 1991),5.00,1
Phalanx (Sharp X68000 - 1991),0.00,0
Zan: Kagerō no Toki (Sharp X68000 - 1989),0.00,0
Fruits Fields (Sharp X68000 - 1989),0.00,0
Cho Ren Sha 68k (Sharp X68000 - 1995),0.00,0
Darwin's Dilemma (Sharp X68000 - 1991),5.00,3
Perfect Soko-ban (Sharp X68000 - 1989),0.00,0
Dragon Spirit (Sharp X68000 - 1988),4.81,16
Pac-Mania (Sharp X68000 - 1989),4.46,26
Daisenryaku II: Campaign Version (Sharp X68000 - 1991),0.00,0
Laplace no Ma (Sharp X68000 - 1990),4.00,1
Death Bringer (Sharp X68000 - 1989),0.00,0
Mugen Senshi Valis II (Sharp X68000 - 1989),5.00,4
F-15 Strike Eagle II (Sharp X68000 - 1991),4.54,51
Fatal Fury 2 (Sharp X68000 - 1993),4.75,4
Knight Arms: The Hyblid Framer (Sharp X68000 - 1989),0.00,0
Galaga '88 (Sharp X68000 - 1990),5.00,3
Xenon 2: Megablast (Sharp X68000 - 1991),4.76,73
Street Fighter II: Champion Edition (Sharp X68000 - 1993),4.42,24
Kikō Shidan: Panzer Division (Sharp X68000 - 1990),0.00,0
A Ressha de Ikō II: Shin Map (Sharp X68000 - 1988),0.00,0
D-Return (Sharp X68000 - 1989),0.00,0
Dino Land (Sharp X68000 - 1991),5.00,1
Parodius (Sharp X68000 - 1991),4.67,3
Loopz (Sharp X68000 - 1991),5.00,2
Rygar (Sharp X68000 - 1994),4.67,6
Bomberman: Panic Bomber (Sharp X68000 - 1995),0.00,0
Yesterday (Sharp X68000 - 1990),0.00,0
Double Eagle (Sharp X68000 - 1988),0.00,0
Hōma Hunter Lime (Sharp X68000 - 1993),0.00,0
P.T.O.: Pacific Theater of Operations (Sharp X68000 - 1990),4.50,8
Record of Lodoss War: Haiiro no Majo (Sharp X68000 - 1991),0.00,0
Tunnels & Trolls: Crusaders of Khazan (Sharp X68000 - 1990),4.45,18
Maison Ikkoku: Kanketsuhen (Sharp X68000 - 1988),5.00,1
Misty Vol.4 (Sharp X68000 - 1990),0.00,0
Neural Gear (Sharp X68000 - 1990),0.00,0
"Ring Master II: Forget You Not, Evermore (Sharp X68000 - 1990)",0.00,0
Caroll (Sharp X68000 - 1991),5.00,1
Misty Vol.3 (Sharp X68000 - 1990),0.00,0
Atomic Robo-Kid (Sharp X68000 - 1990),4.33,3
A-Train (Sharp X68000 - 1991),4.39,70
Gunship (Sharp X68000 - 1990),4.70,30
Blitzkrieg: Tōbu Sensen 1941~45 (Sharp X68000 - 1991),0.00,0
On the Ball (Sharp X68000 - 1991),5.00,1
Lodoss-Tō Senki: Fukujinzuke (Sharp X68000 - 1991),3.00,1
DragonStrike (Sharp X68000 - 1992),4.94,37
Hydlide 3: Special Version (Sharp X68000 - 1990),2.00,1
Romance of the Three Kingdoms (Sharp X68000 - 1988),4.50,30
Fatal Fury (Sharp X68000 - 1993),5.00,2
Castlevania Chronicles (Sharp X68000 - 1993),0.00,0
Soft de Hard na Monogatari 2 (Sharp X68000 - 1989),0.00,0
The 4th Unit 2 (Sharp X68000 - 1988),5.00,2
Future Wars: Adventures in Time (Sharp X68000 - 1991),4.82,58
Misty Vol.5 (Sharp X68000 - 1990),0.00,0
Marble Madness (Sharp X68000 - 1991),4.54,35
38000 Kilo no Kokū (Sharp X68000 - 1989),5.00,1
Dynamite Duke (Sharp X68000 - 1990),5.00,1
Thunder Force II (Sharp X68000 - 1988),4.50,4
Soft de Hard na Monogatari (Sharp X68000 - 1988),0.00,0
TwinBee (Sharp X68000 - 1988),5.00,2
Fushigi no Umi no Nadia (Sharp X68000 - 1992),0.00,0
Jesus II (Sharp X68000 - 1991),5.00,1
Genocide 2: Master of the Dark Communion (Sharp X68000 - 1991),5.00,4
Syvalion (Sharp X68000 - 1990),5.00,1
L'Empereur (Sharp X68000 - 1991),4.81,47
Tetris (Sharp X68000 - 1988),5.00,1
Harukanaru Augusta (Sharp X68000 - 1991),0.00,0
Kiwame (Sharp X68000 - 1993),0.00,0
Wings of Fury (Sharp X68000 - 1989),4.70,30
Super Hang-On (Sharp X68000 - 1989),4.80,20
L Elle (Sharp X68000 - 1991),0.00,0
Klax (Sharp X68000 - 1990),4.53,15
