Title,Average Rating,Number of Ratings
Desert Wolf (Amiga - 1996),4.33,6
Poker Galore (DOS - 1992),0.00,0
Worlds of Flight (Dragon 32/64 - 1984),5.00,1
Valkyrie (Mac - 1993),4.67,3
Xpand Rally Xtreme (Win - 2006),4.00,4
F1 Manager Professional (DOS - 1997),5.00,5
"Inve$t (DOS, C64, Amiga - 1991)",5.00,1
Steel Panthers (DOS - 1995),4.75,24
Jurassic Park: Operation Genesis (Win - 2003),4.43,305
"Timothy Leary's Mind Mirror (DOS, C64 - 1986)",4.68,19
Operation Flashpoint: Cold War Crisis (Win - 2001),3.86,7
Tower (Win 3.x - 1995),5.00,1
"Crime and Punishment (DOS, C64, Apple II - 1984)",4.18,17
"Abrams Battle Tank (DOS, Genesis - 1989)",4.18,48
Solidarność (DOS - 1991),4.20,5
Planet Lander (Atari ST - 1988),0.00,0
Tank: The M1A1 Abrams Battle Tank Simulation (DOS - 1989),4.50,18
"T.G.I.F. (C64, Atari 8-bit - 1983)",4.00,2
King of the Road (Win - 2001),4.35,287
"Tournament Snooker (Amstrad CPC, C64 - 1987)",5.00,1
Hooves of Thunder! (Win 3.x - 1996),0.00,0
Carnival Cruise Lines Tycoon 2005: Island Hopping (Win - 2004),3.71,21
"Detroit (DOS, Amiga - 1994)",4.36,41
Red Baron 3-D (Win - 1998),4.17,6
RollerCoaster Tycoon (Win - 1999),4.47,15
"Navcom 6: The Persian Gulf Defense (DOS, C64 - 1988)",4.00,5
"Tau Ceti: The Lost Star Colony (DOS, C64, Amstrad CPC, Atari ST - 1987)",4.67,12
"Total Immersion Racing (Win, Mac - 2002)",4.61,33
F-22 Lightning II (DOS - 1996),4.75,24
Crystal Ball (DOS - 1988),3.00,2
F1 Championship: Season 2000 (Win - 2000),0.00,0
Formula Karts (Win - 1997),3.75,4
"Princess Maker (DOS, TurboGrafx CD - 1992)",5.00,2
Tracksuit Manager 2: Season '96-'97 (Amiga - 1996),0.00,0
NASCAR Racing 2003 Season (Win - 2003),4.42,258
Jetset (DOS - 1982),1.00,1
Horse Racing Manager 2 (Win - 2006),0.00,0
"Rails West! (C64, Apple II - 1984)",4.50,6
"Rommel: Battles for North Africa (DOS, C64 - 1989)",5.00,1
LEGO Loco (Win - 1998),4.55,132
"Victoria: An Empire Under the Sun (Win, Mac - 2003)",4.47,15
"Armour-Geddon (DOS, Amiga, Atari ST - 1992)",4.75,16
Gettysburg (Atari ST - 1990),0.00,0
Galaxy Trek (DOS - 1983),4.56,9
"Tracon II (DOS, Amiga - 1990)",4.29,27
"Top Gun (DOS, C64, Amstrad CPC - 1987)",4.50,6
Roller Coaster Factory 3 (Win - 2003),0.00,0
Corncob 3-D: The Other Worlds Campaign (DOS - 1992),4.00,4
Jimmy White's 2: Cueball (Win - 1998),4.75,4
"Infiltrator II (DOS, C64 - 1987)",5.00,8
Caesars Palace (DOS - 1990),3.25,4
Hurra Deutschland (DOS - 1994),0.00,0
Grand Prix Legends (Win - 1998),4.48,67
Formel 1 - Manager (Atari ST - 1987),5.00,1
"Air Support (Amiga, Atari ST - 1992)",5.00,3
Strikes -N- Spares (Amiga - 1993),5.00,1
Championship Manager: Season 97/98 (DOS - 1997),4.13,263
Eurotour Cycling (Win - 2001),5.00,1
Corporate Pursuit (Win 3.x - 1996),0.00,0
"Vegas Jackpot (C64, ZX Spectrum, Atari 8-bit, VIC-20, BBC Micro, Commodore 16, Electron - 1984)",4.00,4
Grand National (Amiga - 1989),5.00,1
Ferrari Grand Prix Challenge (Genesis - 1992),5.00,3
Entrepreneur (Win - 1997),4.71,7
Buccaneer (Win - 1997),4.43,7
"Championship Manager: End of 1994 Season Data Up-date Disk (DOS, Amiga, Atari ST - 1994)",4.16,28
Air Blocks (Win - 1997),5.00,1
"D-Day: The Beginning of the End (DOS, Amiga - 1994)",4.62,13
International Rally Championship (Win - 1997),4.26,55
"Pacific Islands (DOS, Amiga, Atari ST - 1992)",4.32,25
Pachio-kun: Maboroshi no Densetsu (TurboGrafx CD - 1991),0.00,0
Lightspeed (DOS - 1990),4.18,16
Mall Tycoon 2 (Win - 2003),4.40,18
"Manchester United: The Double (DOS, Amiga - 1994)",4.80,18
"War in Russia (Atari 8-bit, Apple II - 1984)",5.00,1
"HMS Cobra: Convois pour Mourmansk (Amstrad CPC, Atari ST - 1986)",4.33,3
Slam-Dunk (C64 - 1988),5.00,2
Truco (DOS - 1986),4.75,4
Sangokushi Retsuden: Ransei no Eiyūtachi (Genesis - 1991),5.00,1
"Team Yankee (DOS, Amiga, Atari ST - 1990)",4.45,20
"Apollo 18: Mission to the Moon (DOS, C64 - 1988)",4.32,22
PGA Tour Golf 486 (3DO - 1995),0.00,0
"Robinson's Requiem (DOS, Mac, Amiga, Atari ST - 1994)",4.54,29
Tamagotchi CD-ROM (Win - 1997),0.00,0
"Grand Prix Manager (Win, Win 3.x - 1995)",4.36,14
Codename MAT (Amstrad CPC - 1984),5.00,1
Star Trek: Captain's Chair (Win - 1997),3.80,5
Forced Alliance: The Glarious Mandate (Win - 1997),4.00,1
Constructor (DOS - 1997),4.51,31
Age of Pirates 2: City of Abandoned Ships (Win - 2009),3.75,4
Supreme Ruler 2010 (Win - 2005),3.00,1
JetFighter II: Advanced Tactical Fighter (DOS - 1990),4.36,49
JetFighter: The Adventure (DOS - 1988),4.69,17
Pinball World (DOS - 1995),3.55,11
"Rules of Engagement (DOS, Amiga - 1991)",4.38,13
MTV's Beavis and Butt-Head: Wiener Takes All (Win - 1996),4.67,3
MB Bingo (DOS - 1989),5.00,1
"Silent Service II (DOS, Amiga, Atari ST - 1990)",4.29,72
Pursuit of the Graf Spee (Apple II - 1982),3.33,3
A Ressha de Ikō (PC-88 - 1986),5.00,3
Casino Games (Master System - 1989),5.00,1
Transport Giant (Win - 2004),4.75,4
SeaWorld Adventure Parks Tycoon (Win - 2003),4.53,38
Ultimate Trainz Collection (Win - 2002),4.68,19
Streets of SimCity (Win - 1997),4.21,14
"Acrojet (C64, Amstrad CPC, PC-88 - 1985)",4.67,3
Power Politics (Win 3.x - 1992),4.37,19
"Prime Time (DOS, Amiga, Atari ST - 1988)",4.11,9
Flight Action (DOS - 1996),5.00,1
Air Warrior II (Win - 1997),4.00,1
Drug Wars: A Game Based on the New York Drug Market (DOS - 1984),3.73,11
Jump Jet (DOS - 1992),4.44,36
Video Vegas (DOS - 1987),1.00,1
NASCAR Racing 3 (Win - 1999),4.32,34
"Graham Taylor's Soccer Challenge (Amiga, Atari ST - 1992)",3.25,4
"Bismarck (C64, Amiga, Atari 8-bit, Atari ST, Apple II - 1987)",4.00,2
911 Paramedic (Win - 2002),4.40,10
Oregon Trail Deluxe (DOS - 1992),4.22,1481
"ACE 2 (DOS, C64, Amstrad CPC, Commodore 16 - 1987)",4.20,5
Strike Force Harrier (DOS - 1986),4.25,8
Hard Truck: 18 Wheels of Steel (Win - 2002),5.00,4
The Oregon Trail 1.2 for Windows (Win - 1995),4.39,286
Enemy Engaged: Apache/Havoc (Win - 1998),5.00,1
Bandit (DOS - 1986),2.67,3
Moon Tycoon (Win - 2001),4.80,5
Minnesota Fats: Pool Legend (Genesis - 1995),5.00,2
"737 Flight Simulator (MSX, BBC Micro - 1984)",4.67,6
Comanche 4 (Win - 2001),4.00,6
The F.A. Premier League Football Manager 2000 (Win - 1999),4.54,13
The Movies (Win - 2005),4.45,297
Trump Castle: The Ultimate Casino Gambling Simulation (DOS - 1988),4.50,4
Search and Rescue (Win - 1997),4.33,3
Flight Planner for Microsoft Flight Simulator (DOS - 1992),0.00,0
Gazillionaire Deluxe (Win - 1996),4.31,13
Void Pirates (Win - 1995),5.00,1
Deer Hunter 5: Tracking Trophies (Win - 2001),3.86,7
Flight Unlimited II (Win - 1997),4.15,13
"Hostage: Rescue Mission (DOS, Mac, C64, Amiga, Amstrad CPC, Atari ST, BBC Micro, Electron - 1989)",4.36,36
"Tenka Tōitsu (Genesis, Sharp X68000 - 1991)",0.00,0
Advanced NetWars (DOS - 1997),4.33,9
Steel Panthers II: Modern Battles (DOS - 1996),4.00,8
Jane's Combat Simulations: F-15 (Win - 1998),4.76,29
Golf Resort Tycoon II (Win - 2002),3.56,9
Creatures 2 (Win - 1998),4.50,10
Microsoft Flight Simulator 98 (Win - 1997),4.19,41
"Their Finest Hour: The Battle of Britain (DOS, Amiga, Atari ST - 1989)",4.64,34
Pro Race Driver (Win - 2003),4.12,25
"Mercenary (C64, Amstrad CPC, Atari 8-bit, Atari ST, Commodore 16 - 1985)",5.00,5
Kawa no Nushi Tsuri: Shizenha (TurboGrafx CD - 1992),5.00,1
"The Oregon Trail (DOS, Win 3.x, Mac, Apple II - 1990)",4.35,254
Barbie Beauty Styler (Win - 2002),5.00,1
Virtual Resort: Spring Break (Win - 2002),4.67,18
"Deer Hunter (Win, Mac - 1997)",4.46,26
Black & White (Win - 2001),4.33,347
Carriers at War II (DOS - 1993),4.41,22
"Leeds United Champions! (Amiga, Atari ST, Acorn 32-bit - 1992)",0.00,0
Unnatural Selection (DOS - 1993),4.42,12
A Force More Powerful: The Game of Nonviolent Strategy (Win - 2006),2.00,5
People Power: The Game of Civil Resistance (Win - 2010),0.00,0
Sport of Kings (DOS - 1991),4.00,7
Zipper Flipper (ZX Spectrum - 1984),0.00,0
"Galaxy (DOS, C64 - 1982)",4.50,6
PC Basket 2.0 (DOS - 1994),4.00,6
"High Roller (DOS, C64, Atari ST - 1987)",4.00,2
Gunship! (Win - 2000),5.00,1
"Caesar (DOS, Mac, Amiga, Atari ST - 1992)",4.27,22
"Spitfire '40 (C64, Amstrad CPC, Atari 8-bit, BBC Micro, Electron - 1985)",4.33,3
Casino De Luxe (Win 3.x - 1995),5.00,1
Conflict 2500 (Apple II - 1981),4.33,3
Deer Hunter Screen Saver (Win - 1998),0.00,0
MTV: Music Generator (Win - 2000),4.63,27
Super-VGA Harrier (DOS - 1993),4.72,18
CyberJudas (DOS - 1996),4.03,36
Search & Rescue: Coastal Heroes (Win - 2002),4.00,1
Deer Hunter 2003 (Win - 2002),5.00,1
"European Superleague (DOS, Amiga, Amstrad CPC - 1991)",4.50,2
"Day of the Pharaoh (DOS, Amiga, Atari ST - 1989)",3.90,20
Microsoft Flight Simulator for Windows 95 (Win - 1996),4.13,24
"War in the Gulf (DOS, Amiga - 1993)",4.60,10
"Farmer (BBC Micro, Electron - 1983)",5.00,1
"Tom Clancy's Ghost Recon (Win, Mac - 2001)",4.90,10
"Combat Air Patrol (DOS, Amiga - 1995)",3.94,18
Need for Speed: V-Rally 2 (Win - 2000),4.43,51
PET Nuclear Power Plant (C64 - 1982),5.00,3
Wing Commander: Armada (DOS - 1994),4.35,20
Race the Nags (DOS - 1993),4.00,5
Caterpillar Construction Tycoon (Win - 2005),4.50,16
Triple Play 96 (Genesis - 1995),5.00,1
"The Hunt for Red October (DOS, Mac, C64, Amiga, Amstrad CPC, Atari ST, Apple IIgs - 1987)",4.60,20
"Eikan wa Kimi ni: Kōkō Yakyū Zenkoku Taikai (Sharp X68000, TurboGrafx CD - 1990)",0.00,0
Lawnmower Racing Mania 2007 (Win - 2006),0.00,0
Space Bucks (Win 3.x - 1996),4.40,5
Hu PGA Tour: Power Golf 2 - Golfer (TurboGrafx CD - 1994),0.00,0
"Harpoon Classic (DOS, Mac - 1994)",4.51,31
"Reach for the Skies (DOS, Amiga, Atari ST - 1993)",4.25,8
Viva Piñata (Win - 2007),4.55,11
Strike Commander (DOS - 1993),4.58,53
"Soccer Team Manager (DOS, Amiga - 1994)",1.00,1
F1 World Grand Prix (Win - 1999),5.00,4
Battleship (DOS - 1998),5.00,1
Pro Cycling Manager (Win - 2005),0.00,0
High Command: Europe 1939-'45 (DOS - 1992),4.37,19
Mercedes-Benz Truck Racing (Win - 2000),4.33,9
Seal Team (DOS - 1993),4.50,16
"Yes Prime Minister: The Computer Game (DOS, C64, ZX Spectrum, Amstrad CPC, BBC Micro - 1988)",4.07,15
Wing Commander: Prophecy (Win - 1997),5.00,4
"The Cosmic Balance (C64, Apple II - 1984)",5.00,8
Jumbo Jet Pilot (Atari 8-bit - 1982),4.00,1
Tommy's Tarot (DOS - 1988),3.00,2
It's a Funny Old Game (Win 3.x - 1996),0.00,0
StarVega (DOS - 1989),3.75,4
Titans of Steel: Warring Suns (Win - 2003),5.00,10
Opening Weekend: Bear Season (Win - 1999),0.00,0
ArmA: Combat Operations (Win - 2006),5.00,2
Fairy Tower (Win - 2007),0.00,0
Sandwarriors (DOS - 1997),3.67,3
World Trophy Soccer (Genesis - 1992),4.50,6
Premier Manager (Win - 2003),2.00,1
"Moonbase (DOS, Mac, Amiga - 1990)",4.47,19
Jurassic Banqi (DOS - 1994),4.00,1
Burnout: Championship Drag Racing (DOS - 1998),4.67,3
"PT-109 (DOS, Mac - 1988)",4.50,16
Flying Nightmares (Mac - 1994),3.67,3
LineWars (DOS - 1990),3.80,5
"Mike Read's Computer Pop Quiz (C64, Amstrad CPC - 1989)",0.00,0
The American Girls Premiere (Win 3.x - 1997),0.00,0
"Hoyle Poker (Win, Win 3.x - 1997)",4.00,3
"TT Racer (ZX Spectrum, Amstrad CPC - 1986)",5.00,2
Chernobyl: Nuclear Power Plant Simulation (C64 - 1987),4.25,12
"FIFA Soccer 96 (DOS, Genesis, SEGA 32X - 1995)",4.26,161
F1 2001 (Win - 2001),4.33,3
"Caesar III (Win, Mac - 1998)",4.28,98
"Nick Faldo's Championship Golf (DOS, C64, Amiga, Amiga CD32 - 1993)",4.00,1
"Eagles (C64, Atari 8-bit, Apple II - 1983)",4.00,1
iF-16 (DOS - 1997),4.57,22
"MiG Alley Ace (C64, Atari 8-bit - 1984)",4.50,2
Siia-sinna läbi linna's (Win - 2002),4.67,6
CART Racing (Win - 1997),3.00,1
"Wilderness: A Survival Adventure (DOS, Apple II - 1986)",4.43,28
Crazy Nick's Software Picks: Leisure Suit Larry Casino (DOS - 1993),4.36,11
"Steel Thunder (DOS, C64 - 1989)",4.60,25
SWAT 3: Tactical Game of the Year Edition (Win - 2001),4.70,10
"Ford Simulator II (DOS, Mac - 1990)",3.92,12
Playmaker Football (DOS - 1991),4.50,2
Subhunt (DOS - 1997),5.00,2
"Gunship (DOS, C64, Amiga, Amstrad CPC, Atari ST, Sharp X68000 - 1987)",4.71,31
"Space Rogue (DOS, Mac, C64, Amiga, Apple II, Sharp X68000 - 1989)",4.62,16
Hatsukoi Monogatari (TurboGrafx CD - 1994),0.00,0
Flamingo Tours (Amiga - 1994),5.00,1
Fighter Wing (DOS - 1995),4.25,4
Wing Commander: The Secret Missions 2 - Crusade (DOS - 1991),4.59,17
"Professional Ski Simulator (C64, Amiga, Amstrad CPC - 1989)",4.50,2
Secret Weapons of the Luftwaffe (DOS - 1992),4.33,36
Star Wars: TIE Fighter (DOS - 1994),4.33,3
Battle of Britain (Win - 1999),0.00,0
Independence War 2: Edge Of Chaos (Win - 2001),5.00,2
Riding Star (Win - 1998),5.00,1
Animal Paradise (Win - 2002),4.25,12
"Warhead (Amiga, Atari ST - 1990)",5.00,2
"Chuck Yeager's Advanced Flight Simulator (DOS, Mac, C64, Amstrad CPC, Apple II - 1987)",3.88,17
SLOT-8 (DOS - 1991),0.00,0
"Star Wars: Episode I - The Gungan Frontier (Win, Mac - 1999)",4.04,25
Parkan: The Imperial Chronicles (Win - 1997),5.00,3
Beer Tycoon (Win - 2006),3.33,18
Micro Bucks II (DOS - 1993),0.00,0
Star Trek: Starfleet Command III (Win - 2002),4.33,30
Trust and Betrayal: The Legacy of Siboot (Mac - 1987),4.00,2
Epic Baseball (DOS - 1995),3.20,5
Operation Cleaner (DOS - 1998),0.00,0
Ski Resort Tycoon: Deep Powder (Win - 2004),4.27,22
Shogi Master (DOS - 1991),4.80,10
Toilet Tycoon (Win - 2006),5.00,1
"President Elect (C64, Apple II - 1984)",4.75,8
GTI Racing (Win - 2006),4.43,70
Tom Clancy's Ghost Recon: Island Thunder (Win - 2002),5.00,1
"Ferrari Formula One (DOS, C64, Amiga, Atari ST - 1989)",4.32,19
Descent II: Destination Quartzon (Win - 1996),0.00,0
NASCAR Legends (Win - 1999),4.50,14
"Beat the House (DOS, Win 3.x - 1992)",3.25,4
LMA Manager 2007 (Win - 2006),4.64,11
Shadow President (DOS - 1993),4.37,106
F/A-18 Hornet (Mac - 1993),4.60,10
Jenny of the Prairie (DOS - 1985),0.00,0
Mobility: A City in Motion (Win - 1999),5.00,2
Nomad (DOS - 1993),4.33,18
U.S.S. John Young 2 (DOS - 1992),4.29,7
Swedish Touring Car Championship (Win - 1999),0.00,0
"Port Royale: Gold, Power and Pirates (Win - 2002)",5.00,3
"Bundesliga Manager (DOS, C64, Amiga, Atari ST - 1990)",4.18,11
Line Rider 2: Unbound (Win - 2008),5.00,2
"Odell Down Under (Win 3.x, Mac - 1994)",4.41,49
A-10 Attack! (Mac - 1995),4.71,14
Uncle's Casino (DOS - 1991),5.00,1
Tycoon: The Commodity Market Simulation (DOS - 1983),5.00,2
Val d'Isère Ski Park Manager: Edition 2003 (Win - 2003),4.58,12
Minder (Amstrad CPC - 1985),0.00,0
Napoleon vs. The Evil Monarchies: Austerlitz 1805 (DOS - 1989),2.89,9
Inva-taxi (DOS - 1994),5.00,1
Dogfight: Battle for the Pacific (Win - 2003),5.00,1
Startopia (Win - 2001),5.00,3
"The Ancient Art of War in the Skies (DOS, Amiga, Atari ST - 1992)",4.55,20
3D Desert Patrol (ZX Spectrum - 1983),4.75,4
"A320 Airbus: Edition USA (DOS, Amiga, Atari ST - 1993)",4.14,7
Destroyer Escort (C64 - 1989),4.75,8
Mob Rule (Win - 1999),4.47,17
"G.P. Tennis Manager (C64, Amiga - 1991)",4.71,7
Inter-Stellar Wars (DOS - 1993),0.00,0
Ski Resort Extreme (Win - 2004),0.00,0
"B-24 (DOS, C64, Apple II - 1987)",4.29,7
"Heavy Gear II (Win, Linux - 1999)",4.71,28
Colin McRae Rally 04 (Win - 2004),4.64,33
Hotel Giant (Win - 2002),4.00,1
Jagdstaffel (Atari 8-bit - 1980),0.00,0
"Falcon 4.0 (Win, Mac - 1998)",5.00,3
F-14 Tomcat (C64 - 1989),4.86,7
Jane's Combat Simulations: Longbow - Gold (Win - 1997),4.64,14
Pachio-kun: Warau Uchū (TurboGrafx CD - 1992),0.00,0
"Decisive Battles of the American Civil War, Vol. 2 (DOS, C64 - 1989)",4.40,5
"Federation (Amiga, Atari ST - 1989)",4.80,5
"Omni-Play Horse Racing (DOS, C64, Amiga, Amstrad CPC - 1989)",3.55,9
Allegiance (Win - 2000),4.89,9
Airline Tycoon Evolution (Win - 2002),4.40,10
"Epic (DOS, Amiga, Atari ST - 1992)",4.35,17
Hegemonia: The Solon Heritage (Win - 2003),5.00,1
Championship Manager 3 (Win - 1999),4.51,19
"Gato (DOS, Mac, Atari 8-bit, Atari ST, Apple II - 1984)",4.35,32
Ball (DOS - 1982),0.00,0
Lucky's Casino Adventure (DOS - 1993),4.88,8
21 (DOS - 1982),5.00,2
"Infiltrator (DOS, C64, ZX Spectrum, Amstrad CPC, Atari 8-bit, Apple II - 1986)",5.00,11
Restaurant Empire (Win - 2003),5.00,1
Zero4 Champ II (TurboGrafx CD - 1993),0.00,0
Baseball Mogul (Win - 1997),5.00,1
PC Basket 3.0 (DOS - 1995),4.83,6
Alter Ego: Male (DOS - 1986),4.13,16
Emergency Room (DOS - 1995),0.00,0
Metal Head (SEGA 32X - 1994),5.00,3
Approach Trainer (Amiga - 1995),4.50,4
Begin: A Tactical Starship Simulation (DOS - 1989),4.50,6
Warren's World: Lost Colony (DOS - 1982),5.00,4
"SimLife (DOS, Win 3.x - 1992)",4.48,67
Hotel Wars (Sharp X68000 - 1989),0.00,0
"Ports of Call (DOS, Amiga - 1989)",4.54,91
Flying Corps (DOS - 1996),5.00,4
National Lampoon's University Tycoon (Win - 2004),3.63,8
Let's Ride! Friends Forever (Win - 2006),1.00,1
Director of Football (Win - 1999),4.00,4
rFactor (Win - 2005),4.00,4
Jane's Combat Simulations: IAF - Israeli Air Force (Win - 1998),4.33,9
"High Seas Trader (DOS, Amiga - 1995)",4.41,34
Microsoft Flight Simulator (v1.0) (DOS - 1982),4.02,33
iF-22 (Win - 1997),5.00,4
Flight Simulator with Torpedo Attack (PC-88 - 1988),5.00,1
"Sim Farm (DOS, Win, Mac - 1993)",4.33,199
All-American College Football (DOS - 1991),3.64,11
Wrestle Angels: Double Impact (TurboGrafx CD - 1995),0.00,0
Galactic Encounters (DOS - 1982),4.50,4
Space Colony (Mac - 2004),3.88,8
Bullseye (DOS - 1982),3.00,2
Inside Trader: The Authentic Stock Trading Game (DOS - 1987),5.00,8
"Football Manager II: Expansion Kit (DOS, C64 - 1989)",3.00,3
"Ringside Seat (C64, Apple II - 1983)",4.00,1
High Roller Casino (DOS - 1983),2.50,2
PC Pool (DOS - 1984),3.20,5
"Under Fire! (DOS, C64, Apple II - 1988)",4.40,10
"Air Duel: 80 Years of Dogfighting (DOS, Amiga - 1993)",4.49,42
Tekipaki: Working Love (TurboGrafx CD - 1997),0.00,0
"Vroom (DOS, Atari ST - 1994)",5.00,10
"Advanced Destroyer Simulator (DOS, Amiga, Amstrad CPC, Atari ST - 1990)",4.33,18
Easy Bake Kitchen (Win - 1999),3.50,8
"Eliza (DOS, C64 - 1988)",4.50,52
Premier Manager 2005-2006 (Win - 2005),0.00,0
Jeremy Silman's Complete Guide to Chess Openings (C64 - 1985),2.00,1
3D Judo Fighting (Win - 2006),4.75,4
Close Combat: The Battle of the Bulge (Win - 1999),4.80,15
"Combat Mission: Beyond Overlord (Win, Mac - 2000)",2.00,2
"Trex Warrior: 22nd Century Gladiator (Amiga, Atari ST - 1991)",4.50,6
"Gone Fishing (DOS, Amiga - 1989)",5.00,2
Battleground 7: Bull Run (Win - 1997),0.00,0
Great Naval Battles: North Atlantic 1939-43 (DOS - 1992),4.48,42
"AV-8B Harrier Assault (DOS, Amiga, Atari ST - 1992)",4.37,27
Deal or No Deal (Win - 2006),3.40,5
Wall $treet Raider (DOS - 1986),4.86,7
Veritech: Variable Fighter Simulator (DOS - 1994),3.80,5
TacOps (Win 3.x - 1996),5.00,3
Basketball Challenge (DOS - 1987),5.00,1
Barrage (BBC Micro - 1982),5.00,1
Battleground: Ardennes (Win - 1995),4.50,2
Actionauts (C64 - 1986),5.00,1
Wings over Vietnam (Win - 2004),4.88,8
PGA Tour Golf III (Genesis - 1994),5.00,1
Tank Commander (DOS - 1995),4.07,14
Vegas Pro Video Poker (DOS - 1989),1.00,1
F22 Air Dominance Fighter (Win - 1997),4.65,32
Malkari (Win - 1999),5.00,3
"Cartels & Cutthroat$ (DOS, C64, Apple II - 1985)",4.50,10
"Stock Market: The Game (DOS, Amiga - 1990)",4.17,30
"Star Trek: Starship Creator (Win, Mac - 1998)",4.70,10
Dark Horizon (Win - 2008),0.00,0
"PHM Pegasus (DOS, C64, Amstrad CPC, Apple II - 1988)",4.42,12
"1869 (DOS, Amiga - 1992)",4.46,66
CoreWar (DOS - 1984),3.71,7
"FireFly Studios' Stronghold (Win, Mac - 2001)",4.11,9
Air Power: Battle in the Skies (DOS - 1995),4.49,31
Biznesman (DOS - 1988),3.25,4
How About a Nice Game of Chess! (C64 - 1984),5.00,1
"Frontier: Elite II (DOS, Amiga, Atari ST - 1993)",4.63,56
JetFighter V: Homeland Protector (Win - 2003),5.00,2
Wildlife Park (Win - 2003),4.43,7
"A-Train (DOS, Mac, Amiga, Sharp X68000 - 1992)",4.41,75
"Motor City (DOS, Amiga - 1994)",4.60,32
Tanks' Destroyer (DOS - 1993),1.00,1
"Destroyer (DOS, C64, Amiga, Apple II, Apple IIgs - 1987)",4.38,8
Incunabula (DOS - 1984),3.50,4
Car Builder (DOS - 1982),4.23,77
Hyper Wars (TurboGrafx CD - 1994),0.00,0
RS3: Racing Simulation Three (Win - 2002),5.00,1
Bikkuriman Daijikai (TurboGrafx CD - 1988),0.00,0
"Universe (DOS, Atari 8-bit, Apple II - 1987)",5.00,9
Carriers at War 1941-1945: Fleet Carrier Operations in the Pacific (C64 - 1984),5.00,2
Cycling Manager 2 (Win - 2002),5.00,2
R.B.I. Baseball '93 (Genesis - 1993),0.00,0
TOCA Race Driver 3 (Win - 2006),4.51,37
PC Pool Challenges (DOS - 1984),3.00,2
Yawara! 2 (TurboGrafx CD - 1994),0.00,0
Freedom! (Apple II - 1992),3.66,13
"NFL Pro League Football (DOS, Mac - 1989)",5.00,3
"The World's Greatest Baseball Game (DOS, C64, Apple II - 1985)",5.00,1
Traffic Giant (Win - 2000),5.00,2
"Alter Ego (DOS, C64, Apple II - 1986)",3.86,22
KA-50 Hokum (DOS - 1995),4.34,6
Football Masters 96/97 (DOS - 1996),5.00,2
Night Mission Pinball (v3.0) (DOS - 1988),4.00,8
Rockstar! (DOS - 1989),4.35,31
JSF (Win - 1997),4.47,15
Road Rash II (Genesis - 1992),4.67,15
Pinball (Dragon 32/64 - 1983),0.00,0
"Star Trek: 25th Anniversary (DOS, Mac, Amiga - 1992)",4.55,59
Amarillo Slim Dealer's Choice (DOS - 1991),3.20,5
"Tsushima (C64, Apple II - 1985)",4.00,1
Nexus: The Jupiter Incident (Win - 2004),5.00,1
USS Stinger (DOS - 1989),5.00,3
Search and Destroy (DOS - 1988),4.00,4
Microsoft Train Simulator (Win - 2001),4.50,22
Mystery of Life (DOS - 1994),3.00,2
Big Game Trophy Hunter (Win - 2002),0.00,0
F1 2002 (Win - 2002),5.00,4
Wall Street (Atari ST - 1988),5.00,2
"Dawn Patrol (DOS, Amiga - 1994)",4.56,9
Michelin Rally Masters: Race of Champions (Win - 2000),4.67,28
Pro Cycling (DOS - 1998),5.00,1
Microsoft Flight Simulator 2004: A Century of Flight (Win - 2003),4.50,10
"Battlezone (DOS, C64, Atari 8-bit, VIC-20 - 1983)",4.24,34
"Loony Labyrinth (Win, Mac - 1995)",5.00,2
Marine Park Empire (Win - 2005),5.00,2
Dope Wars (DOS - 1985),4.00,11
Jane's Combat Simulations: Attack Squadron (Win - 2002),4.18,11
"Blue Angels: Formation Flight Simulation (DOS, C64, Amiga, Atari ST - 1989)",5.00,7
Champions of Europe (Master System - 1992),5.00,3
"Fighter Pilot (C64, Amstrad CPC, Atari 8-bit - 1984)",4.50,2
Formula 1 3D: F.1 Manager II (C64 - 1991),4.40,5
"Capitalism Plus (DOS, Win - 1996)",5.00,6
Pinball Prelude (Amiga - 1995),0.00,0
"Hamurabi (DOS, C64 - 1996)",5.00,5
Bingo (C64 - 1984),5.00,1
"African Raiders-01 (DOS, Amiga, Atari ST - 1989)",3.82,17
Jane's Combat Simulations: USAF - United States Air Force (Win - 1999),4.48,41
Remington Big Buck Trophy Hunt (Win - 2002),0.00,0
Big Rig (DOS - 1987),4.71,7
Afrika (DOS - 1994),4.50,2
NASCAR 2000 (Win - 2000),4.63,8
Hard Rock Casino (Win - 2003),0.00,0
Zombie Smashers X3: Ninjastarmageddon! (Win - 2007),0.00,0
Ultimate Civil War Battles: Robert E. Lee vs Ulysses S. Grant (Win - 2004),0.00,0
"Sid Meier's Colonization (DOS, Win 3.x, Mac, Amiga - 1994)",4.57,525
"Wall$treet (DOS, C64, Amiga - 1989)",4.40,15
Simulador Profesional de Fútbol (DOS - 1992),0.00,0
The Duel: Test Drive II (Genesis - 1992),0.00,0
Marco Polo (DOS - 1995),4.45,11
"Computer Acquire (Atari 8-bit, Apple II - 1981)",4.46,11
"Hollywood Pictures (DOS, Amiga - 1995)",5.00,7
QuarterPole (DOS - 1993),4.75,8
"Arcade Fruit Machine (DOS, C64, Amiga, Amstrad CPC, Atari 8-bit, Atari ST - 1992)",4.60,5
"Oddballz: Your Wacky Computer Petz (Win, Win 3.x, Mac - 1996)",4.00,10
Millennia: Altered Destinies (DOS - 1995),4.73,15
"IndyCar Racing II (DOS, Mac - 1996)",4.76,98
Gary Grigsby's War in Russia (DOS - 1993),4.38,16
Bass Masters Classic (Genesis - 1995),4.00,4
"Tropico 2: Pirate Cove (Win, Mac - 2003)",4.67,6
USS Ticonderoga: Life and Death on the High Seas (DOS - 1995),4.33,3
Contract Bridge (DOS - 1995),5.00,2
"Hattrick! (DOS, Amiga - 1995)",5.00,2
"E.S.S. (DOS, Amiga, Atari ST - 1989)",4.00,4
TFX (DOS - 1993),4.65,23
Pole (DOS - 1992),3.67,3
Survival: The Ultimate Challenge (Win - 2001),5.00,2
"Red Arrows (C64, Amstrad CPC, BBC Micro - 1985)",0.00,0
MotoGP 2 (Win - 2003),4.71,14
"Exploration (DOS, Amiga - 1994)",4.52,107
"Evening Star (C64, Amstrad CPC, BBC Micro, Electron - 1987)",5.00,1
Combat Medic: Special Ops (Win - 2002),3.67,3
Operation Spruance: The Naval Warfare Simulation (Amiga - 1990),5.00,3
"Street Rod 2: The Next Generation (DOS, Amiga - 1991)",4.45,152
Delivery Agent (Amiga - 1993),5.00,3
"Strike Aces (DOS, C64, Amiga, Amstrad CPC - 1989)",4.50,10
Burnout: Championship Drag Racing - Player's Choice Edition (Win - 1998),5.00,4
"A320 Airbus: Edition Europa (DOS, Amiga - 1992)",4.74,31
The Sims 2 (Win - 2004),4.29,130
Visions of Aftermath: The Boomtown (DOS - 1988),4.13,8
Wings: Saigon to Persian Gulf (Win 3.x - 1998),3.00,1
Zoo Tycoon (Win - 2001),4.41,524
Stealth Combat (Win - 2002),5.00,1
Wing Commander: Privateer - Speech Pack (DOS - 1993),4.67,9
"Command H.Q. (DOS, Mac - 1990)",4.63,24
F1 Racing Simulation (Win - 1997),4.64,14
Golf Pro 2000 Downunder (Win 3.x - 1997),0.00,0
Total Pinball 25 (Win - 2002),0.00,0
"The Lost Tribe (DOS, Mac - 1992)",4.47,17
NASCAR Thunder 2004 (Win - 2003),4.38,33
Starstrike II (Amstrad CPC - 1986),4.00,1
500 cc Grand Prix (DOS - 1987),0.00,0
Front Page Sports: Football Pro '95 Season (DOS - 1995),4.50,12
Roller Coaster Factory (Win - 2000),0.00,0
"Fly Harder (C64, Amiga, Amiga CD32 - 1993)",4.80,5
Tycoon City: New York (Win - 2006),4.57,19
"Field of Fire (C64, Atari 8-bit, Apple II - 1985)",4.67,3
"Up Periscope! (DOS, C64 - 1988)",4.10,20
"Little Computer People (C64, Amiga, Amstrad CPC, Atari ST, PC-88 - 1985)",4.39,58
Jutland (DOS - 1993),4.33,3
Total Control Football (DOS - 1996),5.00,2
"Balance of Power (DOS, Amiga, Atari ST, Apple II, PC-88, PC-98 - 1986)",4.62,42
Colin McRae Rally 2.0 (Win - 2000),4.46,173
Night Crawlers (Atari ST - 1986),0.00,0
Moto Grand-Prix (DOS - 1989),0.00,0
LCM (DOS - 1982),0.00,0
Flight Unlimited III (Win - 1999),4.20,20
"The Warp Factor (DOS, Apple II - 1982)",4.34,6
"Planetfall (Atari 8-bit, BBC Micro - 1983)",4.50,2
Microsoft Combat Flight Simulator: WWII Europe Series (Win - 1998),4.48,56
Fighting Steel: World War II Surface Combat 1939-1942 (Win - 1999),4.14,21
Opening Night (Win 3.x - 1995),0.00,0
Hardwar (Win - 1998),4.55,20
"Wolf Pack (DOS, Mac, Amiga, Atari ST - 1990)",4.86,29
"Bob's Full House (C64, Amstrad CPC - 1988)",5.00,1
Star Trek: The Next Generation (Game Gear - 1994),5.00,1
"F-15 Strike Eagle (DOS, C64, Amstrad CPC, Atari 8-bit, Atari ST, PC-88 - 1985)",4.20,15
Computer Operator (DOS - 1982),4.00,6
UXB (Dragon 32/64 - 1983),0.00,0
"Battlefront (C64, Apple II - 1986)",4.00,2
Skychase (DOS - 1990),5.00,8
Golden Logres (Win - 2003),0.00,0
Thoroughbred Tycoon (Win - 2006),0.00,0
"Revolution '76 (DOS, Apple IIgs - 1989)",4.08,13
SimTunes (Win - 1996),4.80,5
Talonsoft's 12 O'Clock High: Bombing the Reich (Win - 1999),4.00,1
"Atlas (DOS, TurboGrafx CD - 1995)",5.00,2
"Dizzy Dice (DOS, C64, Amiga, Amstrad CPC, Atari 8-bit, Commodore 16 - 1990)",3.67,3
"Decisive Battles of the American Civil War, Volume One (DOS, C64 - 1990)",4.00,2
Age of Sail (Win - 1996),4.67,3
Budget Baseball (DOS - 1990),0.00,0
Olympic Games: Atlanta 1996 (DOS - 1996),2.67,3
JetFighter IV: Fortress America (Win - 2000),5.00,3
"Santa Paravia and Fiumaccio (DOS, C64, Amiga - 1989)",4.67,12
Football Limited (DOS - 1994),3.08,12
Barracuda: Secret Mission 1 (DOS - 1992),3.00,2
"RVF Honda (Amiga, Atari ST - 1990)",4.00,2
Chopper Commando (DOS - 1990),4.40,5
Big Rigs: Over the Road Racing (Win - 2003),3.99,397
SimTown (Win - 1995),4.23,22
"Zapitalism (Win, Win 3.x - 1996)",4.40,5
"Uncharted Waters (DOS, Mac, Genesis, PC-88, Sharp X68000 - 1991)",4.34,29
"Bullseye (C64, Amstrad CPC, BBC Micro, Electron - 1985)",5.00,1
"A.G.E. (DOS, Amiga - 1991)",4.25,24
Combination Lock (DOS - 1992),4.69,26
Big Biz Tycoon (Win - 2002),3.85,13
COALA (Amiga - 1995),5.00,1
Take the A-Train IV (DOS - 1994),3.00,2
WW2 Air Force Commander (DOS - 1993),4.33,6
Gunship (Genesis - 1993),0.00,0
Matt Hayes' Fishing (Win - 2002),0.00,0
"Conflict: Korea - The First Year 1950-51 (DOS, Amiga - 1992)",4.59,17
Crazy Nick's Software Picks: Leisure Suit Larry's Casino (DOS - 1992),4.00,2
"Draw Poker (DOS, C64, Atari 8-bit - 1982)",4.00,1
Keno (DOS - 1989),3.00,1
Star Trek: Judgment Rites (DOS - 1993),4.60,20
War Eagles (DOS - 1989),4.38,8
"Black Gold (DOS, C64, Amiga, Atari ST - 1991)",4.19,16
Jane's Combat Simulations: ATF - Advanced Tactical Fighters - Gold (Win - 1997),4.14,14
"Bar Games (DOS, Amiga - 1989)",4.39,18
Music Chase 1: The Music In Me (Win 3.x - 1995),5.00,1
"Vermeer (DOS, C64, Amiga, Amstrad CPC - 1988)",4.38,34
"Flight Simulator II (C64, Amiga, Atari 8-bit, Atari ST, Apple II - 1984)",4.25,12
Opening Weekend: Varmint Season (Win - 1999),0.00,0
"G-Netix (Win 3.x, Mac - 1995)",5.00,3
"Macadam Bumper (DOS, C64, Amstrad CPC, Atari ST - 1987)",4.00,7
Formula 1 Masters (Amiga - 1996),3.00,2
Computer War (Atari 8-bit - 1983),4.00,1
AquaNox (Win - 2001),3.80,5
NFL Quarterback Club (SEGA 32X - 1995),0.00,0
"Football Director II (Amiga, Atari ST - 1988)",4.14,7
"Computer Quarterback (C64, Atari 8-bit, Apple II - 1984)",4.11,53
Virgin Dream (TurboGrafx CD - 1996),5.00,1
Age of Sail II: Privateer's Bounty (Win - 2001),3.80,5
"Eye of the Storm (DOS, Amiga - 1993)",4.00,5
Wolf (DOS - 1994),4.59,159
Fallen Haven: Liberation Day (Win - 1998),4.67,3
"Miramar, Jet Fighter Simulator (DOS - 1990)",4.79,6
"World Soccer (C64, Amiga, ZX Spectrum, Atari 8-bit - 1990)",0.00,0
Search and Rescue 3 (Win - 2001),0.00,0
Front Page Sports: Baseball Pro '98 (Win - 1997),5.00,1
"Balance of Power: The 1990 Edition (Win 3.x, Mac, Amiga, Atari ST, Apple IIgs - 1988)",4.25,80
Napoleon 1813 (Win - 1999),4.50,2
Tigers on the Prowl (DOS - 1994),5.00,1
Jumbo Lander (C64 - 1982),0.00,0
Flight Assignment: Airline Transport Pilot (DOS - 1990),4.45,20
Super Huey III (Win - 2003),5.00,2
Sea Fisherman (Atari ST - 1989),0.00,0
Bicycle Card Games (Win - 2001),0.00,0
"Wing Commander III: Heart of the Tiger (DOS, Mac, 3DO - 1994)",5.00,1
Dino Slot (Win 3.x - 1994),0.00,0
1990: Die 1993'er Edition (Amiga - 1993),4.33,9
"Slam Tilt (Win, Amiga - 1996)",4.67,15
"Amazon Trail: 3rd Edition (Win, Mac - 1998)",4.26,66
F/A-18 Interceptor (Amiga - 1988),5.00,6
Micro$oft Simulator (DOS - 1994),4.00,1
"Xiphos (DOS, Amiga, Atari ST - 1990)",5.00,3
Super TaeKwonDo Master (Amiga - 1996),5.00,1
Bodyworks Voyager: Missions in Anatomy (DOS - 1994),4.50,10
Across the Rhine (DOS - 1995),4.00,36
VR Stalker (3DO - 1994),4.00,2
"Knights of the Desert (DOS, C64 - 1983)",4.25,4
"Flight of The Intruder (DOS, Amiga, Atari ST - 1990)",4.79,19
Desperate Housewives: The Game (Win - 2006),4.12,27
"500 cc Grand Prix (DOS, C64, Amstrad CPC, Atari ST - 1987)",5.00,1
Starsiege (Win - 1999),4.62,26
"Las Vegas (C64, Commodore 16 - 1984)",0.00,0
Combat Simulator: Battle Gorilla (PC-88 - 1988),5.00,1
Casino Tournament of Champions (DOS - 1995),0.00,0
Premier Manager 2003-04 (Win - 2003),0.00,0
Golf's Best: St. Andrews - The Home of Golf (C64 - 1986),0.00,0
F-15 Strike Eagle III (DOS - 1992),4.38,126
Digital Warriors (DOS - 1995),5.00,1
On the Trail of the Whitetail (Win - 1999),0.00,0
Daily Racing Form: Horse Racing (Win - 2000),4.25,4
Hollywood Mogul (Win 3.x - 1997),0.00,0
Roll 'N Nudge (Atari ST - 1990),5.00,1
"Stickybear Town Builder (DOS, C64 - 1992)",4.33,3
"Casino Roulette (C64, Amiga - 1990)",5.00,2
"Flight Unlimited (DOS, Mac - 1995)",5.00,11
Insane Speedway (DOS - 1997),0.00,0
GT Legends (Win - 2005),5.00,4
Big Job (Win 3.x - 1996),0.00,0
Flight Sim Toolkit (Win 3.x - 1993),3.00,1
SkateBoard Park Tycoon: World Tour 2003 (Win - 2002),4.00,8
"North Atlantic Convoy Raider (C64, Apple II - 1983)",3.67,3
Las Vegas Roulette (Intellivision - 1979),0.00,0
Space Trader (Win - 2007),4.75,4
"Sub Battle Simulator (DOS, Mac, C64, Amiga, Atari ST, Apple IIgs - 1987)",4.39,18
"American Gladiators (DOS, Genesis, Amiga - 1992)",3.27,11
Sid Meier's SimGolf (Win - 2002),4.23,66
Lunar Commander 2 (DOS - 1994),4.50,10
"Wing Commander IV: The Price of Freedom (DOS, Win, Mac - 1996)",5.00,2
"Tour 91 (DOS, Amstrad CPC - 1991)",4.80,5
"X³: Reunion (Win, Mac, Linux - 2005)",5.00,1
Sudden Strike II (Win - 2002),4.31,13
"Action Stations! (DOS, Amiga - 1990)",4.67,15
Sea Legends (DOS - 1996),4.43,7
Reflexity Pinball Challenge (Amiga - 1992),4.00,4
Space Vikings (Apple II - 1982),4.33,6
AquaNox 2: Revelation (Win - 2003),4.00,2
IQ Panic (TurboGrafx CD - 1992),0.00,0
TacOps 4 (Win - 2002),4.00,2
"Championship Manager Italia (DOS, Amiga - 1993)",4.17,12
Nakksigwang (DOS - 1994),5.00,1
Quiz Marugoto the World (TurboGrafx CD - 1991),0.00,0
"Epidemic! (DOS, Atari 8-bit - 1983)",4.00,9
"Star Crusader (DOS, Amiga - 1994)",4.33,6
Air Battles: Sky Defender (Win - 2007),5.00,3
Gangbusters (C64 - 1982),4.50,4
Nakksigwang 2 (DOS - 1995),0.00,0
Starlord (DOS - 1987),3.50,4
"B-1 Nuclear Bomber (DOS, C64, Atari 8-bit, Apple II, VIC-20 - 1983)",4.45,31
"Black Gold (DOS, C64, Amiga, Atari ST - 1989)",4.46,33
Outpost Kaloki (Win - 2004),0.00,0
ranTrainer (DOS - 1994),0.00,0
"Xenocide (DOS, Apple IIgs - 1990)",4.00,4
"Harley-Davidson: The Road to Sturgis (DOS, Amiga, Atari ST - 1989)",4.17,20
Space Hunter (C64 - 1985),0.00,0
Wizard of Wall Street (DOS - 1985),0.00,0
"Ascii Sector (DOS, Win, Mac, Linux - 2007)",5.00,4
Great Naval Battles Vol. II: Guadalcanal 1942-43 (DOS - 1994),3.89,18
Defiance (Win - 1997),4.33,3
Chart Wars 3 (Win - 2004),3.44,16
Bonzo! (C64 - 1983),4.00,2
"Afterlife (DOS, Mac - 1996)",4.00,15
Real Pinball (3DO - 1994),5.00,2
"Vette! (DOS, Mac - 1989)",4.32,25
Skateboard Park Tycoon (Win - 2001),4.75,8
Cabela's Big Game Hunter 5 (Win - 2001),5.00,4
Centerbase (Amiga - 1992),5.00,7
The History Channel: Battle of Britain - World War II 1940 (Win - 2004),3.67,3
"International Soccer Challenge (DOS, Amiga, Atari ST - 1990)",4.69,13
F1 World Grand Prix (Win - 2001),3.00,3
"Mercenary III: The Dion Crisis (Amiga, Atari ST - 1991)",5.00,4
"Super Huey II (DOS, C64 - 1988)",3.91,11
Gadget Tycoon (Win - 2001),4.11,18
"F-117A Nighthawk Stealth Fighter 2.0 (DOS, Mac, Amiga - 1991)",4.58,152
"Merchant Colony (DOS, Amiga - 1991)",4.71,14
Virtual Pinball (Genesis - 1993),3.33,3
Descent: Freespace - The Great War (Win - 1998),4.75,4
Ruckus Poker (DOS - 1993),0.00,0
Microsoft Flight Simulator 2002: Professional Edition (Win - 2001),4.00,3
Socher Hayam (DOS - 1989),5.00,1
"Napoleon in Russia: Borodino 1812 (DOS, C64 - 1988)",4.09,11
"Rebel Charge at Chickamauga (DOS, C64, Amiga, Atari 8-bit, Apple II - 1987)",3.75,4
"Panzer Strike! (C64, Apple II - 1988)",5.00,1
"Second Front: Germany Turns East (DOS, Amiga - 1990)",4.31,16
Dragon Trek (Dragon 32/64 - 1982),0.00,0
Flight Commander (Mac - 1993),5.00,5
Der Produzent: Die Welt des Films (Amiga - 1996),0.00,0
C.E.O. (DOS - 1995),4.50,24
Objection! (DOS - 1992),3.86,14
Software Manager (Amiga - 1994),5.00,2
Babyz: Your Virtual Bundle of Joy (Win - 1999),4.28,94
Dirt Track Racing: Australia (Win - 2000),4.38,16
Hyperspeed (DOS - 1991),4.55,22
Chessmaster: Grandmaster Edition (Win - 2007),3.00,2
Top Shot II (Win - 2001),0.00,0
David Ahl's Basic Computer Adventures (DOS - 1986),5.00,1
World Racing 2 (Win - 2005),5.00,3
"El-Fish (DOS, Mac - 1993)",4.30,23
Microsoft Space Simulator (DOS - 1994),4.65,85
Project Nomads (Win - 2002),4.25,20
Tamper (DOS - 1993),3.46,11
"Paragliding (DOS, Amiga, Atari ST - 1991)",4.37,8
"Millionaire: The Stock Market Simulation (DOS, Mac, C64, Atari 8-bit - 1982)",4.00,6
Fading Footsteps (Win - 1998),5.00,2
Simon the Sorcerer's Puzzle Pack (Win - 1998),5.00,5
"MechWarrior 2: Mercenaries (DOS, Win - 1996)",4.51,77
Vegas Bandit (DOS - 1994),0.00,0
"President Elect: 1988 Edition (DOS, C64 - 1987)",4.71,36
Stellar 7: Draxon's Revenge (3DO - 1993),3.00,1
Jane's Combat Simulations: Longbow 2 (Win - 1997),4.00,9
The Scottish Open: Virtual Golf (DOS - 1995),3.47,15
Corvette Evolution GT (Win - 2006),4.44,16
"Yuppi's Revenge (DOS, C64, Amiga, Atari ST - 1988)",5.00,5
Virtual Seoul (Win - 1999),4.00,1
Pearl Harbour (DOS - 1988),5.00,1
"Dogz: Your Computer Pet (Win 3.x, Mac - 1995)",4.83,6
Alpha Storm (DOS - 1997),4.25,16
"Deep Strike (C64, Amstrad CPC - 1987)",4.50,2
"Explorer (C64, Amstrad CPC - 1987)",5.00,1
Thunderstrike 2 (DOS - 1995),4.59,22
Ball Race (DOS - 1988),3.80,10
High Heat Baseball 2000 (Win - 1999),0.00,0
"Sid Meier's Railroad Tycoon (DOS, Amiga, Atari ST - 1990)",4.77,35
"Star Raiders (Atari 8-bit, Atari ST - 1979)",4.67,6
Emperor: Rise of the Middle Kingdom (Win - 2002),4.77,13
Championship Manager 2 (DOS - 1995),4.02,59
"Big Business (DOS, Amiga, Atari ST - 1990)",4.39,31
Subwar 2050 (DOS - 1993),4.21,14
Merlin Challenge (DOS - 1993),4.57,7
Rescue Raiders (Apple II - 1984),4.75,12
Fighter Duel (DOS - 1995),4.71,7
Elite Plus (DOS - 1991),4.76,25
Life & Death II: The Brain (DOS - 1990),4.77,28
"Vegas Gambler (DOS, C64, Amiga, Atari ST, Apple IIgs - 1987)",2.50,4
Sub Hunt (Intellivision - 1981),0.00,0
"Jones in the Fast Lane: CD-ROM (DOS, Win 3.x - 1992)",4.37,43
WarBirds (Win - 1998),5.00,4
"SimTower: The Vertical Empire (Win 3.x, Mac, 3DO - 1995)",4.41,54
Pachinko Kuunyan (Genesis - 1992),5.00,1
Lemonade (C64 - 1986),5.00,2
Sai Combat (Amstrad CPC - 1986),0.00,0
"Harpoon II (DOS, Mac - 1994)",4.26,34
Stunt Island (DOS - 1992),4.69,26
"Fugger (C64, Amiga, Atari ST - 1988)",4.60,5
Rags to Riches (C64 - 1985),4.88,16
"Uplink: Hacker Elite (Win, Mac, Linux - 2001)",4.83,6
"Heathrow International Air Traffic Control (C64, Amstrad CPC, BBC Micro, Electron - 1984)",5.00,1
"Shuttle Simulator (C64, Atari 8-bit, BBC Micro, Dragon 32/64, Electron - 1983)",3.83,6
"Star Trek: Starfleet Academy (Win, Mac - 1997)",5.00,4
"Capitalism (DOS, Mac - 1995)",4.34,61
Ante-Up at the Friday Night Poker Club (DOS - 1990),3.50,4
Godzilla! (C64 - 1983),5.00,2
Cycling Manager (Win - 2001),5.00,1
"Skidoo (DOS, Amiga, Atari ST - 1989)",3.50,4
1830: Railroads & Robber Barons (DOS - 1995),4.61,57
Sega GT (Win - 2000),4.59,16
Tanjō: Debut (TurboGrafx CD - 1994),0.00,0
Wings (Amiga - 1990),4.79,28
"Designasaurus (DOS, Amiga, Apple IIgs - 1988)",5.00,3
"Milk Race (C64, Amstrad CPC, Atari 8-bit - 1987)",3.67,3
Panzer Commander (Win - 1998),4.73,11
Microchess (Apple II - 1978),5.00,5
"Battle of Antietam (DOS, C64, Atari 8-bit, Apple II - 1986)",4.17,6
X-COM: Interceptor (Win - 1998),3.00,2
Bandito (Dragon 32/64 - 1984),0.00,0
Wings of Glory (DOS - 1995),4.29,7
"New Horizons (DOS, Genesis, Sharp X68000 - 1995)",4.51,45
Wing Commander: Secret Ops (Win - 1998),5.00,3
"Star Wars: X-Wing - Collector's CD-ROM (DOS, Win, Mac - 1994)",5.00,1
Age of Pirates: Caribbean Tales (Win - 2005),0.00,0
Revs (BBC Micro - 1985),0.00,0
"Space M+A+X (DOS, Amiga - 1992)",4.60,5
Daikoukai Jidai IV: Porto Estado (Win - 1999),5.00,1
Regatta (DOS - 1993),0.00,0
DOKA Pinball (DOS - 1996),0.00,0
Business Simulator (DOS - 1986),0.00,0
EF 2000 (DOS - 1995),4.52,52
Colin McRae Rally 3 (Win - 2003),4.42,89
Delphi no Shintaku (PC-98 - 1993),5.00,1
Esnuka (DOS - 1992),1.00,1
Baron: The Real Estate Simulation (DOS - 1983),4.00,1
"R.O.M. Gold: Rings of Medusa (DOS, Amiga - 1994)",4.50,8
Mall of America Tycoon (Win - 2005),3.33,12
NASCAR Thunder 2003 (Win - 2002),4.18,22
Black Monday (DOS - 1987),3.83,6
Mig Alley (Win - 1999),5.00,12
Star Trek: Bridge Commander (Win - 2002),4.49,123
"Super Monaco GP (Genesis, C64, Master System, Game Gear, Amiga, Amstrad CPC, Atari ST - 1990)",4.78,9
Snap-on presents Gearhead Garage: The Virtual Mechanic (Win - 2000),4.42,66
"Mad TV (DOS, Amiga - 1991)",4.76,76
Black Friday (DOS - 1983),3.00,3
The Soccer Game (DOS - 1989),4.83,6
"F.A. Cup Football (C64, Amstrad CPC - 1986)",4.00,5
"Odell Lake (C64, Apple II - 1986)",4.89,9
"Tomahawk (DOS, C64, Amstrad CPC, Atari 8-bit, Apple II, Apple IIgs - 1988)",4.91,11
Guadalcanal Campaign (Apple II - 1982),4.50,2
Battlecruiser 3000AD v2.0 (Win - 1998),4.43,19
Emergency Mission (DOS - 1986),4.00,1
"Nukewar (C64, Apple II, VIC-20 - 1983)",4.50,12
F-22 Raptor (Win - 1997),4.54,59
"Emlyn Hughes Arcade Quiz (C64, Amiga, Amstrad CPC, Atari ST - 1990)",0.00,0
Extreme Bullrider (Win - 1999),5.00,1
Revs (C64 - 1986),4.00,1
Top Gun: Hornet's Nest (Win - 1998),5.00,5
Close Combat III: The Russian Front (Win - 1999),4.78,23
Air Combat: Yūgekiō II (Sharp X68000 - 1990),0.00,0
Circus Games (DOS - 1988),3.00,2
"On the Road (DOS, Amiga, Atari ST - 1992)",4.67,3
"Overlord (DOS, Amiga - 1994)",4.50,14
K-1 Tank (DOS - 1994),3.00,2
Ultimate Soccer Manager 98-99 (Win - 1999),4.52,50
"Shuttle: The Space Flight Simulator (DOS, Amiga, Atari ST - 1992)",4.62,50
Fair Strike (Win - 2003),0.00,0
"4x4 Evo (Win, Mac - 2000)",4.66,90
Browning African Safari: Who's Hunting Who? (Win - 1998),4.35,17
"Kreuz As ""Poker"" (Amiga - 1989)",0.00,0
"Silent Service (DOS, C64, Amiga, Amstrad CPC, Atari 8-bit, Atari ST, Apple II, Apple IIgs - 1985)",4.65,40
"Submarine Commander (Atari 8-bit, VIC-20 - 1982)",4.00,2
Cycling Manager 4 (Win - 2004),5.00,1
Submarine (DOS - 1989),4.43,7
"Their Finest Missions: Volume One (DOS, Amiga, Atari ST - 1989)",5.00,6
"Old Time Baseball (DOS, Win - 1995)",4.67,3
Lunar Pool (PC-88 - 1985),5.00,2
Poko Memorial: 18 Hole Miniature Golf (DOS - 1987),3.00,2
"Spitfire Ace (DOS, C64, Atari 8-bit - 1984)",4.25,12
Royal Flush (DOS - 1994),5.00,5
"Final Assault (DOS, C64, Amiga, Amstrad CPC, Atari ST, Apple IIgs - 1988)",3.44,16
Zeus: Master of Olympus (Win - 2000),4.25,8
Casino Games (DOS - 1982),3.60,5
Super Nudge 2000 (Amstrad CPC - 1989),0.00,0
"Harrier Strike Mission (Mac, Atari ST - 1985)",5.00,3
Super Wing Commander (3DO - 1994),4.00,1
Falcon Gold (DOS - 1994),5.00,1
Football World Manager (Win - 1998),0.00,0
"Deadlock: Planetary Conquest (Win, Mac - 1996)",4.68,22
Batfish (DOS - 1991),5.00,2
Stunt Jumper (DOS - 1991),5.00,1
Maze Machine (DOS - 1986),2.50,2
Battleground 6: Napoleon in Russia (Win - 1997),3.33,3
Trump Castle 3 (DOS - 1993),3.75,4
"Ocean Ranger (DOS, C64 - 1989)",4.92,12
"Computer Ambush (C64, Atari 8-bit, Apple II - 1985)",4.40,5
Rags to Riches: The Financial Market Simulation (DOS - 1993),4.17,23
Body Glove's Bluewater Hunter (Win - 1999),3.00,2
Frank Thomas Big Hurt Baseball (Genesis - 1995),5.00,8
Silent Hunter II (Win - 2001),5.00,3
Screamer 4x4 (Win - 2000),3.50,6
"Fruit Machine Simulator (C64, Amstrad CPC, BBC Micro, Electron - 1987)",4.00,2
Coaster (DOS - 1993),4.75,16
Design Your Own Railroad (DOS - 1992),4.36,11
"HardBall 5 (DOS, Genesis - 1995)",4.58,24
Rebel Trucker: Cajun Blood Money (Win - 2003),5.00,2
F-14 Tomcat (DOS - 1990),4.42,24
Pure-Stat Football (DOS - 1988),0.00,0
Opening Weekend: Deer Season (Win - 1999),0.00,0
Sraz (DOS - 1993),4.33,6
MechWarrior 3 (Win - 1999),4.55,120
"Xcel (ZX Spectrum, Amstrad CPC - 1985)",0.00,0
Visual Star Trek (DOS - 1990),4.53,15
Farm Land USA (Win - 2000),4.75,4
Tommy's One-Armed Bandit (DOS - 1986),1.00,1
"Manchester United (DOS, C64, Amiga, Amstrad CPC, Atari ST - 1990)",3.89,9
The Sims (Win - 2000),4.34,208
Horse Racing Simulator (Atari ST - 1990),0.00,0
Nakksigwang Special (DOS - 1996),0.00,0
Sundog: Frozen Legacy (Atari ST - 1986),4.63,32
Operation Apocalypse (Apple II - 1981),4.50,2
"Birds of Prey (DOS, Amiga - 1992)",4.29,17
"Cyrus (DOS, Dragon 32/64 - 1985)",3.87,15
Crimson Skies (Win - 2000),4.72,111
"Achtung Spitfire (Win, Win 3.x, Mac - 1997)",4.59,16
"MechWarrior (DOS, Sharp X68000 - 1989)",4.56,45
A Day At Work (Mac - 1999),3.63,8
Microsoft Flight Simulator (v5.0) (DOS - 1993),4.39,70
"Thunderchopper (DOS, C64 - 1989)",4.92,13
"Emilio Butragueño ¡Fútbol! (DOS, C64, Amstrad CPC - 1987)",4.00,6
Warehouse (C64 - 1983),5.00,2
Backpacker (Win - 1995),4.33,3
F1 Team Simulation: Project F (TurboGrafx CD - 1992),0.00,0
"The Krypton Factor (C64, Amstrad CPC - 1987)",0.00,0
The Las Vegas EGA Casino (DOS - 1987),2.67,3
"Jonah Barrington's Squash (C64, Amstrad CPC - 1985)",4.50,2
SEGA Rally Revo (Win - 2007),3.84,14
Big Oil (Win - 2005),0.00,0
Life in the Fast Lane (DOS - 1989),4.00,4
St. Thomas (DOS - 1995),3.50,2
Skateboard Park Tycoon: Back in the USA 2004 (Win - 2003),4.20,10
Game Tycoon (Win - 2003),0.00,0
Virtual Karting (Amiga - 1995),5.00,1
Formula 1 3D (Amiga - 1991),4.20,5
"Winzer (DOS, C64, Amiga, Atari ST - 1991)",4.43,7
SimHealth (DOS - 1994),4.05,20
Barbie Cool Looks Fashion Designer (Win - 1997),0.00,0
Forbes Corporate Warrior (Win - 1997),5.00,2
"Budokan: The Martial Spirit (DOS, Genesis, C64, Amiga, Amstrad CPC - 1989)",4.83,48
Lion (DOS - 1995),4.40,10
"F.1 Manager (C64, Amiga, Atari ST - 1989)",5.00,1
SODA Off-Road Racing (Win - 1997),4.00,1
Space Spartans (Intellivision - 1982),5.00,1
"Microsoft Flight Simulator (v4.0) (DOS, Mac - 1989)",4.37,35
PC-RR (DOS - 1983),0.00,0
ATAC: The Secret War Against Drugs (DOS - 1992),4.35,17
Hunter's Law (DOS - 1992),2.88,8
"Harrier Combat Simulator (DOS, C64, Amiga - 1988)",3.63,8
The F.A. Premier League Manager 2002 (Win - 2001),4.20,10
"Chuck Yeager's Advanced Flight Trainer 2.0 (DOS, Amiga, Atari ST - 1989)",4.86,14
"Wetten Dass..? (C64, Amiga - 1991)",1.00,1
Truck Racing by Renault Trucks (Win - 2010),0.00,0
Great Golf (Master System - 1987),0.00,0
"Sub Mission (DOS, Apple II - 1986)",3.67,3
"Kenny Dalglish Soccer Match (C64, Amiga, Amstrad CPC - 1990)",5.00,1
Dragoon: The Complete Battles of Frederick the Great (Win - 1998),4.00,1
Donald Trump's Real Estate Tycoon! (Win - 2002),3.89,18
"MicroLeague Action Sports Soccer (DOS, C64, Amiga, Amstrad CPC, Atari ST, Acorn 32-bit - 1992)",4.33,6
"European 5-A-Side (C64, Amstrad CPC - 1988)",0.00,0
Battleground 2: Gettysburg (Win - 1996),3.63,8
Skoki Narciarskie 2006 (Win - 2005),5.00,2
The Big One (Win 3.x - 1994),3.00,1
Dawgfight (DOS - 1992),4.17,6
Gazillionaire (Win 3.x - 1994),5.00,4
"Global Commander (C64, Amiga, Amstrad CPC - 1987)",5.00,5
"Tony La Russa's Ultimate Baseball (DOS, C64 - 1991)",3.11,9
Chancellor Of The Exchequer (Atari 8-bit - 1983),4.00,1
Koolah (DOS - 1991),1.00,1
Combat Mission 3: Afrika Korps (Win - 2003),2.50,2
Grand Prix Unlimited (DOS - 1992),4.21,24
Russia: The Great War in the East 1941-1945 (C64 - 1987),5.00,4
Cuty Cop: Nusumareta File no Nazo (PC-98 - 1994),5.00,1
Test Drive III: The Passion (DOS - 1990),4.25,40
Rails Across America (Win - 2001),5.00,2
Steel Talons (Genesis - 1992),4.50,2
Wing Commander: Privateer (DOS - 1993),4.63,57
"Air Bucks (DOS, Amiga, Atari ST - 1992)",4.32,41
"Harrier Mission (DOS, C64, Amiga, Amstrad CPC, Atari 8-bit, BBC Micro - 1987)",5.00,5
"Jet: Version 2.0 (DOS, C64 - 1987)",5.00,5
Revs+ (C64 - 1987),5.00,1
Microsoft Flight Simulator (v3.0) (DOS - 1988),4.23,26
Sherlock Holmes: Consulting Detective - Volume III (DOS - 1993),4.00,5
The Wild Science Arcade (DOS - 1993),4.40,5
"Championship Manager 93 (DOS, Amiga - 1993)",4.30,10
Rock and Bach Studio (DOS - 1993),4.00,2
Radio Baseball (DOS - 1986),4.67,3
"EVE Online (Win, Mac, Linux - 2003)",5.00,2
Fighter Squadron: The Screamin' Demons over Europe (Win - 1999),5.00,1
"Blitzkrieg at the Ardennes (DOS, Amiga - 1990)",4.31,13
StarShip: Invasion (DOS - 1984),4.33,3
Football Masters 98 (Win - 1997),4.50,6
King Salmon: The Big Catch (Genesis - 1992),0.00,0
Port Royale 2 (Win - 2004),4.67,3
"Battlehawks 1942 (DOS, Amiga, Atari ST - 1988)",4.38,16
Star Trek: Legacy (Win - 2006),4.37,55
"Operation Market Garden: Drive on Arnhem, September 1944 (DOS, C64, Atari 8-bit - 1986)",4.80,5
"Global Domination (DOS, Amiga - 1993)",3.88,8
The Ford Simulator (DOS - 1987),4.38,13
Go Simulator (DOS - 1992),4.30,45
Tower FRA (Amiga - 1990),0.00,0
Ski Stunt Simulator (Win - 2002),3.67,3
"Holiday Island (Win, Win 3.x - 1996)",4.60,30
Su-27 Flanker (DOS - 1996),4.41,68
Backpacker 2 (Win - 1997),4.15,14
"Borodino (DOS, Amiga, Atari ST - 1989)",4.67,3
Rainbow Six: Black Ops (Win - 2001),4.94,17
Pub Pool (DOS - 1987),4.25,4
Babylon 5: I've Found Her - Danger and Opportunity (Win - 2003),4.17,12
Microsoft Flight Simulator 2000: Professional Edition (Win - 1999),4.63,4
Battleground 8: Prelude to Waterloo (Win - 1997),0.00,0
Roller Coaster Factory 2 (Win - 2002),4.00,1
"Player Manager 2 (DOS, Amiga - 1995)",4.07,28
Tommy's ATC (DOS - 1986),0.00,0
"Nigel Mansell's World Championship Racing (DOS, Genesis, Amiga, Amstrad CPC, Atari ST - 1993)",4.14,14
Front Page Sports: Football (DOS - 1992),4.50,6
"Conflict: Middle East (DOS, Amiga - 1991)",4.84,19
Bicycle Poker (DOS - 1991),5.00,1
Dogz 4 (Win - 1999),0.00,0
Oligopoly (DOS - 1987),4.42,12
AEGIS: Guardian of the Fleet (DOS - 1994),4.29,35
"Oregon Trail II (Win, Win 3.x, Mac - 1995)",4.28,365
"Flight Path 737 (C64, Amiga, Amstrad CPC, VIC-20, Electron - 1984)",4.00,1
1942: The Pacific Air War (DOS - 1994),4.36,134
Old Ironsides (Apple II - 1982),5.00,2
Emergency Rescue: Firefighters (Win - 2000),3.00,2
"B-17 Flying Fortress (DOS, Amiga, Atari ST - 1992)",4.64,106
Gangsters 2 (Win - 2001),4.50,75
"Search for The Titanic (DOS, C64 - 1989)",4.13,8
F1 Manager (DOS - 1996),4.16,38
"Arcticfox (DOS, C64, Amiga, Amstrad CPC, Atari ST, Apple II, PC-98 - 1987)",4.32,25
Catz 5 (Win - 2002),5.00,1
"Miami Dice (C64, Amstrad CPC - 1986)",0.00,0
Universe II (DOS - 1986),5.00,6
Warm Up! (Win - 2000),5.00,5
"TLL: Tornado Low Level (C64, Amstrad CPC - 1985)",4.00,1
Jumbo (BBC Micro - 1982),0.00,0
Fathom's 40 (PC-88 - 1984),3.00,2
1869 (DOS - 1992),3.50,4
9-Hole Miniature Golf (DOS - 1983),2.67,3
Executive Suite (DOS - 1982),4.54,30
"SimCity 2000 (DOS, Win 3.x, Amiga - 1993)",4.40,958
F1 Career Challenge (Win - 2003),4.58,28
NewTrek (DOS - 1982),3.00,4
FireFly Studios' Stronghold Crusader (Win - 2002),4.08,13
"World Circuit (DOS, Amiga, Atari ST - 1992)",4.58,65
"Mad News (DOS, Amiga - 1994)",5.00,20
Grand Prix 3 (Win - 2000),4.32,36
Rowan's Battle of Britain (Win - 2000),4.00,1
Double Eagle (Sharp X68000 - 1988),0.00,0
"Balance of the Planet (DOS, Mac - 1990)",4.80,25
"Ice & Fire (Win, Win 3.x, Mac - 1995)",3.60,5
Search and Rescue 2 (Win - 2000),0.00,0
Tommy's Wizards (DOS - 1986),3.00,1
A-10 Tank Killer v. 1.5 (DOS - 1991),4.58,43
Terminus (Win - 2000),4.60,5
"Helicopter Mission (DOS, Amiga - 1994)",4.00,4
Computer Facts in Five (DOS - 1982),0.00,0
"Star Raiders II (C64, Amstrad CPC, Atari 8-bit - 1987)",5.00,2
The Conveni 4 (Win - 2006),5.00,3
World Racing (Win - 2003),4.80,5
Fly! II (Win - 2001),5.00,8
"Apache (DOS, Mac - 1995)",4.89,19
Championship Manager: Season 01/02 (Win - 2001),4.33,72
Rush Hour (DOS - 1987),4.67,3
Robot Arena: Design & Destroy (Win - 2003),5.00,1
The Conveni 3 (Win - 2002),4.00,2
"Alley 19 Bowling (Win, Mac - 1996)",4.71,7
Jones in the Fast Lane (DOS - 1991),4.38,119
NHL Eastside Hockey Manager (Win - 2004),0.00,0
"The Train: Escape to Normandy (DOS, C64, Amstrad CPC - 1988)",5.00,11
Robot Arena (Win - 2001),5.00,1
"Serf City: Life is Feudal (DOS, Amiga - 1994)",4.63,123
"Wing Commander (DOS, Amiga - 1990)",4.56,48
World Football 98 (Win - 1998),4.00,9
Aces of the Pacific (DOS - 1992),4.55,44
"Infestation (DOS, Amiga, Atari ST - 1990)",4.34,9
Microsoft Combat Flight Simulator 3: Battle for Europe (Win - 2002),4.54,77
Russian Front II: The Kursk Campaign (DOS - 1990),3.67,3
Andretti Racing (Win - 1997),0.00,0
"Dallas (BBC Micro, Electron - 1983)",5.00,1
Star Trek: Starfleet Command - Gold Edition (Win - 2000),5.00,2
Cycling Manager 3 (Win - 2003),4.61,14
Stratosphere: Conquest of the Skies (Win - 1998),5.00,15
Motocross (DOS - 1989),4.57,14
"Football Manager 3 (DOS, C64, Amstrad CPC - 1993)",4.17,6
"Park Patrol (C64, Amstrad CPC - 1984)",4.50,2
P-Robots (DOS - 1988),3.71,7
Deer Hunter 2004 (Win - 2003),4.50,10
"Psi 5 Trading Co. (DOS, C64, Amstrad CPC - 1986)",4.77,13
O-Pong (DOS - 1996),5.00,1
Living Ball (Amiga - 1994),3.67,3
Archimedean Dynasty (DOS - 1996),5.00,3
"Railroad Tycoon 3 (Win, Mac - 2003)",5.00,4
RAM! (DOS - 1985),3.00,2
Sabre Ace: Conflict Over Korea (Win - 1997),5.00,1
Big Biz Tycoon! 2 (Win - 2003),3.33,3
Lemonade Stand (DOS - 1999),5.00,1
"International Rugby Challenge (DOS, Amiga - 1993)",0.00,0
Microsoft Combat Flight Simulator 2: WW II Pacific Theater (Win - 2000),4.46,48
What They Don't Teach You At Harvard Business School (DOS - 1987),4.40,10
Flying Corps: Gold (Win - 1997),5.00,3
V-Rally: Edition 99 (Win - 1999),4.12,49
Independence War: Deluxe Edition (Win - 1999),5.00,3
Creatures 2 Deluxe (Win - 1998),5.00,4
Close Assault (Apple II - 1982),4.00,2
Fast Food Tycoon (Win - 1999),4.53,30
"688 Attack Sub (DOS, Genesis, Amiga - 1989)",4.87,193
"White Death (DOS, Amiga - 1990)",3.83,6
Poseidon Wars 3-D (Master System - 1989),0.00,0
Profitania (Win 3.x - 1998),0.00,0
RollerCoaster Mania 2 (Win - 2006),5.00,1
"Orbiter (DOS, Mac, Atari ST - 1986)",4.75,4
Quadrant (DOS - 1984),0.00,0
"The Yukon Trail (Win 3.x, Mac - 1994)",4.57,53
Banqi 聖手 (DOS - 1995),0.00,0
Mysteries of the Orient (Win 3.x - 1994),3.50,2
Open Kart (Win - 2001),4.50,2
Rocket (DOS - 1981),5.00,1
Navy Strike (DOS - 1995),4.48,23
"U.S.A.A.F. - United States Army Air Force (Atari 8-bit, Apple II - 1986)",4.00,4
"Red Storm Rising (DOS, C64, Amiga, Atari ST - 1989)",4.65,58
Trophy Hunter 2003 (Win - 2002),4.36,42
Crayola 3D Castle Creator (Win - 1998),0.00,0
Haunting Starring Polterguy (Genesis - 1993),4.67,9
Independence Day (Win - 1997),3.70,10
"Pegasus Bridge (C64, Amstrad CPC - 1987)",4.40,5
Red Ace (Win - 2000),5.00,1
Galleons of Glory: The Secret Voyage of Magellan (DOS - 1990),4.55,11
Damocles: Mercenary II (Amiga - 1990),5.00,3
"Star Trek: The Rebel Universe (DOS, C64, Atari ST - 1988)",4.50,12
"The Price is Right (DOS, C64 - 1990)",4.49,59
Front Page Sports: Football Pro '97 (Win - 1996),0.00,0
"Galactic Empire (DOS, Amiga, Atari ST - 1990)",3.92,12
Championship Manager: Season 99/00 (Win - 1999),4.29,59
Hunting Unlimited 4 (Win - 2006),5.00,1
Chris Sawyer's Locomotion (Win - 2004),4.80,5
F/A-18 Hornet 3.0 (Win - 1997),4.47,17
Super Caesars Palace (Genesis - 1993),3.50,2
"Formula 1 Simulator (C64, Amstrad CPC, Commodore 16 - 1986)",0.00,0
Starball (DOS - 1996),5.00,2
Mother - a Computer Hacking Simulation (Win - 2010),5.00,1
4 Queens Computer Casino (DOS - 1992),3.45,11
Deluxe Ski Jump (DOS - 2000),4.00,5
Das Amt (DOS - 1995),0.00,0
"Pizza Tycoon (DOS, Amiga - 1994)",4.46,91
Ring Wars (C64 - 1988),3.00,2
Silent Hunter (DOS - 1996),4.34,138
Code Blue (Win - 2000),4.33,3
E.S.S Mega (DOS - 1991),4.22,9
BridgePal (DOS - 1989),0.00,0
Black Box (DOS - 1987),4.00,2
Evasive Action (DOS - 1994),4.56,9
Phoenix Fire (DOS - 1993),1.00,1
Caveland (Win - 1996),4.14,7
Industry Giant II (Win - 2002),5.00,2
Perfect! Pool (Win - 2001),0.00,0
"747 (C64, BBC Micro, Electron - 1985)",5.00,5
"Fun House (DOS, C64 - 1989)",5.00,18
"F-19 Stealth Fighter (DOS, C64, Amiga, Atari ST - 1988)",4.44,152
Hot Wheels: Williams F1 - Team Racer (Win - 2002),4.43,7
Football World Manager 2000 (Win - 2000),3.67,3
Das Hexagon-Kartell (DOS - 1996),0.00,0
Star Trek (DOS - 1981),4.30,20
JetFighter III (DOS - 1997),5.00,1
"Privateer 2: The Darkening (DOS, Win - 1996)",5.00,3
Bundesliga Live (C64 - 1985),0.00,0
Pacific Strike (DOS - 1994),4.79,16
"Planet Miners (Atari 8-bit, Apple II - 1981)",4.25,4
Player of the Year (DOS - 1996),5.00,1
"Top Gun: Fire at Will! (DOS, Mac - 1996)",4.67,12
The 3rd Millennium (Win - 1997),5.00,2
Top Gun: Danger Zone (DOS - 1991),4.60,20
NASCAR SimRacing (Win - 2005),4.40,21
Lemonade Tycoon 2 (Win - 2004),4.38,34
SeaWorld Adventure Parks Tycoon 2 (Win - 2005),4.67,21
Flight Simulator (Apple II - 1980),4.67,3
Artillery (DOS - 1982),4.00,1
LEGO Creator: Knights' Kingdom (Win - 2000),4.41,29
Tracon: Air Traffic Control Simulator (DOS - 1989),4.34,32
"Gunship 2000 (DOS, Amiga - 1991)",4.63,89
Close Combat: Invasion: Normandy - Utah Beach to Cherbourg (Win - 2000),4.00,3
Total Pinball 3D (DOS - 1996),0.00,0
Front Page Sports: Baseball '94 (DOS - 1994),4.43,7
Privateer: Righteous Fire (DOS - 1994),4.60,20
Airport Tycoon 2 (Win - 2003),4.78,15
18 Wheels of Steel: Convoy (Win - 2005),4.32,22
Premier Manager 2006-2007 (Win - 2006),0.00,0
"Super Huey UH-IX (DOS, C64, Amiga, Atari 8-bit, Atari ST, Apple II - 1988)",4.43,7
Jane's Combat Simulations: F/A-18 Simulator (Win - 2000),4.35,34
Championship Manager: Season 03/04 (Win - 2003),3.89,87
Tom Clancy's SSN (Win - 1996),5.00,12
Airport (Amiga - 1990),0.00,0
Flight Light Plus (DOS - 1996),4.53,17
Suicide Strike (C64 - 1983),3.33,3
"Sid Meier's Covert Action (DOS, Amiga - 1990)",4.66,68
"Carriers at War (DOS, Mac - 1992)",4.36,25
AMA Superbike (Win - 1999),5.00,2
JetFighter 2015 (Win - 2005),5.00,2
Deus Ex Machina (C64 - 1986),5.00,6
Dirt Track Racing: Sprint Cars (Win - 2000),4.42,19
Jane's Combat Simulations: Fleet Command (Win - 1999),5.00,3
Hard Truck 2 (Win - 2000),4.27,9
"Transport Tycoon Deluxe (DOS, Win - 1995)",4.50,285
"Waterloo (DOS, Amiga - 1989)",4.13,15
Sea Dogs (Win - 2000),5.00,3
Disney's Cinderella's Dollhouse (Win - 2001),4.60,5
Hunting Unlimited 2 (Win - 2003),0.00,0
Wild Pitch! (DOS - 1992),0.00,0
F/A-18 Korea (Win - 1997),4.80,10
Wing Commander II: Vengeance of the Kilrathi - Special Operations 2 (DOS - 1992),0.00,0
Ultrabots (DOS - 1993),4.70,30
The Soccer Game II (DOS - 1990),3.67,6
Aces of the Deep (DOS - 1994),4.32,59
Buzz Aldrin's Race into Space (DOS - 1993),4.46,37
"A-10 Tank Killer (DOS, Amiga - 1989)",4.45,29
Omega Run (C64 - 1984),0.00,0
"IFR (C64, VIC-20 - 1983)",5.00,1
"BlackJack Academy (DOS, C64, Amiga, Apple IIgs - 1988)",4.00,1
Desert (DOS - 1982),1.00,1
"Operation: Frog (DOS, C64, Apple II - 1992)",5.00,6
Millionaire: The Stock Market Simulation (Release 2) (DOS - 1987),4.00,7
Prison Tycoon (Win - 2005),4.83,6
Matching Pairs (DOS - 1988),4.00,3
Industry Giant (Win - 1997),3.75,4
Battle of Britain II: Wings of Victory (Win - 2006),0.00,0
Tony La Russa Baseball II (DOS - 1993),4.40,5
F-22 Lightning 3 (Win - 1999),4.57,28
Slots of Trivia (Win 3.x - 1996),5.00,1
The Bitter End (Mac - 1999),0.00,0
Master Rallye (Win - 2001),4.66,32
Jane's Combat Simulations: USNF'97 - U.S. Navy Fighters (Win - 1996),5.00,5
Lunar Explorer: A Space Flight Simulator (DOS - 1986),5.00,4
"Ocean Conqueror (C64, Amstrad CPC - 1989)",4.67,3
War in the South Pacific (C64 - 1986),4.60,5
Fly (DOS - 1984),0.00,0
Armored Fist 3 (Win - 1999),5.00,2
"F29 Retaliator (DOS, Amiga, Atari ST - 1990)",4.59,37
"747 Flight Simulator (C64, Atari 8-bit, BBC Micro, Dragon 32/64, Electron - 1985)",4.38,8
Everest (Win - 2000),4.14,7
Armored Fist (DOS - 1994),4.37,24
Bass Class (DOS - 1992),4.67,3
Objective: Kursk (Apple II - 1984),0.00,0
R/C Helicopter: Indoor Flight Simulation (Win - 2001),0.00,0
"Creatures (Win, Mac - 1996)",4.18,17
"Hoyle: Official Book of Games - Volume 3 (DOS, Amiga - 1991)",4.46,13
Controller (Atari 8-bit - 1982),4.00,2
Starlancer (Win - 2000),4.71,21
"Olé, Toro (Amstrad CPC - 1985)",0.00,0
PC Fútbol 4.0 (DOS - 1995),4.47,36
Aquarium (Win - 2000),0.00,0
Press Your Luck (DOS - 1988),4.71,65
"Geopolitique 1990 (C64, Apple II - 1984)",5.00,9
Solo Flight (Enhanced) (C64 - 1984),5.00,1
SimPark (Win - 1996),4.57,14
NFL Quarterback Club 96 (Game Gear - 1995),0.00,0
F1 2000 (Win - 2000),4.22,32
Darklight Conflict (DOS - 1997),0.00,0
Metaltech: Earthsiege (DOS - 1994),4.48,27
"Kaiser (C64, Amstrad CPC, Atari 8-bit - 1984)",5.00,7
"The Dam Busters (DOS, C64, Amstrad CPC, ColecoVision, Apple II - 1985)",4.80,10
"Space Shuttle: A Journey into Space (C64, Amstrad CPC, Atari 8-bit - 1984)",4.00,4
Pirate Hunter: Seize & Destroy (Win - 2003),4.50,2
Amarillo Slim 7 Card Stud (DOS - 1991),4.00,1
Wing Commander II: Vengeance of the Kilrathi (DOS - 1991),4.56,43
"1000 Miglia (DOS, C64, Amiga - 1992)",4.14,36
ESPN Speed World (Genesis - 1994),4.00,3
"Combat Leader (C64, Atari 8-bit - 1983)",4.60,5
"Bully's Sporting Darts (DOS, C64, Amiga, Amstrad CPC, Atari ST - 1993)",0.00,0
"MiG-29 Fulcrum (DOS, Amiga, Atari ST, Acorn 32-bit - 1991)",4.44,18
"Starbyte Super Soccer (DOS, C64, Amiga, Atari ST - 1991)",4.22,9
Aquazone Deluxe II with Guppies: Your Virtual Aquarium (Win - 1999),5.00,2
"LinCity-NG (Linux, Win, Mac - 2009)",4.63,8
Total Air War (Win - 1998),4.59,22
Zoo Tycoon 2 (Win - 2004),4.43,238
"Fin Fin: On Teo, the Magic Planet (Win - 1996)",0.00,0
Deer Hunter 4: World-Class Record Bucks (Win - 2000),5.00,2
"Guderian (C64, Atari 8-bit, Apple II - 1987)",5.00,1
Pinball Fantasies Deluxe (DOS - 1996),5.00,3
Pro Tennis Tour (DOS - 1989),0.00,0
Crazy Nick's Software Picks: Robin Hood's Games of Skill and Chance (DOS - 1992),3.00,1
Star Trek: Starfleet Academy - Starship Bridge Simulator (SEGA 32X - 1995),4.00,1
Emergency Room: Disaster Strikes (Win - 1999),5.00,1
"Starglider II (DOS, Mac, Amiga, Atari ST - 1989)",4.48,15
"Blue Max: Aces of the Great War (DOS, Amiga, Atari ST - 1990)",4.40,10
"The Halley Project: A Mission In Our Solar System (C64, Amiga - 1985)",4.56,9
Star Trek 64 (C64 - 1983),5.00,2
"Ralph Bosson's High Seas (DOS, C64 - 1988)",3.67,3
Baseball Mogul 2006 (Win - 2005),4.67,3
"European Challenge (DOS, Amiga, Atari ST - 1990)",4.57,7
Star Wars: X-Wing Vs. TIE Fighter (Win - 1997),3.43,7
F-22 Interceptor (Genesis - 1991),5.00,3
WinTrek (Win 3.x - 1992),0.00,0
FA Premier League 99 (Win - 1998),5.00,1
"Strike Fleet (DOS, C64, Amiga, Atari ST, Apple II - 1989)",4.70,23
"Conflict: Europe (DOS, Amiga, Atari ST - 1989)",5.00,6
Deep Fighter (Win - 2000),4.57,7
G-Nome (Win - 1997),4.27,22
Baseball Mogul 99 (Win - 1997),0.00,0
Firestorm: The Forest Fire Simulation Program (DOS - 1995),5.00,3
Pol-Gol! (DOS - 1996),0.00,0
Canton: An Atlas Pathfinder Adventure (DOS - 1994),3.80,5
"Malta Storm (DOS, Amiga - 1989)",3.00,5
Airlines (DOS - 1994),4.20,15
Virtual Snooker (DOS - 1996),5.00,2
"Battle Group (C64, Apple II - 1986)",4.00,1
Panzer Elite: Special Edition (Win - 2001),5.00,1
3 Card High Low Poker (DOS - 1986),3.80,10
"Bravo Romeo Delta (DOS, Amiga - 1993)",4.65,20
MiG-29 Fulcrum (Win - 1998),5.00,4
"Days of Thunder (DOS, C64, Amiga, Atari ST - 1990)",4.00,9
"Advanced Pinball Simulator (C64, Amstrad CPC, Atari 8-bit - 1989)",4.33,3
Aircraft and Adventure Factory (DOS - 1992),0.00,0
Eurofighter Typhoon (Win - 2001),5.00,1
"Conflict in Vietnam (DOS, C64, Atari 8-bit, Apple II - 1986)",4.35,23
"Racter (DOS, Mac, Amiga, Apple II - 1984)",4.25,12
"Winning Post (3DO, Sharp X68000 - 1994)",4.00,1
SimIsle: Missions in the Rainforest (DOS - 1995),4.07,29
Airliner (C64 - 1984),3.50,2
Sniper Elite (Win - 2005),4.83,6
IBM PC Blackjack (DOS - 1984),4.00,4
DaSi (DOS - 1991),0.00,0
"Falcon (DOS, Mac, Amiga, Atari ST - 1987)",4.24,17
Golf Resort Tycoon (Win - 2001),3.80,5
Atlantic Patrol (C64 - 1982),4.00,1
"Life & Death (DOS, Mac, Amiga, Atari ST, Apple IIgs, Sharp X68000 - 1988)",4.46,54
Knights of Honor (Win - 2004),5.00,3
SimCoaster (Win - 2001),4.40,40
"Snow Strike (DOS, C64, Amiga, Amstrad CPC, Atari ST - 1990)",4.00,6
"Tai-Pan (C64, Amstrad CPC - 1987)",4.75,4
"In the Chips (C64, VIC-20 - 1984)",4.50,2
G-Police (Win - 1997),4.52,29
Harpoon Classic '97 (Win - 1996),0.00,0
Fruit Machine (Amiga - 1990),5.00,1
Fast Attack: High Tech Submarine Warfare (DOS - 1995),5.00,7
NHL All-Star Hockey '95 (Genesis - 1995),5.00,1
Air Warrior III (Win - 1997),0.00,0
Ford Racing (Win - 1999),4.26,23
Wargame Construction Set III: Age of Rifles 1846-1905 (DOS - 1996),4.49,31
"Championship Manager (DOS, Amiga, Atari ST - 1992)",4.43,23
"Das Magazin (C64, Amiga - 1988)",0.00,0
Falcon A.T. (DOS - 1988),4.78,18
Striker '96 (DOS - 1996),5.00,4
Pinna ピナ DESKTOP LIFE (Win - 1999),0.00,0
Sierra's 3-D Helicopter Simulator (DOS - 1987),4.50,8
"The Amazon Trail (DOS, Win, Win 3.x, Mac - 1993)",4.18,161
"Match Day II (C64, Amstrad CPC - 1987)",4.75,4
"The Rubicon Alliance (C64, Amstrad CPC - 1987)",4.00,1
Head Coach (C64 - 1986),4.67,3
The Sting! (Win - 2001),4.35,26
"The Fabulous Wanda and the Secret of Life, the Universe, and Everything (C64 - 1983)",1.50,2
18 Wheels of Steel: Pedal to the Metal (Win - 2004),4.58,67
"Magic Fly (Amiga, Atari ST - 1990)",4.50,2
"LHX: Attack Chopper (DOS, Genesis - 1990)",4.61,58
"Air Warrior (DOS, Mac, Amiga, Atari ST - 1992)",4.25,16
Laser Surgeon: The Microscopic Mission (DOS - 1987),5.00,6
"Africa Trail (Win, Win 3.x, Mac - 1997)",3.23,22
"Wargame Construction Set (DOS, C64, Atari 8-bit, Atari ST - 1988)",4.33,9
Evolution: The Game of Intelligent Life (Win - 1997),4.36,50
Shopping Centre Tycoon (Win - 2005),4.75,4
"Red Lightning (DOS, Amiga, Atari ST - 1989)",4.23,13
Gettysburg: Multimedia Battle Simulation (Win 3.x - 1994),0.00,0
"Test Drive (DOS, C64, Amiga, Atari ST, Apple II - 1987)",4.56,89
Alter Ego: Female (DOS - 1986),4.64,14
Pinball Brain Damage (Amiga - 1997),3.33,3
Fly! 2K (Win - 2000),5.00,4
"Conflict (DOS, Amiga - 1990)",4.45,55
Tabloid Tycoon (Win - 2005),3.33,3
Washington D.C.: Scenery for Microsoft Flight Simulator 5 (DOS - 1993),5.00,2
Red Shark 2 (Win - 2005),0.00,0
A Line in The Sand (DOS - 1992),4.35,20
"Castles II: Siege & Conquest (DOS, Mac, Amiga CD32 - 1992)",4.44,101
Wall $treet Trader 98 (Win - 1998),5.00,3
Imperium Galactica II: Alliances (Win - 1999),4.43,7
SimCity: Enhanced CD-ROM (DOS - 1993),4.46,13
"Germ Crazy (Amiga, Atari ST - 1991)",5.00,2
Paparazzi!: Tales of Tinseltown (Win 3.x - 1995),0.00,0
Dark Universe: Hüter des Friedens (DOS - 1995),5.00,2
Snowboard Park Tycoon (Win - 2002),5.00,1
Action in The North Atlantic (DOS - 1989),4.40,10
Jane's Combat Simulations: AH-64D Longbow (DOS - 1996),4.73,11
Bridge Baron V (DOS - 1989),3.00,2
"No Second Prize (Amiga, Atari ST - 1992)",5.00,1
The Bulge: Battle for Antwerp (C64 - 1985),4.33,3
"Destination: Mars! (DOS, Mac - 1991)",4.50,8
Crystal Pixels (DOS - 1997),5.00,1
Ski Resort Tycoon II (Win - 2001),3.00,1
Championship Manager 4 (Win - 2003),4.30,46
Nile: Passage to Egypt (Win 3.x - 1995),0.00,0
Comanche 3 (DOS - 1997),4.65,23
One-Nil Soccer Manager (DOS - 1992),4.26,23
Mobil 1 Rally Championship (Win - 1999),4.62,113
Air Trax (DOS - 1983),3.71,7
CyberStrike (DOS - 1994),0.00,0
Deus (DOS - 1996),4.00,1
"Enemy Engaged: RAH-66 Comanche versus Ka-52 Hokum (Win, Mac - 2000)",5.00,1
Energy Czar (Atari 8-bit - 1980),4.20,5
"Driver (Win, Mac - 1999)",4.43,90
"In Search of The Most Amazing Thing (DOS, C64, Atari 8-bit - 1983)",4.00,9
"Battles in Normandy (C64, Apple II - 1987)",3.60,5
MotoGP '07 (Win - 2007),4.20,5
Opening Weekend: Big Cat Season (Win - 1999),5.00,1
Baseball Mogul 2002 (Win - 2001),0.00,0
500cc Motomanager (C64 - 1991),5.00,6
"Sands of Fire (DOS, Mac - 1990)",4.63,8
Metal Angel 2 (TurboGrafx CD - 1995),0.00,0
Fallen Haven: Liberation Day (Win - 1998),5.00,3
Car Tycoon (Win - 2001),4.57,35
Star Wars: Starfighter (Win - 2002),1.00,1
"Campaign (DOS, Amiga, Atari ST - 1992)",4.31,13
Gangsters: Organized Crime (Win - 1998),4.10,21
"The Manager (DOS, Amiga - 1992)",3.98,59
Fly8 (DOS - 1993),5.00,1
Deer Hunter Tournament (Win - 2008),5.00,1
Star Trek: Klingon Academy (Win - 2000),4.35,20
"Night Mission Pinball (DOS, C64, Atari 8-bit - 1983)",4.13,15
Top Gun: Combat Zones (Win - 2003),4.60,5
Wing Commander II: Vengeance of the Kilrathi - Special Operations 1 (DOS - 1991),5.00,4
Someone's in the Kitchen! (Win - 1996),3.79,6
"Dinopark Tycoon (DOS, Mac - 1993)",4.37,189
JetFighter: Full Burn (Win - 1998),4.00,13
"Daryl F. Gates' Police Quest: SWAT (DOS, Win 3.x - 1995)",5.00,1
Fleet Defender (DOS - 1994),4.50,30
"Elite (DOS, C64, Amiga, Amstrad CPC, Atari ST, Apple II, Acorn 32-bit, BBC Micro - 1987)",4.29,45
"European Champions (DOS, Atari ST - 1993)",5.00,5
Defcon 1 (DOS - 1992),4.29,7
Rich Tauber's Bass Champ (DOS - 1991),5.00,1
SimRefinery (DOS - 1992),4.00,2
Rosemary West's House of Fortunes (DOS - 1993),4.00,7
World Trophy Soccer (Genesis - 1992),4.00,1
"Deep Space: Operation Copernicus (DOS, C64, Apple II - 1987)",3.71,7
Dogz 3 (Win - 1999),5.00,1
Barbie (C64 - 1985),4.21,14
Ford Simulator III (DOS - 1992),4.00,24
Official Formula One Racing (Win - 1999),4.47,27
"The Official America's Cup Sailing Simulation (C64, Amstrad CPC - 1986)",3.67,3
F-16 Multirole Fighter (Win - 1998),4.39,72
"Drag Race Eliminator (DOS, C64 - 1988)",5.00,1
"X-Plane 5 (Win, Mac - 1999)",4.31,13
Battlecruiser 3000AD (DOS - 1996),3.29,6
Colossus Chess 3.0 (Atari 8-bit - 1984),4.00,1
Volvo: The Game (Win - 2009),4.00,3
TOCA 2: Touring Car Challenge (Win - 1999),4.37,79
Transport Tycoon (DOS - 1994),4.81,47
Stable Masters 2 (Win - 2004),4.25,4
Oil empire (DOS - 1996),2.50,2
Destroyer Command (Win - 2002),4.50,12
Blitzkrieg: Tōbu Sensen 1941~45 (Sharp X68000 - 1991),0.00,0
KART Racer (Win - 2009),0.00,0
SSN-21 Seawolf (DOS - 1994),4.48,27
Mall Tycoon 3 (Win - 2005),4.35,23
Ford Simulator 5.0 (DOS - 1994),4.40,20
Caesars Palace (Game Gear - 1993),0.00,0
"On the Ball (DOS, Amiga - 1993)",4.63,8
Out of the Sun (Mac - 1994),5.00,3
Field & Stream: Trophy Bass 3D (Win - 1999),5.00,3
"Obsession (Amiga, Atari ST - 1995)",2.33,3
Lander (Win - 1999),4.00,5
King's Table: The Legend of Ragnarok (DOS - 1993),4.18,11
Poker Face Paul's Blackjack (Game Gear - 1993),0.00,0
Airline Tycoon (Win - 1998),4.83,6
Ping Pong (DOS - 1985),4.86,7
"Steigenberger Hotelmanager (DOS, C64, Amiga - 1991)",3.50,4
Metal Angel (TurboGrafx CD - 1993),0.00,0
"Arcade Pool (DOS, Amiga - 1994)",3.44,27
LEGOLAND (Win - 2000),4.43,82
Puma Street Soccer (Win - 1999),5.00,1
B-17 Bomber (Intellivision - 1982),5.00,2
"Aufschwung Ost (DOS, Amiga - 1993)",3.20,5
"The Clue! (DOS, Amiga, Amiga CD32 - 1994)",4.77,43
MotoGP: Ultimate Racing Technology (Win - 2002),4.60,5
Star Trader (C64 - 1984),5.00,5
Air Traffic Controller (DOS - 1985),4.17,6
Deer Hunter II: The Hunt Continues (Win - 1998),3.69,13
"Hill Street Blues (DOS, Amiga, Atari ST - 1991)",4.50,18
"SimEarth: The Living Planet (DOS, Amiga, Sharp X68000, TurboGrafx CD - 1990)",4.57,116
Freespace 2 (Win - 1999),5.00,1
"Tokimeki Memorial (Win, TurboGrafx CD - 1997)",2.86,7
Electronic Pinball (Win - 1997),0.00,0
"Front Page Sports: Trophy Bass 2 (Win, Win 3.x - 1996)",4.17,6
Rubik Cube (DOS - 1991),5.00,1
Video Casino Games (Win 3.x - 1994),0.00,0
Video Trek 88 (DOS - 1982),4.25,4
Pub Games (Amstrad CPC - 1987),4.00,2
"SimCity 3000 Unlimited (Win, Linux - 2000)",4.86,14
"Castles (DOS, Amiga, Atari ST, Sharp X68000 - 1991)",4.48,44
"Albatross (MSX, PC-88 - 1986)",5.00,1
Championship Manager 2: Including Season 96/97 Updates (DOS - 1996),4.31,16
Battleground 3: Waterloo (Win - 1996),0.00,0
Star Rangers (DOS - 1995),4.00,14
The Railroad Works (C64 - 1985),4.86,7
"Ashes of Empire (DOS, Amiga - 1993)",4.42,12
MechWarrior 4: Mercenaries (Win - 2002),4.56,552
"ACE: Air Combat Emulator (DOS, C64, Amstrad CPC, VIC-20, Commodore 16 - 1986)",4.08,12
Echelon (Win - 2001),0.00,0
"Perico Delgado Maillot Amarillo (DOS, Amstrad CPC - 1989)",4.00,9
Bass Masters Classic: Pro Edition (Genesis - 1996),1.00,1
Dirt Track Racing 2 (Win - 2002),4.42,44
"Stealth (C64, Atari 8-bit - 1984)",5.00,2
"Yoot Tower (Win, Mac - 1998)",4.49,46
"The Oakflat Nuclear Power Plant Simulator (DOS, C64 - 1992)",4.67,12
Constellation (Atari 8-bit - 1992),0.00,0
3D Hunting: Trophy Whitetail (Win - 1998),3.00,2
"Decisive Battles of the American Civil War, Vol. 3 (DOS, C64 - 1989)",4.00,2
Jimmy White's Cueball World (Win - 2001),5.00,1
UFO (DOS - 1989),4.89,9
Trump Castle II (DOS - 1991),3.40,5
"Echelon (DOS, C64, Amstrad CPC, Apple II - 1988)",4.54,11
Hole in One (DOS - 1995),5.00,1
Bishōjo Senshi Sailor Moon Collection (TurboGrafx CD - 1994),5.00,1
Zoo Empire (Win - 2004),4.50,4
"Colossus Chess 4 (C64, Amstrad CPC, Atari 8-bit, BBC Micro - 1985)",4.50,4
"Lancaster (Amiga, Atari ST - 1989)",4.50,2
SimCopter (Win - 1996),4.59,61
Safe Opening Simulator (DOS - 1993),4.64,11
Reelect JFK (Win 3.x - 1994),0.00,0
"Hellcat Ace (DOS, C64, Atari 8-bit - 1984)",3.80,10
"StarFlight 2: Trade Routes of The Cloud Nebula (DOS, Mac, Amiga - 1989)",4.51,40
Jane's Combat Simulations: ATF - Advanced Tactical Fighters (DOS - 1996),4.85,13
Trust and Betrayal: The Legacy of Siboot (DOS - 1987),4.29,7
Hockey League Simulator II (DOS - 1992),3.80,10
"HIND: The Russian Combat Helicopter Simulation (DOS, Mac - 1996)",4.00,5
"Fruit Machine Simulator 2 (C64, Amstrad CPC - 1989)",3.00,1
"AH-3: ThunderStrike (DOS, SEGA CD - 1993)",4.75,4
"World Championship Boxing Manager (DOS, C64, Amiga, ZX Spectrum, Amstrad CPC, Atari ST, Acorn 32-bit - 1990)",3.90,39
Atlantis Underwater Tycoon (Win - 2003),4.37,19
"OldSkoolGravityGame (Win, Linux - 2009)",3.00,1
Money Bags: Beat the Gnome of Zurich (DOS - 1988),5.00,4
Three Mile Island (Apple II - 1979),4.38,8
Elite Darts (Mac - 1999),1.00,1
Asgard (Atari ST - 1989),5.00,1
JetFighter III Classic (Win - 1999),4.75,4
Monte Carlo Baccarat (DOS - 1991),5.00,2
"Side Pocket (Genesis, Game Gear - 1992)",4.25,8
"Championship Manager: Season 00/01 (Win, Mac - 2000)",4.22,97
PC Fútbol 3.0 (DOS - 1994),4.08,13
IndyCar Racing (DOS - 1993),4.51,37
Live Action Football (Win 3.x - 1994),0.00,0
LOVEDOS (DOS - 1988),3.00,1
Republic: The Revolution (Win - 2003),4.18,11
Designasaurus II (DOS - 1990),4.45,29
Perfect Partner Bridge (Win 3.x - 1995),0.00,0
RBI Baseball '95 (SEGA 32X - 1995),5.00,1
American Civil War: From Sumter to Appomattox (Win 3.x - 1996),0.00,0
Mogul Maniac (Atari 8-bit - 1983),0.00,0
Barbie Beauty Boutique (Win - 2003),3.60,11
The Greatest Paper Airplanes (Win - 1995),4.33,3
Tom Clancy's Rainbow Six (Mac - 1999),4.56,25
"StarFlight (DOS, Mac, Genesis, C64, Amiga, Atari ST - 1986)",4.65,51
"Formula One (DOS, Genesis, Master System, Game Gear, Amiga, Atari ST - 1994)",4.65,26
Wing Commander (C64 - 1984),4.50,2
"PT Boat Simulator (DOS, Mac - 1994)",0.00,0
Worldwide Soccer Manager 2005 (Win - 2004),4.75,4
"Eco (Amiga, Atari ST - 1988)",4.50,4
Protostar: War on the Frontier (DOS - 1993),4.63,27
Age of Sail II (Win - 2001),4.82,11
"Battle Command (DOS, C64, Amiga, Amstrad CPC, Atari ST - 1990)",4.45,11
Microsoft Flight Simulator (v2.0) (DOS - 1984),4.27,15
Computer Underground (DOS - 1993),4.60,5
"Energie-Manager (DOS, Amiga - 1993)",4.25,8
Double-X Slots (DOS - 1992),3.00,2
Ford Simulator 6 (DOS - 1994),4.60,5
Glider Pilot (C64 - 1985),4.67,3
Front Page Sports: Football Pro '96 Season (DOS - 1995),4.75,4
Ocean Trader (DOS - 1995),4.66,32
"Sotsugyō (Sharp X68000, TurboGrafx CD - 1994)",0.00,0
Freight Tycoon Inc. (Win - 2006),4.86,7
"Caesar II (DOS, Mac - 1995)",4.56,100
Star Chamber (DOS - 1987),4.33,3
Haunted Childhood (DOS - 2003),3.67,3
"Thunderhawk (DOS, Amiga, Atari ST - 1991)",4.85,13
"D-Day (DOS, Amiga, Amstrad CPC, Atari ST - 1992)",4.44,18
"Sherman M4 (DOS, Amiga, Amstrad CPC, Atari ST - 1989)",4.94,17
"The Patrician (DOS, Amiga, Atari ST - 1992)",4.84,19
Creatures 3 (Win - 1999),4.42,24
F-18 Hornet (C64 - 1988),5.00,1
Jane's Combat Simulations: 688(I) Hunter/Killer (Win - 1997),5.00,2
"Solo Flight: 2nd Edition (DOS, C64 - 1985)",5.00,2
"Tropico (Win, Mac - 2001)",4.41,22
"SimCity (DOS, Win 3.x, C64, Amiga, Amstrad CPC, Atari ST, Acorn 32-bit, BBC Micro, Electron, Sharp X68000 - 1989)",4.31,135
Das Haus (Amiga - 1990),0.00,0
Carrier Strike Add-On (DOS - 1992),4.44,9
European Air War (Win - 1998),4.73,38
"Big Sea: The Better One Will Win (DOS, Amiga - 1994)",4.39,18
Dino Island (Win - 2002),4.55,56
Panthers in the Shadows (DOS - 1995),4.80,5
"Computer Stocks & Bonds (DOS, C64, Atari 8-bit - 1982)",4.33,9
"Creatures Village (Win, Mac - 2001)",3.67,3
"Kennedy Approach (C64, Amiga, Atari 8-bit, Atari ST - 1985)",4.64,11
UK Truck Simulator (Win - 2010),5.00,2
747-400 Precision Simulator (DOS - 2000),4.36,11
F/A-18 Precision Strike Fighter (Win - 2001),5.00,11
Frank Thomas Big Hurt Baseball (Game Gear - 1995),5.00,2
"Red Baron (DOS, Mac, Amiga - 1990)",4.81,54
Front Page Sports: Football Pro (DOS - 1993),3.86,14
Point of Attack (DOS - 1992),0.00,0
Face-Off (Amiga - 1991),5.00,1
"Bundesliga Manager Professional (DOS, Amiga, Atari ST - 1991)",4.16,38
"Kaiser (DOS, Atari ST - 1992)",5.00,1
"Manchester United Premier League Champions (DOS, Amiga - 1994)",4.00,12
"Jet (DOS, C64, Amiga, Atari ST, Apple II - 1985)",4.67,12
Treble Champions (Amiga - 1990),5.00,1
Car and Driver (DOS - 1992),4.19,37
Conaga (DOS - 1989),5.00,1
Links LS: Legends in Sports - 1997 Edition (DOS - 1996),4.75,4
"Southern Belle (C64, Amstrad CPC, BBC Micro, Electron - 1986)",5.00,2
Citizens: Backwater Affairs! (DOS - 1996),5.00,2
Armour-Geddon 2: Codename Hellfire (Amiga - 1994),4.75,4
Pokeri (DOS - 1990),5.00,2
Airline (DOS - 1991),5.00,3
"Championship Golf: The Great Courses of the World - Volume One: Pebble Beach (DOS, Amiga - 1986)",4.00,2
Chinese Chess Master III (DOS - 1992),4.71,44
Virus-Farm (DOS - 1992),5.00,1
"DragonStrike (DOS, C64, Amiga, PC-98, Sharp X68000 - 1990)",4.95,39
Tomcat Alley (Win - 1995),5.00,1
Pilot 64 (C64 - 1983),0.00,0
"Garry Kitchen's Super Battletank: War in the Gulf (Genesis, Game Gear - 1992)",5.00,5
"Starlord (DOS, Amiga - 1994)",4.36,22
"Steve Davis Snooker (C64, Amstrad CPC, Atari 8-bit, BBC Micro, Commodore 16, Electron - 1985)",1.00,1
"Treasure Hunt (C64, ZX Spectrum, BBC Micro, Electron - 1985)",4.00,1
"Thunder&Lightning (Mac, Linux - 2015)",4.00,14
Tycoon (Atari ST - 1988),3.00,1
Slot (DOS - 1983),3.00,2
Bundesliga Manager Professional (Limited Edition) (DOS - 1992),4.40,10
"Operation Europe: Path to Victory 1939-45 (DOS, Genesis, PC-88, Sharp X68000 - 1994)",4.58,26
"Solo Flight (C64, Atari 8-bit, Apple II - 1985)",4.68,10
Aces Over Europe (DOS - 1993),4.59,34
Civil War (DOS - 1983),4.33,3
"Austerlitz (DOS, Amiga, Atari ST - 1989)",5.00,4
Airport Tycoon (Win - 2000),4.56,50
SimRefinery (DOS - 1993),4.75,12
Formula One 99 (Win - 1999),3.64,39
Championship Manager 2: The Italian Leagues Season 96/97 (DOS - 1996),4.33,3
"Guadalcanal (C64, Amstrad CPC - 1987)",5.00,4
"Tom Clancy's The Cardinal of the Kremlin (DOS, Amiga - 1990)",4.31,13
Search & Rescue: Vietnam Med Evac (Win - 2002),0.00,0
"The Settlers II: Veni, Vidi, Vici (DOS, Mac - 1996)",4.75,20
Absolute Pinball (DOS - 1996),4.26,54
"M1 Tank Platoon (DOS, Amiga, Atari ST - 1989)",4.50,50
"Transworld (DOS, C64, Amiga, Atari ST - 1990)",4.67,6
"Das Boot: German U-Boat Simulation (DOS, Amiga - 1990)",4.23,26
"Europe Ablaze (C64, Apple II - 1985)",5.00,3
Scratch Golf (Game Gear - 1994),5.00,1
Treble Champions II (Amiga - 1993),5.00,1
"StarGlider (DOS, C64, Amiga, Amstrad CPC, Atari ST, Apple II - 1987)",4.73,15
Law & Order: Justice is Served (Win - 2004),0.00,0
"Skyfox (C64, Amstrad CPC, Atari ST, Apple II - 1985)",5.00,2
Battleground 5: Antietam (Win - 1996),5.00,1
X: Beyond the Frontier (Win - 1999),5.00,1
Les Guignols de l'Info: Le Cauchemar de PPD (Win 3.x - 1996),0.00,0
Retribution (DOS - 1994),2.67,3
Gokkast (DOS - 1990),0.00,0
Animal Quest (DOS - 1992),5.00,3
"MicroLeague Baseball II (DOS, Mac - 1989)",3.50,6
Trek73 (DOS - 1985),5.00,1
"Great Naval Battles Vol. III: Fury in the Pacific, 1941-44 (DOS - 1995)",4.39,19
"Rules of Engagement 2 (DOS, Amiga - 1993)",4.64,11
Gossip (Atari 8-bit - 1983),0.00,0
Avery Cardoza's 500 Slots & Video Poker (Win - 2001),0.00,0
Pyramid Magic II (Genesis - 1991),5.00,1
Apollo 18: The Moon Missions (Win - 1999),5.00,1
Menghuan Shuiguo Pan: 777 Casino (Genesis - 1993),0.00,0
Silent Hunter III (Win - 2005),4.43,14
Black Knight: Marine Strike Fighter (DOS - 1995),3.50,2
Universal Combat (Win - 2004),4.89,9
The Cockpit (Sharp X68000 - 1988),0.00,0
NASCAR: Revolution (Win - 1999),5.00,3
Kaiser Deluxe (DOS - 1995),4.00,32
Bicycle Casino Games (Win - 2001),0.00,0
Gone Fishin' (DOS - 1994),4.44,9
Emergency Room 3 (Win - 2001),0.00,0
Neko Daisuki! (Game Gear - 1996),5.00,1
Tactical Manager Italia (Amiga - 1994),0.00,0
Rugby Manager (C64 - 1989),5.00,2
"MiG-29M Super Fulcrum (DOS, Amiga, Atari ST - 1991)",4.89,9
Galleons (DOS - 1993),0.00,0
Lawn Mower (DOS - 1987),2.50,8
"Phantasm (DOS, Amiga - 1988)",5.00,1
MiG-29: Fighter Pilot (Genesis - 1993),5.00,1
"Silent Thunder: A-10 Tank Killer II (Win, Win 3.x - 1996)",4.81,26
The Doonesbury Election Game Campaign '96 (Win 3.x - 1995),0.00,0
Hot Wheels: Slot Car Racing (Win - 2000),4.00,2
F-15 Strike Eagle (Game Gear - 1993),0.00,0
"Armada (DOS, Amiga - 1989)",5.00,3
Emergency Room: Code Red (Win - 2001),0.00,0
Tracon for Windows (Win 3.x - 1993),0.00,0
P.T.O.: Pacific Theater of Operations II (Win 3.x - 1996),5.00,1
A320 Airbus Vol. 2 (Amiga - 1995),5.00,4
Rock Manager (Win - 2001),4.50,10
"Great Naval Battles Vol. IV: Burning Steel, 1939-1942 (DOS - 1995)",4.38,29
The Heroes of the 357th (DOS - 1992),4.57,7
NHRA Drag Racing 2 (Win - 2000),4.40,10
Secret Weapons of the Luftwaffe (DOS - 1991),5.00,11
"PGA European Tour (Genesis, Amiga - 1994)",5.00,1
Iron Assault (DOS - 1995),4.33,3
Comanche: Maximum Overkill (DOS - 1992),4.52,44
Sim Theme Park (Win - 1999),4.58,73
Lunar Landing (DOS - 1982),3.00,2
"Dreadnoughts (C64, Apple II - 1984)",4.67,3
"On the Ball: World Cup Edition (DOS, Amiga - 1994)",4.34,15
Grand Prix II (DOS - 1996),4.25,27
"F-15 Strike Eagle II (DOS, Genesis, Amiga, Atari ST, Sharp X68000 - 1989)",4.55,52
Fruit Machine (Amstrad CPC - 1984),4.00,2
Slot Gambler (TurboGrafx CD - 1995),0.00,0
Hellcats Over the Pacific (Mac - 1991),4.82,11
Computer Circus Maximus (DOS - 1984),3.00,3
Falcon 4.0: Allied Force (Win - 2005),4.43,14
Fly! (Win - 1999),5.00,3
Pachio-kun 3: Pachisuro & Pachinko (TurboGrafx CD - 1994),0.00,0
Richard Burns Rally (Win - 2004),4.37,76
"Knights of the Sky (DOS, Amiga, Atari ST - 1990)",4.35,27
Falcon 3.0 (DOS - 1991),4.65,63
Druglord (DOS - 1991),4.00,15
"Premier Manager 2 (DOS, Amiga, Atari ST - 1993)",4.24,47
Lemonade Tycoon (Win - 2003),4.35,153
Task Force 1942 (DOS - 1992),4.66,39
Let's Ride: Silver Buckle Stables (Win - 2007),5.00,3
American Conquest (Win - 2002),3.60,10
Graduation for Windows 95 (TurboGrafx CD - 1994),5.00,1
Business Simulator (DOS - 1987),4.44,18
"Floor 13 (DOS, Amiga - 1991)",4.07,15
The Global Dilemma: Guns or Butter (DOS - 1990),4.10,20
Ski Resort Tycoon (Win - 2000),4.21,19
Team F1 (DOS - 1996),4.51,23
Best of Chess - Volume I: American Triumph (C64 - 1984),0.00,0
Las Vegas (Amiga - 1987),5.00,1
Harpoon II: BattleSet 2 - WestPac (DOS - 1994),5.00,3
"Dive Bomber (DOS, C64, Amstrad CPC, Atari ST, Apple II - 1989)",4.50,12
Heavy Gear (Win - 1997),4.06,16
LEGO Creator (Win - 1998),4.38,99
Pinball Master (Win - 2003),5.00,1
"Lost Dutchman Mine (DOS, Amiga - 1989)",4.71,35
Rally Championship Xtreme (Win - 2001),5.00,3
M1 Tank Platoon II (Win - 1998),4.52,50
"Indianapolis 500: The Simulation (DOS, Amiga - 1989)",4.61,68
Frontier: First Encounters (DOS - 1995),4.58,31
Shirley Muldowney's Top Fuel Challenge (C64 - 1987),5.00,1
"Nigel Mansell's Grand Prix (Amiga, Amstrad CPC - 1988)",0.00,0
Carrier Strike: South Pacific 1942-44 (DOS - 1992),4.38,29
"A Question of Sport (DOS, C64, Amiga, Amstrad CPC, Atari ST, BBC Micro, Electron - 1988)",5.00,2
GP 500 (Win - 1999),4.70,102
Wings over Europe: Cold War Gone Hot (Win - 2006),4.70,10
"MechWarrior 2: 31st Century Combat (DOS, Win, Mac - 1995)",4.60,175
3D Seiddab Attack (ZX Spectrum - 1984),4.00,3
Grand Prix 4 (Win - 2002),4.38,90
Crazy Nick's Software Picks: King Graham's Board Game Challenge (DOS - 1992),4.56,9
"VC (DOS, Atari 8-bit, Apple II - 1983)",3.56,9
"Harpoon (DOS, Mac, Amiga - 1989)",4.25,113
NFL Coaches Club Football (DOS - 1993),0.00,0
Nations: WWII Fighter Command (Win - 1999),0.00,0
Sea Rogue (DOS - 1992),4.84,18
Hard Truck: Road to Victory (Win - 1998),4.67,33
Pinball: Full-Tilt Fun! (Win - 1999),0.00,0
Swedish Touring Car Championship 2 (Win - 2000),4.66,18
NASCAR Racing 2 (DOS - 1996),4.45,36
Dogz 5 (Win - 2002),0.00,0
Outdoor Life: Sportsman's Challenge (Win - 2004),0.00,0
Blackjack (DOS - 1984),5.00,1
"Carrier Force (C64, Apple II - 1983)",4.33,3
MechWarrior 4: Vengeance (Win - 2000),4.81,26
Elite (Electron - 1984),0.00,0
Corporate Raider: The Pirate of Wall St. (DOS - 1988),4.70,10
"The Duel: Test Drive II (DOS, Mac, C64, Amiga, Amstrad CPC, Atari ST, Apple IIgs - 1989)",4.25,97
The Las Vegas EGA Casino (Version 2.0) (DOS - 1991),0.00,0
Computer Air Combat (Apple II - 1980),4.67,3
Theme Hospital (DOS - 1997),4.43,849
F-117 Night Storm (Genesis - 1993),3.50,2
Platoon (Win - 2002),4.75,4
Air Traffic Control (DOS - 1988),4.00,3
Metaltech: Battledrome (DOS - 1994),4.60,10
One Armed Bandit (Win 3.x - 1991),0.00,0
Stealth Mission (C64 - 1988),4.60,5
Ford Simulator 7 (Win 3.x - 1996),4.33,10
Tranquility Base (Apple II - 1984),5.00,1
Manor (DOS - 1986),5.00,4
ProFlight (Amiga - 1991),4.00,1
Red Shark (Win - 2002),0.00,0
Midway: The Battle that Doomed Japan (DOS - 1989),5.00,3
"Admiral Graf Spee (C64, Amstrad CPC - 1984)",3.00,2
Deer Hunter: The 2005 Season (Win - 2004),3.88,8
Darker (DOS - 1995),4.56,9
Chess 7.0 (C64 - 1983),5.00,1
Dynatech (DOS - 1992),4.33,6
Visual Pinball (Win - 2000),0.00,0
"Earth Orbit Stations (C64, Apple II - 1987)",4.59,17
Stormovik: SU-25 Soviet Attack Fighter (DOS - 1990),4.33,15
"The Adventures of Robin Hood (DOS, Amiga, Atari ST - 1992)",4.50,18
Aerobiz Supersonic (Genesis - 1994),5.00,9
U.S. Navy Fighters (DOS - 1994),4.83,6
Virtual Pool 2 (Win - 1997),4.15,9
Crete 1941: Fallschirmjager (Amstrad CPC - 1990),4.50,2
Airport Tycoon 3 (Win - 2003),4.59,29
Virtual City (Win - 2003),5.00,1
Rock Tour (Win - 2007),2.71,7
Corncob Deluxe (DOS - 1994),4.83,6
Chuck Yeager's Air Combat (DOS - 1991),4.59,61
Slum Lord Pro (DOS - 2005),4.75,4
"Airline Tycoon Deluxe (Win, Mac, Linux - 2003)",5.00,4
"Mech Brigade (DOS, C64, Atari 8-bit, Apple II - 1987)",4.14,7
Comanche 2 (DOS - 1995),4.34,41
The Settlers III (Win - 1998),3.67,3
Компьютерщик (Win - 1998),5.00,1
"Hidden Agenda (DOS, Mac - 1989)",4.47,41
"Railroad Tycoon II (Win, Mac, Linux - 1998)",5.00,9
"Halls of Montezuma: A Battle History of the United States Marine Corps (DOS, C64, Amiga - 1989)",4.42,12
Napoleon's Campaigns: 1813 & 1815 (Apple II - 1981),4.00,1
Stunt Driver (DOS - 1990),4.57,40
Cordat Core Wars (DOS - 1993),0.00,0
Titanic: The Recovery Mission (C64 - 1986),5.00,4
"Rally Driver (C64, Amstrad CPC - 1988)",5.00,1
Club Football: The Manager (DOS - 1994),3.00,2
Hot Rod: Garage to Glory (Win - 2004),0.00,0
Echelon: Wind Warriors (Win - 2002),0.00,0
P-80 Shooting Star Tour Of Duty (DOS - 1991),0.00,0
Freelancer (Win - 2003),4.62,327
Pinball 4000 (DOS - 1995),0.00,0
Need for Speed: High Stakes (Win - 1999),4.48,320
Street Legal (Win - 2002),4.08,13
"Flight Commander 2 (Win 3.x, Mac - 1994)",4.63,8
"X²: The Threat (Win, Mac, Linux - 2003)",5.00,2
Pinball (Intellivision - 1983),5.00,1
Comanche Gold (Win - 1998),4.88,8
"Jack Charlton's Match Fishing (C64, ZX Spectrum - 1985)",4.67,3
"Tornado (DOS, Amiga - 1993)",4.77,13
Lunar Command (DOS - 1993),4.63,8
Trail West (VIC-20 - 1981),4.00,1
Star Luster (Sharp X68000 - 1994),5.00,1
iM1A2 Abrams (Win - 1997),4.86,7
Sub Command: Akula Seawolf 688(I) (Win - 2001),0.00,0
"Biggles (C64, Amstrad CPC - 1986)",5.00,3
Star Wars: X-Wing (DOS - 1993),4.53,78
"Princess Maker 2 (DOS, 3DO, TurboGrafx CD - 1993)",4.71,17
F-16 Aggressor (Win - 1998),4.40,25
Capitalist Pig (Win 3.x - 1992),0.00,0
Frigate (DOS - 1988),4.75,4
Gravity Well (DOS - 1996),4.75,4
P-38 Lightning Tour of Duty (DOS - 1991),5.00,1
Mychess II (C64 - 1984),5.00,1
Werewolf (DOS - 1995),4.86,7
Microsoft Flight Simulator (Mac - 1986),3.50,4
The Last Dynasty (Win 3.x - 1995),4.00,2
Star Trek: Starfleet Command - Orion Pirates (Win - 2001),5.00,3
A-10 Cuba! (Mac - 1996),4.45,11
Arcade Pool II (Win - 1999),3.00,2
The Oregon Trail: 3rd Edition (Win - 1997),4.15,61
"First Over Germany (DOS, C64 - 1989)",5.00,5
"EarthSiege 2 (Win, Win 3.x - 1996)",4.39,33
Back to Baghdad (DOS - 1996),4.83,6
"Cougar Force (DOS, Amiga, Atari ST - 1990)",4.22,9
"Strike Force Harrier (C64, Amiga, Amstrad CPC, Atari ST, BBC Micro, Electron - 1986)",4.50,8
SimSafari (Win - 1998),4.37,46
"Combat Course (DOS, C64, Amiga, Amstrad CPC, Atari ST - 1989)",4.25,4
Battleship Bismarck (DOS - 1987),5.00,3
Armored Fist 2 (DOS - 1997),4.44,9
StarCalibur (Win - 2003),0.00,0
Auto Crusher Palladium (TurboGrafx CD - 1994),0.00,0
Caesars Palace (Mac - 1992),3.67,3
"Storm Master (DOS, Amiga, Atari ST - 1992)",4.56,9
Babylon 5: Into the Fire (Win - 2000),5.00,4
Twin Tornado (C64 - 1987),4.00,1
Silent Hunter: Commander's Edition (DOS - 1997),4.78,9
Blackjack (DOS - 1984),0.00,0
B-17 Flying Fortress: The Mighty 8th! (Win - 2000),4.00,4
The F.A. Premier League Football Manager 2001 (Win - 2000),4.35,26
Virtual Surgeon: Open Heart (Win 3.x - 1997),5.00,1
Perry Rhodan: Operation Eastside (Win - 1998),4.83,12
Now You See It (DOS - 1990),5.00,14
Fast Food Tycoon 2 (Win - 2000),4.80,10
Rabo Home Design 3D (DOS - 1995),0.00,0
Boswain (C64 - 1984),0.00,0
"Team Suzuki (DOS, Amiga, Atari ST - 1991)",4.50,14
"Gangland (Win, Mac - 2004)",4.60,10
Star Wars: X-Wing Alliance (Win - 1999),4.00,4
Emergency Room 2 (Win - 1999),1.00,1
Cash (Amiga - 1991),5.00,2
"Computer Football Strategy (C64, Atari 8-bit - 1983)",0.00,0
"Defcon 5 (DOS, C64, Amiga - 1987)",3.67,3
"Tonka Search & Rescue (Win 3.x, Mac - 1997)",4.73,11
18 Wheels of Steel: Across America (Win - 2003),4.24,21
"Software Star (C64, Amstrad CPC - 1985)",4.00,1
Super Toni (Win 3.x - 1997),0.00,0
"Ace of Aces (DOS, C64, Master System, MSX, Amstrad CPC, Atari 8-bit - 1987)",4.42,20
"Front Page Sports: Baseball Pro '96 Season (Win, Win 3.x - 1996)",4.75,4
Hunting Unlimited 3 (Win - 2004),0.00,0
Casino Inc. (Win - 2002),4.33,6
Card Players Paradise (DOS - 1995),0.00,0
Lionsoft fodbold manager (DOS - 1995),5.00,3
Homeplanet: Gold (Win - 2005),5.00,1
Digital League Baseball (DOS - 1987),0.00,0
Premier Manager 2004-2005 (Win - 2004),0.00,0
"Grand Prix Circuit (DOS, Mac, C64, Amiga, Amstrad CPC, Apple IIgs - 1988)",4.62,78
Banzai Bug (Win - 1996),4.50,4
"Soccer Pinball (C64, Amiga, Amstrad CPC - 1992)",3.67,3
Battleground 4: Shiloh (Win - 1996),0.00,0
Hospital Tycoon (Win - 2007),3.50,8
SimAnt (Sharp X68000 - 1993),4.50,2
First Expedition (DOS - 1988),4.50,2
JFK Reloaded (Win - 2004),4.28,117
Battlecruiser Millennium (Win - 2001),4.33,12
Matchbox Caterpillar: Adventures in Time (Win - 2000),0.00,0
"Hockey League Simulator (DOS, Amiga - 1990)",4.84,6
Panzers East! (C64 - 1984),2.33,3
Coronel Indoor Kartracing (Win - 2003),0.00,0
Rose Knight (DOS - 1996),5.00,2
Wild Turkey Hunt (Win - 1998),3.50,2
NFL Head Coach (Win - 2006),5.00,3
Wilson ProStaff Golf (DOS - 1993),5.00,2
Lots -o- $lot$ (DOS - 1991),1.00,1
Descent: Anniversary Edition (DOS - 1996),0.00,0
Combat Mission II: Barbarossa to Berlin (Win - 2002),1.00,1
Fighter Ace 3.5 (Win - 2002),0.00,0
"Monte Carlo Casino (C64, Amstrad CPC - 1989)",5.00,2
Monster Truck Madness 2 (Win - 1998),4.75,107
"Dino Land (Genesis, Sharp X68000 - 1991)",5.00,1
"U.S.S. John Young (DOS, C64 - 1990)",4.29,7
Hillsea Lido (Amiga - 1995),4.17,6
"Skyworker (DOS, Amiga - 1994)",5.00,1
"50 Mission Crush (DOS, C64, Atari 8-bit, Apple II - 1986)",3.40,17
"Panzer Grenadier (C64, Atari 8-bit, Apple II - 1985)",3.00,1
"Andy Capp (C64, Amstrad CPC - 1987)",5.00,4
Nakajima Satoru Kanshū F-1 Grand Prix (Genesis - 1991),0.00,0
"Eishockey Manager (DOS, Amiga - 1993)",4.31,51
School Tycoon (Win - 2003),4.20,46
Pinball 2000 (DOS - 1995),4.50,10
Fox Sports Golf '99 (Win - 1998),0.00,0
"Grand Prix 500 2 (DOS, Amiga, Amstrad CPC, Atari ST - 1991)",4.67,3
Monte Carlo (Apple IIgs - 1987),0.00,0
"F-16 Combat Pilot (DOS, C64, Amiga, Amstrad CPC, Atari ST - 1989)",4.67,48
Bobby Fischer Teaches Chess (DOS - 1994),4.75,8
Drum Blaster (DOS - 1992),3.50,4
"Megafortress (DOS, Amiga - 1991)",4.75,12
Paul Whitehead Teaches Chess (C64 - 1985),0.00,0
Comanche CD (Mac - 1995),5.00,5
"Stellar 7 (DOS, Mac, Amiga - 1990)",4.80,30
"SimAnt (DOS, Win 3.x, Amiga - 1991)",4.45,720
"Airborne Ranger (DOS, C64, Amiga, Amstrad CPC, Atari ST - 1988)",4.54,46
EGA Trek (DOS - 1988),4.59,17
"Murder Club (DOS, PC-88, Sharp X68000, TurboGrafx CD - 1989)",4.00,19
Final Stretch: Horse Racing Sim (Win - 2003),0.00,0
nvChess (Win - 2001),0.00,0
"Gunboat (DOS, Amiga, ZX Spectrum, Amstrad CPC - 1990)",4.35,34
"Big Game Fishing (DOS, C64, Amiga - 1991)",4.38,21
