Title,Average Rating,Number of Ratings
"The Rubicon Alliance (C64, Amstrad CPC - 1987)",4.00,1
"Battlezone (DOS, C64, Atari 8-bit, VIC-20 - 1983)",4.32,32
Age of Sail (Win - 1996),5.00,2
Official Formula One Racing (Win - 1999),4.42,21
Mercedes-Benz Truck Racing (Win - 2000),4.67,6
Armour-Geddon 2: Codename Hellfire (Amiga - 1994),4.75,4
"Professional Ski Simulator (C64, Amiga, Amstrad CPC - 1989)",4.50,2
"SimTower: The Vertical Empire (Mac, Win 3.x, 3DO - 1994)",4.41,54
Nomad (DOS - 1993),4.33,18
"Premier Manager 2 (DOS, Amiga, Atari ST - 1993)",4.27,45
"Submarine Commander (Atari 8-bit, VIC-20 - 1982)",4.00,2
Chernobyl: Nuclear Power Plant Simulation (C64 - 1987),4.18,11
"Battles in Normandy (C64, Apple II - 1987)",3.60,5
Airline Tycoon Evolution (Win - 2002),4.40,10
European Air War (Win - 1998),4.72,37
Jumbo Jet Pilot (Atari 8-bit - 1982),4.00,1
Rock and Bach Studio (DOS - 1993),4.00,2
B-17 Bomber (Intellivision - 1982),0.00,0
"Kennedy Approach (C64, Amiga, Atari 8-bit, Atari ST - 1985)",4.64,11
"Computer Ambush (C64, Atari 8-bit, Apple II - 1985)",4.25,4
Der Produzent: Die Welt des Films (Amiga - 1996),0.00,0
The Movies (Win - 2005),4.45,255
Virtual Surgeon: Open Heart (Win 3.x - 1997),5.00,1
"Grand Prix Circuit (DOS, Mac, C64, Amiga, Amstrad CPC, Apple IIgs - 1988)",4.61,72
Super Nudge 2000 (Amstrad CPC - 1989),0.00,0
"Chuck Yeager's Advanced Flight Trainer 2.0 (DOS, Amiga, Atari ST - 1989)",4.85,13
A320 Airbus Vol. 2 (Amiga - 1995),5.00,4
Malkari (Win - 1999),0.00,0
"Amazon Trail: 3rd Edition (Win, Mac - 1998)",4.19,58
Premier Manager 2005-2006 (Win - 2005),0.00,0
Jurassic Park: Operation Genesis (Win - 2003),4.40,230
"European 5-A-Side (C64, Amstrad CPC - 1988)",0.00,0
"On the Ball: World Cup Edition (DOS, Amiga - 1993)",4.34,15
"Waterloo (DOS, Amiga - 1989)",4.07,14
The 3rd Millennium (Win - 1997),0.00,0
"Ice & Fire (Win, Mac - 1995)",4.00,3
NASCAR 2000 (Win - 2000),4.40,5
Animal Paradise (Win - 2002),4.18,11
Red Baron 3-D (Win - 1998),4.80,5
Championship Manager: Season 01/02 (Win - 2001),4.37,62
"F.A. Cup Football (C64, Amstrad CPC - 1986)",5.00,3
"Action Stations! (DOS, Amiga - 1990)",4.62,13
Mall Tycoon 3 (Win - 2005),4.33,21
Fathom's 40 (PC-88 - 1984),3.00,2
Tony La Russa Baseball II (DOS - 1993),4.33,3
The Bitter End (Mac - 1999),0.00,0
RollerCoaster Mania 2 (Win - 2006),5.00,1
"Super Huey II (DOS, C64 - 1988)",3.91,11
Ford Simulator 6 (DOS - 1994),4.50,4
Super Toni (Win 3.x - 1997),0.00,0
Pol-Gol! (DOS - 1996),0.00,0
Space Bucks (Win 3.x - 1996),4.40,5
The Scottish Open: Virtual Golf (DOS - 1995),3.36,14
World Trophy Soccer (Genesis - 1992),4.50,6
"A320 Airbus: Edition USA (DOS, Amiga, Atari ST - 1993)",4.14,7
Amarillo Slim Dealer's Choice (DOS - 1991),3.20,5
"The Amazon Trail (DOS, Win, Mac - 1993)",4.17,156
Video Trek 88 (DOS - 1982),4.25,4
C.E.O. (DOS - 1995),4.48,23
Aces of the Pacific (DOS - 1992),4.52,42
"Strike Fleet (DOS, C64, Amiga, Atari ST, Apple II - 1989)",4.70,23
"Conflict in Vietnam (DOS, C64, Atari 8-bit, Apple II - 1986)",4.32,22
Nakajima Satoru Kanshū F-1 Grand Prix (Genesis - 1991),0.00,0
"Castles (DOS, Amiga, Atari ST - 1991)",4.47,43
Dark Universe (DOS - 1995),5.00,2
Front Page Sports: Baseball Pro '96 Season (Win - 1996),5.00,2
"Geopolitique 1990 (C64, Apple II - 1984)",5.00,9
Sub Hunt (Intellivision - 1981),0.00,0
Front Page Sports: Football (DOS - 1992),4.50,6
Werewolf (DOS - 1995),4.86,7
Poko Memorial: 18 Hole Miniature Golf (DOS - 1987),3.00,2
G-Netix (Mac - 1993),5.00,3
Digital Warriors (DOS - 1995),5.00,1
Midway: The Battle that Doomed Japan (DOS - 1989),5.00,3
SLOT-8 (DOS - 1991),0.00,0
Avery Cardoza's 500 Slots & Video Poker (Win - 2001),0.00,0
Flying Nightmares (Mac - 1994),3.67,3
Ultrabots (DOS - 1993),4.70,30
Silent Hunter II (Win - 2001),5.00,3
"Das Boot: German U-Boat Simulation (DOS, Amiga - 1990)",4.23,26
Sandwarriors (DOS - 1997),5.00,2
COALA (Amiga - 1995),5.00,1
Wrestle Angels: Double Impact (TurboGrafx CD - 1995),0.00,0
Age of Sail II (Win - 2001),4.82,11
Trump Castle II (DOS - 1991),3.40,5
"Bravo Romeo Delta (DOS, Amiga - 1993)",4.63,19
"Falcon (DOS, Mac, Amiga, Atari ST - 1987)",4.24,17
"Galactic Empire (DOS, Amiga, Atari ST - 1990)",3.92,12
"FireFly Studios' Stronghold (Win, Mac - 2001)",4.11,9
"Space M+A+X (DOS, Amiga - 1992)",4.60,5
F/A-18 Interceptor (Amiga - 1988),5.00,6
"MicroLeague Baseball II (DOS, Mac - 1989)",3.50,6
Real Pinball (3DO - 1994),5.00,2
Freedom! (Apple II - 1992),3.64,12
Black Monday (DOS - 1987),3.83,6
"Abrams Battle Tank (DOS, Genesis - 1989)",4.18,48
Burnout: Championship Drag Racing - Player's Choice Edition (Win - 1998),5.00,3
"TT Racer (ZX Spectrum, Amstrad CPC - 1986)",5.00,2
Combat Mission 3: Afrika Korps (Win - 2003),4.00,1
Flight Simulator with Torpedo Attack (PC-88 - 1988),5.00,1
Pyramid Magic II (Genesis - 1991),5.00,1
"Spitfire '40 (C64, Amstrad CPC, Atari 8-bit, BBC Micro, Electron - 1985)",4.33,3
1830: Railroads & Robber Barons (DOS - 1995),4.60,56
"Tom Clancy's The Cardinal of the Kremlin (DOS, Amiga - 1990)",4.25,12
Star Trek: Starfleet Academy - Starship Bridge Simulator (SEGA 32X - 1995),4.00,1
Mall of America Tycoon (Win - 2005),3.36,11
Xpand Rally Xtreme (Win - 2006),4.00,4
Stunt Island (DOS - 1992),4.69,26
500cc Motomanager (C64 - 1991),5.00,6
Go Simulator (DOS - 1992),4.30,45
Inva-taxi (DOS - 1994),0.00,0
F/A-18 Hornet (Mac - 1993),5.00,9
"MiG-29 Fulcrum (DOS, Amiga, Atari ST, Acorn 32-bit - 1991)",4.38,16
Wildlife Park (Win - 2003),4.33,6
Great Naval Battles: North Atlantic 1939-43 (DOS - 1992),4.44,36
Bandit (DOS - 1986),2.67,3
Flight Commander (Mac - 1993),5.00,5
Elite Darts (Mac - 1999),1.00,1
Supreme Ruler 2010 (Win - 2005),3.00,1
"StarGlider (DOS, C64, Amiga, Amstrad CPC, Atari ST, Apple II - 1987)",4.73,15
"Tsushima (C64, Apple II - 1985)",4.00,1
Tracksuit Manager 2: Season '96-'97 (Amiga - 1996),0.00,0
Evolution: The Game of Intelligent Life (Win - 1997),4.37,46
All-American College Football (DOS - 1991),3.64,11
Navy Strike (DOS - 1995),4.48,23
Wall Street (Atari ST - 1988),5.00,2
Gone Fishin' (DOS - 1994),4.44,9
"Vroom (DOS, Atari ST - 1994)",5.00,7
Begin: A Tactical Starship Simulation (DOS - 1989),4.50,6
"Reach for the Skies (DOS, Amiga, Atari ST - 1993)",4.25,8
Space Trader (Win - 2007),4.50,2
Defcon 1 (DOS - 1992),4.17,6
Burnout: Championship Drag Racing (DOS - 1998),4.67,3
"Star Crusader (DOS, Amiga - 1994)",4.40,5
Deer Hunter 2004 (Win - 2003),3.67,3
"Ascii Sector (DOS, Win, Mac, Linux - 2007)",5.00,2
Richard Burns Rally (Win - 2004),4.39,51
Close Combat III: The Russian Front (Win - 1999),4.77,22
Backpacker 2 (Win - 1997),4.40,10
Player of the Year (DOS - 1996),5.00,1
Star Trek: The Next Generation (Game Gear - 1994),5.00,1
NASCAR Racing 3 (Win - 1999),4.38,24
"Yuppi's Revenge (DOS, C64, Amiga, Atari ST - 1988)",5.00,5
Pinna ピナ DESKTOP LIFE (Win - 1999),0.00,0
"Achtung Spitfire (Win, Mac - 1997)",4.59,16
"Privateer 2: The Darkening (DOS, Win - 1996)",5.00,2
Wilson ProStaff Golf (DOS - 1993),5.00,2
Elite Plus (DOS - 1991),4.76,25
Pinball Prelude (Amiga - 1995),0.00,0
Universal Combat (Win - 2004),4.89,9
F1 Racing Simulation (Win - 1997),4.75,12
On the Trail of the Whitetail (Win - 1999),0.00,0
"Conflict: Europe (DOS, Amiga, Atari ST - 1989)",5.00,6
Silent Hunter (DOS - 1996),4.36,125
American Conquest (Win - 2002),3.44,9
Mall Tycoon 2 (Win - 2003),4.23,14
Sea Fisherman (Atari ST - 1989),0.00,0
JetFighter: The Adventure (DOS - 1988),4.69,17
DOKA Pinball (DOS - 1996),0.00,0
"OldSkoolGravityGame (Win, Linux - 2009)",3.00,1
"Warhead (Amiga, Atari ST - 1990)",5.00,2
"Detroit (DOS, Amiga - 1994)",4.28,36
Bundesliga Live (C64 - 1985),0.00,0
"Final Assault (DOS, C64, Amiga, Amstrad CPC, Atari ST, Apple IIgs - 1988)",3.22,14
"500 cc Grand Prix (DOS, C64, Amstrad CPC, Atari ST - 1987)",5.00,1
F/A-18 Korea (Win - 1997),4.80,10
Royal Flush (DOS - 1994),5.00,5
Tanjō: Debut (TurboGrafx CD - 1994),0.00,0
"StarFlight (DOS, Mac, Genesis, C64, Amiga, Atari ST - 1986)",4.64,50
Executive Suite (DOS - 1982),4.54,30
CoreWar (DOS - 1984),3.50,6
"Tour 91 (DOS, Amstrad CPC - 1991)",4.80,5
Baron: The Real Estate Simulation (DOS - 1983),4.00,1
Heavy Gear (Win - 1997),4.42,12
Republic: The Revolution (Win - 2003),4.18,11
F-22 Lightning 3 (Win - 1999),4.56,27
Galactic Encounters (DOS - 1982),4.33,3
Age of Sail II: Privateer's Bounty (Win - 2001),3.80,5
"Arcade Pool (DOS, Amiga - 1994)",3.44,27
"North Atlantic Convoy Raider (C64, Apple II - 1983)",3.67,3
"Albatross (MSX, PC-88 - 1986)",0.00,0
"Capitalism (DOS, Mac - 1995)",4.42,59
"Destroyer (DOS, C64, Amiga, Apple II, Apple IIgs - 1987)",4.29,7
Starball (DOS - 1996),5.00,2
NFL Quarterback Club 96 (Game Gear - 1995),0.00,0
Wolf (DOS - 1994),4.59,154
Starlord (DOS - 1987),3.50,4
A Line in The Sand (DOS - 1992),4.32,19
Budget Baseball (DOS - 1990),0.00,0
Airport Tycoon (Win - 2000),4.60,45
"B-1 Nuclear Bomber (DOS, C64, Atari 8-bit, Apple II, VIC-20 - 1983)",4.43,30
"Star Raiders (Atari 8-bit, Atari ST - 1979)",4.50,4
M1 Tank Platoon II (Win - 1998),4.52,50
Armored Fist 2 (DOS - 1997),4.86,7
Perry Rhodan: Operation Eastside (Win - 1998),4.82,11
"Guderian (C64, Atari 8-bit, Apple II - 1987)",5.00,1
"MiG-29M Super Fulcrum (DOS, Amiga, Atari ST - 1991)",4.88,8
Wild Turkey Hunt (Win - 1998),0.00,0
RBI Baseball '95 (SEGA 32X - 1995),5.00,1
Koolah (DOS - 1991),1.00,1
"Operation Europe: Path to Victory 1939-45 (DOS, Genesis, PC-88, Sharp X68000 - 1994)",4.58,26
Sid Meier's SimGolf (Win - 2002),4.30,56
Comanche CD (Mac - 1995),5.00,4
Aerobiz Supersonic (Genesis - 1994),5.00,8
"Stellar 7 (DOS, Mac, Amiga - 1990)",4.80,30
Moon Tycoon (Win - 2001),4.75,4
Hegemonia: The Solon Heritage (Win - 2003),5.00,1
Airport Tycoon 2 (Win - 2003),4.75,13
Mother - a Computer Hacking Simulation (Win - 2010),0.00,0
Stellar 7: Draxon's Revenge (3DO - 1993),3.00,1
Jane's Combat Simulations: F/A-18 Simulator (Win - 2000),4.35,31
SimAnt (Sharp X68000 - 1993),4.00,1
Jones in the Fast Lane: CD-ROM (DOS - 1992),4.36,42
Defiance (Win - 1997),4.33,3
Lucky's Casino Adventure (DOS - 1993),4.88,8
Crystal Pixels (DOS - 1997),5.00,1
"Epic (DOS, Amiga, Atari ST - 1992)",4.35,17
Chris Sawyer's Locomotion (Win - 2004),4.75,4
Desert (DOS - 1982),1.00,1
Lander (Win - 1999),4.33,3
Protostar: War on the Frontier (DOS - 1993),4.63,27
Tommy's ATC (DOS - 1986),0.00,0
Virtual Snooker (DOS - 1996),5.00,2
Computer Air Combat (Apple II - 1980),4.00,1
Freight Tycoon Inc. (Win - 2006),4.86,7
"Skyworker (DOS, Amiga - 1994)",5.00,1
"Afterlife (DOS, Mac - 1996)",4.00,15
Car Builder (DOS - 1982),4.21,75
18 Wheels of Steel: Convoy (Win - 2005),4.42,19
RAM! (DOS - 1985),3.00,2
"AH-3: ThunderStrike (DOS, SEGA CD - 1993)",4.75,4
Tamper (DOS - 1993),3.46,11
Fair Strike (Win - 2003),0.00,0
"1869 (DOS, Amiga - 1992)",4.44,64
NASCAR Racing 2 (DOS - 1996),4.40,31
"Vegas Gambler (DOS, C64, Amiga, Atari ST, Apple IIgs - 1987)",2.50,4
"Harrier Strike Mission (Mac, Atari ST - 1985)",5.00,3
Football World Manager (Win - 1998),0.00,0
F1 2000 (Win - 2000),4.23,22
"Strike Aces (DOS, C64, Amiga, Amstrad CPC - 1989)",4.50,10
BridgePal (DOS - 1989),0.00,0
"Shuttle: The Space Flight Simulator (DOS, Amiga, Atari ST - 1992)",4.59,46
"Flight Unlimited (DOS, Mac - 1995)",5.00,11
"Navcom 6: The Persian Gulf Defense (DOS, C64 - 1988)",4.00,5
Void Pirates (Win - 1995),0.00,0
King's Table: The Legend of Ragnarok (DOS - 1993),4.18,11
"Chuck Yeager's Advanced Flight Simulator (DOS, Mac, C64, Amstrad CPC, Apple II - 1987)",3.81,16
"Balance of Power: The 1990 Edition (Mac, Win 3.x, Amiga, Atari ST, Apple IIgs - 1988)",4.25,77
Parkan: The Imperial Chronicles (Win - 1997),5.00,2
Michelin Rally Masters: Race of Champions (Win - 2000),4.64,26
The Soccer Game (DOS - 1989),4.80,5
Total Pinball 25 (Win - 2002),0.00,0
"Ralph Bosson's High Seas (DOS, C64 - 1988)",3.67,3
"War in the Gulf (DOS, Amiga - 1993)",4.60,10
"Championship Manager (DOS, Amiga, Atari ST - 1992)",4.43,23
Pole (DOS - 1992),3.67,3
"Silent Thunder: A-10 Tank Killer II (Win, Win 3.x - 1996)",4.81,26
Emergency Rescue: Firefighters (Win - 2000),0.00,0
Jump Jet (DOS - 1992),4.44,36
SeaWorld Adventure Parks Tycoon (Win - 2003),4.49,35
Grand Prix 4 (Win - 2002),4.35,53
"Loony Labyrinth (Win, Mac - 1995)",5.00,2
Bodyworks Voyager: Missions in Anatomy (DOS - 1994),4.67,9
Merlin Challenge (DOS - 1993),4.57,7
Nakksigwang 2 (DOS - 1995),0.00,0
PC Basket 3.0 (DOS - 1995),4.80,5
"Mercenary III: The Dion Crisis (Amiga, Atari ST - 1991)",5.00,4
Slot (DOS - 1983),1.00,1
"SimLife (DOS, Win 3.x - 1992)",4.47,66
Ski Resort Tycoon (Win - 2000),4.47,15
Combat Simulator: Battle Gorilla (PC-88 - 1988),5.00,1
"Arcticfox (DOS, C64, Amiga, Amstrad CPC, Atari ST, Apple II, PC-98 - 1987)",4.29,24
"Tropico 2: Pirate Cove (Win, Mac - 2003)",4.75,4
Super Wing Commander (3DO - 1994),4.00,1
Cash (Amiga - 1991),5.00,2
"Red Storm Rising (DOS, C64, Amiga, Atari ST - 1989)",4.65,58
Airliner (C64 - 1984),3.50,2
"Command H.Q. (DOS, Mac - 1990)",4.63,24
"MicroLeague Action Sports Soccer (DOS, C64, Amiga, Amstrad CPC, Atari ST, Acorn 32-bit - 1992)",4.33,6
The Ford Simulator (DOS - 1987),4.38,13
Micro Bucks II (DOS - 1993),0.00,0
Operation Apocalypse (Apple II - 1981),4.50,2
R.B.I. Baseball '93 (Genesis - 1993),0.00,0
"737 Flight Simulator (MSX, BBC Micro - 1984)",4.60,5
F1 Manager Professional (DOS - 1997),5.00,4
"Hattrick! (DOS, Amiga - 1995)",5.00,2
The Cockpit (Sharp X68000 - 1988),0.00,0
"Odell Down Under (Mac, Win 3.x - 1994)",4.37,46
Premier Manager (Win - 2003),0.00,0
Total Air War (Win - 1998),4.53,19
Firestorm: The Forest Fire Simulation Program (DOS - 1995),5.00,3
Rescue Raiders (Apple II - 1984),4.75,12
"Fun House (DOS, C64 - 1989)",5.00,16
"PT-109 (DOS, Mac - 1988)",4.53,15
Star Trek 64 (C64 - 1983),5.00,2
Canton: An Atlas Pathfinder Adventure (DOS - 1994),3.80,5
"IFR (C64, VIC-20 - 1983)",5.00,1
Skateboard Park Tycoon (Win - 2001),4.71,7
Hockey League Simulator II (DOS - 1992),3.80,10
Forced Alliance: The Glarious Mandate (Win - 1997),4.00,1
Master Rallye (Win - 2001),4.75,28
"Tonka Search & Rescue (Mac, Win 3.x - 1997)",5.00,3
Barbie Beauty Boutique (Win - 2003),4.00,2
Star Wars: Starfighter (Win - 2002),1.00,1
Dawgfight (DOS - 1992),4.17,6
"Gone Fishing (DOS, Amiga - 1989)",5.00,2
Trek73 (DOS - 1985),5.00,1
Deer Hunter Screen Saver (Win - 1998),0.00,0
Wing Commander: Armada (DOS - 1994),4.35,20
The F.A. Premier League Manager 2002 (Win - 2001),4.80,5
"Battlehawks 1942 (DOS, Amiga, Atari ST - 1988)",4.38,16
"Bundesliga Manager (DOS, C64, Amiga, Atari ST - 1990)",4.33,9
Flamingo Tours (Amiga - 1994),5.00,1
Transport Tycoon (DOS - 1994),4.81,47
Rose Knight (DOS - 1996),5.00,2
Race the Nags (DOS - 1993),4.00,5
"Railroad Tycoon II (Win, Mac, Linux - 1998)",5.00,5
Farmer (BBC Micro - 1983),0.00,0
"Second Front: Germany Turns East (DOS, Amiga - 1990)",4.27,15
Comanche 2 (DOS - 1995),4.42,37
King of the Road (Win - 2001),4.35,273
Great Golf (Master System - 1987),0.00,0
Snap-on presents Gearhead Garage: The Virtual Mechanic (Win - 2000),4.42,62
"SimCity 3000 Unlimited (Win, Linux - 2000)",4.85,13
Silent Hunter: Commander's Edition (DOS - 1997),4.71,7
LMA Manager 2007 (Win - 2006),4.80,5
Bundesliga Manager Professional (Limited Edition) (DOS - 1992),4.40,10
NASCAR Legends (Win - 1999),4.83,6
Business Simulator (DOS - 1987),4.41,17
Red Ace (Win - 2000),5.00,1
CyberJudas (DOS - 1996),3.97,33
Chess 7.0 (C64 - 1983),5.00,1
The Las Vegas EGA Casino (Version 2.0) (DOS - 1991),0.00,0
International Rally Championship (Win - 1997),4.23,49
Press Your Luck (DOS - 1988),4.75,59
F22 Air Dominance Fighter (Win - 1997),4.68,29
"Carriers at War (DOS, Mac - 1992)",4.33,24
"Vette! (DOS, Mac - 1989)",4.70,20
Metal Angel 2 (TurboGrafx CD - 1995),0.00,0
Rugby Manager (C64 - 1989),5.00,2
3D Seiddab Attack (ZX Spectrum - 1984),4.50,2
Bikkuriman Daijikai (TurboGrafx CD - 1988),0.00,0
Ski Resort Tycoon: Deep Powder (Win - 2004),4.27,22
Tycoon: The Commodity Market Simulation (DOS - 1983),5.00,1
Galleons (DOS - 1993),0.00,0
SkateBoard Park Tycoon: World Tour 2003 (Win - 2002),4.00,6
SimCopter (Win - 1996),4.58,57
Formula 1 3D: F.1 Manager II (C64 - 1991),4.40,5
747-400 Precision Simulator (DOS - 2000),4.36,11
"Harpoon Classic (DOS, Mac - 1994)",4.50,30
LEGO Loco (Win - 1998),4.51,117
"Wing Commander IV: The Price of Freedom (DOS, Win, Mac - 1996)",5.00,2
"747 (C64, BBC Micro - 1985)",5.00,5
Keno (DOS - 1989),3.00,1
"Bundesliga Manager Professional (DOS, Amiga, Atari ST - 1991)",4.17,36
Big Rigs: Over the Road Racing (Win - 2003),3.99,339
Lightspeed (DOS - 1990),4.18,16
Bass Class (DOS - 1992),4.67,3
Fallen Heaven: Liberation Day (Win - 1998),5.00,2
The Soccer Game II (DOS - 1990),3.40,5
"Fruit Machine Simulator (C64, Amstrad CPC, BBC Micro, Electron - 1987)",4.00,2
Chuck Yeager's Air Combat (DOS - 1991),4.58,59
RollerCoaster Tycoon (Win - 1999),4.46,13
Search and Destroy (DOS - 1988),4.00,4
Civil War (DOS - 1983),4.33,3
School Tycoon (Win - 2003),4.10,39
"NFL Pro League Football (DOS, Mac - 1989)",5.00,3
Battleship (DOS - 1998),5.00,1
"Kaiser (DOS, Atari ST - 1992)",5.00,1
Battlecruiser Millennium (Win - 2001),4.33,12
Auto Crusher Palladium (TurboGrafx CD - 1994),0.00,0
Phoenix Fire (DOS - 1993),1.00,1
"Ringside Seat (C64, Apple II - 1983)",4.00,1
"Night Mission Pinball (DOS, C64, Atari 8-bit - 1983)",4.13,15
Port Royale 2 (Win - 2004),4.67,3
Wing Commander: The Secret Missions 2 - Crusade (DOS - 1991),4.59,17
"Yes Prime Minister: The Computer Game (DOS, C64, ZX Spectrum, Amstrad CPC, BBC Micro - 1988)",3.92,13
3D Hunting: Trophy Whitetail (Win - 1998),3.00,2
NFL Quarterback Club (SEGA 32X - 1995),0.00,0
"Operation: Frog (DOS, C64, Apple II - 1992)",5.00,6
Armored Fist (DOS - 1994),4.37,24
Hunter's Law (DOS - 1992),2.88,8
"International Rugby Challenge (DOS, Amiga - 1993)",0.00,0
Pinball Master (Win - 2003),0.00,0
Casino Tournament of Champions (DOS - 1995),0.00,0
"Budokan: The Martial Spirit (DOS, Genesis, C64, Amiga, Amstrad CPC - 1989)",4.85,47
Close Combat: The Battle of the Bulge (Win - 1999),4.80,15
"Jonah Barrington's Squash (C64, Amstrad CPC - 1985)",4.50,2
Age of Pirates 2: City of Abandoned Ships (Win - 2009),4.00,1
"In the Chips (C64, VIC-20 - 1984)",4.50,2
World Football 98 (Win - 1998),4.14,7
"Colossus Chess 4 (C64, Amstrad CPC, Atari 8-bit, BBC Micro - 1985)",4.50,4
Hard Truck: 18 Wheels of Steel (Win - 2002),5.00,2
"D-Day: The Beginning of the End (DOS, Amiga - 1994)",4.58,12
"Soccer Team Manager (DOS, Amiga - 1994)",1.00,1
The Oregon Trail 1.2 for Windows (Win - 1995),4.40,270
Air Traffic Control (DOS - 1988),3.50,2
"Moonbase (DOS, Mac, Amiga - 1990)",4.45,18
Jimmy White's Cueball World (Win - 2001),5.00,1
Shadow President (DOS - 1993),4.35,103
Viva Piñata (Win - 2007),4.67,3
Microsoft Flight Simulator (v1.0) (DOS - 1982),3.79,26
Survival: The Ultimate Challenge (Win - 2001),0.00,0
Controller (Atari 8-bit - 1982),4.00,2
Alpha Storm (DOS - 1997),4.42,12
"U.S.A.A.F. - United States Army Air Force (Atari 8-bit, Apple II - 1986)",3.67,3
Mob Rule (Win - 1999),4.44,16
Hellcats Over the Pacific (Mac - 1991),5.00,9
Fruit Machine (Amiga - 1990),5.00,1
"Battlefront (C64, Apple II - 1986)",4.00,2
Conaga (DOS - 1989),5.00,1
"Nigel Mansell's World Championship Racing (DOS, Genesis, Amiga, Amstrad CPC, Atari ST - 1993)",4.14,14
"Draw Poker (DOS, C64, Atari 8-bit - 1982)",4.00,1
Barracuda: Secret Mission 1 (DOS - 1992),3.00,2
"Silent Service (DOS, C64, Amiga, Amstrad CPC, Atari 8-bit, Atari ST, Apple II, Apple IIgs - 1985)",4.69,39
Back to Baghdad (DOS - 1996),4.83,6
Rebel Trucker: Cajun Blood Money (Win - 2003),5.00,1
Pinball World (DOS - 1995),3.55,11
Star Luster (Sharp X68000 - 1994),5.00,1
"Advanced Destroyer Simulator (DOS, Amiga, Amstrad CPC, Atari ST - 1990)",4.43,14
Tower (Win 3.x - 1995),0.00,0
Gunship (Genesis - 1993),0.00,0
Amarillo Slim 7 Card Stud (DOS - 1991),4.00,1
Disney's Cinderella's Dollhouse (Win - 2001),5.00,2
"Malta Storm (DOS, Amiga - 1989)",3.00,5
Monte Carlo Baccarat (DOS - 1991),5.00,2
Ping Pong (DOS - 1985),4.86,7
"Silent Service II (DOS, Amiga, Atari ST - 1990)",4.29,72
Line Rider 2: Unbound (Win - 2008),5.00,1
Babylon 5: Into the Fire (Win - 2000),5.00,3
"Revolution '76 (DOS, Apple IIgs - 1989)",4.00,12
Design Your Own Railroad (DOS - 1992),4.30,10
Wings (Amiga - 1990),4.77,26
Drug Wars: A Game Based on the New York Drug Market (DOS - 1984),3.90,10
MB Bingo (DOS - 1989),5.00,1
"MechWarrior 2: Mercenaries (DOS, Win - 1996)",4.49,74
"Combat Mission: Beyond Overlord (Win, Mac - 2000)",3.00,1
F1 World Grand Prix (Win - 1999),5.00,3
Hard Truck: Road to Victory (Win - 1998),4.61,28
Microchess (Apple II - 1978),5.00,5
Ski Stunt Simulator (Win - 2002),3.67,3
"New Horizons (DOS, Genesis, Sharp X68000 - 1995)",4.51,45
"Robinson's Requiem (DOS, Mac, Amiga, Atari ST - 1994)",4.54,29
"1000 Miglia (DOS, C64, Amiga - 1992)",4.12,32
Skychase (DOS - 1990),5.00,8
"Decisive Battles of the American Civil War, Volume One (DOS, C64 - 1990)",4.00,2
Flight Assignment: Airline Transport Pilot (DOS - 1990),4.45,20
Microsoft Combat Flight Simulator 3: Battle for Europe (Win - 2002),4.55,72
"Wetten Dass..? (C64, Amiga - 1991)",1.00,1
Val d'Isère Ski Park Manager: Edition 2003 (Win - 2003),4.58,12
Championship Manager 2: Including Season 96/97 Updates (DOS - 1996),4.47,15
Shogi Master (DOS - 1991),4.80,10
Steel Panthers II: Modern Battles (DOS - 1996),4.33,6
"Megafortress (DOS, Amiga - 1991)",4.75,12
MTV: Music Generator (Win - 2000),4.64,25
Lemonade (C64 - 1986),5.00,2
Virus-Farm (DOS - 1992),5.00,1
Pearl Harbour (DOS - 1988),5.00,1
Championship Manager 2: The Italian Leagues Season 96/97 (DOS - 1996),4.33,3
Backpacker (Win - 1995),4.33,3
Dino Island (Win - 2002),4.51,51
Marine Park Empire (Win - 2005),5.00,2
PGA Tour Golf III (Genesis - 1994),5.00,1
Sega GT (Win - 2000),4.78,9
"Air Duel: 80 Years of Dogfighting (DOS, Amiga - 1993)",4.53,39
Front Page Sports: Baseball '94 (DOS - 1994),4.43,7
SimIsle: Missions in the Rainforest (DOS - 1995),4.11,27
Club Football: The Manager (DOS - 1994),5.00,1
Grand National (Amiga - 1989),5.00,1
Veritech: Variable Fighter Simulator (DOS - 1994),3.80,5
Holiday Island (Win - 1996),4.68,25
Fly! (Win - 1999),5.00,3
E.S.S Mega (DOS - 1991),4.22,9
Titanic: The Recovery Mission (C64 - 1986),5.00,3
Druglord (DOS - 1991),3.85,13
Volvo: The Game (Win - 2009),4.50,2
"Echelon (DOS, C64, Amstrad CPC, Apple II - 1988)",4.54,11
Crazy Nick's Software Picks: Leisure Suit Larry's Casino (DOS - 1992),4.00,2
Wing Commander (C64 - 1984),4.50,2
"Hollywood Pictures (DOS, Amiga - 1995)",5.00,6
Creatures 3 (Win - 1999),4.39,23
A-10 Cuba! (Mac - 1996),4.45,11
Guadalcanal Campaign (Apple II - 1982),4.50,2
"The World's Greatest Baseball Game (DOS, C64, Apple II - 1985)",5.00,1
Perfect Partner Bridge (Win 3.x - 1995),0.00,0
"Armour-Geddon (DOS, Amiga, Atari ST - 1992)",4.71,14
Rainbow Six: Black Ops (Win - 2001),5.00,8
Valkyrie (Mac - 1993),5.00,2
"Capitalism Plus (DOS, Win - 1996)",5.00,6
Rosemary West's House of Fortunes (DOS - 1993),4.00,7
"Ashes of Empire (DOS, Amiga - 1993)",4.42,12
"Harpoon II (DOS, Mac - 1994)",4.26,34
"Halls of Montezuma: A Battle History of the United States Marine Corps (DOS, C64, Amiga - 1989)",4.42,12
"F-19 Stealth Fighter (DOS, C64, Amiga, Atari ST - 1988)",4.44,150
"Championship Golf: The Great Courses of the World - Volume One: Pebble Beach (DOS, Amiga - 1986)",4.00,2
Front Page Sports: Trophy Bass 2 (Win - 1996),4.00,5
The Las Vegas EGA Casino (DOS - 1987),2.67,3
"Search for The Titanic (DOS, C64 - 1989)",4.00,7
Comanche: Maximum Overkill (DOS - 1992),4.59,41
"X-Plane 5 (Win, Mac - 1999)",4.50,8
Artillery (DOS - 1982),4.00,1
"Eishockey Manager (DOS, Amiga - 1993)",4.42,47
Gravity Well (DOS - 1996),4.67,3
"HIND: The Russian Combat Helicopter Simulation (DOS, Mac - 1996)",4.00,5
"World Soccer (C64, Amiga, ZX Spectrum, Atari 8-bit - 1990)",0.00,0
Tom Clancy's Ghost Recon: Island Thunder (Win - 2002),5.00,1
Need for Speed: V-Rally 2 (Win - 2000),4.42,38
"Tracon II (DOS, Amiga - 1990)",4.31,26
Black Friday (DOS - 1983),3.00,3
"Gato (DOS, Mac, Atari 8-bit, Atari ST, Apple II - 1984)",4.40,30
Ferrari Grand Prix Challenge (Genesis - 1992),5.00,3
Baseball Mogul 2006 (Win - 2005),5.00,2
Now You See It (DOS - 1990),5.00,13
Wings over Europe: Cold War Gone Hot (Win - 2006),4.67,9
"Sid Meier's Covert Action (DOS, Amiga - 1990)",4.66,68
People Power: The Game of Civil Resistance (Win - 2010),0.00,0
Stealth Mission (C64 - 1988),4.60,5
"Starbyte Super Soccer (DOS, C64, Amiga, Atari ST - 1991)",4.00,7
"Steve Davis Snooker (C64, Amstrad CPC, Atari 8-bit, BBC Micro, Commodore 16, Electron - 1985)",0.00,0
"Steel Thunder (DOS, C64 - 1989)",4.58,24
"Oregon Trail II (Win, Mac, Win 3.x - 1995)",4.26,350
Asgard (Atari ST - 1989),5.00,1
"AV-8B Harrier Assault (DOS, Amiga, Atari ST - 1992)",4.34,26
Airline (DOS - 1991),5.00,3
Ante-Up at the Friday Night Poker Club (DOS - 1990),3.50,4
"Jet: Version 2.0 (DOS, C64 - 1987)",5.00,5
Trophy Hunter 2003 (Win - 2002),4.36,40
Warm Up! (Win - 2000),5.00,3
Premier Manager 2003-04 (Win - 2003),0.00,0
Jane's Combat Simulations: IAF - Israeli Air Force (Win - 1998),4.50,2
Conflict 2500 (Apple II - 1981),4.00,1
"First Over Germany (DOS, C64 - 1989)",5.00,5
"The Train: Escape to Normandy (DOS, C64, Amstrad CPC - 1988)",5.00,11
Deep Fighter (Win - 2000),4.40,5
"Days of Thunder (DOS, C64, Amiga, Atari ST - 1990)",4.00,9
Carnival Cruise Lines Tycoon 2005: Island Hopping (Win - 2004),3.71,21
Golden Logres (Win - 2003),0.00,0
"Railroad Tycoon 3 (Win, Mac - 2003)",5.00,4
Sport of Kings (DOS - 1991),4.00,7
"Motor City (DOS, Amiga - 1994)",4.59,31
Sim Theme Park (Win - 1999),4.56,66
"LinCity-NG (Linux, Win, Mac - 2009)",4.63,8
"Dizzy Dice (DOS, C64, Amiga, Amstrad CPC, Atari 8-bit, Commodore 16 - 1990)",3.67,3
Boswain (C64 - 1984),0.00,0
Chart Wars 3 (Win - 2004),3.44,16
Road Rash II (Genesis - 1992),4.79,14
Ultimate Civil War Battles: Robert E. Lee vs Ulysses S. Grant (Win - 2004),0.00,0
Prison Tycoon (Win - 2005),4.80,5
Jumbo (BBC Micro - 1982),0.00,0
Pachio-kun: Maboroshi no Densetsu (TurboGrafx CD - 1991),0.00,0
F/A-18 Hornet 3.0 (Win - 1997),4.44,16
Crystal Ball (DOS - 1988),3.00,2
IBM PC Blackjack (DOS - 1984),4.00,4
Computer Underground (DOS - 1993),4.60,5
Daikoukai Jidai IV: Porto Estado (Win - 1999),5.00,1
Truco (DOS - 1986),4.75,4
Entrepreneur (Win - 1997),4.71,7
rFactor (Win - 2005),4.33,3
Jane's Combat Simulations: F-15 (Win - 1998),4.77,26
Flight Unlimited III (Win - 1999),4.16,19
Marco Polo (DOS - 1995),4.40,10
Lots -o- $lot$ (DOS - 1991),1.00,1
FA Premier League 99 (Win - 1998),5.00,1
"Europe Ablaze (C64, Apple II - 1985)",5.00,3
Falcon Gold (DOS - 1994),0.00,0
Football World Manager 2000 (Win - 2000),5.00,1
"Southern Belle (C64, Amstrad CPC, BBC Micro, Electron - 1986)",5.00,2
MechWarrior 3 (Win - 1999),4.61,112
Three Mile Island (Apple II - 1979),4.29,7
Wing Commander: Secret Ops (Win - 1998),5.00,2
Rock Manager (Win - 2001),4.38,8
Bingo (C64 - 1984),5.00,1
Sabre Ace: Conflict Over Korea (Win - 1997),5.00,1
NASCAR: Revolution (Win - 1999),5.00,3
Star Trek: Bridge Commander (Win - 2002),4.47,109
Big Game Trophy Hunter (Win - 2002),0.00,0
Playmaker Football (DOS - 1991),4.50,2
Grand Prix Manager (Win - 1995),4.38,13
"Apache (DOS, Mac - 1995)",4.89,19
"EVE Online (Win, Mac, Linux - 2003)",5.00,1
"Treasure Hunt (C64, ZX Spectrum, BBC Micro, Electron - 1985)",4.00,1
Ocean Trader (DOS - 1995),4.63,30
Galleons of Glory: The Secret Voyage of Magellan (DOS - 1990),4.55,11
A Day At Work (Mac - 1999),3.43,7
Search & Rescue: Coastal Heroes (Win - 2002),0.00,0
Armored Fist 3 (Win - 1999),5.00,2
Combat Mission II: Barbarossa to Berlin (Win - 2002),0.00,0
"Old Time Baseball (DOS, Win - 1995)",4.50,2
Formel 1 - Manager (Atari ST - 1987),5.00,1
"Miramar, Jet Fighter Simulator (DOS - 1990)",4.75,5
"Life & Death (DOS, Mac, Amiga, Atari ST, Apple IIgs, Sharp X68000 - 1988)",4.48,52
"Park Patrol (C64, Amstrad CPC - 1984)",4.50,2
"Air Bucks (DOS, Amiga, Atari ST - 1992)",4.38,40
Night Mission Pinball (v3.0) (DOS - 1988),4.00,8
Oregon Trail Deluxe (DOS - 1992),4.20,1421
"Top Gun (DOS, C64, Amstrad CPC - 1987)",4.50,6
"Santa Paravia and Fiumaccio (DOS, C64, Amiga - 1989)",5.00,11
Twin Tornado (C64 - 1987),4.00,1
"Helicopter Mission (DOS, Amiga - 1994)",4.00,4
Ruckus Poker (DOS - 1993),0.00,0
Delivery Agent (Amiga - 1993),5.00,3
Caesars Palace (DOS - 1990),3.25,4
Vegas Bandit (DOS - 1994),0.00,0
Hardwar (Win - 1998),4.69,16
"Omni-Play Horse Racing (DOS, C64, Amiga, Amstrad CPC - 1989)",3.55,9
Jutland (DOS - 1993),4.33,3
Monster Truck Madness 2 (Win - 1998),4.74,102
StarCalibur (Win - 2003),0.00,0
Treble Champions (Amiga - 1990),5.00,1
Star Wars: X-Wing Alliance (Win - 1999),4.00,4
Damocles: Mercenary II (Amiga - 1990),5.00,3
"Psi 5 Trading Co. (DOS, C64, Amstrad CPC - 1986)",4.75,12
Lunar Landing (DOS - 1982),3.00,2
"Nukewar (C64, Apple II, VIC-20 - 1983)",4.50,12
"Gangland (Win, Mac - 2004)",4.50,8
"Great Naval Battles Vol. IV: Burning Steel, 1939-1942 (DOS - 1995)",4.41,27
Wing Commander: Privateer (DOS - 1993),4.62,55
Fruit Machine (Amstrad CPC - 1984),4.00,2
Bobby Fischer Teaches Chess (DOS - 1994),4.71,7
"The Oakflat Nuclear Power Plant Simulator (DOS, C64 - 1992)",4.63,8
"Total Immersion Racing (Win, Mac - 2002)",4.60,25
Casino Games (DOS - 1982),3.60,5
"Grand Prix 500 2 (DOS, Amiga, Amstrad CPC, Atari ST - 1991)",5.00,2
Trust and Betrayal: The Legacy of Siboot (Mac - 1987),4.00,2
Grand Prix Legends (Win - 1998),4.45,55
"Birds of Prey (DOS, Amiga - 1992)",4.29,17
Bridge Baron V (DOS - 1989),3.00,2
Microsoft Flight Simulator (v5.0) (DOS - 1993),4.40,64
Компьютерщик (Win - 1998),0.00,0
Star Trader (C64 - 1984),5.00,4
"IndyCar Racing II (DOS, Mac - 1996)",4.75,90
"Heathrow International Air Traffic Control (C64, Amstrad CPC, BBC Micro, Electron - 1984)",5.00,1
NFL Coaches Club Football (DOS - 1993),0.00,0
1869 (DOS - 1992),3.50,2
MTV's Beavis and Butt-Head: Wiener Takes All (Win - 1996),4.67,3
"SimEarth: The Living Planet (DOS, Amiga, Sharp X68000, TurboGrafx CD - 1990)",4.56,111
"Storm Master (DOS, Amiga, Atari ST - 1992)",4.50,8
"Creatures Village (Win, Mac - 2001)",3.00,2
FireFly Studios' Stronghold Crusader (Win - 2002),4.22,9
Take the A-Train IV (DOS - 1994),2.00,1
"Earth Orbit Stations (C64, Apple II - 1987)",4.69,16
The Greatest Paper Airplanes (Win - 1995),4.33,3
Banqi 聖手 (DOS - 1995),0.00,0
"PHM Pegasus (DOS, C64, Amstrad CPC, Apple II - 1988)",4.42,12
"A-10 Tank Killer (DOS, Amiga - 1989)",4.48,25
"Sub Battle Simulator (DOS, Mac, C64, Amiga, Atari ST, Apple IIgs - 1987)",4.39,18
B-17 Flying Fortress: The Mighty 8th! (Win - 2000),5.00,3
"Knights of the Sky (DOS, Amiga, Atari ST - 1990)",4.35,27
Air Traffic Controller (DOS - 1985),4.17,6
"Up Periscope! (DOS, C64 - 1988)",4.10,20
JSF (Win - 1997),4.64,11
Falcon A.T. (DOS - 1988),4.78,18
"Tornado (DOS, Amiga - 1993)",4.77,13
Echelon: Wind Warriors (Win - 2002),0.00,0
Fallen Haven: Liberation Day (Win - 1998),4.67,3
"Arcade Fruit Machine (DOS, C64, Amiga, Amstrad CPC, Atari 8-bit, Atari ST - 1992)",4.75,4
"Explorer (C64, Amstrad CPC - 1987)",5.00,1
Drum Blaster (DOS - 1992),3.33,3
Blackjack (DOS - 1984),5.00,1
Haunted Childhood (DOS - 2003),3.67,3
The F.A. Premier League Football Manager 2000 (Win - 1999),4.44,9
Lawn Mower (DOS - 1987),2.50,8
Mogul Maniac (Atari 8-bit - 1983),0.00,0
"Hill Street Blues (DOS, Amiga, Atari ST - 1991)",4.47,17
Hyperspeed (DOS - 1991),4.55,22
SSN-21 Seawolf (DOS - 1994),4.54,24
"Evening Star (C64, Amstrad CPC, BBC Micro - 1987)",5.00,1
"Red Baron (DOS, Mac, Amiga - 1990)",4.81,54
SimCoaster (Win - 2001),4.44,36
"War in Russia (Atari 8-bit, Apple II - 1984)",5.00,1
F-22 Raptor (Win - 1997),4.44,49
"Their Finest Hour: The Battle of Britain (DOS, Amiga, Atari ST - 1989)",4.63,31
"Tournament Snooker (Amstrad CPC, C64 - 1987)",5.00,1
"Formula 1 Simulator (C64, Amstrad CPC, Commodore 16 - 1986)",0.00,0
Star Rangers (DOS - 1995),4.08,13
Ultimate Trainz Collection (Win - 2002),4.90,10
Subhunt (DOS - 1997),5.00,1
GP 500 (Win - 1999),4.70,97
Emperor: Rise of the Middle Kingdom (Win - 2002),4.78,9
Front Page Sports: Football Pro (DOS - 1993),3.86,14
"Star Trek: Starfleet Academy (Win, Mac - 1997)",5.00,2
Echelon (Win - 2001),0.00,0
Gunship! (Win - 2000),5.00,1
Fighter Squadron: The Screamin' Demons over Europe (Win - 1999),5.00,1
Desperate Housewives: The Game (Win - 2006),4.05,21
Panzer Commander (Win - 1998),4.86,7
Silent Hunter III (Win - 2005),4.40,10
Millionaire: The Stock Market Simulation (Release 2) (DOS - 1987),4.00,7
Approach Trainer (Amiga - 1995),4.50,4
Crazy Nick's Software Picks: Leisure Suit Larry Casino (DOS - 1993),4.36,11
"Harrier Combat Simulator (DOS, C64, Amiga - 1988)",3.63,8
Golf Resort Tycoon (Win - 2001),3.80,5
"Ace of Aces (DOS, C64, Master System, MSX, Amstrad CPC, Atari 8-bit - 1987)",4.39,19
Afrika (DOS - 1994),4.50,2
Citizens: Backwater Affairs! (DOS - 1996),5.00,1
Director of Football (Win - 1999),3.67,3
Star Wars: X-Wing Vs. TIE Fighter (Win - 1997),3.17,6
"Racter (DOS, Mac, Amiga, Apple II - 1984)",4.25,12
Solo Flight (Enhanced) (C64 - 1984),0.00,0
Quadrant (DOS - 1984),0.00,0
MiG-29 Fulcrum (Win - 1998),5.00,4
"Computer Stocks & Bonds (DOS, C64, Atari 8-bit - 1982)",4.33,9
Poker Face Paul's Blackjack (Game Gear - 1993),0.00,0
"MechWarrior (DOS, Sharp X68000 - 1989)",4.54,43
U.S. Navy Fighters (DOS - 1994),4.50,2
"A320 Airbus: Edition Europa (DOS, Amiga - 1992)",4.77,30
"Carrier Force (C64, Apple II - 1983)",5.00,2
"Dinopark Tycoon (DOS, Mac - 1993)",4.37,186
WW2 Air Force Commander (DOS - 1993),4.33,6
"G.P. Tennis Manager (C64, Amiga - 1991)",4.71,7
"Infestation (DOS, Amiga, Atari ST - 1990)",4.34,9
Air Power: Battle in the Skies (DOS - 1995),4.50,30
"Perico Delgado Maillot Amarillo (DOS, Amstrad CPC - 1989)",4.00,9
"Hamurabi (DOS, C64 - 1996)",5.00,4
Dynatech (DOS - 1992),4.33,6
Roll 'N Nudge (Atari ST - 1990),0.00,0
Starlancer (Win - 2000),4.89,18
Team F1 (DOS - 1996),4.65,21
"Combat Leader (C64, Atari 8-bit - 1983)",4.60,5
"Bismarck (C64, Amiga, Atari 8-bit, Atari ST, Apple II - 1987)",4.00,2
Fighter Wing (DOS - 1995),4.25,4
Robot Arena: Design & Destroy (Win - 2003),0.00,0
Privateer: Righteous Fire (DOS - 1994),4.60,20
Kaiser Deluxe (DOS - 1995),3.97,31
Babylon 5: I've Found Her - Danger and Opportunity (Win - 2003),4.00,10
"Tai-Pan (C64, Amstrad CPC - 1987)",4.75,4
"Skyfox (C64, Amstrad CPC, Atari ST, Apple II - 1985)",5.00,2
Airport (Amiga - 1990),0.00,0
Steel Panthers (DOS - 1995),4.76,21
"Exploration (DOS, Amiga - 1994)",4.54,104
Retribution (DOS - 1994),2.67,3
"Sherman M4 (DOS, Amiga, Amstrad CPC, Atari ST - 1989)",4.94,17
Sundog: Frozen Legacy (Atari ST - 1986),4.67,30
NHRA Drag Racing 2 (Win - 2000),4.57,7
Car Tycoon (Win - 2001),4.56,32
Paparazzi!: Tales of Tinseltown (Win 3.x - 1995),0.00,0
Pinball (Dragon 32/64 - 1983),0.00,0
First Expedition (DOS - 1988),4.50,2
Homeplanet: Gold (Win - 2005),0.00,0
Tigers on the Prowl (DOS - 1994),5.00,1
Rush Hour (DOS - 1987),4.67,3
"Victoria: An Empire Under the Sun (Win, Mac - 2003)",4.47,15
Fast Attack: High Tech Submarine Warfare (DOS - 1995),5.00,7
Hatsukoi Monogatari (TurboGrafx CD - 1994),0.00,0
Jane's Combat Simulations: Fleet Command (Win - 1999),5.00,3
Frigate (DOS - 1988),4.75,4
"Operation Market Garden: Drive on Arnhem, September 1944 (DOS, C64, Atari 8-bit - 1986)",4.80,5
Operation Spruance: The Naval Warfare Simulation (Amiga - 1990),5.00,3
Falcon 3.0 (DOS - 1991),4.65,63
Star Chamber (DOS - 1987),4.33,3
Microsoft Flight Simulator for Windows 95 (Win - 1996),3.89,18
Starsiege (Win - 1999),4.87,23
Unnatural Selection (DOS - 1993),4.42,12
Crimson Skies (Win - 2000),4.71,103
Radio Baseball (DOS - 1986),4.50,2
V-Rally: Edition 99 (Win - 1999),4.12,41
Alter Ego: Female (DOS - 1986),4.64,14
"Deer Hunter (Win, Mac - 1997)",4.33,21
Energy Czar (Atari 8-bit - 1980),4.20,5
"Lancaster (Amiga, Atari ST - 1989)",4.50,2
Tommy's One-Armed Bandit (DOS - 1986),1.00,1
Creatures 2 Deluxe (Win - 1998),5.00,2
Computer Circus Maximus (DOS - 1984),3.00,3
"T.G.I.F. (C64, Atari 8-bit - 1983)",4.00,2
"The Halley Project: A Mission In Our Solar System (C64, Amiga - 1985)",4.50,8
One Armed Bandit (Win 3.x - 1991),0.00,0
Tranquility Base (Apple II - 1984),5.00,1
3D Desert Patrol (ZX Spectrum - 1983),5.00,3
Socher Hayam (DOS - 1989),0.00,0
U.S.S. John Young 2 (DOS - 1992),4.29,7
PC Pool Challenges (DOS - 1984),3.00,2
"The Duel: Test Drive II (DOS, Mac, Genesis, C64, Amiga, Amstrad CPC, Atari ST, Apple IIgs - 1989)",4.27,94
Caesars Palace (Mac - 1992),3.67,3
Creatures 2 (Win - 1998),4.63,8
Microsoft Space Simulator (DOS - 1994),4.69,78
"American Gladiators (DOS, Genesis, Amiga - 1992)",3.10,10
"Driver (Win, Mac - 1999)",4.40,79
"The Fabulous Wanda and the Secret of Life, the Universe, and Everything (C64 - 1983)",1.50,2
Oil empire (DOS - 1996),4.00,1
Striker '96 (DOS - 1996),5.00,4
Head Coach (C64 - 1986),4.67,3
DaSi (DOS - 1991),0.00,0
Gettysburg (Atari ST - 1990),0.00,0
"Mech Brigade (DOS, C64, Atari 8-bit, Apple II - 1987)",4.14,7
Championship Manager: Season 03/04 (Win - 2003),3.85,69
SimHealth (DOS - 1994),4.05,20
"Super Monaco GP (Genesis, C64, Master System, Game Gear, Amiga, Amstrad CPC, Atari ST - 1990)",4.75,8
"Bob's Full House (C64, Amstrad CPC - 1988)",5.00,1
"Ocean Conqueror (C64, Amstrad CPC - 1989)",4.50,2
The Sims (Win - 2000),4.31,178
Battleground 2: Gettysburg (Win - 1996),3.57,7
"Dreadnoughts (C64, Apple II - 1984)",4.67,3
Grand Prix 3 (Win - 2000),4.49,26
Actionauts (C64 - 1986),5.00,1
"HardBall 5 (DOS, Genesis - 1995)",4.54,22
"Rally Driver (C64, Amstrad CPC - 1988)",5.00,1
Operation Flashpoint: Cold War Crisis (Win - 2001),5.00,4
"Team Suzuki (DOS, Amiga, Atari ST - 1991)",4.50,14
Dirt Track Racing (Win - 1999),4.34,35
Inter-Stellar Wars (DOS - 1993),0.00,0
Bass Masters Classic (Genesis - 1995),5.00,3
"Computer Acquire (Atari 8-bit, Apple II - 1981)",4.46,11
Jones in the Fast Lane (DOS - 1991),4.39,114
Battleground 6: Napoleon in Russia (Win - 1997),3.33,3
Premier Manager 2006-2007 (Win - 2006),0.00,0
"4x4 Evo (Win, Mac - 2000)",4.70,82
Battleship Bismarck (DOS - 1987),5.00,3
Insane Speedway (DOS - 1997),0.00,0
LEGO Creator: Knights' Kingdom (Win - 2000),4.29,24
Championship Manager: Season 99/00 (Win - 1999),4.27,52
Championship Manager: Season 97/98 (DOS - 1997),4.14,248
Jenny of the Prairie (DOS - 1985),0.00,0
Emergency Mission (DOS - 1986),4.00,1
Someone's in the Kitchen! (Win - 1996),5.00,2
"Monte Carlo Casino (C64, Amstrad CPC - 1989)",5.00,1
"Garry Kitchen's Super Battletank: War in the Gulf (Genesis, Game Gear - 1992)",5.00,5
SimTunes (Win - 1996),4.75,4
Video Vegas (DOS - 1987),1.00,1
Napoleon's Campaigns: 1813 & 1815 (Apple II - 1981),4.00,1
Gangsters: Organized Crime (Win - 1998),4.05,20
"Side Pocket (Genesis, Game Gear - 1992)",4.25,8
Daily Racing Form: Horse Racing (Win - 2000),4.25,4
Super Caesars Palace (Genesis - 1993),5.00,1
Revs (BBC Micro - 1985),0.00,0
Centerbase (Amiga - 1992),5.00,7
Crazy Nick's Software Picks: King Graham's Board Game Challenge (DOS - 1992),4.50,8
UXB (Dragon 32/64 - 1983),0.00,0
Tanks' Destroyer (DOS - 1993),1.00,1
The Settlers III (Win - 1998),4.00,2
"Tom Clancy's Ghost Recon (Win, Mac - 2001)",4.89,9
"RVF Honda (Amiga, Atari ST - 1990)",4.00,2
"Milk Race (C64, Amstrad CPC, Atari 8-bit - 1987)",3.67,3
Warehouse (C64 - 1983),5.00,2
Super Huey III (Win - 2003),5.00,1
Zapitalism (Win - 1996),4.40,5
Space Hunter (C64 - 1985),0.00,0
Arcade Pool II (Win - 1999),5.00,1
"Creatures (Win, Mac - 1996)",4.07,15
High Heat Baseball 2000 (Win - 1999),0.00,0
Harpoon II: BattleSet 2 - WestPac (DOS - 1994),5.00,3
Skateboard Park Tycoon: Back in the USA 2004 (Win - 2003),4.11,9
Restaurant Empire (Win - 2003),5.00,1
"Harpoon (DOS, Mac, Amiga - 1989)",4.25,112
Suicide Strike (C64 - 1983),3.33,3
"Paragliding (DOS, Amiga, Atari ST - 1991)",4.37,8
Traffic Giant (Win - 2000),5.00,1
"Wing Commander III: Heart of the Tiger (DOS, Mac - 1994)",5.00,1
Remington Big Buck Trophy Hunt (Win - 2002),0.00,0
"Sands of Fire (DOS, Mac - 1990)",4.57,7
Robot Arena (Win - 2001),0.00,0
"Test Drive (DOS, C64, Amiga, Atari ST, Apple II - 1987)",4.55,87
Microsoft Flight Simulator 98 (Win - 1997),4.13,29
ESPN Speed World (Genesis - 1994),5.00,2
"F-117A Nighthawk Stealth Fighter 2.0 (DOS, Mac, Amiga - 1991)",4.57,150
Football Limited (DOS - 1994),2.91,11
Ultimate Soccer Manager 98-99 (Win - 1999),4.66,41
Gary Grigsby's War in Russia (DOS - 1993),4.29,14
Pinball Brain Damage (Amiga - 1997),3.33,3
"Sub Mission (DOS, Apple II - 1986)",3.67,3
PC Fútbol 4.0 (DOS - 1995),4.47,32
Darker (DOS - 1995),4.56,9
Jeremy Silman's Complete Guide to Chess Openings (C64 - 1985),2.00,1
X: Beyond the Frontier (Win - 1999),5.00,1
Farm Land USA (Win - 2000),4.75,4
"Top Gun: Fire at Will! (DOS, Mac - 1996)",4.67,12
Tycoon (Atari ST - 1988),3.00,1
Solidarność (DOS - 1991),4.20,5
"Xcel (ZX Spectrum, Amstrad CPC - 1985)",0.00,0
Fighter Duel (DOS - 1995),4.71,7
Corvette GT Evolution (Win - 2006),4.19,11
"Nick Faldo's Championship Golf (DOS, C64, Amiga, Amiga CD32 - 1993)",4.00,1
Hotel Wars (Sharp X68000 - 1989),0.00,0
"Wilderness: A Survival Adventure (DOS, Apple II - 1986)",4.43,28
Zeus: Master of Olympus (Win - 2000),3.80,5
"Black Gold (DOS, C64, Amiga, Atari ST - 1991)",4.13,15
Hole in One (DOS - 1995),5.00,1
Planet Lander (Atari ST - 1988),0.00,0
Princess Maker 2 (DOS - 1993),4.73,15
Easy Bake Kitchen (Win - 1999),3.80,5
National Lampoon's University Tycoon (Win - 2004),3.67,6
"Airborne Ranger (DOS, C64, Amiga, Amstrad CPC, Atari ST - 1988)",4.51,43
The Heroes of the 357th (DOS - 1992),4.57,7
Hu PGA Tour: Power Golf 2 - Golfer (TurboGrafx CD - 1994),0.00,0
Warren's World: Lost Colony (DOS - 1982),5.00,4
NASCAR SimRacing (Win - 2005),4.36,12
Black & White (Win - 2001),4.31,291
Jane's Combat Simulations: Longbow 2 (Win - 1997),4.29,7
Colin McRae Rally 04 (Win - 2004),4.74,23
"Planetfall (Atari 8-bit, BBC Micro - 1983)",4.50,2
Virgin Dream (TurboGrafx CD - 1996),5.00,1
Constructor (DOS - 1997),4.51,31
"Skidoo (DOS, Amiga, Atari ST - 1989)",3.00,2
Golf's Best: St. Andrews - The Home of Golf (C64 - 1986),0.00,0
Deus Ex Machina (C64 - 1986),5.00,6
"Eikan wa Kimi ni: Kōkō Yakyū Zenkoku Taikai (Sharp X68000, TurboGrafx CD - 1990)",0.00,0
"Space Shuttle: A Journey into Space (C64, Amstrad CPC, Atari 8-bit - 1984)",4.00,4
Wings: Saigon to Persian Gulf (Win 3.x - 1998),0.00,0
"Aufschwung Ost (DOS, Amiga - 1993)",3.20,5
Microsoft Flight Simulator (Mac - 1986),4.33,3
Tycoon City: New York (Win - 2006),4.57,19
"Red Arrows (C64, Amstrad CPC, BBC Micro - 1985)",0.00,0
Casino Games (Master System - 1989),5.00,1
Jimmy White's 2: Cueball (Win - 1998),4.67,3
Caterpillar Construction Tycoon (Win - 2005),4.46,13
Jane's Combat Simulations: ATF - Advanced Tactical Fighters (DOS - 1996),4.80,10
"Vermeer (DOS, C64, Amiga, Amstrad CPC - 1988)",4.38,34
Metaltech: Earthsiege (DOS - 1994),4.62,26
Gangsters 2 (Win - 2001),4.46,68
Metal Head (SEGA 32X - 1994),5.00,3
Fly8 (DOS - 1993),0.00,0
Industry Giant II (Win - 2002),0.00,0
Deer Hunter 4: World-Class Record Bucks (Win - 2000),5.00,2
Lunar Explorer: A Space Flight Simulator (DOS - 1986),5.00,4
ATAC: The Secret War Against Drugs (DOS - 1992),4.35,17
"Jet (DOS, C64, Amiga, Atari ST, Apple II - 1985)",4.64,11
Startopia (Win - 2001),5.00,3
IQ Panic (TurboGrafx CD - 1992),0.00,0
"Tenka Tōitsu (Genesis, Sharp X68000 - 1991)",0.00,0
"Rules of Engagement (DOS, Amiga - 1991)",4.38,13
Shirley Muldowney's Top Fuel Challenge (C64 - 1987),5.00,1
Flying Corps: Gold (Win - 1997),5.00,3
"Transport Tycoon Deluxe (DOS, Win - 1995)",4.48,277
Colin McRae Rally 3 (Win - 2003),4.40,73
Microsoft Flight Simulator (v3.0) (DOS - 1988),4.20,25
Sierra's 3-D Helicopter Simulator (DOS - 1987),4.50,8
Pub Games (Amstrad CPC - 1987),4.00,2
Pinball 2000 (DOS - 1995),4.50,10
Carrier Strike Add-On (DOS - 1992),4.44,9
Rally Championship Xtreme (Win - 2001),5.00,2
"Africa Trail (Win, Mac - 1997)",3.20,20
Laser Surgeon: The Microscopic Mission (DOS - 1987),5.00,6
SimTown (Win - 1995),4.11,18
MiG-29: Fighter Pilot (Genesis - 1993),0.00,0
Triple Play 96 (Genesis - 1995),5.00,1
Gazillionaire Deluxe (Win - 1996),4.36,11
Les Guignols de l'Info: Le Cauchemar de PPD (Win 3.x - 1996),0.00,0
Software Manager (Amiga - 1994),5.00,2
"The Patrician (DOS, Amiga, Atari ST - 1992)",4.83,18
"Computer Football Strategy (C64, Atari 8-bit - 1983)",0.00,0
"Tokimeki Memorial (Win, TurboGrafx CD - 1997)",2.00,4
Evasive Action (DOS - 1994),4.56,9
Star Wars: TIE Fighter (DOS - 1994),4.33,3
"Austerlitz (DOS, Amiga, Atari ST - 1989)",5.00,4
Daryl F. Gates' Police Quest: SWAT (DOS - 1995),5.00,1
Ring Wars (C64 - 1988),3.00,2
A-10 Tank Killer v. 1.5 (DOS - 1991),4.58,43
PET Nuclear Power Plant (C64 - 1982),5.00,3
Dope Wars (DOS - 1985),3.90,10
Rock Tour (Win - 2007),2.71,7
VR Stalker (3DO - 1994),4.00,2
"Energie-Manager (DOS, Amiga - 1993)",4.14,7
"Winzer (DOS, C64, Amiga, Atari ST - 1991)",4.20,5
Rocket (DOS - 1981),5.00,1
"Bar Games (DOS, Amiga - 1989)",4.39,18
"Murder Club (DOS, PC-88, Sharp X68000, TurboGrafx CD - 1989)",4.00,19
SeaWorld Adventure Parks Tycoon 2 (Win - 2005),4.71,17
"Star Trek: The Rebel Universe (DOS, C64, Atari ST - 1988)",4.60,10
Wing Commander II: Vengeance of the Kilrathi - Special Operations 2 (DOS - 1992),0.00,0
Sangokushi Retsuden: Ransei no Eiyūtachi (Genesis - 1991),5.00,1
Dirt Track Racing 2 (Win - 2002),4.27,34
"Battle Command (DOS, C64, Amiga, Amstrad CPC, Atari ST - 1990)",4.45,11
Jane's Combat Simulations: USAF - United States Air Force (Win - 1999),4.43,38
Championship Manager 3 (Win - 1999),4.33,11
Pro Race Driver (Win - 2003),4.12,18
Nile: Passage to Egypt (Win 3.x - 1995),0.00,0
"President Elect (C64, Apple II - 1984)",4.67,6
"Indianapolis 500: The Simulation (DOS, Amiga - 1989)",4.64,63
Shopping Centre Tycoon (Win - 2005),4.75,4
"The Settlers II: Veni, Vidi, Vici (DOS, Mac - 1996)",4.83,18
Paul Whitehead Teaches Chess (C64 - 1985),0.00,0
"Eliza (DOS, C64 - 1988)",4.49,51
"X²: The Threat (Win, Mac, Linux - 2003)",5.00,1
18 Wheels of Steel: Pedal to the Metal (Win - 2004),4.64,63
Wing Commander II: Vengeance of the Kilrathi - Special Operations 1 (DOS - 1991),5.00,4
Poker Galore (DOS - 1992),0.00,0
"Balance of Power (DOS, Amiga, Atari ST, Apple II, PC-88, PC-98 - 1986)",4.61,41
Titans of Steel: Warring Suns (Win - 2003),5.00,10
Zoo Tycoon (Win - 2001),4.43,474
Tower FRA (Amiga - 1990),0.00,0
"Space Rogue (DOS, Mac, C64, Amiga, Apple II - 1989)",4.60,15
Sherlock Holmes: Consulting Detective - Volume III (DOS - 1993),4.00,5
Computer Operator (DOS - 1982),3.80,5
"The Price is Right (DOS, C64 - 1990)",4.53,58
G-Police (Win - 1997),4.39,23
Buccaneer (Win - 1997),4.20,5
"Caesar (DOS, Mac, Amiga, Atari ST - 1992)",4.27,22
"Strike Force Harrier (C64, Amiga, Amstrad CPC, Atari ST, BBC Micro, Electron - 1986)",4.50,8
Riding Star (Win - 1998),0.00,0
Digital League Baseball (DOS - 1987),0.00,0
Ford Simulator 7 (Win 3.x - 1996),4.26,9
Hospital Tycoon (Win - 2007),3.29,7
Basketball Challenge (DOS - 1987),5.00,1
MechWarrior 4: Mercenaries (Win - 2002),4.57,537
Revs (C64 - 1986),4.00,1
F-14 Tomcat (DOS - 1990),4.42,24
"Gunship (DOS, C64, Amiga, Amstrad CPC, Atari ST, Sharp X68000 - 1987)",4.70,30
Formula Karts (Win - 1997),4.00,2
Tommy's Wizards (DOS - 1986),3.00,1
Virtual Pinball (Genesis - 1993),3.33,3
Sai Combat (Amstrad CPC - 1986),0.00,0
"The Dam Busters (DOS, C64, Amstrad CPC, ColecoVision, Apple II - 1985)",4.80,10
Overlord (DOS - 1994),4.50,14
ArmA: Combat Operations (Win - 2006),5.00,1
Video Casino Games (Win 3.x - 1994),0.00,0
"Macadam Bumper (DOS, C64, Amstrad CPC, Atari ST - 1987)",4.00,7
"Yoot Tower (Win, Mac - 1998)",4.53,41
"A.G.E. (DOS, Amiga - 1991)",4.18,22
Battlecruiser 3000AD (DOS - 1996),3.29,6
Delphi no Shintaku (PC-98 - 1993),5.00,1
"Thunderhawk (DOS, Amiga, Atari ST - 1991)",4.83,12
"Andy Capp (C64, Amstrad CPC - 1987)",5.00,2
Power Politics (Win 3.x - 1992),4.37,19
"X³: Reunion (Win, Mac, Linux - 2005)",0.00,0
Slots of Trivia (Win 3.x - 1996),0.00,0
"Bully's Sporting Darts (DOS, C64, Amiga, Amstrad CPC, Atari ST - 1993)",0.00,0
Tank: The M1A1 Abrams Battle Tank Simulation (DOS - 1989),4.50,18
Barbie (C64 - 1985),4.21,14
"Sid Meier's Railroad Tycoon (DOS, Amiga, Atari ST - 1990)",4.77,34
High Roller Casino (DOS - 1983),2.50,2
"The Yukon Trail (Mac, Win 3.x, Win 3.x - 1994)",4.54,48
AquaNox 2: Revelation (Win - 2003),4.00,2
Lionsoft fodbold manager (DOS - 1995),5.00,2
High Command: Europe 1939-'45 (DOS - 1992),4.33,18
The Last Dynasty (Win 3.x - 1995),4.00,1
"VC (DOS, Atari 8-bit, Apple II - 1983)",3.56,9
"Solo Flight (DOS, C64, Atari 8-bit, Apple II - 1985)",4.68,10
Jetset (DOS - 1982),1.00,1
"Das Magazin (C64, Amiga - 1988)",0.00,0
Stratosphere: Conquest of the Skies (Win - 1998),5.00,13
"Graham Taylor's Soccer Challenge (Amiga, Atari ST - 1992)",3.25,4
"ACE: Air Combat Emulator (DOS, C64, Amstrad CPC, VIC-20, Commodore 16 - 1986)",4.00,11
Hot Wheels: Williams F1 - Team Racer (Win - 2002),5.00,3
Bishōjo Senshi Sailor Moon Collection (TurboGrafx CD - 1994),5.00,1
Flight Light Plus (DOS - 1996),4.53,17
Deer Hunter 5: Tracking Trophies (Win - 2001),3.80,5
LEGO Creator (Win - 1998),4.32,75
"Blue Max: Aces of the Great War (DOS, Amiga, Atari ST - 1990)",4.40,10
Big Oil (Win - 2005),0.00,0
Stable Masters 2 (Win - 2004),4.25,4
Black Knight: Marine Strike Fighter (DOS - 1995),3.00,1
Ball Race (DOS - 1988),3.80,10
Lunar Commander 2 (DOS - 1994),4.50,10
"The Manager (DOS, Amiga - 1992)",4.02,53
"Sid Meier's Colonization (DOS, Mac, Win 3.x, Amiga - 1994)",4.57,523
Opening Night (Win 3.x - 1995),0.00,0
"Port Royale: Gold, Power and Pirates (Win - 2002)",5.00,3
Out of the Sun (Mac - 1994),5.00,3
"Combat Air Patrol (DOS, Amiga - 1995)",3.94,18
"Fruit Machine Simulator 2 (C64, Amstrad CPC - 1989)",3.00,1
USS Stinger (DOS - 1989),5.00,3
Air Trax (DOS - 1983),3.71,7
Batfish (DOS - 1991),5.00,2
"M1 Tank Platoon (DOS, Amiga, Atari ST - 1989)",4.55,47
Need for Speed: High Stakes (Win - 1999),4.46,266
Screamer 4x4 (Win - 2000),4.75,4
"Big Game Fishing (DOS, C64, Amiga - 1991)",4.38,21
TOCA Race Driver 3 (Win - 2006),4.46,19
Action in The North Atlantic (DOS - 1989),4.40,10
"Championship Manager Italia (DOS, Amiga - 1993)",4.27,11
Corporate Raider: The Pirate of Wall St. (DOS - 1988),4.70,10
Aircraft and Adventure Factory (DOS - 1992),0.00,0
"Global Domination (DOS, Amiga - 1993)",3.88,8
Fighting Steel: World War II Surface Combat 1939-1942 (Win - 1999),4.54,13
P.T.O.: Pacific Theater of Operations II (Win 3.x - 1996),5.00,1
"Mike Read's Computer Pop Quiz (C64, Amstrad CPC - 1989)",0.00,0
Across the Rhine (DOS - 1995),4.00,36
Lunar Command (DOS - 1993),4.63,8
F1 Team Simulation: Project F (TurboGrafx CD - 1992),0.00,0
Banzai Bug (Win - 1996),5.00,3
"Red Lightning (DOS, Amiga, Atari ST - 1989)",4.23,13
"Steigenberger Hotelmanager (DOS, C64, Amiga - 1991)",3.50,4
Deer Hunter: The 2005 Season (Win - 2004),3.50,2
Combat Medic: Special Ops (Win - 2002),3.67,3
"Hoyle: Official Book of Games - Volume 3 (DOS, Amiga - 1991)",4.46,13
Hard Truck 2 (Win - 2000),4.18,8
"SimAnt (DOS, Win 3.x, Amiga - 1991)",4.45,693
Panthers in the Shadows (DOS - 1995),4.80,5
Chopper Commando (DOS - 1990),4.25,4
Sea Rogue (DOS - 1992),4.83,17
Nakksigwang Special (DOS - 1996),0.00,0
Flight Unlimited II (Win - 1997),4.27,11
Industry Giant (Win - 1997),3.75,4
Old Ironsides (Apple II - 1982),5.00,2
"Software Star (C64, Amstrad CPC - 1985)",4.00,1
"World Circuit (DOS, Amiga, Atari ST - 1992)",4.56,62
Comanche Gold (Win - 1998),4.75,4
Aces of the Deep (DOS - 1994),4.31,58
"Drag Race Eliminator (DOS, C64 - 1988)",5.00,1
9-Hole Miniature Golf (DOS - 1983),3.50,2
A-10 Attack! (Mac - 1995),4.69,13
Formula One 99 (Win - 1999),3.74,27
Biznesman (DOS - 1988),3.25,4
"Flight Path 737 (C64, Amiga, Amstrad CPC, VIC-20 - 1984)",4.00,1
"PGA European Tour (Genesis, Amiga - 1994)",5.00,1
"Bullseye (C64, Amstrad CPC, BBC Micro - 1985)",5.00,1
"African Raiders-01 (DOS, Amiga, Atari ST - 1989)",3.75,16
Championship Manager 2 (DOS - 1995),4.06,56
Freespace 2 (Win - 1999),5.00,1
Comanche 4 (Win - 2001),4.00,6
Rubik Cube (DOS - 1991),5.00,1
Uncle's Casino (DOS - 1991),0.00,0
Visual Star Trek (DOS - 1990),4.50,14
"747 Flight Simulator (C64, Atari 8-bit, BBC Micro, Dragon 32/64 - 1985)",4.67,6
F-16 Aggressor (Win - 1998),4.40,25
King Salmon: The Big Catch (Genesis - 1992),0.00,0
"F-16 Combat Pilot (DOS, C64, Amiga, Amstrad CPC, Atari ST - 1989)",4.76,46
Sea Legends (DOS - 1996),4.43,7
Dirt Track Racing: Sprint Cars (Win - 2000),4.31,16
NewTrek (DOS - 1982),3.00,4
WinTrek (Win 3.x - 1992),0.00,0
"Apollo 18: Mission to the Moon (DOS, C64 - 1988)",4.25,20
"Formula One (DOS, Genesis, Master System, Game Gear, Amiga, Atari ST - 1994)",4.64,25
Zipper Flipper (ZX Spectrum - 1984),0.00,0
Everest (Win - 2000),3.50,4
"Shuttle Simulator (C64, Atari 8-bit, BBC Micro, Dragon 32/64, Electron - 1983)",4.00,5
Strike Force Harrier (DOS - 1986),4.25,8
Flight Simulator (Apple II - 1980),4.50,2
"Crime and Punishment (DOS, C64, Apple II - 1984)",4.13,16
QuarterPole (DOS - 1993),4.75,8
"Hidden Agenda (DOS, Mac - 1989)",4.43,38
"European Champions (DOS, Atari ST - 1993)",5.00,3
Donald Trump's Real Estate Tycoon! (Win - 2002),3.82,17
Dragoon: The Complete Battles of Frederick the Great (Win - 1998),0.00,0
Aquazone Deluxe II with Guppies: Your Virtual Aquarium (Win - 1999),5.00,2
"Rommel: Battles for North Africa (DOS, C64 - 1989)",5.00,1
Secret Weapons of the Luftwaffe (DOS - 1991),5.00,10
Frank Thomas Big Hurt Baseball (Genesis - 1995),5.00,7
Super TaeKwonDo Master (Amiga - 1996),5.00,1
"El-Fish (DOS, Mac - 1993)",4.30,23
Tom Clancy's SSN (Win - 1996),5.00,11
F1 Career Challenge (Win - 2003),4.55,15
Circus Games (DOS - 1988),3.00,2
Hot Wheels: Slot Car Racing (Win - 2000),5.00,1
Matchbox Caterpillar: Adventures in Time (Win - 2000),0.00,0
Wings of Glory (DOS - 1995),4.75,4
Life in the Fast Lane (DOS - 1989),4.00,4
"Big Business (DOS, Amiga, Atari ST - 1990)",4.39,31
Treble Champions II (Amiga - 1993),5.00,1
1942: The Pacific Air War (DOS - 1994),4.38,132
"Mad TV (DOS, Amiga - 1991)",4.75,73
Blitzkrieg: Tōbu Sensen 1941~45 (Sharp X68000 - 1991),0.00,0
"Flight of The Intruder (DOS, Amiga, Atari ST - 1990)",4.79,19
Field & Stream: Trophy Bass 3D (Win - 1999),5.00,2
"Harrier Mission (DOS, C64, Amiga, Amstrad CPC, Atari 8-bit, BBC Micro - 1987)",5.00,4
Omega Run (C64 - 1984),0.00,0
"Atlas (DOS, TurboGrafx CD - 1995)",5.00,2
Jane's Combat Simulations: Attack Squadron (Win - 2002),4.50,8
Hyper Wars (TurboGrafx CD - 1994),0.00,0
Hurra Deutschland (DOS - 1994),0.00,0
Lemonade Tycoon (Win - 2003),4.40,133
"Timothy Leary's Mind Mirror (DOS, C64 - 1986)",4.67,18
Das Haus (Amiga - 1990),0.00,0
Trail West (VIC-20 - 1981),4.00,1
"Defcon 5 (DOS, C64, Amiga - 1987)",3.67,3
Millennia: Altered Destinies (DOS - 1995),4.69,13
Neko Daisuki! (Game Gear - 1996),5.00,1
Ford Simulator III (DOS - 1992),4.05,23
Casino Inc. (Win - 2002),4.20,5
"Eagles (C64, Atari 8-bit, Apple II - 1983)",4.00,1
Deluxe Ski Jump (DOS - 2000),4.00,5
"Prime Time (DOS, Amiga, Atari ST - 1988)",4.11,9
Frontier: First Encounters (DOS - 1995),4.58,31
Eurofighter Typhoon (Win - 2001),0.00,0
Double Eagle (Sharp X68000 - 1988),0.00,0
"Olé, Toro (Amstrad CPC - 1985)",0.00,0
"Decisive Battles of the American Civil War, Vol. 3 (DOS, C64 - 1989)",4.00,2
Seal Team (DOS - 1993),4.50,16
"Super Huey UH-IX (DOS, C64, Amiga, Atari 8-bit, Atari ST, Apple II - 1988)",4.43,7
Stunt Jumper (DOS - 1991),5.00,1
Jumbo Lander (C64 - 1982),0.00,0
Descent: Freespace - The Great War (Win - 1998),4.75,4
Mysteries of the Orient (Win 3.x - 1994),3.50,2
Deus (DOS - 1996),4.00,1
"Phantasm (DOS, Amiga - 1988)",5.00,1
Stormovik: SU-25 Soviet Attack Fighter (DOS - 1990),4.33,15
"MechWarrior 2: 31st Century Combat (DOS, Win, Mac - 1995)",4.59,169
JetFighter IV: Fortress America (Win - 2000),5.00,3
"Pacific Islands (DOS, Amiga, Atari ST - 1992)",4.32,25
Big Biz Tycoon (Win - 2002),3.91,11
Mystery of Life (DOS - 1994),1.00,1
21 (DOS - 1982),5.00,1
War in the South Pacific (C64 - 1986),4.50,4
iF-16 (DOS - 1997),4.50,19
Flying Corps (DOS - 1996),5.00,4
"Great Naval Battles Vol. III: Fury in the Pacific, 1941-44 (DOS - 1995)",4.39,19
"Cyrus (DOS, Dragon 32/64 - 1985)",3.87,15
"Thunder&Lightning (Mac, Linux - 2015)",3.92,13
Kawa no Nushi Tsuri: Shizenha (TurboGrafx CD - 1992),0.00,0
Reflexity Pinball Challenge (Amiga - 1992),4.00,4
Flight Action (DOS - 1996),5.00,1
Thunderstrike 2 (DOS - 1995),4.57,21
Operation Cleaner (DOS - 1998),0.00,0
Archimedean Dynasty (DOS - 1996),5.00,3
Galaxy Trek (DOS - 1983),4.56,9
Wall $treet Raider (DOS - 1986),4.86,7
The F.A. Premier League Football Manager 2001 (Win - 2000),4.43,21
The Global Dilemma: Guns or Butter (DOS - 1990),4.10,20
"Eye of the Storm (DOS, Amiga - 1993)",3.75,4
"Tau Ceti: The Lost Star Colony (DOS, C64, Amstrad CPC, Atari ST - 1987)",4.64,11
"F.1 Manager (C64, Amiga, Atari ST - 1989)",5.00,1
"Starglider II (DOS, Mac, Amiga, Atari ST - 1989)",4.48,15
Destroyer Command (Win - 2002),4.56,9
"Blitzkrieg at the Ardennes (DOS, Amiga - 1990)",4.31,13
K-1 Tank (DOS - 1994),3.00,2
"Alter Ego (DOS, C64, Apple II - 1986)",3.75,20
One-Nil Soccer Manager (DOS - 1992),4.26,23
Advanced NetWars (DOS - 1997),4.33,9
Pilot 64 (C64 - 1983),0.00,0
Designasaurus II (DOS - 1990),4.43,28
TacOps (Win 3.x - 1996),5.00,3
Zoo Empire (Win - 2004),4.50,4
Double-X Slots (DOS - 1992),1.00,1
Subwar 2050 (DOS - 1993),4.21,14
Sraz (DOS - 1993),5.00,3
ProFlight (Amiga - 1991),0.00,0
Virtual Seoul (Win - 1999),4.00,1
Panzer Elite: Special Edition (Win - 2001),0.00,0
Safe Opening Simulator (DOS - 1993),4.64,11
"B-17 Flying Fortress (DOS, Amiga, Atari ST - 1992)",4.66,101
Beat the House (DOS - 1992),3.25,4
"Decisive Battles of the American Civil War, Vol. 2 (DOS, C64 - 1989)",4.40,5
"Destination: Mars! (DOS, Mac - 1991)",4.50,8
Jane's Combat Simulations: ATF - Advanced Tactical Fighters - Gold (Win - 1997),4.00,12
"Black Gold (DOS, C64, Amiga, Atari ST - 1989)",4.46,33
Coaster (DOS - 1993),4.73,15
"TLL: Tornado Low Level (C64, Amstrad CPC - 1985)",4.00,1
"President Elect: 1988 Edition (DOS, C64 - 1987)",4.71,35
Grand Prix Unlimited (DOS - 1992),4.22,23
Barrage (BBC Micro - 1982),0.00,0
Total Pinball 3D (DOS - 1996),0.00,0
"Match Day II (C64, Amstrad CPC - 1987)",4.75,4
Nakksigwang (DOS - 1994),5.00,1
"R.O.M. Gold: Rings of Medusa (DOS, Amiga - 1994)",4.50,8
"ACE 2 (DOS, C64, Amstrad CPC, Commodore 16 - 1987)",4.20,5
"No Second Prize (Amiga, Atari ST - 1992)",5.00,1
Desert Wolf (Amiga - 1996),4.33,6
Cuty Cop: Nusumareta File no Nazo (PC-98 - 1994),5.00,1
TFX (DOS - 1993),4.62,21
Jurassic Banqi (DOS - 1994),4.00,1
Pachio-kun: Warau Uchū (TurboGrafx CD - 1992),0.00,0
"Borodino (DOS, Amiga, Atari ST - 1989)",4.67,3
Virtual City (Win - 2003),0.00,0
Top Gun: Danger Zone (DOS - 1991),4.60,20
"European Challenge (DOS, Amiga, Atari ST - 1990)",4.57,7
Airlines (DOS - 1994),4.20,15
Deadlock: Planetary Conquest (Mac - 1997),4.68,22
Rich Tauber's Bass Champ (DOS - 1991),5.00,1
Black Box (DOS - 1987),4.00,2
Independence War: Deluxe Edition (Win - 1999),5.00,3
Carriers at War 1941-1945: Fleet Carrier Operations in the Pacific (C64 - 1984),5.00,2
"Star Wars: Episode I - The Gungan Frontier (Win, Mac - 1999)",4.04,25
AMA Superbike (Win - 1999),5.00,2
Objection! (DOS - 1992),3.67,12
"High Roller (DOS, C64, Atari ST - 1987)",4.00,2
J.League Champion Soccer (Genesis - 1993),4.00,1
Wings over Vietnam (Win - 2004),5.00,7
"Battle Group (C64, Apple II - 1986)",4.00,1
"Rails West! (C64, Apple II - 1984)",4.40,5
Tactical Manager Italia (Amiga - 1994),0.00,0
"Day of the Pharaoh (DOS, Amiga, Atari ST - 1989)",3.78,18
Carriers at War II (DOS - 1993),4.41,22
"Kaiser (C64, Amstrad CPC, Atari 8-bit - 1984)",5.00,6
"Frontier: Elite II (DOS, Amiga, Atari ST - 1993)",4.61,54
Music Chase 1: The Music In Me (Win 3.x - 1995),0.00,0
Super-VGA Harrier (DOS - 1993),4.72,18
EF 2000 (DOS - 1995),4.48,48
"D-Day (DOS, Amiga, Amstrad CPC, Atari ST - 1992)",4.44,18
"Caesar III (Win, Mac - 1998)",4.27,97
War Eagles (DOS - 1989),4.38,8
"Merchant Colony (DOS, Amiga - 1991)",4.71,14
Slot Gambler (TurboGrafx CD - 1995),0.00,0
"Wall$treet (DOS, C64, Amiga - 1989)",4.40,15
"Pizza Tycoon (DOS, Amiga - 1994)",4.46,91
"Uncharted Waters (DOS, Mac, Genesis, PC-88, Sharp X68000 - 1991)",4.34,29
"DragonStrike (DOS, C64, Amiga, PC-98, Sharp X68000 - 1990)",4.94,37
"Star Wars: X-Wing - Collector's CD-ROM (DOS, Win, Mac - 1994)",5.00,1
"The Official America's Cup Sailing Simulation (C64, Amstrad CPC - 1986)",3.67,3
Buzz Aldrin's Race into Space (DOS - 1993),4.46,35
"Campaign (DOS, Amiga, Atari ST - 1992)",4.25,12
Great Naval Battles Vol. II: Guadalcanal 1942-43 (DOS - 1994),4.07,14
Aces Over Europe (DOS - 1993),4.59,34
Jane's Combat Simulations: Longbow - Gold (Win - 1997),4.55,11
"Xiphos (DOS, Amiga, Atari ST - 1990)",5.00,3
P-Robots (DOS - 1988),3.71,7
MotoGP 2 (Win - 2003),5.00,5
"Ports of Call (DOS, Amiga - 1989)",4.53,88
Menghuan Shuiguo Pan: 777 Casino (Genesis - 1993),0.00,0
Barbie Beauty Styler (Win - 2002),0.00,0
Olympic Games: Atlanta 1996 (DOS - 1996),2.67,3
"Emlyn Hughes Arcade Quiz (C64, Amiga, Amstrad CPC, Atari ST - 1990)",0.00,0
The Oregon Trail: 3rd Edition (Win - 1997),4.14,57
"Transworld (DOS, C64, Amiga, Atari ST - 1990)",4.67,6
Star Trek: Judgment Rites (DOS - 1993),4.60,20
Street Legal (Win - 2002),4.50,10
Jane's Combat Simulations: AH-64D Longbow (DOS - 1996),5.00,7
Hillsea Lido (Amiga - 1995),4.17,6
Chinese Chess Master III (DOS - 1992),4.67,38
"Xenocide (DOS, Apple IIgs - 1990)",4.00,4
Beer Tycoon (Win - 2006),3.38,16
StarVega (DOS - 1989),3.75,4
"Ford Simulator II (DOS, Mac - 1990)",3.92,12
Bonzo! (C64 - 1983),3.00,1
SimRefinery (DOS - 1993),4.80,10
Forbes Corporate Warrior (Win - 1997),5.00,2
"Star Raiders II (C64, Amstrad CPC, Atari 8-bit - 1987)",5.00,2
Extreme Bullrider (Win - 1999),0.00,0
"Stealth (C64, Atari 8-bit - 1984)",5.00,2
Swedish Touring Car Championship 2 (Win - 2000),4.85,14
David Ahl's Basic Computer Adventures (DOS - 1986),5.00,1
Champions of Europe (Master System - 1992),5.00,3
Battlecruiser 3000AD v2.0 (Win - 1998),4.43,19
How About a Nice Game of Chess! (C64 - 1984),5.00,1
PC Basket 2.0 (DOS - 1994),4.00,6
"White Death (DOS, Amiga - 1990)",3.83,6
Dallas (BBC Micro - 1983),0.00,0
CyberStrike (DOS - 1994),0.00,0
Pacific Strike (DOS - 1994),4.79,16
Starstrike II (Amstrad CPC - 1986),4.00,1
Minder (Amstrad CPC - 1985),0.00,0
Star Trek: Starfleet Command - Orion Pirates (Win - 2001),5.00,2
"HMS Cobra: Convois pour Mourmansk (Amstrad CPC, Atari ST - 1986)",4.33,3
"The Adventures of Robin Hood (DOS, Amiga, Atari ST - 1992)",4.47,17
Wing Commander II: Vengeance of the Kilrathi (DOS - 1991),4.56,43
"Cougar Force (DOS, Amiga, Atari ST - 1990)",4.22,9
Top Gun: Combat Zones (Win - 2003),4.60,5
Gossip (Atari 8-bit - 1983),0.00,0
X-COM: Interceptor (Win - 1998),5.00,1
Deer Hunter Tournament (Win - 2008),5.00,1
Blackjack (DOS - 1984),0.00,0
F-22 Lightning II (DOS - 1996),4.71,21
iF-22 (Win - 1997),5.00,4
"Kreuz As ""Poker"" (Amiga - 1989)",0.00,0
"Orbiter (DOS, Mac, Atari ST - 1986)",4.75,4
"Wolf Pack (DOS, Mac, Amiga, Atari ST - 1990)",4.86,28
TOCA 2: Touring Car Challenge (Win - 1999),4.42,73
"Gunboat (DOS, Amiga, ZX Spectrum, Amstrad CPC - 1990)",4.35,34
SimSafari (Win - 1998),4.34,36
Total Control Football (DOS - 1996),5.00,2
"SimCity 2000 (DOS, Amiga - 1993)",4.40,954
"On the Road (DOS, Amiga, Atari ST - 1992)",4.67,3
iM1A2 Abrams (Win - 1997),5.00,6
Trump Castle 3 (DOS - 1993),3.75,4
"Fighter Pilot (C64, Amstrad CPC, Atari 8-bit - 1984)",4.50,2
Wargame Construction Set III: Age of Rifles 1846-1905 (DOS - 1996),4.47,30
Let's Ride: Silver Buckle Stables (Win - 2007),0.00,0
Pokeri (DOS - 1990),5.00,2
F-117 Night Storm (Genesis - 1993),2.00,1
Lion (DOS - 1995),4.33,9
Fly! 2K (Win - 2000),5.00,4
"Snow Strike (DOS, C64, Amiga, Amstrad CPC, Atari ST - 1990)",4.00,6
"Their Finest Missions: Volume One (DOS, Amiga, Atari ST - 1989)",5.00,5
"Vegas Jackpot (C64, ZX Spectrum, Atari 8-bit, VIC-20, BBC Micro, Commodore 16, Electron - 1984)",4.00,4
Secret Weapons of the Luftwaffe (DOS - 1992),4.33,36
NASCAR Racing 2003 Season (Win - 2003),4.42,192
Tabloid Tycoon (Win - 2005),3.33,3
"B-24 (DOS, C64, Apple II - 1987)",4.29,7
SWAT 3: Tactical Game of the Year Edition (Win - 2001),4.67,6
911 Paramedic (Win - 2002),4.75,8
Imperium Galactica II: Alliances (Win - 1999),4.43,7
"Magic Fly (Amiga, Atari ST - 1990)",4.50,2
Contract Bridge (DOS - 1995),5.00,2
Napoleon vs. The Evil Monarchies: Austerlitz 1805 (DOS - 1989),2.89,9
"Harley-Davidson: The Road to Sturgis (DOS, Amiga, Atari ST - 1989)",4.17,20
F-14 Tomcat (C64 - 1989),4.86,7
"F-15 Strike Eagle II (DOS, Genesis, Amiga, Atari ST, Sharp X68000 - 1989)",4.54,51
"Slam Tilt (Win, Amiga - 1996)",4.83,12
Allegiance (Win - 2000),4.89,9
Lemonade Stand (DOS - 1999),0.00,0
Space Spartans (Intellivision - 1982),0.00,0
"The Cosmic Balance (C64, Apple II - 1984)",5.00,7
Tommy's Tarot (DOS - 1988),3.00,2
"Deep Space: Operation Copernicus (DOS, C64, Apple II - 1987)",3.50,6
Star Wars: X-Wing (DOS - 1993),4.52,77
Colossus Chess 3.0 (Atari 8-bit - 1984),4.00,1
Iron Assault (DOS - 1995),4.50,2
"Wing Commander (DOS, Amiga - 1990)",4.56,48
Tracon for Windows (Win 3.x - 1993),0.00,0
"Sim Farm (DOS, Win, Mac - 1993)",4.31,191
"Epidemic! (DOS, Atari 8-bit - 1983)",3.88,8
Platoon (Win - 2002),4.67,3
Virtual Karting (Amiga - 1995),5.00,1
Microsoft Flight Simulator (v2.0) (DOS - 1984),4.27,15
Strikes -N- Spares (Amiga - 1993),5.00,1
Russia: The Great War in the East 1941-1945 (C64 - 1987),5.00,4
"Heavy Gear II (Win, Linux - 1999)",4.71,28
"Mad News (DOS, Amiga - 1994)",5.00,19
Manor (DOS - 1986),5.00,4
Transport Giant (Win - 2004),4.50,2
"The Clue! (DOS, Amiga, Amiga CD32 - 1994)",4.77,43
"Alley 19 Bowling (Win, Mac - 1996)",4.71,7
JetFighter III Classic (Win - 1999),4.75,4
"Eco (Amiga, Atari ST - 1988)",4.50,4
"Fly Harder (C64, Amiga, Amiga CD32 - 1993)",4.75,4
"Ocean Ranger (DOS, C64 - 1989)",4.91,11
"Thunderchopper (DOS, C64 - 1989)",4.92,13
"Dino Land (Genesis, Sharp X68000 - 1991)",5.00,1
Deer Hunter 2: The Hunt Continues (Win - 1998),3.75,8
Ford Simulator 5.0 (DOS - 1994),4.40,20
Perfect! Pool (Win - 2001),0.00,0
"U.S.S. John Young (DOS, C64 - 1990)",4.29,7
Microsoft Combat Flight Simulator 2: WW II Pacific Theater (Win - 2000),4.58,43
"Infiltrator II (DOS, C64 - 1987)",5.00,8
"World Championship Boxing Manager (DOS, C64, Amiga, ZX Spectrum, Amstrad CPC, Atari ST - 1990)",3.90,38
"Manchester United (DOS, C64, Amiga, Amstrad CPC, Atari ST - 1990)",3.89,9
"Starlord (DOS, Amiga - 1994)",4.36,22
Star Trek: Klingon Academy (Win - 2000),4.56,16
"Falcon 4.0 (Win, Mac - 1998)",5.00,3
Golf Resort Tycoon II (Win - 2002),3.50,6
Russian Front II: The Kursk Campaign (DOS - 1990),3.67,3
"Flight Simulator II (C64, Amiga, Atari 8-bit, Atari ST, Apple II - 1984)",4.44,9
"High Seas Trader (DOS, Amiga - 1995)",4.41,34
Freelancer (Win - 2003),4.61,274
"Admiral Graf Spee (C64, Amstrad CPC - 1984)",3.00,2
Front Page Sports: Football Pro '95 Season (DOS - 1995),4.50,12
EGA Trek (DOS - 1988),4.56,16
AquaNox (Win - 2001),3.80,5
Computer War (Atari 8-bit - 1983),4.00,1
Scratch Golf (Game Gear - 1994),5.00,1
"Star Trek: Starship Creator (Win, Mac - 1998)",4.70,10
Air Battles: Sky Defender (Win - 2007),5.00,2
Babyz: Your Virtual Bundle of Joy (Win - 1999),4.31,91
"The Krypton Factor (C64, Amstrad CPC - 1987)",0.00,0
Graduation for Windows 95 (TurboGrafx CD - 1994),0.00,0
"Casino Roulette (C64, Amiga - 1990)",5.00,2
Gadget Tycoon (Win - 2001),4.18,17
The Sting! (Win - 2001),4.30,20
Princess Maker (TurboGrafx CD - 1995),5.00,2
Metal Angel (TurboGrafx CD - 1993),0.00,0
Metaltech: Battledrome (DOS - 1994),4.60,10
"F-15 Strike Eagle (DOS, C64, Game Gear, Amstrad CPC, Atari 8-bit, Atari ST, PC-88 - 1985)",4.38,13
PC Fútbol 3.0 (DOS - 1994),4.08,13
"Ferrari Formula One (DOS, C64, Amiga, Atari ST - 1989)",4.32,19
"International Soccer Challenge (DOS, Amiga, Atari ST - 1990)",4.75,12
"Blue Angels: Formation Flight Simulation (DOS, C64, Amiga, Atari ST - 1989)",5.00,7
USS Ticonderoga: Life and Death on the High Seas (DOS - 1995),4.00,2
Darklight Conflict (DOS - 1997),0.00,0
"Napoleon in Russia: Borodino 1812 (DOS, C64 - 1988)",4.20,10
"Panzer Grenadier (C64, Atari 8-bit, Apple II - 1985)",3.00,1
"Microsoft Flight Simulator (v4.0) (DOS, Mac - 1989)",4.35,34
Slum Lord Pro (DOS - 2005),4.67,3
"Advanced Pinball Simulator (C64, Amstrad CPC, Atari 8-bit - 1989)",5.00,2
Card Players Paradise (DOS - 1995),0.00,0
"Emilio Butragueño ¡Fútbol! (DOS, C64, Amstrad CPC - 1987)",4.00,6
"Obsession (Amiga, Atari ST - 1995)",1.50,2
Las Vegas Roulette (Intellivision - 1979),0.00,0
Panzers East! (C64 - 1984),2.33,3
Space Colony (Mac - 2004),3.88,8
Washington D.C.: Scenery for Microsoft Flight Simulator 5 (DOS - 1993),5.00,2
Colin McRae Rally 2.0 (Win - 2000),4.41,142
Matching Pairs (DOS - 1988),4.00,3
"Field of Fire (C64, Atari 8-bit, Apple II - 1985)",4.67,3
LCM (DOS - 1982),0.00,0
Top Gun: Hornet's Nest (Win - 1998),5.00,5
G-Nome (Win - 1997),4.25,20
Chancellor Of The Exchequer (Atari 8-bit - 1983),4.00,1
Absolute Pinball (DOS - 1996),4.25,53
Pinball Fantasies Deluxe (DOS - 1996),5.00,3
Front Page Sports: Football Pro '96 Season (DOS - 1995),4.50,2
AEGIS: Guardian of the Fleet (DOS - 1994),4.29,34
Fly (DOS - 1984),0.00,0
Rags to Riches (C64 - 1985),4.88,16
"Knights of the Desert (DOS, C64 - 1983)",4.25,4
Test Drive III: The Passion (DOS - 1990),4.21,38
"Las Vegas (C64, Commodore 16 - 1984)",0.00,0
Profitania (Win 3.x - 1998),0.00,0
Stunt Driver (DOS - 1990),4.57,40
"Pegasus Bridge (C64, Amstrad CPC - 1987)",4.40,5
Revs+ (C64 - 1987),5.00,1
Night Crawlers (Atari ST - 1986),0.00,0
Vegas Pro Video Poker (DOS - 1989),1.00,1
"Designasaurus (DOS, Amiga, Apple IIgs - 1988)",5.00,3
Electronic Pinball (Win - 1997),0.00,0
"In Search of The Most Amazing Thing (DOS, C64, Atari 8-bit - 1983)",4.00,9
Cabela's Big Game Hunter 5 (Win - 2001),5.00,3
NASCAR Thunder 2004 (Win - 2003),4.44,15
"Combat Course (DOS, C64, Amiga, Amstrad CPC, Atari ST - 1989)",4.25,4
The Bulge: Battle for Antwerp (C64 - 1985),4.33,3
Pachinko Kuunyan (Genesis - 1992),5.00,1
Quiz Marugoto the World (TurboGrafx CD - 1991),0.00,0
Sub Command: Akula Seawolf 688(I) (Win - 2001),0.00,0
Pursuit of the Graf Spee (Apple II - 1982),4.50,2
Bullseye (DOS - 1982),3.00,2
Simon the Sorcerer's Puzzle Pack (Win - 1998),5.00,5
Animal Quest (DOS - 1996),5.00,3
"MiG Alley Ace (C64, Atari 8-bit - 1984)",4.00,1
Star Trek: Starfleet Command III (Win - 2002),4.28,25
Star Trek: Starfleet Command - Gold Edition (Win - 2000),5.00,2
"Deep Strike (C64, Amstrad CPC - 1987)",4.50,2
Virtual Pool 2 (Win - 1997),4.33,7
Close Assault (Apple II - 1982),3.00,1
Steel Talons (Genesis - 1992),4.50,2
Caesars Palace (Game Gear - 1993),0.00,0
Hoyle Poker (Win - 1997),4.00,3
"The Lost Tribe (DOS, Mac - 1992)",4.47,17
Visions of Aftermath: The Boomtown (DOS - 1988),4.13,8
Poseidon Wars 3-D (Master System - 1989),0.00,0
Falcon 4.0: Allied Force (Win - 2005),4.00,8
Links LS: Legends in Sports - 1997 Edition (DOS - 1996),4.75,4
Sudden Strike II (Win - 2002),4.30,10
Football Masters 98 (Win - 1997),4.00,3
Motocross (DOS - 1989),4.57,14
Ball (DOS - 1982),0.00,0
"F29 Retaliator (DOS, Amiga, Atari ST - 1990)",4.59,37
LOVEDOS (DOS - 1988),3.00,1
"Conflict: Middle East (DOS, Amiga - 1991)",4.83,18
3 Card High Low Poker (DOS - 1986),3.80,10
"Federation (Amiga, Atari ST - 1989)",4.80,5
"Manchester United Premier League Champions (DOS, Amiga - 1994)",4.00,12
PC Pool (DOS - 1984),3.20,5
Reelect JFK (Win 3.x - 1994),0.00,0
Airport Tycoon 3 (Win - 2003),4.50,22
Dirt Track Racing: Australia (Win - 2000),4.43,14
Visual Pinball (Win - 2000),0.00,0
Frank Thomas Big Hurt Baseball (Game Gear - 1995),5.00,2
Wild Pitch! (DOS - 1992),0.00,0
Task Force 1942 (DOS - 1992),4.66,39
Lemonade Tycoon 2 (Win - 2004),4.22,27
"Air Support (Amiga, Atari ST - 1992)",5.00,3
18 Wheels of Steel: Across America (Win - 2003),4.13,16
Sniper Elite (Win - 2005),4.67,3
"Leeds United Champions! (Amiga, Atari ST, Acorn 32-bit - 1992)",0.00,0
Air Combat: Yūgekiō II (Sharp X68000 - 1990),0.00,0
"Conflict (DOS, Amiga - 1990)",4.52,54
"Panzer Strike! (C64, Apple II - 1988)",5.00,1
Body Glove's Bluewater Hunter (Win - 1999),5.00,1
"Biggles (C64, Amstrad CPC - 1986)",5.00,3
Atlantis Underwater Tycoon (Win - 2003),4.44,18
Strike Commander (DOS - 1993),4.58,53
Pub Pool (DOS - 1987),4.25,4
Theme Hospital (DOS - 1997),4.44,848
F-16 Multirole Fighter (Win - 1998),4.43,70
Pinball (Intellivision - 1983),0.00,0
"Dive Bomber (DOS, C64, Amstrad CPC, Atari ST, Apple II - 1989)",4.50,12
St. Thomas (DOS - 1995),5.00,1
The Conveni 4 (Win - 2006),5.00,1
"A Question of Sport (DOS, C64, Amiga, Amstrad CPC, Atari ST, BBC Micro - 1988)",5.00,2
"BlackJack Academy (DOS, C64, Amiga, Apple IIgs - 1988)",4.00,1
JetFighter II: Advanced Tactical Fighter (DOS - 1990),4.43,46
Solo Flight: 2nd Edition (C64 - 1985),5.00,1
Worlds of Flight (Dragon 32/64 - 1984),5.00,1
"E.S.S. (DOS, Amiga, Atari ST - 1989)",4.00,4
TacOps 4 (Win - 2002),0.00,0
"Odell Lake (C64, Apple II - 1986)",4.89,9
Yawara! 2 (TurboGrafx CD - 1994),0.00,0
Trump Castle: The Ultimate Casino Gambling Simulation (DOS - 1988),4.50,4
Destroyer Escort (C64 - 1989),4.71,7
"Player Manager 2 (DOS, Amiga - 1995)",4.04,27
Caveland (Win - 1996),4.20,5
"Germ Crazy (Amiga, Atari ST - 1991)",5.00,1
Jagdstaffel (Atari 8-bit - 1980),0.00,0
F-15 Strike Eagle III (DOS - 1992),4.38,124
Best of Chess - Volume I: American Triumph (C64 - 1984),0.00,0
Comanche 3 (DOS - 1997),4.53,17
Star Trek: Captain's Chair (Win - 1997),4.00,4
"Conflict: Korea - The First Year 1950-51 (DOS, Amiga - 1992)",4.63,16
Esnuka (DOS - 1992),1.00,1
"Flight Commander 2 (Mac, Win 3.x - 1995)",4.63,8
"Football Manager II: Expansion Kit (DOS, C64 - 1989)",3.00,3
"Battle of Antietam (DOS, C64, Atari 8-bit, Apple II - 1986)",4.17,6
Haunting Starring Polterguy (Genesis - 1993),4.75,8
Maze Machine (DOS - 1986),2.50,2
"LHX: Attack Chopper (DOS, Genesis - 1990)",4.59,55
Star Trek: Legacy (Win - 2006),4.35,44
Tom Clancy's Rainbow Six (Mac - 1999),4.52,23
Trust and Betrayal: The Legacy of Siboot (DOS - 1987),4.29,7
"Elite (DOS, C64, Amiga, Amstrad CPC, Atari ST, Apple II, Acorn 32-bit, BBC Micro - 1987)",4.23,40
LEGOLAND (Win - 2000),4.46,63
"Inve$t (DOS, C64, Amiga - 1991)",5.00,1
"FIFA Soccer 96 (DOS, Genesis, SEGA 32X - 1995)",4.26,158
"Nigel Mansell's Grand Prix (Amiga, Amstrad CPC - 1988)",0.00,0
Minnesota Fats: Pool Legend (Genesis - 1995),5.00,2
Bandito (Dragon 32/64 - 1984),0.00,0
GTI Racing (Win - 2006),4.41,63
MechWarrior 4: Vengeance (Win - 2000),4.77,22
Zombie Smashers X3: Ninjastarmageddon! (Win - 2007),0.00,0
The Conveni 3 (Win - 2002),0.00,0
"Hostage: Rescue Mission (DOS, Mac, C64, Amiga, Amstrad CPC, Atari ST, BBC Micro, Electron - 1989)",4.36,36
Corncob 3-D: The Other Worlds Campaign (DOS - 1992),4.00,4
Rags to Riches: The Financial Market Simulation (DOS - 1993),4.17,23
"Guadalcanal (C64, Amstrad CPC - 1987)",5.00,3
"Kenny Dalglish Soccer Match (C64, Amiga, Amstrad CPC - 1990)",5.00,1
"Infiltrator (DOS, C64, ZX Spectrum, Amstrad CPC, Atari 8-bit, Apple II - 1986)",5.00,11
Submarine (DOS - 1989),4.33,6
Wing Commander: Privateer - Speech Pack (DOS - 1993),4.67,9
Glider Pilot (C64 - 1985),4.67,3
Su-27 Flanker (DOS - 1996),4.44,59
"The Warp Factor (DOS, Apple II - 1982)",4.34,6
"Big Sea: The Better One Will Win (DOS, Amiga - 1994)",4.35,17
"Soccer Pinball (C64, Amiga, Amstrad CPC - 1992)",3.67,3
Combination Lock (DOS - 1992),4.83,24
Crazy Nick's Software Picks: Robin Hood's Games of Skill and Chance (DOS - 1992),3.00,1
"Championship Manager: Season 00/01 (Win, Mac - 2000)",4.13,85
A Ressha de Ikō (PC-88 - 1986),5.00,3
"Trex Warrior: 22nd Century Gladiator (Amiga, Atari ST - 1991)",4.40,5
Championship Manager 4 (Win - 2003),4.33,43
"European Superleague (DOS, Amiga, Amstrad CPC - 1991)",4.00,1
"Floor 13 (DOS, Amiga - 1991)",4.07,15
Codename MAT (Amstrad CPC - 1984),5.00,1
"Stock Market: The Game (DOS, Amiga - 1990)",4.21,29
P-80 Shooting Star Tour Of Duty (DOS - 1991),0.00,0
Rockstar! (DOS - 1989),4.39,28
WarBirds (Win - 1998),5.00,4
Epic Baseball (DOS - 1995),3.20,5
"Star Trek: 25th Anniversary (DOS, Mac, Amiga - 1992)",4.55,59
Inside Trader: The Authentic Stock Trading Game (DOS - 1987),5.00,8
"Millionaire: The Stock Market Simulation (DOS, Mac, C64, Atari 8-bit - 1982)",3.80,5
Search and Rescue (Win - 1997),4.33,3
"Armada (DOS, Amiga - 1989)",5.00,3
"Hockey League Simulator (DOS, Amiga - 1990)",4.84,6
"Galaxy (DOS, C64 - 1982)",4.40,5
Independence War 2: Edge Of Chaos (Win - 2001),5.00,2
Carrier Strike: South Pacific 1942-44 (DOS - 1992),4.45,27
"Football Director II (Amiga, Atari ST - 1988)",4.17,6
Objective: Kursk (Apple II - 1984),0.00,0
IndyCar Racing (DOS - 1993),4.49,35
Star Trek (DOS - 1981),4.18,17
Space Vikings (Apple II - 1982),5.00,4
"Uplink: Hacker Elite (Win, Mac, Linux - 2001)",4.83,6
"Team Yankee (DOS, Amiga, Atari ST - 1990)",4.45,20
Las Vegas (Amiga - 1987),5.00,1
"Rebel Charge at Chickamauga (DOS, C64, Amiga, Atari 8-bit, Apple II - 1987)",3.75,4
500 cc Grand Prix (DOS - 1987),0.00,0
Lunar Pool (PC-88 - 1985),5.00,2
Corncob Deluxe (DOS - 1994),4.83,6
P-38 Lightning Tour of Duty (DOS - 1991),5.00,1
Formula 1 3D (Amiga - 1991),4.00,4
"Rules of Engagement 2 (DOS, Amiga - 1993)",4.64,11
"A-Train (DOS, Mac, Amiga, Sharp X68000 - 1992)",4.39,70
"Championship Manager: End of 1994 Season Data Up-date Disk (DOS, Amiga, Atari ST - 1994)",4.06,25
Tank Commander (DOS - 1995),4.07,14
Fly! II (Win - 2001),5.00,8
Mychess II (C64 - 1984),5.00,1
Gazillionaire (Win 3.x - 1994),5.00,4
"Tomahawk (DOS, C64, Amstrad CPC, Atari 8-bit, Apple II, Apple IIgs - 1988)",4.91,11
Fast Food Tycoon 2 (Win - 2000),4.80,10
"Cartels & Cutthroat$ (DOS, C64, Apple II - 1985)",4.50,10
"Miami Dice (C64, Amstrad CPC - 1986)",0.00,0
LineWars (DOS - 1990),3.80,5
Independence Day (Win - 1997),3.86,7
NASCAR Thunder 2003 (Win - 2002),4.11,9
"Tropico (Win, Mac - 2001)",4.38,21
F/A-18 Precision Strike Fighter (Win - 2001),5.00,10
What They Don't Teach You At Harvard Business School (DOS - 1987),4.33,9
Atlantic Patrol (C64 - 1982),4.00,1
Dark Horizon (Win - 2008),0.00,0
"Planet Miners (Atari 8-bit, Apple II - 1981)",4.25,4
Worldwide Soccer Manager 2005 (Win - 2004),4.67,3
Gangbusters (C64 - 1982),4.50,4
"Enemy Engaged: RAH-66 Comanche versus Ka-52 Hokum (Win, Mac - 2000)",0.00,0
Age of Pirates: Caribbean Tales (Win - 2005),0.00,0
Streets of SimCity (Win - 1997),4.00,9
Mig Alley (Win - 1999),5.00,12
"Winning Post (3DO, Sharp X68000 - 1994)",4.00,1
StarShip: Invasion (DOS - 1984),4.33,3
Face-Off (Amiga - 1991),5.00,1
Horse Racing Simulator (Atari ST - 1990),0.00,0
"Universe (DOS, Atari 8-bit, Apple II - 1987)",5.00,8
"Championship Manager 93 (DOS, Amiga - 1993)",4.13,8
Zero4 Champ II (TurboGrafx CD - 1993),0.00,0
UFO (DOS - 1989),4.88,8
Pachio-kun 3: Pachisuro & Pachinko (TurboGrafx CD - 1994),0.00,0
"Jack Charlton's Match Fishing (C64, ZX Spectrum - 1985)",4.67,3
"Wargame Construction Set (DOS, C64, Atari 8-bit, Atari ST - 1988)",4.33,9
Apollo 18: The Moon Missions (Win - 1999),5.00,1
"Air Warrior (DOS, Mac, Amiga, Atari ST - 1992)",4.43,14
"The Oregon Trail (DOS, Mac, Win 3.x, Apple II - 1990)",4.35,235
"Global Commander (C64, Amiga, Amstrad CPC - 1987)",5.00,5
"Dogz: Your Computer Pet (Win 3.x, Mac - 1995)",4.83,6
Godzilla! (C64 - 1983),5.00,2
"Little Computer People (C64, Amiga, Amstrad CPC, Atari ST, PC-88 - 1985)",4.42,56
"Serf City: Life is Feudal (DOS, Amiga - 1994)",4.59,101
Slam-Dunk (C64 - 1988),5.00,2
"688 Attack Sub (DOS, Genesis, Amiga - 1989)",4.87,193
Oligopoly (DOS - 1987),4.42,12
"Spitfire Ace (DOS, C64, Atari 8-bit - 1984)",4.25,12
Nexus: The Jupiter Incident (Win - 2004),5.00,1
Terminus (Win - 2000),4.60,5
SimCity: Enhanced CD-ROM (DOS - 1993),4.42,12
Cycling Manager 3 (Win - 2003),4.50,9
"Balance of the Planet (DOS, Mac - 1990)",4.84,24
KA-50 Hokum (DOS - 1995),4.34,6
Baseball Mogul (Win - 1997),5.00,1
"Street Rod 2: The Next Generation (DOS, Amiga - 1991)",4.45,152
Universe II (DOS - 1986),5.00,6
"Computer Quarterback (C64, Atari 8-bit, Apple II - 1984)",4.16,51
Fading Footsteps (Win - 1998),5.00,2
The Railroad Works (C64 - 1985),4.86,7
"Castles II: Siege & Conquest (DOS, Mac, Amiga - 1992)",4.47,100
SimPark (Win - 1996),4.64,11
GT Legends (Win - 2005),5.00,4
Mobil 1 Rally Championship (Win - 1999),4.62,93
Project Nomads (Win - 2002),4.25,16
Fleet Defender (DOS - 1994),4.50,30
JFK Reloaded (Win - 2004),4.13,84
Alter Ego: Male (DOS - 1986),4.07,15
4 Queens Computer Casino (DOS - 1992),3.45,11
Bass Masters Classic: Pro Edition (Genesis - 1996),1.00,1
"Dawn Patrol (DOS, Amiga - 1994)",4.56,9
Monte Carlo (Apple IIgs - 1987),0.00,0
"Tony La Russa's Ultimate Baseball (DOS, C64 - 1991)",3.11,9
"Manchester United: The Double (DOS, Amiga - 1994)",4.80,18
Constellation (Atari 8-bit - 1992),0.00,0
Micro$oft Simulator (DOS - 1994),4.00,1
Big Biz Tycoon! 2 (Win - 2003),3.50,2
Car and Driver (DOS - 1992),4.12,34
Microsoft Combat Flight Simulator: WWII Europe Series (Win - 1998),4.48,56
"SimCity (DOS, C64, Amiga, Amstrad CPC, Atari ST, Acorn 32-bit, BBC Micro, Electron, Sharp X68000 - 1989)",4.30,125
Close Combat: Invasion: Normandy - Utah Beach to Cherbourg (Win - 2000),4.00,3
Living Ball (Amiga - 1994),3.67,3
Tracon: Air Traffic Control Simulator (DOS - 1989),4.34,32
"Lost Dutchman Mine (DOS, Amiga - 1989)",4.72,32
The Sims 2 (Win - 2004),4.37,71
"50 Mission Crush (DOS, C64, Atari 8-bit, Apple II - 1986)",3.42,16
The Wild Science Arcade (DOS - 1993),4.40,5
"Caesar II (DOS, Mac - 1995)",4.57,99
Ford Racing (Win - 1999),4.19,16
Napoleon 1813 (Win - 1999),4.50,2
Zoo Tycoon 2 (Win - 2004),4.48,175
EarthSiege 2 (Win - 1996),4.33,30
Knights of Honor (Win - 2004),5.00,3
"The Ancient Art of War in the Skies (DOS, Amiga, Atari ST - 1992)",4.55,20
Deer Hunter 2003 (Win - 2002),5.00,1
Football Masters 96/97 (DOS - 1996),5.00,1
Incunabula (DOS - 1984),3.50,4
"Oddballz: Your Wacky Computer Petz (Win, Mac, Win 3.x - 1996)",3.88,8
"Football Manager 3 (DOS, C64, Amstrad CPC - 1993)",4.17,6
A Force More Powerful: The Game of Nonviolent Strategy (Win - 2006),2.00,4
"Acrojet (C64, Amstrad CPC, PC-88 - 1985)",4.67,3
F-22 Interceptor (Genesis - 1991),5.00,3
"Mercenary (C64, Amstrad CPC, Atari 8-bit, Atari ST, Commodore 16 - 1985)",5.00,5
"Under Fire! (DOS, C64, Apple II - 1988)",4.40,10
"StarFlight 2: Trade Routes of The Cloud Nebula (DOS, Mac, Amiga - 1989)",4.50,39
Dragon Trek (Dragon 32/64 - 1982),0.00,0
"Jimmy Connors Pro Tennis Tour (DOS, C64, Amiga, Amstrad CPC - 1991)",4.29,7
"The Hunt for Red October (DOS, Mac, C64, Amiga, Amstrad CPC, Atari ST, Apple IIgs - 1987)",4.60,20
"Gunship 2000 (DOS, Amiga - 1991)",4.61,85
Crete 1941: Fallschirmjager (Amstrad CPC - 1990),4.50,2
"Stickybear Town Builder (DOS, C64 - 1992)",4.33,3
Sea Dogs (Win - 2000),5.00,3
"Sotsugyō (Sharp X68000, TurboGrafx CD - 1994)",0.00,0
Tekipaki: Working Love (TurboGrafx CD - 1997),0.00,0
Virtual Resort: Spring Break (Win - 2002),4.57,14
Jane's Combat Simulations: 688(I) Hunter/Killer (Win - 1997),5.00,2
NHL All-Star Hockey '95 (Genesis - 1995),5.00,1
Big Rig (DOS - 1987),4.67,6
Wing Commander: Prophecy (Win - 1997),5.00,3
"Airline Tycoon Deluxe (Win, Mac, Linux - 2003)",5.00,4
Money Bags: Beat the Gnome of Zurich (DOS - 1988),5.00,4
Airline Tycoon (Win - 1998),4.80,5
F1 Manager (DOS - 1996),4.11,36
O-Pong (DOS - 1996),5.00,1
"Hellcat Ace (DOS, C64, Atari 8-bit - 1984)",3.80,10
Siia-sinna läbi linna's (Win - 2002),5.00,3
Grand Prix II (DOS - 1996),4.76,17
Toilet Tycoon (Win - 2006),5.00,1
Formula 1 Masters (Amiga - 1996),3.00,2
1990: Die 1993'er Edition (Amiga - 1993),4.33,9
Life & Death II: The Brain (DOS - 1990),4.77,28
Enemy Engaged: Apache/Havoc (Win - 1998),0.00,0
Fast Food Tycoon (Win - 1999),4.60,25
F-18 Hornet (C64 - 1988),5.00,1
Open Kart (Win - 2001),4.00,1
"Fugger (C64, Amiga, Atari ST - 1988)",4.60,5
Point of Attack (DOS - 1992),0.00,0
Browning African Safari: Who's Hunting Who? (Win - 1998),4.17,12
