Title,Average Rating,Number of Ratings
'89 Dennō Kyūsei Uranai (NES - 1988),2.67,6
"1000 Miglia (DOS, Amiga, C64 - 1992)",3.83,18
177 (PC-88 - 1986),4.30,10
1830: Railroads & Robber Barons (DOS - 1995),4.61,33
"1869 (DOS, Amiga - 1992)",4.47,47
1942: The Pacific Air War (DOS - 1994),4.32,109
1990: Die 1993'er Edition (Amiga - 1993),2.00,2
"1999: Hore, Mita koto ka! Seikimatsu (NES - 1992)",0.00,0
21 (DOS - 1982),0.00,0
3 Card High Low Poker (DOS - 1986),3.00,5
3-D Ultra Pinball: Thrillride (Game Boy Color - 2000),0.00,0
3D Desert Patrol (ZX Spectrum - 1983),5.00,1
3D Seiddab Attack (ZX Spectrum - 1984),4.00,1
3DCube (DOS - 1994),3.60,5
4 Queens Computer Casino (DOS - 1992),2.57,7
"4x4 Evo (Windows, Mac - 2000)",4.70,20
"50 Mission Crush (DOS, Apple II, Atari 8-bit, C64 - 1986)",2.78,10
500cc Motomanager (C64 - 1991),5.00,3
"688 Attack Sub (DOS, Amiga, Genesis - 1989)",4.88,146
737 Flight Simulator (MSX - 1984),5.00,2
747 (C64 - 1985),5.00,1
"747 Flight Simulator (Atari 8-bit, C64, Dragon 32/64 - 1983)",5.00,3
A Day At Work (Mac - 1999),3.17,6
A Line in The Sand (DOS - 1992),4.44,16
"A Question of Sport (Amiga, Amstrad CPC, Atari ST, C64 - 1988)",5.00,1
"A Ressha de Ikō (NES, PC-88 - 1991)",5.00,2
A-10 Attack! (Mac - 1995),4.75,4
A-10 Cuba! (Mac - 1996),5.00,3
"A-10 Tank Killer (DOS, Amiga - 1989)",4.50,16
A-10 Tank Killer v. 1.5 (DOS - 1991),4.45,31
"A-Train (DOS, Amiga, Mac - 1992)",4.39,58
"A-Train Construction Set (DOS, Amiga - 1992)",4.50,14
"A.G.E. (DOS, Amiga - 1991)",3.72,14
A320 Airbus Vol. 2 (Amiga - 1995),0.00,0
"A320 Airbus: Edition Europa (DOS, Amiga - 1993)",4.76,29
"A320 Airbus: Edition USA (DOS, Amiga, Atari ST - 1993)",4.00,6
"Abrams Battle Tank (DOS, Genesis - 1989)",4.13,37
Absolute Pinball (DOS - 1996),4.26,47
"ACE 2 (DOS, Amstrad CPC, Commodore 16, C64 - 1987)",3.00,2
"Ace of Aces (DOS, Amstrad CPC, Atari 8-bit, C64, MSX - 1987)",4.17,12
"ACE: Air Combat Emulator (DOS, Amstrad CPC, Commodore 16, C64, VIC-20 - 1986)",4.00,6
Aces of the Deep (DOS - 1994),4.23,48
Aces of the Pacific (DOS - 1992),4.50,32
Aces Over Europe (DOS - 1993),4.52,23
Achtung Spitfire (Mac - 1997),4.63,8
"Acrojet (Amstrad CPC, C64, PC-88 - 1987)",4.00,1
Across the Rhine (DOS - 1995),4.00,30
Action in The North Atlantic (DOS - 1989),3.80,5
"Action Stations! (DOS, Amiga - 1991)",4.62,13
Actionauts (C64 - 1986),5.00,1
"Admiral Graf Spee (Amstrad CPC, C64 - 1984)",3.00,2
Adult Film Cameraman (DOS - 1994),3.92,58
"Advanced Destroyer Simulator (DOS, Amiga, Amstrad CPC, Atari ST - 1990)",4.45,11
Advanced NetWars (DOS - 1997),4.14,7
"Advanced Pinball Simulator (Amstrad CPC, Atari 8-bit, C64 - 1988)",5.00,1
AEGIS: Guardian of the Fleet (DOS - 1994),3.96,23
"Aerobiz (Genesis, PC-98, SNES - 1992)",5.00,4
"Aerobiz Supersonic (Genesis, SNES - 1994)",5.00,5
Africa Trail (Mac - 1997),2.33,6
"African Raiders-01 (DOS, Amiga, Atari ST - 1989)",3.71,14
Afterlife (Mac - 1996),3.92,12
"AH-3: ThunderStrike (DOS, SEGA CD - 1996)",4.50,2
Ai Sensei no Oshiete: Watashi no Hoshi (NES - 1993),0.00,0
"Air Bucks (DOS, Amiga, Atari ST - 1992)",4.33,37
"Air Duel: 80 Years of Dogfighting (DOS, Amiga - 1993)",4.54,31
Air Power: Battle in the Skies (DOS - 1995),4.34,21
"Air Support (Amiga, Atari ST - 1992)",5.00,2
Air Traffic Controller (DOS - 1985),4.00,5
Air Trax (DOS - 1983),2.33,3
"Air Warrior (DOS, Amiga, Mac, Atari ST - 1992)",4.34,12
"Airborne Ranger (DOS, Amiga, Amstrad CPC, Atari ST, C64 - 1988)",4.50,32
Airline (DOS - 1991),5.00,2
Airline Tycoon (Windows - 1998),5.00,2
Airline Tycoon Evolution (Windows - 2002),3.67,3
Airliner (C64 - 1984),4.00,1
Airlines (DOS - 1994),4.09,11
Airport (Amiga - 1990),0.00,0
Airport Tycoon (Windows - 2000),4.00,6
Airport Tycoon 2 (Windows - 2003),5.00,1
Airport Tycoon 3 (Windows - 2003),5.00,4
Airwolf (NES - 1989),0.00,0
Akumu: Aoi Kajitsu no Sanka (PC-98 - 1996),3.00,3
"Albatross (MSX, PC-88 - 1986)",0.00,0
All-American College Football (DOS - 1991),3.38,8
All-Star Baseball 99 (Game Boy - 1998),0.00,0
Allegiance (Windows - 2000),5.00,6
Alley 19 Bowling (Mac - 1996),5.00,2
Alpha Storm (DOS - 1997),0.00,0
"Alter Ego (DOS, Apple II, C64 - 1986)",3.88,16
Alter Ego: Female (DOS - 1986),4.58,12
Alter Ego: Male (DOS - 1986),4.08,13
Amarillo Slim 7 Card Stud (DOS - 1991),4.00,1
Amarillo Slim Dealer's Choice (DOS - 1991),3.00,4
Amazon Trail 3rd Edition (Mac - 1998),4.22,23
America Daitōryō Senkyo (NES - 1988),0.00,0
America! Ōdan Ultra Quiz: Shijō Saidai no Tatakai (NES - 1991),5.00,1
American 3D Pool (C64 - 1991),1.00,1
American Dream (NES - 1989),0.00,0
"American Gladiators (DOS, Amiga, Genesis, NES, SNES - 1992)",3.10,10
Angel Night (PC-98 - 1996),5.00,1
Ante-Up at the Friday Night Poker Club (DOS - 1990),3.50,4
"Apache (DOS, Mac - 1995)",4.89,18
"Apollo 18: Mission to the Moon (DOS, C64 - 1988)",4.09,12
Approach Trainer (Amiga - 1995),4.33,3
"Arcade Fruit Machine (DOS, Amiga, Amstrad CPC, Atari 8-bit, Atari ST, C64 - 1992)",5.00,2
"Arcade Pool (DOS, Amiga - 1994)",3.94,16
"Arcticfox (DOS, Amiga, Amstrad CPC, Apple II, Atari ST, C64, PC-98 - 1987)",3.94,16
"Armada (DOS, Amiga - 1989)",5.00,3
Armored Fist (DOS - 1994),4.22,18
"Armour-Geddon (DOS, Amiga, Atari ST - 1992)",4.60,10
Armour-Geddon 2: Codename Hellfire (Amiga - 1994),4.50,2
Asgard (Atari ST - 1989),0.00,0
"Ashes of Empire (DOS, Amiga - 1993)",4.30,10
ATAC: The Secret War Against Drugs (DOS - 1992),4.27,15
Atlantic Patrol (C64 - 1982),4.00,1
Atlas (SNES - 1995),5.00,1
"Aufschwung Ost (DOS, Amiga - 1993)",3.50,4
"Austerlitz (DOS, Amiga, Atari ST - 1989)",5.00,4
"AV-8B Harrier Assault (DOS, Amiga, Atari ST - 1993)",4.19,21
"B-1 Nuclear Bomber (DOS, Apple II, Atari 8-bit, C64, VIC-20 - 1983)",4.29,14
"B-17 Flying Fortress (DOS, Amiga, Atari ST - 1992)",4.65,85
"B-24 (DOS, Apple II, C64 - 1987)",4.00,5
Babyz: Your Virtual Bundle of Joy (Windows - 1999),4.33,3
Back to Baghdad (DOS - 1996),4.67,3
Bakushō! Star Monomane Shitennō (NES - 1990),0.00,0
Bakushō!! Ai no Gekijō (NES - 1990),0.00,0
Bakushō!! Jinsei Gekijō (NES - 1989),0.00,0
Bakushō!! Jinsei Gekijō 2 (NES - 1991),0.00,0
Bakushō!! Jinsei Gekijō 3 (NES - 1991),0.00,0
"Balance of Power (DOS, Amiga, Apple II, Atari ST, PC-88, PC-98 - 1985)",4.43,26
"Balance of Power: The 1990 Edition (Amiga, Windows 3.x, Mac, Apple IIgs, Atari ST - 1989)",4.09,47
"Balance of the Planet (DOS, Mac - 1990)",4.79,19
Ball (DOS - 1982),0.00,0
Ball Race (DOS - 1988),3.78,9
Bandit (DOS - 1986),2.67,3
Bandito (Dragon 32/64 - 1984),0.00,0
Banqi 聖手 (DOS - 1995),0.00,0
"Bar Games (DOS, Amiga - 1989)",4.38,16
Barbie (C64 - 1984),3.75,4
Barracuda: Secret Mission 1 (DOS - 1992),3.00,2
Baseball Mogul 2006 (Windows - 2005),5.00,1
Bass Class (DOS - 1992),4.50,2
"Bass Masters Classic (Genesis, SNES - 1995)",0.00,0
Bass Masters Classic (Game Boy Color - 1999),0.00,0
"Bass Masters Classic: Pro Edition (Genesis, SNES - 1996)",0.00,0
Bassin's Black Bass (SNES - 1994),0.00,0
"Battle Command (DOS, Amiga, Amstrad CPC, Atari ST, C64 - 1990)",4.14,7
"Battle Group (Apple II, C64 - 1986)",4.00,1
"Battle of Antietam (DOS, Apple II, Atari 8-bit, C64 - 1986)",4.00,4
"Battle Stations (DOS, C64 - 1990)",4.33,6
Battlecruiser 3000AD v2.0 (Windows - 1998),5.00,8
Battlecruiser Millennium (Windows - 2001),5.00,7
"Battlefront (Apple II, C64 - 1986)",4.00,2
"Battlehawks 1942 (DOS, Amiga, Atari ST - 1988)",4.20,10
"Battles in Normandy (Apple II, C64 - 1987)",3.67,3
Battleship Bismarck (DOS - 1987),5.00,3
"Battlezone (DOS, Atari 8-bit, C64, VIC-20 - 1983)",4.34,24
Beat the House (DOS - 1992),3.25,4
Begin: A Tactical Starship Simulation (DOS - 1989),4.40,5
"Big Business (DOS, Amiga, Atari ST - 1990)",4.22,23
"Big Game Fishing (DOS, Amiga, C64 - 1991)",4.35,20
Big Rig (DOS - 1987),4.50,4
Big Rigs: Over the Road Racing (Windows - 2003),3.75,8
"Big Sea: The Better One Will Win (DOS, Amiga - 1994)",4.29,14
"Biggles (Amstrad CPC, C64 - 1986)",5.00,3
"Biing!: Sex, Intrigue and Scalpels (Amiga - 1995)",4.83,6
"Bill Elliott's Nascar Challenge (DOS, Mac, NES - 1991)",4.58,12
Bingo (C64 - 1984),0.00,0
"Birds of Prey (DOS, Amiga - 1992)",3.80,10
Birthdays (PC-98 - 1994),5.00,1
Bishōjo shashinkan: Moving School (PC-88 - 1987),3.00,2
"Bismarck (Amiga, Apple II, Atari 8-bit, Atari ST, C64 - 1988)",0.00,0
Biznesman (DOS - 1988),3.25,4
Black & White (Windows - 2001),4.31,71
Black Box (DOS - 1987),4.00,2
Black Friday #3 (DOS - 1983),4.00,2
"Black Gold (DOS, Amiga, Atari ST, C64 - 1989)",4.33,27
"Black Gold (DOS, Amiga, Atari ST, C64 - 1991)",3.82,11
Black Monday (DOS - 1987),3.60,5
Blackjack (DOS - 1984),0.00,0
Blackjack (DOS - 1984),0.00,0
"BlackJack Academy (DOS, Amiga, Apple IIgs, C64 - 1987)",4.00,1
"Blitzkrieg at the Ardennes (DOS, Amiga - 1990)",4.25,12
"Blue Angels: Formation Flight Simulation (DOS, Amiga, Atari ST, C64 - 1989)",5.00,5
"Blue Max: Aces of the Great War (DOS, Amiga, Atari ST - 1990)",4.25,8
"Bob's Full House (Amstrad CPC, C64 - 1988)",0.00,0
Bobby Fischer Teaches Chess (DOS - 1994),5.00,2
Bodyworks Voyager: Missions in Anatomy (DOS - 1994),4.50,6
Bonzo! (C64 - 1983),0.00,0
"Borodino (Amiga, Atari ST - 1989)",5.00,2
Boswain (C64 - 1984),0.00,0
"Bravo Romeo Delta (DOS, Amiga - 1993)",4.00,7
Bridge Baron V (DOS - 1989),0.00,0
BridgePal (DOS - 1989),0.00,0
"Budokan: The Martial Spirit (DOS, Amiga, Amstrad CPC, C64, Genesis - 1989)",4.84,31
Bullseye (DOS - 1982),5.00,1
"Bullseye (Amstrad CPC, C64 - 1985)",0.00,0
Bundesliga Live (C64 - 1985),0.00,0
"Bundesliga Manager (DOS, Amiga, Atari ST, C64 - 1990)",4.14,7
"Bundesliga Manager Professional (DOS, Amiga, Atari ST - 1991)",4.00,30
Bundesliga Manager Professional (Limited Edition) (DOS - 1992),4.33,6
Business Simulator (DOS - 1987),4.38,16
Buzz Aldrin's Race into Space (DOS - 1993),4.42,31
C.E.O. (DOS - 1995),4.42,19
"Caesar (DOS, Amiga, Mac, Atari ST - 1993)",4.45,20
Caesar III (Mac - 1999),4.18,84
Caesars Palace (DOS - 1990),3.25,4
Caesars Palace (Mac - 1992),3.00,2
"Caesars Palace (Game Boy, Game Gear, NES - 1991)",0.00,0
"Campaign (DOS, Amiga, Atari ST - 1992)",4.10,10
Canton: An Atlas Pathfinder Adventure (DOS - 1994),3.50,4
Capcom's Soccer Shootout (SNES - 1994),0.00,0
"Capitalism (DOS, Mac - 1995)",4.40,48
Car and Driver (DOS - 1992),4.28,25
Car Builder (DOS - 1982),4.20,63
Car Tycoon (Windows - 2001),4.00,2
Carrier Aces (SNES - 1995),4.00,1
"Carrier Force (Apple II, C64 - 1983)",5.00,2
Carrier Strike Add-On (DOS - 1992),4.38,8
Carrier Strike: South Pacific 1942-44 (DOS - 1992),4.39,18
"Carriers at War (DOS, Mac - 1992)",4.16,19
Carriers at War 1941-1945: Fleet Carrier Operations in the Pacific (C64 - 1984),5.00,2
Carriers at War II (DOS - 1993),4.31,19
"Cartels & Cutthroat$ (DOS, Apple II, C64 - 1985)",4.50,10
Cash (Amiga - 1991),5.00,1
Casino Games (DOS - 1982),4.00,1
"Casino Roulette (Amiga, C64 - 1988)",0.00,0
"Castles (DOS, Amiga, Atari ST - 1991)",4.53,38
"Castles II: Siege & Conquest (DOS, Amiga, Mac - 1992)",4.45,94
Caterpillar Construction Zone (Game Boy Color - 1999),0.00,0
Catz (Game Boy Color - 1999),0.00,0
Centerbase (Amiga - 1992),5.00,5
"Championship Golf: The Great Courses of the World - Volume One: Pebble Beach (DOS, Amiga - 1986)",4.00,2
"Championship Manager (DOS, Amiga, Atari ST - 1992)",4.41,22
Championship Manager 2 (DOS - 1995),4.07,43
Championship Manager 4 (Windows - 2003),4.18,11
Championship Manager 93 (Amiga - 1993),3.50,2
Championship Manager Italia (Amiga - 1993),3.50,4
"Championship Manager: End of 1994 Season Data Up-date Disk (DOS, Amiga, Atari ST - 1994)",4.35,18
"Championship Manager: Season 00/01 (Windows, Mac - 2000)",3.90,41
Championship Manager: Season 01/02 (Windows - 2001),4.55,11
Championship Manager: Season 97/98 (DOS - 1997),4.17,185
Chancellor Of The Exchequer (Atari 8-bit - 1983),4.00,1
Chart Wars 3 (Windows - 2004),3.00,12
Chernobyl: Nuclear Power Plant Simulation (C64 - 1987),5.00,3
Chinese Chess Master III (DOS - 1992),5.00,6
Chopper Commando (DOS - 1990),4.00,3
"Chuck Yeager's Advanced Flight Simulator (DOS, Mac, Amstrad CPC, Apple II, C64 - 1987)",3.70,10
"Chuck Yeager's Advanced Flight Trainer 2.0 (DOS, Amiga, Atari ST - 1989)",4.80,10
Chuck Yeager's Air Combat (DOS - 1991),4.55,46
Circus Games (DOS - 1988),3.00,2
"Circus Games (Amiga, Amstrad CPC, Atari ST, C64 - 1989)",5.00,1
Civil War (DOS - 1983),4.00,2
Civilization II: Test of Time (Windows - 1999),4.49,51
"Civilization: Call to Power (Windows, Mac - 1999)",4.95,20
Clock Solitaire (DOS - 1991),0.00,0
Close Assault (Apple II - 1982),3.00,1
Close Combat III: The Russian Front (Windows - 1999),4.85,13
Close Combat: The Battle of the Bulge (Windows - 1999),4.75,8
COALA (Amiga - 1995),5.00,1
Coaster (DOS - 1993),4.64,11
"Code-Name: Iceman (DOS, Amiga, Atari ST - 1989)",4.65,17
Codename MAT (Amstrad CPC - 1984),5.00,1
Colin McRae Rally 2.0 (Windows - 2000),4.50,4
Colin McRae Rally 3 (Windows - 2003),2.20,5
Colossus Chess 3.0 (Atari 8-bit - 1984),4.00,1
"Colossus Chess 4 (Amstrad CPC, Atari 8-bit, C64 - 1986)",4.50,2
Comanche 2 (DOS - 1995),4.48,28
Comanche CD (Mac - 1995),5.00,3
Comanche: Maximum Overkill (DOS - 1992),4.52,31
"Combat Air Patrol (DOS, Amiga - 1995)",4.00,15
"Combat Course (DOS, Amiga, Amstrad CPC, Atari ST, C64 - 1989)",4.00,3
"Combat Leader (Atari 8-bit, C64 - 1983)",5.00,1
Combat Simulator: Battle Gorilla (PC-88 - 1988),0.00,0
Combination Lock (DOS - 1992),4.82,22
"Command H.Q. (DOS, Mac - 1990)",4.61,23
"Computer Acquire (DOS, Atari 8-bit - 1980)",4.46,11
Computer Air Combat (Apple II - 1980),4.00,1
"Computer Ambush (Apple II, Atari 8-bit, C64 - 1985)",3.50,2
Computer Circus Maximus (DOS - 1984),3.00,3
"Computer Football Strategy (Atari 8-bit, C64 - 1983)",0.00,0
Computer Operator (DOS - 1982),5.00,1
"Computer Quarterback (Apple II, Atari 8-bit, C64 - 1981)",3.40,5
"Computer Stocks & Bonds (DOS, Atari 8-bit, C64 - 1982)",4.25,8
Computer Underground (DOS - 1993),4.60,5
Computer War (Atari 8-bit - 1983),4.00,1
Conaga (DOS - 1989),5.00,1
"Conflict (DOS, Amiga - 1990)",4.51,35
Conflict 2500 (Apple II - 1981),4.00,1
"Conflict in Vietnam (DOS, Apple II, Atari 8-bit, C64 - 1986)",4.31,16
"Conflict: Europe (DOS, Amiga, Atari ST - 1989)",5.00,3
"Conflict: Korea - The First Year 1950-51 (DOS, Amiga - 1992)",4.54,13
"Conflict: Middle East (DOS, Amiga - 1991)",4.81,16
Constellation (Atari 8-bit - 1992),0.00,0
Constructor (DOS - 1997),4.51,21
Contract Bridge (DOS - 1995),5.00,2
Controller (Atari 8-bit - 1982),4.00,1
CoreWar (DOS - 1984),3.40,5
Corncob 3-D: The Other Worlds Campaign (DOS - 1992),3.67,3
Corncob Deluxe (DOS - 1994),4.80,5
Corporate Raider: The Pirate of Wall St. (DOS - 1988),4.63,8
"Cougar Force (DOS, Amiga, Atari ST - 1990)",4.00,7
Crazy Nick's Software Picks: King Graham's Board Game Challenge (DOS - 1993),4.43,7
Crazy Nick's Software Picks: Leisure Suit Larry Casino (DOS - 1993),4.30,10
"Creatures (Windows, Mac - 1996)",4.00,12
Creatures 2 (Windows - 1998),4.33,3
Creatures 3 (Windows - 1999),3.78,9
Crete 1941: Fallschirmjager (Amstrad CPC - 1990),4.00,1
"Crime and Punishment (DOS, Apple II, C64 - 1984)",4.07,15
Crimson Skies (Windows - 2000),4.00,5
Crystal Ball (DOS - 1988),3.00,2
Custom Mate (PC-98 - 1993),5.00,2
Custom Mate 2 (PC-98 - 1994),4.00,2
Custom Mate 3 (PC-98 - 1995),5.00,1
Cuty Cop: Nusumareta File no Nazo (PC-98 - 1994),0.00,0
CyberJudas (DOS - 1996),3.74,19
Cybernetic Hi-School Part 2: Highway Buster (PC-98 - 1989),4.00,1
Cybernetic Hi-School Part 3: Gunbuster (PC-98 - 1990),5.00,1
"Cyrus (DOS, Dragon 32/64 - 1985)",3.92,12
"D-Day (DOS, Amiga, Amstrad CPC, Atari ST - 1992)",4.64,14
"D-Day: The Beginning of the End (DOS, Amiga - 1994)",4.50,8
Damocles: Mercenary II (Amiga - 1990),5.00,3
Danchi-zuma no Yūwaku (PC-88 - 1983),4.00,2
Darker (DOS - 1995),4.43,7
Darts (DOS - 1989),0.00,0
"Das Boot: German U-Boat Simulation (DOS, Amiga - 1990)",3.94,17
Das Haus (Amiga - 1990),0.00,0
"Das Magazin (Amiga, C64 - 1990)",0.00,0
Dawgfight (DOS - 1992),4.40,5
"Dawn Patrol (DOS, Amiga - 1994)",4.50,6
"Day of the Pharaoh (DOS, Amiga, Atari ST - 1989)",3.63,16
"Days of Thunder (DOS, Amiga, Atari ST, C64, Game Boy, NES - 1990)",3.71,7
Deadlock: Planetary Conquest (Mac - 1997),4.73,15
"Decisive Battles of the American Civil War, Vol. 2 (DOS, C64 - 1989)",4.40,5
"Decisive Battles of the American Civil War, Vol. 3 (DOS, C64 - 1992)",4.00,2
"Decisive Battles of the American Civil War, Volume One (DOS, C64 - 1990)",4.00,2
"Deep Space: Operation Copernicus (DOS, Apple II, C64 - 1987)",3.00,4
"Deep Strike (Amstrad CPC, C64 - 1986)",4.00,1
Deer Hunter (Mac - 1997),4.75,4
Defcon 1 (DOS - 1992),4.00,5
Defcon 5 (DOS - 1987),3.67,3
"Defcon 5 (Amiga, C64 - 1988)",4.00,1
"Deflection (C64, VIC-20 - 1986)",0.00,0
Delivery Agent (Amiga - 1993),5.00,1
Delphi no Shintaku (PC-98 - 1993),5.00,1
Dennou Gakuen (PC-98 - 1989),4.00,1
Der Produzent: Die Welt des Films (Amiga - 1996),0.00,0
Desert (DOS - 1982),0.00,0
Desert Wolf (Amiga - 1996),3.67,3
Design Your Own Railroad (DOS - 1992),4.12,8
"Designasaurus (DOS, Amiga, Apple IIgs - 1988)",5.00,3
Designasaurus II (DOS - 1990),4.52,25
Destination Earthstar (NES - 1990),0.00,0
"Destination: Mars! (DOS, Mac - 1991)",4.50,8
"Destroyer (DOS, Amiga, Apple II, Apple IIgs, C64 - 1987)",4.20,5
Destroyer Escort (C64 - 1989),5.00,4
"Detroit (DOS, Amiga - 1993)",4.05,20
Deus Ex Machina (C64 - 1986),5.00,4
Digital League Baseball (DOS - 1987),0.00,0
Dino Land (Genesis - 1991),0.00,0
"Dinopark Tycoon (DOS, Mac - 1993)",4.33,156
"Dive Bomber (DOS, Amstrad CPC, Apple II, Atari ST, C64 - 1988)",4.25,8
"Dizzy Dice (DOS, Amiga, Amstrad CPC, Atari 8-bit, Commodore 16, C64 - 1990)",3.00,2
Dogz: Your Computer Pet (Mac - 1996),4.80,5
Dope Wars (DOS - 1985),3.88,8
Double-X Slots (DOS - 1992),0.00,0
"Drag Race Eliminator (DOS, C64 - 1988)",0.00,0
Dragon Trek (Dragon 32/64 - 1982),0.00,0
"DragonStrike (DOS, Amiga, C64, PC-98 - 1990)",4.96,25
"Draw Poker (DOS, Atari 8-bit, C64 - 1982)",4.00,1
"Dreadnoughts (DOS, Amiga, Atari ST - 1992)",5.00,4
"Dreadnoughts (Apple II, C64 - 1984)",5.00,2
Drink & Drown (C64 - 1986),0.00,0
"Driver (Windows, Mac - 1999)",4.88,17
Drug Wars: A Game Based on the New York Drug Market (DOS - 1984),3.78,9
Druglord (DOS - 1991),3.83,12
Drum Blaster (DOS - 1992),3.33,3
E.S.S Mega (DOS - 1991),4.22,9
"E.S.S. (Amiga, Atari ST - 1989)",5.00,2
"Eagles (Apple II, Atari 8-bit, C64 - 1983)",4.00,1
"Earth Orbit Stations (Apple II, C64 - 1987)",4.67,15
EarthSiege 2 (Windows - 1996),5.00,9
"Echelon (DOS, Amstrad CPC, Apple II, C64 - 1988)",4.44,9
"Eco (Amiga, Atari ST - 1988)",4.00,2
EF 2000 (DOS - 1995),4.71,38
EGA Trek (DOS - 1992),4.91,11
"Eishockey Manager (DOS, Amiga - 1993)",4.43,28
El-Fish (DOS - 1993),4.11,18
"Elite (DOS, Amiga, Amstrad CPC, Apple II, Atari ST, C64, NES - 1987)",4.24,33
Elite Darts (Mac - 1999),0.00,0
Elite Plus (DOS - 1991),4.74,23
"Elite Soccer (Game Boy, SNES - 1994)",0.00,0
"Eliza (DOS, C64 - 1988)",4.43,46
Emergency Mission (DOS - 1986),4.00,1
"Emilio Butragueño ¡Fútbol! (DOS, Amstrad CPC, C64 - 1987)",3.00,3
"Emlyn Hughes Arcade Quiz (Amiga, Amstrad CPC, Atari ST, C64 - 1990)",0.00,0
Enemy Nations (Windows - 1996),5.00,5
"Energie-Manager (DOS, Amiga - 1993)",4.17,6
Energy Czar (Atari 8-bit - 1980),5.00,3
"Epic (DOS, Amiga, Atari ST - 1992)",4.38,13
Epic Baseball (DOS - 1995),3.20,5
"Epidemic! (DOS, Atari 8-bit - 1983)",3.88,8
Escalation '95: Oneesama-tte Yonde Ii desu ka? (PC-98 - 1995),0.00,0
Esnuka (DOS - 1992),1.00,1
"ESPN Speed World (Genesis, SNES - 1994)",0.00,0
"Europe Ablaze (Apple II, C64 - 1985)",5.00,2
"European 5-A-Side (Amstrad CPC, C64 - 1988)",0.00,0
European Air War (Windows - 1998),4.53,15
"European Challenge (DOS, Amiga, Atari ST - 1990)",5.00,5
"European Champions (DOS, Atari ST - 1993)",5.00,2
"European Superleague (DOS, Amiga, Amstrad CPC - 1991)",0.00,0
Evasive Action (DOS - 1993),5.00,6
"Evening Star (Amstrad CPC, C64 - 1987)",0.00,0
Evolution: The Game of Intelligent Life (Windows - 1997),4.40,15
Executive Suite (DOS - 1982),4.46,26
"Exploration (DOS, Amiga - 1995)",4.50,93
"Explorer (Amstrad CPC, C64 - 1987)",0.00,0
"Eye of the Storm (DOS, Amiga - 1993)",3.00,2
F-117 Night Storm (Genesis - 1993),0.00,0
"F-117A Nighthawk Stealth Fighter 2.0 (DOS, Amiga, Mac - 1991)",4.55,132
F-117A Stealth Fighter (NES - 1992),0.00,0
F-14 Tomcat (DOS - 1990),4.30,20
F-14 Tomcat (C64 - 1988),4.75,4
"F-15 Strike Eagle (DOS, Amstrad CPC, Atari 8-bit, Atari ST, C64, Game Boy, Game Gear, NES, PC-88 - 1985)",4.00,8
"F-15 Strike Eagle II (DOS, Amiga, Atari ST, Genesis - 1989)",4.57,37
F-15 Strike Eagle III (DOS - 1992),4.43,110
F-16 Aggressor (Windows - 1998),5.00,7
"F-16 Combat Pilot (DOS, Amiga, Amstrad CPC, Atari ST, C64 - 1989)",4.74,39
F-16 Multirole Fighter (Windows - 1998),4.38,16
F-18 Hornet (C64 - 1988),5.00,1
"F-19 Stealth Fighter (DOS, Amiga, Atari ST, C64 - 1988)",4.42,140
F-22 Interceptor (Genesis - 1991),5.00,1
F-22 Lightning 3 (Windows - 1999),4.75,8
F-22 Lightning II (DOS - 1996),4.80,5
F-22 Raptor (Windows - 1997),4.29,7
"F.1 Manager (Amiga, Atari ST, C64 - 1989)",5.00,1
"F.A. Cup Football (Amstrad CPC, C64 - 1986)",0.00,0
F/A-18 Hornet (Mac - 1993),5.00,4
F/A-18 Hornet 3.0 (Windows - 1997),4.20,5
F/A-18 Interceptor (Amiga - 1988),5.00,2
F/A-18 Korea (Windows - 1997),5.00,4
F/A-18 Precision Strike Fighter (Windows - 2001),5.00,4
F1 Manager (DOS - 1996),4.11,36
F1 Pole Position (Game Boy - 1992),0.00,0
F1 Pole Position (SNES - 1992),0.00,0
F22 Air Dominance Fighter (Windows - 1997),4.50,10
"F29 Retaliator (DOS, Amiga, Atari ST - 1990)",4.70,33
Face-Off (Amiga - 1991),0.00,0
Facing the Empire (DOS - 1991),5.00,3
"Falcon (DOS, Amiga, Mac, Atari ST - 1987)",4.13,15
Falcon 3.0 (DOS - 1991),4.56,50
Falcon A.T. (DOS - 1988),4.76,17
Fathom's 40 (PC-88 - 1984),3.00,2
"Ferrari Formula One (DOS, Amiga, Atari ST, C64 - 1989)",4.20,15
Ferrari Grand Prix Challenge (Genesis - 1992),5.00,1
"Field of Fire (Apple II, Atari 8-bit, C64 - 1984)",5.00,2
"FIFA Soccer 96 (DOS, Genesis, SEGA 32X, SNES - 1995)",4.25,133
Fighter Duel (DOS - 1995),4.60,5
"Fighter Pilot (Amstrad CPC, Atari 8-bit, C64 - 1985)",4.50,2
Fighter Wing (DOS - 1995),4.25,4
Fighting Steel: World War II Surface Combat 1939-1942 (Windows - 1999),0.00,0
"Final Assault (DOS, Amiga, Amstrad CPC, Apple IIgs, Atari ST, C64 - 1988)",3.11,9
Final Legacy (Atari 8-bit - 1987),3.00,1
Final Stretch (SNES - 1993),0.00,0
Firestorm: The Forest Fire Simulation Program (DOS - 1995),5.00,2
First Expedition (DOS - 1987),4.00,1
"First Over Germany (DOS, C64 - 1989)",5.00,4
Flamingo Tours (Amiga - 1994),0.00,0
Fleet Defender (DOS - 1994),4.58,26
Flight Assignment: Airline Transport Pilot (DOS - 1990),4.30,10
Flight Commander (Mac - 1993),5.00,4
Flight Commander 2 (Mac - 1995),4.50,6
Flight Light Plus (DOS - 1996),4.38,13
"Flight of The Intruder (DOS, Amiga, Atari ST, NES - 1990)",4.75,12
"Flight Path 737 (Amiga, Amstrad CPC, C64, VIC-20 - 1988)",4.00,1
Flight Simulator (Apple II - 1980),5.00,1
"Flight Simulator II (Amiga, Apple II, Atari 8-bit, Atari ST, C64 - 1987)",4.00,3
Flight Simulator with Torpedo Attack (PC-88 - 1988),0.00,0
"Flight Unlimited (DOS, Mac - 1995)",5.00,6
Flight Unlimited II (Windows - 1997),4.20,5
Flight Unlimited III (Windows - 1999),4.50,8
"Floor 13 (DOS, Amiga - 1992)",3.82,11
Fly (DOS - 1984),0.00,0
"Fly Harder (Amiga, Amiga CD32, C64 - 1993)",4.50,2
Fly! (Windows - 1999),5.00,3
Fly! II (Windows - 2001),5.00,5
Flying Nightmares (Mac - 1994),5.00,1
"FOFT: Federation of Free Traders (Amiga, Atari ST - 1989)",5.00,3
"Football Director II (Amiga, Atari ST - 1988)",0.00,0
"Football Manager 3 (DOS, Amstrad CPC, C64 - 1993)",4.00,4
"Football Manager II: Expansion Kit (DOS, C64 - 1989)",3.00,3
Ford Simulator 5.0 (DOS - 1994),4.29,17
"Ford Simulator II (DOS, Mac - 1990)",3.67,9
Ford Simulator III (DOS - 1992),3.84,19
Formel 1 - Manager (Atari ST - 1987),0.00,0
Formula 1 3D (Amiga - 1991),1.00,1
Formula 1 3D: F.1 Manager II (C64 - 1991),5.00,1
Formula 1 Masters (Amiga - 1996),0.00,0
"Formula 1 Simulator (Amstrad CPC, Commodore 16, C64 - 1985)",0.00,0
"Formula One (DOS, Amiga, Atari ST, Game Gear, Genesis - 1994)",4.64,14
"Frank Thomas Big Hurt Baseball (Genesis, SNES - 1995)",5.00,1
"Frank Thomas Big Hurt Baseball (Game Boy, Game Gear - 1995)",5.00,1
Freedom! (Apple II - 1992),3.00,2
Freelancer (Windows - 2003),4.39,38
Frigate (DOS - 1988),4.75,4
Front Page Sports: Baseball '94 (DOS - 1994),4.20,5
Front Page Sports: Football (DOS - 1992),4.40,5
Front Page Sports: Football Pro (DOS - 1993),3.77,13
Front Page Sports: Football Pro '95 Season (DOS - 1995),4.56,9
"Frontier: Elite II (DOS, Amiga, Atari ST - 1993)",4.65,34
Frontier: First Encounters (DOS - 1995),4.58,24
Fruit Machine (Amstrad CPC - 1984),0.00,0
Fruit Machine (Amiga - 1990),5.00,1
"Fruit Machine Simulator (Amstrad CPC, C64 - 1988)",4.00,2
"Fruit Machine Simulator 2 (Amstrad CPC, C64 - 1990)",3.00,1
"Fugger (Amiga, Atari ST, C64 - 1988)",5.00,1
"Fun House (DOS, C64 - 1989)",5.00,14
G-Netix (Mac - 1993),5.00,3
G-Police (Windows - 1997),4.00,8
"G.P. Tennis Manager (Amiga, C64 - 1991)",5.00,3
Gakuen Senshi: Sailor Fighter (PC-98 - 1994),0.00,0
"Galactic Empire (DOS, Amiga, Atari ST - 1990)",3.88,8
Galactic Encounters (DOS - 1982),4.33,3
"Galaxy (DOS, C64 - 1982)",4.40,5
Galaxy Trek (DOS - 1983),4.50,8
Galleons of Glory: The Secret Voyage of Magellan (DOS - 1990),4.89,9
Gangbusters (C64 - 1982),3.00,1
Gangsters 2 (Windows - 2001),4.33,3
Gangsters: Organized Crime (Windows - 1998),4.33,3
"Garry Kitchen's Super Battletank: War in the Gulf (Game Boy, Game Gear, Genesis, SNES - 1994)",5.00,3
Gary Grigsby's War in Russia (DOS - 1993),4.83,6
"Gato (DOS, Mac, Apple II, Atari 8-bit, Atari ST - 1984)",4.40,25
Geo Slave: Aidorei no Shōzō (PC-98 - 1996),0.00,0
"Geopolitique 1990 (Apple II, C64 - 1983)",5.00,5
"Germ Crazy (Amiga, Atari ST - 1991)",5.00,1
Gettysburg (Atari ST - 1990),0.00,0
Girlfriend (DOS - 1994),3.90,21
Girlfriend Construction Set (DOS - 1989),4.34,29
Glider Pilot (C64 - 1985),4.00,1
"Global Commander (Amiga, Amstrad CPC, C64 - 1988)",5.00,5
"Global Domination (DOS, Amiga - 1993)",3.88,8
Go Simulator (DOS - 1992),4.29,44
Godzilla! (C64 - 1983),0.00,0
Golf Resort Tycoon (Windows - 2001),0.00,0
Golf Resort Tycoon II (Windows - 2002),4.00,1
Golf's Best: St. Andrews - The Home of Golf (C64 - 1986),0.00,0
Gone Fishin' (DOS - 1994),4.43,7
"Gone Fishing (DOS, Amiga - 1989)",5.00,2
Gossip (Atari 8-bit - 1983),0.00,0
GP 500 (Windows - 1999),5.00,7
"Graham Taylor's Soccer Challenge (Amiga, Atari ST - 1992)",2.50,2
Grand National (Amiga - 1989),0.00,0
"Grand Prix 500 2 (DOS, Amiga, Amstrad CPC, Atari ST - 1991)",5.00,2
"Grand Prix 500 cc (DOS, Amstrad CPC, Atari ST, C64 - 1987)",0.00,0
"Grand Prix Circuit (DOS, Amiga, Mac, Amstrad CPC, Apple IIgs, C64 - 1988)",4.67,51
Grand Prix Legends (Windows - 1998),4.91,11
Grand Prix Manager (Windows - 1995),5.00,1
Grand Prix Unlimited (DOS - 1992),4.19,21
Great Naval Battles Vol. II: Guadalcanal 1942-43 (DOS - 1994),4.50,10
"Great Naval Battles Vol. III: Fury in the Pacific, 1941-44 (DOS - 1995)",4.21,14
"Great Naval Battles Vol. IV: Burning Steel, 1939-1942 (DOS - 1995)",4.47,19
Great Naval Battles: North Atlantic 1939-43 (DOS - 1992),4.57,28
"Greg Norman's Shark Attack!: The Ultimate Golf Simulator (DOS, Amiga, Atari ST, C64 - 1989)",3.00,2
"Guadalcanal (Amstrad CPC, C64 - 1987)",5.00,3
Guadalcanal Campaign (Apple II - 1982),4.00,1
"Guderian (Apple II, Atari 8-bit, C64 - 1986)",5.00,1
"Gunboat (DOS, Amiga, Amstrad CPC - 1990)",4.39,23
"Gunship (DOS, Amiga, Amstrad CPC, Atari ST, C64 - 1986)",4.64,25
Gunship (Genesis - 1993),0.00,0
"Gunship 2000 (DOS, Amiga - 1991)",4.64,76
"Halls of Montezuma: A Battle History of the United States Marine Corps (DOS, Amiga, C64 - 1990)",4.50,10
Hamurabi (C64 - 1995),5.00,1
Hard Truck: Road to Victory (Windows - 1998),4.50,2
"HardBall 5 (DOS, Genesis - 1995)",4.59,17
Hardwar (Windows - 1998),4.00,2
"Harley-Davidson: The Road to Sturgis (DOS, Amiga, Atari ST - 1989)",4.13,19
"Harpoon (DOS, Amiga, Mac - 1989)",4.22,106
"Harpoon Classic (DOS, Mac - 1994)",4.65,23
"Harpoon II (DOS, Mac - 1994)",4.26,27
Harpoon II: Admiral's Edition (DOS - 1996),4.57,7
"Harrier 7 (DOS, C64 - 1989)",5.00,2
"Harrier Combat Simulator (DOS, Amiga, C64 - 1987)",3.63,8
"Harrier Mission (DOS, Amiga, Amstrad CPC, Atari 8-bit, C64 - 1987)",5.00,2
"Harrier Strike Mission (Mac, Atari ST - 1985)",5.00,3
Harvest Moon (SNES - 1996),4.50,2
Harvest Moon GB (Game Boy - 1998),5.00,1
Hattrick! (Amiga - 1996),5.00,1
Haunting Starring Polterguy (Genesis - 1993),0.00,0
Head Coach (C64 - 1986),0.00,0
"Heathrow International Air Traffic Control (Amstrad CPC, C64 - 1984)",5.00,1
Heavy Gear (Windows - 1997),4.80,5
Heavy Gear II (Windows - 1999),5.00,7
Helicopter Mission (Amiga - 1994),5.00,2
"Hellcat Ace (DOS, Atari 8-bit, C64 - 1984)",4.11,9
Hellcats Over the Pacific (Mac - 1991),5.00,7
"Hidden Agenda (DOS, Mac - 1989)",4.44,33
High Command: Europe 1939-'45 (DOS - 1992),4.33,12
"High Roller (Atari ST, C64 - 1986)",0.00,0
High Roller Casino (DOS - 1983),0.00,0
"High Seas Trader (DOS, Amiga - 1995)",4.42,24
High Speed (NES - 1991),4.00,1
High Stakes Gambling (Game Boy - 1992),0.00,0
"Hill Street Blues (DOS, Amiga, Atari ST - 1992)",4.39,13
Hillsea Lido (Amiga - 1995),3.75,4
HIND: The Russian Combat Helicopter Simulation (Mac - 1997),4.75,4
"HMS Cobra: Convois pour Mourmansk (Amstrad CPC, Atari ST - 1986)",0.00,0
"Hockey League Simulator (DOS, Amiga - 1990)",4.80,5
Hockey League Simulator II (DOS - 1992),3.88,8
Hollywood Pictures (Amiga - 1995),5.00,2
Horse Racing Simulator (Atari ST - 1990),0.00,0
"Hostage: Rescue Mission (DOS, Amiga, Mac, Amstrad CPC, Atari ST, C64, NES - 1989)",4.39,23
Hot Slots (NES - 1991),5.00,1
Hoyle Classic Games (Mac - 1996),4.00,2
"Hoyle: Official Book of Games - Volume 3 (DOS, Amiga - 1991)",4.56,9
Hunter's Law (DOS - 1992),2.88,8
Hyperspeed (DOS - 1991),4.50,20
IBM PC Blackjack (DOS - 1984),4.00,4
Ice & Fire (Mac - 1996),4.00,3
iF-16 (DOS - 1997),4.50,8
"IFR (C64, VIC-20 - 1983)",5.00,1
"In the Chips (C64, VIC-20 - 1983)",4.00,1
Incunabula (DOS - 1984),3.50,4
"Indianapolis 500: The Simulation (DOS, Amiga - 1989)",4.65,50
IndyCar Racing (DOS - 1993),4.26,23
"IndyCar Racing II (DOS, Mac - 1996)",4.76,67
"Infestation (DOS, Amiga, Atari ST - 1990)",4.72,7
"Infiltrator (DOS, Amstrad CPC, Apple II, Atari 8-bit, C64, ZX Spectrum - 1987)",5.00,6
"Infiltrator II (DOS, C64, NES - 1988)",5.00,4
Inside Trader: The Authentic Stock Trading Game (DOS - 1987),5.00,7
International Rally Championship (Windows - 1997),4.67,12
International Rugby Challenge (Amiga - 1993),0.00,0
"International Rugby Simulator (Amstrad CPC, Atari ST, C64, ZX Spectrum - 1988)",0.00,0
"International Soccer Challenge (DOS, Amiga, Atari ST - 1990)",4.67,6
Intifada (DOS - 1989),3.33,6
"Inve$t (DOS, Amiga, C64 - 1991)",5.00,1
J.League Champion Soccer (Genesis - 1993),4.00,1
"Jack Charlton's Match Fishing (C64, ZX Spectrum - 1985)",0.00,0
Jagdstaffel (Atari 8-bit - 1980),0.00,0
Jaki Crush (SNES - 1992),0.00,0
Jane's Combat Simulations: F-15 (Windows - 1998),4.78,9
Jane's Combat Simulations: F/A-18 Simulator (Windows - 2000),4.70,10
Jenny of the Prairie (DOS - 1985),0.00,0
"Jet (DOS, Amiga, Apple II, Atari ST, C64 - 1985)",4.50,8
Jet 2.0 (DOS - 1987),5.00,3
JetFighter II: Advanced Tactical Fighter (DOS - 1990),4.37,40
JetFighter: The Adventure (DOS - 1988),4.64,15
Jetset (DOS - 1982),1.00,1
"Jimmy Connors Pro Tennis Tour (DOS, Amiga, Amstrad CPC, C64, SNES - 1991)",3.75,4
Jimmy Houston's Bass Tournament U.S.A. (SNES - 1995),0.00,0
"Jonah Barrington's Squash (Amstrad CPC, C64 - 1985)",0.00,0
Jones in the Fast Lane (DOS - 1991),4.26,77
Jones in the Fast Lane: CD-ROM (DOS - 1992),4.21,34
Jumbo Jet Pilot (Atari 8-bit - 1982),4.00,1
Jumbo Lander (C64 - 1982),0.00,0
Jump Jet (DOS - 1992),4.23,26
Jurassic Banqi (DOS - 1994),4.00,1
KA-50 Hokum (DOS - 1995),4.34,6
"Kaiser (Amstrad CPC, Atari 8-bit, C64 - 1984)",5.00,4
Kaiser (Atari ST - 1988),0.00,0
Kaiser Deluxe (DOS - 1995),4.00,26
Karaoke Studio (NES - 1987),0.00,0
Ken Griffey Jr Presents Major League Baseball (SNES - 1994),5.00,1
"Kennedy Approach (Amiga, Atari 8-bit, Atari ST, C64 - 1989)",4.67,6
"Kenny Dalglish Soccer Match (Amiga, Amstrad CPC, C64 - 1989)",0.00,0
Keno (DOS - 1989),3.00,1
Kevin Keegan's Player Manager (SNES - 1993),0.00,0
Kinetic Connection (C64 - 1986),5.00,1
King of the Road (Windows - 2001),4.00,1
King Salmon: The Big Catch (Genesis - 1992),0.00,0
King's Table: The Legend of Ragnarok (DOS - 1993),4.30,10
"Knights of the Desert (DOS, C64 - 1983)",4.25,4
"Knights of the Sky (DOS, Amiga, Atari ST - 1990)",4.29,25
Konami's Golf (Amstrad CPC - 1987),5.00,1
Koolah (DOS - 1991),1.00,1
"Kreuz As ""Poker"" (Amiga - 1989)",0.00,0
Laced Tiles (C64 - 1995),0.00,0
"Lancaster (Amiga, Atari ST - 1989)",4.00,1
Lander (Windows - 1999),5.00,1
"Las Vegas (Commodore 16, C64 - 1984)",0.00,0
Las Vegas (Amiga - 1987),0.00,0
Laser Surgeon: The Microscopic Mission (DOS - 1987),5.00,5
Last Call! (Mac - 2000),5.00,1
Lawn Mower (DOS - 1987),2.17,6
"Leeds United Champions! (Amiga, Atari ST - 1992)",0.00,0
Legend of the River King GB (Game Boy - 1997),4.00,1
LEGO Creator (Windows - 1998),4.50,2
LEGO Creator: Knights' Kingdom (Windows - 2000),5.00,1
LEGO Loco (Windows - 1998),5.00,4
Lemonade (C64 - 1986),5.00,2
"LHX: Attack Chopper (DOS, Genesis - 1990)",4.52,47
"Life & Death (DOS, Amiga, Mac, Apple IIgs, Atari ST - 1988)",4.29,34
Life & Death II: The Brain (DOS - 1990),4.73,24
Life in the Fast Lane (DOS - 1989),3.67,3
Lightspeed (DOS - 1990),4.13,15
"LinCity-NG (Linux, Windows, Mac - 2009)",4.50,4
LineWars (DOS - 1990),3.50,4
"Little Computer People (Amiga, Amstrad CPC, Atari ST, C64, PC-88 - 1987)",4.47,46
Living Ball (Amiga - 1994),3.00,2
Loony Labyrinth (Mac - 1995),5.00,1
"Lost Dutchman Mine (DOS, Amiga - 1989)",4.83,29
Lots -o- $lot$ (DOS - 1991),0.00,0
Love Impact (Windows - 2002),1.00,1
Lucky's Casino Adventure (DOS - 1993),4.86,7
Lula Flipper (Windows - 1999),4.00,1
Lula Virtual Babe (Windows - 1998),0.00,0
Lunar Command (DOS - 1993),4.63,8
Lunar Commander 2 (DOS - 1994),4.44,9
Lunar Explorer: A Space Flight Simulator (DOS - 1986),5.00,1
Lunar Landing (DOS - 1982),0.00,0
"Lunar Pool (NES, PC-88 - 1985)",5.00,2
"M1 Tank Platoon (DOS, Amiga, Atari ST - 1989)",4.59,39
M1 Tank Platoon II (Windows - 1998),4.41,32
"Macadam Bumper (DOS, Amstrad CPC, Atari ST, C64 - 1987)",4.50,6
"Mad News (DOS, Amiga - 1994)",5.00,15
"Mad TV (DOS, Amiga - 1991)",4.74,54
"Magic Fly (Amiga, Atari ST - 1990)",0.00,0
Magnetic Crane (DOS - 1989),1.00,1
Mall Tycoon 2 (Windows - 2003),4.50,2
Mall Tycoon 3 (Windows - 2005),4.00,2
"Malta Storm (DOS, Amiga - 1989)",3.50,4
"Manchester United (DOS, Amiga, Amstrad CPC, Atari ST, C64 - 1990)",3.80,5
"Manchester United Premier League Champions (DOS, Amiga - 1994)",4.00,9
"Manchester United: The Double (DOS, Amiga - 1994)",4.89,9
Manor (DOS - 1986),5.00,2
Marco Polo (DOS - 1995),4.57,7
Mario Andretti's Racing Challenge (DOS - 1991),4.67,9
Mark Davis' The Fishing Master (SNES - 1995),0.00,0
"Match Day II (Amstrad CPC, C64 - 1987)",5.00,3
Matching Pairs (DOS - 1988),4.00,3
Matsumoto Tōru no Kabushiki Hisshōgaku (NES - 1988),0.00,0
Maze Machine (DOS - 1986),2.50,2
MB Bingo (DOS - 1989),5.00,1
"Mech Brigade (DOS, Apple II, Atari 8-bit, C64 - 1987)",3.80,5
MechWarrior (DOS - 1989),4.52,31
"MechWarrior 2: 31st Century Combat (DOS, Windows, Mac - 1995)",4.61,126
"MechWarrior 2: Mercenaries (DOS, Windows - 1996)",4.58,45
MechWarrior 3 (Windows - 1999),4.56,50
MechWarrior 4: Mercenaries (Windows - 2002),4.57,360
"Megafortress (DOS, Amiga - 1991)",4.90,10
Menghuan Shuiguo Pan: 777 Casino (Genesis - 1993),0.00,0
"Mercenary (Amstrad CPC, Atari 8-bit, Atari ST, Commodore 16, C64 - 1987)",5.00,3
"Mercenary III: The Dion Crisis (Amiga, Atari ST - 1991)",5.00,2
"Mercenary: Escape from Targ - The Second City (C64, Atari 8-bit, Commodore 16 - 1986)",5.00,2
"Merchant Colony (DOS, Amiga - 1991)",4.69,13
Merlin Challenge (DOS - 1993),4.50,6
Metal Head (SEGA 32X - 1994),0.00,0
Metaltech: Battledrome (DOS - 1994),4.67,6
Metaltech: Earthsiege (DOS - 1994),4.61,23
"Miami Dice (Amstrad CPC, C64 - 1986)",0.00,0
Michelin Rally Masters: Race of Champions (Windows - 2000),5.00,5
Micro Bucks II (DOS - 1993),0.00,0
Microchess (Apple II - 1978),5.00,2
"MicroLeague Action Sports Soccer (DOS, Amiga, Amstrad CPC, Atari ST, C64 - 1992)",4.20,5
"MicroLeague Baseball II (DOS, Mac - 1989)",3.40,5
Microsoft Combat Flight Simulator 2: WW II Pacific Theater (Windows - 2000),4.73,11
Microsoft Combat Flight Simulator: WWII Europe Series (Windows - 1998),4.50,20
Microsoft Flight Simulator (Mac - 1986),4.00,1
Microsoft Flight Simulator (v1.0) (DOS - 1982),4.36,11
Microsoft Flight Simulator (v2.0) (DOS - 1984),4.37,11
Microsoft Flight Simulator (v3.0) (DOS - 1988),4.75,16
"Microsoft Flight Simulator (v4.0) (DOS, Mac - 1989)",4.57,21
Microsoft Flight Simulator (v5.0) (DOS - 1993),4.37,43
Microsoft Japan: Scenery Enhancement for Microsoft Flight Simulator (DOS - 1994),4.75,4
Microsoft New York: Scenery Enhancement for Microsoft Flight Simulator (DOS - 1994),4.75,4
Microsoft Paris: Scenery Enhancement for Microsoft Flight Simulator (DOS - 1993),4.75,4
Microsoft Space Simulator (DOS - 1994),4.74,50
Midway: The Battle that Doomed Japan (DOS - 1989),5.00,3
Mig Alley (Windows - 1999),5.00,7
"MiG Alley Ace (Atari 8-bit, C64 - 1983)",4.00,1
"MiG-29 Fulcrum (DOS, Amiga, Atari ST - 1991)",4.38,13
MiG-29: Fighter Pilot (Genesis - 1993),0.00,0
"MiG-29M Super Fulcrum (DOS, Amiga, Atari ST - 1991)",4.83,6
"Mike Read's Computer Pop Quiz (Amstrad CPC, C64 - 1989)",0.00,0
"Milk Race (Amstrad CPC, Atari 8-bit, C64 - 1987)",5.00,1
Millennia: Altered Destinies (DOS - 1995),4.64,11
"Millionaire: The Stock Market Simulation (Mac, Atari 8-bit, C64 - 1984)",3.80,5
Millionaire: The Stock Market Simulation (Release 2) (DOS - 1987),4.00,5
"Mind Prober (DOS, C64 - 1984)",4.45,11
Minder (Amstrad CPC - 1985),0.00,0
Minnesota Fats: Pool Legend (Genesis - 1995),0.00,0
"Miramar, Jet Fighter Simulator (DOS - 1990)",0.00,0
Mob Rule (Windows - 1999),3.83,6
Mobil 1 Rally Championship (Windows - 1999),4.75,4
Mogul Maniac (Atari 8-bit - 1983),0.00,0
Money Bags: Beat the Gnome of Zurich (DOS - 1988),5.00,4
Monster Truck Madness 2 (Windows - 1998),4.60,15
Monte Carlo (Apple IIgs - 1987),0.00,0
Monte Carlo Baccarat (DOS - 1991),5.00,2
"Monte Carlo Casino (Amstrad CPC, C64 - 1989)",5.00,1
Moon Tycoon (Windows - 2001),4.50,2
"Moonbase (DOS, Amiga, Mac - 1990)",4.46,13
Motocross (DOS - 1989),4.45,11
Motoko-chan no Wonder Kitchen (SNES - 1993),0.00,0
"Motor City (DOS, Amiga - 1994)",4.49,23
MTV: Music Generator (Windows - 2000),0.00,0
Mujintō Monogatari (SNES - 1996),0.00,0
"Murder Club (DOS, PC-88 - 1991)",4.07,15
My Lolita (PC-88 - 1985),5.00,2
Mysteries of the Orient (Windows 3.x - 1994),0.00,0
Mystery of Life (DOS - 1994),1.00,1
Nakajima Satoru Kanshū F-1 Grand Prix (Genesis - 1991),0.00,0
"Napoleon in Russia: Borodino 1812 (DOS, C64 - 1988)",4.20,10
Napoleon vs. The Evil Monarchies: Austerlitz 1805 (DOS - 1989),2.89,9
Napoleon's Campaigns: 1813 & 1815 (Apple II - 1981),4.00,1
"NASCAR Racing (DOS, Mac - 1994)",4.59,68
"Navcom 6: The Persian Gulf Defense (DOS, C64 - 1988)",3.75,4
Navy Strike (DOS - 1996),4.40,20
NBA Live 96 (Game Boy - 1995),0.00,0
Need for Speed III: Hot Pursuit (Windows - 1998),4.52,97
Need for Speed: High Stakes (Windows - 1999),3.00,10
Neko Daisuki! (Game Gear - 1996),0.00,0
"New Horizons (DOS, Genesis, SNES - 1995)",4.34,32
NewTrek (DOS - 1982),2.33,3
NFL Coaches Club Football (DOS - 1993),0.00,0
"NFL Pro League Football (DOS, Mac - 1989)",5.00,3
NFL Quarterback Club (SEGA 32X - 1995),0.00,0
NFL Quarterback Club (Game Boy - 1993),0.00,0
"NFL Quarterback Club 96 (Game Boy, Game Gear - 1995)",0.00,0
NHL All-Star Hockey '95 (Genesis - 1995),0.00,0
"Nick Faldo's Championship Golf (DOS, Amiga, Amiga CD32, C64 - 1993)",4.00,1
"Nigel Mansell's Grand Prix (Amiga, Amstrad CPC - 1988)",0.00,0
"Nigel Mansell's World Championship Racing (DOS, Amiga, Amstrad CPC, Atari ST, Game Boy, Genesis, NES, SNES - 1993)",4.10,10
Night Crawlers (Atari ST - 1986),0.00,0
Night Life (PC-88 - 1982),5.00,3
"Night Mission Pinball (DOS, Atari 8-bit, C64 - 1983)",3.92,12
Night Mission Pinball (v3.0) (DOS - 1988),3.86,7
"No Second Prize (Amiga, Atari ST - 1992)",5.00,1
Nomad (DOS - 1993),4.44,16
"North Atlantic Convoy Raider (Apple II, C64 - 1980)",3.67,3
Now You See It (DOS - 1990),5.00,10
"Nukewar (Apple II, C64, VIC-20 - 1980)",4.00,3
Objection! (DOS - 1992),3.60,10
Objective: Kursk (Apple II - 1984),0.00,0
"Obsession (Amiga, Atari ST - 1995)",1.50,2
"Ocean Conqueror (Amstrad CPC, C64 - 1987)",4.00,1
"Ocean Ranger (DOS, C64 - 1989)",4.90,10
Ocean Trader (DOS - 1996),4.56,25
Oddballz: Your Wacky Computer Petz (Mac - 1996),2.33,3
"Odell Down Under (Windows 3.x, Mac - 1994)",4.00,26
"Odell Lake (Apple II, C64 - 1986)",5.00,4
"Oil Barons (DOS, Amiga - 1992)",4.50,8
Old Ironsides (Apple II - 1982),5.00,1
"OldSkoolGravityGame (Windows, Linux - 2009)",0.00,0
"Ole! (Amstrad CPC, C64 - 1987)",5.00,1
"Olé, Toro (Amstrad CPC - 1985)",0.00,0
Oligopoly (DOS - 1987),3.83,6
Omega Run (C64 - 1984),0.00,0
"Omni-Play Horse Racing (DOS, Amiga, Amstrad CPC, C64 - 1989)",3.17,6
"On the Ball: World Cup Edition (DOS, Amiga - 1993)",4.23,13
"On the Road (Amiga, Atari ST - 1990)",4.00,1
One-Nil Soccer Manager (DOS - 1992),4.16,13
Operation Apocalypse (Apple II - 1981),4.50,2
"Operation Europe: Path to Victory 1939-45 (DOS, Genesis, NES, PC-88, SNES - 1994)",4.45,20
"Operation Market Garden: Drive on Arnhem, September 1944 (DOS, Atari 8-bit, C64 - 1985)",4.75,4
Operation Neptune (DOS - 1991),4.80,49
Operation Spruance: The Naval Warfare Simulation (Amiga - 1990),5.00,2
"Operation: Frog (DOS, Apple II, C64 - 1992)",5.00,5
"Orbiter (DOS, Mac, Atari ST - 1986)",5.00,3
Oregon Trail Deluxe (DOS - 1992),4.17,1143
"Oregon Trail II (Windows, Mac - 1995)",4.23,221
Out of the Sun (Mac - 1994),5.00,2
Overlord (DOS - 1994),4.67,12
P-Robots (DOS - 1988),3.71,7
P.T.O.: Pacific Theater of Operations II (SNES - 1995),5.00,1
Pachinko Kuunyan (Genesis - 1992),0.00,0
"Pacific Islands (DOS, Amiga, Atari ST - 1992)",4.10,19
Pacific Strike (DOS - 1994),4.77,15
Pacific Strike: Speech Pack (DOS - 1994),4.29,7
Panthers in the Shadows (DOS - 1995),4.80,5
"Panzer Grenadier (Apple II, Atari 8-bit, C64 - 1985)",0.00,0
Panzer Strike! (C64 - 1987),0.00,0
Panzers East! (C64 - 1984),0.00,0
"Paragliding (DOS, Amiga, Atari ST - 1991)",4.28,7
"Paris-Dakar (DOS, Amiga, Amstrad CPC - 1988)",3.71,7
"Park Patrol (Amstrad CPC, C64 - 1986)",4.00,1
PC Basket 2.0 (DOS - 1994),3.75,4
PC Basket 3.0 (DOS - 1995),4.50,2
PC Fútbol 3.0 (DOS - 1994),4.08,13
PC Fútbol 4.0 (DOS - 1995),4.29,14
PC Pool (DOS - 1984),3.20,5
PC Pool Challenges (DOS - 1984),3.00,2
Pearl Harbour (DOS - 1988),5.00,1
"Pegasus Bridge (Amstrad CPC, C64 - 1987)",4.50,4
Penthouse Interactive Virtual Photo Shoot Vol. 1 (Windows - 1995),0.00,0
Penthouse Interactive Virtual Photo Shoot Vol. 2 (Windows - 1995),0.00,0
Penthouse Interactive Virtual Photo Shoot Vol. 3 (Windows - 1995),0.00,0
Penthouse Interactive Virtual Photo Shoot Vol. 4 (Windows - 1995),0.00,0
Penthouse Interactive Virtual Photo Shoot Vol. 5 (Windows - 1995),0.00,0
Penthouse Interactive Virtual Photo Shoot Vol. 6 (Windows - 1995),0.00,0
"Perico Delgado Maillot Amarillo (DOS, Amstrad CPC - 1989)",3.71,7
PET Nuclear Power Plant (C64 - 1982),5.00,2
"PGA European Tour (Amiga, Game Boy, Genesis, SNES - 1994)",5.00,1
"PGA Tour Golf III (Genesis, SNES - 1994)",0.00,0
"Phantasm (DOS, Amiga - 1988)",0.00,0
"PHM Pegasus (DOS, Amstrad CPC, Apple II, C64 - 1988)",4.33,9
Phoenix Fire (DOS - 1993),1.00,1
Pilot 64 (C64 - 1983),0.00,0
Pilotwings (SNES - 1990),5.00,1
Pin-Bot (NES - 1990),0.00,0
Pinball (Dragon 32/64 - 1983),0.00,0
Pinball 2000 (DOS - 1995),4.44,9
Pinball Brain Damage (Amiga - 1997),2.00,1
Pinball Prelude (Amiga - 1995),0.00,0
Pinball Quest (NES - 1989),0.00,0
Pinball World (DOS - 1995),3.38,8
Ping Pong (DOS - 1985),4.80,5
"Ping Pong (Amstrad CPC, C64, NES - 1985)",0.00,0
"Pinky Ponky Dai-1 Shū: Beautiful Dream (PC-88, PC-98 - 1989)",0.00,0
"Pinky Ponky Dai-2 Shū: Twilight Games (PC-88, PC-98 - 1989)",0.00,0
"Pinky Ponky Dai-3 Shū: Battle Lovers (PC-88, PC-98 - 1989)",0.00,0
"Pizza Tycoon (DOS, Amiga - 1994)",4.47,70
Planet Lander (Atari ST - 1988),0.00,0
"Planet Miners (Apple II, Atari 8-bit - 1980)",4.00,3
Planetfall (Atari 8-bit - 1983),4.00,1
"Player Manager 2 (DOS, Amiga - 1995)",3.85,21
Playmaker Football (DOS - 1991),4.50,2
Poker Face Paul's Blackjack (Game Gear - 1993),0.00,0
Poker Galore (DOS - 1992),0.00,0
Pokeri (DOS - 1990),5.00,2
Poko Memorial: 18 Hole Miniature Golf (DOS - 1987),3.00,2
Pole (DOS - 1992),1.00,1
"Populous / Populous: The Promised Lands (Amiga, Atari ST - 1993)",5.00,2
"Ports of Call (DOS, Amiga - 1992)",4.43,73
Power Politics (Windows 3.x - 1992),4.25,16
"Premier Manager 2 (DOS, Amiga, Atari ST - 1993)",4.22,38
"President Elect (Apple II, C64 - 1981)",4.75,4
"President Elect: 1988 Edition (DOS, C64 - 1987)",4.74,28
Press Your Luck (DOS - 1988),4.71,41
"Prime Time (DOS, Amiga, Atari ST - 1988)",3.86,7
Princess Maker 2 (DOS - 1993),4.64,11
Princess Maker: Legend of Another World (SNES - 1995),5.00,1
Privateer: Righteous Fire (DOS - 1994),4.60,20
"Professional Ski Simulator (Amiga, Amstrad CPC, C64 - 1989)",4.50,2
"Professional Snooker Simulator (Amstrad CPC, C64 - 1987)",0.00,0
"Professional Tennis Simulator (DOS, Amstrad CPC - 1990)",3.43,7
ProFlight (Amiga - 1991),0.00,0
Project Nomads (Windows - 2002),0.00,0
"Project: Space Station (DOS, Apple II, C64 - 1987)",4.75,24
Protostar: War on the Frontier (DOS - 1993),4.60,25
"Psi 5 Trading Co. (DOS, Amstrad CPC, C64 - 1986)",4.67,9
"PT-109 (DOS, Mac - 1987)",4.59,12
Pub Games (Amstrad CPC - 1987),0.00,0
Pub Pool (DOS - 1987),4.00,3
Pursuit of the Graf Spee (Apple II - 1982),4.00,1
Pyramid Magic II (Genesis - 1991),0.00,0
Quadrant (DOS - 1984),0.00,0
QuarterPole (DOS - 1993),4.67,6
"Quest of the Space Beagle (Atari 8-bit, C64 - 1984)",4.00,1
R.B.I. Baseball '93 (Genesis - 1993),0.00,0
"R.O.M. Gold: Rings of Medusa (DOS, Amiga - 1994)",4.50,8
Race the Nags (DOS - 1993),3.33,3
"Racter (DOS, Amiga, Mac, Apple II - 1984)",4.00,9
Radio Baseball (DOS - 1986),4.50,2
Rags to Riches (C64 - 1985),5.00,5
Rags to Riches: The Financial Market Simulation (DOS - 1993),4.12,17
"Rails West! (Apple II, C64 - 1984)",5.00,4
"Rally Driver (Amstrad CPC, C64 - 1986)",0.00,0
"Ralph Bosson's High Seas (DOS, C64 - 1988)",3.00,2
RAM! (DOS - 1985),3.00,2
RBI Baseball '95 (SEGA 32X - 1995),5.00,1
"Reach for the Skies (Amiga, Atari ST - 1993)",4.20,5
"Rebel Charge at Chickamauga (DOS, Amiga, Apple II, Atari 8-bit, C64 - 1987)",3.33,3
"Red Arrows (Amstrad CPC, C64 - 1985)",0.00,0
"Red Baron (DOS, Amiga, Mac - 1990)",4.83,46
"Red Lightning (DOS, Amiga, Atari ST - 1989)",4.22,9
"Red Storm Rising (DOS, Amiga, Atari ST, C64 - 1989)",4.68,47
Reflexity Pinball Challenge (Amiga - 1992),3.67,3
Rescue Raiders (Apple II - 1984),5.00,6
Retribution (DOS - 1994),2.67,3
"Revolution '76 (DOS, Apple IIgs - 1989)",3.91,11
Revs (C64 - 1986),0.00,0
Revs+ (C64 - 1987),0.00,0
Rich Tauber's Bass Champ (DOS - 1991),0.00,0
Ring Wars (C64 - 1988),4.00,1
"Ringside Seat (Apple II, C64 - 1983)",4.00,1
Road Rash II (Genesis - 1992),5.00,5
"Robinson's Requiem (DOS, Amiga, Mac, Atari ST - 1994)",4.54,29
Rock and Bach Studio (DOS - 1993),0.00,0
Rocket (DOS - 1981),0.00,0
Rockstar! (DOS - 1989),4.64,14
Roll 'N Nudge (Atari ST - 1990),0.00,0
Rollerball (NES - 1988),0.00,0
"Romantic Encounters at The Dome (DOS, Amiga, Mac - 1988)",4.80,5
Rommel: Battles for North Africa (C64 - 1988),5.00,1
Rosemary West's House of Fortunes (DOS - 1993),3.83,6
Royal Flush (DOS - 1994),5.00,2
Rubik's Cube (DOS - 1982),1.00,1
Rugby Manager (C64 - 1989),0.00,0
"Rules of Engagement (DOS, Amiga - 1991)",4.33,12
"Rules of Engagement 2 (DOS, Amiga - 1993)",4.64,11
"Run for Gold (Amstrad CPC, C64 - 1985)",5.00,1
Rush Hour (DOS - 1987),4.67,3
Russia: The Great War in the East 1941-1945 (C64 - 1987),5.00,3
Russian Front II: The Kursk Campaign (DOS - 1990),3.00,2
"RVF Honda (Amiga, Atari ST - 1990)",4.00,2
Safe Opening Simulator (DOS - 1993),4.43,7
Sai Combat (Amstrad CPC - 1986),0.00,0
"Sands of Fire (DOS, Mac - 1990)",3.50,2
Sangokushi Retsuden: Ransei no Eiyūtachi (Genesis - 1991),0.00,0
"Santa Paravia and Fiumaccio (DOS, Amiga, C64 - 1989)",5.00,9
Scratch Golf (Game Gear - 1994),5.00,1
Sea Fisherman (Atari ST - 1989),0.00,0
Sea Rogue (DOS - 1992),4.77,13
Seal Team (DOS - 1993),4.46,13
Search and Destroy (DOS - 1987),4.00,4
"Search for The Titanic (DOS, C64 - 1989)",3.00,3
"Second Front: Germany Turns East (DOS, Amiga - 1990)",4.09,11
"Seconds Out (Amiga, Atari ST - 1988)",0.00,0
Secret Weapons of the Luftwaffe (DOS - 1991),5.00,7
Secret Weapons of the Luftwaffe (CD-ROM) (DOS - 1992),4.33,29
"Serf City: Life is Feudal (DOS, Amiga - 1995)",4.68,61
Shadow President (DOS - 1993),4.30,71
Shanghai Pocket (Game Boy - 1998),0.00,0
Sherlock Holmes: Consulting Detective - Volume III (DOS - 1993),3.75,4
"Sherman M4 (DOS, Amiga, Amstrad CPC, Atari ST - 1989)",5.00,12
Shirley Muldowney's Top Fuel Challenge (C64 - 1987),0.00,0
Shogi Master (DOS - 1991),4.71,7
"Shuttle Simulator (Atari 8-bit, C64, Dragon 32/64 - 1983)",3.75,4
"Shuttle: The Space Flight Simulator (DOS, Amiga, Atari ST - 1992)",4.54,35
Sid Meier's Alpha Centauri (Linux - 2001),0.00,0
"Sid Meier's Colonization (DOS, Amiga, Mac - 1994)",4.57,479
"Sid Meier's Covert Action (DOS, Amiga - 1990)",4.60,58
"Sid Meier's Railroad Tycoon (DOS, Amiga, Atari ST - 1990)",4.82,22
Sid Meier's SimGolf (Windows - 2002),4.64,14
"Side Pocket (Game Boy, Game Gear, Genesis, NES, SNES - 1990)",2.50,2
Sierra's 3-D Helicopter Simulator (DOS - 1987),4.34,6
Silent Hunter (DOS - 1996),4.23,93
"Silent Service (DOS, Amiga, Amstrad CPC, Apple II, Apple IIgs, Atari 8-bit, Atari ST, C64, NES - 1985)",4.67,37
"Silent Service II (DOS, Amiga, Atari ST - 1990)",4.37,62
Silent Thunder: A-10 Tank Killer II (Windows - 1996),5.00,10
Sim Farm (DOS - 1993),4.18,123
Sim Theme Park (Windows - 1999),4.44,25
"SimAnt: The Electronic Ant Colony (DOS, Amiga, SNES - 1991)",4.42,557
"SimCity (DOS, Amiga, Amstrad CPC, Atari ST, C64, SNES - 1989)",4.37,71
"SimCity 2000 (DOS, Amiga, SNES - 1993)",4.40,921
SimCity 2000 Scenarios Volume 1: Great Disasters (DOS - 1994),4.80,5
SimCity 2000 Urban Renewal Kit (DOS - 1994),4.47,15
SimCity 2000: CD Collection (DOS - 1996),4.59,63
SimCity Classic Graphics (DOS - 1994),4.83,6
SimCity Enhanced CD-ROM (DOS - 1993),4.13,15
"SimCity Graphics Set 1: Ancient Cities (DOS, Amiga - 1990)",4.50,8
"SimCity Graphics Set 2: Future Cities (DOS, Amiga - 1991)",4.25,4
"SimCity: Terrain Editor (DOS, Amiga, Atari ST - 1989)",5.00,6
SimCoaster (Windows - 2001),4.53,15
SimCopter (Windows - 1996),4.72,18
"SimEarth: The Living Planet (DOS, Amiga, SNES - 1990)",4.50,78
SimHealth (DOS - 1994),4.45,11
SimIsle: Missions in the Rainforest (DOS - 1995),4.46,22
SimLife (DOS - 1992),4.46,50
SimSafari (Windows - 1998),5.00,2
"SimTower: The Vertical Empire (Windows 3.x, Mac - 1995)",4.33,30
SimTown (Windows - 1995),5.00,3
SimuSex (DOS - 1992),4.21,79
Singles: Flirt Up Your Life! (Windows - 2004),0.00,0
Skateboard Park Tycoon: Back in the USA 2004 (Windows - 2003),3.00,1
SkateBoard Park Tycoon: World Tour 2003 (Windows - 2002),0.00,0
Ski Resort Tycoon (Windows - 2000),5.00,2
Ski Resort Tycoon: Deep Powder (Windows - 2004),5.00,1
"Skidoo (DOS, Amiga, Atari ST - 1989)",3.00,2
Skychase (DOS - 1990),5.00,5
"Skyfox (Amstrad CPC, Apple II, Atari ST, C64 - 1986)",5.00,2
Skyworker (Amiga - 1994),0.00,0
Slam Tilt (Amiga - 1996),4.75,4
Slam-Dunk (C64 - 1988),5.00,1
Slot (DOS - 1983),0.00,0
SLOT-8 (DOS - 1991),0.00,0
Snap-on presents Gearhead Garage: The Virtual Mechanic (Windows - 2000),4.37,41
"Snow Strike (DOS, Amiga, Amstrad CPC, Atari ST, C64 - 1990)",3.50,4
"Soccer Manager Plus (Amiga, Atari ST - 1989)",5.00,1
"Soccer Pinball (Amiga, Amstrad CPC, C64 - 1992)",3.00,2
Soccer Team Manager (Amiga - 1994),1.00,1
Softporn II (DOS - 1985),3.40,5
Software Manager (Amiga - 1994),5.00,1
"Software Star (Amstrad CPC, C64 - 1985)",4.00,1
Solidarność (DOS - 1991),4.00,4
"Solo Flight (DOS, Apple II, Atari 8-bit, C64 - 1985)",4.85,8
Solo Flight (Enhanced) (C64 - 1984),0.00,0
Solo Flight: 2nd Edition (C64 - 1985),5.00,1
"Southern Belle (Amstrad CPC, C64 - 1985)",5.00,1
Space Colony (Mac - 2004),4.20,5
Space Hunter (C64 - 1985),0.00,0
"Space M+A+X (DOS, Amiga - 1992)",4.33,3
"Space Rogue (DOS, Amiga, Mac, Apple II, C64 - 1989)",4.58,12
"Space Shuttle: A Journey into Space (Amstrad CPC, Atari 8-bit, C64 - 1986)",3.67,3
Space Vikings (Apple II - 1982),5.00,4
"Spitfire '40 (Amstrad CPC, Atari 8-bit, C64 - 1986)",4.00,1
"Spitfire Ace (DOS, Atari 8-bit, C64 - 1984)",5.00,4
Sport of Kings (DOS - 1991),3.83,6
SSN-21 Seawolf (DOS - 1994),4.56,16
Star Chamber (DOS - 1987),4.00,2
Star Crusader (Amiga - 1995),4.00,3
Star Fox: Super Weekend (SNES - 1993),3.50,8
Star Luster (NES - 1985),0.00,0
"Star Raiders (Atari 8-bit, Atari ST - 1979)",5.00,1
"Star Raiders II (Amstrad CPC, Atari 8-bit, C64 - 1987)",0.00,0
Star Rangers (DOS - 1995),4.00,12
Star Trek (DOS - 1981),3.75,8
Star Trek 64 (C64 - 1983),5.00,2
"Star Trek: 25th Anniversary (DOS, Amiga, Mac - 1992)",4.61,53
Star Trek: Bridge Commander (Windows - 2002),4.81,21
Star Trek: Judgment Rites (DOS - 1993),4.68,19
"Star Trek: Starfleet Academy - Starship Bridge Simulator (SEGA 32X, SNES - 1995)",4.00,1
Star Trek: Starfleet Command - Orion Pirates (Windows - 2001),0.00,0
Star Trek: Starfleet Command III (Windows - 2002),4.50,2
Star Trek: Starship Creator (Mac - 1998),4.71,7
"Star Trek: The Next Generation (Game Boy, Game Gear, NES - 1993)",0.00,0
"Star Trek: The Rebel Universe (DOS, Atari ST, C64 - 1988)",4.50,8
Star Wars: Episode I - The Gungan Frontier (Mac - 1999),3.87,16
"Starbyte Super Soccer (Amiga, Atari ST, C64 - 1991)",3.00,2
"StarFlight (DOS, Amiga, Mac, Atari ST, C64, Genesis - 1986)",4.57,40
"StarFlight 2: Trade Routes of The Cloud Nebula (DOS, Amiga, Mac - 1989)",4.57,36
"StarGlider (DOS, Amiga, Amstrad CPC, Apple II, Atari ST, C64 - 1987)",4.56,9
"Starglider II (DOS, Amiga, Mac, Atari ST - 1989)",4.35,12
Starlancer (Windows - 2000),4.80,5
Starlord (DOS - 1987),3.50,4
"Starlord (DOS, Amiga - 1993)",4.40,20
StarShip: Invasion (DOS - 1984),4.33,3
Starsiege (Windows - 1999),5.00,9
Starstrike II (Amstrad CPC - 1986),4.00,1
StarVega (DOS - 1989),3.75,4
"Stealth (Atari 8-bit, C64 - 1984)",5.00,1
Stealth ATF (NES - 1989),0.00,0
Stealth Mission (C64 - 1987),4.00,1
Steel Panthers (DOS - 1995),4.75,12
"Steel Talons (Genesis, SNES - 1992)",4.00,1
"Steel Thunder (DOS, C64 - 1989)",4.47,17
"Steigenberger Hotelmanager (DOS, Amiga, C64 - 1991)",3.33,3
"Stellar 7 (DOS, Amiga, Mac - 1990)",4.75,24
"Steve Davis Snooker (Amstrad CPC, Atari 8-bit, Commodore 16, C64 - 1984)",0.00,0
"Stickybear Town Builder (DOS, C64 - 1992)",4.33,3
"Stock Market: The Game (DOS, Amiga - 1990)",3.90,20
"Storm Master (DOS, Amiga, Atari ST - 1992)",5.00,4
Stormovik: SU-25 Soviet Attack Fighter (DOS - 1990),4.29,14
"Street Rod 2: The Next Generation (DOS, Amiga - 1991)",4.44,140
"Strike Aces (DOS, Amiga, Amstrad CPC, C64 - 1990)",4.38,8
Strike Commander (DOS - 1993),4.62,50
Strike Commander: Tactical Operations (DOS - 1993),4.50,23
"Strike Fleet (DOS, Amiga, Apple II, Atari ST, C64 - 1988)",4.69,19
Strike Force Harrier (DOS - 1986),4.25,8
"Strike Force Harrier (Amiga, Amstrad CPC, Atari ST, C64 - 1988)",4.43,7
Strikes -N- Spares (Amiga - 1993),0.00,0
Stroker (C64 - 1983),5.00,3
Stunt Driver (DOS - 1990),4.51,33
Stunt Island (DOS - 1992),4.70,23
Stunt Jumper (DOS - 1991),0.00,0
Su-27 Flanker (DOS - 1996),4.31,40
"Sub Battle Simulator (DOS, Amiga, Mac, Apple IIgs, Atari ST, C64 - 1987)",4.35,17
"Sub Mission (DOS, Apple II - 1987)",3.00,2
Submarine (DOS - 1989),3.67,3
"Submarine Commander (Atari 8-bit, VIC-20 - 1982)",0.00,0
Subwar 2050 (DOS - 1993),4.21,14
Suicide Strike (C64 - 1983),3.33,3
Sundog: Frozen Legacy (Atari ST - 1985),4.64,25
Super Battletank 2 (SNES - 1994),5.00,2
Super Black Bass (SNES - 1992),0.00,0
"Super Caesars Palace (Genesis, SNES - 1993)",0.00,0
Super Conflict (SNES - 1993),5.00,1
Super Goal! 2 (SNES - 1993),3.50,2
"Super Huey II (DOS, C64 - 1988)",3.67,9
"Super Huey UH-IX (DOS, Amiga, Apple II, Atari 8-bit, Atari ST, C64 - 1988)",4.33,6
"Super Monaco GP (Amiga, Amstrad CPC, Atari ST, C64, Game Gear, Genesis - 1991)",5.00,2
Super Nudge 2000 (Amstrad CPC - 1989),0.00,0
Super Strike Eagle (SNES - 1993),4.00,2
Super TaeKwonDo Master (Amiga - 1996),0.00,0
Super-VGA Harrier (DOS - 1993),4.67,15
Superleague Soccer (C64 - 1989),0.00,0
Suzuka 8 Hours (SNES - 1993),0.00,0
"T.G.I.F. (Atari 8-bit, C64 - 1983)",4.00,1
"Table Tennis Simulation (Amiga, Atari ST - 1989)",0.00,0
Taboo: The Sixth Sense (NES - 1989),4.00,1
Tactical Manager Italia (Amiga - 1994),0.00,0
Tales of Lemma (Windows - 2003),2.00,1
Tamagotchi (Game Boy - 1997),5.00,1
Tamper (DOS - 1993),3.34,9
Tank Commander (DOS - 1995),3.70,10
Tank: The M1A1 Abrams Battle Tank Simulation (DOS - 1989),4.44,16
Task Force 1942 (DOS - 1992),4.64,37
"Tau Ceti (DOS, Amstrad CPC, Atari ST, C64 - 1987)",4.56,9
Team F1 (DOS - 1996),4.56,9
"Team Suzuki (DOS, Amiga, Atari ST - 1991)",4.42,12
"Team Yankee (DOS, Amiga, Atari ST - 1990)",4.21,14
Tenka Tōitsu (Genesis - 1991),0.00,0
"Test Drive (DOS, Amiga, Apple II, Atari ST, C64 - 1987)",4.55,77
Test Drive III: The Passion (DOS - 1990),4.29,31
TFX (DOS - 1993),4.58,19
"The Amazon Trail (DOS, Mac - 1993)",4.10,135
"The American Challenge: A Sailing Simulation (DOS, Apple II, C64 - 1986)",3.75,4
"The Ancient Art of War in the Skies (DOS, Amiga, Atari ST - 1992)",4.38,13
The Bitter End (Mac - 1999),0.00,0
The Blue Marlin (NES - 1991),0.00,0
The Bulge: Battle for Antwerp (C64 - 1985),4.33,3
"The Cardinal of The Kremlin (DOS, Amiga - 1990)",4.83,6
"The Clue! (DOS, Amiga - 1994)",4.83,23
"The Cosmic Balance (Apple II, C64 - 1982)",5.00,4
"The Dam Busters (DOS, Amstrad CPC, Apple II, ColecoVision, C64 - 1985)",4.80,10
"The Duel: Test Drive II (DOS, Amiga, Mac, Amstrad CPC, Apple IIgs, Atari ST, C64, Genesis, SNES - 1989)",4.33,69
"The Fabulous Wanda and the Secret of Life, the Universe, and Everything (C64 - 1983)",2.00,1
The Ford Simulator (DOS - 1987),4.20,10
The Global Dilemma: Guns or Butter (DOS - 1990),4.00,18
"The Halley Project: A Mission In Our Solar System (Amiga, C64 - 1986)",4.00,4
The Heroes of the 357th (DOS - 1992),4.57,7
"The Hunt for Red October (DOS, Amiga, Mac, Amstrad CPC, Apple IIgs, Atari ST, C64 - 1988)",4.71,14
"The Krypton Factor (Amstrad CPC, C64 - 1987)",0.00,0
The Las Vegas EGA Casino (DOS - 1987),2.67,3
The Las Vegas EGA Casino (Version 2.0) (DOS - 1991),0.00,0
"The Lost Tribe (DOS, Mac - 1992)",4.31,13
"The Manager (DOS, Amiga - 1992)",4.03,33
The Money Game (NES - 1988),0.00,0
The Movies (Windows - 2005),4.75,4
"The Oakflat Nuclear Power Plant Simulator (DOS, C64 - 1992)",5.00,4
"The Official America's Cup Sailing Simulation (Amstrad CPC, C64 - 1986)",0.00,0
"The Oregon Trail (DOS, Mac, Apple II - 1990)",4.31,134
The Oregon Trail 1.2 for Windows (Windows - 1995),4.33,178
"The Patrician (DOS, Amiga, Atari ST - 1993)",4.79,14
"The Price is Right (DOS, C64 - 1990)",4.42,43
The Railroad Works (C64 - 1984),5.00,3
"The Rubicon Alliance (Amstrad CPC, C64 - 1987)",4.00,1
The Scottish Open: Virtual Golf (DOS - 1995),3.50,10
The Settlers II: Gold Edition (DOS - 1997),4.51,344
"The Settlers II: Veni, Vidi, Vici (Mac - 1997)",4.67,9
The Sims (Windows - 2000),3.33,6
The Soccer Game (DOS - 1989),4.75,4
The Soccer Game II (DOS - 1990),2.67,3
The Sting! (Windows - 2001),4.25,4
"The Train: Escape to Normandy (DOS, Amstrad CPC, C64 - 1988)",5.00,8
"The Warp Factor (DOS, Apple II - 1982)",4.34,6
The Wild Science Arcade (DOS - 1993),4.40,5
"The World's Greatest Baseball Game (DOS, Apple II, C64 - 1985)",5.00,1
"The Yukon Trail (Windows 3.x, Mac - 1994)",4.31,26
"Their Finest Hour: The Battle of Britain (DOS, Amiga, Atari ST - 1989)",4.38,13
"Their Finest Missions: Volume One (DOS, Amiga, Atari ST - 1989)",5.00,4
Theme Hospital (DOS - 1997),4.43,807
Three Mile Island (Apple II - 1979),4.60,5
"Thud Ridge: American Aces in 'Nam (DOS, C64 - 1988)",3.44,9
"Thunder&Lightning (Mac, Linux - 2015)",3.67,3
"Thunderchopper (DOS, C64 - 1989)",4.86,7
"Thunderhawk AH-73M (DOS, Amiga, Atari ST - 1991)",4.67,6
Thunderstrike 2 (DOS - 1995),4.50,16
"Timothy Leary's Mind Mirror (DOS, C64 - 1986)",4.75,16
Tiny Toon Adventures: Cartoon Workshop (NES - 1992),5.00,1
Titans of Steel: Warring Suns (Windows - 2003),5.00,5
"TLL: Tornado Low Level (Amstrad CPC, C64 - 1985)",4.00,1
TNN Bass Tournament of Champions (SNES - 1994),0.00,0
TOCA 2: Touring Car Challenge (Windows - 1999),4.43,14
Tom Clancy's Rainbow Six (Mac - 1999),4.40,15
"Tomahawk (DOS, Amstrad CPC, Apple II, Apple IIgs, Atari 8-bit, C64 - 1987)",4.86,7
Tommy Moe's Winter Extreme: Skiing & Snowboarding (SNES - 1994),0.00,0
Tommy's One-Armed Bandit (DOS - 1986),1.00,1
Tommy's Tarot (DOS - 1988),3.00,2
Tommy's Wizards (DOS - 1986),3.00,1
Tonka Search & Rescue (Mac - 1997),5.00,2
Tony La Russa Baseball II (DOS - 1993),3.00,1
"Tony La Russa's Ultimate Baseball (DOS, C64 - 1991)",3.11,9
"Top Gun (DOS, Amstrad CPC, C64 - 1987)",4.25,4
Top Gun: Danger Zone (DOS - 1991),4.55,18
Top Gun: Fire at Will! (Mac - 1998),5.00,5
Top Gun: The Second Mission (NES - 1989),5.00,2
"Tornado (DOS, Amiga - 1993)",5.00,6
Torpedo Range (Game Boy - 1991),0.00,0
Total Air War (Windows - 1998),4.50,8
Total Immersion Racing (Mac - 2003),5.00,1
"Tour 91 (DOS, Amstrad CPC - 1991)",4.80,5
"Tournament Tennis (DOS, Amstrad CPC, ColecoVision, C64 - 1985)",3.00,6
Tower FRA (Amiga - 1990),0.00,0
"Tracon II (DOS, Amiga - 1990)",4.32,22
Tracon: Air Traffic Control Simulator (DOS - 1989),4.37,30
Trail West (VIC-20 - 1981),4.00,1
Tranquility Base (Apple II - 1984),0.00,0
Transport Tycoon (DOS - 1994),4.73,30
Transport Tycoon Deluxe (DOS - 1995),4.49,215
"Transworld (DOS, Amiga, Atari ST, C64 - 1990)",4.60,5
"Treasure Hunt (C64, ZX Spectrum - 1985)",4.00,1
Treble Champions (Amiga - 1990),0.00,0
Treble Champions II (Amiga - 1993),0.00,0
"Trex Warrior: 22nd Century Gladiator (Amiga, Atari ST - 1991)",4.00,1
Triple Play 96 (Genesis - 1995),0.00,0
Tropico (Mac - 2001),4.08,12
"True Love (Windows, PC-98 - 1995)",3.57,7
Trump Castle 3 (DOS - 1993),2.50,2
Trump Castle II (DOS - 1991),3.67,3
Trump Castle: The Ultimate Casino Gambling Simulation (DOS - 1988),4.00,2
Trust and Betrayal: The Legacy of Siboot (DOS - 1987),3.75,4
Trust and Betrayal: The Legacy of Siboot (Mac - 1987),4.00,1
"Tsushima (Apple II, C64 - 1986)",4.00,1
"TT Racer (Amstrad CPC, ZX Spectrum - 1986)",0.00,0
Turn and Burn: No-Fly Zone (SNES - 1994),5.00,2
TvT (Atari 8-bit - 1993),0.00,0
Twin Tornado (C64 - 1987),4.00,1
Tycoon (Atari ST - 1988),3.00,1
U.S. Navy Fighters (Gold) (DOS - 1995),4.72,19
"U.S.A.A.F. - United States Army Air Force (Apple II, Atari 8-bit - 1985)",5.00,1
U.S.S. John Young 2 (DOS - 1992),5.00,5
Uchūsen: Cosmo Carrier (NES - 1987),0.00,0
UFO (DOS - 1989),4.86,7
Ultimate Air Combat (NES - 1992),5.00,1
Ultrabots (DOS - 1993),4.62,24
"Uncharted Waters (DOS, Mac, Genesis, NES, PC-88, SNES - 1991)",4.35,20
Uncle's Casino (DOS - 1991),0.00,0
"Under Fire! (DOS, Apple II, C64 - 1988)",4.25,8
Universal Combat (Windows - 2004),4.89,9
"Universe (DOS, Apple II, Atari 8-bit - 1987)",5.00,6
Universe II (DOS - 1986),5.00,4
Unnatural Selection (DOS - 1993),4.42,12
"Up Periscope! (DOS, C64 - 1988)",4.06,16
USS Stinger (DOS - 1989),5.00,3
UXB (Dragon 32/64 - 1983),0.00,0
V-Rally: Championship Edition (Game Boy - 1998),0.00,0
V-Rally: Edition 99 (Windows - 1999),4.64,11
"Vagan Attack (Amstrad CPC, C64, ZX Spectrum - 1985)",0.00,0
Valkyrie (Mac - 1993),5.00,1
"VC (DOS, Apple II, Atari 8-bit - 1983)",3.71,7
Vegas Dream (NES - 1988),0.00,0
"Vegas Gambler (DOS, Amiga, Apple IIgs, Atari ST, C64 - 1987)",2.50,4
"Vegas Jackpot (Atari 8-bit, Commodore 16, C64, VIC-20, ZX Spectrum - 1986)",4.50,2
Vegas Pro Video Poker (DOS - 1989),1.00,1
Vegas Stakes (Game Boy - 1995),5.00,1
Vegas Stakes (SNES - 1993),0.00,0
Veritech: Variable Fighter Simulator (DOS - 1994),3.80,5
"Vette! (DOS, Mac - 1989)",4.50,12
"Victoria: An Empire Under the Sun (Windows, Mac - 2003)",4.46,13
Video Trek 88 (DOS - 1982),4.00,3
Video Vegas (DOS - 1987),1.00,1
Virtual Karting (Amiga - 1995),5.00,1
Virtual Pinball (Genesis - 1993),2.50,2
Virtual Pool 2 (Windows - 1997),4.00,2
Virtual Seoul (Windows - 1999),0.00,0
Virtual Soccer (SNES - 1994),5.00,1
Virtual Valerie 2 (Windows - 1994),4.82,11
Virus-Farm (DOS - 1992),5.00,1
Visions of Aftermath: The Boomtown (DOS - 1988),3.83,6
Visual Star Trek (DOS - 1990),4.45,11
"Vroom (DOS, Atari ST - 1994)",5.00,2
Wall $treet Raider (DOS - 1986),5.00,6
Wall Street (Atari ST - 1988),5.00,2
Wall Street Kid (NES - 1989),5.00,4
Wall$treet (DOS - 1989),4.31,13
"Wall$treet (Amiga, C64 - 1989)",4.56,9
War Eagles (DOS - 1989),4.29,7
"War in Russia (Apple II, Atari 8-bit - 1984)",0.00,0
"War in the Gulf (DOS, Amiga - 1993)",4.56,9
War in the South Pacific (C64 - 1986),5.00,3
Warehouse (C64 - 1983),5.00,2
"Wargame Construction Set (DOS, Atari 8-bit, Atari ST, C64 - 1988)",4.33,9
Wargame Construction Set III: Age of Rifles 1846-1905 (DOS - 1996),4.50,26
"Warhead (Amiga, Atari ST - 1990)",5.00,1
Warren's World: Lost Colony (DOS - 1982),5.00,3
"Waterloo (DOS, Amiga - 1989)",4.40,10
Werewolf (DOS - 1995),5.00,4
"Werner: Let's go! (Amstrad CPC, C64 - 1987)",0.00,0
Wet Attack: The Empire Cums Back (Windows - 1999),0.00,0
"Wetten Dass..? (Amiga, C64 - 1991)",1.00,1
What They Don't Teach You At Harvard Business School (DOS - 1987),4.33,9
Wheel of Fortune (Game Boy - 1990),0.00,0
"White Death (DOS, Amiga - 1990)",3.60,5
"Wilderness: A Survival Adventure (DOS, Apple II - 1986)",4.58,24
Wilson ProStaff Golf (DOS - 1993),5.00,2
"Windsurf Willy (DOS, Amiga, Amstrad CPC, Atari ST - 1989)",0.00,0
"Wing Commander (DOS, Amiga, SNES - 1990)",4.54,43
Wing Commander (C64 - 1984),4.00,1
Wing Commander II: Vengeance of the Kilrathi (DOS - 1991),4.54,41
Wing Commander II: Vengeance of the Kilrathi - Special Operations 1 (DOS - 1991),5.00,3
Wing Commander: Armada (DOS - 1994),4.35,20
Wing Commander: Privateer (DOS - 1993),4.60,50
Wing Commander: Privateer - Speech Pack (DOS - 1993),4.62,8
Wing Commander: The Secret Missions 2 - Crusade (DOS - 1991),4.59,17
Wings (Amiga - 1990),5.00,11
Wings 2: Aces High (SNES - 1992),5.00,1
Wings over Europe: Cold War Gone Hot (Windows - 2006),4.50,2
Wings over Vietnam (Windows - 2004),0.00,0
Winning Post (SNES - 1993),0.00,0
"Winzer (DOS, Amiga, Atari ST, C64 - 1991)",3.67,3
Wolf (DOS - 1994),4.63,111
"Wolfpack (DOS, Amiga, Mac, Atari ST - 1990)",4.80,20
Wonder Project J: Kikai no Shōnen Pino (SNES - 1994),5.00,1
"World Championship Boxing Manager (DOS, Amiga, Amstrad CPC, Atari ST, C64, ZX Spectrum - 1990)",4.01,28
"World Circuit (DOS, Amiga, Atari ST - 1992)",4.51,41
"World Soccer (Amiga, Atari 8-bit, C64, ZX Spectrum - 1990)",0.00,0
World Trophy Soccer (Genesis - 1992),5.00,1
Worlds of Flight (Dragon 32/64 - 1984),0.00,0
WW2 Air Force Commander (DOS - 1993),4.33,6
X-Plane 5 (Mac - 1999),4.00,2
"Xcel (Amstrad CPC, ZX Spectrum - 1986)",0.00,0
"Xenocide (DOS, Apple IIgs - 1990)",3.67,3
"Xiphos (DOS, Amiga, Atari ST - 1990)",5.00,2
Yami No Romance (Windows - 2001),4.00,1
Yellow Lemon (PC-88 - 1985),5.00,1
"Yes Prime Minister: The Computer Game (DOS, Amstrad CPC, C64, ZX Spectrum - 1988)",4.20,10
Yoot Tower (Mac - 1998),4.24,17
Yume Miru Kusuri: A Drug That Makes You Dream (Windows - 2007),4.50,2
"Yuppi's Revenge (DOS, Amiga, Atari ST, C64 - 1988)",5.00,5
Zap! (Mac - 1998),5.00,5
Zeewolf (Amiga - 1994),3.00,2
Zeewolf 2: Wild Justice (Amiga - 1995),1.00,1
Zero4 Champ RR (SNES - 1994),0.00,0
Zero4 Champ RR-Z (SNES - 1995),0.00,0
Zipper Flipper (ZX Spectrum - 1984),0.00,0
Zoo Tycoon (Windows - 2001),4.43,70
