Title,Average Rating,Number of Ratings
3 Ninjas Kick Back (SNES - 1994),4.00,3
3x3 Eyes: Jūma Hōkan (SNES - 1995),0.00,0
3x3 Eyes: Seima Kōrinden (SNES - 1992),0.00,0
90 Minutes: European Prime Goal (SNES - 1995),0.00,0
A.S.P.: Air Strike Patrol (SNES - 1994),5.00,2
ABC Monday Night Football (SNES - 1993),0.00,0
ACME Animation Factory (SNES - 1994),3.00,2
Acrobat Mission (SNES - 1992),5.00,1
ActRaiser (SNES - 1990),0.00,0
ActRaiser 2 (SNES - 1993),5.00,1
Addams Family Values (SNES - 1995),0.00,0
Advanced V.G. (SNES - 1995),0.00,0
Adventures of Yogi Bear (SNES - 1994),0.00,0
Aero Fighters (SNES - 1993),0.00,0
Aero the Acro-Bat (SNES - 1993),5.00,1
Aero the Acro-Bat 2 (SNES - 1994),5.00,1
Aerobiz (SNES - 1992),5.00,4
Aerobiz Supersonic (SNES - 1993),5.00,5
Air Cavalry (SNES - 1995),5.00,1
Al Unser Jr.'s Road to the Top (SNES - 1994),0.00,0
Albert Odyssey (SNES - 1993),0.00,0
Alcahest (SNES - 1993),0.00,0
Alien Vs. Predator (SNES - 1993),0.00,0
Alien³ (SNES - 1993),3.00,1
American Gladiators (SNES - 1993),3.10,10
An American Tail: Fievel Goes West (SNES - 1994),5.00,1
Andre Agassi Tennis (SNES - 1993),5.00,1
Angelique (SNES - 1994),5.00,1
Animaniacs (SNES - 1993),5.00,1
Araiguma Rascal (SNES - 1994),0.00,0
Arcana (SNES - 1992),5.00,1
Arcus Odyssey (SNES - 1993),0.00,0
Ardy Lightfoot (SNES - 1993),0.00,0
Aretha (SNES - 1993),4.00,1
Aretha II: Ariel Fushigi no Tabi (SNES - 1994),5.00,1
Arkanoid: Doh It Again (SNES - 1997),4.00,1
Art of Fighting (SNES - 1993),0.00,0
Art of Fighting 2 (SNES - 1994),5.00,1
Ashita no Joe (SNES - 1992),0.00,0
Astérix (SNES - 1993),5.00,1
Astérix & Obélix (SNES - 1996),4.47,45
Astral Bout (SNES - 1992),0.00,0
Atlas (SNES - 1995),5.00,1
Axelay (SNES - 1992),4.00,1
B.O.B. (SNES - 1993),0.00,0
Bahamut Lagoon (SNES - 1996),5.00,1
Bakumatsu Kōrinden: Oni (SNES - 1996),1.00,1
Ballz 3D: Fighting at its Ballziest (SNES - 1994),0.00,0
Barbie Super Model (SNES - 1993),4.33,15
Barbie Vacation Adventure (SNES - 1994),0.00,0
Barkley: Shut Up and Jam! (SNES - 1994),0.00,0
Bass Masters Classic (SNES - 1995),0.00,0
Bass Masters Classic: Pro Edition (SNES - 1996),0.00,0
Bassin's Black Bass (SNES - 1994),0.00,0
Batman Forever (SNES - 1995),4.53,15
Batman Returns (SNES - 1993),0.00,0
Battle Blaze (SNES - 1992),0.00,0
Battle Cars (SNES - 1993),0.00,0
Battle Clash (SNES - 1992),5.00,1
Battle Grand Prix (SNES - 1992),0.00,0
Battle Tycoon (SNES - 1995),0.00,0
BattleTech: A Game of Armored Combat (SNES - 1995),4.33,3
Battletoads / Double Dragon (SNES - 1993),5.00,2
Battletoads in Battlemaniacs (SNES - 1993),0.00,0
Bazooka Blitzkrieg (SNES - 1992),0.00,0
Bebe's Kids (SNES - 1994),0.00,0
Beethoven's 2nd (SNES - 1993),3.56,9
Best of the Best Championship Karate (SNES - 1993),4.32,19
Big Sky Trooper (SNES - 1995),0.00,0
Biker Mice from Mars (SNES - 1994),0.00,0
Bill Laimbeer's Combat Basketball (SNES - 1991),0.00,0
Bill Walsh College Football (SNES - 1994),0.00,0
Bishōjo Senshi Sailor Moon (SNES - 1993),4.00,1
Bishōjo Senshi Sailor Moon R (SNES - 1993),5.00,1
Bishōjo Senshi Sailor Moon S: Jōgai Rantō!? Shuyaku Sōdatsusen (SNES - 1994),5.00,1
Bishōjo Senshi Sailor Moon S: Kurukkurin (SNES - 1995),0.00,0
Bishōjo Senshi Sailor Moon: Another Story (SNES - 1995),0.00,0
BlaZeon (SNES - 1992),5.00,1
Bombuzal (SNES - 1990),4.00,6
Boogerman: A Pick and Flick Adventure (SNES - 1995),5.00,1
Boxing Legends of the Ring (SNES - 1993),0.00,0
Brain Lord (SNES - 1994),5.00,1
Bram Stoker's Dracula (SNES - 1993),0.00,0
Brandish (SNES - 1994),4.00,1
Brandish 2: The Planet Buster (SNES - 1995),0.00,0
Brawl Brothers (SNES - 1992),4.00,1
BreakThru! (SNES - 1994),0.00,0
Breath of Fire (SNES - 1993),0.00,0
Breath of Fire II (SNES - 1994),5.00,1
Brett Hull Hockey (SNES - 1994),0.00,0
Brett Hull Hockey 95 (SNES - 1994),4.20,5
Bronkie The Bronchiasaurus (SNES - 1994),0.00,0
Brunswick World: Tournament of Champions (SNES - 1997),0.00,0
Brutal: Paws of Fury (SNES - 1994),3.88,8
BS Super Famicom Wars (SNES - 1998),0.00,0
BS Zelda no Densetsu (SNES - 1995),0.00,0
Bubsy II (SNES - 1994),0.00,0
Bubsy in: Claws Encounters of the Furred Kind (SNES - 1993),5.00,1
Bugs Bunny Rabbit Rampage (SNES - 1994),0.00,0
Bulls vs. Blazers and the NBA Playoffs (SNES - 1992),0.00,0
Burai: Hachigyoku no Yūshi Densetsu (SNES - 1993),0.00,0
Bushi Seiryūden: Futari no Yūsha (SNES - 1997),0.00,0
Bust-A-Move (SNES - 1995),0.00,0
Cacoma Knight in Bizyland (SNES - 1992),0.00,0
Cal Ripken Jr. Baseball (SNES - 1992),0.00,0
California Games II (SNES - 1992),4.06,16
Cannon Fodder (SNES - 1994),4.59,73
Cannondale Cup (SNES - 1994),0.00,0
Capcom's MVP Football (SNES - 1992),0.00,0
Capcom's Soccer Shootout (SNES - 1994),0.00,0
Captain America and the Avengers (SNES - 1993),0.00,0
Captain Commando (SNES - 1995),0.00,0
Captain Novolin (SNES - 1992),0.00,0
Caravan Shooting Collection (SNES - 1995),0.00,0
Carrier Aces (SNES - 1995),4.00,1
Casper (SNES - 1996),3.00,1
Castlevania: Dracula X (SNES - 1995),0.00,0
Champions World Class Soccer (SNES - 1994),0.00,0
Championship Pool (SNES - 1993),0.00,0
Championship Soccer '94 (SNES - 1993),0.00,0
Championship Soccer '94 (SNES - 1994),0.00,0
Chaos Seed: Fūsui Kairōki (SNES - 1996),0.00,0
Chavez (SNES - 1994),0.00,0
Chavez II (SNES - 1994),0.00,0
Chester Cheetah: Too Cool to Fool (SNES - 1992),0.00,0
Chester Cheetah: Wild Wild Quest (SNES - 1994),4.00,1
Chō Aniki: Bakuretsu Rantōden (SNES - 1995),0.00,0
Chō Jikū Yōsai Macross: Scrambled Valkyrie (SNES - 1993),0.00,0
Chō Mahō Tairiku Wozz (SNES - 1995),0.00,0
Choplifter III: Rescue Survive (SNES - 1994),0.00,0
Chrono Trigger (SNES - 1995),5.00,1
Chuck Rock (SNES - 1992),4.50,2
Clay Fighter (SNES - 1993),0.00,0
Clay Fighter 2: Judgement Clay (SNES - 1994),0.00,0
Clay Fighter: Tournament Edition (SNES - 1994),0.00,0
Claymates (SNES - 1993),0.00,0
Cliffhanger (SNES - 1993),0.00,0
Clock Tower (SNES - 1995),0.00,0
Clue (SNES - 1992),5.00,2
College Slam (SNES - 1996),4.25,4
Columns (SNES - 1999),3.00,1
Congo's Caper (SNES - 1992),0.00,0
Contra III: The Alien Wars (SNES - 1992),4.00,5
Cool Spot (SNES - 1993),4.34,18
Cool World (SNES - 1992),4.13,8
Cosmo Gang: The Puzzle (SNES - 1993),0.00,0
Cosmo Gang: The Video (SNES - 1992),0.00,0
Cosmo Police Galivan II: Arrow of Justice (SNES - 1993),0.00,0
Crayon Shin-chan: Arashi o Yobu Enji (SNES - 1993),5.00,1
Crystal Beans From Dungeon Explorer (SNES - 1995),0.00,0
Cutthroat Island (SNES - 1996),0.00,0
Cyber Knight (SNES - 1992),0.00,0
Cyber Knight II: Chikyū Teikoku no Yabō (SNES - 1994),0.00,0
Cyber Spin (SNES - 1992),0.00,0
Cybernator (SNES - 1992),0.00,0
Cyborg 009 (SNES - 1994),0.00,0
D-Force (SNES - 1991),0.00,0
Daffy Duck: The Marvin Missions (SNES - 1993),0.00,0
Dai-3-ji Super Robot Taisen (SNES - 1993),0.00,0
Daikaijū Monogatari (SNES - 1994),0.00,0
Darius Twin (SNES - 1991),0.00,0
Dark Half (SNES - 1996),4.00,1
Dark Kingdom (SNES - 1994),0.00,0
Dark Law: Meaning of Death (SNES - 1997),0.00,0
David Crane's Amazing Tennis (SNES - 1992),4.00,1
Daze Before Christmas (SNES - 1994),0.00,0
Deadly Moves (SNES - 1992),0.00,0
Demolition Man (SNES - 1995),0.00,0
Demon's Crest (SNES - 1994),5.00,1
Denjinmakai (SNES - 1994),0.00,0
Der Langrisser (SNES - 1995),5.00,1
Desert Strike: Return to the Gulf (SNES - 1992),4.50,24
Dharma Dōjō (SNES - 1995),0.00,0
Dig & Spike Volleyball (SNES - 1992),0.00,0
Dino Dini's Soccer (SNES - 1994),0.00,0
Dirt Racer (SNES - 1995),0.00,0
Dirt Trax FX (SNES - 1995),0.00,0
Disney's Aladdin (SNES - 1993),0.00,0
Disney's Beauty and the Beast (SNES - 1994),0.00,0
Disney's Bonkers (SNES - 1994),0.00,0
Disney's Magical Quest 3 starring Mickey & Donald (SNES - 1995),3.00,2
Disney's The Jungle Book (SNES - 1994),0.00,0
Disney's Timon & Pumbaa's Jungle Games (SNES - 1997),4.40,30
Disney's Toy Story (SNES - 1995),3.67,3
Do Re Mi Fantasy: Milon no DokiDoki Daibōken (SNES - 1996),0.00,0
Dōkyūsei 2 (SNES - 1997),1.00,1
Donkey Kong Country (SNES - 1994),5.00,2
Donkey Kong Country 2: Diddy's Kong Quest (SNES - 1995),4.00,2
Donkey Kong Country 3: Dixie Kong's Double Trouble! (SNES - 1996),1.00,1
Donkey Kong Country: Blockbuster World Video Game Championship II (SNES - 1994),0.00,0
Doom (SNES - 1996),4.34,1534
Doom Troopers: Mutant Chronicles (SNES - 1995),0.00,0
Doomsday Warrior (SNES - 1992),0.00,0
Doraemon 2: Nobita no Toys Land Daibōken (SNES - 1993),0.00,0
Doraemon 3: Nobita to Toki no Hōgyoku (SNES - 1994),0.00,0
Doraemon 4: Nobita to Tsuki no Ōkoku (SNES - 1995),0.00,0
Doraemon: Nobita to Yōsei no Kuni (SNES - 1993),0.00,0
Dossun! Ganseki Battle (SNES - 1994),0.00,0
Double Dragon V: The Shadow Falls (SNES - 1994),5.00,1
Downtown Nekketsu Baseball Monogatari (SNES - 1993),0.00,0
Dr. Mario (SNES - 1998),4.20,5
Dragon Ball Z: Hyper Dimension (SNES - 1996),5.00,1
Dragon Ball Z: Super Butōden (SNES - 1993),5.00,1
Dragon Ball Z: Super Butōden 2 (SNES - 1993),0.00,0
Dragon Ball Z: Super Butōden 3 (SNES - 1994),5.00,1
Dragon Ball Z: Super Gokūden - Kakusei-hen (SNES - 1995),5.00,1
Dragon Ball Z: Super Gokūden - Totsugeki-hen (SNES - 1995),0.00,0
Dragon Ball Z: Super Saiya Densetsu (SNES - 1992),3.00,2
Dragon Knight 4 (SNES - 1996),4.57,7
Dragon Quest I & II (SNES - 1993),4.00,1
Dragon Quest V: Tenkū no Hanayome (SNES - 1992),0.00,0
Dragon Quest VI: Maboroshi no Daichi (SNES - 1995),4.00,1
Dragon Slayer: The Legend of Heroes (SNES - 1992),5.00,1
Dragon Slayer: The Legend of Heroes II (SNES - 1993),0.00,0
Dragon View (SNES - 1994),5.00,1
Dragon Warrior III (SNES - 1996),0.00,0
Dragon's Lair (SNES - 1992),5.00,1
Dragon: The Bruce Lee Story (SNES - 1993),5.00,1
Drakkhen (SNES - 1991),4.25,8
Dream TV (SNES - 1992),0.00,0
Dual Orb II (SNES - 1994),0.00,0
Dual Orb: Seirei Tama Densetsu (SNES - 1993),0.00,0
Dungeon Master (SNES - 1991),4.67,52
E.V.O.: Search for Eden (SNES - 1992),0.00,0
Earth Defense Force (SNES - 1991),0.00,0
EarthBound (SNES - 1994),5.00,1
Earthworm Jim (SNES - 1994),4.56,39
Earthworm Jim 2 (SNES - 1995),5.00,1
Edo no Kiba (SNES - 1993),0.00,0
Eek! the Cat (SNES - 1994),0.00,0
Elite Soccer (SNES - 1994),0.00,0
Emerald Dragon (SNES - 1995),1.00,1
Emmitt Smith Football (SNES - 1995),0.00,0
Equinox (SNES - 1993),5.00,1
ESPN Baseball Tonight (SNES - 1994),0.00,0
ESPN National Hockey Night (SNES - 1994),0.00,0
ESPN Speed World (SNES - 1994),0.00,0
ESPN Sunday Night NFL (SNES - 1994),0.00,0
Excitebike: BunBun Mario Battle Stadium (SNES - 1997),0.00,0
Extra Innings (SNES - 1991),0.00,0
Eye of the Beholder (SNES - 1994),4.54,62
F-1 Grand Prix (SNES - 1992),0.00,0
F-Zero (SNES - 1990),5.00,1
F1 Pole Position (SNES - 1992),0.00,0
F1 Pole Position 2 (SNES - 1993),0.00,0
F1 World Championship Edition (SNES - 1995),5.00,1
F1-ROC II: Race of Champions (SNES - 1993),0.00,0
F1ROC: Race of Champions (SNES - 1992),5.00,1
Faceball 2000 (SNES - 1992),0.00,0
Family Dog (SNES - 1993),0.00,0
Family Feud (SNES - 1993),5.00,1
Farland Story (SNES - 1995),0.00,0
Farland Story 2 (SNES - 1995),0.00,0
Fatal Fury (SNES - 1992),5.00,1
Fatal Fury 2 (SNES - 1993),5.00,1
Fatal Fury Special (SNES - 1994),5.00,1
FEDA: The Emblem of Justice (SNES - 1994),0.00,0
FIFA International Soccer (SNES - 1994),4.35,133
FIFA Soccer 96 (SNES - 1995),4.25,133
FIFA Soccer 97 (SNES - 1996),5.00,1
FIFA: Road to World Cup 98 (SNES - 1997),0.00,0
Fighter's History (SNES - 1994),0.00,0
Final Fantasy II (SNES - 1991),0.00,0
Final Fantasy III (SNES - 1994),5.00,1
Final Fantasy V (SNES - 1992),5.00,1
Final Fantasy: Mystic Quest (SNES - 1992),0.00,0
Final Fight (SNES - 1990),0.00,0
Final Fight 2 (SNES - 1993),5.00,1
Final Fight 3 (SNES - 1995),0.00,0
Final Stretch (SNES - 1993),0.00,0
Fire Emblem: Monshō no Nazo (SNES - 1994),5.00,2
Fire Emblem: Seisen no Keifu (SNES - 1996),4.20,5
Fire Emblem: Thracia 776 (SNES - 1999),5.00,3
Fire Emblem: Thracia 776 (Deluxe Pack) (SNES - 1999),0.00,0
Firepower 2000 (SNES - 1992),1.00,1
Firestriker (SNES - 1993),0.00,0
First Queen: Ornic Senki (SNES - 1994),0.00,0
First Samurai (SNES - 1993),4.61,13
Flashback: The Quest for Identity (SNES - 1993),4.80,40
Football Fury (SNES - 1992),0.00,0
Foreman for Real (SNES - 1995),0.00,0
Frank Thomas Big Hurt Baseball (SNES - 1995),5.00,1
Frantic Flea (SNES - 1996),0.00,0
Frogger (SNES - 1998),4.20,20
Front Mission (SNES - 1995),5.00,1
Front Mission: Gun Hazard (SNES - 1996),5.00,1
Full Throttle: All-American Racing (SNES - 1994),0.00,0
Fun 'N Games (SNES - 1994),4.00,1
G.O.D - Mezameyo to Yobu Koe ga Kikoe (SNES - 1996),0.00,0
Gakkou de atta Kowai Hanashi (SNES - 1995),0.00,0
Galaxy Wars (SNES - 1995),0.00,0
Ganbare Daiku no Gensan (SNES - 1993),0.00,0
Ganbare Goemon 2: Kiteretsu Shogun Magginesu (SNES - 1993),0.00,0
Ganbare Goemon 3: Shishi Jūrokubee no Karakuri Manji-gatame (SNES - 1994),0.00,0
Ganbare Goemon Kirakira Dōchū: Boku ga Dancer ni Natta Wake (SNES - 1995),0.00,0
Garry Kitchen's Super Battletank: War in the Gulf (SNES - 1992),5.00,3
Gdleen (SNES - 1991),0.00,0
Gekisō Sentai Carranger: Zenkai! Racer Senshi (SNES - 1996),0.00,0
Gekitotsu Dangan Jidōsha Kessen: Battle Mobile (SNES - 1993),0.00,0
Gemfire (SNES - 1992),4.69,13
Genghis Khan II: Clan of the Gray Wolf (SNES - 1993),4.34,53
Genocide 2 (SNES - 1994),0.00,0
George Foreman's KO Boxing (SNES - 1992),0.00,0
Ghoul Patrol (SNES - 1994),0.00,0
Go Go Ackman (SNES - 1994),0.00,0
Go Go Ackman 2 (SNES - 1995),0.00,0
Go Go Ackman 3 (SNES - 1995),0.00,0
Goal! (SNES - 1992),0.00,0
Gods (SNES - 1992),4.42,52
Gon (SNES - 1994),0.00,0
Goof Troop (SNES - 1993),1.00,1
Gourmet Sentai: Bara Yarou (SNES - 1995),0.00,0
GP-1 (SNES - 1993),0.00,0
GP-1 Part II (SNES - 1994),0.00,0
Gradius III (SNES - 1990),0.00,0
Gunple: Gunman's Proof (SNES - 1997),0.00,0
Hagane: The Final Conflict (SNES - 1994),0.00,0
Hammerlock Wrestling (SNES - 1994),0.00,0
Hana no Keiji: Kumo no Kanata ni (SNES - 1994),0.00,0
Hanjuku Eiyū: Aa Sekai Yo Hanjuku Nare (SNES - 1992),0.00,0
Haō Taikei Ryū Knight: Lord of Paladin (SNES - 1994),0.00,0
HardBall III (SNES - 1994),4.17,12
Harley's Humongous Adventure (SNES - 1993),0.00,0
Harukanaru Augusta (SNES - 1991),0.00,0
Harvest Moon (SNES - 1996),4.50,2
Hat Trick Hero 2 (SNES - 1994),0.00,0
Head-On Soccer (SNES - 1995),0.00,0
Hebereke's Popoitto (SNES - 1995),0.00,0
Hebereke's Popoon (SNES - 1993),0.00,0
Heisei Shin Onigashima: Kōhen (SNES - 1997),0.00,0
Heisei Shin Onigashima: Zenpen (SNES - 1997),0.00,0
Herakles no Eikō 3: Kamigami no Chinmoku (SNES - 1992),0.00,0
Herakles no Eikō 4: Kamigami no Okurimono (SNES - 1994),0.00,0
Hey Punk! Are You Tuff E Nuff? (SNES - 1993),0.00,0
Hiryū No Ken S: Golden Fighter (SNES - 1992),0.00,0
Hit the Ice: The Video Hockey League (SNES - 1993),0.00,0
Hokuto no Ken 5: Tenmaryūseiden: Ai * Zesshō (SNES - 1992),0.00,0
Hokuto no Ken 6: Gekitō Denshōken Haō e no Michi (SNES - 1992),0.00,0
Hokuto no Ken 7: Seiken Retsuden - Denshōsha e no Michi (SNES - 1993),0.00,0
Hole in One (SNES - 1991),0.00,0
Holy Umbrella: Dondera no Mubo (SNES - 1995),0.00,0
Home Alone (SNES - 1991),0.00,0
Home Alone 2: Lost in New York (SNES - 1992),5.00,1
Home Improvement: Power Tool Pursuit (SNES - 1994),0.00,0
Hook (SNES - 1992),0.00,0
Human Grand Prix III: F1 Triple Battle (SNES - 1994),0.00,0
Human Grand Prix IV: F1 Dream Battle (SNES - 1995),0.00,0
Hungry Dinosaurs (SNES - 1994),0.00,0
Hurricanes (SNES - 1994),0.00,0
Hyper Iria (SNES - 1995),0.00,0
Hyper V-Ball (SNES - 1992),0.00,0
Ihatovo Monogatari (SNES - 1993),0.00,0
Illusion of Gaia (SNES - 1993),4.00,1
Imperium (SNES - 1992),0.00,0
Incantation (SNES - 1996),0.00,0
Inindo: Way of the Ninja (SNES - 1992),0.00,0
Inspector Gadget (SNES - 1993),0.00,0
International Superstar Soccer (SNES - 1994),0.00,0
International Superstar Soccer Deluxe (SNES - 1995),5.00,1
International Tennis Tour (SNES - 1993),0.00,0
Iron Commando: Kotetsu no Senshi (SNES - 1995),5.00,1
Itadaki Street 2: Neon Sign wa Bara-iro ni (SNES - 1994),5.00,1
Ivan 'Ironman' Stewart's Super Off Road (SNES - 1992),4.55,52
Izzy's Quest for the Olympic Rings (SNES - 1996),0.00,0
J.R.R. Tolkien's Lord of the Rings: Volume One (SNES - 1994),0.00,0
Jack Nicklaus' Unlimited Golf & Course Design (SNES - 1992),4.67,3
Jaki Crush (SNES - 1992),0.00,0
James Bond Jr (SNES - 1992),5.00,1
James Pond 3: Operation Starfish (SNES - 1994),4.00,6
Jammit (SNES - 1994),5.00,1
Jelly Boy (SNES - 1994),0.00,0
Jeopardy! (SNES - 1992),5.00,1
Jeopardy! Deluxe Edition (SNES - 1994),5.00,1
Jeopardy! Sports Edition (SNES - 1994),0.00,0
Jikkyō Oshaberi Parodius (SNES - 1995),0.00,0
Jikkyō Power Pro Wrestling '96: Max Voltage (SNES - 1996),0.00,0
Jim Lee's WildC.A.T.S: Covert Action Teams (SNES - 1995),0.00,0
Jim Power: The Lost Dimension in 3D (SNES - 1993),4.75,8
Jimmy Connors Pro Tennis Tour (SNES - 1992),3.75,4
Jimmy Houston's Bass Tournament U.S.A. (SNES - 1995),0.00,0
Joe & Mac 2: Lost in the Tropics (SNES - 1994),0.00,0
Joe & Mac: Caveman Ninja (SNES - 1991),4.45,65
John Madden Football '92 (SNES - 1991),0.00,0
John Madden Football '93 (SNES - 1992),0.00,0
Jojo no Kimyō na Bōken (SNES - 1993),0.00,0
Judge Dredd (SNES - 1995),0.00,0
Jungle no Ōja Tar-chan (SNES - 1994),0.00,0
Jungle Strike (SNES - 1993),4.75,16
Jungle Wars 2:  Kodai Mahō Atimos no Nazo (SNES - 1993),0.00,0
Jurassic Park (SNES - 1993),0.00,0
Jurassic Park Part 2: The Chaos Continues (SNES - 1994),5.00,1
Justice League: Task Force (SNES - 1995),0.00,0
Jutei Senki (SNES - 1993),0.00,0
Kai: Tsukikomori (SNES - 1996),0.00,0
Kaizō Chōjin Shubibinman Zero (SNES - 1997),0.00,0
Kamaitachi no Yoru (SNES - 1994),0.00,0
Kamen Rider SD: Shutsugeki!! Rider Machine (SNES - 1993),0.00,0
Kawasaki Caribbean Challenge (SNES - 1993),0.00,0
Kawasaki Superbike Challenge (SNES - 1995),5.00,1
Keeper (SNES - 1994),0.00,0
Ken Griffey Jr Presents Major League Baseball (SNES - 1994),5.00,1
Ken Griffey Jr.'s Winning Run (SNES - 1996),0.00,0
Kendo Rage (SNES - 1993),0.00,0
Kenyū Densetsu Yaiba (SNES - 1994),5.00,1
Kero Kero Keroppi no Bōken Nikki: Nemureru Mori no Keroleen (SNES - 1994),0.00,0
Kevin Keegan's Player Manager (SNES - 1993),0.00,0
Kick Off 2 (SNES - 1991),4.17,30
Kick Off 3: European Challenge (SNES - 1994),4.67,6
Kid Klown in Crazy Chase (SNES - 1994),5.00,1
Kidō Butōden G Gundam (SNES - 1994),0.00,0
Kidō Keisatsu Patlabor (SNES - 1994),0.00,0
Kidō Senshi V Gundam (SNES - 1994),0.00,0
Kikou Keisatsu Metal Jack (SNES - 1992),0.00,0
Killer Instinct (SNES - 1995),5.00,2
King Arthur & the Knights of Justice (SNES - 1994),0.00,0
King Arthur's World (SNES - 1992),5.00,1
King of the Monsters (SNES - 1992),0.00,0
King of the Monsters 2: The Next Thing (SNES - 1993),0.00,0
Kinnikuman: Dirty Challenger (SNES - 1992),0.00,0
Kirby Super Star (SNES - 1996),5.00,2
Kirby's Avalanche (SNES - 1995),4.50,2
Kirby's Dream Course (SNES - 1994),5.00,1
Kirby's Dream Land 3 (SNES - 1997),4.67,3
Kirby's Star Stacker (SNES - 1998),4.00,5
Kishin Dōji ZENKI: Battle Raiden (SNES - 1995),0.00,0
Knights of the Round (SNES - 1994),0.00,0
Kōryu Densetsu Villgust: Kieta Shōjo (SNES - 1992),0.00,0
Kōshien 2 (SNES - 1992),0.00,0
Kōshien 3 (SNES - 1994),0.00,0
Kōshien 4 (SNES - 1995),0.00,0
Kunio no Oden (SNES - 1994),0.00,0
Kunio-kun no Dodge Ball da yo: Zenin Shūgo (SNES - 1993),0.00,0
Kūsō Kagaku Sekai Gulliver Boy (SNES - 1996),0.00,0
Kyle Petty's No Fear Racing (SNES - 1995),5.00,1
Kyūyaku Megami Tensei: Megami Tensei I ・II (SNES - 1995),0.00,0
Lady Stalker: Kako kara no Chōsen (SNES - 1995),4.00,1
Lagoon (SNES - 1991),4.00,1
Lamborghini: American Challenge (SNES - 1993),4.10,29
Langrisser II (SNES - 1995),5.00,2
Laplace no Ma (SNES - 1995),0.00,0
Last Action Hero (SNES - 1993),0.00,0
Legend (SNES - 1993),0.00,0
Lemmings (SNES - 1991),4.69,111
Lemmings 2: The Tribes (SNES - 1994),4.37,27
Lennus II: Fūin no Shito (SNES - 1996),0.00,0
Lester the Unlikely (SNES - 1994),0.00,0
Lethal Enforcers (SNES - 1994),0.00,0
Lethal Weapon (SNES - 1992),0.00,0
Libble Rabble (SNES - 1994),0.00,0
Liberty or Death (SNES - 1994),4.08,12
Little Magic (SNES - 1993),0.00,0
Live a Live (SNES - 1994),5.00,2
Lock On (SNES - 1993),0.00,0
Lode Runner Twin: Justy to Liberty no Daibōken (SNES - 1994),0.00,0
Looney Tunes B-Ball (SNES - 1994),0.00,0
Lord Monarch (SNES - 1992),5.00,1
Love Quest (SNES - 1995),0.00,0
Lucky Luke (SNES - 1997),0.00,0
Lufia & the Fortress of Doom (SNES - 1993),5.00,1
Lufia II: Rise of the Sinistrals (SNES - 1995),5.00,1
Madden NFL '94 (SNES - 1993),0.00,0
Madden NFL 95 (SNES - 1994),0.00,0
Madden NFL 96 (SNES - 1995),0.00,0
Madden NFL 97 (SNES - 1996),0.00,0
Madden NFL 98 (SNES - 1997),2.50,2
Madō Monogatari: Hanamaru Daiyōchienji (SNES - 1996),0.00,0
Magic Boy (SNES - 1993),3.86,7
Magic Knight Rayearth (SNES - 1995),0.00,0
Magic Sword (SNES - 1992),0.00,0
Magical Drop (SNES - 1995),0.00,0
Magical Drop II (SNES - 1996),5.00,1
Magical Pop'n (SNES - 1995),0.00,0
Magical Tarurūto-kun: Magic Adventure (SNES - 1992),0.00,0
Magna Braban: Henreki no Yusha (SNES - 1994),0.00,0
Mahjong Gokū Tenjiku (SNES - 1994),0.00,0
Mahjong Taikai II (SNES - 1994),0.00,0
Mahōjin GuruGuru 2 (SNES - 1996),0.00,0
Majin Tensei (SNES - 1994),5.00,1
Majin Tensei II: Spiral Nemesis (SNES - 1995),5.00,1
Makeruna! Makendō 2 (SNES - 1995),0.00,0
Märchen Adventure Cotton 100% (SNES - 1994),0.00,0
Mario & Wario (SNES - 1993),4.50,2
Mario is Missing! (SNES - 1992),4.58,164
Mario Paint (SNES - 1992),5.00,2
Mario's Early Years: Fun With Letters (SNES - 1994),4.76,17
Mario's Early Years: Fun with Numbers (SNES - 1994),0.00,0
Mario's Early Years: Preschool Fun (SNES - 1994),5.00,1
Mario's Super Picross (SNES - 1995),0.00,0
Mario's Time Machine (SNES - 1993),5.00,17
Mark Davis' The Fishing Master (SNES - 1995),0.00,0
Marko (SNES - 1995),0.00,0
Marvel Super Heroes in War of the Gems (SNES - 1996),0.00,0
Marvelous: Mōhitotsu no Takarajima (SNES - 1996),0.00,0
Mary Shelley's Frankenstein (SNES - 1994),0.00,0
Maten Densetsu: Senritsu no Ooparts (SNES - 1995),0.00,0
Math Blaster: Episode One - In Search of Spot (SNES - 1994),4.52,23
Maui Mallard in Cold Shadow (SNES - 1996),5.00,3
Mazinger Z (SNES - 1993),0.00,0
Mecarobot Golf (SNES - 1993),0.00,0
MechWarrior (SNES - 1993),0.00,0
Mega Lo Mania (SNES - 1993),4.47,50
Mega Man & Bass (SNES - 1998),5.00,1
Mega Man 7 (SNES - 1995),0.00,0
Mega Man Soccer (SNES - 1994),0.00,0
Mega Man X (SNES - 1993),4.48,151
Mega Man X2 (SNES - 1994),5.00,1
Mega Man X3 (SNES - 1995),4.60,10
Megami Tensei Gaiden: Last Bible III (SNES - 1995),0.00,0
Metal Combat: Falcon's Revenge (SNES - 1993),5.00,1
Metal Marines (SNES - 1993),5.00,1
Metal Max 2 (SNES - 1993),0.00,0
Metal Max Returns (SNES - 1995),0.00,0
Metal Morph (SNES - 1994),0.00,0
Metal Slader Glory: Director's Cut (SNES - 2000),5.00,1
Metal Warriors (SNES - 1995),5.00,1
Michael Andretti's Indy Car Challenge (SNES - 1994),0.00,0
Michael Jordan:  Chaos in the Windy City (SNES - 1994),0.00,0
Mickey Mania (SNES - 1994),3.00,3
Mickey's Ultimate Challenge (SNES - 1994),2.50,2
Micro Machines (SNES - 1994),4.40,15
Micro Machines 2: Turbo Tournament (SNES - 1995),4.15,13
Might and Magic II: Gates to Another World (SNES - 1993),4.48,31
Might and Magic III: Isles of Terra (SNES - 1995),4.22,23
Mighty Morphin Power Rangers (SNES - 1995),0.00,0
Mighty Morphin Power Rangers: The Fighting Edition (SNES - 1995),1.00,1
Mighty Morphin Power Rangers: The Movie (SNES - 1995),0.00,0
Miracle Girls: Tomomi to Mikage no Miracle World Adventure (SNES - 1993),0.00,0
MLBPA Baseball (SNES - 1994),0.00,0
Mo Hawk & Headphone Jack (SNES - 1995),0.00,0
Monopoly (SNES - 1992),5.00,3
Monstania (SNES - 1996),0.00,0
Morph (SNES - 1993),3.50,2
Mortal Kombat (SNES - 1993),4.50,104
Mortal Kombat 3 (SNES - 1995),4.31,166
Mortal Kombat II (SNES - 1994),4.43,90
Mōryō Senki Madara 2 (SNES - 1993),0.00,0
Motoko-chan no Wonder Kitchen (SNES - 1993),0.00,0
Mr. Do! (SNES - 1995),5.00,1
Mr. Nutz (SNES - 1994),0.00,0
Ms. Pac-Man (SNES - 1996),3.96,32
MTV's Beavis and Butt-Head (SNES - 1994),0.00,0
Mujintō Monogatari (SNES - 1996),0.00,0
Musya: The Classic Japanese Tale of Horror (SNES - 1992),0.00,0
Mutant Fighter (SNES - 1993),0.00,0
Mystery Dungeon: Shiren the Wanderer (SNES - 1995),0.00,0
Mystic Ark (SNES - 1995),5.00,2
Natsume Championship Wrestling (SNES - 1994),1.00,1
NBA All-Star Challenge (SNES - 1992),0.00,0
NBA Give 'n Go (SNES - 1995),0.00,0
NBA Hang Time (SNES - 1996),5.00,3
NBA Jam (SNES - 1994),0.00,0
NBA Jam Tournament Edition (SNES - 1995),4.26,24
NBA Live 95 (SNES - 1994),0.00,0
NBA Live 96 (SNES - 1996),5.00,1
NBA Live 97 (SNES - 1996),0.00,0
NBA Live 98 (SNES - 1997),5.00,2
NBA Showdown (SNES - 1993),0.00,0
NCAA Basketball (SNES - 1992),0.00,0
NCAA Final Four Basketball (SNES - 1995),0.00,0
NCAA Football (SNES - 1994),0.00,0
Nekketsu Tairiku: Burning Heroes (SNES - 1995),0.00,0
Neugier: Umi to Kaze no Kōdō (SNES - 1993),4.00,1
New Horizons (SNES - 1994),4.34,32
NFL Football (SNES - 1993),0.00,0
NFL Quarterback Club (SNES - 1994),0.00,0
NFL Quarterback Club 96 (SNES - 1995),0.00,0
NHL '94 (SNES - 1993),5.00,2
NHL 95 (SNES - 1994),4.24,21
NHL 96 (SNES - 1995),3.00,2
NHL 97 (SNES - 1996),4.50,2
NHL 98 (SNES - 1997),4.00,4
NHL Stanley Cup (SNES - 1993),0.00,0
NHLPA Hockey '93 (SNES - 1992),0.00,0
Nickelodeon GUTS (SNES - 1994),5.00,1
Nickelodeon: Aaahh!!! Real Monsters (SNES - 1995),0.00,0
Nigel Mansell's World Championship Racing (SNES - 1993),4.10,10
Ninja Gaiden Trilogy (SNES - 1995),5.00,1
No Escape (SNES - 1994),0.00,0
Nobunaga no Yabō: Haō Den (SNES - 1993),4.00,1
Nobunaga's Ambition (SNES - 1993),4.00,8
Nobunaga's Ambition: Lord of Darkness (SNES - 1991),5.00,2
Nolan Ryan's Baseball (SNES - 1991),0.00,0
Nontan to Issho: Kuru Kuru Puzzle (SNES - 1994),0.00,0
Norse by Norse West: The Return of the Lost Vikings (SNES - 1997),5.00,6
Nosferatu (SNES - 1994),4.00,1
Obitus (SNES - 1994),4.13,15
Ogre Battle (SNES - 1993),5.00,1
Oh-chan no Oekaki Logic (SNES - 1995),0.00,0
Olympic Summer Games (SNES - 1996),0.00,0
On the Ball (SNES - 1992),0.00,0
Operation Europe: Path to Victory 1939-45 (SNES - 1993),4.45,20
Operation Logic Bomb (SNES - 1993),0.00,0
Operation Thunderbolt (SNES - 1994),4.00,2
Oscar (SNES - 1996),4.20,10
Osu!! Karate Bu (SNES - 1994),0.00,0
Out of This World (SNES - 1992),4.70,70
Outlander (SNES - 1993),0.00,0
P.T.O.: Pacific Theater of Operations (SNES - 1992),4.50,4
P.T.O.: Pacific Theater of Operations II (SNES - 1995),5.00,1
Pac-Attack (SNES - 1993),5.00,1
Pac-in-Time (SNES - 1995),4.64,11
Pac-Man 2: The New Adventures (SNES - 1994),0.00,0
Packy & Marlon (SNES - 1995),0.00,0
Paladin's Quest (SNES - 1992),0.00,0
Panel de Pon (SNES - 1995),0.00,0
Panic in Nakayoshi World (SNES - 1994),0.00,0
PaperBoy 2 (SNES - 1991),4.33,24
Parodius (SNES - 1992),4.00,1
PGA European Tour (SNES - 1996),5.00,1
PGA Tour Golf (SNES - 1992),4.21,19
PGA Tour Golf III (SNES - 1996),0.00,0
Phalanx (SNES - 1992),0.00,0
Phantom 2040 (SNES - 1995),0.00,0
Picross NP Vol. 2 (SNES - 1999),0.00,0
Picross NP Vol. 3 (SNES - 1999),0.00,0
Picross NP Vol.1 (SNES - 1999),0.00,0
Picross NP Vol.4 (SNES - 1999),0.00,0
Picross NP Vol.5 (SNES - 1999),0.00,0
Picross NP Vol.6 (SNES - 2000),0.00,0
Picross NP Vol.7 (SNES - 2000),0.00,0
Picross NP Vol.8 (SNES - 2000),0.00,0
Pieces (SNES - 1994),0.00,0
Pierre le Chef is... Out to Lunch (SNES - 1993),3.50,2
Pilotwings (SNES - 1990),5.00,1
Pinball Dreams (SNES - 1994),4.47,65
Pinball Fantasies (SNES - 1995),4.59,79
Pink Goes to Hollywood (SNES - 1993),5.00,1
Pinocchio (SNES - 1996),0.00,0
Pipe Dream (SNES - 1992),4.40,5
Pit-Fighter (SNES - 1991),4.23,13
Pitfall: The Mayan Adventure (SNES - 1994),4.35,17
Plok (SNES - 1993),0.00,0
Pocky & Rocky (SNES - 1992),0.00,0
Pocky & Rocky 2 (SNES - 1994),0.00,0
Pop'n Twinbee (SNES - 1993),0.00,0
Pop'n TwinBee Rainbow Bell Adventures (SNES - 1994),0.00,0
Popful Mail (SNES - 1994),5.00,1
Populous (SNES - 1990),4.63,35
Populous II: Trials of the Olympian Gods (SNES - 1993),4.52,138
Porky Pig's Haunted Holiday (SNES - 1995),0.00,0
Power Drive (SNES - 1994),5.00,12
Power Instinct (SNES - 1994),0.00,0
Power Piggs of the Dark Age (SNES - 1996),0.00,0
Powermonger (SNES - 1993),4.44,23
Prehistorik Man (SNES - 1995),3.50,2
Primal Rage (SNES - 1995),4.63,65
Prince of Persia (SNES - 1992),4.61,211
Prince of Persia 2: The Shadow & The Flame (SNES - 1996),4.52,276
Princess Maker: Legend of Another World (SNES - 1995),5.00,1
Princess Minerva (SNES - 1995),5.00,1
Pro Quarterback (SNES - 1992),0.00,0
Pro Sport Hockey (SNES - 1994),0.00,0
Psycho Dream (SNES - 1992),4.00,1
Pushover (SNES - 1992),4.50,20
Putty (SNES - 1993),3.50,2
Putty Squad (SNES - 1994),0.00,0
Puyo Puyo (SNES - 1993),0.00,0
Puyo Puyo 2 (SNES - 1995),0.00,0
Q*bert 3 (SNES - 1992),0.00,0
R-Type III: The Third Lightning (SNES - 1993),0.00,0
Race Drivin' (SNES - 1992),4.10,10
Radical Rex (SNES - 1994),0.00,0
Raiden (SNES - 1991),4.45,29
Rampart (SNES - 1992),4.70,17
Ranma 1/2: Akanekodan-teki Hihō (SNES - 1993),0.00,0
Ranma 1/2: Chōgi Ranbu-hen (SNES - 1994),0.00,0
Ranma 1/2: Chōnai Gekitō Hen (SNES - 1992),0.00,0
Ranma 1/2: Hard Battle (SNES - 1992),0.00,0
RapJam: Volume One (SNES - 1995),0.00,0
Realm (SNES - 1996),0.00,0
Record of Lodoss War (SNES - 1995),5.00,2
Redline: F1 Racer (SNES - 1992),5.00,1
Rejoice: Aretha Ōkoku no Kanata (SNES - 1995),0.00,0
Relief Pitcher (SNES - 1994),0.00,0
Rendering Ranger R² (SNES - 1995),0.00,0
Revolution X (SNES - 1995),0.00,0
Rex Ronan: Experimental Surgeon (SNES - 1993),4.00,1
Riddick Bowe Boxing (SNES - 1993),0.00,0
Rise of the Phoenix (SNES - 1994),0.00,0
Rise of the Robots (SNES - 1994),3.87,15
Rival Turf (SNES - 1992),0.00,0
Road Riot 4WD (SNES - 1992),0.00,0
Road Runner's Death Valley Rally (SNES - 1992),4.00,1
RoboCop 3 (SNES - 1992),5.00,1
RoboCop Versus the Terminator (SNES - 1993),4.00,1
Robotrek (SNES - 1994),0.00,0
Rock n' Roll Racing (SNES - 1993),5.00,2
Rocko's Modern Life: Spunky's Dangerous Day (SNES - 1994),0.00,0
Rocky Rodent (SNES - 1993),0.00,0
Roger Clemens' MVP Baseball (SNES - 1992),0.00,0
Romance of the Three Kingdoms II (SNES - 1991),4.28,35
Romance of the Three Kingdoms III: Dragon of Destiny (SNES - 1992),4.61,36
Romance of the Three Kingdoms IV: Wall of Fire (SNES - 1994),3.00,2
Romancing SaGa (SNES - 1992),0.00,0
Romancing SaGa 2 (SNES - 1993),0.00,0
Romancing SaGa 3 (SNES - 1995),0.00,0
RPM Racing (SNES - 1992),0.00,0
Rudra no Hihō (SNES - 1996),0.00,0
Ruin Arm (SNES - 1995),0.00,0
Run Saber (SNES - 1993),0.00,0
Saban's Power Rangers Zeo: Battle Racers (SNES - 1996),0.00,0
Samurai Shodown (SNES - 1994),4.00,1
Sansara Naga 2 (SNES - 1994),5.00,1
Saturday Night Slam Masters (SNES - 1994),5.00,1
Scooby-Doo Mystery (SNES - 1995),5.00,1
SeaQuest DSV (SNES - 1995),0.00,0
Secret of Evermore (SNES - 1995),4.00,1
Secret of Mana (SNES - 1993),5.00,2
Secret of the Stars (SNES - 1993),4.00,1
Seifuku Densetsu: Pretty Fighter (SNES - 1994),0.00,0
Seiken Densetsu 3 (SNES - 1995),0.00,0
Sengoku (SNES - 1993),0.00,0
Shadowrun (SNES - 1993),5.00,1
Shanghai II: Dragon's Eye (SNES - 1992),4.00,23
Shanghai: Triple-Threat (SNES - 1995),0.00,0
Shaq Fu (SNES - 1994),2.00,2
Shien's Revenge (SNES - 1994),0.00,0
Shijō Saikyō League Serie A: Ace Striker (SNES - 1995),0.00,0
Shin Kidō Senki Gundam Wing: Endless Duel (SNES - 1996),5.00,1
Shin Momotarō Densetsu (SNES - 1993),0.00,0
Shin Nekketsu Kōha Kunio-kun: Kunio-tachi no Banka (SNES - 1994),5.00,1
Shin Nihon Pro Wrestling 94: Battlefield in Tokyo Dome (SNES - 1994),0.00,0
Shodai: Nekketsu Kōha Kunio-kun (SNES - 1992),5.00,1
Shutokō Battle '94: Drift King (SNES - 1994),0.00,0
Sid Meier's Civilization (SNES - 1994),4.53,587
Side Pocket (SNES - 1993),2.50,2
SimAnt: The Electronic Ant Colony (SNES - 1993),4.42,557
SimCity (SNES - 1991),4.37,71
SimCity 2000 (SNES - 1995),4.40,921
SimEarth: The Living Planet (SNES - 1991),4.50,78
Sink or Swim (SNES - 1994),3.17,6
Skyblazer (SNES - 1993),0.00,0
Slayers (SNES - 1994),5.00,2
SmartBall (SNES - 1991),0.00,0
Smash T.V. (SNES - 1992),3.67,3
Smash Tennis (SNES - 1993),0.00,0
Snoopy Concert (SNES - 1995),0.00,0
Snow White in Happily Ever After (SNES - 1994),0.00,0
Soccer Kid (SNES - 1993),4.41,22
Soldiers of Fortune (SNES - 1993),4.87,15
Solid Runner (SNES - 1997),0.00,0
Sonic Blast Man (SNES - 1992),5.00,1
Sonic Blast Man II (SNES - 1994),0.00,0
SOS (SNES - 1993),0.00,0
Soul Blazer (SNES - 1992),0.00,0
Space Ace (SNES - 1993),0.00,0
Space Football: One on One (SNES - 1992),0.00,0
Space Invaders (SNES - 1994),0.00,0
Space Megaforce (SNES - 1992),0.00,0
Spanky's Quest (SNES - 1991),0.00,0
Sparkster (SNES - 1994),0.00,0
Spectre (SNES - 1994),4.82,17
Speed Racer in My Most Dangerous Adventures (SNES - 1994),5.00,1
Speedy Gonzales in Los Gatos Bandidos (SNES - 1994),5.00,3
Spider-Man (SNES - 1994),5.00,1
Spider-Man / Venom: Maximum Carnage (SNES - 1994),5.00,1
Spider-Man X-Men: Arcade's Revenge (SNES - 1992),5.00,1
Spindizzy Worlds (SNES - 1992),2.00,2
Spirou (SNES - 1995),0.00,0
Sports Illustrated Championship Football & Baseball (SNES - 1994),0.00,0
St Andrews: Eikō to Rekishi no Old Course (SNES - 1995),0.00,0
Star Fox (SNES - 1993),4.00,1
Star Fox 2 (SNES - 1996),0.00,0
Star Fox: Super Weekend (SNES - 1993),3.50,8
Star Ocean (SNES - 1996),5.00,1
Star Trek: Deep Space Nine - Crossroads of Time (SNES - 1995),0.00,0
Star Trek: Starfleet Academy - Starship Bridge Simulator (SNES - 1995),4.00,1
Star Trek: The Next Generation - Echoes from the Past (SNES - 1994),0.00,0
Stargate (SNES - 1994),5.00,1
Steel Talons (SNES - 1993),4.00,1
Sterling Sharpe: End 2 End (SNES - 1995),0.00,0
Stone Protectors (SNES - 1994),0.00,0
Street Combat (SNES - 1993),0.00,0
Street Fighter Alpha 2 (SNES - 1996),4.00,1
Street Fighter II (SNES - 1992),4.48,107
Street Fighter II Turbo (SNES - 1993),5.00,1
Street Hockey '95 (SNES - 1994),0.00,0
Street Racer (SNES - 1994),4.56,8
Strike Gunner S.T.G. (SNES - 1992),0.00,0
Striker (SNES - 1992),4.41,17
Stunt Race FX (SNES - 1994),0.00,0
Sunset Riders (SNES - 1993),5.00,2
Super Adventure Island (SNES - 1992),0.00,0
Super Adventure Island II (SNES - 1994),0.00,0
Super Alfred Chicken (SNES - 1994),0.00,0
Super Back to the Future Part II (SNES - 1993),0.00,0
Super Baseball 2020 (SNES - 1993),0.00,0
Super Baseball Simulator 1.000 (SNES - 1991),0.00,0
Super Bases Loaded (SNES - 1991),0.00,0
Super Bases Loaded 2 (SNES - 1994),0.00,0
Super Bases Loaded 3: License to Steal (SNES - 1995),0.00,0
Super Batter Up (SNES - 1992),0.00,0
Super Battleship: The Classic Naval Combat Game (SNES - 1993),4.00,3
Super Battletank 2 (SNES - 1994),5.00,2
Super Black Bass (SNES - 1992),0.00,0
Super Bomberman (SNES - 1993),4.50,4
Super Bomberman 2 (SNES - 1994),5.00,1
Super Bomberman 3 (SNES - 1995),5.00,1
Super Bomberman 4 (SNES - 1996),5.00,1
Super Bomberman 5 (SNES - 1997),5.00,1
Super Bomberman: Panic Bomber W (SNES - 1995),0.00,0
Super Bonk (SNES - 1994),0.00,0
Super Bowling (SNES - 1992),0.00,0
Super Buster Bros. (SNES - 1992),0.00,0
Super Caesars Palace (SNES - 1993),0.00,0
Super Castlevania IV (SNES - 1991),5.00,2
Super Chase H.Q. (SNES - 1993),5.00,1
Super Chinese World 2: Uchū Ichibuto Daikai (SNES - 1993),5.00,1
Super Chinese World 3 (SNES - 1995),0.00,0
Super Conflict (SNES - 1993),5.00,1
Super Dany (SNES - 1994),0.00,0
Super Double Dragon (SNES - 1992),0.00,0
Super Dropzone: Intergalactic Rescue Mission (SNES - 1994),0.00,0
Super Famicom Wars (SNES - 1998),5.00,3
Super Final Match Tennis (SNES - 1994),0.00,0
Super Fire Pro Wrestling Queen's Special (SNES - 1995),0.00,0
Super Fire Pro Wrestling X Premium (SNES - 1996),0.00,0
Super Formation Soccer 95: della Serie A (SNES - 1995),5.00,1
Super Ghouls 'N Ghosts (SNES - 1991),0.00,0
Super Goal! 2 (SNES - 1993),3.50,2
Super Godzilla (SNES - 1993),5.00,1
Super Gussun Oyoyo (SNES - 1995),0.00,0
Super High Impact (SNES - 1993),0.00,0
Super International Cricket (SNES - 1995),0.00,0
Super Kick Off (SNES - 1992),0.00,0
Super Loopz (SNES - 1994),0.00,0
Super Mahjong Taikai (SNES - 1992),0.00,0
Super Mario All-Stars (SNES - 1993),5.00,7
Super Mario All-Stars + Super Mario World (SNES - 1994),3.97,29
Super Mario Kart (SNES - 1992),4.75,4
Super Mario RPG: Legend of the Seven Stars (SNES - 1996),4.00,5
Super Mario World (SNES - 1990),4.67,3
Super Mario World 2: Yoshi's Island (SNES - 1995),4.40,5
Super Metroid (SNES - 1994),5.00,2
Super Nazo Puyo: Rulue no Roux (SNES - 1995),0.00,0
Super Nazo Puyo: Rulue no Tetsuwan Hanjōki (SNES - 1996),0.00,0
Super NES Super Scope 6 (SNES - 1992),0.00,0
Super Ninja Boy (SNES - 1991),0.00,0
Super Ninja-kun (SNES - 1994),0.00,0
Super Noah's Ark 3-D (SNES - 1994),5.00,1
Super Nova (SNES - 1993),0.00,0
Super Off Road: The Baja (SNES - 1993),0.00,0
Super Pinball: Behind the Mask (SNES - 1993),0.00,0
Super Play Action Football (SNES - 1992),0.00,0
Super Punch-Out!! (SNES - 1994),5.00,1
Super R-Type (SNES - 1991),0.00,0
Super R.B.I. Baseball (SNES - 1995),5.00,1
Super Real Mahjong PIV (SNES - 1994),0.00,0
Super Real Mahjong PV Paradise: All-Star 4-nin Uchi (SNES - 1995),0.00,0
Super Robot Taisen EX (SNES - 1994),0.00,0
Super Slap Shot (SNES - 1993),0.00,0
Super Soccer (SNES - 1991),0.00,0
Super Soccer Champ (SNES - 1992),1.50,2
Super Solitaire (SNES - 1994),0.00,0
Super Star Wars (SNES - 1992),5.00,1
Super Star Wars: Return of the Jedi (SNES - 1994),5.00,1
Super Star Wars: The Empire Strikes Back (SNES - 1993),3.00,2
Super Street Fighter II (SNES - 1994),0.00,0
Super Strike Eagle (SNES - 1993),4.00,2
Super Tennis (SNES - 1991),1.00,1
Super Tetris 2 + Bombliss (SNES - 1992),5.00,2
Super Tetris 2 + Bombliss (Genteiban) (SNES - 1994),0.00,0
Super Tetris 3 (SNES - 1994),0.00,0
Super Troll Islands (SNES - 1994),0.00,0
Super Turrican (SNES - 1993),0.00,0
Super Turrican 2 (SNES - 1995),0.00,0
Super Valis IV (SNES - 1992),0.00,0
Super Wagan Land (SNES - 1991),0.00,0
Super Widget (SNES - 1993),0.00,0
Super Wrestle Angels (SNES - 1994),5.00,1
Sutte Hakkun (SNES - 1999),0.00,0
Suzuka 8 Hours (SNES - 1993),0.00,0
SWAT Kats: The Radical Squadron (SNES - 1995),5.00,1
Syndicate (SNES - 1994),5.00,1
Syvalion (SNES - 1992),0.00,0
T2: Terminator 2 - Judgment Day (SNES - 1993),0.00,0
Tactical Soccer (SNES - 1995),0.00,0
Tactics Ogre (SNES - 1995),5.00,1
Taekwon-Do (SNES - 1994),0.00,0
Tales of Phantasia (SNES - 1995),0.00,0
Taz-Mania (SNES - 1992),5.00,1
Tecmo Super Baseball (SNES - 1994),0.00,0
Tecmo Super Bowl (SNES - 1993),0.00,0
Tecmo Super Bowl II: Special Edition (SNES - 1994),5.00,1
Tecmo Super Bowl III: Final Edition (SNES - 1995),5.00,1
Tecmo Super NBA Basketball (SNES - 1992),0.00,0
Teenage Mutant Ninja Turtles: Tournament Fighters (SNES - 1993),0.00,0
Teenage Mutant Ninja Turtles: Turtles in Time (SNES - 1992),4.33,3
Tenchi Muyō! Game-hen (SNES - 1995),0.00,0
Tengai Makyō Zero (SNES - 1995),0.00,0
Tenshi no Uta: Shiroki Tsubasa no Inori (SNES - 1994),0.00,0
Terminator 2: Judgment Day (SNES - 1993),4.85,20
Terranigma (SNES - 1995),0.00,0
Tetris & Dr. Mario (SNES - 1994),5.00,1
Tetris 2 (SNES - 1994),0.00,0
Tetris Attack (SNES - 1996),5.00,1
The 7th Saga (SNES - 1993),0.00,0
The Addams Family (SNES - 1992),4.00,2
The Addams Family: Pugsley's Scavenger Hunt (SNES - 1993),0.00,0
The Adventures of Batman & Robin (SNES - 1994),5.00,1
The Adventures of Dr. Franken (SNES - 1993),0.00,0
The Adventures of Mighty Max (SNES - 1994),0.00,0
The Adventures of Rocky and Bullwinkle and Friends (SNES - 1993),0.00,0
The Adventures of Tintin: Prisoners of the Sun (SNES - 1996),4.40,15
The Amazing Spider-Man: Lethal Foes (SNES - 1995),1.00,1
The Blues Brothers: Jukebox Adventure (SNES - 1993),4.31,19
The Brainies (SNES - 1994),4.00,2
The Chessmaster (SNES - 1992),0.00,0
The Combatribes (SNES - 1992),3.00,1
The Death and Return of Superman (SNES - 1994),5.00,1
The Duel: Test Drive II (SNES - 1992),4.33,69
The Firemen (SNES - 1994),5.00,1
The Flintstones (SNES - 1995),0.00,0
The Flintstones: The Treasure of Sierra Madrock (SNES - 1994),0.00,0
The Great Circus Mystery starring Mickey & Minnie (SNES - 1994),5.00,1
The Great Waldo Search (SNES - 1993),1.00,1
The Humans (SNES - 1993),4.50,12
The Hunt for Red October (SNES - 1993),0.00,0
The Ignition Factor (SNES - 1994),0.00,0
The Incredible Crash Dummies (SNES - 1993),1.00,1
The Incredible Hulk (SNES - 1994),3.50,2
The Irem Skins Game (SNES - 1992),1.00,1
The Jetsons: Invasion of the Planet Pirates (SNES - 1994),0.00,0
The King of Dragons (SNES - 1994),5.00,1
The Last Battle (SNES - 1994),0.00,0
The Lawnmower Man (SNES - 1993),0.00,0
The Legend of the Mystical Ninja (SNES - 1991),0.00,0
The Legend of Zelda: A Link to the Past (SNES - 1991),3.50,4
The Lion King (SNES - 1994),4.69,61
The Lost Vikings (SNES - 1993),4.71,63
The Magical Quest Starring Mickey Mouse (SNES - 1992),0.00,0
The Mask (SNES - 1995),0.00,0
The Ninja Warriors (SNES - 1994),0.00,0
The Pagemaster (SNES - 1994),0.00,0
The Peace Keepers (SNES - 1993),0.00,0
The Pirates of Dark Water (SNES - 1994),0.00,0
The Ren & Stimpy Show: Buckeroo$! (SNES - 1995),0.00,0
The Ren & Stimpy Show: Fire Dogs (SNES - 1994),0.00,0
The Ren & Stimpy Show: Time Warp (SNES - 1994),0.00,0
The Ren & Stimpy Show: Veediots! (SNES - 1993),0.00,0
The Rocketeer (SNES - 1992),4.83,18
The Simpsons: Bart's Nightmare (SNES - 1993),5.00,1
The Smurfs (SNES - 1994),5.00,1
The Smurfs Travel the World (SNES - 1996),0.00,0
The Sporting News Baseball (SNES - 1994),0.00,0
The Super Aquatic Games (SNES - 1993),5.00,1
The Terminator (SNES - 1993),0.00,0
The Tick (SNES - 1994),5.00,1
The Twisted Tales of Spike McFang (SNES - 1993),0.00,0
The Untouchables (SNES - 1994),0.00,0
The Wizard of Oz (SNES - 1993),0.00,0
Theme Park (SNES - 1995),4.52,156
Thunder Spirits (SNES - 1991),0.00,0
Time Slip (SNES - 1993),0.00,0
Time Trax (SNES - 1994),0.00,0
Tintin in Tibet (SNES - 1995),4.16,18
Tiny Toon Adventures: Buster Busts Loose! (SNES - 1992),0.00,0
Tiny Toon Adventures: Wacky Sports Challenge (SNES - 1994),5.00,1
TKO Super Championship Boxing (SNES - 1992),0.00,0
TNN Bass Tournament of Champions (SNES - 1994),0.00,0
Todd McFarlane's Spawn: The Video Game (SNES - 1995),0.00,0
Tom and Jerry (SNES - 1993),0.00,0
Tommy Moe's Winter Extreme: Skiing & Snowboarding (SNES - 1994),0.00,0
Tony Meola's Sidekicks Soccer (SNES - 1993),0.00,0
Top Gear (SNES - 1992),5.00,2
Top Gear 2 (SNES - 1993),5.00,2
Top Gear 3000 (SNES - 1994),0.00,0
Torneko no Daibōken: Fushigi no Dungeon (SNES - 1993),0.00,0
Total Carnage (SNES - 1993),3.67,3
Toys (SNES - 1993),0.00,0
Treasure Hunter G (SNES - 1996),0.00,0
Troddlers (SNES - 1993),5.00,2
Troy Aikman NFL Football (SNES - 1995),0.00,0
True Golf Classics: Pebble Beach Golf Links (SNES - 1992),0.00,0
True Golf Classics: Waialae Country Club (SNES - 1991),0.00,0
True Golf Classics: Wicked 18 (SNES - 1993),0.00,0
True Lies (SNES - 1994),0.00,0
Turbo Toons (SNES - 1994),0.00,0
Turn and Burn: No-Fly Zone (SNES - 1994),5.00,2
U.N. Squadron (SNES - 1991),4.00,3
Ultima VI: The False Prophet (SNES - 1992),4.30,47
Ultima: Kyōryū Teikoku (SNES - 1995),0.00,0
Ultima: Runes of Virtue II (SNES - 1994),0.00,0
Ultima: The Black Gate (SNES - 1994),0.00,0
Ultimate Fighter (SNES - 1992),0.00,0
Ultimate Mortal Kombat 3 (SNES - 1996),5.00,3
Ultra Seven (SNES - 1993),0.00,0
Ultraman (SNES - 1991),0.00,0
Uncharted Waters (SNES - 1992),4.35,20
UNDAKE 30: Same Game Daisakusen - Mario Version (SNES - 1995),5.00,1
Undercover Cops (SNES - 1995),4.67,3
Uniracers (SNES - 1994),0.00,0
Urban Strike (SNES - 1995),5.00,1
Utopia: The Creation of a Nation (SNES - 1993),4.08,13
Vegas Stakes (SNES - 1993),0.00,0
Venom • Spider-Man: Separation Anxiety (SNES - 1995),0.00,0
Virtual Bart (SNES - 1994),5.00,1
Virtual Soccer (SNES - 1994),5.00,1
Vortex (SNES - 1994),0.00,0
WakuWaku Ski Wonder Spur (SNES - 1995),5.00,1
War 2410 (SNES - 1995),4.00,1
War 3010: The Revolution (SNES - 1996),4.00,1
Wario's Woods (SNES - 1994),5.00,1
Warlock (SNES - 1994),0.00,0
WarpSpeed (SNES - 1992),4.00,1
Waterworld (SNES - 1995),0.00,0
Wayne Gretzky and the NHLPA All-Stars (SNES - 1995),4.33,3
Wayne's World (SNES - 1993),0.00,0
WCW SuperBrawl Wrestling (SNES - 1994),0.00,0
We're Back!: A Dinosaur's Story (SNES - 1993),5.00,3
Wheel of Fortune (SNES - 1992),5.00,1
Wheel of Fortune: Deluxe Edition (SNES - 1994),5.00,1
Where in the World is Carmen Sandiego? (SNES - 1993),4.33,135
Where in Time is Carmen Sandiego? (SNES - 1992),3.93,14
Whirlo (SNES - 1992),0.00,0
Whizz (SNES - 1996),3.33,3
Wild Guns (SNES - 1994),0.00,0
WildSnake (SNES - 1994),5.00,1
Williams Arcade Classics (SNES - 1996),4.69,13
Wing Commander (SNES - 1992),4.54,43
Wing Commander: The Secret Missions (SNES - 1993),4.58,19
Wings 2: Aces High (SNES - 1992),5.00,1
Winning Post (SNES - 1993),0.00,0
Winter Gold (SNES - 1996),0.00,0
Winter Olympics: Lillehammer '94 (SNES - 1994),4.75,4
Wizardry V: Heart of the Maelstrom (SNES - 1992),4.80,15
Wizardry: Bane of the Cosmic Forge (SNES - 1995),4.46,33
Wolfenstein 3D (SNES - 1994),5.00,1
Wolverine: Adamantium Rage (SNES - 1994),3.00,1
Wonder Project J: Kikai no Shōnen Pino (SNES - 1994),5.00,1
Wordtris (SNES - 1992),4.00,8
World Cup USA 94 (SNES - 1994),3.37,8
World Heroes (SNES - 1993),0.00,0
World Heroes 2 (SNES - 1994),1.00,1
World Masters Golf (SNES - 1995),0.00,0
Worms (SNES - 1996),4.38,134
Wrecking Crew '98 (SNES - 1998),0.00,0
WWF Raw (SNES - 1994),0.00,0
WWF Royal Rumble (SNES - 1993),4.00,3
WWF Super WrestleMania (SNES - 1992),0.00,0
WWF WrestleMania (SNES - 1995),4.26,249
X-Kaliber 2097 (SNES - 1994),3.00,1
X-Men: Mutant Apocalypse (SNES - 1994),0.00,0
X-Zone (SNES - 1992),0.00,0
Xak: The Art of Visual Stage (SNES - 1993),5.00,1
Xardion (SNES - 1992),0.00,0
Yoshi no Cookie: Kuruppon Oven de Cookie (SNES - 1994),0.00,0
Yoshi's Cookie (SNES - 1993),0.00,0
Yoshi's Safari (SNES - 1993),3.00,1
Young Merlin (SNES - 1993),5.00,1
Ys III: Wanderers from Ys (SNES - 1991),5.00,1
Ys IV: Mask of the Sun (SNES - 1993),0.00,0
Ys V: Ushinawareta Suna no Miyako Kefin (SNES - 1995),5.00,1
Yū Yū Hakusho 2: Kakutō no Sho (SNES - 1994),0.00,0
Yū Yū Hakusho Final: Makai Saikyō Retsuden (SNES - 1995),3.00,1
Yume Meikyū: Kigurumi Daibōken (SNES - 1994),0.00,0
Zen Nippon Pro Wrestling (SNES - 1993),0.00,0
Zen Nippon Pro Wrestling Dash:  Sekai Saikyō Tag (SNES - 1993),0.00,0
Zero the Kamikaze Squirrel (SNES - 1994),0.00,0
Zero4 Champ RR (SNES - 1994),0.00,0
Zero4 Champ RR-Z (SNES - 1995),0.00,0
Zico Soccer (SNES - 1994),0.00,0
Zig Zag Cat: Dachō Club mo Oosawagi da (SNES - 1994),0.00,0
Zombies Ate My Neighbors (SNES - 1993),5.00,2
Zool (SNES - 1993),4.38,21
Zoop (SNES - 1996),3.33,3
