Title,Average Rating,Number of Ratings
"007: James Bond - The Stealth Affair (DOS, Atari ST - 1990)",4.32,28
"007: Licence to Kill (DOS, Amiga, Amstrad CPC, Atari ST, C64, MSX, ZX Spectrum - 1989)",4.00,45
007: Nightfire (Windows - 2002),4.33,9
007: The World is Not Enough (Game Boy Color - 2001),4.00,2
Action Man: Search for Base X (Game Boy Color - 2001),0.00,0
Agent UOP (C64 - 1994),0.00,0
Alias (Windows - 2004),5.00,1
Alien Conspiracy (Mac - 1998),5.00,1
Barracuda: Secret Mission 1 (DOS - 1992),3.00,2
"Berlin 1948 (DOS, Amiga, Atari ST - 1989)",3.86,7
"Border Zone (DOS, Mac, C64 - 1987)",4.75,8
"C.I.A. Adventure (DOS, C64 - 1982)",3.77,8
Carmen Sandiego Word Detective (Mac - 1997),3.73,15
Castle Explorer (Mac - 1996),4.89,9
Central Intelligence (DOS - 1994),4.40,10
Code Name: Viper (NES - 1990),5.00,1
Code: Europe (DOS - 1993),4.00,5
Crash Dive! (Atari 8-bit - 1984),0.00,0
CyberJudas (DOS - 1996),3.74,19
Cyberworm (C64 - 1989),0.00,0
"Devious Designs (Amiga, Atari ST - 1991)",1.00,1
"Dynamite Dan (Amstrad CPC, C64 - 1985)",3.00,1
Eksperyment Delfin (Amiga - 1995),0.00,0
"Elevator Action (Amstrad CPC, C64, Game Boy, NES, PC-88 - 1987)",5.00,1
"Espionage (DOS, Amiga, Amstrad CPC, C64 - 1988)",5.00,1
"Flames of Freedom (DOS, Amiga - 1992)",4.63,8
"Floor 13 (DOS, Amiga - 1992)",3.82,11
Games That Didn't Make It (Mac - 1999),5.00,1
"Global Commander (Amiga, Amstrad CPC, C64 - 1988)",5.00,5
Global Conquest (DOS - 1992),4.52,21
Golgo 13: Top Secret Episode (NES - 1988),0.00,0
"Guy Spy and the Crystals of Armageddon (DOS, Amiga, Mac, Atari ST - 1992)",4.25,4
"Hans Kloss (Atari 8-bit, C64 - 1992)",0.00,0
Hijack (Amstrad CPC - 1986),0.00,0
"Hostage: Rescue Mission (DOS, Amiga, Mac, Amstrad CPC, Atari ST, C64, NES - 1989)",4.39,23
"Impossible Mission (Amstrad CPC, C64, SEGA Master System, ZX Spectrum - 1986)",4.00,3
Incydent (Atari 8-bit - 1993),0.00,0
"Infiltrator (DOS, Amstrad CPC, Apple II, Atari 8-bit, C64, ZX Spectrum - 1987)",5.00,6
"Infiltrator II (DOS, C64, NES - 1988)",5.00,4
Inspektor (Atari 8-bit - 1993),0.00,0
James Bond 007 (Game Boy - 1998),1.00,1
"James Bond 007 in The Living Daylights: The Computer Game (Amstrad CPC, Atari 8-bit, C64 - 1987)",0.00,0
James Bond Jr (NES - 1992),5.00,1
"James Pond: Underwater Agent (Amiga, Atari ST, Genesis - 1990)",3.33,3
"Jungle Quest (DOS, Apple II, C64 - 1984)",0.00,0
"KGB (DOS, Amiga - 1992)",4.31,26
Laser Invasion (NES - 1991),0.00,0
Last Mission (C64 - 1986),0.00,0
Mad Magazine's Official Spy vs Spy (Game Boy - 1992),4.00,1
"Mata Hari (Amstrad CPC, Atari ST - 1988)",0.00,0
"Megafortress (DOS, Amiga - 1991)",4.90,10
"Metal Gear (DOS, C64, NES - 1990)",4.27,39
Metal Gear 2: Solid Snake (MSX - 1990),4.41,76
Metal Gear Solid (Game Boy Color - 2000),5.00,1
Metal Gear Solid (Windows - 2000),3.85,20
Metal Gear Solid 2: Substance (Windows - 2003),0.00,0
"Mission Elevator (Amiga, Amstrad CPC, Atari ST, C64 - 1987)",4.25,4
Mission: Impossible (NES - 1990),5.00,1
"Navy SEAL (DOS, C64 - 1989)",3.67,6
Navy Strike (DOS - 1996),4.40,20
"Nexus (Amstrad CPC, C64 - 1986)",0.00,0
"No One Lives Forever 2: A Spy in H.A.R.M.'s Way (Windows, Mac - 2002)",4.52,87
Nuclear Adventure or the North Base (Atari 8-bit - 1990),0.00,0
"Presumed Guilty! (DOS, C64 - 1989)",5.00,4
Prisoner 2 (Apple II - 1982),0.00,0
Reaper Arena (Mac - 1999),5.00,1
"Rebel Planet (Amstrad CPC, C64 - 1986)",0.00,0
Rolling Thunder 3 (Genesis - 1993),0.00,0
Safe Opening Simulator (DOS - 1993),4.43,7
Scott Adams' Graphic Adventure #3: Secret Mission (Atari 8-bit - 1982),0.00,0
"Seabase Delta (Amstrad CPC, C64 - 1986)",0.00,0
Secret Agent (DOS - 1992),4.61,58
Security Alert (C64 - 1990),0.00,0
"Sid Meier's Covert Action (DOS, Amiga - 1990)",4.60,58
Skarbnik (Amiga - 1994),3.00,2
"Sly Spy: Secret Agent (Amiga, Atari ST, C64 - 1990)",4.50,2
Snake's Revenge (NES - 1990),0.00,0
"Snooper Troops (DOS, Apple II, C64 - 1982)",4.07,15
"Snooper Troops: Case #2 - The Case of the Disappearing Dolphin (DOS, C64 - 1982)",4.10,10
Special Agent (C64 - 1988),0.00,0
"Special Operations (Amstrad CPC, C64 - 1984)",4.00,1
"Spy Fox in ""Dry Cereal"" (Mac - 1997)",4.50,32
Spy Fox in Cheese Chase (Mac - 1998),5.00,4
SPY Fox in Hold the Mustard (Mac - 1999),5.00,3
"Spy Fox: ""Operation Ozone"" (Mac - 2001)",4.50,6
Spy Snatcher (DOS - 1992),4.00,4
"Spy vs Spy (Amiga, Amstrad CPC, Apple II, Atari 8-bit, Atari ST, Commodore 16, C64, NES, PC-88 - 1989)",4.50,10
"Spy vs. Spy: The Island Caper (Amiga, Amstrad CPC, Atari 8-bit, C64 - 1989)",4.38,8
"Spy's Demise (Atari 8-bit, C64 - 1983)",0.00,0
Spy-Trek Adventure (Amstrad CPC - 1986),0.00,0
Striker (DOS - 1985),4.31,13
Super Spy (Mac - 1996),5.00,1
Super Spy (Dragon 32/64 - 1983),0.00,0
Super Spy Hunter (NES - 1991),0.00,0
"Teen Agent (DOS, Amiga - 1995)",4.13,23
"The Cardinal of The Kremlin (DOS, Amiga - 1990)",4.83,6
"The Fourth Protocol (DOS, Amstrad CPC, C64 - 1987)",4.33,6
The Mafat Conspiracy (NES - 1990),0.00,0
The Nine Lives of Secret Agent Katt (DOS - 1991),3.56,9
The Operative: No One Lives Forever (Windows - 2000),4.85,33
"The President is Missing (DOS, Amiga, C64 - 1988)",4.29,7
The Prisoner (Apple II - 1980),5.00,1
"The Spy Who Loved Me (Amiga, Amstrad CPC, Atari ST, C64 - 1990)",3.67,3
The Taking of Beverly Hills (DOS - 1991),3.33,3
Time Riders in American History (DOS - 1992),4.67,3
"Titanic Blinky (Amiga, Amstrad CPC, C64 - 1991)",1.00,1
"Titanic: Adventure Out of Time (Windows, Mac - 1999)",4.49,47
Tom Clancy's Politika (Mac - 1997),4.20,5
Tommy's Lifts (DOS - 1986),0.00,0
"Top Secret (DOS, Amstrad CPC - 1987)",5.00,1
"Valkyrie 17 (C64, ZX Spectrum - 1985)",0.00,0
X-Perts (Genesis - 1995),0.00,0
