Title,Average Rating,Number of Ratings
Alias (Windows - 2004),5.00,1
Bactron (Amstrad CPC - 1986),5.00,1
"Beyond Castle Wolfenstein (DOS, Apple II, Atari 8-bit, C64 - 1985)",4.35,32
"Castle Wolfenstein (DOS, Atari 8-bit, C64 - 1984)",4.45,73
Catwoman (Game Boy Color - 1999),5.00,1
Cuthbert in the Cooler (Dragon 32/64 - 1985),0.00,0
"Elevator Action (Amstrad CPC, C64, Game Boy, NES, PC-88 - 1987)",5.00,1
"Firelord (Amstrad CPC, C64 - 1986)",4.33,3
"Freedom: Rebels in the Darkness (Amiga, Amstrad CPC, Atari ST - 1988)",3.00,2
Hexsider (DOS - 1990),3.80,5
Hold-Up (Amstrad CPC - 1984),0.00,0
"Knight Rider (Amstrad CPC, C64 - 1986)",2.00,1
"Marauder (Apple II, Atari 8-bit - 1982)",0.00,0
"Metal Gear (DOS, C64, NES - 1990)",4.27,39
Metal Gear 2: Solid Snake (MSX - 1990),4.41,76
Metal Gear Solid (Game Boy Color - 2000),5.00,1
Metal Gear Solid 2: Substance (Windows - 2003),0.00,0
Pharaoh's Tomb (VIC-20 - 1982),0.00,0
"Saboteur (Amstrad CPC, Commodore 16, C64 - 1986)",5.00,2
Security Alert (C64 - 1990),0.00,0
SiN (Linux - 2000),0.00,0
Terminal Terror (DOS - 1994),3.67,3
The Great Escape (C64 - 1988),4.00,1
The Operative: No One Lives Forever (Windows - 2000),4.85,33
"They $tole a Million (Amstrad CPC, C64 - 1986)",4.00,1
