Title,Average Rating,Number of Ratings
"20,000 Leagues Under the Sea (DOS, Amiga, Amstrad CPC, Atari ST - 1988)",3.20,15
Amerzone: The Explorer's Legacy (Mac - 2010),4.33,3
"Arctic Baron (DOS, Amiga - 1993)",4.75,8
Banshee (Amiga - 1994),4.00,2
"Boston Bomb Club (DOS, Amiga, Atari ST - 1991)",5.00,4
Disney's Atlantis: The Lost Empire (Game Boy Color - 2001),0.00,0
Fantasy General (DOS - 1996),4.53,45
Fushigi no Umi no Nadia (Genesis - 1991),0.00,0
"Lighthouse: The Dark Being (DOS, Mac - 1996)",4.11,19
Nomad of Time (C64 - 1984),4.00,1
Riven: The Sequel to Myst (Mac - 1997),3.60,5
"Seastalker (DOS, Amiga, Mac, Amstrad CPC, Apple II, Atari 8-bit, C64 - 1984)",4.60,5
"Soldiers of Fortune (DOS, Amiga, Amiga CD32, Genesis, SNES - 1994)",4.87,15
"Space 1889 (DOS, Amiga, Atari ST - 1990)",4.11,9
The Chaos Engine 2 (Amiga - 1996),4.50,4
"The Eidolon (Amstrad CPC, Apple II, Atari 8-bit, C64 - 1986)",4.00,1
The Steel Empire (Genesis - 1992),0.00,0
Ultima: Worlds of Adventure 2 - Martian Dreams (DOS - 1991),4.65,17
"Viaje Al Centro De La Tierra (DOS, Amiga, Amstrad CPC, ZX Spectrum - 1989)",3.00,2
Warcraft II: Battle.net Edition (Mac - 2000),3.98,41
Warcraft II: Beyond the Dark Portal (DOS - 1996),4.43,97
"Warcraft II: Tides of Darkness (DOS, Mac - 1996)",4.44,1432
Wild Guns (SNES - 1994),0.00,0
"World of Aden: Entomorph - Plague of the Darkfall (Windows 3.x, Mac - 1995)",4.50,10
World of Aden: Thunderscape (DOS - 1995),4.29,14
