Title,Average Rating,Number of Ratings
3x3 Eyes: Sanjiyan Henjō (TurboGrafx CD - 1994),4.40,10
Seiryū Densetsu Monbit (TurboGrafx CD - 1991),0.00,0
Sol Bianca (TurboGrafx CD - 1990),0.00,0
Mahjong on the Beach (TurboGrafx CD - 1993),0.00,0
Ruin: Kami no Isan (TurboGrafx CD - 1993),0.00,0
Gambler Jiko Chūshinha: Mahjong Puzzle Collection (TurboGrafx CD - 1992),0.00,0
Bishōjo Senshi Sailor Moon (TurboGrafx CD - 1994),0.00,0
Ginga Fukei Densetsu: Sapphire (TurboGrafx CD - 1995),0.00,0
Hyper Dyne: Side Arms Special (TurboGrafx CD - 1989),0.00,0
Duo Comic: Bakuretsu Hunter (TurboGrafx CD - 1994),0.00,0
Mad Stalker: Full Metal Force (TurboGrafx CD - 1994),0.00,0
Far the Earth no Jakōtei: Neo Metal Fantasy (TurboGrafx CD - 1992),0.00,0
Super Mahjong Taikai (TurboGrafx CD - 1992),5.00,1
Cyber City Oedo 808: Kemono no Alignment (TurboGrafx CD - 1991),0.00,0
Pastel Lime (TurboGrafx CD - 1992),0.00,0
Vasteel 2 (TurboGrafx CD - 1994),0.00,0
F1 Team Simulation: Project F (TurboGrafx CD - 1992),0.00,0
Kūsō Kagaku Sekai Gulliver Boy (TurboGrafx CD - 1995),0.00,0
Valis II (TurboGrafx CD - 1989),0.00,0
John Madden Duo CD Football (TurboGrafx CD - 1993),0.00,0
Metamor Jupiter (TurboGrafx CD - 1993),5.00,1
Death Bringer (TurboGrafx CD - 1990),0.00,0
Rainbow Islands (TurboGrafx CD - 1993),4.11,9
Urusei Yatsura: Stay with You (TurboGrafx CD - 1990),0.00,0
Brandish (TurboGrafx CD - 1994),4.83,6
GS Mikami (TurboGrafx CD - 1994),0.00,0
Vasteel (TurboGrafx CD - 1990),0.00,0
ROM² Karaoke Vol. 5: Maku no Uchi (TurboGrafx CD - 1990),0.00,0
Record of Lodoss War II (TurboGrafx CD - 1994),0.00,0
Psychic Storm (TurboGrafx CD - 1992),0.00,0
Gate of Thunder (TurboGrafx CD - 1992),0.00,0
Mateki Densetsu Astralius (TurboGrafx CD - 1991),0.00,0
Road Spirits (TurboGrafx CD - 1991),0.00,0
Bazaru de Gozaru no Game de Gozaru (TurboGrafx CD - 1996),0.00,0
Dungeon Explorer II (TurboGrafx CD - 1993),5.00,2
Double Dragon II: The Revenge (TurboGrafx CD - 1993),0.00,0
Wizardry III・IV (TurboGrafx CD - 1994),0.00,0
Nemurenu Yoru no Chiisana O-Hanashi (TurboGrafx CD - 1993),5.00,1
Monster Maker: Yami no Ryū Kishi (TurboGrafx CD - 1994),0.00,0
The Manhole (TurboGrafx CD - 1991),3.91,11
Psychic Detective Series Vol.4: Orgel (TurboGrafx CD - 1993),0.00,0
Cosmic Fantasy 2 (TurboGrafx CD - 1991),0.00,0
Rayxanber II (TurboGrafx CD - 1991),0.00,0
Summer Carnival '92: Alzadick (TurboGrafx CD - 1992),0.00,0
Ai: Chō Aniki (TurboGrafx CD - 1995),5.00,1
Bomberman: Panic Bomber (TurboGrafx CD - 1994),0.00,0
Nintendo World Cup (TurboGrafx CD - 1991),4.00,3
Hihō Densetsu: Chris no Bōken (TurboGrafx CD - 1991),0.00,0
Nobunaga's Ambition: Lord of Darkness (TurboGrafx CD - 1993),5.00,3
Romance of the Three Kingdoms III: Dragon of Destiny (TurboGrafx CD - 1993),4.73,84
ROM² Karaoke: Volume 3 (TurboGrafx CD - 1989),0.00,0
Wizardry V: Heart of the Maelstrom (TurboGrafx CD - 1992),4.42,19
Last Alert (TurboGrafx CD - 1989),5.00,1
Jantei Monogatari 2: Uchū Tantei Divan - Kanketsu-hen (TurboGrafx CD - 1992),0.00,0
Valis III (TurboGrafx CD - 1990),4.00,2
Mitsubachi Gakuen (TurboGrafx CD - 1990),0.00,0
Cosmic Fantasy 4: Ginga Shōnen Densetsu - Gekitō-hen (TurboGrafx CD - 1994),0.00,0
Quiz Avenue III (TurboGrafx CD - 1994),0.00,0
It Came from the Desert (TurboGrafx CD - 1992),3.67,3
Laplace no Ma (TurboGrafx CD - 1993),4.00,1
Super Air Zonk: Rockabilly-Paradise (TurboGrafx CD - 1993),0.00,0
Nobunaga's Ambition (TurboGrafx CD - 1993),4.38,13
ROM² Karaoke: Volume 2 (TurboGrafx CD - 1989),0.00,0
KO Seiki Beast Sanjūshi: Gaia Fukkatsu - Kanketsuhen (TurboGrafx CD - 1994),0.00,0
Advanced V.G. (TurboGrafx CD - 1994),5.00,1
Eiyū Sangokushi (TurboGrafx CD - 1993),0.00,0
Top o Nerae! GunBuster Vol.2 (TurboGrafx CD - 1993),0.00,0
Quiz Avenue II (TurboGrafx CD - 1991),0.00,0
Xak III: The Eternal Recurrence (TurboGrafx CD - 1994),0.00,0
Record of Lodoss War (TurboGrafx CD - 1992),0.00,0
The Space Adventure (TurboGrafx CD - 1991),0.00,0
Dragon Half (TurboGrafx CD - 1994),0.00,0
Final Zone II (TurboGrafx CD - 1990),0.00,0
Ane-san (TurboGrafx CD - 1995),0.00,0
Chō Aniki (TurboGrafx CD - 1992),0.00,0
Cosmic Fantasy 3: Bōken Shōnen Rei (TurboGrafx CD - 1992),0.00,0
Hyper Wars (TurboGrafx CD - 1994),0.00,0
Kakutō Haō Densetsu Algunos (TurboGrafx CD - 1994),0.00,0
Lord of Wars (TurboGrafx CD - 1991),0.00,0
Star Breaker (TurboGrafx CD - 1994),0.00,0
Seisenshi Denshō: Jantaku no Kishi (TurboGrafx CD - 1994),0.00,0
Syd Mead's Terraforming (TurboGrafx CD - 1992),0.00,0
Pop 'n Magic (TurboGrafx CD - 1992),0.00,0
Daisenryaku II: Campaign Version (TurboGrafx CD - 1992),0.00,0
Faerie Dust Story: Meikyū no Elfeane (TurboGrafx CD - 1990),0.00,0
Tekipaki: Working Love (TurboGrafx CD - 1997),0.00,0
Dragon Slayer: The Legend of Heroes (TurboGrafx CD - 1991),5.00,1
Kawa no Nushi Tsuri: Shizenha (TurboGrafx CD - 1992),0.00,0
Quiz no Hoshi (TurboGrafx CD - 1992),0.00,0
Mamono Hunter Yōko: Makai kara no Tenkōsei (TurboGrafx CD - 1992),5.00,1
Yawara! (TurboGrafx CD - 1992),0.00,0
Puyo Puyo 2 (TurboGrafx CD - 1996),5.00,7
Tecmo World Cup Super Soccer (TurboGrafx CD - 1992),0.00,0
Private eye dol (TurboGrafx CD - 1995),0.00,0
Kiaidan 00 (TurboGrafx CD - 1992),0.00,0
Dynasty Wars (TurboGrafx CD - 1994),5.00,3
Tenshi no Uta II: Datenshi no Sentaku (TurboGrafx CD - 1993),0.00,0
Sword Master (TurboGrafx CD - 1993),0.00,0
Pachio-kun: Maboroshi no Densetsu (TurboGrafx CD - 1991),0.00,0
Lemmings (TurboGrafx CD - 1992),4.66,188
Yawara! 2 (TurboGrafx CD - 1994),0.00,0
Yami no Ketsuzoku: Haruka Naru Kioku (TurboGrafx CD - 1993),5.00,1
Dragon Knight III (TurboGrafx CD - 1994),5.00,2
Yū Yū Hakusho: Yami Shōbu!! Ankoku Bujutsukai (TurboGrafx CD - 1993),0.00,0
"Super Real Mahjong Special: Mika, Kasumi, Shōko no Omoide yori (TurboGrafx CD - 1992)",5.00,1
Genghis Khan II: Clan of the Gray Wolf (TurboGrafx CD - 1993),4.31,65
World Heroes 2 (TurboGrafx CD - 1994),2.67,3
Eikan wa Kimi ni: Kōkō Yakyū Zenkoku Taikai (TurboGrafx CD - 1994),0.00,0
Buster Bros. (TurboGrafx CD - 1991),4.56,32
Tennis Cup (TurboGrafx CD - 1992),3.00,2
Fiend Hunter (TurboGrafx CD - 1993),5.00,1
Shin Nihon Pro Wrestling 94: Battlefield in Tokyo Dome (TurboGrafx CD - 1994),5.00,1
Blood Gear (TurboGrafx CD - 1994),0.00,0
Madō Monogatari I (TurboGrafx CD - 1996),5.00,6
Tengai Makyō: Ziria (TurboGrafx CD - 1989),0.00,0
Tengai Makyō: Fūun Kabuki Den (TurboGrafx CD - 1993),0.00,0
Bakushō: Yoshimoto no Shinkigeki (TurboGrafx CD - 1994),0.00,0
Sylphia (TurboGrafx CD - 1993),5.00,1
The Pro Yakyū Super '94 (TurboGrafx CD - 1994),0.00,0
Burai II: Yami Kōtei no Gyakushū (TurboGrafx CD - 1992),4.00,1
Vulcan Venture (TurboGrafx CD - 1992),0.00,0
Legion (TurboGrafx CD - 1990),3.00,1
Zan: Kagerō no Toki (TurboGrafx CD - 1991),0.00,0
Atlas (TurboGrafx CD - 1994),5.00,2
Strider (TurboGrafx CD - 1994),4.40,20
Ys IV: The Dawn of Ys (TurboGrafx CD - 1993),4.00,1
Psychic Detective Series Vol.3: Aýa (TurboGrafx CD - 1992),0.00,0
ROM² Karaoke: Volume 4 (TurboGrafx CD - 1990),0.00,0
"Ranma 1/2: Datō, Ganso Musabetsu Kakutō-Ryū! (TurboGrafx CD - 1992)",5.00,1
Renny Blaster (TurboGrafx CD - 1995),5.00,1
Exile (TurboGrafx CD - 1991),5.00,2
God Panic: Shijō Saikyō Gundan (TurboGrafx CD - 1992),0.00,0
Castlevania: Rondo of Blood (TurboGrafx CD - 1993),5.00,2
Super Schwarzschild 2 (TurboGrafx CD - 1992),0.00,0
Tokimeki Memorial (TurboGrafx CD - 1994),2.00,4
Solid Force (TurboGrafx CD - 1995),0.00,0
Super Schwarzschild (TurboGrafx CD - 1991),0.00,0
Doraemon: Nobita no Dorabian Night (TurboGrafx CD - 1992),5.00,1
Jantei Monogatari (TurboGrafx CD - 1990),0.00,0
Shin Onryō Senki (TurboGrafx CD - 1995),0.00,0
Startling Odyssey (TurboGrafx CD - 1993),0.00,0
Hawk F-123 (TurboGrafx CD - 1992),0.00,0
Puyo Puyo (TurboGrafx CD - 1994),5.00,5
ROM² Karaoke Vol. 1: Suteki ni Standard (TurboGrafx CD - 1990),0.00,0
Kabuki Ittōryōdan (TurboGrafx CD - 1995),0.00,0
Exile: Wicked Phenomenon (TurboGrafx CD - 1992),0.00,0
Dungeon Master: Theron's Quest (TurboGrafx CD - 1992),0.00,0
The Legend of Xanadu II (TurboGrafx CD - 1995),0.00,0
Uchū Senkan Yamato (TurboGrafx CD - 1992),0.00,0
Alshark (TurboGrafx CD - 1994),3.00,1
Motteke Tamago (TurboGrafx CD - 1997),0.00,0
Ys III: Wanderers from Ys (TurboGrafx CD - 1991),3.80,5
Fushigi no Umi no Nadia: The Secret of Blue Water (TurboGrafx CD - 1993),0.00,0
ROM² Karaoke Vol. 3: Yappashi Band (TurboGrafx CD - 1990),0.00,0
Master of Monsters (TurboGrafx CD - 1991),5.00,3
Shin Megami Tensei (TurboGrafx CD - 1993),5.00,1
Gulclight TDF2 (TurboGrafx CD - 1991),0.00,0
Nexzr (TurboGrafx CD - 1992),0.00,0
Yokoyama Mitsuteru Shin Sangokushi: Tenka wa Ware ni (TurboGrafx CD - 1992),0.00,0
Chiki Chiki Boys (TurboGrafx CD - 1994),4.83,6
Cosmic Fantasy: Bōken Shōnen Yū (TurboGrafx CD - 1990),0.00,0
Martial Champion (TurboGrafx CD - 1993),0.00,0
Lords of Thunder (TurboGrafx CD - 1993),0.00,0
Travelers! Densetsu o Buttobase (TurboGrafx CD - 1994),0.00,0
Fatal Fury 2 (TurboGrafx CD - 1994),4.75,4
Bakuden: Unbalance Zone (TurboGrafx CD - 1994),0.00,0
1552 Tenka Tairan (TurboGrafx CD - 1993),5.00,1
Princess Minerva (TurboGrafx CD - 1994),5.00,3
Sexy Idol Mahjong: Fashion Monogatari (TurboGrafx CD - 1994),5.00,1
Championship Rally (TurboGrafx CD - 1993),0.00,0
Ys: Book I & II (TurboGrafx CD - 1989),4.00,1
Dragon Knight & Graffiti (TurboGrafx CD - 1995),0.00,0
Galaxy Deka Gayvan (TurboGrafx CD - 1993),0.00,0
Where in the World is Carmen Sandiego? (TurboGrafx CD - 1990),4.36,160
Panza Kick Boxing (TurboGrafx CD - 1992),4.57,30
Lady Phantom (TurboGrafx CD - 1991),5.00,1
Art of Fighting (TurboGrafx CD - 1994),5.00,2
ROM² Karaoke Vol. 4: Choito Otona!? (TurboGrafx CD - 1990),0.00,0
Space Invaders (TurboGrafx CD - 1995),5.00,1
ROM² Karaoke Vol. 2: Nattoku Idol (TurboGrafx CD - 1990),0.00,0
Quiz de Gakuensai (TurboGrafx CD - 1993),0.00,0
ROM² Karaoke: Volume 5 (TurboGrafx CD - 1990),0.00,0
Kaze Kiri (TurboGrafx CD - 1994),4.50,2
Summer Carnival '93: Nexzr Special (TurboGrafx CD - 1993),0.00,0
Zero4 Champ II (TurboGrafx CD - 1993),0.00,0
Shōgi Database: Kiyū (TurboGrafx CD - 1995),5.00,1
Splash Lake (TurboGrafx CD - 1991),0.00,0
Demon's World (TurboGrafx CD - 1993),0.00,0
Quiz Marugoto the World (TurboGrafx CD - 1991),0.00,0
Jack Nicklaus' Turbo Golf (TurboGrafx CD - 1990),5.00,1
Mahjong Lemon Angel (TurboGrafx CD - 1994),5.00,1
Forgotten Worlds (TurboGrafx CD - 1992),3.86,14
Rayxanber III (TurboGrafx CD - 1992),5.00,1
Metal Angel (TurboGrafx CD - 1993),0.00,0
IQ Panic (TurboGrafx CD - 1992),0.00,0
Super Albatross (TurboGrafx CD - 1989),0.00,0
The Addams Family (TurboGrafx CD - 1991),5.00,1
Aurora Quest: Otaku no Seiza in Another World (TurboGrafx CD - 1993),0.00,0
Snatcher (TurboGrafx CD - 1992),4.78,27
Tengai Makyō II: Manjimaru (TurboGrafx CD - 1992),0.00,0
Sherlock Holmes: Consulting Detective - Volume II (TurboGrafx CD - 1993),4.20,5
Wrestle Angels: Double Impact (TurboGrafx CD - 1995),0.00,0
Genocide (TurboGrafx CD - 1992),0.00,0
Linda³ (TurboGrafx CD - 1995),0.00,0
SimEarth: The Living Planet (TurboGrafx CD - 1993),4.56,111
Dennō Tenshi: Digital Ange (TurboGrafx CD - 1994),0.00,0
Spriggan Mark 2: Re-Terraform Project (TurboGrafx CD - 1992),0.00,0
Riot Zone (TurboGrafx CD - 1993),0.00,0
"Jim Power in ""Mutant Planet"" (TurboGrafx CD - 1993)",4.00,2
Prince of Persia (TurboGrafx CD - 1991),4.58,446
Sol Moonarge (TurboGrafx CD - 1994),0.00,0
"Baby Jo in: ""Going Home"" (TurboGrafx CD - 1992)",4.16,19
Super Daisenryaku (TurboGrafx CD - 1990),5.00,1
Iga Ninden: Gaō (TurboGrafx CD - 1993),1.00,1
Ginga Ojōsama Densetsu Yuna (TurboGrafx CD - 1992),0.00,0
Kisō Louga II: The Ends of Shangrila (TurboGrafx CD - 1995),0.00,0
Chō Jikū Yōsai Macross 2036 (TurboGrafx CD - 1992),5.00,1
Fausseté Amour (TurboGrafx CD - 1993),5.00,1
Sexy Idol Mahjong (TurboGrafx CD - 1993),5.00,1
Dragon's Eye Plus Shanghai III (TurboGrafx CD - 1992),5.00,1
Fray in Magical Adventure CD: Xak Gaiden (TurboGrafx CD - 1994),4.00,1
Seirei Senshi Spriggan (TurboGrafx CD - 1991),0.00,0
CD Battle: Hikari no Yūshatachi (TurboGrafx CD - 1993),0.00,0
Valis IV (TurboGrafx CD - 1991),0.00,0
Sorcerian (TurboGrafx CD - 1992),4.33,15
Jantei Monogatari 2: Uchū Tantei Divan - Shutsudō-hen (TurboGrafx CD - 1992),0.00,0
Ginga Ojōsama Densetsu Yuna 2: Eien no Princess (TurboGrafx CD - 1995),0.00,0
Mamono Hunter Yōko: Tōki Yobigoe (TurboGrafx CD - 1993),5.00,1
Alnam no Kiba: Jūzoku Jūnishinto Densetsu (TurboGrafx CD - 1994),5.00,1
Color Wars (TurboGrafx CD - 1992),0.00,0
The Legend of Xanadu (TurboGrafx CD - 1994),0.00,0
Taiheiki (TurboGrafx CD - 1991),0.00,0
Darius+ (TurboGrafx CD - 1990),4.67,3
Burai: Hachigyoku no Yūshi Densetsu (TurboGrafx CD - 1991),0.00,0
Tanjō: Debut (TurboGrafx CD - 1994),0.00,0
Camp California (TurboGrafx CD - 1993),3.00,1
Seiya Monogatari: Anearth Fantasy Stories (TurboGrafx CD - 1995),0.00,0
Zero Wing (TurboGrafx CD - 1992),4.00,3
Sengoku Kantō Sangokushi (TurboGrafx CD - 1991),0.00,0
ROM² Karaoke: Volume 1 (TurboGrafx CD - 1989),0.00,0
Bikkuriman Daijikai (TurboGrafx CD - 1988),0.00,0
Down Load 2 (TurboGrafx CD - 1991),0.00,0
Hu PGA Tour: Power Golf 2 - Golfer (TurboGrafx CD - 1994),0.00,0
Xak I・II (TurboGrafx CD - 1992),5.00,1
Nishimura Kyōtarō Mystery: Hokutosei no Onna (TurboGrafx CD - 1990),0.00,0
Megami Tengoku (TurboGrafx CD - 1994),0.00,0
Avenger (TurboGrafx CD - 1990),0.00,0
Minesweeper (TurboGrafx CD - 1992),0.00,0
Godzilla (TurboGrafx CD - 1993),5.00,2
Jantei Monogatari 3: Saver Angels (TurboGrafx CD - 1993),0.00,0
Mirai Shōnen Conan (TurboGrafx CD - 1992),5.00,1
The Pro Yakyū (TurboGrafx CD - 1990),0.00,0
Bonk 3: Bonk's Big Adventure (TurboGrafx CD - 1993),5.00,2
High Grenadier (TurboGrafx CD - 1991),0.00,0
Asuka 120% Maxima: BURNING Fest. (TurboGrafx CD - 1995),0.00,0
Himitsu no Hanazono (TurboGrafx CD - 1993),0.00,0
Virgin Dream (TurboGrafx CD - 1996),5.00,1
Might and Magic (TurboGrafx CD - 1992),0.00,0
Flash Hiders (TurboGrafx CD - 1993),0.00,0
Pachio-kun 3: Pachisuro & Pachinko (TurboGrafx CD - 1994),0.00,0
Lords of the Rising Sun (TurboGrafx CD - 1992),4.56,9
Hyaku Monogatari: Honto ni Atta Kowai Hanashi (TurboGrafx CD - 1995),0.00,0
Graduation for Windows 95 (TurboGrafx CD - 1994),0.00,0
Tadaima Yūsha Boshūchū (TurboGrafx CD - 1993),0.00,0
Warsong (TurboGrafx CD - 1993),4.82,11
Shadow of the Beast (TurboGrafx CD - 1992),4.58,12
Dragon Ball Z: Idainaru Son Gokū Densetsu (TurboGrafx CD - 1994),4.00,4
Ranma 1/2: Toraware no Hanayome (TurboGrafx CD - 1991),5.00,1
Emerald Dragon (TurboGrafx CD - 1994),4.75,4
Sotsugyō Shashin / Miki (TurboGrafx CD - 1994),0.00,0
Kaizō Chōjin Shubibinman 3: Ikai no Princess (TurboGrafx CD - 1992),0.00,0
Mashō Denki: La Valeur (TurboGrafx CD - 1991),0.00,0
Sherlock Holmes: Consulting Detective (TurboGrafx CD - 1991),4.33,21
The Magical Dinosaur Tour (TurboGrafx CD - 1990),5.00,1
Neo Nectaris (TurboGrafx CD - 1994),0.00,0
Magicoal (TurboGrafx CD - 1993),0.00,0
Babel (TurboGrafx CD - 1992),5.00,1
Auto Crusher Palladium (TurboGrafx CD - 1994),0.00,0
Gambler Jiko Chūshinha (TurboGrafx CD - 1989),0.00,0
Quiz Caravan: Cult Q (TurboGrafx CD - 1993),0.00,0
Yamamura Misa Suspense: Kinsenka Kyō Ezara Satsujin Jiken (TurboGrafx CD - 1992),0.00,0
Image Fight II: Operation Deepstriker (TurboGrafx CD - 1992),0.00,0
Motoroader MC (TurboGrafx CD - 1992),0.00,0
Shape Shifter (TurboGrafx CD - 1992),0.00,0
Gensō Tairiku Auleria (TurboGrafx CD - 1993),0.00,0
Quiz Avenue (TurboGrafx CD - 1991),0.00,0
Sotsugyō (TurboGrafx CD - 1993),0.00,0
Go! Go! Birdie Chance (TurboGrafx CD - 1996),5.00,1
Super Fire Pro Wrestling Queen's Special (TurboGrafx CD - 1995),5.00,2
Star Parodier (TurboGrafx CD - 1992),5.00,1
Nekketsu Legend Baseballer (TurboGrafx CD - 1995),0.00,0
Pachio-kun: Warau Uchū (TurboGrafx CD - 1992),0.00,0
Wizardry I・II (TurboGrafx CD - 1993),0.00,0
Efera & Jiliora: The Emblem from Darkness (TurboGrafx CD - 1991),0.00,0
Cardangels (TurboGrafx CD - 1994),5.00,1
Faceball 2000 (TurboGrafx CD - 1993),5.00,1
Builderland: The Story of Melba (TurboGrafx CD - 1992),5.00,2
Formation Soccer 95 della Serie A (TurboGrafx CD - 1995),0.00,0
Sangokushi: Eiketsu Tenka ni Nozomu (TurboGrafx CD - 1991),0.00,0
Chō Jikū Yōsai Macross: Eien no Love Song (TurboGrafx CD - 1992),0.00,0
Police Connection (TurboGrafx CD - 1993),0.00,0
Kisō Louga (TurboGrafx CD - 1993),0.00,0
Todd's Adventures in Slime World (TurboGrafx CD - 1992),5.00,2
Fantastic Night Dreams: Cotton (TurboGrafx CD - 1993),0.00,0
Browning (TurboGrafx CD - 1992),0.00,0
Mahjong Clinic Special (TurboGrafx CD - 1993),0.00,0
Hatsukoi Monogatari (TurboGrafx CD - 1994),0.00,0
Blackhole Assault (TurboGrafx CD - 1993),0.00,0
Bishōjo Senshi Sailor Moon Collection (TurboGrafx CD - 1994),5.00,1
The Pro Yakyū Super (TurboGrafx CD - 1992),0.00,0
Twin Hawk (TurboGrafx CD - 1991),3.25,4
Shanghai II (TurboGrafx CD - 1990),5.00,2
Basted (TurboGrafx CD - 1994),0.00,0
R-Type (TurboGrafx CD - 1991),4.67,6
Metal Angel 2 (TurboGrafx CD - 1995),0.00,0
Tenshi no Uta (TurboGrafx CD - 1991),0.00,0
Dragon Slayer: The Legend of Heroes II (TurboGrafx CD - 1992),4.00,2
Murder Club (TurboGrafx CD - 1990),4.00,19
Quiz Tonosama no Yabō (TurboGrafx CD - 1992),0.00,0
Startling Odyssey II: Maryū Sensō (TurboGrafx CD - 1994),0.00,0
Sagaia (TurboGrafx CD - 1993),3.50,2
Hellfire (TurboGrafx CD - 1991),3.50,2
Rom Rom Stadium (TurboGrafx CD - 1989),0.00,0
F1 Circus Special: Pole to Win (TurboGrafx CD - 1992),0.00,0
Beyond Shadowgate (TurboGrafx CD - 1993),5.00,1
Star Mobile (TurboGrafx CD - 1992),0.00,0
L-DIS (TurboGrafx CD - 1991),0.00,0
The TV Show (TurboGrafx CD - 1995),0.00,0
Travel Epule (TurboGrafx CD - 1992),0.00,0
Popful Mail (TurboGrafx CD - 1994),5.00,4
Moonlight Lady (TurboGrafx CD - 1993),0.00,0
Raiden (TurboGrafx CD - 1992),4.57,40
Street Fighter (TurboGrafx CD - 1988),3.89,28
The Sugoroku '92: Nariagari Trendy (TurboGrafx CD - 1991),0.00,0
J.League Tremendous Soccer '94 (TurboGrafx CD - 1994),0.00,0
Princess Maker (TurboGrafx CD - 1995),5.00,2
Kagami no Kuni no Legend (TurboGrafx CD - 1989),5.00,1
Last Armageddon (TurboGrafx CD - 1990),3.67,3
Ranma 1/2 (TurboGrafx CD - 1990),5.00,1
Top o Nerae! GunBuster Vol.1 (TurboGrafx CD - 1992),0.00,0
Slot Gambler (TurboGrafx CD - 1995),0.00,0
Dekoboko Densetsu: Hashiru Wagamanma (TurboGrafx CD - 1990),0.00,0
Valis (TurboGrafx CD - 1992),5.00,2
Quiz Marugoto the World II: Time Machine ni Onegai! (TurboGrafx CD - 1992),0.00,0
