Title,Average Rating,Number of Ratings
"'Nam 1965-1975 (DOS, Amiga, Atari ST - 1991)",3.78,67
0 and x (Commodore 16 - 1986),4.00,1
10Rogue (DOS - 1984),4.55,22
1830: Railroads & Robber Barons (DOS - 1995),4.61,33
"1869 (DOS, Amiga - 1992)",4.47,47
21 (DOS - 1982),0.00,0
3 D OXO (C64 - 1986),0.00,0
"3-D Tic-Tac-Toe (DOS, Atari 8-bit - 1982)",3.29,14
3-D Tic-Tac-Toe (Apple II - 1978),4.50,2
3x3 Eyes: Seima Kōrinden (SNES - 1992),0.00,0
4 Play (Windows 3.x - 1993),3.00,2
5 in One Fun Pak (Game Gear - 1994),0.00,0
"A Question of Scruples: The Computer Edition (Amstrad CPC, C64 - 1987)",5.00,1
Acey-Deucey (Atari 8-bit - 1982),0.00,0
Achtung Spitfire (Mac - 1997),4.63,8
Advanced Daisenryaku: Doitsu Dengeki Sakusen (Genesis - 1991),0.00,0
Advanced Fantasian: Quest for Lost Sanctuary (PC-88 - 1988),5.00,5
Advanced Power Dolls 2 (PC-98 - 1996),4.57,7
African Desert Campaign (DOS - 1986),3.00,3
Afrika Korps (Atari ST - 1991),5.00,1
Aggravation (DOS - 1991),3.83,6
Aggression (DOS - 1990),1.00,1
"Air Support (Amiga, Atari ST - 1992)",5.00,2
Airline (DOS - 1991),5.00,2
Akalabeth: World of Doom (DOS - 1980),3.88,25
Akatsuki no Bizantira (PC-98 - 1994),4.50,2
Akuma-kun: Makai no Wana (NES - 1990),0.00,0
Albert Odyssey (SNES - 1993),0.00,0
Albion (DOS - 1996),4.61,46
Aleshar: The World of Ice (DOS - 1997),3.86,7
"Ali Baba and the Forty Thieves (Apple II, Atari 8-bit, PC-88 - 1982)",5.00,1
Aliens (DOS - 1989),0.00,0
"Allied General (Windows, Mac - 1995)",4.35,23
"Alternate Reality: The City (DOS, Amiga, Mac, Apple II, Atari 8-bit, Atari ST, C64 - 1988)",4.59,17
Alvaleak Bōkenki (PC-98 - 1993),0.00,0
Amaranth IV (PC-98 - 1995),5.00,1
Amaranth KH: Stellar Ōkoku Kenkokutan (PC-98 - 1995),5.00,1
"Amberstar (DOS, Amiga, Atari ST - 1992)",4.44,21
AmoebArena (Mac - 1995),0.00,0
Anacreon: Reconstruction 4021 (DOS - 1987),4.67,3
Ancients II: Approaching Evil (DOS - 1994),3.55,11
"Angel Hearts (PC-88, PC-98 - 1989)",0.00,0
"Annals of Rome (DOS, Amiga, Amstrad CPC, Atari ST, C64 - 1988)",4.58,12
Another Bible (Game Boy - 1995),5.00,1
Another Genesis (PC-98 - 1990),1.00,1
Antares (Amiga - 1991),0.00,0
Ante-Up at the Friday Night Poker Club (DOS - 1990),3.50,4
Appare-den: Fukuryū no Shō (PC-98 - 1995),5.00,2
Apple '21' (Apple II - 1978),1.00,1
Apples & Oranges (DOS - 1990),5.00,2
"Archon: The Light and the Dark (DOS, Amiga, Amstrad CPC, Apple II, Atari 8-bit, C64, NES, PC-88 - 1984)",4.35,26
Arcus (PC-88 - 1988),4.00,1
Arcus II: Silent Symphony (PC-88 - 1989),5.00,1
Arcus III (PC-98 - 1991),5.00,2
Ardeny (DOS - 1994),5.00,1
Ardeny 1944 (Atari 8-bit - 1995),0.00,0
Aretha (Game Boy - 1990),5.00,1
Aretha (SNES - 1993),4.00,1
"Aretha II: Ariel Fushigi no Tabi (Game Boy, SNES - 1994)",5.00,1
Aretha III (Game Boy - 1992),0.00,0
Argo (PC-88 - 1986),5.00,1
Argo Checkers (DOS - 1993),4.50,2
Arle no Bōken: Mahō no Jewel (Game Boy Color - 2000),0.00,0
Armada 2525 (DOS - 1991),4.13,15
Armageddon (C64 - 1983),4.00,1
Armor Assault (Atari 8-bit - 1982),4.00,1
"Arnhem: The 'Market Garden' Operation (DOS, Amiga - 1988)",4.71,11
Artillery (DOS - 1982),0.00,0
"Artillery Duel (ColecoVision, C64, VIC-20 - 1983)",4.00,3
Asgard (Atari ST - 1989),0.00,0
Atlantic Patrol (C64 - 1982),4.00,1
Autobots (DOS - 1989),5.00,2
Automon (DOS - 1990),0.00,0
Avalanche: The Struggle for Italy (Amstrad CPC - 1991),5.00,3
Avalon Hill's Squad Leader (Windows - 2000),0.00,0
Axilox (Atari 8-bit - 1993),0.00,0
Azure Dreams (Game Boy Color - 2000),0.00,0
Backgammon (Amiga - 1991),0.00,0
Bagels (C64 - 1992),0.00,0
Bahamut Lagoon (SNES - 1996),5.00,1
Bakumatsu Kōrinden: Oni (SNES - 1996),1.00,1
Ball (DOS - 1982),0.00,0
Ballerburg (Atari ST - 1987),5.00,1
"Baltic 1985 (Apple II, C64 - 1984)",5.00,1
"Bandit Kings of Ancient China (DOS, Amiga, Mac, NES, PC-88 - 1989)",4.50,16
Banzai (Atari 8-bit - 1995),0.00,0
Baseball (DOS - 1983),0.00,0
Battle (Commodore 16 - 1987),0.00,0
Battle Cheese (DOS - 1995),4.33,6
Battle Fleet (DOS - 1991),2.67,3
Battle For Atlantis (DOS - 1990),4.30,10
"Battle Group (Apple II, C64 - 1986)",4.00,1
"Battle Isle (DOS, Amiga - 1991)",4.25,28
"Battle Isle '93 - The Moon of Chromos (DOS, Amiga - 1993)",5.00,10
Battle Isle 2200 (DOS - 1994),4.53,21
"Battle of Antietam (DOS, Apple II, Atari 8-bit, C64 - 1986)",4.00,4
Battle Queen: Saikyō Fighters Retsuden (PC-98 - 1996),0.00,0
"Battlefront (Apple II, C64 - 1986)",4.00,2
"Battles in Normandy (Apple II, C64 - 1987)",3.67,3
Battles of Destiny (DOS - 1992),4.55,9
"Battles of Napoleon (DOS, Apple II, C64 - 1989)",4.75,8
"Battleship (Game Gear, NES - 1993)",0.00,0
"Battleship: The Classic Naval Combat Game (Game Boy, Game Boy Color - 1989)",0.00,0
Battleships (C64 - 1982),0.00,0
"BattleTech: The Crescent Hawk's Inception (DOS, Amiga, Apple II, C64 - 1988)",4.48,23
Bauernkampf (Atari ST - 1988),0.00,0
Beat the House (DOS - 1992),3.25,4
Begin: A Tactical Starship Simulation (DOS - 1989),4.40,5
"Beneath Apple Manor (DOS, Apple II, Atari 8-bit - 1983)",3.17,6
Betrayal at Krondor (DOS - 1993),4.67,45
Bets (C64 - 1983),0.00,0
Big Rig (DOS - 1987),4.50,4
Bikkuriman World: Gekitō Sei Senshi (NES - 1990),0.00,0
Bishōjo Senshi Sailor Moon: Another Story (SNES - 1995),0.00,0
Black Bird: Toritachi no Tooboe (PC-98 - 1995),5.00,1
Black Friday #3 (DOS - 1983),4.00,2
Blackjack (DOS - 1983),0.00,0
Blackjack (DOS - 1984),0.00,0
"Blitzkrieg at the Ardennes (DOS, Amiga - 1990)",4.25,12
Block-O-Mania (DOS - 1989),3.33,3
Blood Bowl (DOS - 1995),4.21,14
Blood Seed (PC-98 - 1991),5.00,2
Bloodstone: An Epic Dwarven Tale (DOS - 1993),4.27,15
"Blue Angel 69 (DOS, Amiga, Atari ST, C64 - 1989)",3.17,6
"Blue Max: Aces of the Great War (DOS, Amiga, Atari ST - 1990)",4.25,8
Boggle (DOS - 1990),3.67,3
Bomber Quest (PC-98 - 1994),5.00,1
Bones: The Game of the Haunted Mansion (DOS - 1991),3.67,3
Bonzo! (C64 - 1983),0.00,0
Boter kaas en eieren (DOS - 1990),5.00,1
Box (C64 - 1983),0.00,0
Brain Challenge: The Arena of Death (Amiga - 1993),0.00,0
Branmarker (PC-98 - 1991),4.00,1
Branmarker 2 (PC-98 - 1995),1.00,1
Breath of Fire (SNES - 1993),0.00,0
Breath of Fire II (SNES - 1994),5.00,1
Breath of Fire IV (Windows - 2003),0.00,0
Bretonne Lais (PC-98 - 1989),5.00,1
British Square (DOS - 1990),0.00,0
Brocken (PC-98 - 1991),0.00,0
BS Super Famicom Wars (SNES - 1998),0.00,0
"Buck Rogers: Countdown to Doomsday (DOS, Amiga, C64 - 1990)",4.42,26
Buck Rogers: Countdown to Doomsday (Genesis - 1991),5.00,1
Buck Rogers: Matrix Cubed (DOS - 1992),4.62,20
Bullseye (DOS - 1982),5.00,1
Burai Fighter (NES - 1990),0.00,0
Burai: Hachigyoku no Yūshi Densetsu (SNES - 1993),0.00,0
"Burai: Jōkan (PC-88, PC-98 - 1989)",0.00,0
By Fire & Sword (DOS - 1985),3.50,4
Campaign (DOS - 1989),0.00,0
Canton: An Atlas Pathfinder Adventure (DOS - 1994),3.50,4
Capture the Enemy Space Ship (DOS - 1983),2.25,4
Caramel Quest: Meitenkyō no Megami Zō (PC-98 - 1991),5.00,1
Caroll (PC-98 - 1990),0.00,0
"Carrier Force (Apple II, C64 - 1983)",5.00,2
Cash (Amiga - 1991),5.00,1
Casino Craps (DOS - 1992),3.33,3
Castle of the Winds (Windows 3.x - 1993),4.75,145
"Castle Quest (Game Boy, NES - 1993)",0.00,0
Cave Noire (Game Boy - 1991),0.00,0
Caverns of Zoarre (DOS - 1984),3.00,2
Celtic Tales: Balor of the Evil Eye (DOS - 1995),4.31,42
Centurion (Atari 8-bit - 1995),5.00,1
"Chamber of the Sci-Mutant Priestess (DOS, Amiga, Atari ST - 1989)",4.63,8
"Champions of Krynn (DOS, Amiga, Apple II, C64 - 1990)",4.64,22
"Champions! (Amstrad CPC, Commodore 16, C64 - 1985)",0.00,0
Championship Blackjack (DOS - 1982),5.00,1
Chancellor Of The Exchequer (Atari 8-bit - 1983),4.00,1
Ché: Guerilla in Bolivia (Amiga - 1990),1.36,11
Checker King (Atari 8-bit - 1980),0.00,0
Chibi Maruko-chan: Waku Waku Shopping (Genesis - 1992),4.00,1
Chikyū Senshi Rayieza (PC-88 - 1985),0.00,0
Chinese Chess (Amiga - 1989),0.00,0
Chivalry (Apple II - 1983),4.00,1
Chō Jikū Yōsai Macross: Complete Pack HD Senyou (PC-98 - 1995),5.00,3
Chō Jikū Yōsai Macross: Love Stories (PC-98 - 1994),5.00,1
Chō Jikū Yōsai Macross: Remember Me (PC-98 - 1993),5.00,1
Chō Jikū Yōsai Macross: Skull Leader (PC-98 - 1994),5.00,1
Chō Mahō Tairiku Wozz (SNES - 1995),0.00,0
Chrono Trigger (SNES - 1995),5.00,1
Circlink (DOS - 1989),0.00,0
Circuit's Edge (DOS - 1990),4.84,14
Civil War (DOS - 1983),4.00,2
Civilization II: Test of Time (Windows - 1999),4.49,51
"Civilization: Call to Power (Windows, Mac - 1999)",4.95,20
"Clash of Steel: World War II, Europe 1939-45 (DOS - 1993)",4.51,22
Close Assault (Apple II - 1982),3.00,1
"Colonial Conquest (Apple II, Atari 8-bit, Atari ST, C64, PC-98 - 1985)",5.00,10
Combat: Conflict Simulation (DOS - 1985),4.00,1
Computer Air Combat (Apple II - 1980),4.00,1
"Computer Ambush (Apple II, Atari 8-bit, C64 - 1985)",3.50,2
Computer Baseball Strategy (Atari 8-bit - 1982),0.00,0
"Conflict (DOS, Amiga - 1990)",4.51,35
Conflict (NES - 1989),5.00,1
"Conflict: Middle East (DOS, Amiga - 1991)",4.81,16
Conglomerates Collide (Apple II - 1981),4.50,2
Connect 4 (C64 - 1984),0.00,0
Conquered Kingdoms (DOS - 1992),4.20,15
Conquest (DOS - 1992),4.14,7
"Conquestador: Szenario Generator (Amiga, C64 - 1992)",0.00,0
Contact (C64 - 1984),0.00,0
Continental (PC-98 - 1992),5.00,1
Cosmic Soldier (PC-88 - 1985),5.00,1
Cosmic Wars (NES - 1989),4.00,2
Counter Attack (C64 - 1984),0.00,0
Crete 1941: Fallschirmjager (Amstrad CPC - 1990),4.00,1
Crimson (PC-88 - 1987),5.00,3
Crimson II (PC-88 - 1989),5.00,1
Crimson III (PC-88 - 1990),0.00,0
"Cruise Chaser Blassty (PC-88, PC-98 - 1986)",0.00,0
Crusade (DOS - 1995),4.40,15
Crystal Rinal (PC-98 - 1994),0.00,0
Crystal Warriors (Game Gear - 1991),0.00,0
"Crystals of Arborea (DOS, Amiga, Atari ST - 1990)",5.00,5
Cubic Tic Tac Toe (DOS - 1985),3.00,2
"Curse of the Azure Bonds (DOS, Amiga, Mac, Apple II, C64, PC-98 - 1989)",4.43,35
Custer's Last Command (DOS - 1995),4.57,7
Cyber Knight (SNES - 1992),0.00,0
Cyber Knight II: Chikyū Teikoku no Yabō (SNES - 1994),0.00,0
Cyberstorm 2: Corporate Wars (Windows - 1998),4.86,7
Cywilizacja (Atari 8-bit - 1993),0.00,0
D'ark Gaiden (PC-98 - 1993),0.00,0
"D-Day: America Invades (DOS, Mac - 1995)",4.62,7
"D-Day: The Beginning of the End (DOS, Amiga - 1994)",4.50,8
"D.R.A.G.O.N. Force (DOS, Amiga - 1989)",4.80,5
Dai Meiro: Meikyū no Tatsujin (NES - 1990),0.00,0
Dai-2-ji Super Robot Taisen (NES - 1991),0.00,0
Dai-3-ji Super Robot Taisen (SNES - 1993),0.00,0
Daikaijū Monogatari (SNES - 1994),0.00,0
Daisenryaku (Game Boy - 1991),0.00,0
Daisenryaku (NES - 1988),0.00,0
Daisenryaku 88 (PC-88 - 1986),0.00,0
Daisenryaku G (Game Gear - 1991),0.00,0
Daisenryaku II: Campaign Version (PC-88 - 1989),0.00,0
DAIVA Story 6: Nirsartia no Gyokuza (NES - 1986),4.00,1
"Daleks (DOS, Mac, Atari ST - 1985)",2.80,5
Dalk (PC-98 - 1992),0.00,0
Dallas (Atari ST - 1987),0.00,0
"Dames Simulator (DOS, Amstrad CPC, Atari ST - 1990)",3.50,4
Dark Designs I: Grelminar's Staff (DOS - 1991),4.00,1
Dark Designs II: Closing the Gate (DOS - 1991),3.50,2
Dark Empire (C64 - 1987),4.00,1
Dark Forest (Apple II - 1981),4.00,1
Dark Kingdom (SNES - 1994),0.00,0
Dark Law: Meaning of Death (SNES - 1997),0.00,0
Dark Sun: Shattered Lands (DOS - 1993),4.51,67
Dark Sun: Wake of the Ravager (DOS - 1994),4.66,33
Darklyte (Atari ST - 1993),4.00,1
Dead Force (PC-98 - 1994),0.00,0
Deadlock: Planetary Conquest (Mac - 1997),4.73,15
"Death Knights of Krynn (DOS, Amiga, C64 - 1991)",4.13,16
Death or Glory: Das Erbe von Morgan (Amiga - 1994),5.00,2
"Decisive Battles of the American Civil War, Vol. 2 (DOS, C64 - 1989)",4.40,5
"Decisive Battles of the American Civil War, Vol. 3 (DOS, C64 - 1992)",4.00,2
"Decisive Battles of the American Civil War, Volume One (DOS, C64 - 1990)",4.00,2
Deep (PC-98 - 1994),3.00,2
Deep Dungeon III: Yūshi e no Tabi (NES - 1988),0.00,0
Delivery Agent (Amiga - 1993),5.00,1
Demon's Eye III (PC-98 - 1998),0.00,0
"Demon's Winter (DOS, Amiga, Apple II, C64 - 1989)",4.20,10
Dengeki Division (PC-98 - 1993),4.00,1
Dengeki Nurse (PC-98 - 1992),4.00,1
Dengeki Nurse 2: More Sexy (PC-98 - 1994),4.00,2
Der Langrisser (SNES - 1995),5.00,1
Desert (DOS - 1982),0.00,0
Desert Commander (NES - 1988),5.00,2
"Desert Rats: The North Africa Campaign (DOS, Amstrad CPC - 1988)",4.88,8
Die Prüfung (C64 - 1993),0.00,0
Digital Devil Story: Megami Tensei (NES - 1987),1.67,3
Digital Devil Story: Megami Tensei II (NES - 1990),2.00,2
Dinosaur (PC-88 - 1990),5.00,1
Discovery: In the Steps of Columbus (DOS - 1992),4.80,5
Distant Armies: A Playing History of Chess (Amiga - 1988),5.00,3
DND (DOS - 1984),4.27,11
Don Juan (Amstrad CPC - 1984),0.00,0
Doraemon: Giga Zombie no Gyakushū (NES - 1990),0.00,0
Dots (C64 - 1983),0.00,0
Double Cross (DOS - 1991),0.00,0
Double Moon Densetsu (NES - 1992),0.00,0
Dragon Ball 3: Gokūden (NES - 1989),0.00,0
Dragon Ball Z Gaiden: Saiyajin Zetsumetsu Keikaku (NES - 1993),0.00,0
Dragon Ball Z II: Gekigami Freezer (NES - 1991),5.00,1
Dragon Ball Z III: Ressen Jinzō Ningen (NES - 1992),5.00,1
Dragon Ball Z: Kyōshū! Saiyajin (NES - 1990),0.00,0
Dragon Half (PC-98 - 1993),5.00,2
"Dragon Knight (PC-88, PC-98 - 1989)",4.50,6
"Dragon Knight 4 (PC-98, SNES - 1994)",4.57,7
"Dragon Knight II (PC-88, PC-98 - 1990)",4.00,2
Dragon Master Silk II (PC-98 - 1995),4.40,5
Dragon Pink: The Zero Castle (PC-98 - 1992),5.00,1
Dragon Quest I & II (SNES - 1993),4.00,1
Dragon Quest V: Tenkū no Hanayome (SNES - 1992),0.00,0
Dragon Quest VI: Maboroshi no Daichi (SNES - 1995),4.00,1
"Dragon Slayer: The Legend of Heroes (Genesis, PC-88, SNES - 1994)",5.00,1
"Dragon Slayer: The Legend of Heroes II (Genesis, PC-88, SNES - 1995)",0.00,0
Dragon Warrior (NES - 1986),5.00,2
Dragon Warrior II (NES - 1987),0.00,0
"Dragon Warrior III (NES, SNES - 1988)",0.00,0
Dragon Warrior IV (NES - 1990),5.00,1
"Dragon Wars (DOS, Amiga, Apple II, C64, NES - 1990)",4.50,18
"Dragoon Armor for Adult (PC-88, PC-98 - 1989)",0.00,0
Draughts (C64 - 1983),0.00,0
Draw Poker 1 (VIC-20 - 1981),0.00,0
"Dreadnoughts (DOS, Amiga, Atari ST - 1992)",5.00,4
Drug Wars: A Game Based on the New York Drug Market (DOS - 1984),3.78,9
Dual Orb II (SNES - 1994),0.00,0
Dual Orb: Seirei Tama Densetsu (SNES - 1993),0.00,0
Duel (PC-88 - 1989),0.00,0
Dungeon Quest (DOS - 1985),4.20,5
Dungeons of Kairn (DOS - 1989),5.00,3
Dunjonquest: Hellfire Warrior (Atari 8-bit - 1982),0.00,0
"Dunjonquest: Temple of Apshai (DOS, Apple II, Atari 8-bit, C64, VIC-20 - 1982)",3.57,7
"Eagles (Apple II, Atari 8-bit, C64 - 1983)",4.00,1
EarthBound (SNES - 1994),5.00,1
Earthbound Beginnings (NES - 1989),4.00,4
Eastern Front (1941) (Atari 8-bit - 1981),0.00,0
Election Trail (C64 - 1984),5.00,3
Elemental Ō (PC-98 - 1994),0.00,0
Emerald Densetsu (PC-88 - 1990),0.00,0
Emerald Dragon (SNES - 1995),1.00,1
Emperor of the Fading Suns (Windows - 1996),4.50,18
Empire (C64 - 1984),5.00,2
Engage Errands II: Hikari o Ninau Mono (PC-98 - 1995),0.00,0
Engage Errands: Miwaku no Shitotachi (PC-98 - 1993),0.00,0
"Epidemic! (DOS, Atari 8-bit - 1983)",3.88,8
Escape from Hell (DOS - 1990),3.92,12
"Espionage (DOS, Amiga, Amstrad CPC, C64 - 1988)",5.00,1
Everest Ascent (C64 - 1984),0.00,0
Evets: The Ultimate Adventure (DOS - 1988),2.40,5
Execution (Amstrad CPC - 1985),0.00,0
"Exodus: Ultima III (DOS, Amiga, Atari 8-bit, Atari ST, C64, NES, PC-88 - 1985)",4.46,35
"Eye (Amstrad CPC, C64 - 1987)",0.00,0
Facing the Empire (DOS - 1991),5.00,3
Factor Blast (Atari 8-bit - 1983),4.00,1
Falklands 82 (C64 - 1985),5.00,5
Fallout (DOS - 1991),3.82,17
Fallthru (DOS - 1990),1.00,1
Famicom Wars (NES - 1988),5.00,2
Fantasian (PC-88 - 1985),5.00,1
Fantasy General (DOS - 1996),4.53,45
Farland Story (SNES - 1995),0.00,0
Farland Story 2 (SNES - 1995),0.00,0
Farland Story: Daichi no Kizuna (PC-98 - 1995),0.00,0
Farland Story: Kamigami no Isen (PC-98 - 1996),0.00,0
Farland Story: Shirogane no Tsubasa (PC-98 - 1994),0.00,0
Farland Story: Tenshi no Namida (PC-98 - 1994),0.00,0
Fastgammon (Atari 8-bit - 1980),0.00,0
Fatal Labyrinth (Genesis - 1990),0.00,0
"Fate: Gates of Dawn (Amiga, Atari ST - 1991)",5.00,1
FEDA: The Emblem of Justice (SNES - 1994),0.00,0
Fengshen Yingjiezhuan (Genesis - 1996),0.00,0
Fengshenbang (NES - 1995),0.00,0
"Feudal Lords (Amiga, Atari ST - 1991)",4.00,3
Fields of Battle (Amiga - 1995),4.00,1
Fighter Command: The Battle of Britain (C64 - 1985),4.25,4
Final Fantasy (NES - 1987),4.25,4
Final Fantasy Adventure (Game Boy - 1991),4.00,1
Final Fantasy II (NES - 1988),5.00,1
Final Fantasy II (SNES - 1991),0.00,0
Final Fantasy III (NES - 1990),5.00,4
Final Fantasy III (SNES - 1994),5.00,1
Final Fantasy Legend II (Game Boy - 1990),0.00,0
Final Fantasy Legend III (Game Boy - 1991),4.67,3
Final Fantasy V (SNES - 1992),5.00,1
Final Fantasy VII (NES - 2005),3.00,2
Final Fantasy: Mystic Quest (SNES - 1992),0.00,0
Fire Emblem Gaiden (NES - 1992),4.67,3
Fire Emblem: Ankoku Ryū to Hikari no Tsurugi (NES - 1990),4.80,5
Fire Emblem: Monshō no Nazo (SNES - 1994),5.00,2
Fire Emblem: Seisen no Keifu (SNES - 1996),4.20,5
Fire Emblem: Thracia 776 (SNES - 1999),5.00,3
Fire Fighter (DOS - 1985),5.00,2
"Fire-Brigade: The Battle for Kiev - 1943 (DOS, Amiga, Mac, Atari ST - 1988)",4.70,10
"Fireteam 2200 (DOS, Amiga - 1991)",4.50,2
"Firezone (DOS, Amstrad CPC, Atari ST, C64 - 1988)",4.50,6
Flight Commander (Mac - 1993),5.00,4
Flight Commander 2 (Mac - 1995),4.50,6
FLIP-ELLO (DOS - 1982),0.00,0
"Floor 13 (DOS, Amiga - 1992)",3.82,11
Football (DOS - 1983),0.00,0
Foreigner (PC-98 - 1991),0.00,0
"Fort Apache (Amiga, Atari ST - 1991)",4.20,5
"Fortress (Atari 8-bit, C64, PC-88 - 1983)",4.00,1
"Fortress of the Witch King (Apple II, C64 - 1983)",5.00,2
"Foxy (PC-88, PC-98 - 1990)",5.00,1
Fracas (Apple II - 1980),0.00,0
Free Siege (Windows 3.x - 1992),3.33,3
Frigate (DOS - 1988),4.75,4
Front Mission (SNES - 1995),5.00,1
"Full Metal Planete (DOS, Amiga, Mac, Atari ST - 1990)",4.73,11
Funturatum (Amiga - 1996),0.00,0
G.O.D - Mezameyo to Yobu Koe ga Kikoe (SNES - 1996),0.00,0
Gaiflame (PC-88 - 1987),0.00,0
Galactic Encounters (DOS - 1982),4.33,3
Galactic Frontiers (Mac - 1991),5.00,2
Game Boy Wars (Game Boy - 1991),5.00,2
Game Boy Wars 2 (Game Boy Color - 1998),0.00,0
Ganbare Goemon Gaiden 2: Tenka no Zaihō (NES - 1992),0.00,0
Ganbare Goemon Gaiden: Kieta Ōgon Kiseru (NES - 1990),0.00,0
Gangsters 2 (Windows - 2001),4.33,3
Gangsters: Organized Crime (Windows - 1998),4.33,3
Gary Grigsby's Pacific War (DOS - 1992),4.35,23
Gary Grigsby's War in Russia (DOS - 1993),4.83,6
"Gateway to the Savage Frontier (DOS, Amiga, C64 - 1991)",4.57,14
Gdleen (SNES - 1991),0.00,0
"Gemfire (DOS, Genesis, NES, PC-88, SNES - 1992)",4.69,13
Gendai Daisenryaku (PC-98 - 1985),0.00,0
Genesis: Beyond the Revelation (PC-88 - 1988),0.00,0
"Genghis Khan (DOS, Amiga, NES, PC-88 - 1990)",4.90,10
"Genghis Khan II: Clan of the Gray Wolf (DOS, Genesis, PC-88, SNES - 1993)",4.34,53
"Geopolitique 1990 (Apple II, C64 - 1983)",5.00,5
"Germany 1985 (Apple II, C64 - 1982)",5.00,3
Gettysburg (Atari ST - 1990),0.00,0
"Gettysburg: The Turning Point (DOS, Amiga, Atari 8-bit, C64 - 1986)",4.50,4
Ghost Lion (NES - 1989),0.00,0
"Ginga Eiyū Densetsu II (PC-88, PC-98 - 1990)",4.00,1
Global Thermonuclear War (DOS - 1985),4.50,2
Global War (Atari 8-bit - 1993),0.00,0
Go Player (Amiga - 1991),5.00,1
Godzilla 2: War of the Monsters (NES - 1991),5.00,1
Godzilla! (C64 - 1983),0.00,0
Godzilla: Kaijū no Daishingeki (Game Gear - 1995),0.00,0
"Gold of the Americas: The Conquest of the New World (DOS, Amiga - 1989)",4.55,18
Golf (DOS - 1982),0.00,0
Golf's Best: St. Andrews - The Home of Golf (C64 - 1986),0.00,0
Gossip (Atari 8-bit - 1983),0.00,0
"Grandmaster (Commodore 16, C64 - 1985)",5.00,2
Gravity Wars (DOS - 1989),5.00,1
Great Greed (Game Boy - 1992),5.00,1
"Great Napoleonic Battles (DOS, Amiga, Atari ST - 1991)",3.50,6
Grunwald 1410 (Atari 8-bit - 1995),5.00,1
Guadalcanal Campaign (Apple II - 1982),4.00,1
"Guderian (Apple II, Atari 8-bit, C64 - 1986)",5.00,1
Guernica (PC-98 - 1996),0.00,0
"Gulf Strike (DOS, Apple II, C64 - 1985)",4.25,8
Gwiezdny Kupiec (C64 - 1996),5.00,1
"Hack (DOS, Atari ST - 1984)",4.17,6
"Halls of Montezuma: A Battle History of the United States Marine Corps (DOS, Amiga, C64 - 1990)",4.50,10
Hammer of the Gods (DOS - 1994),4.50,20
Hamurabi (C64 - 1995),5.00,1
Hanoi (C64 - 1983),0.00,0
Harlem Blade: The Greatest of All Time (PC-98 - 1996),4.00,2
Harry Potter and the Chamber of Secrets (Game Boy Color - 2002),0.00,0
Head Coach v3 (Amiga - 1991),0.00,0
Heathkit DND (DOS - 1985),2.67,3
Herakles no Eikō 3: Kamigami no Chinmoku (SNES - 1992),0.00,0
Herakles no Eikō 4: Kamigami no Okurimono (SNES - 1994),0.00,0
Herakles no Eikō II: Titan no Metsubō (NES - 1989),0.00,0
Herakles no Eikō: Tōjin Makyō Den (NES - 1987),0.00,0
Herakles no Eikō: Ugokidashita Kamigami (Game Boy - 1992),0.00,0
"Heroes of Might and Magic (DOS, Mac - 1995)",4.41,105
Heroes of Might and Magic III: The Restoration of Erathia (Linux - 1999),0.00,0
"HeroQuest (DOS, Amiga, C64 - 1991)",4.63,27
Hexsider (DOS - 1990),3.80,5
Hide & Sink (DOS - 1983),4.00,1
High Command: Europe 1939-'45 (DOS - 1992),4.33,12
"High Frontier (Amstrad CPC, C64 - 1987)",5.00,2
High Roller Casino (DOS - 1983),0.00,0
High Stakes Gambling (Game Boy - 1992),0.00,0
Hobbit: The True Story (DOS - 1993),3.14,7
Hokuto no Ken 3: Shinseiki Sōzō Seiken Retsuden (NES - 1989),0.00,0
Hokuto no Ken 4: Shichisei Haken Den: Hokuto Shinken no Kanata e (NES - 1991),0.00,0
Hokuto no Ken 5: Tenmaryūseiden: Ai * Zesshō (SNES - 1992),0.00,0
Hoshi o Miru Hito (NES - 1987),0.00,0
"Hoyle: Official Book of Games - Volume 3 (DOS, Amiga - 1991)",4.56,9
Hyokkori Hyōtanjima: Daitōryō o Mezase! (Genesis - 1992),0.00,0
Hyper Aggressive (C64 - 1992),0.00,0
Imperial Space Command (DOS - 1986),4.75,4
Imperialism (Mac - 1997),4.72,18
Imperialism II: The Age of Exploration (Mac - 1999),5.00,12
"Imperium Galactum (Apple II, Atari 8-bit, C64 - 1984)",3.33,3
"In the Chips (C64, VIC-20 - 1983)",4.00,1
In the Days of Knights & Kings (DOS - 1989),4.56,9
Incunabula (DOS - 1984),3.50,4
"Inindo: Way of the Ninja (PC-88, SNES - 1991)",0.00,0
Inordinate Desire (DOS - 1995),4.00,2
"Intelligent Strategy Games 10 (DOS, Amiga - 1993)",3.50,10
"Ishin no Arashi (NES, PC-88 - 1990)",0.00,0
Isoleur (Amstrad CPC - 1985),0.00,0
Itadaki Street 2: Neon Sign wa Bara-iro ni (SNES - 1994),5.00,1
"Iwo Jima (C64, ZX Spectrum - 1986)",4.50,2
"J.R.R. Tolkien's The Lord of the Rings, Vol. I (DOS, Amiga - 1990)",4.05,21
Jagdstaffel (Atari 8-bit - 1980),0.00,0
Jagged Alliance (DOS - 1995),4.38,55
Jaktar: Der Elfenstein (Amiga - 1995),0.00,0
Jang-gi (DOS - 1991),1.00,1
Jigsaw Puzzlemania (Amiga - 1989),5.00,2
"Joan of Arc: Siege & the Sword (DOS, Amiga, Atari ST - 1989)",4.57,21
"Johnny Reb (Amstrad CPC, C64 - 1984)",0.00,0
"Johnny Reb II (Amstrad CPC, C64 - 1986)",5.00,1
Jojo no Kimyō na Bōken (SNES - 1993),0.00,0
Jones in the Fast Lane (DOS - 1991),4.27,78
Julius Cäsar (C64 - 1990),0.00,0
Jumbo Lander (C64 - 1982),0.00,0
Jungle Wars 2:  Kodai Mahō Atimos no Nazo (SNES - 1993),0.00,0
Just Breed (NES - 1992),0.00,0
Jutei Senki (SNES - 1993),0.00,0
Juvei Quest (NES - 1991),5.00,1
Kaisen Game: NavyBlue '90 (Game Boy - 1990),0.00,0
"Kaiser (Amstrad CPC, Atari 8-bit, C64 - 1984)",5.00,4
Kaiser (Atari ST - 1988),0.00,0
Kalah (C64 - 1984),0.00,0
"KaleidoKubes (Apple IIgs, C64 - 1989)",0.00,0
Kampania wrześniowa (Atari 8-bit - 1993),0.00,0
"Kampfgruppe (DOS, Amiga, Apple II, C64 - 1987)",5.00,1
Kasparov Chessmate (Mac - 2004),5.00,2
Ken to Mahō (PC-88 - 1983),0.00,0
Kidō Keisatsu Patlabor (SNES - 1994),0.00,0
Kidō Keisatsu Patlabor: 98-Shiki Kidō seyo! (Genesis - 1992),0.00,0
"King's Bounty (DOS, Amiga, Mac, Apple II, C64, Genesis - 1990)",4.44,34
Kingdoms of England (Amiga - 1989),4.00,1
"Kingdoms of Germany (DOS, Amiga - 1994)",4.34,12
"Kingmaker (DOS, Amiga, Atari ST - 1994)",4.53,17
"Knights of Legend (DOS, C64 - 1989)",4.50,32
"Knights of the Desert (DOS, C64 - 1983)",4.25,4
Kolonialmacht (C64 - 1987),0.00,0
"Kolony (Atari 8-bit, C64 - 1991)",5.00,1
Kōryu Densetsu Villgust: Kieta Shōjo (SNES - 1992),0.00,0
Krieg um die Krone (C64 - 1989),4.00,1
Kriegspiel (Dragon 32/64 - 1983),0.00,0
Krypto (C64 - 1984),0.00,0
Kyōran no Ginga: Schwarzschild (PC-88 - 1989),5.00,1
Kyūyaku Megami Tensei: Megami Tensei I ・II (SNES - 1995),0.00,0
"L'Empereur (DOS, NES, PC-88, PC-98 - 1991)",4.63,16
Landing Party (DOS - 1989),4.75,4
"Langrisser II (Genesis, SNES - 1994)",5.00,2
"Laplace no Ma (PC-88, SNES - 1987)",0.00,0
"Laser Squad (DOS, Amiga, Atari ST, C64, MSX - 1992)",4.70,33
Laserwars (DOS - 1994),4.33,3
"Last Armageddon (NES, PC-88, PC-98 - 1990)",4.00,1
Last Guardian 2: Yomi no Fūin (PC-98 - 1996),4.00,1
Leap (C64 - 1984),0.00,0
"Legend of Faerghail (DOS, Amiga, Atari ST - 1990)",4.20,10
Legend of Lothian (Amiga - 1991),1.00,1
Legion (Amiga - 1996),3.75,4
Legions (Mac - 1994),5.00,6
"Legions of Death (Amstrad CPC, C64 - 1986)",4.00,1
LEGO Chess (Windows - 1998),5.00,4
Lennus II: Fūin no Shito (SNES - 1996),0.00,0
Leygref's Castle (DOS - 1986),3.00,4
"Liberty or Death (DOS, Genesis, SNES - 1993)",4.08,12
Lightning Vaccus: The Knight of Iron (PC-88 - 1989),0.00,0
Live a Live (SNES - 1994),5.00,2
Lizard (PC-88 - 1984),0.00,0
Loopy (DOS - 1994),5.00,1
Lord of the Balrogs (C64 - 1983),0.00,0
"Lords of Chaos (Amiga, Amstrad CPC, Atari ST, C64 - 1991)",4.67,6
Love Quest (SNES - 1995),0.00,0
Lucky Luke: Gamblin' Cowboy (C64 - 1992),4.00,1
Lucky Seven (DOS - 1990),0.00,0
Lufia & the Fortress of Doom (SNES - 1993),5.00,1
Lufia II: Rise of the Sinistrals (SNES - 1995),5.00,1
Lumpies of Lotis IV (DOS - 1986),0.00,0
Lunar: Sanpo-suru Gakuen (Game Gear - 1996),0.00,0
Lunar: The Silver Star (SEGA CD - 1992),5.00,1
"MacArthur's War: Battles for Korea (DOS, C64 - 1990)",5.00,9
Machiavelli the Prince (DOS - 1995),4.35,23
Madō Monogatari A: Dokidoki Vacation (Game Gear - 1995),5.00,1
"Madō Monogatari I (Game Gear, Genesis - 1993)",5.00,1
Madō Monogatari II: Arle 16-sai (Game Gear - 1994),0.00,0
Madō Monogatari III: Kyūkyoku Joō-sama (Game Gear - 1994),0.00,0
Madō Monogatari: Hanamaru Daiyōchienji (SNES - 1996),0.00,0
Mad●Paradox (DOS - 1994),4.23,26
Mafia (C64 - 1986),4.80,5
Magic Coins (Amiga - 1994),0.00,0
"Magic Knight Rayearth (Game Gear, SNES - 1995)",0.00,0
Magic of Endoria (C64 - 1993),4.00,1
Magic: The Gathering (Windows - 1997),4.50,20
Majin Tensei (SNES - 1994),5.00,1
Majin Tensei II: Spiral Nemesis (SNES - 1995),5.00,1
Mancala (Apple IIgs - 1988),0.00,0
Manor (DOS - 1986),5.00,2
"Mario's Game Gallery (DOS, Mac - 1995)",4.59,206
"Mars Saga (DOS, Apple II, C64 - 1989)",4.27,11
Mashō Denki La Valeur (PC-88 - 1989),0.00,0
Massive Assault (Mac - 2005),5.00,5
Master of Magic (DOS - 1994),4.63,155
Master of Orion (DOS - 1993),4.36,150
Master of Orion II: Battle at Antares (Mac - 1997),4.79,20
MasterMind (DOS - 1989),0.00,0
Match Wits (Atari 8-bit - 1984),0.00,0
Matchboxes (Atari 8-bit - 1983),0.00,0
Maten Densetsu: Senritsu no Ooparts (SNES - 1995),0.00,0
"Mech Brigade (DOS, Apple II, Atari 8-bit, C64 - 1987)",3.80,5
"Medieval Lords: Soldier Kings of Europe (DOS, C64 - 1991)",4.14,32
Megami Tensei Gaiden: Last Bible II (Game Boy - 1993),0.00,0
Megami Tensei Gaiden: Last Bible III (SNES - 1995),0.00,0
Megami Tensei Gaiden: Last Bible Special (Game Gear - 1995),0.00,0
Memory (DOS - 1991),4.00,1
Memory (DOS - 1983),0.00,0
Merchant Prince (DOS - 1993),4.92,12
Metal Max (NES - 1991),0.00,0
Metal Max 2 (SNES - 1993),0.00,0
Metal Max Returns (SNES - 1995),0.00,0
Mezase! Top Pro: Green ni Kakeru Yume (NES - 1993),0.00,0
"Miami Dice (Amstrad CPC, C64 - 1986)",0.00,0
Microchess (Apple II - 1978),5.00,2
MicroLeague Football: The Coach's Challenge - Deluxe Edition (DOS - 1993),3.20,10
Midway: The Battle that Doomed Japan (DOS - 1989),5.00,3
"Might and Magic II: Gates to Another World (DOS, Amiga, Mac, C64, Genesis, PC-88, SNES - 1988)",4.48,31
"Might and Magic III: Isles of Terra (DOS, Amiga, Mac, SNES - 1991)",4.22,23
Might and Magic Trilogy (DOS - 1995),3.78,14
"Might and Magic: Book One - Secret of the Inner Sanctum (DOS, Mac, C64, PC-88 - 1987)",4.25,20
Might and Magic: Clouds of Xeen (DOS - 1992),4.57,13
Might and Magic: Darkside of Xeen (DOS - 1993),4.56,18
Might and Magic: Swords of Xeen (DOS - 1995),4.15,13
"Might and Magic: World of Xeen (DOS, Mac - 1994)",4.43,46
Military Coup (C64 - 1984),4.00,1
"Millionaire: The Stock Market Simulation (Mac, Atari 8-bit, C64 - 1984)",3.80,5
Millionaire: The Stock Market Simulation (Release 2) (DOS - 1987),4.00,5
"Miracle Warriors: Seal of the Dark Lord (NES, SEGA Master System - 1987)",0.00,0
Mirai Senshi: Lios (NES - 1989),4.00,1
MissionForce: CyberStorm (Windows - 1996),4.79,14
Momotarō Densetsu (NES - 1987),0.00,0
"Momotarō Densetsu Gaiden (Game Boy, NES - 1991)",0.00,0
Monstania (SNES - 1996),0.00,0
Moraff's World (DOS - 1991),3.74,19
Morkin 2 (DOS - 1992),4.20,5
Mōryō Senki Madara (NES - 1990),0.00,0
Mōryō Senki Madara 2 (SNES - 1993),0.00,0
Mugen no Shinzō (PC-88 - 1984),5.00,2
Mugen no Shinzō II (PC-88 - 1985),0.00,0
Musashi no Bōken (NES - 1990),0.00,0
Mystery Dungeon: Shiren the Wanderer (SNES - 1995),0.00,0
Mystic Ark (SNES - 1995),5.00,2
Nagakute Amai Yoru: Twilight Zone III (PC-88 - 1989),0.00,0
Nahlakh (DOS - 1994),4.00,4
"NAM (Apple II, Atari 8-bit, C64 - 1986)",4.00,2
"Napoleon in Russia: Borodino 1812 (DOS, C64 - 1988)",4.20,10
Napoleon's Campaigns: 1813 & 1815 (Apple II - 1981),4.00,1
Nectaris (DOS - 1995),4.58,12
Nekketsu Tairiku: Burning Heroes (SNES - 1995),0.00,0
Neverwinter Nights (DOS - 1991),4.46,24
Night Crawlers (Atari ST - 1986),0.00,0
Night Fire (DOS - 1986),4.50,2
Niji no Silkroad (NES - 1991),0.00,0
Ninja Burai Densetsu (Genesis - 1991),4.00,1
"Nobunaga no Yabō: Haō Den (Genesis, SNES - 1994)",4.00,1
"Nobunaga's Ambition (DOS, Amiga, Mac, Game Boy, Genesis, NES, PC-88, SNES - 1988)",4.00,8
"Nobunaga's Ambition II (DOS, NES, PC-88 - 1989)",4.00,20
"Nobunaga's Ambition: Lord of Darkness (Genesis, NES, PC-88, SNES - 1991)",5.00,2
"North Atlantic '86 (Mac, Apple II - 1987)",5.00,2
"Norway 1985 (Apple II, C64 - 1985)",5.00,2
Number Puzzler (Dragon 32/64 - 1984),4.00,2
Objective: Kursk (Apple II - 1984),0.00,0
Ogre (Atari ST - 1986),4.00,1
Ogre Battle (SNES - 1993),5.00,1
"Oil Barons (DOS, Amiga - 1992)",4.50,8
Once a King (Atari ST - 1988),0.00,0
Operation Apocalypse (Apple II - 1981),4.50,2
"Operation Combat II: By Land, Sea & Air (DOS, Amiga - 1993)",3.50,4
"Operation Com●Bat: Computer Battle Game (Amiga, DOS - 1990)",3.00,2
"Operation Crusader (DOS, Mac - 1994)",4.64,11
Operation Iceberg: The Battle for Okinawa (C64 - 1986),4.00,2
"Operation Market Garden: Drive on Arnhem, September 1944 (DOS, Atari 8-bit, C64 - 1985)",4.75,4
"Operation Whirlwind (Atari 8-bit, C64 - 1983)",4.00,1
"Osiris (DOS, Amiga - 1993)",1.00,1
Otaku no Seiza: An Adventure in the Otaku Galaxy (NES - 1991),0.00,0
Othello (DOS - 1982),3.00,2
Othello (DOS - 1988),4.00,1
Othello (DOS - 1991),0.00,0
Over the Reich (Mac - 1996),4.67,6
Paladin's Quest (SNES - 1992),0.00,0
"Panzer General (DOS, Windows, Mac - 1994)",4.44,78
"Panzer Grenadier (Apple II, Atari 8-bit, C64 - 1985)",0.00,0
Panzer Strike! (C64 - 1987),0.00,0
Panzer-Jagd (C64 - 1983),0.00,0
Panzers East! (C64 - 1984),0.00,0
Paris in Danger (Atari 8-bit - 1983),5.00,2
"Patton vs. Rommel (DOS, C64 - 1987)",4.67,9
Pax Imperia (Mac - 1992),5.00,1
PC Pillbox (DOS - 1985),0.00,0
Pearl Harbour (Amstrad CPC - 1985),5.00,1
"Pegasus Bridge (Amstrad CPC, C64 - 1987)",4.50,4
"Pensate (Mac, Atari 8-bit, C64 - 1984)",3.00,1
Pente (DOS - 1986),1.00,1
People's General (Windows - 1998),4.64,11
Perfect General II (DOS - 1994),4.10,21
PET Nuclear Power Plant (C64 - 1982),5.00,2
Phagefight (DOS - 1992),0.00,0
"Phantasie (DOS, Amiga, Atari 8-bit, Atari ST, C64, PC-88 - 1987)",4.22,23
"Phantasie II (Apple II, Atari 8-bit, Atari ST, C64, PC-88 - 1986)",5.00,1
"Phantasie III: The Wrath of Nikademus (DOS, Amiga, Atari ST, C64, PC-88 - 1988)",4.11,18
Phantasie IV: The Birth of Heroes (PC-88 - 1990),4.00,2
Phantasy Star (Genesis - 1994),5.00,2
Phantasy Star Gaiden (Game Gear - 1992),0.00,0
Phantasy Star II (Genesis - 1989),5.00,1
Phantasy Star III: Generations of Doom (Genesis - 1990),5.00,1
Phantasy Star IV (Genesis - 1993),5.00,1
Piegram (C64 - 1983),0.00,0
Pink Shock Pirates II (PC-98 - 1990),4.00,1
Planet's Edge: The Point of no Return (DOS - 1991),4.47,19
Plazma Ball (C64 - 1992),4.00,1
Pocket Monster Akai (Game Boy - 1996),4.50,2
Pocket Monsters Midori (Game Boy - 1996),4.36,11
Pokémon Blue Version (Game Boy - 1998),4.43,7
Pokémon Red Version (Game Boy - 1998),4.43,7
Pokémon Trading Card Game (Game Boy Color - 1998),3.00,2
Pokémon Yellow Version: Special Pikachu Edition (Game Boy - 1998),4.53,78
Pole Walki (Amiga - 1995),3.00,2
"Pool of Radiance (DOS, Amiga, Mac, Apple II, C64, NES - 1988)",4.57,53
Pool of Radiance: Ruins of Myth Drannor (Windows - 2001),4.40,5
"Pools of Darkness (DOS, Amiga, Mac - 1991)",4.78,18
Pork 2 (Atari ST - 1989),0.00,0
Power Dolls (DOS - 1995),4.63,19
Power Mission (Game Boy - 1990),4.00,1
"Power Struggle (Amiga, Atari ST, C64 - 1988)",5.00,2
Princess Minerva (SNES - 1995),5.00,1
Pro Golf (C64 - 1988),0.00,0
Psionics (DOS - 1993),5.00,1
Pub Games (Amstrad CPC - 1987),0.00,0
Pursuit of the Graf Spee (Apple II - 1982),4.00,1
Putt-Putt's Fun Pack (DOS - 1994),4.32,38
Quadrant (DOS - 1984),0.00,0
Radar Mission (Game Boy - 1990),0.00,0
Raiders (Dragon 32/64 - 1982),0.00,0
Ranadinn (DOS - 1988),0.00,0
Rance II: Hangyaku no Shōjotachi (PC-88 - 1990),5.00,1
Rance: Hikari o Motomete (PC-88 - 1989),5.00,2
Raszyn 1809 (Atari 8-bit - 1992),0.00,0
Ray Gun (PC-88 - 1990),0.00,0
"RDF 1985 (Apple II, C64 - 1983)",5.00,1
"Reach for the Stars: The Conquest of the Galaxy (DOS, Amiga, Apple IIgs, C64 - 1988)",4.67,12
"Realms of Arkania: Blade of Destiny (DOS, Amiga - 1993)",4.74,23
Realms of Arkania: Star Trail (DOS - 1994),4.59,24
Realmz (Windows - 1999),5.00,2
Reaping the Dungeon (DOS - 1993),3.89,9
Reargard (DOS - 1989),5.00,2
Rebelstar (Amstrad CPC - 1987),5.00,1
Record of Lodoss War (SNES - 1995),5.00,2
"Red Lightning (DOS, Amiga, Atari ST - 1989)",4.22,9
"Reederei (Amiga, C64 - 1988)",1.00,1
Reforger '88 (Apple II - 1984),0.00,0
Regnum (Amiga - 1989),0.00,0
Relentless Logic (DOS - 1985),3.00,1
"Renaissance (C64, VIC-20 - 1982)",0.00,0
"Renegade Legion: Interceptor (DOS, Amiga - 1990)",4.65,14
"Revelations: The Demon Slayer (Game Boy, Game Gear - 1992)",4.50,2
Reversi (DOS - 1985),0.00,0
Reversi (Atari 8-bit - 1980),5.00,1
"Revolution '76 (DOS, Apple IIgs - 1989)",3.91,11
Ring Master I: The Shadow of Filias (PC-98 - 1988),0.00,0
"Ring Master II: Forget You Not, Evermore (PC-98 - 1989)",0.00,0
Rise of the Phoenix (SNES - 1994),0.00,0
Risk (DOS - 1986),5.00,4
Risk II (Windows - 2000),3.00,2
Risk: The Game of Global Domination (Windows - 1996),5.00,1
Road Rally (DOS - 1983),5.00,1
Road to Moscow (C64 - 1984),5.00,1
"Rogue (DOS, Amiga, Mac, Amstrad CPC, Atari 8-bit, Atari ST, C64 - 1984)",4.37,35
Roman Empire (Dragon 32/64 - 1983),0.00,0
"Romance of the Three Kingdoms (DOS, Amiga, NES, PC-88, PC-98 - 1989)",4.56,25
"Romance of the Three Kingdoms II (DOS, Amiga, Genesis, NES, PC-88, SNES - 1991)",4.28,35
"Romance of the Three Kingdoms III: Dragon of Destiny (DOS, Genesis, SNES - 1993)",4.61,36
"Romance of the Three Kingdoms IV: Wall of Fire (SEGA 32X, SNES - 1995)",3.00,2
Romance of the Three Kingdoms V (Genesis - 1997),2.00,1
Romancing SaGa (SNES - 1992),0.00,0
Romancing SaGa 2 (SNES - 1993),0.00,0
Romancing SaGa 3 (SNES - 1995),0.00,0
Rome and the Barbarians (Atari 8-bit - 1984),5.00,3
Rommel: Battles for North Africa (C64 - 1988),5.00,1
Rudra no Hihō (SNES - 1996),0.00,0
Russia: The Great War in the East 1941-1945 (C64 - 1987),5.00,3
Russian Front II: The Kursk Campaign (DOS - 1990),3.00,2
Sangokushi II: Haō no Tairiku (NES - 1992),4.00,1
Sangokushi Retsuden: Ransei no Eiyūtachi (Genesis - 1991),0.00,0
Sansara Naga 2 (SNES - 1994),5.00,1
"Santa Paravia and Fiumaccio (DOS, Amiga, C64 - 1989)",5.00,9
Sargon (Apple II - 1979),5.00,1
"Sargon II (Apple II, Atari 8-bit, C64, VIC-20 - 1979)",5.00,1
Scavengers of The Mutant World (DOS - 1988),4.17,6
"Scenario: Theatre of War (DOS, C64 - 1992)",4.33,6
Schoolhouse (DOS - 1991),4.00,2
Schwarzschild II: Teikoku no Haishin (PC-88 - 1989),5.00,1
Scorched Earth (DOS - 1991),4.60,47
SD Gundam Winner's History (Game Gear - 1995),0.00,0
SD Gundam World: Gachapon Senshi 2 - Capsule Senki (NES - 1989),0.00,0
Sea Hunt (DOS - 1987),1.75,4
Sea Quest (DOS - 1992),1.00,1
"Second Front: Germany Turns East (DOS, Amiga - 1990)",4.09,11
"Secret of the Silver Blades (DOS, Amiga, Mac, C64 - 1990)",4.29,28
Secret of the Stars (SNES - 1993),4.00,1
"Sex Olympics (DOS, Amiga, Atari ST - 1990)",4.12,16
Sextimates (Amiga - 1990),5.00,1
Sexversi (Atari 8-bit - 1994),0.00,0
SeXXcapades (DOS - 1991),4.09,12
"Sexy Droids (DOS, Amiga - 1992)",4.12,16
"Shard of Spring (DOS, Apple II, C64 - 1987)",4.75,4
Sheng Huo Lie Zhuan (NES - 1991),0.00,0
"Shiloh: Grant's Trial in the West (DOS, Apple II, C64 - 1987)",4.50,2
Shining Force (Genesis - 1992),5.00,2
Shining Force CD (SEGA CD - 1994),5.00,2
Shining Force Gaiden (Game Gear - 1992),5.00,1
Shining Force Gaiden: Final Conflict (Game Gear - 1995),5.00,1
Shining Force II (Genesis - 1993),5.00,2
Shining Force: The Sword of Hajya (Game Gear - 1993),4.50,2
ShockWave (Amiga - 1990),1.00,1
Shuihuzhuan (Genesis - 1996),0.00,0
Shura no Mon (Genesis - 1992),0.00,0
Shuten Dōji (PC-88 - 1990),0.00,0
Sid Meier's Alpha Centauri (Linux - 2001),0.00,0
"Sid Meier's Civilization (DOS, Amiga, Windows 3.x, Mac, Atari ST, SNES - 1991)",4.52,586
Sid Meier's Civilization II (Windows - 1996),4.49,119
"Sid Meier's Colonization (DOS, Amiga, Mac - 1994)",4.57,479
"Six-Gun Shootout (Apple II, C64 - 1985)",0.00,0
Skarabeusz (Amiga - 1992),3.00,2
Slayers (SNES - 1994),5.00,2
"Snood (DOS, Mac - 1999)",5.00,2
"Software Star (Amstrad CPC, C64 - 1985)",4.00,1
Solid Runner (SNES - 1997),0.00,0
Sorcerer's Kingdom (Genesis - 1992),5.00,1
Space Conflict (DOS - 1993),4.00,1
"Space Crusade (DOS, Amiga, Amstrad CPC, Atari ST, C64 - 1992)",4.41,29
Space Crusade: The Voyage Beyond (Data Disk) (Amiga - 1992),5.00,3
Space NIM (C64 - 1983),0.00,0
"Spaceward Ho! (DOS, Amiga - 1992)",4.75,8
Spelljammer: Pirates of Realmspace (Windows - 1992),4.50,22
SPOC the Chess Master (DOS - 1983),0.00,0
"Spoils of War (DOS, Amiga, C64 - 1991)",4.50,6
Square no Tom Sawyer (NES - 1989),0.00,0
"Star Command (DOS, Amiga, Atari ST - 1988)",4.22,27
"Star Fleet I: The War Begins! (DOS, Amiga, Mac, Atari 8-bit, Atari ST, C64 - 1985)",4.94,16
Star Odyssey (Genesis - 1991),0.00,0
"Star Saga: One - Beyond the Boundary (DOS, Apple IIgs - 1988)",5.00,4
Star Trek (DOS - 1981),3.75,8
Star Trek: The Next Generation - Birth of the Federation (Windows - 1999),3.33,3
Stars! (Windows - 1996),5.00,7
STED: Iseki Wakusei no Yabō (NES - 1990),0.00,0
Steel Panthers (DOS - 1995),4.75,12
Stelcon 2469 (DOS - 1992),5.00,1
"Stellar Crusade (DOS, Amiga - 1988)",3.71,7
Stop That Roach! (Game Boy - 1994),0.00,0
"Storm Across Europe (DOS, Amiga, C64 - 1990)",4.73,11
"Stratego (DOS, Amiga, Mac, Atari ST, C64 - 1990)",4.43,35
Strike Squad (DOS - 1993),4.33,9
"Super Battleship: The Classic Naval Combat Game (Genesis, SNES - 1993)",4.00,3
"Super Daisenryaku (Genesis, PC-88 - 1989)",0.00,0
Super Famicom Wars (SNES - 1998),5.00,3
Super Mario RPG: Legend of the Seven Stars (SNES - 1996),4.00,5
Super Robot Taisen EX (SNES - 1994),0.00,0
Super Star Trek (DOS - 1982),4.30,10
Super Wrestle Angels (SNES - 1994),5.00,1
"Swap (DOS, Amiga, Amstrad CPC, Atari ST, C64 - 1992)",0.00,0
Sweet Home (NES - 1989),4.00,1
"Sword of Aragon (DOS, Amiga - 1989)",4.76,37
SwordThrust (Apple II - 1981),0.00,0
T-34: The Battle (Atari 8-bit - 1994),5.00,1
"T.D.F. Kaijū daisensō kesshi no genshiro bōei sakusen (PC-88, PC-98 - 1987)",0.00,0
"T.G.I.F. (Atari 8-bit, C64 - 1983)",4.00,1
Tactics Ogre (SNES - 1995),5.00,1
Taiheiki (Genesis - 1991),0.00,0
Taikō Risshiden (Genesis - 1993),0.00,0
"Tales of the Unknown: Volume I - The Bard's Tale (DOS, Amstrad CPC, Apple IIgs, Atari ST, C64, NES - 1987)",4.71,17
"Tank Attack (DOS, Amiga, Amstrad CPC, C64 - 1990)",4.50,4
TeleEpic II (Amiga - 1990),5.00,1
TeleGames (Amiga - 1987),1.00,1
TeleWar (Amiga - 1987),5.00,1
"Temple of Apshai Trilogy (DOS, Amiga, Atari ST, C64 - 1985)",3.75,8
Tenchi Muyō! Game-hen (SNES - 1995),0.00,0
Tenchi o kurau II: Shokatsu Kōmei-den (NES - 1991),5.00,1
Tengai Makyō Zero (SNES - 1995),0.00,0
Tenka Tōitsu (Genesis - 1991),0.00,0
Tenshi no Uta: Shiroki Tsubasa no Inori (SNES - 1994),0.00,0
Terrace (Mac - 1995),5.00,1
The Alien (Apple II - 1982),0.00,0
The Amulet (DOS - 1983),0.00,0
The Banyon Wars (DOS - 1990),4.50,2
"The Bard's Tale Construction Set (DOS, Amiga - 1991)",4.25,8
"The Bard's Tale II: The Destiny Knight (DOS, Amiga, Apple II, Apple IIgs, C64, NES - 1988)",4.21,19
"The Bard's Tale III: Thief of Fate (DOS, Amiga, Apple II, C64 - 1990)",4.20,20
The Battle of Chickamauga (Atari 8-bit - 1985),0.00,0
"The Battle of Shiloh (Apple II, Atari 8-bit - 1981)",0.00,0
"The Battle of the Bulge: Tigers in the Snow (DOS, Apple II, C64 - 1982)",3.80,5
"The Black Onyx (NES, PC-88 - 1988)",2.00,1
The Causes of Chaos (C64 - 1985),0.00,0
"The Dark Heart of Uukrul (DOS, Apple II - 1990)",4.65,17
"The Dark Queen of Krynn (DOS, Amiga, Mac - 1992)",4.37,27
The Dragon Sword (DOS - 1990),0.00,0
"The Eternal Dagger (Apple II, Atari 8-bit, C64 - 1987)",3.40,5
"The Fall of Rome (Atari 8-bit, C64 - 1984)",5.00,4
"The Fellowship of The Ring (DOS, Mac, Amstrad CPC, Apple II, C64 - 1986)",4.48,21
The Final Fantasy Legend (Game Boy - 1989),5.00,2
The Fire Crystal (PC-88 - 1984),0.00,0
The Games People Play: Gin ∙ Cribbage ∙ Checkers ∙ Backgammon (DOS - 1990),4.50,2
The Grandest Fleet (DOS - 1994),4.46,13
"The Great War: 1914 - 1918 (DOS, Amiga - 1993)",4.50,42
"The Honeymooners (DOS, C64 - 1988)",5.00,4
The Hybrid Front (Genesis - 1994),0.00,0
The Kingdom of Syree (DOS - 1992),3.00,4
The Land (DOS - 1989),3.00,2
The Last Battle (SNES - 1994),0.00,0
The Legend of the Mystical Ninja (SNES - 1991),0.00,0
"The Lords of Midnight (Amstrad CPC, C64 - 1984)",5.00,7
The Lost Admiral (DOS - 1991),4.78,9
The Magic Candle II: The Four and Forty (DOS - 1991),4.38,16
The Magic Candle III (DOS - 1992),4.16,19
"The Magic Candle: Volume 1 (DOS, C64, NES - 1989)",4.36,11
The Magic of Scheherazade (NES - 1987),0.00,0
The Original Buck Mann's Poker for One (DOS - 1983),0.00,0
"The Perfect General (DOS, Amiga - 1991)",4.44,16
"The Perfect General Scenario Disk: World War II Battle Set (DOS, Amiga - 1991)",5.00,4
The Perfect General: Greatest Battles of the 20th Century (DOS - 1992),4.57,7
The Rescue of Lorri in Lorrinitron (DOS - 1991),2.50,2
"The Return of Heracles (Apple II, Atari 8-bit, C64 - 1983)",0.00,0
"The Second World (Amiga, Atari ST, C64 - 1990)",3.00,2
The Universal Military Simulator: The American Civil War - Scenario Disk One (Atari ST - 1988),5.00,1
The Universal Military Simulator: Vietnam - Scenario Disk Two (Atari ST - 1988),5.00,1
"The Valley (C64, ZX Spectrum - 1983)",0.00,0
The Wizard's Castle (DOS - 1981),2.75,8
"Theatre Europe (Amstrad CPC, Apple II, Atari 8-bit, C64 - 1985)",5.00,3
Theatre of War (DOS - 1992),4.00,8
"Third Reich (Amiga, Atari ST - 1992)",0.00,0
Tic Tac Toe (DOS - 1982),5.00,1
tictactoe (Atari ST - 1997),0.00,0
Tir-nan-óg II: The Sign of Chaos (PC-98 - 1989),0.00,0
Tir-nan-óg: Descendants of Danaan (PC-98 - 1987),0.00,0
Tir-nan-óg: The Forbidden Tower (PC-88 - 1990),0.00,0
Tommy's Connecting Point (DOS - 1988),5.00,1
Tommy's Cryptoquips (DOS - 1992),0.00,0
Tommy's Double L (DOS - 1987),5.00,1
Tommy's Jottomania (DOS - 1989),0.00,0
Tommy's Nim (DOS - 1987),4.00,1
Tommy's Spades (DOS - 1988),5.00,1
Tommy's Tenpins (DOS - 1987),4.00,1
Tommy's Tic-Tac-Toe (DOS - 1987),5.00,1
Tommy's Trash! (DOS - 1989),0.00,0
Tommy's Trifles (DOS - 1987),5.00,1
Tommy's Tyrants (DOS - 1987),4.00,1
Torpedo Fire (Apple II - 1981),4.00,1
Total Concentration (Windows - 1999),0.00,0
Treasure Hunter G (SNES - 1996),0.00,0
"Treasures of the Savage Frontier (DOS, Amiga - 1992)",4.64,11
"TrianGO (DOS, Amiga, Apple IIgs, C64 - 1989)",1.00,1
"Tug-A-War (DOS, C64 - 1986)",0.00,0
"Tunnels & Trolls: Crusaders of Khazan (DOS, PC-88 - 1990)",4.29,14
TvT (Atari 8-bit - 1993),0.00,0
Twilight Zone II: Nagisa no Yakata (PC-88 - 1988),0.00,0
Twilight Zone Vol. 4: Tokubetsu-hen (PC-88 - 1990),0.00,0
"Typhoon of Steel (DOS, Amiga, C64 - 1991)",5.00,3
Tyran (Amiga - 1996),1.00,1
Tyrant of Athens (ZX Spectrum - 1982),0.00,0
Uchū Senkan Yamato (Game Boy - 1992),0.00,0
"Ultima (Apple II, Atari 8-bit - 1981)",5.00,1
"Ultima I: The First Age of Darkness (DOS, Apple II, C64, PC-88 - 1987)",4.28,36
"Ultima II: The Revenge of the Enchantress... (DOS, Mac, Apple II, Atari 8-bit, Atari ST, C64, PC-88 - 1983)",4.22,18
"Ultima IV: Quest of the Avatar (DOS, Amiga, Apple II, Atari 8-bit, Atari ST, C64, NES, PC-88, PC-98 - 1987)",4.53,34
"Ultima V: Warriors of Destiny (DOS, Amiga, Apple II, Atari ST, C64, NES - 1988)",4.65,31
"Ultima VI: The False Prophet (DOS, Amiga, Atari ST, C64, SNES - 1990)",4.30,47
Ultima: Worlds of Adventure 2 - Martian Dreams (DOS - 1991),4.65,17
Ultimate Fighter (SNES - 1992),0.00,0
Ultris: The Ultimate Tetris (DOS - 1992),0.00,0
"UMS: The Universal Military Simulator (DOS, Amiga, Mac, Atari ST - 1987)",4.20,5
Umut Tarlaları (Amiga - 1993),5.00,1
Undercover Cops Gaiden: Hakaishin Garumaa (Game Boy - 1993),5.00,1
Une affaire en or (Amstrad CPC - 1985),0.00,0
Universe II (DOS - 1986),5.00,4
"Unlimited Adventures (DOS, Mac - 1993)",4.61,18
Up Periscope (Dragon 32/64 - 1983),0.00,0
Ushio to Tora: Shin'en no Daiyō (NES - 1993),0.00,0
V for Victory: Battleset 1 - D-Day Utah Beach - 1944 (DOS - 1991),4.91,11
V for Victory: Gold-Juno-Sword (DOS - 1993),4.70,10
V for Victory: Market Garden (DOS - 1993),4.31,13
V for Victory: Velikiye Luki (DOS - 1992),4.50,8
Vain Dream (PC-88 - 1991),0.00,0
"VC (DOS, Apple II, Atari 8-bit - 1983)",3.71,7
Vegas Stakes (Game Boy - 1995),5.00,1
"Vermeer (DOS, Amiga, Amstrad CPC, C64 - 1988)",4.37,27
Verso (DOS - 1986),1.00,1
Video Chess (Atari 8-bit - 1979),5.00,1
Vier op een rij (DOS - 1990),0.00,0
"Vikings: Fields of Conquest - Kingdoms of England II (DOS, Amiga - 1993)",4.44,18
Visual Star Trek (DOS - 1990),4.45,11
"Vulcan: The Tunisian Campaign (DOS, Amiga, Amstrad CPC, Atari ST - 1988)",5.00,7
Waddingtons Deluxe Monopoly (C64 - 1988),3.67,3
War 2410 (SNES - 1995),4.00,1
War 70 (ZX Spectrum - 1983),4.00,1
"War in Russia (Apple II, Atari 8-bit - 1984)",0.00,0
"War of The Lance (DOS, Apple II, C64 - 1990)",4.79,24
War Zone (ZX Spectrum - 1984),4.00,1
"Wargame Construction Set (DOS, Atari 8-bit, Atari ST, C64 - 1988)",4.33,9
Wargame Construction Set II: TANKS! (DOS - 1994),4.33,16
Wargame Construction Set III: Age of Rifles 1846-1905 (DOS - 1996),4.50,26
"Warhammer 40,000: Chaos Gate (Windows - 1998)",4.52,31
"Warhammer 40,000: Rites of War (Windows - 1999)",4.94,18
"Warlord (Dragon 32/64, ZX Spectrum - 1982)",5.00,1
"Warlords (DOS, Amiga, Mac - 1990)",4.77,26
Warlords II (DOS - 1993),4.44,45
Warlords II Deluxe (DOS - 1995),4.65,44
Warlords III: Darklords Rising (Windows - 1998),4.73,15
Warlords III: Reign of Heroes (Windows - 1997),5.00,14
Warren's World: Lost Colony (DOS - 1982),5.00,3
Warsong (Genesis - 1991),5.00,3
"WarWizard (DOS, Amiga - 1994)",0.00,0
"Wasteland (DOS, Apple II, C64 - 1988)",4.29,105
Weatherwar II (C64 - 1982),4.00,2
Westminster (C64 - 1983),5.00,2
"Wetten Dass..? (Amiga, C64 - 1991)",1.00,1
"Whale's Voyage (DOS, Amiga - 1995)",4.19,11
Wheel of Fortune (Game Boy - 1990),0.00,0
"White Death (DOS, Amiga - 1990)",3.60,5
Whomper Stomper (Atari 8-bit - 1984),0.00,0
Wily & Right no RockBoard: That's Paradise (NES - 1993),5.00,1
Wing Commander: Armada (DOS - 1994),4.35,20
"Winzer (DOS, Amiga, Atari ST, C64 - 1991)",3.67,3
Wizard Wars (DOS - 1988),4.27,11
"Wizard's Crown (DOS, Apple II, Atari 8-bit, Atari ST, C64 - 1987)",4.76,17
Wizardry Gold (Mac - 1996),5.00,2
"Wizardry V: Heart of the Maelstrom (DOS, Apple II, C64, PC-88, SNES - 1988)",4.80,15
"Wizardry: Bane of the Cosmic Forge (DOS, Amiga, Mac, SNES - 1990)",4.46,33
Wizardry: Crusaders of the Dark Savant (DOS - 1992),4.75,29
"Wizardry: Knight of Diamonds - The Second Scenario (DOS, Apple II, C64, NES, PC-88 - 1987)",3.85,20
"Wizardry: Legacy of Llylgamyn - The Third Scenario (DOS, Apple II, C64, NES, PC-88 - 1986)",4.50,8
"Wizardry: Proving Grounds of the Mad Overlord (DOS, Mac, Apple II, C64, NES, PC-88 - 1984)",4.29,34
Wizardry: The First Episode - Suffering of the Queen (Game Boy - 1991),0.00,0
"Wizardry: The Return of Werdna - The Fourth Scenario (DOS, Apple II, PC-88 - 1988)",4.89,9
Wizardry: The Second Episode - Curse of the Ancient Emperor (Game Boy - 1992),0.00,0
Wizards & Warriors (Windows - 2000),0.00,0
World at War: Volume II - Stalingrad (DOS - 1995),4.22,9
World of Aden: Thunderscape (DOS - 1995),4.29,14
World War II: Battles of the South Pacific (DOS - 1993),4.89,9
Worlds of Ultima: The Savage Empire (DOS - 1990),4.45,22
"Worms (DOS, Amiga, Mac, Game Boy, Genesis, SNES - 1995)",4.38,134
Worms 2 (Windows - 1997),4.69,116
Worms: The Director's Cut (Amiga - 1997),4.00,11
Wyprawy Kupca (Atari 8-bit - 1993),0.00,0
Władca (C64 - 1993),5.00,1
X-COM: Terror from the Deep (DOS - 1995),4.59,290
"X-COM: UFO Defense (DOS, Amiga - 1994)",4.38,331
X-Men II: The Fall of the Mutants (DOS - 1991),4.38,21
"Xanagrams (Amstrad CPC, C64, ZX Spectrum - 1984)",0.00,0
"Xeno (Amstrad CPC, C64, ZX Spectrum - 1986)",5.00,2
"Xianjian Qixia Zhuan (DOS, Windows - 1995)",4.75,4
Xuanyuan Jian (DOS - 1990),0.00,0
Yahtzee (DOS - 1983),0.00,0
Yendorian Tales: Book I (DOS - 1994),5.00,1
Yume Meikyū: Kigurumi Daibōken (SNES - 1994),0.00,0
"Zan: Yasha Enbukyoku (Genesis, PC-88 - 1991)",0.00,0
Zavas (PC-88 - 1988),0.00,0
Zoids: Mokushiroku (NES - 1990),0.00,0
Zulu War (ZX Spectrum - 1987),4.50,2
