Title,Average Rating,Number of Ratings
1942: The Pacific Air War (DOS - 1994),4.32,109
A-10 Attack! (Mac - 1995),4.75,4
A-10 Cuba! (Mac - 1996),5.00,3
"A-10 Tank Killer (DOS, Amiga - 1989)",4.50,16
"Abrams Battle Tank (DOS, Genesis - 1989)",4.13,37
"Ace of Aces (DOS, Amstrad CPC, Atari 8-bit, C64, MSX - 1987)",4.17,12
"ACE: Air Combat Emulator (DOS, Amstrad CPC, Commodore 16, C64, VIC-20 - 1986)",4.00,6
Aces of the Pacific (DOS - 1992),4.50,32
Aces Over Europe (DOS - 1993),4.52,23
"Advanced Destroyer Simulator (DOS, Amiga, Amstrad CPC, Atari ST - 1990)",4.45,11
"AH-3: ThunderStrike (DOS, SEGA CD - 1996)",4.50,2
"Air Duel: 80 Years of Dogfighting (DOS, Amiga - 1993)",4.54,31
Air Power: Battle in the Skies (DOS - 1995),4.34,21
"Air Warrior (DOS, Amiga, Mac, Atari ST - 1992)",4.34,12
AirForce Delta (Game Boy Color - 2000),0.00,0
"Apache (DOS, Mac - 1995)",4.89,18
Armored Fist (DOS - 1994),4.22,18
"AV-8B Harrier Assault (DOS, Amiga, Atari ST - 1993)",4.19,21
"B-17 Flying Fortress (DOS, Amiga, Atari ST - 1992)",4.65,85
"Battle Command (DOS, Amiga, Amstrad CPC, Atari ST, C64 - 1990)",4.14,7
"Battlehawks 1942 (DOS, Amiga, Atari ST - 1988)",4.20,10
"Battlezone (DOS, Atari 8-bit, C64, VIC-20 - 1983)",4.34,24
"Birds of Prey (DOS, Amiga - 1992)",3.80,10
Carmageddon (DOS - 1997),4.67,18
"Carmageddon 2: Carpocalypse Now (Windows, Mac - 1998)",4.43,91
Carmageddon 3: TDR 2000 (Windows - 2000),4.06,17
Chuck Yeager's Air Combat (DOS - 1991),4.55,46
Comanche 2 (DOS - 1995),4.48,28
Comanche CD (Mac - 1995),5.00,3
Comanche: Maximum Overkill (DOS - 1992),4.52,31
"Combat Air Patrol (DOS, Amiga - 1995)",4.00,15
Crimson Skies (Windows - 2000),4.00,5
"Das Boot: German U-Boat Simulation (DOS, Amiga - 1990)",3.94,17
"Dawn Patrol (DOS, Amiga - 1994)",4.50,6
"Deep Strike (Amstrad CPC, C64 - 1986)",4.00,1
"DragonStrike (DOS, Amiga, C64, PC-98 - 1990)",4.96,25
EarthSiege 2 (Windows - 1996),5.00,9
EF 2000 (DOS - 1995),4.71,38
European Air War (Windows - 1998),4.53,15
F-117 Night Storm (Genesis - 1993),0.00,0
"F-117A Nighthawk Stealth Fighter 2.0 (DOS, Amiga, Mac - 1991)",4.55,132
F-117A Stealth Fighter (NES - 1992),0.00,0
"F-15 Strike Eagle (DOS, Amstrad CPC, Atari 8-bit, Atari ST, C64, Game Boy, Game Gear, NES, PC-88 - 1985)",4.00,8
"F-15 Strike Eagle II (DOS, Amiga, Atari ST, Genesis - 1989)",4.57,37
F-15 Strike Eagle III (DOS - 1992),4.43,110
"F-16 Combat Pilot (DOS, Amiga, Amstrad CPC, Atari ST, C64 - 1989)",4.74,39
F-16 Multirole Fighter (Windows - 1998),4.38,16
"F-19 Stealth Fighter (DOS, Amiga, Atari ST, C64 - 1988)",4.42,140
F-22 Interceptor (Genesis - 1991),5.00,1
F-22 Lightning 3 (Windows - 1999),4.75,8
F-22 Lightning II (DOS - 1996),4.80,5
F-22 Raptor (Windows - 1997),4.29,7
F/A-18 Hornet (Mac - 1993),5.00,4
F/A-18 Hornet 3.0 (Windows - 1997),4.20,5
F/A-18 Interceptor (Amiga - 1988),5.00,2
F/A-18 Korea (Windows - 1997),5.00,4
F/A-18 Precision Strike Fighter (Windows - 2001),5.00,4
F1 Tornado (Atari ST - 1992),4.00,1
F22 Air Dominance Fighter (Windows - 1997),4.50,10
"F29 Retaliator (DOS, Amiga, Atari ST - 1990)",4.70,33
"Falcon (DOS, Amiga, Mac, Atari ST - 1987)",4.13,15
Falcon 3.0 (DOS - 1991),4.56,50
Falcon A.T. (DOS - 1988),4.76,17
"Fighter Pilot (Amstrad CPC, Atari 8-bit, C64 - 1985)",4.50,2
Fighting Steel: World War II Surface Combat 1939-1942 (Windows - 1999),0.00,0
"First Over Germany (DOS, C64 - 1989)",5.00,4
Fleet Defender (DOS - 1994),4.58,26
"Flight of The Intruder (DOS, Amiga, Atari ST, NES - 1990)",4.75,12
Flight Simulator with Torpedo Attack (PC-88 - 1988),0.00,0
Flying Nightmares (Mac - 1994),5.00,1
"G-Loc Air Battle (Amiga, Amstrad CPC, Atari ST, C64, Game Gear, Genesis - 1992)",5.00,1
"Gunship (DOS, Amiga, Amstrad CPC, Atari ST, C64 - 1986)",4.64,25
"Gunship 2000 (DOS, Amiga - 1991)",4.64,76
"Harrier Combat Simulator (DOS, Amiga, C64 - 1987)",3.63,8
Heavy Gear (Windows - 1997),4.80,5
Heavy Gear II (Windows - 1999),5.00,7
"Hellcat Ace (DOS, Atari 8-bit, C64 - 1984)",4.11,9
Hellcats Over the Pacific (Mac - 1991),5.00,7
HIND: The Russian Combat Helicopter Simulation (Mac - 1997),4.75,4
iF-16 (DOS - 1997),4.50,8
Jane's Combat Simulations: F-15 (Windows - 1998),4.78,9
Jane's Combat Simulations: F/A-18 Simulator (Windows - 2000),4.70,10
"Jet (DOS, Amiga, Apple II, Atari ST, C64 - 1985)",4.50,8
Jet 2.0 (DOS - 1987),5.00,3
JetFighter II: Advanced Tactical Fighter (DOS - 1990),4.37,40
JetFighter: The Adventure (DOS - 1988),4.64,15
Jump Jet (DOS - 1992),4.23,26
KA-50 Hokum (DOS - 1995),4.34,6
"Knights of the Sky (DOS, Amiga, Atari ST - 1990)",4.29,25
"LHX: Attack Chopper (DOS, Genesis - 1990)",4.52,47
"M1 Tank Platoon (DOS, Amiga, Atari ST - 1989)",4.59,39
M1 Tank Platoon II (Windows - 1998),4.41,32
MechWarrior (DOS - 1989),4.52,31
MechWarrior (SNES - 1993),0.00,0
"MechWarrior 2: 31st Century Combat (DOS, Windows, Mac - 1995)",4.61,126
"MechWarrior 2: Mercenaries (DOS, Windows - 1996)",4.58,45
MechWarrior 3 (Windows - 1999),4.56,50
MechWarrior 4: Mercenaries (Windows - 2002),4.57,360
"Megafortress (DOS, Amiga - 1991)",4.90,10
Metaltech: Battledrome (DOS - 1994),4.71,7
Metaltech: Earthsiege (DOS - 1994),4.61,23
Microsoft Combat Flight Simulator 2: WW II Pacific Theater (Windows - 2000),4.73,11
Microsoft Combat Flight Simulator: WWII Europe Series (Windows - 1998),4.50,20
Mig Alley (Windows - 1999),5.00,7
"MiG Alley Ace (Atari 8-bit, C64 - 1983)",4.00,1
"MiG-29 Fulcrum (DOS, Amiga, Atari ST - 1991)",4.38,13
MiG-29: Fighter Pilot (Genesis - 1993),0.00,0
"MiG-29M Super Fulcrum (DOS, Amiga, Atari ST - 1991)",4.83,6
Old Ironsides (Apple II - 1982),5.00,1
Out of the Sun (Mac - 1994),5.00,2
"Overlander (Amiga, Amstrad CPC, Atari ST, C64 - 1989)",3.67,3
Overlord (DOS - 1994),4.67,12
"Pacific Islands (DOS, Amiga, Atari ST - 1992)",4.10,19
"Pirates! Gold (DOS, Windows 3.x, Mac, Genesis - 1993)",4.44,129
"Reach for the Skies (Amiga, Atari ST - 1993)",4.20,5
"Red Storm Rising (DOS, Amiga, Atari ST, C64 - 1989)",4.68,47
Road Riot 4WD (SNES - 1992),0.00,0
"Sid Meier's Pirates! (DOS, Amiga, Amstrad CPC, Apple II, Apple IIgs, C64, NES, PC-88 - 1994)",4.56,43
Silent Hunter (DOS - 1996),4.23,93
"Silent Service (DOS, Amiga, Amstrad CPC, Apple II, Apple IIgs, Atari 8-bit, Atari ST, C64, NES - 1985)",4.67,37
"Silent Service II (DOS, Amiga, Atari ST - 1990)",4.37,62
Silent Thunder: A-10 Tank Killer II (Windows - 1996),5.00,10
"Spitfire Ace (DOS, Atari 8-bit, C64 - 1984)",5.00,4
Starsiege (Windows - 1999),5.00,9
Stealth Mission (C64 - 1987),4.00,1
"Strike Aces (DOS, Amiga, Amstrad CPC, C64 - 1990)",4.38,8
Su-27 Flanker (DOS - 1996),4.31,40
Subwar 2050 (DOS - 1993),4.21,14
Super Strike Eagle (SNES - 1993),4.00,2
Super-VGA Harrier (DOS - 1993),4.67,15
Tank Commander (DOS - 1995),3.70,10
Tank: The M1A1 Abrams Battle Tank Simulation (DOS - 1989),4.44,16
Task Force 1942 (DOS - 1992),4.64,37
"Team Yankee (DOS, Amiga, Atari ST - 1990)",4.21,14
TFX (DOS - 1993),4.58,19
"Thunderchopper (DOS, C64 - 1989)",4.86,7
"Thunderhawk AH-73M (DOS, Amiga, Atari ST - 1991)",4.67,6
Thunderstrike 2 (DOS - 1995),4.50,16
"Tomahawk (DOS, Amstrad CPC, Apple II, Apple IIgs, Atari 8-bit, C64 - 1987)",4.86,7
"Top Gun (DOS, Amstrad CPC, C64 - 1987)",4.25,4
Top Gun: Fire at Will! (Mac - 1998),5.00,5
"Tornado (DOS, Amiga - 1993)",5.00,6
Total Air War (Windows - 1998),4.50,8
Twilight: 2000 (DOS - 1991),4.53,32
Twisted Metal (Windows - 1996),5.00,2
Twisted Metal 2 (Windows - 1997),3.25,4
U.S. Navy Fighters (Gold) (DOS - 1995),4.72,19
Ultimate Air Combat (NES - 1992),5.00,1
"War in the Gulf (DOS, Amiga - 1993)",4.56,9
"Wing Commander (DOS, Amiga, SNES - 1990)",4.54,43
Wing Commander II: Vengeance of the Kilrathi (DOS - 1991),4.54,41
Wing Commander: Privateer (DOS - 1993),4.60,50
Wings (Amiga - 1990),5.00,11
Wings 2: Aces High (SNES - 1992),5.00,1
Wings over Europe: Cold War Gone Hot (Windows - 2006),4.50,2
Wings over Vietnam (Windows - 2004),0.00,0
"Wolfpack (DOS, Amiga, Mac, Atari ST - 1990)",4.80,20
XF5700 Mantis Experimental Fighter (DOS - 1992),4.56,18
Zeewolf (Amiga - 1994),3.00,2
