Title,Average Rating,Number of Ratings
The Pharaoh's Curse (VIC-20 - 1983),5.00,2
Terraguard (VIC-20 - 1982),0.00,0
Jewels 20 (VIC-20 - 2005),0.00,0
Slinky (VIC-20 - 1983),5.00,1
Space Phreeks (VIC-20 - 1982),4.50,2
B-1 Nuclear Bomber (VIC-20 - 1983),4.43,30
FaceMaker (VIC-20 - 1983),3.00,2
Flight Path 737 (VIC-20 - 1984),4.00,1
Polaris (VIC-20 - 1983),0.00,0
Frantic (VIC-20 - 1983),0.00,0
Deadly Skies (VIC-20 - 1983),4.50,2
Moon Patrol (VIC-20 - 1983),4.18,34
Tutankham (VIC-20 - 1983),5.00,2
In the Chips (VIC-20 - 1983),4.50,2
Sea Invasion (VIC-20 - 1982),0.00,0
Kwazy Kwaks (VIC-20 - 1984),5.00,1
Zapactris (VIC-20 - 2002),0.00,0
Mole Attack (VIC-20 - 1981),0.00,0
Garden Wars (VIC-20 - 1982),5.00,3
Shark Trap (VIC-20 - 1982),0.00,0
Vic-torian Follies: Adv. 1 - Seaquest (VIC-20 - 1983),5.00,1
Voodoo Castle (VIC-20 - 1981),4.00,1
Arachnoid (VIC-20 - 1982),4.00,1
Punchy (VIC-20 - 1984),0.00,0
The Exterminator (VIC-20 - 1982),5.00,1
Blue Meanies From Outer Space (VIC-20 - 1981),4.50,2
Ghost Manor (VIC-20 - 1983),5.00,1
Radar Rat Race (VIC-20 - 1981),3.50,8
VIQ-Bert (VIC-20 - 2002),0.00,0
Gold Fever! (VIC-20 - 1983),0.00,0
Sport Sport (VIC-20 - 2002),0.00,0
Springer (VIC-20 - 1983),0.00,0
Digger (VIC-20 - 1983),0.00,0
Fast Eddie (VIC-20 - 1983),5.00,1
Princess and Frog (VIC-20 - 1983),5.00,1
Threshold (VIC-20 - 1981),5.00,1
Fire Galaxy (VIC-20 - 1983),5.00,1
Rockman (VIC-20 - 1985),4.33,3
Hunchback (VIC-20 - 1984),4.00,5
Gridrunner (VIC-20 - 1982),4.00,5
Spike's Peak (VIC-20 - 1983),0.00,0
Snake Byte (VIC-20 - 1983),5.00,1
Clowns (VIC-20 - 2020),2.00,3
Island of Secrets (VIC-20 - 1984),5.00,1
Centipede (VIC-20 - 1983),5.00,6
3 Deep Space (VIC-20 - 1983),5.00,8
3D Maze (VIC-20 - 1984),4.50,6
Cops n' Robbers (VIC-20 - 1985),5.00,2
Frogger (VIC-20 - 1983),4.16,32
Kongo Kong (VIC-20 - 1983),1.50,2
Facemaker (VIC-20 - 1982),4.00,1
Skramble (VIC-20 - 1983),4.75,4
Volos (VIC-20 - 2006),0.00,0
Scram 20 (VIC-20 - 1983),1.00,1
The Quest of Merravid (VIC-20 - 1983),0.00,0
Countdown (VIC-20 - 1983),0.00,0
Lode Runner (VIC-20 - 1983),4.68,37
Skibbereen (VIC-20 - 1982),0.00,0
Nukewar (VIC-20 - 1983),4.50,12
Dodge Cars (VIC-20 - 1982),0.00,0
Sargon II (VIC-20 - 1982),5.00,1
Aztec Challenge (VIC-20 - 1983),4.92,12
Avenger (VIC-20 - 1981),2.75,4
River Rescue: Racing Against Time (VIC-20 - 1982),5.00,2
Space Fortress (VIC-20 - 1983),5.00,1
Siege (VIC-20 - 1983),0.00,0
Shootout at the OK Galaxy (VIC-20 - 1982),4.50,2
StarQuest: Rescue at Rigel (VIC-20 - 1982),4.57,7
Xeno II (VIC-20 - 1982),5.00,1
Another VIC in the Wall (VIC-20 - 1982),0.00,0
Chuck Norris Superkicks (VIC-20 - 1983),1.00,2
Capture the Flag (VIC-20 - 1983),0.00,0
Lunar Leeper (VIC-20 - 1981),4.00,1
Metagalactic Llamas: Battle at the Edge of Time (VIC-20 - 1983),5.00,1
Galaxia (VIC-20 - 1983),5.00,1
Sidewinder (VIC-20 - 1982),5.00,1
Cassette 50 (VIC-20 - 1983),0.00,0
Renaissance (VIC-20 - 1982),4.00,1
3D Time Trek (VIC-20 - 1983),4.63,8
Robotron: 2084 (VIC-20 - 1984),4.20,20
Galaxian (VIC-20 - 1984),4.25,40
Buck Rogers: Planet of Zoom (VIC-20 - 1983),4.65,14
Creepy Corridors (VIC-20 - 1983),0.00,0
Get Lost! (VIC-20 - 1983),5.00,1
Shadowfax (VIC-20 - 1982),5.00,1
The Golden Baton (VIC-20 - 1984),5.00,1
Bongo (VIC-20 - 1984),3.00,1
Gorf (VIC-20 - 1982),4.50,6
Death Race (VIC-20 - 1984),4.00,2
Laser Zone (VIC-20 - 1983),3.00,1
Tank Commander (VIC-20 - 1984),4.50,2
Pole Position (VIC-20 - 1983),4.52,23
CannonBall Blitz (VIC-20 - 1982),3.20,5
Krell (VIC-20 - 1982),4.33,3
The Time Machine (VIC-20 - 1984),0.00,0
Bandits (VIC-20 - 1983),5.00,2
Car Chase (VIC-20 - 1981),3.00,1
IFR (VIC-20 - 1983),5.00,1
Kids on Keys (VIC-20 - 1983),4.00,2
Rally-X (VIC-20 - 1981),3.90,21
Deflection (VIC-20 - 1981),5.00,1
Anti-Matter Splatter (VIC-20 - 1982),0.00,0
Quadrant (VIC-20 - 1983),0.00,0
Hellgate (VIC-20 - 1984),0.00,0
Cavern Fighter (VIC-20 - 1982),0.00,0
Apple Panic (VIC-20 - 1982),4.55,11
Sword of Fargoal (VIC-20 - 1982),4.55,11
Atlantis (VIC-20 - 1983),5.00,1
Krazy Kong (VIC-20 - 1983),1.00,1
Submarine Commander (VIC-20 - 1983),4.00,2
Turmoil (VIC-20 - 1983),3.50,2
Kaktus (VIC-20 - 1983),5.00,1
Vegas Jackpot (VIC-20 - 1984),4.00,4
Demon Attack (VIC-20 - 1983),5.00,2
Annihilator (VIC-20 - 1982),3.50,2
Lunar Blitz (VIC-20 - 2006),5.00,1
Scorpion (VIC-20 - 1982),5.00,1
Space Math (VIC-20 - 1981),4.00,1
Shamus (VIC-20 - 1982),4.86,7
Blue Star (VIC-20 - 2008),5.00,1
Dunjonquest: Temple of Apshai (VIC-20 - 1983),3.75,8
ViColumn (VIC-20 - 2005),0.00,0
Motocross Racer (VIC-20 - 1984),5.00,1
Monster Maze (VIC-20 - 1982),0.00,0
Bomber Attack (VIC-20 - 1983),4.00,1
Adventureland (VIC-20 - 1981),4.50,4
Attack of the Mutant Camels (VIC-20 - 1983),5.00,1
Jungle Hunt (VIC-20 - 1984),4.47,19
Pipes (VIC-20 - 1983),3.67,3
Neutron Zapper (VIC-20 - 1983),0.00,0
VIC Scramble (VIC-20 - 1982),5.00,1
Draw Poker 1 (VIC-20 - 1981),0.00,0
Cosmic Cruncher (VIC-20 - 1982),0.00,0
Star Battle (VIC-20 - 1981),5.00,2
Rat Hotel (VIC-20 - 1983),0.00,0
Jetpac (VIC-20 - 1984),5.00,1
Escape MCP (VIC-20 - 1983),4.00,1
Bullet (VIC-20 - 1984),0.00,0
Pakacuda (VIC-20 - 1983),3.00,1
Invaders Addition (VIC-20 - 1982),0.00,0
Cosmic Jailbreak (VIC-20 - 1982),0.00,0
The Earth Dies Screaming (VIC-20 - 1983),5.00,1
Trail West (VIC-20 - 1981),4.00,1
Dragonfire (VIC-20 - 1983),3.33,3
Alien Panic (VIC-20 - 1982),4.00,1
Deadly Duck (VIC-20 - 1982),0.00,0
Dig Dug (VIC-20 - 1984),4.43,67
Pharaoh's Tomb (VIC-20 - 1982),5.00,1
Serpentine (VIC-20 - 1982),4.38,8
Sir Lancelot (VIC-20 - 1983),5.00,1
Space Assault (VIC-20 - 1983),4.00,1
Football Manager (VIC-20 - 1984),4.05,19
Battlezone (VIC-20 - 1984),4.32,32
Guardian (VIC-20 - 1981),0.00,0
Miner 2049er (VIC-20 - 1984),4.15,13
Chomper Man (VIC-20 - 1983),2.50,2
Omega Race (VIC-20 - 1982),4.60,5
Jumpin' Jack (VIC-20 - 1982),5.00,1
MasterType (VIC-20 - 1983),5.00,1
Menagerie (VIC-20 - 1982),0.00,0
Midway Campaign (VIC-20 - 1983),4.21,14
"Crush, Crumble and Chomp! (VIC-20 - 1982)",4.38,8
Alien Blitz (VIC-20 - 1981),4.00,2
Space Escort (VIC-20 - 1983),0.00,0
Cosmic Commando (VIC-20 - 1983),4.50,2
Type Attack (VIC-20 - 1983),3.75,4
Ms. Pac-Man (VIC-20 - 1984),4.20,59
Choplifter! (VIC-20 - 1982),4.36,11
3D Silicon Fish (VIC-20 - 1984),5.00,2
Nerm of Bemer (VIC-20 - 1984),5.00,1
Story Machine (VIC-20 - 1983),5.00,1
Jupiter Lander (VIC-20 - 1981),4.60,5
Alphabet Zoo (VIC-20 - 1983),3.00,2
The Wizard and the Princess (VIC-20 - 1982),2.00,3
Protector (VIC-20 - 1982),5.00,1
Skramble (VIC-20 - 1982),5.00,2
Minipedes (VIC-20 - 1985),0.00,0
The Count (VIC-20 - 1981),5.00,1
Ultima: Escape from Mt. Drash (VIC-20 - 1983),5.00,2
Pac-Man (VIC-20 - 1981),4.51,78
Apple Bug (VIC-20 - 1982),0.00,0
Artillery Duel (VIC-20 - 1983),4.17,6
Paratrooper (VIC-20 - 1982),5.00,1
Trashman (VIC-20 - 1982),0.00,0
Slap Dab (VIC-20 - 1983),4.00,1
Arrow of Death: Part I (VIC-20 - 1982),5.00,2
Four Gates to Freedom (VIC-20 - 1983),0.00,0
Kindercomp (VIC-20 - 1983),5.00,2
Fourth Encounter (VIC-20 - 1983),5.00,1
Pacmania (VIC-20 - 1983),4.00,8
Flash Gordon (VIC-20 - 1983),5.00,1
Tetris Deluxe (VIC-20 - 2007),4.50,2
Abductor (VIC-20 - 1983),0.00,0
Blitz (VIC-20 - 1981),4.09,11
Congo Bongo (VIC-20 - 1983),4.21,14
Money Wars (VIC-20 - 1982),4.45,11
Donkey Kong (VIC-20 - 1983),4.37,140
Mountain King (VIC-20 - 1983),4.00,1
Dragonwing (VIC-20 - 2002),0.00,0
Spills & Fills (VIC-20 - 1983),4.00,1
Cyclons (VIC-20 - 1983),5.00,1
Star Blazer (VIC-20 - 1983),5.00,1
Crossfire (VIC-20 - 1981),3.67,6
Hektik (VIC-20 - 1984),0.00,0
Falcon Patrol (VIC-20 - 1983),3.71,7
Pirate Adventure (VIC-20 - 1984),5.00,1
Seafox (VIC-20 - 1983),4.00,2
Arcadia (VIC-20 - 1982),3.00,1
Robin Hood (VIC-20 - 1983),1.00,1
Traxx (VIC-20 - 1983),0.00,0
Tooth Invaders (VIC-20 - 1981),3.33,3
Jupiter Defender (VIC-20 - 1983),0.00,0
Tomarc the Barbarian (VIC-20 - 1984),0.00,0
Pyramid (VIC-20 - 1983),0.00,0
Defender (VIC-20 - 1983),4.19,16
Trader (VIC-20 - 1983),5.00,1
Riddle of the Sphinx (VIC-20 - 1983),5.00,1
Amok (VIC-20 - 1982),5.00,2
Race Fun (VIC-20 - 1983),0.00,0
ACE: Air Combat Emulator (VIC-20 - 1985),4.00,11
Catcha Snatcha (VIC-20 - 1983),3.00,1
Crater Raider (VIC-20 - 1983),0.00,0
King Tut (VIC-20 - 1985),0.00,0
Cyclon (VIC-20 - 1983),0.00,0
Alien Soccer (VIC-20 - 1982),0.00,0
Secret Mission (VIC-20 - 1981),3.40,5
