Title,Average Rating,Number of Ratings
"50 Mission Crush (DOS, Apple II, Atari 8-bit, C64 - 1986)",2.78,10
A Line in The Sand (DOS - 1992),4.44,16
"Allied General (Windows, Mac - 1995)",4.35,23
"B-24 (DOS, Apple II, C64 - 1987)",4.00,5
"Battle Group (Apple II, C64 - 1986)",4.00,1
"Battle of Antietam (DOS, Apple II, Atari 8-bit, C64 - 1986)",4.00,4
Carrier Strike: South Pacific 1942-44 (DOS - 1992),4.39,18
Civil War (DOS - 1983),4.00,2
"Close Combat (Windows, Mac - 1996)",4.64,11
"Close Combat: A Bridge Too Far (Windows, Mac - 1997)",4.58,19
Close Combat: The Battle of the Bulge (Windows - 1999),4.75,8
"Colonial Conquest (Apple II, Atari 8-bit, Atari ST, C64, PC-98 - 1985)",5.00,10
"Combat Leader (Atari 8-bit, C64 - 1983)",5.00,1
"Command H.Q. (DOS, Mac - 1990)",4.61,23
Computer Air Combat (Apple II - 1980),4.00,1
Computer Bismarck (Apple II - 1980),0.00,0
"Conflict: Korea - The First Year 1950-51 (DOS, Amiga - 1992)",4.54,13
"Conflict: Middle East (DOS, Amiga - 1991)",4.81,16
Cywilizacja (Atari 8-bit - 1993),0.00,0
"Decisive Battles of the American Civil War, Vol. 2 (DOS, C64 - 1989)",4.40,5
"Decisive Battles of the American Civil War, Vol. 3 (DOS, C64 - 1992)",4.00,2
"Decisive Battles of the American Civil War, Volume One (DOS, C64 - 1990)",4.00,2
"Eagles (Apple II, Atari 8-bit, C64 - 1983)",4.00,1
"Field of Fire (Apple II, Atari 8-bit, C64 - 1984)",5.00,2
Fighting Steel: World War II Surface Combat 1939-1942 (Windows - 1999),0.00,0
Gary Grigsby's Pacific War (DOS - 1992),4.35,23
Gary Grigsby's War in Russia (DOS - 1993),4.83,6
Gettysburg (Atari ST - 1990),0.00,0
"Gettysburg: The Turning Point (DOS, Amiga, Atari 8-bit, C64 - 1986)",4.50,4
Great Naval Battles Vol. II: Guadalcanal 1942-43 (DOS - 1994),4.50,10
"Great Naval Battles Vol. III: Fury in the Pacific, 1941-44 (DOS - 1995)",4.21,14
"Great Naval Battles Vol. IV: Burning Steel, 1939-1942 (DOS - 1995)",4.47,19
Great Naval Battles: North Atlantic 1939-43 (DOS - 1992),4.57,28
Guadalcanal Campaign (Apple II - 1982),4.00,1
"Johnny Reb (Amstrad CPC, C64 - 1984)",0.00,0
"Knights of the Desert (DOS, C64 - 1983)",4.25,4
"Mech Brigade (DOS, Apple II, Atari 8-bit, C64 - 1987)",3.80,5
Mech Commander: Gold (Windows - 1999),4.80,55
MechCommander 2 (Windows - 2001),4.53,59
"Midway Campaign (DOS, Apple II, C64, VIC-20 - 1983)",4.42,12
Napoleon's Campaigns: 1813 & 1815 (Apple II - 1981),4.00,1
"North & South (DOS, Amiga, Amstrad CPC, Atari ST, C64, NES - 1990)",4.44,45
"North Atlantic Convoy Raider (Apple II, C64 - 1980)",3.67,3
Objective: Kursk (Apple II - 1984),0.00,0
Operation Apocalypse (Apple II - 1981),4.50,2
"Operation Market Garden: Drive on Arnhem, September 1944 (DOS, Atari 8-bit, C64 - 1985)",4.75,4
"Pacific Islands (DOS, Amiga, Atari ST - 1992)",4.10,19
"Panzer General (DOS, Windows, Mac - 1994)",4.44,78
"Panzer Grenadier (Apple II, Atari 8-bit, C64 - 1985)",0.00,0
Panzer Strike! (C64 - 1987),0.00,0
Pursuit of the Graf Spee (Apple II - 1982),4.00,1
"Rebel Charge at Chickamauga (DOS, Amiga, Apple II, Atari 8-bit, C64 - 1987)",3.33,3
"Red Storm Rising (DOS, Amiga, Atari ST, C64 - 1989)",4.68,47
"Scenario: Theatre of War (DOS, C64 - 1992)",4.33,6
"Second Front: Germany Turns East (DOS, Amiga - 1990)",4.09,11
Steel Panthers (DOS - 1995),4.75,12
Tanktics (Apple II - 1981),3.00,1
"Team Yankee (DOS, Amiga, Atari ST - 1990)",4.21,14
"The Ancient Art of War (DOS, Amiga, Mac, Amstrad CPC, Apple II, PC-88 - 1984)",4.32,50
"The Ancient Art of War at Sea (DOS, Mac, Apple II - 1987)",4.55,22
"The Ancient Art of War in the Skies (DOS, Amiga, Atari ST - 1992)",4.38,13
"The Warp Factor (DOS, Apple II - 1982)",4.34,6
Twilight: 2000 (DOS - 1991),4.53,32
"War in Russia (Apple II, Atari 8-bit - 1984)",0.00,0
War in the South Pacific (C64 - 1986),5.00,3
"Wargame Construction Set (DOS, Atari 8-bit, Atari ST, C64 - 1988)",4.33,9
Wargame Construction Set II: TANKS! (DOS - 1994),4.33,16
Wargame Construction Set III: Age of Rifles 1846-1905 (DOS - 1996),4.50,26
"Warlords (DOS, Amiga, Mac - 1990)",4.77,26
Warlords II (DOS - 1993),4.44,45
Warlords II Deluxe (DOS - 1995),4.65,44
Warlords III: Darklords Rising (Windows - 1998),4.73,15
Warlords III: Reign of Heroes (Windows - 1997),5.00,14
"Waterloo (DOS, Amiga - 1989)",4.40,10
