Title,Average Rating,Number of Ratings
Power: The Game (Win 3.x - 1995),0.00,0
Savage: The Ultimate Quest for Survival (Win 3.x - 1996),5.00,1
Hoyle Children's Collection (Win 3.x - 1996),4.50,2
Where in the U.S.A. Is Carmen Sandiego? (Win 3.x - 1996),4.00,1
Alge-Blaster 3 (Win 3.x - 1994),4.50,4
The Last Dynasty (Win 3.x - 1995),4.00,2
Queensrÿche's Promised Land (Win 3.x - 1996),0.00,0
Literati (Win 3.x - 1994),0.00,0
Private Eye (Win 3.x - 1996),3.33,3
Metal Marines Master Edition (Win 3.x - 1996),0.00,0
The Cassandra Galleries (Win 3.x - 1997),4.50,2
Nitemare-3D (Win 3.x - 1994),4.25,8
Alice: An Interactive Museum (Win 3.x - 1994),5.00,2
Robosport for Windows (Win 3.x - 1991),3.75,8
The Manhole: CD-ROM Masterpiece Edition (Win 3.x - 1994),5.00,1
101 Dalmatians: Escape From DeVil Manor (Win 3.x - 1997),4.45,31
JumpStart 2nd Grade (Win 3.x - 1996),4.57,28
Mike Mulligan and His Steam Shovel (Win 3.x - 1996),0.00,0
Cheese Terminator (Win 3.x - 1992),5.00,1
Sid Meier's Civilization II Scenarios: Conflicts in Civilization (Win 3.x - 1996),4.00,4
Weird: Truth is Stranger than Fiction (Win 3.x - 1996),1.00,1
Tower (Win 3.x - 1995),5.00,1
The Pink Panther: Hokus Pokus Pink (Win 3.x - 1998),4.47,15
Bug! (Win 3.x - 1996),3.78,9
Great Adventures by Fisher-Price: Castle (Win 3.x - 1995),4.67,6
Dilbert: Not Just A Calendar (Win 3.x - 1997),0.00,0
The Adventures of Ninja Nanny & Sherrloch Sheltie: No. 11 Downing Street (Win 3.x - 1993),0.00,0
Operation Neptune (Win 3.x - 1995),4.78,63
Deluxe Scrabble for Windows (Win 3.x - 1992),0.00,0
The Rise & Rule of Ancient Empires (Win 3.x - 1996),5.00,4
WinTrek (Win 3.x - 1992),0.00,0
The Adventures of Hyperman (Win 3.x - 1995),5.00,2
Barbie Fashion Designer (Win 3.x - 1996),5.00,1
Moving Puzzle: Wild Life (Win 3.x - 1998),0.00,0
Zapitalism (Win 3.x - 1996),4.40,5
Kiyeko and the Lost Night (Win 3.x - 1995),0.00,0
Panic in the Park (Win 3.x - 1995),0.00,0
Superman Activity Center: Hidden Profiles (Win 3.x - 1998),5.00,1
Thinkin' Things Collection 1 (Win 3.x - 1993),4.45,33
TC Choplifter (Win 3.x - 1995),5.00,1
Steven Spielberg's Director's Chair (Win 3.x - 1996),1.00,1
3D Atlas (Win 3.x - 1997),4.78,9
Masque Video Poker (Win 3.x - 1995),5.00,1
Shadows of Cairn (Win 3.x - 1994),4.75,4
Who Killed Sam Rupert: Virtual Murder 1 (Win 3.x - 1993),5.00,2
Front Page Sports: Trophy Bass 2 (Win 3.x - 1996),4.17,6
Masque Solitaire Antics (Win 3.x - 1995),0.00,0
Kye (Win 3.x - 1992),4.83,6
Super Solvers: Midnight Rescue! (Win 3.x - 1995),4.40,98
The Berenstain Bears in the Dark (Win 3.x - 1996),0.00,0
ABM Command (Win 3.x - 1993),5.00,2
Hard Evidence: The Marilyn Monroe Files (Win 3.x - 1995),0.00,0
Trudy's Time and Place House (Win 3.x - 1995),4.67,26
Titanic: Adventure Out of Time (Win 3.x - 1996),4.39,62
Wrath of the Gods (Win 3.x - 1994),4.60,15
Chomp (Win 3.x - 1991),4.00,2
Noisy Video Poker and Blackjack (Win 3.x - 1995),0.00,0
Clue (Win 3.x - 1996),0.00,0
Scholastic's The Magic School Bus Explores the Ocean (Win 3.x - 1995),5.00,1
Klik & Play (Win 3.x - 1994),5.00,1
SimCity (Win 3.x - 1992),4.31,135
Sesame Street: Letters (Win 3.x - 1999),5.00,1
Hoyle Classic Card Games (Win 3.x - 1997),0.00,0
JumpStart Adventures: 4th Grade - Haunted Island (Win 3.x - 1996),4.43,14
You Don't Know Jack: Volume 2 (Win 3.x - 1996),3.00,1
Yellow Brick Road (Win 3.x - 1995),5.00,1
Reelect JFK (Win 3.x - 1994),0.00,0
Widget Workshop: The Mad Scientist's Laboratory (Win 3.x - 1995),5.00,1
Comix Zone (Win 3.x - 1995),4.45,42
Sammy's Science House (Win 3.x - 1994),4.58,44
The Chessmaster 3000 Multimedia (Win 3.x - 1993),5.00,2
Space Quest 6: Roger Wilco in the Spinal Frontier (Win 3.x - 1995),3.89,65
Chip's Challenge (Win 3.x - 1991),4.28,129
Pinball Builder: A Construction Kit for Windows (Win 3.x - 1996),0.00,0
SFCave (Win 3.x - 1995),0.00,0
Wings: Saigon to Persian Gulf (Win 3.x - 1998),3.00,1
Earth Invasion (Win 3.x - 1993),0.00,0
Freddi Fish 3: The Case of the Stolen Conch Shell (Win 3.x - 1998),4.53,76
Mysteries of the Orient (Win 3.x - 1994),3.50,2
Expect No Mercy (Win 3.x - 1995),5.00,1
Let's Explore: The Farm - With Buzzy (Win 3.x - 1996),5.00,2
Pilgrim: Faith as a Weapon (Win 3.x - 1998),0.00,0
Johnny Mnemonic (Win 3.x - 1995),4.50,4
Sid Meier's Civilization (Win 3.x - 1993),4.53,1005
Stowaway!: Stephen Biesty's Incredible Cross-Sections (Win 3.x - 1994),0.00,0
Treasure Quest (Win 3.x - 1996),5.00,1
Marvel Comics Spider-Man: The Sinister Six (Win 3.x - 1996),4.09,11
Four Footed Friends (Win 3.x - 1994),0.00,0
This Means War! (Win 3.x - 1995),0.00,0
Silent Steel (Win 3.x - 1995),3.73,16
Moving Puzzle: Motor Sports (Win 3.x - 1998),0.00,0
Big Job (Win 3.x - 1996),0.00,0
CatFight: The Ultimate Female Fighting Game (Win 3.x - 1996),4.33,8
Double Feature Solitaire (Win 3.x - 1994),0.00,0
Reader Rabbit's Reading 1 (Win 3.x - 1997),0.00,0
JumpStart Pre-K (Win 3.x - 1996),5.00,3
Pensate (Win 3.x - 1991),3.00,1
The Awesome Adventures of Victor Vector & Yondo: The Cyberplasm Formula (Win 3.x - 1995),4.50,2
Marc Brown's Arthur's Teacher Trouble (Win 3.x - 1994),5.00,1
Maze Game (Win 3.x - 1995),4.43,7
Sesame Street: Elmo's Preschool (Win 3.x - 1997),4.84,14
Video Cube: Space (Win 3.x - 1994),5.00,1
3D Maze (Win 3.x - 1991),5.00,1
Outpost (Win 3.x - 1994),4.56,24
Bermuda Syndrome (Win 3.x - 1996),4.92,13
Quantum Gate (Win 3.x - 1993),3.25,4
"Spy Fox in ""Dry Cereal"" (Win 3.x - 1997)",4.53,43
Dogz: Your Computer Pet (Win 3.x - 1995),4.83,6
Smart Games Stratajams (Win 3.x - 1997),0.00,0
3-D Ultra Pinball: Creep Night (Win 3.x - 1996),4.20,25
Smart Games Challenge #1 (Win 3.x - 1996),5.00,3
MicroProse Entertainment Pack Vol #1: Dr Floyd's Desktop Toys (Win 3.x - 1993),0.00,0
You Don't Know Jack XL: X-Tra Large (Win 3.x - 1996),0.00,0
EXO Squad Interactive Moviebook (Win 3.x - 1995),0.00,0
Batman: Partners in Peril (Win 3.x - 1996),0.00,0
Iron Helix (Win 3.x - 1993),5.00,5
Tesserae (Win 3.x - 1993),3.67,3
Jones in the Fast Lane: CD-ROM (Win 3.x - 1992),4.37,43
Gearheads (Win 3.x - 1996),5.00,2
The Daedalus Encounter (Win 3.x - 1995),3.50,4
Tracon for Windows (Win 3.x - 1993),0.00,0
"Reflux: Issue.01 - ""The Becoming"" (Win 3.x - 1995)",0.00,0
Gus Goes to Cybertown (Win 3.x - 1993),5.00,2
Hodj 'n' Podj (Win 3.x - 1995),5.00,1
Rattler Race (Win 3.x - 1991),0.00,0
Skull Cracker (Win 3.x - 1996),5.00,1
The Hunchback of Notre Dame (Win 3.x - 1996),0.00,0
Pyramid: Challenge of the Pharaoh's Dream (Win 3.x - 1996),0.00,0
ID4 Mission Disks (Win 3.x - 1996),0.00,0
Blinky Bill and the Magician (Win 3.x - 1999),0.00,0
"King's Quest VI: Heir Today, Gone Tomorrow (Win 3.x - 1993)",4.36,90
Foul Play: Mystery at Awkward Manor (Win 3.x - 1998),5.00,4
Evocation Oltre il Sogno (Win 3.x - 1995),5.00,1
"Al Unser, Jr. Arcade Racing (Win 3.x - 1995)",4.13,27
Great Adventures by Fisher-Price: Pirate Ship (Win 3.x - 1996),5.00,1
S.T.O.R.M. (Win 3.x - 1996),5.00,4
Dracula's Secret (Win 3.x - 1996),4.60,5
Ultimate Yahtzee (Win 3.x - 1996),5.00,1
Secrets of the Luxor (Win 3.x - 1996),5.00,1
Golf Pro 2000 Downunder (Win 3.x - 1997),0.00,0
Star Trek: Klingon (Win 3.x - 1996),0.00,0
Zombie Castle (Win 3.x - 1995),0.00,0
Moving Puzzle: Cats (Win 3.x - 1998),5.00,1
Mind Games Entertainment Pack for Windows (Win 3.x - 1995),5.00,1
Torin's Passage (Win 3.x - 1995),4.41,71
The Dagger of Amon Ra (Win 3.x - 1993),4.85,55
Total Distortion (Win 3.x - 1995),4.17,18
Take a Break! Crosswords (Win 3.x - 1992),4.50,2
Brickbuster (Win 3.x - 1995),0.00,0
Runner (Win 3.x - 1993),0.00,0
Animation Hangman (Win 3.x - 1997),5.00,1
Oregon Trail II (Win 3.x - 1995),4.28,365
Mavis Beacon Teaches Typing! for Kids (Win 3.x - 1994),0.00,0
The Journeyman Project (Win 3.x - 1993),4.00,1
Time Out Sports: Baseball (Win 3.x - 1994),0.00,0
Microsoft Entertainment Pack for Windows (Win 3.x - 1990),4.52,27
Full Tilt! Pinball (Win 3.x - 1996),4.40,307
World Empire III (Win 3.x - 1994),0.00,0
Carmen Sandiego Word Detective (Win 3.x - 1997),3.96,24
Jewel Thief (Win 3.x - 1992),5.00,2
Zap! (Win 3.x - 1998),5.00,11
Ecco the Dolphin (Win 3.x - 1995),5.00,2
Area D (Win 3.x - 1997),0.00,0
Dino Slot (Win 3.x - 1994),0.00,0
Mr. Drumstix' Music Studio (Win 3.x - 1993),5.00,1
Reader Rabbit's Toddler (Win 3.x - 1997),4.51,104
Terrace (Win 3.x - 1994),5.00,1
The Gigglebone Gang: AlphaBonk Farm (Win 3.x - 1995),0.00,0
Moving Puzzle: Action Flights (Win 3.x - 1998),0.00,0
PBA Bowling (Win 3.x - 1995),0.00,0
Capitol Hill (Win 3.x - 1993),0.00,0
Dark Seed II (Win 3.x - 1995),3.77,30
The Mystery at Greveholm (Win 3.x - 1997),3.00,2
Vikings: The Strategy of Ultimate Conquest (Win 3.x - 1996),5.00,2
Superman: The Mysterious Mr. Mist (Win 3.x - 1996),3.00,2
Where in the World is Carmen Sandiego? (CD-ROM) (Win 3.x - 1995),5.00,1
The Pink Panther: Passport to Peril (Win 3.x - 1996),4.43,24
Capitalist Pig (Win 3.x - 1992),0.00,0
Payuta and the Ice God (Win 3.x - 1995),4.50,6
Catz: Your Computer Petz (Win 3.x - 1996),4.19,38
Bailey's Book House (Win 3.x - 1993),4.63,46
Blown Away (Win 3.x - 1994),0.00,0
Power Politics (Win 3.x - 1992),4.37,19
Maabus (Win 3.x - 1995),0.00,0
Corporate Pursuit (Win 3.x - 1996),0.00,0
Pirates! Gold (Win 3.x - 1994),4.43,138
Hoyle Solitaire (Win 3.x - 1996),3.40,5
In the 1st Degree (Win 3.x - 1995),5.00,6
SimTower: The Vertical Empire (Win 3.x - 1995),4.41,54
Pyst (Win 3.x - 1997),3.40,10
Who's Fat Lou? (Win 3.x - 1996),0.00,0
Tetris Classic (Win 3.x - 1992),4.12,99
Nanotank (Win 3.x - 1993),3.00,2
Jonny Quest: The Real Adventures - Cover-Up at Roswell (Win 3.x - 1996),5.00,2
Backstreet Boys: Puzzles in Motion (Win 3.x - 1999),3.50,4
WinFight (Win 3.x - 1993),3.00,2
Mr. Potato Head Saves Veggie Valley (Win 3.x - 1996),4.11,27
"JumpStart Adventures: 5th Grade - Jo Hammet, Kid Detective (Win 3.x - 1997)",4.00,10
Green Eggs and Ham (Win 3.x - 1996),4.67,18
Disney's The Hunchback of Notre Dame: 5 Topsy Turvy Games (Win 3.x - 1996),4.34,32
Multimedia Dinosaurs (Win 3.x - 1999),5.00,1
Thinkin' Things Collection 3 (Win 3.x - 1995),4.53,19
Betrayal in Antara (Win 3.x - 1997),4.20,5
Reading Blaster: Invasion of the Word Snatchers (Win 3.x - 1994),0.00,0
The Crystal Skull (Win 3.x - 1996),0.00,0
Crosswords & Word Games (Win 3.x - 1995),0.00,0
Zombie Wars (Win 3.x - 1996),5.00,4
Music Chase 1: The Music In Me (Win 3.x - 1995),5.00,1
The Lost Mind of Dr. Brain (Win 3.x - 1995),4.14,36
TZ-Minigolf (Win 3.x - 1995),5.00,1
Civilization II: Fantastic Worlds (Win 3.x - 1997),5.00,3
Rodent's Revenge (Win 3.x - 1991),4.50,8
Romance of the Three Kingdoms IV: Wall of Fire (Win 3.x - 1996),4.44,9
Arthur's Birthday (Win 3.x - 1994),4.33,21
Spaceship Warlock (Win 3.x - 1994),4.29,7
Radio Active (Win 3.x - 1994),0.00,0
Spectre VR (Win 3.x - 1993),4.50,14
Microsoft Golf (Win 3.x - 1992),5.00,1
Microsoft World of Flight (Win 3.x - 1995),5.00,1
Gazillionaire (Win 3.x - 1994),5.00,4
SkiFree (Win 3.x - 1991),4.14,37
The Adventures of MicroMan (Win 3.x - 1993),4.26,38
Putt-Putt Saves the Zoo (Win 3.x - 1995),4.53,77
Forever Growing Garden (Win 3.x - 1993),0.00,0
TacOps (Win 3.x - 1996),5.00,3
LEGO Technic TechLab 01 (Win 3.x - 1997),4.00,4
Lenny's Music Toons (Win 3.x - 1993),0.00,0
Jewels II: The Ultimate Challenge (Win 3.x - 1998),0.00,0
It's a Funny Old Game (Win 3.x - 1996),0.00,0
Tonka Search & Rescue (Win 3.x - 1997),4.73,11
Connections (Win 3.x - 1995),4.83,6
Hoyle Bridge (Win 3.x - 1996),0.00,0
Logical Journey of the Zoombinis (Win 3.x - 1996),4.37,422
Warhammer: Shadow of the Horned Rat (Win 3.x - 1996),4.90,10
Freddy Pharkas: Frontier Pharmacist (Win 3.x - 1993),4.38,35
Oscar the Balloonist Dives into the Lake (Win 3.x - 2000),0.00,0
Cosmology of Kyoto (Win 3.x - 1995),5.00,5
Rave Shuttle: The Cosmic Challenge (Win 3.x - 1997),0.00,0
World of Aden: Entomorph - Plague of the Darkfall (Win 3.x - 1995),4.50,10
A to Zap! Featuring the Sunbuddies (Win 3.x - 1995),5.00,1
I Can Be an Animal Doctor (Win 3.x - 1998),5.00,1
Louis The Lion (Win 3.x - 1994),0.00,0
Lassie MovieBook (Win 3.x - 1994),5.00,1
Huygen's Disclosure (Win 3.x - 1996),0.00,0
EmPipe (Win 3.x - 1993),0.00,0
The Bizarre Adventures of Woodruff and the Schnibble (Win 3.x - 1995),4.88,8
The Software Toolworks' Star Wars Chess (Win 3.x - 1993),4.13,155
Super Solvers: Gizmos & Gadgets! (Win 3.x - 1997),4.48,234
Math Blaster Mystery: The Great Brain Robbery (Win 3.x - 1994),5.00,2
Wheel of Fortune (Win 3.x - 1994),4.81,40
You Don't Know Jack: Sports (Win 3.x - 1996),0.00,0
You Don't Know Jack: Movies (Win 3.x - 1996),1.00,3
Lunicus (Win 3.x - 1994),3.75,4
Smithsonian Institution: Dinosaur Museum (Win 3.x - 1997),0.00,0
Rodney's Funscreen (Win 3.x - 1992),4.43,7
Curious George Learns Phonics (Win 3.x - 1997),1.00,1
Scholastic's The Magic School Bus Explores the Solar System (Win 3.x - 1994),4.43,30
Shine (Win 3.x - 1996),0.00,0
Maniac Sports (Win 3.x - 1994),5.00,1
Where's Waldo? Exploring Geography (Win 3.x - 1996),0.00,0
Odell Down Under (Win 3.x - 1994),4.41,49
Spaceward Ho! (Win 3.x - 1992),4.69,13
Backyard Soccer (Win 3.x - 1998),4.35,48
Keroppi Day Hopper (Win 3.x - 1994),0.00,0
Reader Rabbit 2 (Win 3.x - 1993),4.52,21
You Don't Know Jack: Television (Win 3.x - 1997),3.67,3
Comet Busters! (Win 3.x - 1994),5.00,1
Exile III: Ruined World (Win 3.x - 1997),3.50,4
Symantec Game Pack (Win 3.x - 1991),4.56,23
Hero Defiant (Win 3.x - 1998),0.00,0
Let's Talk About Me (Win 3.x - 1996),0.00,0
Speedway (Win 3.x - 1996),0.00,0
Arc of Doom (Win 3.x - 1994),5.00,1
Super Solvers: Spellbound! (Win 3.x - 1999),4.82,38
The Adventures of Batman & Robin: Activity Center (Win 3.x - 1996),5.00,1
Sid Meier's Civilization II (Win 3.x - 1996),4.51,288
Zig-Zag (Win 3.x - 1994),0.00,0
Ghosts (Win 3.x - 1994),0.00,0
Bicycle Solitaire (Win 3.x - 1997),0.00,0
Alien Arcade (Win 3.x - 1994),0.00,0
Nemesis (Win 3.x - 1995),0.00,0
Mission 9 (Win 3.x - 1995),0.00,0
Freddi Fish and the Case of the Missing Kelp Seeds (Win 3.x - 1994),4.33,33
Ice & Fire (Win 3.x - 1995),3.60,5
Juilliard Music Adventure (Win 3.x - 1995),3.75,4
Urban Runner (Win 3.x - 1996),0.00,0
Roly-Polys no Nanakorobi Yaoki (Win 3.x - 1997),4.70,10
Kevin The Kangaroo (Win 3.x - 1994),4.40,5
Gettysburg: Multimedia Battle Simulation (Win 3.x - 1994),0.00,0
Microsoft Bob (game included) (Win 3.x - 1995),3.38,31
Hunchback of Notre Dame (Win 3.x - 1996),0.00,0
Gulliver v Strane Velikanov (Win 3.x - 1996),0.00,0
Opening Night (Win 3.x - 1995),0.00,0
Nile: Passage to Egypt (Win 3.x - 1995),0.00,0
The C.H.A.O.S. Continuum (Win 3.x - 1994),4.33,6
Beat the House (Win 3.x - 1995),3.25,4
Smart Games Puzzle Challenge 2 (Win 3.x - 1997),4.43,7
National Lampoon's Blind Date (Win 3.x - 1994),4.29,7
Mordor: The Depths of Dejenol (Win 3.x - 1995),4.71,7
Enemy Nations (Win 3.x - 1996),4.89,9
3-D Ultra Pinball (Win 3.x - 1995),4.60,15
Solitaire XXL (Win 3.x - 1997),0.00,0
Spider-Man Cartoon Maker (Win 3.x - 1995),4.16,30
Little Monster at School (Win 3.x - 1994),5.00,7
Troggle Trouble Math (Win 3.x - 1994),4.67,9
Disney's Animated Storybook: Hercules (Win 3.x - 1997),5.00,1
Monopoly Deluxe (Win 3.x - 1992),4.59,64
Castle of the Winds (Win 3.x - 1993),4.71,188
Grand Prix Manager (Win 3.x - 1995),4.36,14
Microsoft Golf 2.0 (Win 3.x - 1995),5.00,1
JumpStart Adventures: 3rd Grade - Mystery Mountain (Win 3.x - 1996),4.41,94
Jack's Attic (Win 3.x - 1996),0.00,0
Splatt! (Win 3.x - 1995),0.00,0
Hyperoid (Win 3.x - 1991),0.00,0
Maven (Win 3.x - 1995),0.00,0
Minesweeper (Win 3.x - 1992),5.00,1
The Simpsons Cartoon Studio (Win 3.x - 1996),4.49,37
Zeddas: Servant of Sheol (Win 3.x - 1994),3.50,2
Blades of Exile (Win 3.x - 1998),4.60,10
Enigma (Win 3.x - 1998),0.00,0
Secrets of the Pyramids (Win 3.x - 1994),5.00,1
The Big One (Win 3.x - 1994),3.00,1
Legions (Win 3.x - 1994),4.86,7
Disney's Animated Storybook: 101 Dalmatians (Win 3.x - 1997),4.31,16
The Chessmaster 3000 (Win 3.x - 1991),4.43,44
Microsoft Entertainment Pack 4 (Win 3.x - 1992),4.31,13
3-D Ultra Minigolf (Win 3.x - 1997),4.37,35
GeoSafari: Animals (Win 3.x - 1996),0.00,0
Front Page Sports: Trophy Bass 2 - Northern Lakes (Win 3.x - 1997),0.00,0
Backpacker: The Lost Florence Gold Mine (Win 3.x - 1997),5.00,1
Shanghai II: Dragon's Eye (Win 3.x - 1994),4.17,31
Wheel of Fortune Deluxe (Win 3.x - 1991),4.65,34
Crystal Caliburn (Win 3.x - 1994),5.00,2
Maui Mallard in Cold Shadow (Win 3.x - 1996),4.93,14
Stanley's Sticker Stories (Win 3.x - 1996),5.00,2
Burn:Cycle (Win 3.x - 1995),3.83,6
Combat Tanks (Win 3.x - 1994),5.00,1
Who Killed Brett Penance?: The Environmental Surfer (Win 3.x - 1994),3.00,1
Perfect Partner Bridge (Win 3.x - 1995),0.00,0
Dust: A Tale of the Wired West (Win 3.x - 1995),4.42,26
The Dark Eye (Win 3.x - 1995),4.82,11
The Sacred Mirror of Kofun (Win 3.x - 1996),0.00,0
SimCity 2000 (Win 3.x - 1994),4.40,958
Nautical Number Hunt (Win 3.x - 1998),0.00,0
Pippi (Win 3.x - 1995),2.00,3
Dole: 5 A Day Adventures (Win 3.x - 1995),5.00,1
Harry and the Haunted House (Win 3.x - 1994),4.55,11
Microsoft Entertainment Pack 3 (Win 3.x - 1991),3.58,12
The Day the World Broke (Win 3.x - 1997),5.00,1
Storybook Weaver: Deluxe (Win 3.x - 1994),3.43,7
Die phantastische Reise nach Terra-Gon (Win 3.x - 1997),0.00,0
Achtung Spitfire (Win 3.x - 1997),4.59,16
Arasan Chess (Win 3.x - 1994),3.50,4
Jumanji (Win 3.x - 1997),0.00,0
Kid Pix Studio (Win 3.x - 1995),3.00,2
Microsoft Golf: Multimedia Edition (Win 3.x - 1993),0.00,0
Over the Reich (Win 3.x - 1996),4.67,6
Beyond Time (Win 3.x - 1997),3.40,5
Space Bucks (Win 3.x - 1996),4.40,5
Backgammon (Win 3.x - 1990),0.00,0
I Can Be a Dinosaur Finder (Win 3.x - 1997),0.00,0
Invention Studio (Win 3.x - 1996),5.00,1
Jump Raven (Win 3.x - 1994),2.75,4
Marty And The Trouble With Cheese (Win 3.x - 1995),5.00,1
Stay Tooned! (Win 3.x - 1996),4.58,19
The Yukon Trail (Win 3.x - 1994),4.57,53
WinRoids (Win 3.x - 1993),0.00,0
Math Blaster: Episode One - In Search of Spot (Win 3.x - 1993),4.52,31
OOG: The Object Orientation Game (Win 3.x - 1995),0.00,0
Milo (Win 3.x - 1996),5.00,2
Puyo Puyo (Win 3.x - 1995),4.89,9
Out of This World (Win 3.x - 1995),4.62,88
The Fantasy Collection (Win 3.x - 1995),4.75,4
Goldhunt (Win 3.x - 1991),5.00,1
Karma: Curse of the 12 Caves (Win 3.x - 1995),5.00,2
Devo Presents: Adventures of the Smart Patrol (Win 3.x - 1996),0.00,0
Gabriel Knight: Sins of the Fathers (Win 3.x - 1993),4.56,90
The Yeerk Pool (Win 3.x - 1997),0.00,0
Opera Fatal (Win 3.x - 1996),4.33,6
Bicycle Pinochle (Win 3.x - 1997),5.00,1
Anastasia: Adventures with Pooka and Bartok! (Win 3.x - 1997),4.71,7
Deflektor PC (Win 3.x - 1998),0.00,0
Schoolhouse Rock!: America Rock (Win 3.x - 1996),4.50,2
Monty Python's Complete Waste of Time (Win 3.x - 1994),4.00,4
Africa Trail (Win 3.x - 1997),3.23,22
Green Thumb Cards (Win 3.x - 1996),0.00,0
FreeCell Plus (Win 3.x - 1996),0.00,0
The Magic Death: Virtual Murder 2 (Win 3.x - 1993),5.00,1
Risk (Win 3.x - 1991),4.71,7
3D Thinking Lab (Win 3.x - 1998),0.00,0
Shivers (Win 3.x - 1995),4.47,51
F-18: No Fly Zone (Win 3.x - 1994),1.00,2
Button Madness (Win 3.x - 1993),5.00,1
Pepper's Adventures in Time (Win 3.x - 1993),4.71,24
Block Breaker (Win 3.x - 1991),4.57,7
Grand Prix Manager 2 (Win 3.x - 1996),4.64,12
We Are Angels (Win 3.x - 1997),0.00,0
3D Tic Tac Toe (Win 3.x - 1991),3.27,15
Reader Rabbit's Interactive Reading Journey (Win 3.x - 1993),5.00,1
Pipe Dream (Win 3.x - 1991),4.31,13
BogOut (Win 3.x - 1992),5.00,1
Dr. Drago's Madcap Chase (Win 3.x - 1995),5.00,2
Team Xtreme: Operation Weather Disaster (Win 3.x - 1995),0.00,0
Bad Toys (Win 3.x - 1995),4.67,3
Hooves of Thunder! (Win 3.x - 1996),0.00,0
Warpath (Win 3.x - 1994),0.00,0
Fields of Battle (Win 3.x - 1995),4.50,2
Uninvited (Win 3.x - 1993),4.00,19
Gold Monkey (Win 3.x - 1994),5.00,1
Mastermind (Win 3.x - 1996),0.00,0
Skat 2010 (Win 3.x - 1993),0.00,0
Freddi Fish and Luther's Water Worries (Win 3.x - 1996),4.00,2
3-D Ultra Pinball: The Lost Continent (Win 3.x - 1997),4.86,7
TDK Pinball Machine (Win 3.x - 1995),0.00,0
P.T.O.: Pacific Theater of Operations II (Win 3.x - 1996),5.00,1
Oddballz: Your Wacky Computer Petz (Win 3.x - 1996),4.00,10
Treasure Island (Win 3.x - 1995),5.00,1
Hearts (Win 3.x - 1991),3.00,2
Fisherman's Delight: Set One (Win 3.x - 1998),5.00,1
Skat 2095 (Win 3.x - 1996),0.00,0
Endorfun (Win 3.x - 1995),5.00,2
Zargon Zoo (Win 3.x - 1994),5.00,1
Barkanoid (Win 3.x - 1997),5.00,1
Noir: A Shadowy Thriller (Win 3.x - 1996),0.00,0
JumpStart 1st Grade (Win 3.x - 1995),4.28,46
Yearn2Learn: Master Snoopy's World Geography (Win 3.x - 1995),0.00,0
Clueless: CD-ROM (Win 3.x - 1997),0.00,0
Atoms (Win 3.x - 1991),3.00,2
Metal Marines (Win 3.x - 1994),5.00,4
Super Toni (Win 3.x - 1997),0.00,0
Flight Commander 2: Mission Builder (Win 3.x - 1995),5.00,1
The Time Warp of Dr. Brain (Win 3.x - 1996),4.47,19
Shadowgate (Win 3.x - 1993),4.08,12
The Vortex: Quantum Gate II (Win 3.x - 1994),4.00,4
Virtual Vegas: Turbo Blackjack (Win 3.x - 1995),0.00,0
WinRisk (Win 3.x - 1992),3.75,4
Boxworld (Win 3.x - 1991),4.20,10
Crusader: Adventure Out of Time (Win 3.x - 1997),4.50,6
Blue Ice (Win 3.x - 1995),3.47,15
Prairie Dog Hunt Pro (Win 3.x - 1995),3.00,3
TZ-Breakout (Win 3.x - 1996),0.00,0
Great Adventures by Fisher-Price: Wild Western Town (Win 3.x - 1997),5.00,2
Rolling Stones Voodoo Lounge CD-ROM (Win 3.x - 1995),0.00,0
Fisher-Price Learning in Toyland (Win 3.x - 1996),5.00,1
Arthur's Reading Race (Win 3.x - 1996),4.00,11
Lode Runner: The Legend Returns (Win 3.x - 1994),4.39,183
Chess Net (Win 3.x - 1992),0.00,0
Take a Break! Crosswords (Win 3.x - 1992),0.00,0
Expert Chess (Win 3.x - 1994),0.00,0
Chop Suey (Win 3.x - 1995),0.00,0
Quatra Command (Win 3.x - 1994),0.00,0
Star Warped (Win 3.x - 1997),0.00,0
The Beast Within: A Gabriel Knight Mystery (Win 3.x - 1995),3.88,8
The Awesome Adventures of Victor Vector & Yondo: The Vampire's Coffin (Win 3.x - 1993),0.00,0
Who Killed Taylor French?: The Case of the Undressed Reporter (Win 3.x - 1994),5.00,1
Exile II: Crystal Souls (Win 3.x - 1996),5.00,1
Glider 4.0 (Win 3.x - 1994),0.00,0
The Journeyman Project 2: Buried in Time (Win 3.x - 1995),4.67,3
The Awesome Adventures of Victor Vector & Yondo: The Hypnotic Harp (Win 3.x - 1993),3.60,5
Mission to McDonaldland (Win 3.x - 1999),5.00,1
"Reflux: Issue.02 - ""The Threshold"" (Win 3.x - 1995)",5.00,1
Boink! (Win 3.x - 1992),5.00,1
Microsoft Solitaire (Win 3.x - 1990),4.00,1
Video Casino Games (Win 3.x - 1994),0.00,0
Babylon 5: Shadow Wars (Win 3.x - 1997),5.00,2
Timmy and the Magic Pictures (Win 3.x - 1995),4.00,1
THiNK-X (Win 3.x - 1996),0.00,0
Grant - Lee - Sherman: Civil War 2: Generals (Win 3.x - 1997),4.35,20
One Armed Bandit (Win 3.x - 1991),0.00,0
The Oregon Trail (Win 3.x - 1993),4.35,254
Daryl F. Gates' Police Quest: SWAT (Win 3.x - 1995),5.00,1
Koala Lumpur: Journey to the Edge (Win 3.x - 1997),3.00,1
Warhead (Win 3.x - 1991),0.00,0
The Adventures of Valdo & Marie (Win 3.x - 1997),5.00,5
Prairie Dog Hunt Pro '97 (Win 3.x - 1997),0.00,0
Battle Isle 2220: Shadow of the Emperor (Win 3.x - 1995),5.00,1
Freddi Fish and Luther's Maze Madness (Win 3.x - 1996),4.64,14
Disney's Hot Shots: Timon and Pumbaa's Jungle Pinball (Win 3.x - 1997),5.00,2
Brain (Win 3.x - 1991),2.00,3
Chess Mates (Win 3.x - 1996),0.00,0
Merlin's Apprentice (Win 3.x - 1995),4.00,2
MagnaFlux Runner (Win 3.x - 1993),0.00,0
Microsoft Entertainment Pack 2 (Win 3.x - 1991),4.56,9
Who is Oscar Lake? (Win 3.x - 1996),0.00,0
Daryl F. Gates Police Quest: Open Season (Win 3.x - 1993),4.69,35
The X-Fools: The Spoof is out There (Win 3.x - 1997),5.00,1
Jack Nicklaus 5 (Win 3.x - 1997),5.00,1
Where in the World Is Carmen Sandiego?: Junior Detective Edition (Win 3.x - 1994),4.08,12
Hanna-Barbera's Cartoon Carnival (Win 3.x - 1995),2.50,6
Disney's Animated Storybook: Pocahontas (Win 3.x - 1995),2.00,1
MayaQuest Trail (Win 3.x - 1995),5.00,1
Snoopy's Campfire Stories (Win 3.x - 1996),4.60,5
Wyatt Earp's Old West (Win 3.x - 1994),0.00,0
EarthSiege 2 (Win 3.x - 1996),4.39,33
The Wild World of Madison Jaxx (Win 3.x - 1996),5.00,1
Crayola Art-Studio 2 (Win 3.x - 1996),5.00,1
Putt-Putt Travels Through Time (Win 3.x - 1997),4.81,43
Trap Shooting (Win 3.x - 1994),0.00,0
Fury³ (Win 3.x - 1995),4.57,7
SimAnt (Win 3.x - 1991),4.45,720
Dragon in a Wagon (Win 3.x - 1997),5.00,1
Déjà Vu I & II: The Casebooks of Ace Harding (Win 3.x - 1992),5.00,3
King's Quest V: Absence Makes the Heart Go Yonder! (Win 3.x - 1992),4.50,76
Roberta Williams' Mixed-Up Mother Goose (Win 3.x - 1992),4.92,12
Tonka Construction (Win 3.x - 1996),4.58,53
Majestic Part 1: Alien Encounter (Win 3.x - 1995),4.50,2
"Sheila Rae, the Brave (Win 3.x - 1996)",4.70,10
Hollywood Mogul (Win 3.x - 1997),0.00,0
Playskool Puzzles (Win 3.x - 1996),5.00,1
Front Page Sports: Baseball Pro '96 Season (Win 3.x - 1996),4.75,4
Proliferation (Win 3.x - 1995),0.00,0
G-Netix (Win 3.x - 1995),5.00,3
Profitania (Win 3.x - 1998),0.00,0
Thinkin' Things Collection 2 (Win 3.x - 1995),4.65,20
Ford Simulator 7 (Win 3.x - 1996),4.33,10
WinAdv (Win 3.x - 1992),0.00,0
Pajama Sam's Lost & Found (Win 3.x - 1998),5.00,1
Peter and the Wolf (Win 3.x - 1995),0.00,0
Renju (Win 3.x - 1994),0.00,0
Quest for Glory: Shadows of Darkness (Win 3.x - 1993),4.59,45
Double Talk: Sports Edition (Win 3.x - 1994),0.00,0
Battle Chess (Win 3.x - 1991),4.44,406
Time Out Sports: Basketball (Win 3.x - 1994),0.00,0
Let's Explore the Jungle (Win 3.x - 1995),5.00,1
Spy Fox in Cheese Chase (Win 3.x - 1998),5.00,5
Holiday Island (Win 3.x - 1996),4.60,30
McKenzie & Co. (Win 3.x - 1995),5.00,1
Skat 3000 (Win 3.x - 1999),0.00,0
Let's Explore The Airport (Win 3.x - 1995),3.00,3
Anyone for Cards? (Win 3.x - 1994),5.00,1
AnnaTommy (Win 3.x - 1994),0.00,0
The Amazon Trail (Win 3.x - 1996),4.18,161
Mario Teaches Typing 2 (Win 3.x - 1997),4.54,616
Mummy: Tomb of the Pharaoh (Win 3.x - 1996),0.00,0
Diamonds 3D (Win 3.x - 1996),0.00,0
Treasure Galaxy! (Win 3.x - 1994),4.67,55
Marble Drop (Win 3.x - 1997),4.70,28
Solitaire Deluxe (Win 3.x - 1996),0.00,0
RollOver (Win 3.x - 1997),0.00,0
Dare to Dream Part One: In a Darkened Room (Win 3.x - 1993),0.00,0
Math Rabbit Deluxe (Win 3.x - 1993),5.00,1
Sesame Street: Art Workshop (Win 3.x - 1995),5.00,1
You Don't Know Jack: Volume 3 (Win 3.x - 1997),5.00,1
Qwirks (Win 3.x - 1995),5.00,7
Trivial Pursuit Interactive Multimedia Game (Win 3.x - 1994),0.00,0
Tiririca (Win 3.x - 1996),4.67,3
Ruff's Bone (Win 3.x - 1994),0.00,0
Atmoids (Win 3.x - 1990),0.00,0
Brer Rabbit and the Wonderful Tar Baby (Win 3.x - 1991),0.00,0
Super Solvers Mission: T.H.I.N.K. (Win 3.x - 1999),4.34,32
Super Tetris (Win 3.x - 1991),4.64,25
Sesame Street: Get Set to Learn (Win 3.x - 1996),5.00,2
JumpStart Kindergarten Reading (Win 3.x - 1996),4.00,4
Prehistoric Animals (Win 3.x - 1999),5.00,1
AFL Finals Fever (Win 3.x - 1996),5.00,1
Wallobee Jack: The Bingi Burra Stone (Win 3.x - 1994),0.00,0
The Doonesbury Election Game Campaign '96 (Win 3.x - 1995),0.00,0
Balance of Power: The 1990 Edition (Win 3.x - 1988),4.25,80
Aquaman: War of the Water Worlds (Win 3.x - 1996),2.50,2
Freddi Fish 2: The Case of the Haunted Schoolhouse (Win 3.x - 1996),4.48,39
Disney's Animated Storybook: The Lion King (Win 3.x - 1994),0.00,0
Getaway Entertainment 6 Pack for Windows (Win 3.x - 1992),4.80,5
Balistic (Win 3.x - 1994),4.11,18
Emlith (Win 3.x - 1991),0.00,0
Scholastic's The Magic School Bus Explores Inside the Earth (Win 3.x - 1996),5.00,1
Scholastic's The Magic School Bus Explores the Human Body (Win 3.x - 1994),4.64,33
Superboy: Spies from Outer Space (Win 3.x - 1996),5.00,1
Take Your Best Shot (Win 3.x - 1995),0.00,0
Scrabble (Win 3.x - 1996),4.33,3
Slots of Trivia (Win 3.x - 1996),5.00,1
Muppet Treasure Island (Win 3.x - 1996),4.52,29
Space Quest IV: Roger Wilco and the Time Rippers (Win 3.x - 1992),4.51,60
Terror T.R.A.X.: Track of the Vampire (Win 3.x - 1995),4.00,2
TetraVex (Win 3.x - 1991),0.00,0
Congo: The Movie - Descent into Zinj (Win 3.x - 1995),4.00,1
Dare to Dream 3 (Win 3.x - 1994),0.00,0
Super Spy (Win 3.x - 1996),5.00,2
Microsoft Encarta (Included game) (Win 3.x - 1993),3.77,32
The Adventures of Batman & Robin Cartoon Maker (Win 3.x - 1995),0.00,0
Young Dilbert Hi-Tech Hijinks (Win 3.x - 1997),0.00,0
GayBlade (Win 3.x - 1992),5.00,1
Myst: Desktop Edition (Win 3.x - 1998),0.00,0
Dracula in London (Win 3.x - 1993),0.00,0
Math Munchers Deluxe (Win 3.x - 1995),4.50,6
Silent Thunder: A-10 Tank Killer II (Win 3.x - 1996),4.81,26
Twisted Mini Golf (Win 3.x - 1995),5.00,1
Reader Rabbit 3 (Win 3.x - 1996),4.54,13
Barry the Bear (Win 3.x - 1994),5.00,3
The Computer Edition of Risk: The World Conquest Game (Win 3.x - 1991),4.00,1
Moving Puzzle: Sea World (Win 3.x - 1998),0.00,0
ArtRageous! (Win 3.x - 1995),5.00,2
Fox Hunt (Win 3.x - 1996),4.20,5
Gahan Wilson's The Ultimate Haunted House (Win 3.x - 1994),3.75,4
Sid Meier's Colonization (Win 3.x - 1995),4.57,525
Adventures Through McDonaldland (Win 3.x - 1998),5.00,1
The Tortoise and the Hare (Win 3.x - 1993),4.75,8
Wishbone and the Amazing Odyssey (Win 3.x - 1996),4.56,9
Powerhouse (Win 3.x - 1995),0.00,0
Flight Commander 2 (Win 3.x - 1994),4.63,8
JezzBall (Win 3.x - 1992),5.00,1
Mixed-Up Mother Goose Deluxe (Win 3.x - 1995),4.64,14
Take a Break! Pinball (Win 3.x - 1993),5.00,1
Casino De Luxe (Win 3.x - 1995),5.00,1
The Adventures of Pinocchio (Win 3.x - 1996),5.00,1
Putt-Putt and Pep's Balloon-o-Rama (Win 3.x - 1996),4.77,13
Squash! (Win 3.x - 1993),0.00,0
Indiana Jones and his Desktop Adventures (Win 3.x - 1996),3.93,14
Brain Cubes (Win 3.x - 1991),1.00,1
Slot City (Win 3.x - 1998),0.00,0
You Don't Know Jack (Win 3.x - 1995),4.67,6
Aliens (Win 3.x - 1993),5.00,2
Barbie and her Magical House (Win 3.x - 1994),3.00,1
Omar Sharif on Bridge (Win 3.x - 1992),3.75,12
Putt-Putt Joins the Parade (Win 3.x - 1992),4.59,296
Star Trek: The Game Show (Win 3.x - 1998),5.00,2
JumpStart Baby (Win 3.x - 1998),4.50,2
Pajama Sam's SockWorks (Win 3.x - 1997),0.00,0
Putt-Putt and Fatty Bear's Activity Pack (Win 3.x - 1995),4.00,2
Creative Mosaic (Win 3.x - 1993),0.00,0
Critical Path (Win 3.x - 1993),2.75,4
Timelapse (Win 3.x - 1996),5.00,2
Exile: Escape from the Pit (Win 3.x - 1995),4.75,4
Beyond the Wall of Stars (Win 3.x - 1992),4.00,5
Alien Force (Win 3.x - 1990),4.00,4
Moving Puzzle: Jungle World (Win 3.x - 1998),4.00,2
Second Conflict (Win 3.x - 1991),4.80,10
In Search of the Lost Words (Win 3.x - 1996),4.92,12
Welcome to the Future (Win 3.x - 1995),3.00,1
Total Mayhem (Win 3.x - 1996),0.00,0
Jixxa (Win 3.x - 1995),0.00,0
Lights Out 3D (Win 3.x - 1996),0.00,0
Microsoft Dangerous Creatures (Win 3.x - 1994),5.00,3
Svea Rike (Win 3.x - 1997),0.00,0
The Awesome Adventures of Victor Vector & Yondo: The Last Dinosaur Egg (Win 3.x - 1993),4.50,2
Fantastic Four: Interactive CD-ROM Comic Book! (Win 3.x - 1995),0.00,0
Explorers of the New World (Win 3.x - 1995),0.00,0
Operation: Inner Space (Win 3.x - 1994),5.00,5
Virtual Surgeon: Open Heart (Win 3.x - 1997),5.00,1
How the Leopard Got His Spots (Win 3.x - 1995),4.00,1
The Incredible Toon Machine (Win 3.x - 1994),4.78,9
Missile Command (Win 3.x - 1992),2.71,7
Putt-Putt Goes to the Moon (Win 3.x - 1993),4.66,151
Paparazzi!: Tales of Tinseltown (Win 3.x - 1995),0.00,0
The Pagemaster (Win 3.x - 1994),4.50,2
D/Generation (Win 3.x - 1994),4.32,38
Kiyeko and the Lost Night (Win 3.x - 1994),5.00,8
Hoyle Poker (Win 3.x - 1997),4.00,3
Putt-Putt and Pep's Dog on a Stick (Win 3.x - 1996),4.67,9
Putt-Putt Enters the Race (Win 3.x - 1998),5.00,1
Shivers Two: Harvest of Souls (Win 3.x - 1997),5.00,1
Pool Champion (Win 3.x - 1995),0.00,0
Taipei (Win 3.x - 1990),5.00,1
Crosswords & More for Windows (Win 3.x - 1996),0.00,0
Millennium Auction (Win 3.x - 1994),0.00,0
The Residents' Bad Day on the Midway (Win 3.x - 1995),5.00,5
Front Page Sports: Trophy Rivers (Win 3.x - 1997),0.00,0
Safety Monkey (Win 3.x - 1994),0.00,0
Dagger's Rage (Win 3.x - 1995),0.00,0
Sonic's Schoolhouse (Win 3.x - 1996),4.49,175
CyberSpace Crossword (Win 3.x - 1992),0.00,0
Money Town (Win 3.x - 1996),0.00,0
Free Siege (Win 3.x - 1992),3.33,3
Labyrinth of Crete (Win 3.x - 1995),3.67,3
Moving Puzzle: Nature Events (Win 3.x - 1998),0.00,0
Astronomica: The Quest for the Edge of the Universe (Win 3.x - 1994),5.00,1
SPQR: The Empire's Darkest Hour (Win 3.x - 1996),4.43,7
AlienTic (Win 3.x - 1992),0.00,0
The New Kid on the Block (Win 3.x - 1993),5.00,1
Blitzer (Win 3.x - 1991),5.00,2
The American Girls Premiere (Win 3.x - 1997),0.00,0
Where's Waldo? At the Circus (Win 3.x - 1995),0.00,0
VooDoo Kid (Win 3.x - 1997),4.00,1
Isis (Win 3.x - 1994),5.00,1
Flight Sim Toolkit (Win 3.x - 1993),3.00,1
JumpStart Toddlers (Win 3.x - 1999),4.30,10
Les Guignols de l'Info: Le Cauchemar de PPD (Win 3.x - 1996),0.00,0
SimLife (Win 3.x - 1992),4.48,67
Arachnid (Win 3.x - 1991),5.00,5
TuneLand - Starring Howie Mandel (Win 3.x - 1993),0.00,0
Xplora 1: Peter Gabriel's Secret World (Win 3.x - 1993),0.00,0
Beetle Run (Win 3.x - 1995),5.00,1
BrainWave (Win 3.x - 1997),5.00,1
Smart Games Word Puzzles #1 (Win 3.x - 1996),2.00,1
Masque Blackjack (Win 3.x - 1994),0.00,0
Yearn2Learn: Peanuts (Win 3.x - 1994),0.00,0
Sid Meier's CivNet (Win 3.x - 1995),4.29,7
Thinkin' Things: Sky Island Mysteries (Win 3.x - 1998),5.00,3
Robot City (Win 3.x - 1995),5.00,1
Full Tilt! 2 Pinball (Win 3.x - 1996),4.53,32
Prince Interactive (Win 3.x - 1994),0.00,0
Cogito (Win 3.x - 1992),3.80,5
Ray Bradbury's The Martian Chronicles Adventure Game (Win 3.x - 1995),0.00,0
Super Solvers: Treasure Mountain! (Win 3.x - 1994),4.44,175
Morphman (Win 3.x - 1993),2.33,9
Dare to Dream 2 (Win 3.x - 1994),0.00,0
Pok The Little Artiste (Win 3.x - 1994),0.00,0
The Ultimate Solitaire Collection (Win 3.x - 1994),0.00,0
Hoyle Classic Card Games (Win 3.x - 1993),4.62,14
Pajama Sam: No Need to Hide When It's Dark Outside (Win 3.x - 1996),4.62,200
Tuneland (Win 3.x - 1993),5.00,2
The Manhole: New and Enhanced (Win 3.x - 1992),5.00,2
Reader Rabbit's Kindergarten (Win 3.x - 1997),4.33,52
Grossology (Win 3.x - 1997),3.56,9
JumpStar (Win 3.x - 1993),3.92,12
Jungle Book (Win 3.x - 1996),5.00,1
Moving Puzzle: Fun Sports (Win 3.x - 1998),0.00,0
Attaxx (Win 3.x - 1991),4.75,4
Chaos: A Fantasy Adventure Game (Win 3.x - 1996),5.00,2
Winblocker (Win 3.x - 1996),0.00,0
The Palace of Deceit: the Dragon's Plight (Win 3.x - 1992),4.33,6
Live Action Football (Win 3.x - 1994),0.00,0
Sesame Street: Numbers (Win 3.x - 1995),5.00,4
The Chessmaster 4000 Turbo (Win 3.x - 1993),4.55,36
Grackon's Curse (Win 3.x - 1995),5.00,1
Titanic: A Mysterious Undersea Adventure (Win 3.x - 1998),0.00,0
4 Play (Win 3.x - 1993),4.20,5
Spelling Jungle (Win 3.x - 1993),4.00,2
The Improv Presents: Don't Quit Your Day Job (Win 3.x - 1996),0.00,0
3-D Dinosaur Adventure: Anniversary Edition (Win 3.x - 1997),4.71,17
Cribbage Master (Win 3.x - 1992),0.00,0
American Civil War: From Sumter to Appomattox (Win 3.x - 1996),0.00,0
Pajama Sam 2: Thunder and Lightning aren't so Frightening (Win 3.x - 1998),4.64,65
