Title,Average Rating,Number of Ratings
3D Tic Tac Toe (Windows 3.x - 1991),3.00,7
4 Play (Windows 3.x - 1993),3.00,2
ABM Command (Windows 3.x - 1993),5.00,2
"Al Unser, Jr. Arcade Racing (Windows 3.x - 1995)",4.15,10
Alien Force (Windows 3.x - 1990),4.00,1
Aliens (Windows 3.x - 1993),0.00,0
Arasan Chess (Windows 3.x - 1994),3.67,3
Atmoids (Windows 3.x - 1990),0.00,0
Atoms (Windows 3.x - 1991),3.00,2
Attaxx (Windows 3.x - 1991),4.75,4
Balance of Power: The 1990 Edition (Windows 3.x - 1989),4.09,47
Balistic (Windows 3.x - 1994),3.75,8
Barry the Bear (Windows 3.x - 1994),5.00,1
Battle Chess (Windows 3.x - 1991),4.42,366
Beyond the Wall of Stars (Windows 3.x - 1992),4.00,3
Blades of Exile (Windows 3.x - 1998),5.00,4
Blitzer (Windows 3.x - 1991),5.00,1
Block Breaker (Windows 3.x - 1991),4.00,3
BogOut (Windows 3.x - 1992),0.00,0
Boink! (Windows 3.x - 1992),5.00,1
Boxworld (Windows 3.x - 1991),5.00,5
Brain (Windows 3.x - 1991),1.00,2
Button Madness (Windows 3.x - 1993),0.00,0
Castle of the Winds (Windows 3.x - 1993),4.75,145
Chomp (Windows 3.x - 1991),5.00,1
Cogito (Windows 3.x - 1992),3.80,5
Dark Seed II (Windows 3.x - 1995),3.74,23
Double Talk: Sports Edition (Windows 3.x - 1994),0.00,0
Dust: A Tale of the Wired West (Windows 3.x - 1995),4.31,13
Free Siege (Windows 3.x - 1992),3.33,3
Getaway Entertainment 6 Pack for Windows (Windows 3.x - 1992),5.00,2
Gold Monkey (Windows 3.x - 1994),5.00,1
Goldhunt (Windows 3.x - 1991),5.00,1
Hearts (Windows 3.x - 1991),3.00,2
In Search of the Lost Words (Windows 3.x - 1996),5.00,7
Indiana Jones and his Desktop Adventures (Windows 3.x - 1996),4.00,4
Jixxa (Windows 3.x - 1995),0.00,0
Juilliard Music Adventure (Windows 3.x - 1995),5.00,2
JumpStar (Windows 3.x - 1993),3.67,9
Kevin The Kangaroo (Windows 3.x - 1994),3.50,2
Kiyeko and the Lost Night (Windows 3.x - 1994),5.00,5
Kye (Windows 3.x - 1992),4.80,5
LEGO Technic TechLab 01 (Windows 3.x - 1997),0.00,0
Lode Runner: The Legend Returns (Windows 3.x - 1994),4.42,115
Louis The Lion (Windows 3.x - 1994),0.00,0
Maze Game (Windows 3.x - 1995),4.25,4
Microsoft Entertainment Pack 2 (Windows 3.x - 1991),4.25,4
Microsoft Entertainment Pack 3 (Windows 3.x - 1991),4.00,3
Microsoft Entertainment Pack 4 (Windows 3.x - 1992),4.67,3
Microsoft Entertainment Pack for Windows (Windows 3.x - 1990),4.17,6
Missile Command (Windows 3.x - 1992),3.00,5
Mysteries of the Orient (Windows 3.x - 1994),0.00,0
Nanotank (Windows 3.x - 1993),1.00,1
Odell Down Under (Windows 3.x - 1994),4.00,26
Omar Sharif on Bridge (Windows 3.x - 1992),3.75,12
Outpost (Windows 3.x - 1994),4.68,17
Payuta and the Ice God (Windows 3.x - 1995),4.60,5
Pensate (Windows 3.x - 1991),3.00,1
Pirates! Gold (Windows 3.x - 1994),4.44,129
Pok The Little Artiste (Windows 3.x - 1994),0.00,0
Power Politics (Windows 3.x - 1992),4.25,16
Quantum Gate (Windows 3.x - 1993),3.67,3
Risk (Windows 3.x - 1991),4.75,4
Robosport for Windows (Windows 3.x - 1991),4.14,7
Rodent's Revenge (Windows 3.x - 1991),4.33,3
Second Conflict (Windows 3.x - 1991),4.80,10
Sid Meier's Civilization (Windows 3.x - 1993),4.53,587
SimTower: The Vertical Empire (Windows 3.x - 1995),4.33,30
SkiFree (Windows 3.x - 1991),3.82,22
Symantec Game Pack (Windows 3.x - 1991),4.17,12
Take a Break! Crosswords (Windows 3.x - 1992),4.00,1
The Adventures of MicroMan (Windows 3.x - 1993),4.07,29
The C.H.A.O.S. Continuum (Windows 3.x - 1994),5.00,2
The Chessmaster 4000 Turbo (Windows 3.x - 1993),4.30,23
The Fantasy Collection (Windows 3.x - 1995),4.67,3
The Interactive Adventures Of Seymore Butts (Windows 3.x - 1993),0.00,0
The Magic Death: Virtual Murder 2 (Windows 3.x - 1993),0.00,0
The Palace of Deceit: the Dragon's Plight (Windows 3.x - 1992),4.40,5
The Residents' Bad Day on the Midway (Windows 3.x - 1995),5.00,5
The Vortex: Quantum Gate II (Windows 3.x - 1994),3.67,3
The Yukon Trail (Windows 3.x - 1994),4.31,26
Wheel of Fortune Deluxe (Windows 3.x - 1991),4.84,19
Who Killed Sam Rupert: Virtual Murder 1 (Windows 3.x - 1993),0.00,0
WinFight (Windows 3.x - 1993),3.00,2
WinRisk (Windows 3.x - 1992),0.00,0
World of Aden: Entomorph - Plague of the Darkfall (Windows 3.x - 1995),4.50,10
