Title,Average Rating,Number of Ratings
3D Tunnel (ZX Spectrum - 1983),5.00,2
Gunboat (ZX Spectrum - 1990),4.35,34
10 Computer Hits 3 (ZX Spectrum - 1987),4.86,7
Invaders (ZX Spectrum - 1982),5.00,2
3D Desert Patrol (ZX Spectrum - 1983),5.00,3
Twin Kingdom Valley (ZX Spectrum - 1984),5.00,2
Indiana Jones and The Last Crusade: The Action Game (ZX Spectrum - 1989),4.12,25
Iwo Jima (ZX Spectrum - 1986),4.50,2
Tusker (ZX Spectrum - 1989),4.00,5
3 Deep Space (ZX Spectrum - 1983),5.00,8
It's a Knockout (ZX Spectrum - 1986),5.00,1
Twin Turbo V8 (ZX Spectrum - 1989),0.00,0
Yomp (ZX Spectrum - 1983),0.00,0
Trivial Pursuit: Young Players Edition (ZX Spectrum - 1987),4.50,2
Zoids (ZX Spectrum - 1985),4.75,4
Zub (ZX Spectrum - 1986),0.00,0
UCM: Ultimate Combat Mission (ZX Spectrum - 1987),0.00,0
Jack and the Beanstalk (ZX Spectrum - 1984),3.00,1
The Tube (ZX Spectrum - 1987),0.00,0
Vigilante (ZX Spectrum - 1989),5.00,6
World Class Soccer (ZX Spectrum - 1990),3.75,8
Wizards Spell (ZX Spectrum - 1986),4.00,1
Xecutor (ZX Spectrum - 1987),0.00,0
Type-Rope (ZX Spectrum - 1985),0.00,0
Z-Man (ZX Spectrum - 1983),4.50,2
Wiz Biz (ZX Spectrum - 1987),0.00,0
Zolyx (ZX Spectrum - 1988),5.00,1
20 Chart Busters (ZX Spectrum - 1988),5.00,6
Zybex (ZX Spectrum - 1989),4.50,10
The Untouchables (ZX Spectrum - 1989),5.00,2
Werewolf Simulator (ZX Spectrum - 1988),5.00,1
3D-Pinball (ZX Spectrum - 1989),5.00,5
Wanderer (ZX Spectrum - 1989),3.00,2
10 Computer Hits 4 (ZX Spectrum - 1987),4.80,10
TRAZ (ZX Spectrum - 1989),5.00,4
Waterloo (ZX Spectrum - 1985),5.00,1
Infiltrator (ZX Spectrum - 1986),5.00,11
1st Division Manager (ZX Spectrum - 1991),3.70,10
10th Frame (ZX Spectrum - 1986),4.28,36
Zulu War (ZX Spectrum - 1987),4.75,4
Turbo Kart Racer (ZX Spectrum - 1991),0.00,0
Wonder Boy (ZX Spectrum - 1987),4.50,8
Zig Zag (ZX Spectrum - 1984),0.00,0
Zynaps (ZX Spectrum - 1987),3.67,3
Yahtzie (ZX Spectrum - 1983),0.00,0
Zenji (ZX Spectrum - 1984),0.00,0
Xenon (ZX Spectrum - 1988),4.38,8
Ugh! (ZX Spectrum - 1984),3.00,1
War 70 (ZX Spectrum - 1983),4.00,1
Wanted: Monty Mole (ZX Spectrum - 1984),0.00,0
Zampabolas (ZX Spectrum - 1989),1.00,1
3D Bat Attack (ZX Spectrum - 1984),5.00,4
Escape from Delirium (ZX Spectrum - 1995),5.00,4
10 Great Games II (ZX Spectrum - 1988),4.36,11
Werewolves of London (ZX Spectrum - 1988),3.67,3
Treasure Hunt (ZX Spectrum - 1986),4.00,1
Welltris (ZX Spectrum - 1991),3.91,24
Incredible Shrinking Sphere (ZX Spectrum - 1989),4.00,1
Turbo Girl (ZX Spectrum - 1988),5.00,3
Wanted (ZX Spectrum - 1990),4.50,6
Zipper Flipper (ZX Spectrum - 1984),0.00,0
Tyrant of Athens (ZX Spectrum - 1982),4.00,1
Willow Pattern (ZX Spectrum - 1985),0.00,0
Turrican (ZX Spectrum - 1990),4.73,15
1994 (Ten Years After) (ZX Spectrum - 1983),4.00,8
Trigger (ZX Spectrum - 1989),5.00,2
Wonder Boy in Monster Land (ZX Spectrum - 1989),4.75,4
I'm in Shock (ZX Spectrum - 1984),0.00,0
The Ice Temple (ZX Spectrum - 1986),3.00,1
Zone Trooper (ZX Spectrum - 1989),0.00,0
Wrestling Superstars (ZX Spectrum - 1993),0.00,0
Ikari Warriors (ZX Spectrum - 1988),4.31,26
Trashman (ZX Spectrum - 1984),4.00,2
X-Out (ZX Spectrum - 1990),4.33,9
Ice Station Zero (ZX Spectrum - 1985),0.00,0
Tranz Am (ZX Spectrum - 1983),5.00,1
10 Great Games 3 (ZX Spectrum - 1988),5.00,5
Yes Prime Minister: The Computer Game (ZX Spectrum - 1987),3.92,13
W.A.R (ZX Spectrum - 1986),0.00,0
I.C.U.P.S. (ZX Spectrum - 1986),5.00,1
International 5-A-Side (ZX Spectrum - 1992),0.00,0
War Machine (ZX Spectrum - 1989),1.00,1
Yenght (ZX Spectrum - 1984),5.00,1
Transylvanian Tower (ZX Spectrum - 1982),5.00,1
The Witch's Cauldron (ZX Spectrum - 1984),3.00,1
Winter Games (ZX Spectrum - 1986),4.52,33
Iron Lord (ZX Spectrum - 1989),4.50,12
Underground (ZX Spectrum - 1988),0.00,0
3D Seiddab Attack (ZX Spectrum - 1984),4.50,2
International 3D Tennis (ZX Spectrum - 1990),5.00,2
Turrican II: The Final Fight (ZX Spectrum - 1991),4.53,60
Implosion (ZX Spectrum - 1987),5.00,1
Voyage into the Unknown (ZX Spectrum - 1984),0.00,0
World Championship Soccer (ZX Spectrum - 1991),4.75,4
World Cricket (ZX Spectrum - 1991),5.00,2
World Rugby (ZX Spectrum - 1993),0.00,0
10 Mega Hits (ZX Spectrum - 1985),4.33,3
Ultima Ratio (ZX Spectrum - 1987),0.00,0
Xenophobe (ZX Spectrum - 1989),4.25,4
1984: A Game of Government Management (ZX Spectrum - 1984),4.25,16
"I, Ball (ZX Spectrum - 1987)",0.00,0
Freedom Fighter (ZX Spectrum - 1986),5.00,1
Venom (ZX Spectrum - 1988),4.25,4
Underwurlde (ZX Spectrum - 1984),2.00,1
Vampire Killer (ZX Spectrum - 1984),5.00,2
Turmoil (ZX Spectrum - 1984),5.00,2
007: Licence to Kill (ZX Spectrum - 1989),4.04,67
Wells & Fargo (ZX Spectrum - 1988),5.00,1
U.N. Squadron (ZX Spectrum - 1990),4.14,7
The Valley (ZX Spectrum - 1982),5.00,1
Intensity (ZX Spectrum - 1988),0.00,0
Treasure Island (ZX Spectrum - 1984),5.00,3
Urban Upstart (ZX Spectrum - 1983),5.00,2
3D Tank Duel (ZX Spectrum - 1984),5.00,3
Impossaball (ZX Spectrum - 1987),0.00,0
Triaxos (ZX Spectrum - 1987),0.00,0
Wiz (ZX Spectrum - 1987),3.00,1
World Games (ZX Spectrum - 1987),4.42,15
Jack the Nipper (ZX Spectrum - 1986),3.00,1
Yogi Bear & Friends in the Greed Monster: A Treasure Hunt (ZX Spectrum - 1990),3.50,6
3-D Monster Chase (ZX Spectrum - 1983),4.83,6
Trouble at Bridgeton (ZX Spectrum - 1991),0.00,0
Wacky Darts (ZX Spectrum - 1990),2.67,3
3D Space Wars (ZX Spectrum - 1983),4.25,4
100% Dynamite (ZX Spectrum - 1990),5.00,6
WEC Le Mans 24 (ZX Spectrum - 1988),5.00,2
Winter Wonderland (ZX Spectrum - 1986),5.00,1
Voidrunner (ZX Spectrum - 1987),0.00,0
Xarax (ZX Spectrum - 1988),0.00,0
1985: The Day After (ZX Spectrum - 1985),4.36,11
Ulises (ZX Spectrum - 1989),4.67,3
World War I (ZX Spectrum - 1987),5.00,2
Ingrid's Back! (ZX Spectrum - 1988),4.00,5
Trantor the Last Stormtrooper (ZX Spectrum - 1987),5.00,4
Worse Things Happen at Sea (ZX Spectrum - 1984),0.00,0
Invasion Force (ZX Spectrum - 1982),0.00,0
The Way of the Tiger (ZX Spectrum - 1986),0.00,0
Universal Hero (ZX Spectrum - 1986),5.00,1
The Unorthodox Engineers: The Pen and the Dark (ZX Spectrum - 1984),0.00,0
Trivial Pursuit: Baby Boomer Edition (ZX Spectrum - 1987),5.00,1
Winter Sports (ZX Spectrum - 1985),5.00,1
3D Stock Car Championship (ZX Spectrum - 1988),5.00,5
Jack Charlton's Match Fishing (ZX Spectrum - 1985),4.67,3
1942 (ZX Spectrum - 1986),4.52,21
Zona 0 (ZX Spectrum - 1991),4.18,11
Wizard Warz (ZX Spectrum - 1988),3.75,4
Traxx (ZX Spectrum - 1983),0.00,0
Turbo Esprit (ZX Spectrum - 1986),5.00,5
Uridium (ZX Spectrum - 1986),4.89,9
Jabato (ZX Spectrum - 1989),5.00,4
Vindicators (ZX Spectrum - 1989),1.00,1
Vegas Jackpot (ZX Spectrum - 1984),4.00,4
Winter Challenge: World Class Competition (ZX Spectrum - 1988),4.45,9
War Cars Construction Set (ZX Spectrum - 1987),5.00,1
Tuareg (ZX Spectrum - 1988),5.00,2
XARQ: The Zimmerman Trenches (ZX Spectrum - 1986),0.00,0
Trap (ZX Spectrum - 1987),3.00,1
Indiana Jones and The Temple of Doom (ZX Spectrum - 1987),4.00,19
Whopper Chase (ZX Spectrum - 1987),5.00,1
Wizball (ZX Spectrum - 1987),4.29,21
Xeno II (ZX Spectrum - 1983),5.00,1
Zythum (ZX Spectrum - 1986),5.00,1
Turbo Cup (ZX Spectrum - 1989),4.88,8
The Inheritance: Panic in Las Vegas (ZX Spectrum - 1987),4.00,4
Velnor's Lair (ZX Spectrum - 1983),0.00,0
Xeno (ZX Spectrum - 1986),5.00,2
World Class Rugby (ZX Spectrum - 1991),4.50,10
Trivial Pursuit (ZX Spectrum - 1986),4.13,8
Yie Ar Kung-Fu 2: The Emperor Yie-Gah (ZX Spectrum - 1987),4.40,5
Ikari Warriors II: Victory Road (ZX Spectrum - 1988),3.60,10
Trivial Pursuit: A New Beginning (ZX Spectrum - 1988),3.67,3
Who Said That? (ZX Spectrum - 1987),5.00,1
Indoor Soccer (ZX Spectrum - 1986),5.00,1
Inspector Gadget and the Circus of !!Fear!! (ZX Spectrum - 1987),3.50,2
Impossible Mission (ZX Spectrum - 1985),4.56,16
The White Barrows (ZX Spectrum - 1983),0.00,0
Viaje Al Centro De La Tierra (ZX Spectrum - 1989),4.20,5
World Cup Soccer (ZX Spectrum - 1986),5.00,2
Trevor Brooking's World Cup Glory (ZX Spectrum - 1990),0.00,0
Video Card Arcade (ZX Spectrum - 1988),0.00,0
Vectorball (ZX Spectrum - 1988),0.00,0
Vera Cruz (ZX Spectrum - 1986),4.00,6
World Soccer (ZX Spectrum - 1990),0.00,0
3D Lunattack (ZX Spectrum - 1984),4.33,3
Indiana Jones and The Fate of Atlantis: The Action Game (ZX Spectrum - 1992),3.78,18
Impossamole (ZX Spectrum - 1990),4.00,2
Yie Ar Kung-Fu (ZX Spectrum - 1985),5.00,5
Zzoom (ZX Spectrum - 1983),5.00,1
Xybots (ZX Spectrum - 1989),0.00,0
Wheelie (ZX Spectrum - 1983),5.00,1
International Speedway (ZX Spectrum - 1988),5.00,1
3D-Interceptor (ZX Spectrum - 1984),0.00,0
Into The Eagle's Nest (ZX Spectrum - 1987),3.94,17
Impossible Mission II (ZX Spectrum - 1988),4.29,47
The Trap Door (ZX Spectrum - 1986),4.33,3
Xanagrams (ZX Spectrum - 1983),0.00,0
The Wild Bunch (ZX Spectrum - 1984),2.57,7
Belegost (ZX Spectrum - 1989),4.00,1
10 Computer Hits (ZX Spectrum - 1985),4.55,11
International Manager (ZX Spectrum - 1986),0.00,0
19 Part 1: Boot Camp (ZX Spectrum - 1988),4.78,9
3D Tanx (ZX Spectrum - 1982),5.00,1
Weetabix Versus the Titchies (ZX Spectrum - 1984),0.00,0
Wibstars (ZX Spectrum - 1986),0.00,0
Ivan 'Ironman' Stewart's Super Off Road (ZX Spectrum - 1990),4.61,81
Troll (ZX Spectrum - 1988),5.00,1
The Warlock of Firetop Mountain (ZX Spectrum - 1984),0.00,0
Wembley Greyhounds (ZX Spectrum - 1988),0.00,0
World Karate Championship (ZX Spectrum - 1985),4.54,13
10 Computer Hits 2 (ZX Spectrum - 1986),4.29,7
Wild Streets (ZX Spectrum - 1990),4.25,8
Yabba Dabba Doo! (ZX Spectrum - 1986),4.50,2
Zombi (ZX Spectrum - 1990),3.86,27
Witch Hunt (ZX Spectrum - 1987),5.00,3
Wriggler (ZX Spectrum - 1985),0.00,0
Transversion (ZX Spectrum - 1984),0.00,0
Xevious (ZX Spectrum - 1987),4.78,9
Imagination (ZX Spectrum - 1987),3.67,3
Valkyrie 17 (ZX Spectrum - 1984),0.00,0
Zombies (ZX Spectrum - 1985),4.80,5
International Football (ZX Spectrum - 1989),0.00,0
International Ninja Rabbits (ZX Spectrum - 1991),3.60,5
Magic Castle (ZX Spectrum - 1983),0.00,0
Ten Great Games (ZX Spectrum - 1988),0.00,0
War Zone (ZX Spectrum - 1984),4.00,1
Wizard's Lair (ZX Spectrum - 1985),4.00,2
Virus (ZX Spectrum - 1988),4.15,13
ZX Columns (ZX Spectrum - 2005),0.00,0
Zaraks (ZX Spectrum - 1983),0.00,0
1943: The Battle of Midway (ZX Spectrum - 1988),4.38,29
Jack the Nipper... II in Coconut Capers (ZX Spectrum - 1987),4.50,2
Wiking (ZX Spectrum - 1987),0.00,0
World Cup Challenge (ZX Spectrum - 1990),5.00,1
Vampire (ZX Spectrum - 1986),0.00,0
Yeti (ZX Spectrum - 1988),0.00,0
West Bank (ZX Spectrum - 1985),3.50,2
Wizard Willy (ZX Spectrum - 1990),0.00,0
Vampire's Empire (ZX Spectrum - 1988),2.83,6
Aliens: The Computer Game (ZX Spectrum - 1987),4.60,5
Insector Hecti in the Inter Change (ZX Spectrum - 1991),0.00,0
Where Time Stood Still (ZX Spectrum - 1988),4.29,7
Xor (ZX Spectrum - 1987),5.00,2
Zzzz (ZX Spectrum - 1986),4.33,3
International Tennis (ZX Spectrum - 1992),4.63,8
Wulfpack (ZX Spectrum - 1989),0.00,0
1999 (ZX Spectrum - 1987),5.00,3
Volcanic Dungeon (ZX Spectrum - 1983),5.00,1
10 Computer Hits: Volume Five (ZX Spectrum - 1989),5.00,6
WWF Wrestlemania (ZX Spectrum - 1991),3.86,21
3D Defence (ZX Spectrum - 1987),5.00,3
Warlord (ZX Spectrum - 1985),4.00,1
Captain Fizz Meets the Blaster-Trons (ZX Spectrum - 1989),4.33,3
The Very Big Cave Adventure (ZX Spectrum - 1986),3.00,1
Vagan Attack (ZX Spectrum - 1984),3.00,1
Zorro (ZX Spectrum - 1986),4.63,8
Twister: Mother of Charlotte (ZX Spectrum - 1986),0.00,0
Video Olympics (ZX Spectrum - 1984),0.00,0
Incredible Shrinking Fireman (ZX Spectrum - 1985),0.00,0
Treasure Island Dizzy (ZX Spectrum - 1988),5.00,4
Uchi Mata (ZX Spectrum - 1987),5.00,1
World Class Leader Board (ZX Spectrum - 1987),4.67,36
Warlord (ZX Spectrum - 1982),5.00,2
10 Mega Games: Volume-One (ZX Spectrum - 1989),4.38,8
Vendetta (ZX Spectrum - 1990),5.00,2
Yogi Bear (ZX Spectrum - 1987),5.00,1
Zaxxon (ZX Spectrum - 1985),4.56,34
World Cup Carnival (ZX Spectrum - 1984),4.75,4
TT Racer (ZX Spectrum - 1986),5.00,2
Turbo Out Run (ZX Spectrum - 1989),4.72,29
World Cup Football (ZX Spectrum - 1984),0.00,0
Yogi's Great Escape (ZX Spectrum - 1990),3.75,4
World Championship Boxing Manager (ZX Spectrum - 1990),3.90,38
3D Starstrike (ZX Spectrum - 1984),4.25,4
Twice Shy (ZX Spectrum - 1986),0.00,0
Ian Fleming's James Bond 007 in Live and Let Die: The Computer Game (ZX Spectrum - 1988),5.00,7
Vixen (ZX Spectrum - 1988),4.43,7
Wild West Seymour (ZX Spectrum - 1992),5.00,2
Winged Avenger (ZX Spectrum - 1982),0.00,0
Xcel (ZX Spectrum - 1985),0.00,0
Who Dares Wins II (ZX Spectrum - 1986),5.00,4
2 Player Soccer Squad (ZX Spectrum - 1991),4.14,7
Turbo the Tortoise (ZX Spectrum - 1992),4.50,2
V (ZX Spectrum - 1986),4.00,2
Wacky Races (ZX Spectrum - 1992),3.80,5
Waxworks (ZX Spectrum - 1983),0.00,0
Turbo Boat Simulator (ZX Spectrum - 1988),0.00,0
Xanthius (ZX Spectrum - 1987),0.00,0
Valhalla (ZX Spectrum - 1983),4.80,5
International Rugby Simulator (ZX Spectrum - 1988),0.00,0
Tremor (ZX Spectrum - 1986),5.00,2
