Title,Average Rating,Number of Ratings
The Witch's Cauldron (ZX Spectrum - 1984),3.00,1
Xor (ZX Spectrum - 1987),4.67,3
Troll (ZX Spectrum - 1988),5.00,1
Wheelie (ZX Spectrum - 1983),5.00,1
Turmoil (ZX Spectrum - 1984),5.00,2
Whopper Chase (ZX Spectrum - 1987),5.00,1
Valhalla (ZX Spectrum - 1983),4.80,5
World War I (ZX Spectrum - 1987),5.00,2
Zzzz (ZX Spectrum - 1986),4.33,3
Turbo Girl (ZX Spectrum - 1988),5.00,3
Trevor Brooking's World Cup Glory (ZX Spectrum - 1990),0.00,0
Treasure Island (ZX Spectrum - 1984),5.00,4
Velnor's Lair (ZX Spectrum - 1983),0.00,0
Warlord (ZX Spectrum - 1985),4.00,1
1st Division Manager (ZX Spectrum - 1991),3.82,11
Xarax (ZX Spectrum - 1988),0.00,0
Wanted (ZX Spectrum - 1990),4.50,6
Vampire Killer (ZX Spectrum - 1984),5.00,2
Yogi Bear & Friends in the Greed Monster: A Treasure Hunt (ZX Spectrum - 1990),3.50,6
1985: The Day After (ZX Spectrum - 1985),4.46,13
Trivial Pursuit (ZX Spectrum - 1986),4.22,9
Tuareg (ZX Spectrum - 1988),5.00,2
Tyrant of Athens (ZX Spectrum - 1982),4.00,1
UCM: Ultimate Combat Mission (ZX Spectrum - 1987),0.00,0
Witch Hunt (ZX Spectrum - 1987),5.00,3
Wonder Boy in Monster Land (ZX Spectrum - 1989),4.75,4
Zaraks (ZX Spectrum - 1983),0.00,0
The Trap Door (ZX Spectrum - 1986),4.29,7
Turbo Cup (ZX Spectrum - 1989),4.88,8
Winged Avenger (ZX Spectrum - 1982),0.00,0
Jabato (ZX Spectrum - 1989),5.00,4
Wizards Spell (ZX Spectrum - 1986),4.00,1
International Rugby Simulator (ZX Spectrum - 1988),0.00,0
Zoids (ZX Spectrum - 1985),4.75,4
War 70 (ZX Spectrum - 1983),4.00,1
World Cricket (ZX Spectrum - 1991),5.00,3
Willow Pattern (ZX Spectrum - 1985),0.00,0
Trantor the Last Stormtrooper (ZX Spectrum - 1987),4.20,5
Video Olympics (ZX Spectrum - 1984),0.00,0
10 Great Games II (ZX Spectrum - 1988),4.42,12
3D Tank Duel (ZX Spectrum - 1984),5.00,3
W.A.R (ZX Spectrum - 1986),0.00,0
Invaders (ZX Spectrum - 1982),4.33,3
10 Mega Hits (ZX Spectrum - 1985),4.33,3
Gunboat (ZX Spectrum - 1990),4.35,34
It's a Knockout (ZX Spectrum - 1986),5.00,1
War Machine (ZX Spectrum - 1989),1.00,1
Valkyrie 17 (ZX Spectrum - 1984),0.00,0
Warlord (ZX Spectrum - 1982),4.67,3
Volcanic Dungeon (ZX Spectrum - 1983),5.00,1
Werewolves of London (ZX Spectrum - 1988),3.75,4
International Ninja Rabbits (ZX Spectrum - 1991),3.60,5
Yie Ar Kung-Fu (ZX Spectrum - 1985),4.71,7
U.N. Squadron (ZX Spectrum - 1990),4.25,8
Virus (ZX Spectrum - 1988),4.15,13
Waxworks (ZX Spectrum - 1983),0.00,0
Voidrunner (ZX Spectrum - 1987),0.00,0
Where Time Stood Still (ZX Spectrum - 1988),4.29,7
Iron Lord (ZX Spectrum - 1989),4.31,13
Twin Kingdom Valley (ZX Spectrum - 1984),5.00,4
I'm in Shock (ZX Spectrum - 1984),0.00,0
1943: The Battle of Midway (ZX Spectrum - 1988),4.41,32
World Championship Soccer (ZX Spectrum - 1991),4.75,4
Turbo Out Run (ZX Spectrum - 1989),4.72,29
10 Great Games 3 (ZX Spectrum - 1988),5.00,6
Invasion Force (ZX Spectrum - 1982),0.00,0
Trivial Pursuit: Baby Boomer Edition (ZX Spectrum - 1987),5.00,1
3D-Interceptor (ZX Spectrum - 1984),0.00,0
007: Licence to Kill (ZX Spectrum - 1989),4.10,72
Underground (ZX Spectrum - 1988),0.00,0
Wulfpack (ZX Spectrum - 1989),0.00,0
Zipper Flipper (ZX Spectrum - 1984),0.00,0
Tusker (ZX Spectrum - 1989),4.00,5
Trashman (ZX Spectrum - 1984),4.00,2
Xanthius (ZX Spectrum - 1987),0.00,0
Indoor Soccer (ZX Spectrum - 1986),5.00,1
Xeno II (ZX Spectrum - 1983),5.00,1
Zona 0 (ZX Spectrum - 1991),4.18,11
V (ZX Spectrum - 1986),4.33,3
World Championship Boxing Manager (ZX Spectrum - 1990),3.90,39
Captain Fizz Meets the Blaster-Trons (ZX Spectrum - 1989),4.40,5
Aliens: The Computer Game (ZX Spectrum - 1987),4.67,6
Wiz Biz (ZX Spectrum - 1987),0.00,0
West Bank (ZX Spectrum - 1985),3.75,4
Wiz (ZX Spectrum - 1987),3.00,1
WWF Wrestlemania (ZX Spectrum - 1991),3.86,21
World Cup Soccer (ZX Spectrum - 1986),5.00,2
Insector Hecti in the Inter Change (ZX Spectrum - 1991),0.00,0
Traxx (ZX Spectrum - 1983),0.00,0
Inspector Gadget and the Circus of !!Fear!! (ZX Spectrum - 1987),3.33,3
Winter Sports (ZX Spectrum - 1985),5.00,1
3D Bat Attack (ZX Spectrum - 1984),5.00,4
Zulu War (ZX Spectrum - 1987),4.20,5
10 Computer Hits: Volume Five (ZX Spectrum - 1989),5.00,6
International Speedway (ZX Spectrum - 1988),5.00,1
Video Card Arcade (ZX Spectrum - 1988),0.00,0
The Unorthodox Engineers: The Pen and the Dark (ZX Spectrum - 1984),0.00,0
10 Computer Hits 4 (ZX Spectrum - 1987),4.80,10
Wells & Fargo (ZX Spectrum - 1988),4.50,2
WEC Le Mans 24 (ZX Spectrum - 1988),4.25,4
Voyage into the Unknown (ZX Spectrum - 1984),0.00,0
Yogi Bear (ZX Spectrum - 1987),5.00,1
Treasure Island Dizzy (ZX Spectrum - 1988),4.80,5
International 3D Tennis (ZX Spectrum - 1990),4.80,5
Zynaps (ZX Spectrum - 1987),3.67,3
War Cars Construction Set (ZX Spectrum - 1987),5.00,1
Zombies (ZX Spectrum - 1983),4.80,5
1942 (ZX Spectrum - 1986),4.50,24
Wanderer (ZX Spectrum - 1989),3.00,2
1999 (ZX Spectrum - 1987),5.00,3
World Cup Carnival (ZX Spectrum - 1984),4.20,5
3D-Pinball (ZX Spectrum - 1989),5.00,6
TRAZ (ZX Spectrum - 1989),5.00,4
XARQ: The Zimmerman Trenches (ZX Spectrum - 1986),0.00,0
3 Deep Space (ZX Spectrum - 1983),5.00,8
Jack the Nipper (ZX Spectrum - 1986),4.00,2
Who Dares Wins II (ZX Spectrum - 1986),5.00,5
Xybots (ZX Spectrum - 1989),5.00,1
The Very Big Cave Adventure (ZX Spectrum - 1986),3.00,1
Wanted: Monty Mole (ZX Spectrum - 1984),0.00,0
Trap (ZX Spectrum - 1987),3.00,1
20 Chart Busters (ZX Spectrum - 1988),4.86,7
Ingrid's Back! (ZX Spectrum - 1988),4.00,5
The Untouchables (ZX Spectrum - 1989),4.33,3
3D Space Wars (ZX Spectrum - 1983),4.29,7
Zenji (ZX Spectrum - 1984),0.00,0
International Tennis (ZX Spectrum - 1992),4.63,8
10 Computer Hits (ZX Spectrum - 1985),4.55,11
Transylvanian Tower (ZX Spectrum - 1982),5.00,1
Triaxos (ZX Spectrum - 1987),0.00,0
The Ice Temple (ZX Spectrum - 1986),4.00,2
Trouble at Bridgeton (ZX Spectrum - 1991),0.00,0
2 Player Soccer Squad (ZX Spectrum - 1991),4.14,7
Werewolf Simulator (ZX Spectrum - 1988),4.00,2
Worse Things Happen at Sea (ZX Spectrum - 1984),0.00,0
Xecutor (ZX Spectrum - 1987),0.00,0
Intensity (ZX Spectrum - 1988),0.00,0
Vigilante (ZX Spectrum - 1989),5.00,6
Zzoom (ZX Spectrum - 1983),4.50,2
Zub (ZX Spectrum - 1986),0.00,0
Ivan 'Ironman' Stewart's Super Off Road (ZX Spectrum - 1990),4.62,84
Yeti (ZX Spectrum - 1988),0.00,0
Twice Shy (ZX Spectrum - 1986),0.00,0
Waterloo (ZX Spectrum - 1985),5.00,1
Ultima Ratio (ZX Spectrum - 1987),0.00,0
Xevious (ZX Spectrum - 1987),4.78,9
Yogi's Great Escape (ZX Spectrum - 1990),3.60,5
N.O.M.A.D (ZX Spectrum - 1985),5.00,1
Zolyx (ZX Spectrum - 1988),5.00,1
Underwurlde (ZX Spectrum - 1984),3.00,2
10 Computer Hits 3 (ZX Spectrum - 1987),4.86,7
Vixen (ZX Spectrum - 1988),4.43,7
X-Out (ZX Spectrum - 1990),4.33,9
1994 (Ten Years After) (ZX Spectrum - 1983),4.11,9
Urban Upstart (ZX Spectrum - 1983),5.00,2
Vindicators (ZX Spectrum - 1989),1.00,1
1984: A Game of Government Management (ZX Spectrum - 1984),4.33,18
World Cup Challenge (ZX Spectrum - 1990),5.00,1
Ten Great Games (ZX Spectrum - 1988),0.00,0
Weetabix Versus the Titchies (ZX Spectrum - 1984),0.00,0
World Rugby (ZX Spectrum - 1993),0.00,0
Zig Zag (ZX Spectrum - 1984),0.00,0
Wild West Seymour (ZX Spectrum - 1992),5.00,2
World Soccer (ZX Spectrum - 1990),0.00,0
Trivial Pursuit: A New Beginning (ZX Spectrum - 1988),3.67,3
Viaje Al Centro De La Tierra (ZX Spectrum - 1989),4.20,5
Wacky Races (ZX Spectrum - 1992),4.00,7
Wibstars (ZX Spectrum - 1986),0.00,0
Wriggler (ZX Spectrum - 1985),0.00,0
Yabba Dabba Doo! (ZX Spectrum - 1986),4.33,3
Z-Man (ZX Spectrum - 1983),4.50,2
Zombi (ZX Spectrum - 1990),3.86,27
World Class Rugby (ZX Spectrum - 1991),4.50,10
Impossible Mission (ZX Spectrum - 1985),4.42,19
Incredible Shrinking Sphere (ZX Spectrum - 1989),4.00,1
Type-Rope (ZX Spectrum - 1985),0.00,0
Uridium (ZX Spectrum - 1986),4.60,10
Wizard Warz (ZX Spectrum - 1988),3.75,4
Ikari Warriors II: Victory Road (ZX Spectrum - 1988),3.64,11
Incredible Shrinking Fireman (ZX Spectrum - 1985),0.00,0
Zone Trooper (ZX Spectrum - 1989),0.00,0
Vectorball (ZX Spectrum - 1988),0.00,0
10 Mega Games: Volume-One (ZX Spectrum - 1989),4.22,9
Ikari Warriors (ZX Spectrum - 1988),4.31,29
Indiana Jones and The Last Crusade: The Action Game (ZX Spectrum - 1989),4.15,27
3D Lunattack (ZX Spectrum - 1984),4.33,3
Impossaball (ZX Spectrum - 1987),0.00,0
Twin Turbo V8 (ZX Spectrum - 1989),0.00,0
Jack the Nipper... II in Coconut Capers (ZX Spectrum - 1987),4.50,2
Vegas Jackpot (ZX Spectrum - 1984),4.00,4
Wacky Darts (ZX Spectrum - 1990),3.00,4
Turbo Boat Simulator (ZX Spectrum - 1988),0.00,0
Twister: Mother of Charlotte (ZX Spectrum - 1986),0.00,0
Wizball (ZX Spectrum - 1987),4.12,24
Yahtzie (ZX Spectrum - 1983),0.00,0
World Karate Championship (ZX Spectrum - 1985),4.43,14
The White Barrows (ZX Spectrum - 1983),0.00,0
19 Part 1: Boot Camp (ZX Spectrum - 1988),4.78,9
Turbo Kart Racer (ZX Spectrum - 1991),0.00,0
Venom (ZX Spectrum - 1988),4.40,5
World Games (ZX Spectrum - 1987),4.43,17
Wizard Willy (ZX Spectrum - 1990),0.00,0
Freedom Fighter (ZX Spectrum - 1986),4.00,2
3D Seiddab Attack (ZX Spectrum - 1984),4.00,3
Indiana Jones and The Fate of Atlantis: The Action Game (ZX Spectrum - 1992),3.78,18
Uchi Mata (ZX Spectrum - 1987),4.33,3
Ugh! (ZX Spectrum - 1984),3.00,1
Winter Games (ZX Spectrum - 1986),4.38,37
Iwo Jima (ZX Spectrum - 1986),4.50,2
Yes Prime Minister: The Computer Game (ZX Spectrum - 1987),4.07,15
Jack and the Beanstalk (ZX Spectrum - 1984),3.00,1
The Way of the Tiger (ZX Spectrum - 1986),0.00,0
Wonder Boy (ZX Spectrum - 1987),4.50,8
Treasure Hunt (ZX Spectrum - 1986),4.00,1
Yenght (ZX Spectrum - 1984),5.00,1
Turbo the Tortoise (ZX Spectrum - 1992),4.50,2
10th Frame (ZX Spectrum - 1986),4.27,37
Implosion (ZX Spectrum - 1987),5.00,1
Vampire (ZX Spectrum - 1986),0.00,0
Xenophobe (ZX Spectrum - 1989),4.20,5
Wembley Greyhounds (ZX Spectrum - 1988),0.00,0
Winter Challenge: World Class Competition (ZX Spectrum - 1988),4.45,9
Zampabolas (ZX Spectrum - 1989),1.00,1
Zorro (ZX Spectrum - 1986),4.63,8
Belegost (ZX Spectrum - 1989),4.00,1
International 5-A-Side (ZX Spectrum - 1992),0.00,0
Vagan Attack (ZX Spectrum - 1984),3.00,1
Magic Castle (ZX Spectrum - 1983),0.00,0
Jack Charlton's Match Fishing (ZX Spectrum - 1985),4.67,3
3D Tunnel (ZX Spectrum - 1983),5.00,2
Zaxxon (ZX Spectrum - 1985),4.58,36
Ulises (ZX Spectrum - 1989),4.67,3
Tranz Am (ZX Spectrum - 1983),5.00,1
Escape from Delirium (ZX Spectrum - 1995),5.00,5
Vendetta (ZX Spectrum - 1990),5.00,2
Wrestling Superstars (ZX Spectrum - 1993),0.00,0
I.C.U.P.S. (ZX Spectrum - 1986),5.00,2
10 Computer Hits 2 (ZX Spectrum - 1986),4.29,7
Xenon (ZX Spectrum - 1988),4.38,8
3D Starstrike (ZX Spectrum - 1984),4.25,4
Vera Cruz (ZX Spectrum - 1986),3.86,7
Ian Fleming's James Bond 007 in Live and Let Die: The Computer Game (ZX Spectrum - 1988),5.00,7
World Cup Football (ZX Spectrum - 1984),0.00,0
Zythum (ZX Spectrum - 1986),5.00,1
"I, Ball (ZX Spectrum - 1987)",0.00,0
Xeno (ZX Spectrum - 1986),5.00,2
Universal Hero (ZX Spectrum - 1986),5.00,1
The Warlock of Firetop Mountain (ZX Spectrum - 1984),0.00,0
Impossamole (ZX Spectrum - 1990),4.00,2
The Wild Bunch (ZX Spectrum - 1984),2.44,9
Trigger (ZX Spectrum - 1989),5.00,2
Yie Ar Kung-Fu 2: The Emperor Yie-Gah (ZX Spectrum - 1987),4.29,7
Xcel (ZX Spectrum - 1985),0.00,0
Imagination (ZX Spectrum - 1987),3.67,3
Tremor (ZX Spectrum - 1986),5.00,2
Infiltrator (ZX Spectrum - 1986),5.00,11
Winter Wonderland (ZX Spectrum - 1986),5.00,1
Turrican (ZX Spectrum - 1990),4.75,16
Wild Streets (ZX Spectrum - 1990),4.25,8
Wiking (ZX Spectrum - 1987),0.00,0
Impossible Mission II (ZX Spectrum - 1988),4.31,50
World Class Soccer (ZX Spectrum - 1990),3.78,9
100% Dynamite (ZX Spectrum - 1990),5.00,6
Trivial Pursuit: Young Players Edition (ZX Spectrum - 1987),4.50,2
World Class Leader Board (ZX Spectrum - 1987),4.66,38
Xanagrams (ZX Spectrum - 1983),0.00,0
Yomp (ZX Spectrum - 1983),4.00,1
3D Tanx (ZX Spectrum - 1982),3.67,3
The Inheritance: Panic in Las Vegas (ZX Spectrum - 1987),4.20,5
Indiana Jones and The Temple of Doom (ZX Spectrum - 1987),4.00,20
Into The Eagle's Nest (ZX Spectrum - 1987),4.00,18
3D Defence (ZX Spectrum - 1987),5.00,3
3D Desert Patrol (ZX Spectrum - 1983),4.75,4
Turrican II: The Final Fight (ZX Spectrum - 1991),4.56,63
Wizard's Lair (ZX Spectrum - 1985),4.00,2
International Football (ZX Spectrum - 1989),0.00,0
Welltris (ZX Spectrum - 1991),3.96,25
3D Stock Car Championship (ZX Spectrum - 1988),5.00,5
Who Said That? (ZX Spectrum - 1987),5.00,1
ZX Columns (ZX Spectrum - 2005),0.00,0
Zybex (ZX Spectrum - 1989),4.36,11
Transversion (ZX Spectrum - 1984),0.00,0
TT Racer (ZX Spectrum - 1986),5.00,2
Ice Station Zero (ZX Spectrum - 1985),5.00,1
3-D Monster Chase (ZX Spectrum - 1983),4.83,6
Vampire's Empire (ZX Spectrum - 1988),2.83,6
War Zone (ZX Spectrum - 1984),4.00,1
The Valley (ZX Spectrum - 1982),5.00,1
International Manager (ZX Spectrum - 1986),0.00,0
The Tube (ZX Spectrum - 1987),0.00,0
Turbo Esprit (ZX Spectrum - 1986),4.25,12
