Production,Year,Chipset,Category,Vote,Party,Pos
clairvoyance,-,ocs,demo,3.30,,-
cream,1994,aga,demo,3.56,hammering,2
magnify,1999,aga,intro 128k,2.64,apocalypse,1
phrase,1998,aga,intro 64k,2.71,satellite,-
coda,2019,ocs,intro 64k,4.00,revision,2
cruisin,1997,aga,intro 40k,3.81,the party,2
cruisin 2,1998,aga,intro 40k,3.41,the party,3
damn!,1996,aga,intro 40k,4.33,the party,4
diskobox,1997,aga,intro 40k,3.18,mekka symposium,1
drugstore,1995,ocs,demo,4.09,,-
extralife,1998,aga,demo,4.22,mekka symposium,2
high anxiety,1995,aga,demo,2.94,assembly,11
indifference,1995,aga,intro 40k,3.46,the party,13
pixel storm,1995,aga,slideshow,4.17,,-
vertigo,1996,aga,demo,2.80,saturne,6
wildlife,1998,aga,demo,4.07,the party,3
memorial songs,-,ocs,musicdisk,3.33,,-
museum,-,ocs,slideshow,4.06,,-
odyssey,1991,ocs,demo,4.20,the party,1
arkham asylum,1993,ocs,demo,3.71,,-
alpha flight cracktros,-,ocs,cracktro,2.89,,-
zener drive,2017,ocs,demo,4.00,retrokomp load error,1
resetkani 2012 invitation,2012,aga,demo,3.57,revision,4
ast,1998,aga,intro 64k,3.08,gravity,5
hazchemix,1996,aga,demo,3.73,gravity,3
toxik,1997,aga,intro 4k,3.74,gravity,1
sound garden,-,aga,musicdisk,3.45,,-
y'aga,1999,aga,demo,3.29,satellite,2
zoom,1997,aga,demo,3.44,assembly,4
y'on,1997,aga,demo,4.05,rush hours,1
photocell1x1,-,aga,slideshow,3.90,,-
wild,1996,aga,slideshow,4.64,,-
3d demo,1991,ocs,demo,3.96,the party,5
3d demo 2,1992,ocs,demo,4.31,the party,2
anarchy hardcore,1992,ocs,demo,3.80,,-
brunos box 3,-,ocs,musicdisk,3.00,,-
digital innovation,1991,ocs,demo,4.20,,-
flower power,1992,ocs,demo,3.57,digital symposium,1
in the kitchen,1992,ocs,demo,3.36,the hurricane summer party,4
inspiration is none,1991,ocs,demo,3.00,amega party,5
krestmass leftovers,1992,ocs,demo,3.67,anarchy eastern party,1
legalise it,1992,ocs,musicdisk,3.83,anarchy eastern party,3
legalize it 2,1992,ocs,musicdisk,3.78,,-
madness,-,ocs,demo,-,,-
madness 2,1991,ocs,demo,3.50,anarchy winter conference,-
phantasmagoria,-,ocs,demo,-,,-
seeing is believing,1991,ocs,demo,3.67,the party,-
spring melodies,-,ocs,musicdisk,-,,-
system violation,1991,ocs,demo,2.83,anarchy winter conference,2
d.o.s.,1992,ocs,demo,4.35,the gathering,2
decaying paradise,1991,ocs,demo,3.33,amega party,4
lost in legoland,1993,ocs,intro 40k,3.00,the gathering,3
mindriot,1993,ocs,demo,4.10,,-
mirror,1992,ocs,musicdisk,4.18,,-
multica,1992,ocs,demo,2.95,the gathering,10
nexus 7,1994,aga,demo,4.78,the party,1
point blank,1992,ocs,demo,3.22,the hurricane summer party,7
sequential,1994,ocs,demo,4.32,the gathering,1
seven seas,1994,ocs/aga,slideshow,4.46,,-
surrealism,1993,ocs,demo,3.00,,-
angels cracktros,-,ocs,cracktro,3.44,,-
copper master,-,ocs,demo,4.33,no limits & imp 666 party,-
iraq-demo,1990,ocs,demo,3.58,vision mirage copy party,1
agony,1992,ocs,slideshow,3.14,,-
blind visions,2003,aga,slideshow,4.26,symphony,3
contagion,1995,ocs,demo,3.11,computer art festival,3
electricity,2000,aga/gfx,intro 64k,4.36,assembly,8
i want to be machine,2000,aga/gfx,demo,4.34,satellite,1
kiss my jazz,-,aga,musicdisk,4.27,,-
mayhem,2000,aga/gfx,demo,3.75,satellite,4
melba,2001,aga/gfx,intro 64k,3.53,mekka symposium,3
psychol,2001,aga/gfx,intro 64k,2.36,symphony,2
reborn,2015,aga,intro 64k,4.33,revision,1
upnx,1997,aga,intro 64k,3.36,astrosyn,4
fear factory,1997,aga,demo,3.25,mekka symposium,2
dawn,1995,aga,intro 4k,4.33,the party,1
efrafa,-,aga,slideshow,3.84,,-
exit planet dust,1997,aga,demo,4.13,the gathering,2
greenday,1995,aga,demo,3.70,black box symposium,1
megademo iv,1997,aga,demo,3.61,mekka symposium,1
phi,1996,aga,intro 64k,3.91,south sealand,2
the gate,1996,aga,demo,4.03,mekka symposium,1
wave,1997,aga,intro 4k,3.00,the party,1
creep,1995,aga,intro 40k,3.20,the party,1
invertebrates,2018,ocs,demo,-,revision,4
plnx,2017,ocs,demo,4.00,evoke,4
serotonin,2016,ocs,demo,3.00,revision,4
dreamscape,-,ocs,demo,-,,-
evening at basrah,2014,aga,demo,3.00,finnish amiga party,4
feeling blue,2013,aga,demo,3.86,finnish amiga party,1
outside planet earth,2014,aga,demo,3.89,stream,1
response,1995,aga,demo,3.00,the gathering,2
fairytale_slide,-,aga,slideshow,3.75,,-
headcase,1995,aga,intro 40k,3.29,the party,2
siesta,1995,ocs,intro 40k,3.33,somewhere in holland,2
deepcore,1992,ocs,demo,2.80,the hurricane summer party,-
small talk,1993,aga,intro 40k,3.75,melon birthday party,-
syndrome,1994,aga,demo,3.86,the party,14
batman vuelve,1995,ocs,demo,4.52,posadas,1
fresh,1996,aga,intro 40k,3.86,the summer party,1
television,1996,aga,demo,3.78,convention,2
blumen kraft,2010,aga,intro 40k,3.00,function,1
e!,2012,aga,intro 64k,3.67,experience,4
motion,1994,aga,demo,3.96,the party,3
shaft 7,1996,aga,demo,4.41,the party,1
e255,2016,ocs,demo,4.00,evoke,1
baby steps,2017,ocs,demo,4.00,gubbdata,1
musicland,1993,ocs,musicdisk,3.00,,-
musicland 2,1993,ocs,musicdisk,3.00,,-
brs20yr,2009,aga,demo,3.57,breakpoint,8
istanbul style,1994,ocs,slideshow,2.88,,-
budbrain megademo 1,1990,ocs,demo,4.45,amiga conference,1
budbrain megademo 2,1990,ocs,demo,3.44,dexion x-mas conference,2
showbase shape,1997,aga,demo,4.20,icing beta,1
assault,-,aga,demo,4.00,,-
brutalism,2019,aga,demo,4.83,revision,6
phase one,1998,aga,demo,4.15,abduction,1
trailway,1997,aga,demo,3.38,euskal,2
aroma color,1998,aga,demo,3.60,assembly,4
closer,1995,aga,demo,4.44,the party,1
killer,1997,aga/gfx,demo,4.29,the party,2
deep,1995,aga,demo,4.82,the gathering,1
deep-the psilocybin mix,1995,aga,demo,4.41,scenario,2
catabasis,2017,aga,demo,3.00,revision,4
delirium,1992,ocs,demo,3.20,assembly,2
origin,1993,aga,demo,4.07,the party,1
real,1994,aga,demo,4.38,saturne,1
seduction,-,aga,musicdisk,3.40,,-
wormhole,1995,ocs,intro 64k,4.10,the gathering,3
1 week,2001,aga,intro 64k,3.72,mekka symposium,5
micromonster,2003,aga,demo,3.79,the gathering,15
retrospectacular,1998,aga,demo,3.25,kindergarden,1
snop,2002,aga,demo,3.21,the gathering,2
foam,1998,aga,demo,2.82,scene strike,1
hypno,1999,aga,demo,2.70,terminal frost,-
project42,1999,aga,demo,3.50,vep,3
18 years,2006,ocs,intro 128k,3.17,,-
demoskope,2002,amiga ppc,demo,3.53,mekka symposium,3
demotron++,2004,amiga ppc,demo,3.67,breakpoint,5
crionics megademo,-,ocs,demo,3.00,,-
crionics megademo 2,-,ocs,demo,3.50,,-
total destruction,1990,ocs,demo,3.88,dexion x-mas conference,3
space deliria,-,ocs,demo,4.00,,-
brain state in a box,1994,aga,demo,3.88,the gathering,2
crash test,1994,ocs,demo,3.29,the gathering,5
cryptoburners megademo 2,-,ocs,demo,-,,-
revelations,1993,ocs,slideshow,4.46,,-
the hunt for 7th october,1990,ocs,demo,3.78,no limits & imp 666 party,1
d-mo,-,ocs,demo,-,,-
elektrik baby,1998,aga,intro 64k,3.53,assembly,4
hata,2003,ocs,demo,3.53,assembly,3
major release,2004,ocs,demo,3.97,assembly,2
megane rellu,2009,ocs,intro 40k,3.50,finnish amiga party,1
burning spear,1992,ocs,demo,3.83,assembly,-
2998z,1999,aga,intro 40k,3.00,mekka symposium,4
electra,1998,aga,intro 64k,3.38,dreamhack,1
my house,1999,aga,intro 64k,3.27,mekka symposium,9
neo,1998,aga,demo,3.39,the italian gathering,1
neo 2,2000,aga,demo,2.82,mekka symposium,4
under pressure,1999,aga,demo,3.00,euskal,2
moving,1998,aga,intro 40k,2.83,the party,6
profanity,1999,aga/gfx,intro 4k,3.00,mekka symposium,3
2cb,1998,aga,intro 64k,4.28,remedy,1
chromagic,-,ocs,musicdisk,2.86,,-
flop hidden part,1997,aga,intro 64k,2.60,remedy,3
information none,1999,aga,demo,4.00,,-
klone,1999,aga,demo,4.56,assembly,2
nebula,1998,aga,demo,4.40,the gathering,2
nonstop,1999,aga,intro 40k,4.45,the party,1
phenomenon,1998,aga,demo,4.13,the party,4
tourbus 31,2000,aga,intro 40k,3.72,trsac 00.5,1
finger,1999,aga,intro 64k,2.77,xenium,3
planetgoa,2000,aga,demo,3.20,satellite,3
sil,2001,aga,intro 64k,2.92,symphony,1
baypack,2014,aga,demo,4.00,payback,1
carbon based,2015,aga,demo,4.33,assembly,1
chaotic,2011,aga,demo,4.10,assembly,1
cubescapes,2014,ocs,intro 4k,4.29,revision,1
ee-mah-cess,2013,aga,demo,3.50,payback,1
eighteen,2015,ocs,intro 64k,3.33,revision,2
higher state of resolution,2016,aga,intro 64k,4.33,revision,1
jaegertime,2009,aga,demo,3.00,breakpoint,6
koppis,2012,ocs,intro 64k,3.60,edison,1
quotation marks,2012,aga,intro 64k,4.17,revision,2
shattered,2013,ocs,intro 40k,3.50,finnish amiga party,1
soenc,2013,ocs,intro 40k,-,datastorm,2
swansong,2011,aga,demo,4.07,revision,4
thrice,2013,aga,intro 64k,4.31,revision,1
grind,2010,ocs,demo,3.80,assembly,1
assembly loves amiga,2015,ocs,demo,3.33,simulaatio,2
20 years of protracking,2013,aga,intro 64k,4.00,revision,3
freeloader,2012,aga,intro 64k,3.25,revision,4
in monaco,2010,aga,demo,2.29,outline,4
master control program,2015,aga,demo,4.25,assembly,2
menace 2,2010,aga,demo,4.00,breakpoint,9
colors,-,ocs,demo,3.00,,-
commodore france a1200 demo,-,aga,demo,3.33,,-
lethal exit,1992,ocs,demo,3.56,the party,9
gagrakacka mind zones,2015,ocs,demo,4.14,flashback,1
wildcat,2015,ocs,demo,-,retrokomp load error,2
the human body is a curious contraption,2005,aga,demo,3.00,breakpoint,6
dragons megademo,-,ocs,demo,-,,-
toyzareus,1993,ocs,intro 40k,3.80,the party,3
little dream,2007,aga,demo,2.36,breakpoint,4
twenty,2008,aga,demo,2.90,breakpoint,1
deeppan the final slice,1997,aga,intro 40k,4.11,the party,4
peanut,1996,aga,intro 4k,4.31,the party,1
perspiration,2002,aga,intro 4k,3.89,mekka symposium,2
leon,2007,aga,intro 64k,3.33,breakpoint,1
dust,2010,aga,demo,4.25,riverwash,1
elude step by step,2009,aga,demo,3.69,function,5
kakao,2012,aga,demo,4.15,revision,2
lightshaft,2009,aga,demo,4.47,breakpoint,2
reboxer,2012,aga,demo,4.00,assembly,6
rise and shine,2017,aga,demo,4.00,riverwash,1
serenity,2014,aga,demo,4.67,revision,2
shake off the dust,2011,aga,demo,4.48,revision,2
soliloquy,2008,aga,demo,4.52,breakpoint,2
the machinist,2013,aga,demo,4.47,revision,2
we come in peace,2010,aga,demo,4.50,breakpoint,1
delta,1998,aga/gfx,demo,3.57,assembly,2
myster & tremor,1998,aga/gfx,demo,4.35,dreamhack,1
by night,2003,amiga ppc,demo,4.12,symphony,1
sulaco,2002,amiga ppc,demo,4.26,abstract,2
kheshkhash,2002,amiga ppc,demo,4.59,mekka symposium,5
mokkademo 2001,2001,aga,demo,4.00,kindergarden,1
adam malysz,2001,aga,demo,4.14,mekka symposium,4
any one of these suckers,2004,aga,demo,3.67,solskogen,1
beer,1997,aga,intro 4k,3.17,the party,2
bier,2000,aga,intro 4k,4.64,mekka symposium,1
big!,1999,aga,intro 4k,4.50,distance,1
borst,2000,aga,intro 4k,4.36,kindergarden,1
brus,2001,aga,musicdisk,4.53,mekka symposium,2
coma,2002,aga,intro 4k,3.64,the gathering,3
concrete,1999,aga,demo,4.35,the party,1
driidirijia,1998,aga,demo,2.92,the gathering,7
fake electronik lightshow,2003,aga,demo,4.58,the gathering,2
finnmark,2004,aga,intro 4k,4.60,solskogen,1
flux,1999,aga,demo,4.25,the gathering,2
fusion is my energy,1998,aga,intro 64k,3.40,the gathering,3
hacks for tracks,2005,aga,musicdisk,4.42,,-
hexel,2018,aga,demo,4.20,revision,2
j'_,2000,aga/gfx,demo,4.53,the party,2
janne ahonen,2000,aga,demo,4.05,assembly,14
jenna loves ephidrena,2002,aga,demo,3.44,the gathering,3
kina,2000,aga,intro 4k,4.36,antiq,1
lux aeterna luceat eis,2006,aga,demo,4.60,breakpoint,2
negativ prosess,2017,aga,demo,2.67,revision,5
neonsky,2016,aga,demo,4.36,solskogen,1
norsktoppen 3,1998,aga,demo,3.27,kindergarden,3
omnicrom,2000,aga,intro 64k,4.15,mekka symposium,3
picnicbass,2008,aga,intro 4k,4.50,grep green,3
pluss,2000,aga,demo,3.46,kindergarden,2
psylteflesk,2008,aga,intro 4k,4.64,breakpoint,1
respirator stories,2004,aga,demo,4.53,breakpoint,3
sfumato,2001,aga/gfx,demo,4.14,kindergarden,2
showtime 16 intro,2001,aga,demo,3.58,the gathering,2
substral,1998,aga,demo,4.14,the party,5
sumolysbryter,2003,aga,demo,3.48,kindergarden,1
chips don't lie,2010,aga,demo,3.33,solskogen,1
software make the dance foam oil,2011,aga,demo,4.00,datastorm,2
alice copper,2007,aga,intro 4k,3.71,kindergarden,1
gin and tronic,2005,aga,intro 4k,4.08,the ultimate meeting,2
antediluvian sloppy spectacle,1993,ocs,demo,3.80,,-
crazy sexy cool,1995,aga,demo,4.25,the party,5
d,1993,ocs,intro 40k,3.43,the party,2
makaveli,1996,aga,demo,4.04,the party,2
r.o.m,-,ocs/aga,diskmag,4.54,,-
thug life,1997,aga,demo,4.29,mekka symposium,3
virgill dreams,1996,aga,slideshow,3.56,,-
mosaic,-,ocs/aga,slideshow,3.00,,-
push,1999,aga,intro 64k,4.00,assembly,2
innocence,2000,aga,slideshow,4.10,,-
lethal dose 2,1994,aga,demo,2.80,hammering,1
dream or reality,-,aga,slideshow,3.50,,-
dust addict,1998,aga,demo,2.83,dreamhack,3
hex pistols,2005,aga,demo,2.50,motorola inside,1
stercus accidit,2006,aga,demo,2.67,motorola inside,1
chrysler,2004,aga,demo,2.75,motorola inside,1
ideograph,2017,ocs,demo,-,datastorm,4
the martini effect,2021,aga,demo,4.83,revision,1
eraser head,1999,aga,intro 64k,3.63,astrosyn,4
fairytale,1997,aga,demo,4.17,gravity,2
flying minds,1998,aga,intro 64k,3.73,satellite,3
murderous,2000,aga,demo,3.33,mekka symposium,8
napalm,1998,aga,demo,3.95,rush hours,1
paleo,1997,aga,intro 64k,2.60,intel outside,2
papadeo 2,1997,aga,demo,3.80,rush hours,2
untitled,1997,aga,demo,4.08,intel outside,1
datablade,1999,aga,demo,4.28,xenium,1
kah835gb,1997,aga,demo,3.59,gravity,3
one spiritual journey,-,aga,slideshow,3.50,,-
1992,2020,aga,demo,4.67,gerp,1
announcetro 2,2013,aga,intro 64k,3.75,datastorm,1
aulun baulund,2016,aga,demo,4.20,gerp,1
be kool fool,2015,aga,demo,4.40,gerp,1
boost,2011,aga,demo,3.00,grep white,1
brainstate in a beck's,2009,aga,intro 64k,3.00,breakpoint,5
charger,2010,aga,intro 64k,3.25,breakpoint,1
energy bar,2014,aga,demo,3.00,datastorm,1
heine g-force,2011,aga,intro 64k,3.50,trsac,2
knitfellas,2009,aga,demo,3.60,breakpoint,4
mo'saik,2013,aga,demo,4.17,datastorm,1
"monotit, lines & arrows",2012,aga,intro 64k,4.25,trsac,2
one hot minute,2011,aga,intro 64k,3.00,trsac,3
piranha,2014,aga,demo,-,compusphere,1
revision 2012 invitation,2012,aga,demo,3.80,datastorm,1
spitz,2011,aga,intro 64k,3.56,revision,1
storm rider,2017,aga,demo,3.33,datastorm,1
strukton,2018,aga,intro 64k,4.00,trsac,1
temperamental,1999,aga,intro 40k,2.82,the party,5
teobstrrofarfeia,2012,aga,demo,4.36,revision,3
the electric skater,2013,aga,intro 64k,4.00,revision,2
the freshmaker,2008,aga,demo,3.00,oxyron,3
leisner,2007,aga,intro 40k,2.75,breakpoint,5
folded_open,2014,aga,intro 64k,4.00,datastorm,2
how to skin a dwarf,2014,aga,intro 64k,3.00,revision,2
rotek,2010,aga,intro 64k,3.00,trsac,3
fracture,2013,aga,demo,3.50,revision,4
hyper,1999,aga,intro 4k,3.20,mekka symposium,1
hot dots,2012,aga,intro 64k,4.47,revision,1
lech,-,aga,demo,4.26,,-
wit premium,1994,aga,demo,4.43,gelloween,-
lola,1994,aga,intro 40k,3.43,the party,2
no bonus,2004,aga,demo,2.79,breakpoint,7
step by step,2005,aga,demo,3.33,breakpoint,5
darker,2001,aga,demo,1.63,the gathering,3
kramdjur och kritor,2016,ocs,intro 40k,3.00,,-
je suis rose,2016,ocs,intro 16k,3.67,decrunch,1
richie on the moon,2017,ocs,intro 40k,4.00,retrokomp load error,1
sushi boyz,2015,ocs,demo,4.40,revision,1
thanktro,2016,ocs,demo,3.67,revision,3
the lost pixellers vol 1,2011,aga,slideshow,4.40,riverwash,1
the lost pixellers vol 2,2015,ocs,slideshow,4.00,revision,8
beam riders,2017,aga,demo,4.25,retrokomp load error,2
last train to danzig,2015,aga,demo,4.10,retrokomp load error,1
human traffic,2011,aga,demo,4.46,revision,1
smoke & mirrors,2013,aga,demo,4.57,revision,1
boogie town,2012,ocs,demo,4.75,revision,1
metropolice,2010,aga,demo,4.32,breakpoint,2
sunglasses at night,2014,ocs,demo,5.00,riverwash,2
a few good men,1995,aga,slideshow,3.73,,-
divine_slide,2000,aga/gfx,slideshow,4.27,,-
energy,1997,aga,demo,3.83,the gathering,5
worlds,1996,aga,demo,3.38,saturne,5
aphrodisiae,1998,aga,demo,3.72,mekka symposium,1
awakening,1997,aga,intro 64k,2.75,abduction,1
back 2 the roots,2000,aga,demo,3.35,mekka symposium,2
burning chrome,1996,aga,demo,4.00,south sealand,3
control!,1997,aga,intro 64k,2.59,astrosyn,2
distorted,2000,aga,intro 64k,2.88,mekka symposium,2
edit 0.5,1998,aga,intro 64k,3.58,assembly,1
entering hypnosis,1997,aga,intro 40k,3.53,the party,5
generation x,1995,aga,demo,3.50,nexus,1
jammin,1994,aga,demo,3.33,doomsday party,2
megademo 2000,2000,aga,demo,3.52,the party,1
mild fantasy violence,2007,aga,demo,2.65,breakpoint,2
mnemonics,1999,aga,demo,4.24,mekka symposium,1
modular,2000,aga,intro 64k,3.18,the party,2
one day,1997,aga,intro 40k,2.82,belgian scene event,1
prototype 1,2010,aga,demo,3.60,breakpoint,3
radikal,1998,ecs,demo,3.25,alternative party,7
shibuya,1998,aga,intro 40k,3.67,mekka symposium,2
tetsuo 3,2002,aga,intro 64k,3.45,trsac,1
with style,1997,aga,intro 64k,3.33,assembly,4
soma,1998,aga,intro 64k,3.73,abduction,1
bizarre love triangle,2001,aga,demo,3.22,trsac,2
bizarre love triangle 2,2007,aga,intro 64k,3.19,breakpoint,2
haupex,1998,aga,intro 40k,3.59,scenemeeting,1
everyway,2016,ocs,intro 64k,4.25,sundown,1
in a world of ascii,1994,ocs,demo,3.50,the party,13
tag,1996,aga,demo,3.15,south sealand,6
kenguru 64,1997,aga,intro 64k,3.58,mekka symposium,2
muscles,1996,aga,demo,4.31,intel outside,1
three,1996,aga,intro 64k,3.75,convention,1
voyage in storm,1996,aga,demo,4.24,,-
her numbness,2001,aga/gfx,musicdisk,3.62,,-
q[r]cov,2001,aga/gfx,intro 64k,4.00,flag,5
back to basics 4,2016,ocs,intro 64k,-,revision,6
copperstorm,2017,ocs,intro 40k,-,datastorm,1
kaimana,2016,ocs,demo,3.00,solskogen,5
we are the scene,2014,aga,demo,4.00,solskogen,2
abecedarian,2000,aga,demo,3.21,trsac 00.5,2
evil,2005,aga,intro 4k,2.53,breakpoint,4
fluffer,2007,aga,intro 40k,2.23,breakpoint,6
ham-6 kefratraz bars,2005,ocs,intro 40k,3.00,trsac,1
heartcore,2004,aga,demo,4.02,breakpoint,4
i-surf,1999,aga,demo,3.33,the party,4
kilofix,2006,aga,demo,4.49,breakpoint,1
light,2001,aga,demo,3.11,mekka symposium,13
light 2,2003,aga,demo,4.04,breakpoint,3
swift,1998,aga,demo,3.33,the party,7
the puppets,2001,aga,slideshow,3.93,,-
around,1998,aga,intro 4k,3.50,intel outside,-
atmosphere,1999,aga,intro 4k,3.50,astrosyn,1
c42,1995,aga,demo,4.33,assembly,5
cccp,1994,aga,demo,3.22,assembly,5
no more progress,2012,aga,demo,3.75,finnish amiga party,4
back to planet earth,2002,aga,intro 64k,3.50,mekka symposium,3
bus,1999,aga,intro 64k,3.27,assembly,5
flow,2001,amiga ppc,intro 64k,3.29,fyanica,1
latenite trip,2001,aga,intro 64k,4.19,euskal,3
dane,1993,ocs,demo,3.73,the computer crossroads,5
desert dream,1993,ocs,demo,4.73,the gathering,1
guardian dragon,1991,ocs,demo,3.94,static bytes and light: lowlife,1
guardian dragon 2,1992,ocs,demo,4.35,the hurricane summer party,1
masterpieces,-,ocs,slideshow,4.00,,-
megademo 8,1990,ocs,demo,4.40,kefrens and dexion copy party,1
nameless,2007,aga,demo,3.75,riverwash,1
shiva,1999,aga,demo,3.50,satellite,5
last demo ever,-,ocs,demo,-,,-
never liked uno,1994,ocs/aga,slideshow,4.18,,-
real 40k intro,1993,ocs,intro 40k,3.17,the party,4
120 hours,2016,ocs,demo,3.25,revision,5
announce,1993,ocs,demo,3.44,,-
gathering 93 intro,1993,ocs,intro 40k,3.90,the gathering,1
groovy,-,ocs,demo,3.88,,-
natsu no gomu,2014,ocs,intro,4.00,gerp,1
rink a dink,-,aga,demo,3.58,,-
rink a dink redux,2013,ocs,demo,4.67,revision,1
a blast from the past,2017,ocs,demo,3.00,revision,2
the fall,2018,ocs,demo,3.33,revision,1
deus ex machina,1997,aga,demo,4.26,the gathering,3
flavour,-,aga,demo,3.00,,-
henriques chocolate,1997,aga,intro 64k,3.25,dreamhack,1
mind abuse,1996,aga,demo,3.75,assembly,5
mind traveller,1996,aga,demo,4.00,saturne 4,3
paul the kinder penguin,1996,aga,intro 40k,3.90,the party,8
remix,1997,aga,demo,3.91,the party,4
believe the lie,1997,aga,intro 64k,3.13,,-
i wonder if,-,aga,demo,2.60,,-
arla,2000,aga,demo,4.06,scenemeeting,1
at the movies,2000,aga,demo,3.53,trsac 00.5,1
cybercinematastic,2000,aga,demo,3.92,mekka symposium,1
dark rain,2002,aga,demo,3.82,compusphere,1
hotstyle takeover,2001,aga,demo,4.24,mekka symposium,2
ikadalawampu,2010,aga,intro 4k,4.81,breakpoint,1
ikanim,2004,aga,intro 4k,4.57,breakpoint,1
impossible,1999,aga,intro 40k,4.50,the party,3
luminagia,2009,aga,intro 4k,4.76,breakpoint,1
multiverse,2005,aga,demo,4.22,breakpoint,2
noxie,2005,aga,intro 4k,4.52,breakpoint,1
planet loonies,2006,aga,intro 4k,4.30,breakpoint,1
superdrug,1999,aga,musicdisk,3.90,,-
the castle,2002,aga/gfx,intro 64k,4.41,mekka symposium,2
the morning trip,1998,aga,intro 40k,3.82,the party,2
swirl,2015,aga,intro 1k,-,finnish amiga party,1
sunskin,2007,aga,intro 64k,3.13,jamaica rom,1
rapo diablo,2007,aga,intro 4k,4.58,breakpoint,2
rapo diablo 5000,2007,aga,intro 4k,4.68,solskogen,1
fluid fire,2017,aga,intro 1k,5.00,datastorm,1
painters euphoria,2015,ocs,intro 4k,-,revision,1
dolor sit amet,2016,aga,demo,3.86,revision,1
beats,1999,aga,demo,3.81,assembly,1
g-spot,1998,aga,intro 40k,3.73,the party,4
offbeat,1999,aga,intro 40k,4.09,the party,2
raybong,1998,aga,demo,3.81,the party,6
spellbound,1999,aga,demo,3.70,the party,2
grapevine,-,ocs,diskmag,4.25,,-
jesus on e's,1992,ocs,demo,3.33,,-
technological death,1993,ocs,demo,4.63,mountain congress,1
212,-,amiga ppc,demo,3.75,delirium,1
amsterdam blessings,2001,aga/gfx,demo,4.35,mekka symposium,3
another dream away,2002,amiga ppc,demo,4.27,slash party,1
automatikk 4 the ppl,1998,aga,demo,3.44,gravity,1
cruel karma forms,2001,amiga ppc,demo,4.52,symphony,1
cull bazaar,2001,amiga ppc,demo,4.21,assembly,11
eclipse,1999,aga,intro 64k,4.07,xenium,1
fate fits karma,2003,amiga ppc,demo,4.36,breakpoint,2
glare,2005,amiga ppc,demo,3.88,breakpoint,3
heavy traffic,2002,amiga ppc,demo,4.21,mekka symposium,4
kioea,2012,aga,demo,4.70,revision,1
metatag lock k-231277,2000,aga/gfx,demo,4.00,assembly,13
mu51k,2001,aga,musicdisk,3.43,,-
mute 12,1999,aga,demo,4.30,satellite,1
new dawn fades,2002,amiga ppc,demo,4.27,mekka symposium,8
own love balance,2003,pegasos,demo,4.05,equinoxe,1
save da vinyl,-,aga,musicdisk,4.14,,-
senzala,2007,aga,demo,3.95,breakpoint,1
third eye conqueror,2002,amiga ppc,demo,4.52,symphony,1
till i feel you,2003,amiga ppc,demo,4.42,kindergarden,2
utopia,1999,aga,demo,3.71,apocalypse,3
fluffy digital snowflakes,2004,pegasos,demo,4.50,breakpoint,2
visible world,1998,aga,slideshow,3.14,rush hours,2
his masters noise,-,ocs,musicdisk,4.33,,-
ray of hope,1991,ocs,demo,2.57,,-
ray of hope 2,1991,ocs,demo,3.22,chromance party,1
death trial,2000,amiga ppc,demo,4.24,ukonx,1
euskal 8,2001,aga,demo,3.45,,-
euskal 9,2001,aga/gfx,demo,3.40,,-
new world child,1999,aga,demo,3.91,euskal,1
oo,2006,aga,demo,3.43,alchimie,2
misery dentro 2,1993,ocs,demo,3.85,cebit demo competition,2
lapsuus,2001,aga,demo,4.53,assembly,1
divine,1996,aga,demo,4.20,demolition 2,1
dose,1997,aga,demo,4.18,demolition,2
rise,1998,aga,demo,4.48,the gathering,1
baygon,1995,aga,demo,4.24,somewhere in holland,2
fisherhawk dr,2021,ocs,demo,4.33,revision,2
how to skin a cat,1993,ocs,demo,3.80,the computer crossroads,3
human target,1992,ocs,demo,3.69,eastern conference,1
ninja,1994,ocs,demo,3.96,the party,7
planet m,1995,aga,demo,4.08,somewhere in holland,1
prism,-,ocs,slideshow,3.89,,-
the tetris intro,1992,ocs,intro 40k,4.23,the party,1
forgotten,-,ocs,slideshow,3.67,,-
all city,2007,ecs,intro 64k,2.60,breakpoint,3
fibomoodcci,2010,ocs,intro 64k,2.80,breakpoint,2
kheper,2011,ocs,intro 64k,3.11,revision,2
leap of faith,2012,ocs,intro 64k,3.33,revision,3
mikrobi,2006,ocs,intro 64k,2.93,breakpoint,3
neon carrier,2017,ocs,demo,3.00,revision,7
quintessence,2015,ocs,demo,4.50,revision,3
regrets,2008,ecs,intro 64k,2.29,breakpoint,4
sero,2011,aga,intro 64k,2.50,trsac,6
solve et coagula,2014,ocs,intro 64k,3.60,revision,1
stealth ranger,2013,aga,demo,4.00,revision,3
updater 2010,2010,ocs,intro 64k,3.00,trsac,4
wasted years,2009,ocs,intro 64k,3.75,breakpoint,2
azuli,1997,aga,intro 64k,3.87,dreamhack,2
beetle,1998,aga,intro 64k,3.75,quast,2
fat,1997,aga,intro 64k,3.69,assembly,3
fear,1995,aga,demo,-,intel outside,14
impossible possibility,1995,aga,demo,3.46,primavera,1
omnirush,1998,aga,demo,3.65,assembly,5
splinters,1997,aga,slideshow,4.09,,-
the demo,1995,aga,demo,-,the party,11
traffic,1996,aga,demo,4.09,assembly,4
abstractica,2021,ocs,demo,4.00,revision,4
devolution,2015,aga,intro 64k,2.00,revision,4
dive,1999,aga,intro 40k,2.73,the party,6
evolution,2015,aga,intro 64k,2.00,revision,5
hardcore,1998,aga,intro 64k,3.57,spoletium,1
momento,2016,aga,intro 64k,2.50,revision,4
momentum,2015,aga,demo,2.00,revision,2
prophecy,1997,aga,intro 64k,2.75,assembly,5
revolution,2016,aga,intro 64k,2.00,revision,2
shema,1998,aga,intro 64k,4.00,gravity,3
touching,1997,aga,demo,3.83,intel outside,4
absinth,2006,aga,intro 4k,3.55,solskogen,2
automatic,1998,aga,demo,3.17,remedy,2
bayeu,2020,ocs,demo,4.33,gerp,2
data delight,2016,aga,demo,3.50,gerp,2
democratic,2004,aga,demo,3.43,solskogen,3
discotto,2007,aga,intro 4k,3.64,solskogen,3
figure four,2008,aga,intro 4k,4.06,breakpoint,3
grid,1999,aga,intro 40k,3.95,mekka symposium,1
grid 2,2000,aga,intro 64k,4.52,the party,1
naughty,2017,aga,demo,5.00,datastorm summer,1
one,2003,aga,intro 64k,3.41,underscore,1
tribute to acid,2004,aga,intro 4k,3.13,breakpoint,2
zeon,2001,aga,intro 64k,4.48,mekka symposium,2
garden variety autobulk,2010,aga,demo,3.85,breakpoint,4
jesus christ motocross,2009,aga,demo,4.52,breakpoint,1
surfing great victoria,2008,aga,demo,4.19,breakpoint,3
extravaganja,-,aga,musicdisk,4.42,,-
pulse,1997,aga,demo,4.52,assembly,1
relic,1998,aga,demo,4.60,assembly,1
crossing the deadline,1999,aga,intro 64k,2.88,euskal,1
synthesis,1998,aga,demo,4.36,assembly,3
retro intro,2009,ecs,intro,3.17,,-
spring onion,2011,ocs,intro 4k,3.00,revision,3
alien apparat,2017,ocs,demo,-,retrokomp load error,3
last goat standing,2021,aga,demo,4.50,revision,3
dizzy tunes,-,ocs,musicdisk,-,,-
pastel vanilla,-,ocs,musicdisk,3.50,,-
beyond belief,1993,aga,demo,3.25,the party,-
c4p4citor invitro,2019,aga,demo,4.50,,-
chillobits,2020,ocs,demo,4.00,revision,1
control,1995,aga,demo,4.00,gasp,1
cuzco,1994,aga,demo,3.71,saturne,3
indigo,1994,aga,demo,3.67,the party,15
vision,1995,aga,demo,4.23,the party,2
oxyre aka ochseier,2018,ocs,intro 40k,-,revision,1
planet rocklobster,2015,ocs,demo,4.50,revision,4
suicide,1997,aga,intro 40k,3.00,the party,3
xiii,1998,aga/gfx,demo,3.90,the party,2
fetish,1999,aga,intro 64k,4.47,satellite,2
fetish 2,2010,aga,demo,4.06,breakpoint,5
smokebomb,1999,aga,demo,4.45,mekka symposium,3
symbiosis,1998,aga,intro 64k,3.69,euskal,2
proklive,1998,aga,intro 64k,3.83,satellite,2
trashcan 5 announcetro,-,aga,demo,4.08,,-
koobz,2016,ocs,intro 64k,3.33,revision,5
monomateria,2017,ocs,demo,3.00,datastorm,2
oh five,2015,ocs,demo,5.00,gerp,2
refocus,2015,ocs,intro 64k,-,trsac,1
virtual meltdown,1992,ocs,demo,-,the party,8
paradox_cracktros,-,ocs,cracktro,4.27,,-
zif,1995,aga,demo,4.50,assembly,1
paranoimia_cracktros,-,ocs,cracktro,3.33,,-
demo 2,-,ocs,demo,4.00,,-
865163186pe,1999,aga,demo,3.33,vep,2
lom,2000,aga,intro,2.80,vep,-
zebra,2001,aga,intro,3.14,,-
chronic,1996,aga,demo,3.73,south sealand,1
comadose,1995,aga,intro 40k,3.17,the party,15
enemy,1999,aga,intro 64k,3.44,,-
plastic,1999,aga,intro 64k,3.64,astrosyn,2
crystal symphonies 2,-,ocs,musicdisk,4.45,,-
enigma,1991,ocs,demo,4.57,anarchy eastern party,1
joyride,1991,ocs,demo,3.94,,-
music dream 2,1991,ocs,musicdisk,3.82,,-
vectormania,1990,ocs,demo,3.58,amiga halloween conference,1
crystal symphonies,-,ocs,musicdisk,4.20,,-
jade,-,aga,slideshow,3.88,,-
alpha & omega,1991,ocs,demo,4.19,amega party,2
raw,-,ocs/aga,diskmag,4.75,,-
4ko,1994,aga,intro 40k,4.13,the party,1
blob!,-,aga,slideshow,3.57,,-
friday at eight,1994,aga,demo,4.51,the gathering,3
gevalia,1994,aga,demo,4.10,south sealand,2
herb,1995,aga,intro 64k,3.44,south sealand,1
no!,1995,aga,demo,3.77,the party,9
noname,1994,aga,demo,3.73,south sealand,-
the prey,1994,aga,demo,4.25,the party,6
twisted,1994,aga,demo,4.41,the party,2
future visions,2002,amiga ppc,intro 64k,4.62,assembly,2
gift,2000,aga,intro 64k,4.67,mekka symposium,1
gush,1999,aga,intro 64k,4.17,astrosyn,1
option,2001,amiga ppc,intro 64k,4.50,mekka symposium,1
outgrowing,1998,aga,intro 64k,3.46,gravity,1
planet potion,2002,amiga ppc,intro 64k,4.73,mekka symposium,1
rout,1999,ocs,demo,4.06,astrosyn,-
schizofrenia,-,aga,musicdisk,4.00,,-
vertus,1999,aga,demo,4.35,astrosyn,1
raos,1999,aga,intro 64k,3.29,xenium,2
repugnance,1997,aga,demo,4.00,icing,1
predators megademo,-,ocs,demo,-,,-
dolphins dream,2001,aga/gfx,intro 64k,4.25,the party,2
humus 2,2001,aga,intro 4k,3.76,assembly,1
humus 3,2002,aga,intro 4k,4.15,assembly,1
humus 4,2003,aga,intro 4k,3.86,assembly,2
incision,2000,aga,intro 64k,4.53,assembly,2
mental,2003,aga/gfx,demo,4.50,assembly,5
rebirth,2004,gfx,intro 4k,4.26,assembly,-
elements,1996,aga,musicdisk,3.00,,-
the sketchbook,1996,aga,slideshow,3.75,,-
extension,1993,ocs/aga,demo,4.44,assembly,1
g-force,1994,ocs/aga,intro 40k,4.50,assembly,1
quartex_cracktros,-,ocs,cracktro,4.17,,-
substance,1991,ocs,demo,4.30,static bytes and prologic summit,2
neural assault,1993,ocs,demo,3.53,european computer conference,1
rabies,1995,aga,demo,3.33,the party,14
it can't be done,1994,aga,demo,3.43,saturne,4
a-sensation,1998,aga,demo,3.33,volcanic,3
jesus was a demomaker,1998,aga,demo,3.88,euskal,1
memorial songs 2,-,aga,musicdisk,4.14,,-
voyage,1991,ocs,demo,4.41,the party,3
falling,1999,aga,intro 64k,3.50,icing,1
go get a life,1998,aga,intro 64k,2.75,dreamhack,2
mind matter electricity,2002,aga,demo,3.53,mekka symposium,7
razorback,2000,aga,intro 64k,3.08,fyanica,1
40k intro,1992,ocs,intro 40k,3.86,the party,6
chip nostalgia,1996,aga,musicdisk,3.75,,-
coma_rebels,-,ocs,demo,2.36,,-
our definition of a boombastic demo style,-,ocs,demo,-,,-
paranoid,1997,aga,demo,3.38,remedy,1
rebels megademo 2,1990,ocs,demo,4.50,kefrens and dexion copy party,-
switchback,1994,aga,demo,4.34,doomsday party,1
total triple trouble,1990,ocs,demo,4.14,dexion x-mas conference,-
whammer slammer,1994,aga,demo,3.08,the party,5
hard rain,2013,ocs,intro 40k,-,finnish amiga party,2
cebit 90 demo,1990,ocs,demo,4.62,cebit demo competition,1
rsi megademo,1989,ocs,demo,4.57,tristar party,1
sound vision,1992,ocs,demo,4.35,assembly,1
enchantment under the sea,2017,ocs,demo,3.00,decrunch,1
sun candy,2014,ocs,demo,3.50,solskogen,3
meadows,2017,ocs,demo,3.00,evoke,3
fari bars,2015,ocs,intro 64k,-,trsac,2
4tft,2009,aga,intro 4k,2.88,breakpoint,2
armpit,2006,ocs,intro 64k,3.50,breakpoint,2
electroluxus,2002,aga,demo,3.79,mekka symposium,6
electronic soul,2004,ocs,intro 64k,3.29,breakpoint,2
fourskin,2011,ocs,intro 4k,3.56,revision,4
fruitcake,2006,ocs,demo,3.38,assembly,1
mi 05,2005,aga,intro 64k,3.00,breakpoint,2
minus 4,2000,aga,intro 64k,-,the party,5
newschool,1998,aga,intro 40k,2.83,the party,8
pakarat,2000,aga,intro 64k,2.75,trsac 00.5,2
phoney,2007,aga,intro 64k,2.67,breakpoint,4
quacker,2005,aga,intro 64k,2.88,kindergarden,3
rno records release 100,2008,aga/gfx,musicdisk,3.43,,-
treble,2005,ocs,demo,3.38,assembly,3
wessyde,2004,aga,intro 64k,3.11,assembly,2
electric ocean,2008,aga,demo,3.60,breakpoint,5
pornofunk,2005,aga,demo,3.67,the ultimate meeting,3
hardknee lotus,2008,ecs,demo,3.86,assembly,3
arte,1993,ocs,demo,4.68,the party,3
elysium,1991,ocs,demo,4.25,static bytes and prologic summit,3
interference,1993,ocs,demo,4.40,,-
jesterday,1992,ocs,musicdisk,4.47,shining 8 easter party,1
roots,1994,aga,demo,4.00,the party,8
roots 2.0,1995,ocs/aga,demo,4.54,black box symposium,2
terminal fuckup,1993,ocs,demo,3.14,cebit demo competition,3
turmoil,1991,ocs,musicdisk,3.80,,-
world of commodore,1992,ocs,demo,4.57,world of commodore,2
seenpoint,-,aga,diskmag,4.67,,-
boom,2001,aga/gfx,intro 4k,3.18,mekka symposium,1
chineasthetik,2002,aga,demo,3.23,trsac,1
fact,2003,aga/gfx,intro 4k,3.00,breakpoint,2
lvis,2005,aga,intro 4k,4.10,breakpoint,2
my definition in blue,2003,aga,demo,2.88,symphony,2
nano,2002,aga/gfx,intro 4k,3.87,mekka symposium,1
swex,2007,aga,intro 4k,3.92,breakpoint,1
tribute,2002,aga,demo,2.92,mekka symposium,2
1000,1998,aga,intro 40k,4.63,the party,1
5977,1997,aga,slideshow,4.71,,-
a dream,2004,aga,intro 64k,2.40,breakpoint,1
a dream 2,2005,aga,intro 64k,2.67,breakpoint,1
aars 92 intro,1992,ocs,intro 40k,3.25,the party,4
alien,1995,aga,demo,3.10,abduction,2
alien 2,1998,aga,demo,4.14,the party,1
artcore,1995,aga,slideshow,4.57,,-
das efx,1999,aga,intro 4k,3.33,mekka symposium,2
free your mind,1995,aga,intro 40k,3.33,the party,3
iso,1995,aga,demo,3.92,remedy,3
j.o.e. slideshow 2,1989,ocs,slideshow,3.33,,-
melodies,-,ocs,musicdisk,-,,-
mental hangover,1990,ocs,demo,4.40,swedish elite easter conference,1
pha q,1993,ocs,demo,3.36,,-
pulsar,1999,aga,intro 64k,3.64,assembly,4
seven sins,-,ocs,demo,-,,-
superautodrome,1997,aga,intro 40k,4.60,the party,1
superautodrome 2,1998,aga,intro 40k,4.31,mekka symposium,1
system crime,1998,aga,intro 64k,4.45,assembly,2
the sign,1997,aga,demo,3.18,mekka symposium,6
torque,1998,aga,intro 40k,3.71,flag,2
zero gravity,1995,aga,intro 40k,3.30,the party,11
zero gravity 2,1996,aga,intro 40k,3.94,the party,2
zero gravity 3,1997,aga,intro 64k,3.33,assembly,2
cyberia,1996,aga,demo,3.23,assembly,6
my kingdom,1997,aga,demo,4.47,the party,1
synergy,1997,aga,demo,3.18,siliconvention,1
40k intro shining,1992,ocs,intro 40k,3.33,the party,2
cat,1992,ocs,demo,2.33,ami expo,-
demon download,-,ocs,demo,3.33,,-
enjoy the silents,1992,ocs,demo,3.83,digital symposium,2
fruit kitchen,1995,aga,demo,4.00,assembly,4
global trash,1991,ocs,demo,4.23,static bytes and prologic summit,1
intro dentro memtro demo,-,ocs,demo,-,,-
maximum velocity,1992,ocs,demo,3.44,,-
soulkitchen,1994,aga,demo,3.82,the party,4
sound of silents,-,ocs,musicdisk,3.60,,-
static chaos,1992,ocs,demo,3.93,,-
xpose,1992,ocs,demo,3.67,the hurricane summer party,3
hardwired,1991,ocs,demo,4.68,the party,2
aspartame,1995,ocs,intro,4.00,,-
mime!,1998,aga,demo,3.73,volcanic,1
ride!,1996,aga,intro 64k,4.45,saturne 4,3
singularity is just the beginning,2003,aga/gfx,demo,3.00,fyanica,1
atome,1996,aga,demo,4.00,saturne,1
authentik,-,aga,demo,4.40,,-
chapter7,2017,aga,demo,4.00,revision,3
massive,2011,aga,demo,4.48,revision,3
s,1994,aga,intro 40k,3.40,the party,17
when we ride on our enemies,1999,aga,demo,4.68,mekka symposium,2
skid row cracktros,-,ocs/aga,cracktro,4.50,,-
overload 2,-,ocs,musicdisk,-,,-
427,1996,aga,intro 40k,4.00,the party,3
elektroboy inside,1997,aga,demo,3.88,the party,3
aurum intra computatrum,2012,aga,intro 64k,3.20,euskal,1
brain overdrive,2002,aga,intro 64k,3.09,euskal,1
omnimetatheorem,2016,aga,intro 64k,4.00,euskal,2
ontoclasia,2010,aga,demo,3.00,breakpoint,7
q,2006,aga,intro 64k,2.88,euskal,1
res cogitans,2008,aga,intro 64k,2.58,breakpoint,5
umbilicus mundi,2009,aga,intro 64k,3.29,breakpoint,4
blur,1995,aga,intro 40k,4.29,assembly,3
fad,1995,aga,intro 40k,4.44,assembly,1
invitation none,1998,aga,demo,4.28,the gathering,4
pure,1996,aga,intro 64k,3.56,assembly,1
red-eye,1998,aga,intro 64k,4.22,assembly,3
9 fingers,1993,ocs,demo,4.48,the party,4
badass 5000,2001,ocs,intro 4k,3.36,the gathering,1
choke,2001,aga,intro 64k,3.64,the gathering,3
copperophilia,2012,ocs,intro 1k,3.00,assembly,11
dark helmets,2003,aga,demo,4.22,the gathering,3
dataskull,2015,aga,demo,4.00,assembly,3
emperor of the north pole,2014,ocs,demo,4.00,solskogen,1
eurochart 40 intro,2000,aga,demo,3.33,,-
fusion is no good for me,1999,aga,intro 64k,3.50,the gathering,1
hideous mutant freak,2001,ocs,demo,4.33,trsac,1
hog,2004,aga,demo,3.97,the gathering,3
korreks,2015,ocs,demo,4.00,solskogen,2
makt,2017,ocs,demo,4.00,datastorm,1
mobile destination unknown,1993,ocs,demo,3.45,the gathering,3
nightlight,2017,ocs,intro 64k,5.00,revision,4
norwegian kindness,2011,aga,demo,4.12,datastorm,1
party elkstravaganza,2016,ocs,intro 40k,-,simulaatio,1
popjunkie,1999,aga,intro 64k,4.00,remedy,1
powergod,2001,aga,demo,3.50,the gathering,1
psycho killer,2000,ocs,demo,3.90,assembly,5
sci-fi,-,aga,intro 40k,3.36,,-
solskogen invitation 2001,2007,aga,intro 64k,3.25,grep green,1
sparklingbluearcticlight,1999,aga,intro 64k,4.00,assembly,3
spasmania,2002,aga,intro 4k,3.11,the gathering,2
stars of another sky,1998,aga,intro 64k,3.00,the gathering,4
state of the art,1992,ocs,demo,4.70,the party,1
straff,2013,ocs,demo,3.90,revision,4
supah hero,2000,aga,intro 64k,3.64,mekka symposium,6
supermonster,1999,aga,demo,3.37,the gathering,1
total dominance,1998,aga,intro 64k,3.00,the gathering,2
vold,2012,ocs,demo,3.57,assembly,2
you are lucy,2011,aga,demo,4.20,kindergarden,1
fistpig,2003,aga,intro 4k,4.40,assembly,5
king of fuck,2001,aga,intro 4k,2.89,assembly,2
sotakyrpa,2002,aga,intro 4k,4.11,assembly,3
timur lenk,2003,aga,intro 4k,4.45,breakpoint,1
we don't understand,2002,aga,intro 64k,3.59,the gathering,3
the underground capital of sweden,2012,aga,demo,3.67,,-
bananamen,1993,ocs,intro 40k,3.92,assembly,1
darkroom,1994,ocs,intro 40k,4.60,assembly,3
galerie re-mix,1996,aga,demo,3.72,juhla,1
mindflow,1994,aga,demo,3.80,assembly,1
toltec 9,1997,aga,demo,3.75,kindergarden,1
xenophobia,-,aga,demo,3.14,icing beta,2
november light,1996,aga,demo,3.67,halloween,1
supercool,2008,aga,intro 64k,3.06,breakpoint,2
supergroove,2007,aga,demo,3.08,breakpoint,6
supergroove 2,2009,aga,demo,3.13,breakpoint,5
superkewl,2009,aga,intro 64k,3.50,breakpoint,1
superoriginal,2010,ocs,demo,3.63,datastorm,1
superpervo,2008,aga,intro 64k,3.00,kindergarden,1
q.e.d,1993,ocs,demo,3.58,the gathering,4
captured dreams,1997,aga,demo,4.61,the gathering,1
darkside,1996,aga,demo,3.63,remedy,1
glow,1996,aga,demo,3.71,icing,2
goa,1996,aga,demo,4.18,assembly,3
imitation none,1998,aga,intro 64k,4.54,the gathering,1
little nell,2002,aga,demo,4.49,mekka symposium,1
magia,2003,aga,demo,4.31,breakpoint,1
mind the carrot 2,1995,aga,intro 64k,3.56,icing,1
mindprobe,1995,aga,demo,3.40,the party,15
ocean machine,2005,aga,demo,4.63,breakpoint,1
panacea,1997,aga,demo,3.27,remedy,3
perfect circle,2001,aga,demo,4.51,mekka symposium,1
rain,1999,aga,demo,4.56,the party,3
requiem,2006,aga,demo,3.56,breakpoint,3
rift,2014,aga,demo,4.36,revision,1
senseless,2001,aga,demo,4.04,trsac,1
silkcut,2004,aga,demo,4.62,breakpoint,1
starstruck,2006,aga,demo,4.74,assembly,1
tint,1996,aga,demo,4.30,the gathering,1
tractorbeam,1996,aga,intro 40k,3.67,remedy,1
gbg,2001,aga,demo,3.73,trsac,1
dandelion,2017,ocs,demo,5.00,datastorm,3
hologon,2020,ocs,demo,4.80,,-
rampage,1994,ocs,demo,3.90,cebit demo competition,-
passengers,1995,aga,demo,4.23,the party,4
impulse 2,1993,ocs,demo,3.50,,-
virtual world,1991,ocs,demo,4.09,amega party,1
gazer unz,2012,aga,demo,3.67,finnish amiga party,1
optigan,2014,aga,demo,-,finnish amiga party,1
past is prologue,2012,aga,demo,3.86,stream,1
swookie,2013,aga,demo,4.43,finnish amiga party,3
baahl,2001,ocs,demo,3.10,underscore,2
behind the flute,2000,ocs,demo,2.94,,-
duck,2008,aga,demo,2.80,grep green,2
funk def,2006,aga,demo,3.38,solskogen,1
hetero sapiens,2001,aga,demo,2.64,mekka symposium,12
retrofit ep,2015,aga,musicdisk,4.43,revision,8
the end,2012,ocs,demo,-,finnish amiga party,3
ecliptica,1992,ocs,demo,3.75,the party,3
no pain no gain,1993,ocs,intro 40k,2.86,the gathering,2
sun,-,aga,slideshow,4.38,,-
the honeycomb,1995,ocs/aga,slideshow,4.33,,-
trsi_cracktros,-,ocs,cracktro,4.18,,-
we will smash u,1994,ocs,demo,3.43,the party,-
wicked sensation,1992,ocs,demo,3.58,world of commodore,1
budleigh salterton,2007,aga,demo,3.20,grep white,1
carbon,2004,aga,demo,3.10,breakpoint,8
jurassic pack 14 intro,2005,aga,demo,3.15,,-
mortality,1997,aga,demo,3.11,the party,8
pusherman,1998,aga/gfx,demo,2.93,remedy,1
roboty,2009,aga,intro 4k,3.75,grep green,1
stop worrying and love the bomb,2015,aga,intro 64k,4.00,revision,3
the chronicles of professor arronax,2008,aga,demo,3.86,breakpoint,4
the ventures of prince dakkar and his pilgrimage to the abyss,2010,aga,demo,4.25,breakpoint,6
totenkreuz,2005,aga,intro 4k,2.31,breakpoint,3
tour de scene,2006,aga,demo,4.00,breakpoint,4
fleetwood,2007,aga,demo,3.80,breakpoint,3
braincell,1995,ocs/aga,demo,3.67,intel outside,2
zoombi,1995,aga,demo,3.00,primavera,3
cathode,2009,aga,demo,3.69,breakpoint,3
coco,2017,ocs,demo,4.00,datastorm,5
interparallactic,2015,ocs,demo,4.20,revision,6
multicolor,2008,ocs,demo,4.00,stream,2
pt 2 horizons,2018,aga,demo,4.83,revision,3
shoot,2008,ocs,intro 40k,2.86,icons,5
singularities,2017,aga,demo,4.17,revision,1
subside,2016,aga,demo,4.44,revision,2
trauma,2003,aga/gfx,intro 64k,3.63,alternative party,6
vauxhall,2008,aga/gfx,demo,2.84,breakpoint,6
one geometry,2005,amigaone,demo,3.85,alchimie,-
powerup,2001,amiga ppc,demo,3.25,slash party,1
two-kitch,2006,amigaone,demo,3.00,alchimie,1
zero,2004,amigaone,demo,2.59,slash party,1
8-bit jungle,2011,ocs,musicdisk,4.20,sunrise,2
15 years of fame,2013,ocs,demo,4.00,datastorm,1
april in paris,2001,aga,demo,3.50,mekka symposium,9
cool ska cool,2007,aga,demo,3.27,big floppy people,2
live axxion - the showdown,2004,aga,demo,4.00,breakpoint,6
monoxide,1992,ocs,demo,3.55,world of commodore,-
sketch,1998,aga,demo,3.36,intel outside,3
strange days,1996,aga,demo,3.71,intel outside,3
born again,1998,aga/gfx,intro 64k,3.60,rush hours,2
chaosland,1993,ocs,intro 40k,4.58,the party,1
242,1993,ocs,demo,3.77,assembly,2
breathtaker,1994,aga,demo,3.50,assembly,2
doodle-doo,1994,aga,intro 40k,3.00,the party,4
faktory,1995,aga,demo,4.45,the party,3
full moon,1993,aga,demo,4.25,the party,2
love,1994,aga,demo,4.47,south sealand,1
psychedelic,1994,aga,demo,4.38,the party,2
sumea,1996,aga,demo,4.47,assembly,1
vision factory cracktros,-,ocs,cracktro,3.44,,-
black light,2015,ocs,demo,-,retrokomp load error,3
black hair tounge disease,1997,aga,demo,2.57,the gathering,6
aimless,2000,aga,intro 64k,3.71,mekka symposium,7
heaven is 2d,2000,aga,intro 64k,3.19,satellite,2
hoax,1999,aga,intro 64k,3.00,xenium,-
motions,1999,aga,intro 64k,3.15,spoletium,1
oh,1999,aga,intro 64k,3.25,astrosyn,3
infernal,1999,aga,intro 64k,2.73,fyanica,1
wild copper,1988,ocs,demo,4.30,,-
trashcan,-,ocs,demo,-,,-
pork pie,2005,aga,intro 64k,3.17,sundown,2
40 and a blunt,2012,ocs,intro 40k,-,maximum overdose,3
bolker way,2019,ocs,demo,4.00,,-
bork emron,2011,ocs,demo,3.00,grep white,2
coffee,2017,ocs,demo,-,retrokomp load error,8
mole,2015,ocs,intro 64k,-,revision,6
noodle box,2016,ocs,intro 40k,3.00,gerp,6
ycr vertigo,2014,ocs,demo,3.00,revision,4
yuwalane root elixir of past,2009,ocs,demo,3.00,,-
megamusicdisk,2011,ocs,musicdisk,3.50,datastorm,1
